tree
version=v4
num_class=1
num_tree_per_iteration=1
label_index=0
max_feature_idx=60
objective=regression_l1
feature_names=accel_21_63 accel_63_126 avg_range_21d avg_range_63d bollinger_pctb_21d carry_proxy channel_pos_126d channel_pos_21d channel_pos_63d max_dd_63d mom_skip_recent price_to_ma_21d price_to_ma_252d price_to_ma_63d rank_carry_proxy rank_ret_126d rank_ret_21d rank_ret_63d rank_sharpe_126d rank_sharpe_21d rank_sharpe_63d rank_vol_21d rank_vol_63d ret_10d ret_126d ret_21d ret_252d ret_42d ret_5d ret_63d rsi_14d rsi_63d sharpe_126d sharpe_21d sharpe_63d usd_beta_21d usd_beta_63d usd_factor_1d usd_factor_21d usd_factor_63d vol_cc_21d vol_cc_63d vol_gk_126d vol_gk_21d vol_gk_252d vol_gk_63d vol_ratio_21_63 vol_ratio_63_252 zscore_126d zscore_21d zscore_63d kalman_trend kalman_slope kalman_slope_zscore kalman_innovation kalman_smoothness hmm_regime_prob_risk_off hmm_regime_transition_5d arima_forecast arima_residual arima_residual_zscore
feature_infos=[-0.15642635524272919:0.19240662455558777] [-0.21014240384101868:0.20013248920440674] [0.0025495814625173807:0.035107351839542389] [0.0030369104351848364:0.021271631121635437] [-1.8278230428695679:1.9245454072952271] [-1.6097584962844849:1.5030359029769897] [0:1] [0:1] [0:1] [-0.18370869755744934:0] [-0.22584109008312225:0.34722661972045898] [-0.10609178990125656:0.10174737125635147] [-0.16185592114925385:0.1636376827955246] [-0.14576289057731628:0.14521500468254089] [0.05000000074505806:1] [0.05000000074505806:1] [0.05000000074505806:1] [0.05000000074505806:1] [0.05000000074505806:1] [0.05000000074505806:1] [0.05000000074505806:1] [0.05000000074505806:1] [0.05000000074505806:1] [-0.13126853108406067:0.12504760921001434] [-0.15194283425807953:0.26885315775871277] [-0.15063758194446564:0.17170728743076324] [-0.21243093907833099:0.35592925548553467] [-0.17552411556243896:0.17195422947406769] [-0.10952777415513992:0.087763510644435883] [-0.16894806921482086:0.19848896563053131] [0.49274894595146179:100] [22.617733001708984:74.758338928222656] [-1.6901857852935791:2.0456390380859375] [-0.91558325290679932:1.0504312515258789] [-1.6097584962844849:1.5030359029769897] [-0.94402116537094116:0.91464847326278687] [-0.96908104419708252:0.96482306718826294] [-0.016828872263431549:0.021198883652687073] [-0.047131851315498352:0.06927645206451416] [-0.085077568888664246:0.087879091501235962] [0.017814457416534424:0.324739009141922] [0.024848569184541702:0.21544218063354492] [0.034960795193910599:0.20880496501922607] [0.025944724678993225:0.41148775815963745] [0.036809258162975311:0.18976661562919617] [0.030589032918214798:0.26608303189277649] [0.43870788812637329:1.6809812784194946] [0.48082762956619263:1.8213596343994141] [-5.3293304443359375:5.6418161392211914] [-5.8585982322692871:7.0633125305175781] [-5.941831111907959:6.3973064422607422] [-4.5120158195495605:8.0875234603881836] [-1.0874062776565552:0.81768995523452759] [-3.0182759761810303:1.9566359519958496] [-2.5088200569152832:2.9342837333679199] [3.7643589973449707:9949559808] [4.4360695672374106e-11:0.038062077015638351] [-0.03806203231215477:0.038062024861574173] [-0.0017830964643508196:0.0016675259685143828] [-0.020877184346318245:0.029028302058577538] [-3.5181915760040283:5.257136344909668]
tree_sizes=812 808 810 813 806 805 808 814 810 799 818 807 806 808 801 808 809 814 801 809 811 818 807 815 815 815 812 814 815 805 807 820 819 800 806 800 809 817 806 818 800 800 795 817 813 800 800 796 813 813 804 818 806 798 808 799 795 799 807 809 806 812 795 804 813 819 797 806 806 815 805 805 807 805 815 800 788 798 798 799 800 811 798 806 808 818 809 815 800 797 808 805 804 807 802 788 798 806 801 791 801 804 809 796 803 807 797 781 811 809 793 807 792 778 789 814 784 786 797 786 812 798 792 813 802 797 796 802 794 795 800 811 812 784 802 812 785 796 802 802 808 786 792 784 796 804 796 806 792 787 787 801 790 813 801 807 798 801 802 792 813 793 796 800 800 802 807 809 810 786 814 809 791 793 794 802 790 807 788 797 793 803 788 784 813 798 814 809 818 812 798 804 812 806 803 793 795 798 792 807 804 807 793 799 794 809 805 799 793 787 796 817 812 793 807 795 792 795 805 813 809 802 804 820 791 816 798 794 799 806 795 790 803 793 810 805 805 786 803 789 793 806 792 785 801 798 803 787 787 787 796 792 800 814 796 810 804 811 784 786 810 795 806 788 809 806 802 800 802 801 803 793 803 800 797 793 796 799 795 803 793 799 783 796 802 804 804 797 806 814 815 797 800 790 811 802 803 793 802 805 796 797 795 798 810 794 796 795 807 795 799 792 798 784 787 793 798 792 794 788 799 800 801 810 802 801 798 804 808 806 795 804 791 806 803 796 806 791 797 802 803 796 788 807 781 799 801 802 789 796 811 800 816 779 813 789 793 803 793 780 800 798 799 805 804 788 788 810 802 815 796 810 802 802 800 792 792 804 793 821 785 792 795 808 772 801 806 802 795 804 803 788 803 806 784 792 804 790 793 792 794 788 802 797 804 798 788 795 812 806 800 803 800 804 815 796 794 794 803 792 800 801 786 798 777 791 807 801 806 805 806 797 791 800 812 803 786 791 800 786 788 805 796 794 806 802 804 789 798 805 804 792 787 788 814 801 800 788 790 787 794 790 793 798 801 794 806 789 803 790 806 804 795 810 787 799 788 810 788 792 793 805 802 801 801 792 791 801 787 802 799 792 802 779 802 804 785 796 802 800

Tree=0
num_leaves=7
num_cat=0
split_feature=24 38 9 24 20 54
split_gain=233.074 126.574 103.326 96.2695 80.2863 93.8132
threshold=-0.044168839231133454 0.0079018254764378088 -0.029047453776001927 -0.012614949606359003 0.57500001788139354 0.020595856010913852
decision_type=2 2 2 2 2 10
left_child=2 4 -1 -3 5 -2
right_child=1 3 -4 -5 -6 -7
leaf_value=0.00036635728720284537 -5.7635516350273973e-05 -6.761214790458325e-05 -0.00016781551712483634 -0.00038699707547493748 -0.0002042947122390615 0.00056978824250109028
leaf_weight=1882 5886 1297 719 3259 6470 675
leaf_count=1882 5886 1297 719 3259 6470 675
internal_value=-1.98951e-05 -0.00215771 0.0138646 -0.00932674 0.000349433 0.00424683
internal_weight=20188 17587 2601 4556 13031 6561
internal_count=20188 17587 2601 4556 13031 6561
is_linear=0
shrinkage=1


Tree=1
num_leaves=7
num_cat=0
split_feature=12 44 36 53 32 46
split_gain=252.34 145.248 217.696 209.388 125.96 115.564
threshold=-0.039480514824390404 0.097491636872291579 -0.55607035756111134 -0.13405773043632505 0.53064391016960155 0.96774861216545116
decision_type=2 2 2 8 2 2
left_child=-1 3 -3 -2 5 -4
right_child=1 2 4 -5 -6 -7
leaf_value=0.00042491340349442907 0.00037975777706378722 0.00058315311451224267 -0.00030361259565324871 -0.00012496698638642556 -0.00058716829973491256 0.00045791138685672192
leaf_weight=2010 866 1674 1053 13175 558 867
leaf_count=2010 866 1674 1053 13175 558 867
internal_value=9.2785e-05 -0.00193565 0.00627255 -0.00436601 -0.00313129 0.00294805
internal_weight=20203 18193 4152 14041 2478 1920
internal_count=20203 18193 4152 14041 2478 1920
is_linear=0
shrinkage=0.05


Tree=2
num_leaves=7
num_cat=0
split_feature=12 44 36 51 21 42
split_gain=234.9 126.047 172.733 148.092 116.093 114.626
threshold=-0.036767579615116112 0.099708724766969695 -0.55607035756111134 2.2392388582229619 0.47499999403953558 0.11064718291163446
decision_type=2 2 2 8 2 2
left_child=-1 3 -3 -2 -5 -4
right_child=1 2 5 4 -6 -7
leaf_value=0.00035797267059297158 0.00019931557908330432 0.00052144042102645466 0.0001801710081335841 -2.9842220509635809e-05 -0.00031318977385035398 -0.00054623331755374244
leaf_weight=2388 2022 1592 1448 6858 5228 776
leaf_count=2388 2022 1592 1448 6858 5228 776
internal_value=5.78333e-05 -0.00214596 0.00590814 -0.00432757 -0.0064242 -0.00308434
internal_weight=20312 17924 3816 14108 12086 2224
internal_count=20312 17924 3816 14108 12086 2224
is_linear=0
shrinkage=0.05


Tree=3
num_leaves=7
num_cat=0
split_feature=12 44 53 36 24 35
split_gain=209.686 126.386 166.495 160.537 135.816 94.9511
threshold=-0.03217609599232673 0.097491636872291579 0.07613867893815042 -0.55607035756111134 0.039225673303008086 -0.78452330827713002
decision_type=2 2 8 2 2 2
left_child=-1 2 -2 -3 -5 -4
right_child=1 3 5 4 -6 -7
leaf_value=0.00029039789347721129 0.00027595823608776298 0.0004656528794707356 -0.00049177714760530774 0.0002047995814259139 -0.00046194306210104526 -0.00010449026985747878
leaf_weight=3025 1238 1651 921 1528 839 11143
leaf_count=3025 1238 1651 921 1528 839 11143
internal_value=1.84275e-05 -0.00230159 -0.00464981 0.00546234 -0.00287732 -0.0064442
internal_weight=20345 17320 13302 4018 2367 12064
internal_count=20345 17320 13302 4018 2367 12064
is_linear=0
shrinkage=0.05


Tree=4
num_leaves=7
num_cat=0
split_feature=9 39 46 55 29 31
split_gain=170.405 124.348 102.42 76.1105 70.4172 70.0851
threshold=-0.036431496962904923 -0.025880778208374974 0.8783307969570161 17468.535156250004 0.023088236339390281 49.881122589111335
decision_type=2 2 2 10 2 2
left_child=-1 2 -2 5 -5 -3
right_child=1 3 -4 4 -6 -7
leaf_value=0.00021646061714667439 0.0004604406860833092 -3.3279189603183568e-05 2.7955385879520238e-05 0.00034902608342188388 -0.00019061972774447216 -0.00020372070072781072
leaf_weight=4860 763 4322 2724 963 655 5934
leaf_count=4860 763 4322 2724 963 655 5934
internal_value=-8.65223e-06 -0.00264382 0.00564863 -0.0050825 0.00497535 -0.00667333
internal_weight=20221 15361 3487 11874 1618 10256
internal_count=20221 15361 3487 11874 1618 10256
is_linear=0
shrinkage=0.05


Tree=5
num_leaves=7
num_cat=0
split_feature=12 39 48 44 47 12
split_gain=182.686 104.211 118.479 82.8489 78.5035 75.6315
threshold=-0.036767579615116112 -0.0059551945887505999 2.1036978960037236 0.13569019734859469 1.0924050211906435 0.050801768898963935
decision_type=2 2 2 2 2 2
left_child=4 3 -3 5 -1 -2
right_child=1 2 -4 -5 -6 -7
leaf_value=0.00020023932006774036 6.9377700163055243e-05 -7.6395775685139035e-05 -0.0004597847364056864 0.00052287472118535579 0.00093303963352849733 -0.00033521852771297187
leaf_weight=1942 5707 10119 508 799 444 785
leaf_count=1942 5707 10119 508 799 444 785
internal_value=8.73997e-05 -0.00180076 -0.00495909 0.00279948 0.012913 0.000919655
internal_weight=20304 17918 10627 7291 2386 6492
internal_count=20304 17918 10627 7291 2386 6492
is_linear=0
shrinkage=0.05


Tree=6
num_leaves=7
num_cat=0
split_feature=9 39 46 24 17 42
split_gain=175.826 97.1974 97.0147 90.6234 69.4866 65.6246
threshold=-0.036431496962904923 -0.017049047164618965 0.8783307969570161 -0.044168839231133454 0.62500000000000011 0.051280364394187934
decision_type=2 2 2 2 2 2
left_child=3 2 -2 -1 5 -3
right_child=1 4 -4 -5 -6 -7
leaf_value=0.000433757124587663 0.00038911791782132049 -0.00021303522145093711 -6.2831108927813897e-06 9.277140060264975e-05 -0.00019526741806714075 1.3283977601806776e-05
leaf_weight=1611 881 744 3324 3312 5636 4782
leaf_count=1611 881 744 3324 3312 5636 4782
internal_value=6.77507e-05 -0.00297456 0.00349762 0.00787845 -0.00541551 -0.00142379
internal_weight=20290 15367 4205 4923 11162 5526
internal_count=20290 15367 4205 4923 11162 5526
is_linear=0
shrinkage=0.05


Tree=7
num_leaves=7
num_cat=0
split_feature=9 39 48 55 18 48
split_gain=133.957 101.175 78.1699 71.0793 70.3403 62.9388
threshold=-0.036431496962904923 -0.028520103543996807 2.1036978960037236 17468.535156250004 0.62500000000000011 -0.24472907930612561
decision_type=2 2 2 10 2 2
left_child=4 5 3 -3 -1 -2
right_child=1 2 -4 -5 -6 -7
leaf_value=0.00026019074876330395 -0.0001512758262279098 -0.00010027750208769027 -0.00036888223450881358 0.00015333033188985305 -0.00011267218392856603 0.00022599561296818301
leaf_weight=3903 825 10064 642 1523 1007 2340
leaf_count=3903 825 10064 642 1523 1007 2340
internal_value=-2.33886e-05 -0.00230372 -0.00436693 -0.00341831 0.00717701 0.00565457
internal_weight=20304 15394 12229 11587 4910 3165
internal_count=20304 15394 12229 11587 4910 3165
is_linear=0
shrinkage=0.05


Tree=8
num_leaves=7
num_cat=0
split_feature=12 38 41 44 36 53
split_gain=170.482 116.768 78.4003 77.0684 129.279 114.964
threshold=-0.03217609599232673 0.0064166202209889897 0.073010884225368514 0.10694705322384836 -0.79541438817977894 0.035774923861026771
decision_type=2 2 2 2 2 8
left_child=2 3 -1 5 -5 -2
right_child=1 -3 -4 4 -6 -7
leaf_value=2.0455650755224941e-05 0.00032652843309034519 -0.00017560473319617846 0.00049573255808142431 0.00065193956362486242 1.1378917319917548e-05 -6.7269353998206327e-05
leaf_weight=1244 1053 4937 1803 807 1744 8678
leaf_count=1244 1053 4937 1803 807 1744 8678
internal_value=-3.69987e-06 -0.0020335 0.010788 0.000575812 0.00830399 -0.0014508
internal_weight=20266 17219 3047 12282 2551 9731
internal_count=20266 17219 3047 12282 2551 9731
is_linear=0
shrinkage=0.05


Tree=9
num_leaves=7
num_cat=0
split_feature=12 44 48 53 45 5
split_gain=149.068 94.6265 105.439 95.3332 109.29 81.6439
threshold=-0.056205429136753075 0.13569019734859469 1.3556515574455263 0.07613867893815042 0.090327650308609023 0.40933093428611761
decision_type=2 2 2 8 2 2
left_child=-1 3 -3 4 5 -2
right_child=1 2 -4 -5 -6 -7
leaf_value=0.00067203264618905857 0.00047826394629985113 0.00070143073800771653 -0.00013055072061241832 -6.8512981110452968e-05 -0.0002562708107195785 -2.4960828506625981e-05
leaf_weight=668 1117 631 528 16044 678 568
leaf_count=668 1117 631 528 16044 678 568
internal_value=-2.34695e-05 -0.00108707 0.0127363 -0.00196204 0.00740076 0.014216
internal_weight=20234 19566 1159 18407 2363 1685
internal_count=20234 19566 1159 18407 2363 1685
is_linear=0
shrinkage=0.05


Tree=10
num_leaves=7
num_cat=0
split_feature=24 38 2 51 24 36
split_gain=146.996 103.248 86.7647 81.6826 68.4257 90.4274
threshold=-0.033633738756179803 0.0079018254764378088 0.0088296998292207735 0.014402599073946478 0.029228325933218006 -0.58593788743019093
decision_type=2 2 2 8 2 2
left_child=2 3 -1 -2 -3 -6
right_child=1 4 -4 -5 5 -7
leaf_value=8.0833086870488576e-05 0.00027484979469514598 -7.8403052494400267e-05 0.00061300646267363902 -2.9088188108586552e-05 6.4966323356608268e-05 -0.00050111819673728808
leaf_weight=2775 1544 2771 1171 10553 388 1059
leaf_count=2775 1544 2771 1171 10553 388 1059
internal_value=-3.82414e-05 -0.0020481 0.00870033 0.000299537 -0.0087793 -0.0175792
internal_weight=20261 16315 3946 12097 4218 1447
internal_count=20261 16315 3946 12097 4218 1447
is_linear=0
shrinkage=0.05


Tree=11
num_leaves=7
num_cat=0
split_feature=24 17 51 36 44 47
split_gain=148.233 81.0098 106.756 99.1295 105.364 81.8305
threshold=-0.064011931419372545 0.62500000000000011 0.069167666137218489 -0.84103131294250477 0.1025393456220627 1.1091936826705935
decision_type=2 2 8 2 2 2
left_child=-1 2 -2 4 -3 -4
right_child=1 3 5 -5 -6 -7
leaf_value=0.00050753225938684359 0.00032084210504464952 -0.00020200177275500706 -4.7037779065811914e-05 -0.00015243845692067813 0.00056651320913440352 0.00024329267250501431
leaf_weight=986 1778 566 8308 6768 668 1145
leaf_count=986 1778 566 8308 6768 668 1145
internal_value=-4.821e-05 -0.00118645 0.00155082 -0.00502997 0.00797014 -0.000563015
internal_weight=20219 19233 11231 8002 1234 9453
internal_count=20219 19233 11231 8002 1234 9453
is_linear=0
shrinkage=0.05


Tree=12
num_leaves=7
num_cat=0
split_feature=20 47 51 38 32 3
split_gain=113.7 81.6065 78.3777 62.5182 66.6964 59.7437
threshold=0.62500000000000011 1.6064773201942446 0.16667616367340091 -0.0096518425270915014 0.4043740332126618 0.0088947140611708182
decision_type=2 2 8 2 2 2
left_child=1 2 -1 -2 -5 -4
right_child=3 -3 5 4 -6 -7
leaf_value=0.00029401629819551139 3.9944588302104144e-05 0.0012571126584735273 -3.0942489023481902e-05 -7.1413563537806442e-05 -0.0002579665784911726 0.00023137530635620706
leaf_weight=2000 2136 193 8210 3543 2365 1724
leaf_count=2000 2136 193 8210 3543 2365 1724
internal_value=-2.84992e-05 0.00262323 0.00209188 -0.005041 -0.00769068 0.000269142
internal_weight=20171 12127 11934 8044 5908 9934
internal_count=20171 12127 11934 8044 5908 9934
is_linear=0
shrinkage=0.05


Tree=13
num_leaves=7
num_cat=0
split_feature=24 17 51 38 3 38
split_gain=118.173 79.5777 86.6077 62.4713 59.8552 59.7782
threshold=-0.064011931419372545 0.62500000000000011 0.069167666137218489 -0.0096518425270915014 0.009009254630655052 0.012309764977544548
decision_type=2 2 8 2 2 2
left_child=4 2 5 -3 -1 -2
right_child=1 3 -4 -5 -6 -7
leaf_value=0.00017318166622300451 0.00044826325651254641 5.3004049580088417e-05 -3.5594012070398135e-06 -0.00016409169856017181 0.0010695331521076762 -0.00015603152963563857
leaf_weight=670 1481 2118 9466 5953 306 311
leaf_count=670 1481 2118 9466 5953 306 311
internal_value=-8.24717e-05 -0.000994362 0.00172023 -0.00478269 0.0167941 0.0117835
internal_weight=20305 19329 11258 8071 976 1792
internal_count=20305 19329 11258 8071 976 1792
is_linear=0
shrinkage=0.05


Tree=14
num_leaves=7
num_cat=0
split_feature=24 15 36 5 39 48
split_gain=120.206 74.2946 56.2395 57.9383 48.4898 47.8389
threshold=-0.081472899764776216 0.97499999403953563 -0.48365999758243555 0.29151645302772528 -0.0015097339637577532 2.2894630432128911
decision_type=2 2 2 2 2 2
left_child=-1 5 -3 4 -4 -2
right_child=1 2 3 -5 -6 -7
leaf_value=0.00099398870920696888 8.8762227101948797e-06 0.00022140964819210158 0.00032654580842231777 -0.00054070372669951124 -0.00041689744117631299 -0.00024132202214424876
leaf_weight=328 18529 256 92 442 235 513
leaf_count=328 18529 256 92 442 235 513
internal_value=-4.77941e-05 -0.000633968 -0.0137136 -0.0204457 -0.00429217 7.21898e-05
internal_weight=20395 20067 1025 769 327 19042
internal_count=20395 20067 1025 769 327 19042
is_linear=0
shrinkage=0.05


Tree=15
num_leaves=7
num_cat=0
split_feature=12 38 51 44 48 21
split_gain=116.463 83.3656 74.2566 67.7099 85.1846 70.4928
threshold=-0.03021270781755447 0.016290681436657909 -0.9190172255039214 0.13569019734859469 1.7183948755264284 0.47499999403953558
decision_type=2 2 8 2 2 2
left_child=-1 2 -2 5 -5 -4
right_child=1 -3 3 4 -6 -7
leaf_value=0.00018391886741091798 0.00067074083895188753 -0.00024970142241634335 2.1193044293180348e-05 0.00057416236153125559 -0.00033491354735501835 -0.00013675236531813422
leaf_weight=3382 345 2041 7112 605 286 6587
leaf_count=3382 345 2041 7112 605 286 6587
internal_value=-6.26136e-05 -0.0019831 -0.000684404 -0.00123159 0.0120815 -0.0021034
internal_weight=20358 16976 14935 14590 891 13699
internal_count=20358 16976 14935 14590 891 13699
is_linear=0
shrinkage=0.05


Tree=16
num_leaves=7
num_cat=0
split_feature=9 35 15 24 44 41
split_gain=112.792 79.093 64.1935 61.1063 59.6596 61.0427
threshold=-0.037584306672215455 0.85565930604934703 0.97499999403953563 -0.050782844424247735 0.070824518799781813 0.068972736597061171
decision_type=2 2 2 2 2 2
left_child=3 2 -2 -1 -5 -6
right_child=1 -3 -4 4 5 -7
leaf_value=0.00041597334919836557 -1.9367507187136622e-05 -0.00055317616887669134 -0.00028690446185617753 0.00035583361830402366 -0.0003486321217592531 9.8306715157789546e-05
leaf_weight=1222 14628 188 945 466 474 2473
leaf_count=1222 14628 188 945 466 474 2473
internal_value=1.34797e-05 -0.00224692 -0.00185037 0.00662177 0.00316706 0.000516599
internal_weight=20396 15761 15573 4635 3413 2947
internal_count=20396 15761 15573 4635 3413 2947
is_linear=0
shrinkage=0.05


Tree=17
num_leaves=7
num_cat=0
split_feature=24 38 24 51 17 39
split_gain=96.3524 73.5102 101.815 72.5171 74.3427 66.9042
threshold=-0.070542782545089708 0.0064166202209889897 -0.012614949606359003 0.014402599073946478 0.32500000298023229 -0.028520103543996807
decision_type=2 2 2 8 2 2
left_child=-1 3 -3 4 -2 -4
right_child=1 2 5 -5 -6 -7
leaf_value=0.00050449581643114609 0.00072013686120195666 6.5589564450513509e-05 0.00072518595552855726 -6.4731841454318069e-06 6.9312468694226784e-05 -0.00021418888623625485
leaf_weight=670 589 2132 126 12186 1042 3504
leaf_count=670 589 2132 126 12186 1042 3504
internal_value=-5.80132e-05 -0.00102762 -0.0057699 0.000949573 0.0108344 -0.0108597
internal_weight=20249 19579 5762 13817 1631 3630
internal_count=20249 19579 5762 13817 1631 3630
is_linear=0
shrinkage=0.05


Tree=18
num_leaves=7
num_cat=0
split_feature=20 36 44 36 55 45
split_gain=79.0825 78.3433 101.713 64.2235 63.1275 66.13
threshold=0.62500000000000011 -0.79541438817977894 0.1131829544901848 0.9078902304172517 18265.901367187504 0.10786850005388261
decision_type=2 2 2 2 10 2
left_child=3 2 -2 4 -1 -6
right_child=1 -3 -4 -5 5 -7
leaf_value=3.5104683740800023e-05 -9.8754629244673846e-05 -0.00012868096873760589 0.00050859133679171471 -0.00032503715165726419 0.00042826575738961624 -0.00063013058304098486
leaf_weight=10426 856 6659 627 254 1383 125
leaf_count=10426 856 6659 627 254 1383 125
internal_value=-0.000126629 -0.00403523 0.00633401 0.00232715 0.00286247 0.0124091
internal_weight=20330 8142 1483 12188 11934 1508
internal_count=20330 8142 1483 12188 11934 1508
is_linear=0
shrinkage=0.05


Tree=19
num_leaves=7
num_cat=0
split_feature=24 35 51 12 44 53
split_gain=94.4595 74.5124 61.5767 83.9105 77.6583 78.9791
threshold=-0.070542782545089708 0.85565930604934703 0.069167666137218489 0.023734435439109806 0.087156221270561232 -0.19345973432064054
decision_type=2 2 8 2 2 10
left_child=-1 2 3 -2 5 -5
right_child=1 -3 -4 4 -6 -7
leaf_value=0.00054089518060783436 0.00037068450271984397 -0.00039269598275217411 -3.0652074771423845e-05 0.00043188549406801471 -0.00041239513091194261 -0.00020724005701626888
leaf_weight=659 1558 313 16836 208 531 242
leaf_count=659 1558 313 16836 208 531 242
internal_value=-6.75609e-05 -0.000912761 -0.000517286 0.00673153 -0.00469067 0.0104945
internal_weight=20347 19688 19375 2539 981 450
internal_count=20347 19688 19375 2539 981 450
is_linear=0
shrinkage=0.05


Tree=20
num_leaves=7
num_cat=0
split_feature=12 35 39 48 44 51
split_gain=81.8196 79.278 79.2676 63.5666 81.5189 78.3812
threshold=-0.056205429136753075 0.85565930604934703 0.051370676606893546 2.1036978960037236 0.13569019734859469 -1.5609723925590513
decision_type=2 2 2 2 2 8
left_child=-1 2 3 4 5 -2
right_child=1 -3 -4 -5 -6 -7
leaf_value=0.00051187629756402364 0.0010901840335053958 -0.0003597843613638795 -0.00055166916624423536 -0.00022591585192418499 0.00045527150166191409 -2.5361743335217197e-06
leaf_weight=678 151 324 242 911 933 17102
leaf_count=678 151 324 242 911 933 17102
internal_value=-5.77509e-05 -0.000509711 -9.43445e-05 0.000268297 0.000916662 0.00013472
internal_weight=20341 19663 19339 19097 18186 17253
internal_count=20341 19663 19339 19097 18186 17253
is_linear=0
shrinkage=0.05


Tree=21
num_leaves=7
num_cat=0
split_feature=24 9 39 39 46 3
split_gain=105.354 55.0814 62.4316 47.3599 88.9261 44.0267
threshold=-0.081472899764776216 -0.036431496962904923 0.051370676606893546 -0.025880778208374974 0.8783307969570161 0.0045331795699894437
decision_type=2 2 2 2 2 2
left_child=-1 -2 3 4 -3 -5
right_child=1 2 -4 5 -6 -7
leaf_value=0.0007581564164284532 0.00010099475938373682 0.00031931693373711832 -0.00053295504197333442 -0.00022963007584691095 -2.3724294837571968e-05 -5.3082351410907071e-05
leaf_weight=338 4605 768 171 806 2726 10941
leaf_count=338 4605 768 171 806 2726 10941
internal_value=-2.82417e-05 -0.000905254 -0.00233995 -0.00199561 0.00310803 -0.00351642
internal_weight=20355 20017 15412 15241 3494 11747
internal_count=20355 20017 15412 15241 3494 11747
is_linear=0
shrinkage=0.05


Tree=22
num_leaves=7
num_cat=0
split_feature=35 24 38 2 38 24
split_gain=84.0057 101.051 72.6514 67.9633 64.3517 54.2424
threshold=0.85565930604934703 -0.033633738756179803 0.010639957617968323 0.00939744431525469 -0.027621080167591568 0.024644573219120506
decision_type=2 2 2 2 2 2
left_child=1 3 -3 -1 -5 -4
right_child=-2 2 5 4 -6 -7
leaf_value=7.778321730887296e-05 -0.00035047090741017372 5.9552226966213337e-06 -5.5044571607710007e-05 -0.00034171508704641497 0.00069377017862555653 -0.00031366588494961237
leaf_weight=2950 319 12693 2071 83 771 1410
leaf_count=2950 319 12693 2071 83 771 1410
internal_value=-0.000126835 0.000278987 -0.00144477 0.00760698 0.0199942 -0.0078385
internal_weight=20297 19978 16174 3804 854 3481
internal_count=20297 19978 16174 3804 854 3481
is_linear=0
shrinkage=0.05


Tree=23
num_leaves=7
num_cat=0
split_feature=12 48 42 53 3 3
split_gain=67.0293 62.3432 54.1797 53.6217 126.996 53.8536
threshold=-0.056205429136753075 2.2894630432128911 0.17552453279495242 0.07613867893815042 0.0088947140611708182 0.0088947140611708182
decision_type=2 2 2 8 2 2
left_child=-1 2 3 4 -2 -5
right_child=1 -3 -4 5 -6 -7
leaf_value=0.00044096642142594182 0.00031198125423976674 -0.00027070394115656345 0.00057378203378257017 -5.6856511519533144e-05 -0.0003302418238495359 0.00013027193999706304
leaf_weight=682 1752 647 224 13467 802 2709
leaf_count=682 1752 647 224 13467 802 2709
internal_value=-0.00013678 -0.000786749 -0.000262408 -0.000559114 0.00616452 -0.00162382
internal_weight=20283 19601 18954 18730 2554 16176
internal_count=20283 19601 18954 18730 2554 16176
is_linear=0
shrinkage=0.05


Tree=24
num_leaves=7
num_cat=0
split_feature=24 35 48 42 53 45
split_gain=78.3151 62.5237 54.6636 57.0197 58.1868 112.34
threshold=-0.081472899764776216 0.85565930604934703 2.2894630432128911 0.17552453279495242 0.20854939520359042 0.089241832494735732
decision_type=2 2 2 2 8 2
left_child=-1 2 3 4 5 -2
right_child=1 -3 -4 -5 -6 -7
leaf_value=0.0007018755731191405 0.00034057224860692495 -0.00034277514525125327 -0.00028321582992218086 0.00055963774661962797 -2.7892220021320726e-05 -0.00017468822322368974
leaf_weight=341 1776 324 608 261 15861 1109
leaf_count=341 1776 324 608 261 15861 1109
internal_value=-0.000126941 -0.000798486 -0.000434506 3.81338e-05 -0.000286651 0.00623702
internal_weight=20280 19939 19615 19007 18746 2885
internal_count=20280 19939 19615 19007 18746 2885
is_linear=0
shrinkage=0.05


Tree=25
num_leaves=7
num_cat=0
split_feature=24 35 38 51 12 24
split_gain=65.2088 55.0073 53.1218 73.4157 74.7149 66.1516
threshold=-0.070542782545089708 0.85565930604934703 0.0052458296995610007 0.014402599073946478 0.011514537502080204 -0.012614949606359003
decision_type=2 2 2 8 2 2
left_child=-1 2 3 4 -2 -4
right_child=1 -3 5 -5 -6 -7
leaf_value=0.00040395239395992725 0.00071827782998692752 -0.00032563638798869062 5.8907652013092819e-05 1.6428411462783739e-06 3.0166397783046799e-05 -0.00016010666768292449
leaf_weight=672 663 320 2354 11514 814 3947
leaf_count=672 663 320 2354 11514 814 3947
internal_value=-5.79132e-05 -0.000753173 -0.000408095 0.00141774 0.0118927 -0.0041746
internal_weight=20284 19612 19292 12991 1477 6301
internal_count=20284 19612 19292 12991 1477 6301
is_linear=0
shrinkage=0.05


Tree=26
num_leaves=7
num_cat=0
split_feature=44 35 35 53 48 38
split_gain=62.5495 171.193 124.658 99.9967 82.3087 82.122
threshold=0.099708724766969695 -0.37527808547019953 -0.80319997668266285 -0.13405773043632505 0.93088063597679149 -0.01636144611984491
decision_type=2 2 2 8 2 2
left_child=2 -2 -1 -4 5 -3
right_child=1 4 3 -5 -6 -7
leaf_value=-0.00040662841491116502 0.00041007462302629501 -0.00043983766171513711 0.00028790656113406786 -2.8312550376217236e-05 -0.00044398946091209933 0.00024722904622552798
leaf_weight=1403 2065 396 739 13518 768 1365
leaf_count=1403 2065 396 739 13518 768 1365
internal_value=-0.000102424 0.00475647 -0.0018752 -0.000471533 -0.0039562 0.00199604
internal_weight=20254 4594 15660 14257 2529 1761
internal_count=20254 4594 15660 14257 2529 1761
is_linear=0
shrinkage=0.05


Tree=27
num_leaves=7
num_cat=0
split_feature=12 47 39 52 36 44
split_gain=63.3947 79.4162 69.0804 45.2449 46.1637 40.3751
threshold=-0.03217609599232673 1.0069829225540163 0.051370676606893546 0.00030508956115227198 0.69714221358299266 0.097491636872291579
decision_type=2 2 2 8 2 2
left_child=1 3 5 -1 -5 -2
right_child=2 -3 -4 4 -6 -7
leaf_value=0.00055909570218647933 -4.3776580119662542e-05 0.00042714633869432085 -0.0006047531689335531 1.0270723263162009e-05 -0.00041096458247294536 0.00011063716525804044
leaf_weight=184 13019 1122 212 1640 166 3971
leaf_count=184 13019 1122 212 1640 166 3971
internal_value=-7.25922e-05 0.00640841 -0.00134102 0.000388471 -0.00202927 -0.000981171
internal_weight=20314 3112 17202 1990 1806 16990
internal_count=20314 3112 17202 1990 1806 16990
is_linear=0
shrinkage=0.05


Tree=28
num_leaves=7
num_cat=0
split_feature=9 39 1 39 43 46
split_gain=61.4985 47.7074 46.5761 37.0054 61.3994 59.4226
threshold=-0.036431496962904923 0.051370676606893546 -0.019209953956305977 -0.028520103543996807 0.05236336030066014 0.86389762163162243
decision_type=2 2 2 2 2 2
left_child=2 3 -1 5 -5 -2
right_child=1 -3 -4 4 -6 -7
leaf_value=-4.1466901568503229e-05 0.00029802869425616112 -0.00043636823180823723 0.00019468074992091478 -0.00015557570256237742 -1.5823409882750971e-05 6.3377678701693933e-06
leaf_weight=1839 608 171 3124 2176 9846 2519
leaf_count=1839 608 171 3124 2176 9846 2519
internal_value=-0.000112135 -0.00152529 0.00487621 -0.00122245 -0.00248399 0.0036159
internal_weight=20283 15320 4963 15149 12022 3127
internal_count=20283 15320 4963 15149 12022 3127
is_linear=0
shrinkage=0.05


Tree=29
num_leaves=7
num_cat=0
split_feature=12 47 39 21 43 39
split_gain=62.117 67.2813 52.467 46.5205 73.0248 75.7284
threshold=-0.03217609599232673 1.0924050211906435 0.051370676606893546 0.47499999403953558 0.05236336030066014 -0.025880778208374974
decision_type=2 2 2 2 2 2
left_child=1 -1 3 4 5 -2
right_child=2 -3 -4 -5 -6 -7
leaf_value=5.4851454669959093e-05 0.00025775813016891343 0.00055466232654307972 -0.00052761064038619944 -9.1957330907829784e-05 8.1605264251733399e-05 -0.00014030537667518016
leaf_weight=2470 307 566 199 8837 5708 2118
leaf_count=2470 307 566 199 8837 5708 2118
internal_value=-0.000122464 0.00637126 -0.00138145 -0.00107658 0.00164967 -0.005607
internal_weight=20205 3036 17169 16970 8133 2425
internal_count=20205 3036 17169 16970 8133 2425
is_linear=0
shrinkage=0.05


Tree=30
num_leaves=7
num_cat=0
split_feature=35 12 3 22 53 38
split_gain=56.9795 48.3908 48.5017 68.0884 59.7245 45.7804
threshold=0.85565930604934703 -0.039480514824390404 0.0088947140611708182 0.72499999403953563 -0.17852830886840818 0.0064166202209889897
decision_type=2 2 2 2 10 2
left_child=1 2 3 -1 -4 -3
right_child=-2 5 4 -5 -6 -7
leaf_value=0.00019257629434370327 -0.00028839592519434458 1.7582276951833109e-05 0.00065131641675624137 -0.00051697173783109382 -0.00076293657668109619 -9.1919716197654078e-05
leaf_weight=863 339 12778 630 408 54 5252
leaf_count=863 339 12778 630 408 54 5252
internal_value=-0.000146343 0.000101301 0.00756378 0.00174373 0.0182511 -0.000708345
internal_weight=20324 19985 1955 1271 684 18030
internal_count=20324 19985 1955 1271 684 18030
is_linear=0
shrinkage=0.05


Tree=31
num_leaves=7
num_cat=0
split_feature=12 35 51 53 44 35
split_gain=55.6483 43.419 42.5519 45.8161 67.1425 86.9486
threshold=-0.056205429136753075 0.85565930604934703 3.6671905517578129 -0.13405773043632505 0.13569019734859469 -0.78452330827713002
decision_type=2 2 10 8 2 2
left_child=-1 2 3 -2 5 -5
right_child=1 -3 -4 4 -6 -7
leaf_value=0.00039545344321502559 0.00017346774716928376 -0.00026764241868000945 -0.0005101347441170015 -0.00031631183689516775 0.00034915031711200734 -8.5494142714106353e-06
leaf_weight=684 2033 315 131 1642 801 14656
leaf_count=684 2033 315 131 1642 801 14656
internal_value=-0.000131988 -0.000560435 -0.000255605 -5.61739e-05 -0.000901836 -0.0015994
internal_weight=20262 19578 19263 19132 17099 16298
internal_count=20262 19578 19263 19132 17099 16298
is_linear=0
shrinkage=0.05


Tree=32
num_leaves=7
num_cat=0
split_feature=12 35 3 22 0 51
split_gain=53.1466 43.7939 43.8924 51.6486 46.2259 55.1833
threshold=-0.065210569649934755 0.85565930604934703 0.0045331795699894437 0.075000001117587103 -0.007540671154856681 0.055652562528848655
decision_type=2 2 2 2 2 8
left_child=-1 2 -2 -4 -5 -6
right_child=1 -3 3 4 5 -7
leaf_value=0.00058867588660042912 -0.00014671107529365358 -0.00023860764428780686 0.00018571874965031605 -6.0728250407918947e-05 0.00034562500097863998 2.425868509587851e-05
leaf_weight=346 1013 314 348 7431 1173 9607
leaf_count=346 1013 314 348 7431 1173 9607
internal_value=-0.000161832 -3.89623e-05 0.000259233 0.000814749 0.000446036 0.00253825
internal_weight=20232 19886 19572 18559 18211 10780
internal_count=20232 19886 19572 18559 18211 10780
is_linear=0
shrinkage=0.05


Tree=33
num_leaves=7
num_cat=0
split_feature=24 48 39 44 36 48
split_gain=57.1682 42.3699 55.5711 51.623 84.4931 73.1981
threshold=-0.081472899764776216 2.1036978960037236 -0.047327388077974313 0.13569019734859469 -0.81874778866767872 0.58323055505752575
decision_type=2 2 2 2 2 2
left_child=-1 3 -3 -2 -5 -6
right_child=1 2 -4 4 5 -7
leaf_value=0.00060521288573268201 -8.8383624594937485e-06 0.00014458341331766186 -0.00025760654791832314 0.00064916267890992654 0.00060234135085540056 -0.00052541680079556008
leaf_weight=320 17973 124 822 560 144 375
leaf_count=320 17973 124 822 560 144 375
internal_value=-0.000195591 -0.000293706 -0.0105941 0.00021908 0.0108164 -0.00367366
internal_weight=20318 19998 946 19052 1079 519
internal_count=20318 19998 946 19052 1079 519
is_linear=0
shrinkage=0.05


Tree=34
num_leaves=7
num_cat=0
split_feature=24 35 26 50 55 47
split_gain=58.0628 42.1542 42.619 59.6359 41.9148 38.8668
threshold=-0.081472899764776216 0.85565930604934703 0.067802984267473235 0.9581640660762788 165373.49218750003 1.6064773201942446
decision_type=2 2 2 2 10 2
left_child=-1 2 5 4 -4 -2
right_child=1 -3 3 -5 -6 -7
leaf_value=0.00058473624867726951 1.2461614754168235e-05 -0.00024822170766326178 -0.00011125741976781789 -0.00046087858164688676 0.00032312969620921627 0.00064825472637890116
leaf_weight=329 16198 323 2357 556 243 238
leaf_count=329 16198 323 2357 556 243 238
internal_value=-0.000186429 -0.0002874 8.92994e-06 -0.00530686 -0.00210173 0.00103248
internal_weight=20244 19915 19592 3156 2600 16436
internal_count=20244 19915 19592 3156 2600 16436
is_linear=0
shrinkage=0.05


Tree=35
num_leaves=7
num_cat=0
split_feature=20 36 18 10 15 44
split_gain=59.6346 69.2501 52.5773 46.6917 44.1856 43.4347
threshold=0.72499999403953563 -0.84103131294250477 0.47499999403953558 0.044714746996760375 0.97499999403953563 0.045934742316603668
decision_type=2 2 2 2 2 2
left_child=5 2 -2 -4 -3 -1
right_child=1 4 3 -5 -6 -7
leaf_value=-0.00022324649650840955 -0.00040723403265122322 -8.3812398850436243e-05 0.00050028992731984256 3.5556442932026085e-06 -0.00033352952274987789 3.9117236609810105e-05
leaf_weight=295 163 4516 437 367 596 13964
leaf_count=295 163 4516 437 367 596 13964
internal_value=-0.000156073 -0.00417899 0.00805041 0.0133189 -0.00650283 0.00173338
internal_weight=20338 6079 967 804 5112 14259
internal_count=20338 6079 967 804 5112 14259
is_linear=0
shrinkage=0.05


Tree=36
num_leaves=7
num_cat=0
split_feature=9 35 48 39 44 35
split_gain=49.8011 37.623 37.4938 39.6621 38.8857 63.8199
threshold=-0.037584306672215455 0.85565930604934703 2.2894630432128911 -0.05492878891527652 0.13569019734859469 -0.80319997668266285
decision_type=2 2 2 2 2 2
left_child=-1 2 4 -4 5 -2
right_child=1 -3 3 -5 -6 -7
leaf_value=0.00012365168464735935 -0.00033873787845800407 -0.00037727719716574947 0.00018730699590968885 -0.000310554443971785 0.00024101422315756134 9.9145524071191531e-07
leaf_weight=4556 1135 190 64 541 821 12918
leaf_count=4556 1135 190 64 541 821 12918
internal_value=-9.76273e-05 -0.00111809 -0.000841191 -0.0129918 -0.000341085 -0.000962086
internal_weight=20225 15669 15479 605 14874 14053
internal_count=20225 15669 15479 605 14874 14053
is_linear=0
shrinkage=0.05


Tree=37
num_leaves=7
num_cat=0
split_feature=51 44 36 35 51 22
split_gain=37.9042 44.9842 124.489 116.915 80.9214 74.6107
threshold=2.9737079143524174 0.099708724766969695 -0.55607035756111134 -0.80319997668266285 -0.024624063633382317 0.87500000000000011
decision_type=10 2 2 2 8 2
left_child=1 3 4 -1 -3 -5
right_child=-2 2 -4 5 -6 -7
leaf_value=-0.00034453780958759684 -0.00033106859498820075 -0.0005089714058556234 -6.0707595637089625e-05 2.4062567743815513e-05 0.00045588509237654961 -0.00031496539747583453
leaf_weight=1430 195 157 2620 13005 1704 1203
leaf_count=1430 195 157 2620 13005 1704 1203
internal_value=-0.000185787 0.000249702 0.00466451 -0.00101483 0.0145364 0.000357067
internal_weight=20314 20119 4481 15638 1861 14208
internal_count=20314 20119 4481 15638 1861 14208
is_linear=0
shrinkage=0.05


Tree=38
num_leaves=7
num_cat=0
split_feature=48 44 36 48 13 35
split_gain=43.963 43.6216 76.119 88.2491 48.0438 59.0188
threshold=2.2894630432128911 0.13569019734859469 -0.36278811097145075 0.58323055505752575 0.024792863056063656 -0.78452330827713002
decision_type=2 2 2 2 2 2
left_child=1 4 -3 -4 5 -1
right_child=-2 2 3 -5 -6 -7
leaf_value=-0.00017390784435619133 -0.00024829995831739246 0.00053474064135838385 0.00071466766199031499 -0.00060697911552370541 -0.00021206780622406616 3.2479807737260255e-05
leaf_weight=1892 635 656 133 355 1497 15196
leaf_count=1892 635 656 133 355 1497 15196
internal_value=-0.000200059 0.000619489 0.010074 -0.00481744 3.36202e-05 0.000788334
internal_weight=20364 19729 1144 488 18585 17088
internal_count=20364 19729 1144 488 18585 17088
is_linear=0
shrinkage=0.05


Tree=39
num_leaves=7
num_cat=0
split_feature=24 53 43 44 36 35
split_gain=49.6423 52.0113 86.3563 67.7535 175.265 91.4784
threshold=0.095918375998735442 -0.13405773043632505 0.094042144715785994 0.10694705322384836 -0.65981331467628468 -0.78452330827713002
decision_type=2 8 2 2 2 2
left_child=1 2 -1 5 -5 -3
right_child=-2 3 -4 4 -6 -7
leaf_value=0.00028740586395969119 -0.00032615842061872844 -0.00029831032694267365 -0.00017978554389750688 0.00052280347802205647 -0.00013045498832923706 6.3460557446044178e-06
leaf_weight=1608 647 1446 487 1015 1255 13728
leaf_count=1608 647 1446 487 1015 1255 13728
internal_value=-0.000182012 0.00110136 0.00853571 0.000204883 0.00825275 -0.000999736
internal_weight=20186 19539 2095 17444 2270 15174
internal_count=20186 19539 2095 17444 2270 15174
is_linear=0
shrinkage=0.05


Tree=40
num_leaves=7
num_cat=0
split_feature=15 43 39 35 35 35
split_gain=46.1225 37.2193 49.5907 43.2786 40.587 37.0737
threshold=0.97499999403953563 0.046571685001254089 -0.025880778208374974 -0.27389001846313471 0.50058910250663768 0.85565930604934703
decision_type=2 2 2 2 2 2
left_child=1 2 -1 -4 -5 -3
right_child=-2 5 3 4 -6 -7
leaf_value=0.00028221249388403821 -0.00021943705643923911 3.43786555362385e-05 0.00011168483884248069 -0.00027890459775030597 0.00046294869298737064 -0.00020562705485467592
leaf_weight=189 1015 17728 253 737 110 305
leaf_count=189 1015 17728 253 737 110 305
internal_value=-0.000131501 0.000981787 -0.00720634 -0.0112896 -0.016696 0.0015703
internal_weight=20337 19322 1289 1100 847 18033
internal_count=20337 19322 1289 1100 847 18033
is_linear=0
shrinkage=0.05


Tree=41
num_leaves=7
num_cat=0
split_feature=0 47 39 45 53 55
split_gain=41.2578 56.3233 76.1491 49.2908 49.0453 39.8426
threshold=0.01336642447859049 1.6064773201942446 0.039440350607037551 0.045290801674127586 0.4542179554700852 163819.50781250003
decision_type=2 2 2 2 10 10
left_child=4 2 3 -2 -1 -5
right_child=1 -3 -4 5 -6 -7
leaf_value=-1.1015064235039819e-05 -0.00034258870714934267 0.00090108474627838611 -0.00031650484996489301 7.438810511246274e-05 -0.00033648844505562806 0.00047172040012559511
leaf_weight=13792 103 194 400 4970 338 435
leaf_count=13792 103 194 400 4970 338 435
internal_value=-7.28863e-05 0.00384395 0.00295535 0.00449392 -0.00107358 0.00516174
internal_weight=20232 6102 5908 5508 14130 5405
internal_count=20232 6102 5908 5508 14130 5405
is_linear=0
shrinkage=0.05


Tree=42
num_leaves=7
num_cat=0
split_feature=20 47 51 38 48 51
split_gain=46.0934 42.9295 38.1 101.898 43.2826 35.8551
threshold=0.57500001788139354 1.6064773201942446 -0.012916171457618473 0.010639957617968323 0.69980537891387951 3.6671905517578129
decision_type=2 2 8 2 2 10
left_child=1 2 3 4 -1 -2
right_child=5 -3 -4 -5 -6 -7
leaf_value=0.00060390275290658389 -4.2782553405752645e-05 0.00080522705338617975 1.7220749099172013e-05 -0.00040040830859403563 -4.5414150966760234e-05 -0.00042107012443503715
leaf_weight=688 9030 168 9893 212 215 116
leaf_count=688 9030 168 9893 212 215 116
internal_value=-0.000284105 0.00229631 0.00190457 0.0106473 0.0179791 -0.0024888
internal_weight=20322 11176 11008 1115 903 9146
internal_count=20322 11176 11008 1115 903 9146
is_linear=0
shrinkage=0.05


Tree=43
num_leaves=7
num_cat=0
split_feature=35 24 42 44 44 36
split_gain=45.05 49.2787 63.5643 56.8656 70.706 73.0691
threshold=0.85565930604934703 -0.035996207967400544 0.11680311709642412 0.13569019734859469 0.12721535563468936 0.62124517560005199
decision_type=2 2 2 2 2 2
left_child=1 -1 3 4 5 -3
right_child=-2 2 -4 -5 -6 -7
leaf_value=0.00013291245966439314 -0.00023228722437230195 -2.3949225476663596e-05 -0.00031038932066335963 0.00046734274749387993 -0.00069059720702619809 0.0001810610634211339
leaf_weight=3478 329 12866 1017 541 122 1826
leaf_count=3478 329 12866 1017 541 122 1826
internal_value=-0.000191984 0.00047721 -0.000670147 0.000131836 -0.000450435 -0.000127577
internal_weight=20179 19850 16372 15355 14814 14692
internal_count=20179 19850 16372 15355 14814 14692
is_linear=0
shrinkage=0.05


Tree=44
num_leaves=7
num_cat=0
split_feature=15 38 2 39 44 35
split_gain=36.9173 35.3944 34.109 60.2612 53.1556 59.2443
threshold=0.97499999403953563 -0.0047046234831213942 0.0049598589539527902 -0.028520103543996807 0.071579031646251692 -0.4922888427972793
decision_type=2 2 2 2 2 2
left_child=2 -2 3 -1 5 -4
right_child=1 -3 4 -5 -6 -7
leaf_value=0.00021733148458188322 4.6161683216225315e-05 -0.00029925448660152724 -9.2545517462884664e-05 -0.00013163865574187766 -3.2016183222627663e-06 0.00016506766328323459
leaf_weight=268 386 616 649 1984 13383 2931
leaf_count=268 386 616 649 1984 13383 2931
internal_value=-0.000191623 -0.00930983 0.000511186 -0.00526141 0.00128035 0.00668759
internal_weight=20217 1002 19215 2252 16963 3580
internal_count=20217 1002 19215 2252 16963 3580
is_linear=0
shrinkage=0.05


Tree=45
num_leaves=7
num_cat=0
split_feature=24 3 21 41 55 35
split_gain=42.5589 43.0542 40.9743 61.266 39.1025 38.1348
threshold=-0.070542782545089708 0.009009254630655052 0.47499999403953558 0.044386126101017005 169972.78125000003 -0.41966804862022394
decision_type=2 2 2 2 10 2
left_child=1 -1 3 4 5 -2
right_child=2 -3 -4 -5 -6 -7
leaf_value=7.0299293792851645e-05 0.00015228641535251335 0.00076228407812785445 -5.158267610689874e-05 6.4229824744388572e-05 0.00062485503135647049 -0.00017179140279634895
leaf_weight=440 211 220 10641 7753 62 1015
leaf_count=440 211 220 10641 7753 62 1015
internal_value=-0.000200275 0.0127444 -0.000115558 0.0023574 -0.00771462 -0.00972786
internal_weight=20342 660 19682 9041 1288 1226
internal_count=20342 660 19682 9041 1288 1226
is_linear=0
shrinkage=0.05


Tree=46
num_leaves=7
num_cat=0
split_feature=47 40 32 42 35 35
split_gain=34.8417 40.5038 64.5528 39.5104 60.6681 38.3812
threshold=1.1091936826705935 0.088877495378255858 -0.097743786871433244 0.14524967223405841 -0.58180686831474293 0.85565930604934703
decision_type=2 2 2 2 2 2
left_child=5 -2 3 4 -3 -1
right_child=1 2 -4 -5 -6 -7
leaf_value=-7.20312473299024e-06 0.00021758865507118296 -0.00033094717704850585 -0.00024346351653701213 0.0009382439095538455 0.00023104860531752183 -0.00021304105603858054
leaf_weight=17884 1101 153 501 178 347 280
leaf_count=17884 1101 153 501 178 347 280
internal_value=-0.000125923 0.00589716 -0.000527872 0.00948023 0.00212871 -0.000653586
internal_weight=20444 2280 1179 678 500 18164
internal_count=20444 2280 1179 678 500 18164
is_linear=0
shrinkage=0.05


Tree=47
num_leaves=7
num_cat=0
split_feature=9 44 41 42 5 22
split_gain=45.7701 47.5909 55.4793 46.2694 45.0643 36.4941
threshold=-0.037584306672215455 0.071579031646251692 0.0671665593981743 0.071489393711090102 -0.70027127861976612 0.52500000596046459
decision_type=2 2 2 2 2 2
left_child=1 -1 -3 -4 -5 -6
right_child=-2 2 3 4 5 -7
leaf_value=0.00033641668197412146 -1.6767788654587976e-05 -0.00023741693286175505 -0.00043199442435945588 0.00039035173567254316 0.00037950760548673482 6.71444853398586e-05
leaf_weight=574 15716 581 130 307 407 2596
leaf_count=574 15716 581 130 307 407 2596
internal_value=-0.000141514 0.00467935 0.00273845 0.00515965 0.0063273 0.00442985
internal_weight=20311 4595 4021 3440 3310 3003
internal_count=20311 4595 4021 3440 3310 3003
is_linear=0
shrinkage=0.05


Tree=48
num_leaves=7
num_cat=0
split_feature=15 42 38 48 51 53
split_gain=36.8826 39.678 42.7645 40.9294 42.3779 39.3468
threshold=0.97499999403953563 0.17552453279495242 -0.027621080167591568 1.0000000180025095e-35 0.091556139290332808 0.07613867893815042
decision_type=2 2 2 2 10 8
left_child=1 2 3 -1 -5 -4
right_child=-2 -3 5 4 -6 -7
leaf_value=-0.00047473469088014767 -0.00017325445819488017 0.00033687344375408752 0.00015471955774038572 0.00018178273839615836 -0.00054715498855883885 -2.8385898080535851e-06
leaf_weight=411 1048 323 2499 363 100 15630
leaf_count=411 1048 323 2499 363 100 15630
internal_value=-0.000239217 0.000516011 0.000217014 -0.0105518 -0.000267094 0.000740322
internal_weight=20374 19326 19003 874 463 18129
internal_count=20374 19326 19003 874 463 18129
is_linear=0
shrinkage=0.05


Tree=49
num_leaves=7
num_cat=0
split_feature=24 21 44 35 35 39
split_gain=43.6487 45.9637 75.8321 118.754 96.2449 117.889
threshold=-0.081472899764776216 0.47499999403953558 0.099708724766969695 -0.37527808547019953 -0.22287327796220777 0.01012175949290395
decision_type=2 2 2 2 2 2
left_child=-1 -2 4 -4 5 -3
right_child=1 2 3 -5 -6 -7
leaf_value=0.00054526839153361999 3.9708389343061677e-05 -0.00046477727627158383 0.00030776957018404532 -0.0001111445219877898 3.2416728718130471e-05 5.6785620412563858e-06
leaf_weight=331 9085 2402 1897 2091 2971 1613
leaf_count=331 9085 2402 1897 2091 2971 1613
internal_value=-0.000219417 5.60706e-05 -0.00211996 0.00337466 -0.00526033 -0.0103047
internal_weight=20390 20059 10974 3988 6986 4015
internal_count=20390 20059 10974 3988 6986 4015
is_linear=0
shrinkage=0.05


Tree=50
num_leaves=7
num_cat=0
split_feature=51 55 10 26 0 47
split_gain=39.3982 43.5175 44.4671 39.7088 44.589 43.342
threshold=3.6671905517578129 103671939.45312501 -0.036957606673240655 0.067802984267473235 -0.011313350405544041 0.69714516401290905
decision_type=10 10 2 2 2 2
left_child=1 3 -3 -1 -5 -6
right_child=-2 2 -4 4 5 -7
leaf_value=2.2637902706172691e-05 -0.00040844698608746057 -0.00017347489721549142 0.00057088131843801247 -0.00022220603850124358 0.00084492010958984011 -1.4564323785718072e-05
leaf_weight=16791 122 103 232 1607 77 1250
leaf_count=16791 122 103 232 1607 77 1250
internal_value=-0.000196909 0.000571891 0.0183088 0.000264825 -0.00509527 0.00167042
internal_weight=20182 20060 335 19725 2934 1327
internal_count=20182 20060 335 19725 2934 1327
is_linear=0
shrinkage=0.05


Tree=51
num_leaves=7
num_cat=0
split_feature=24 36 47 38 27 52
split_gain=36.3047 118.372 105.024 79.3537 69.5588 68.6221
threshold=0.029228325933218006 -0.58593788743019093 0.91376322507858287 -1.0000000180025095e-35 0.023641761392354969 0.00020783668151125315
decision_type=2 2 2 2 2 8
left_child=5 2 -2 4 -3 -1
right_child=1 3 -4 -5 -6 -7
leaf_value=0.00028470968906266187 0.00037343013637130147 0.00011194336947167859 -0.00021169875001638791 -0.00028351930316025171 -0.00022997472619679991 1.1749381533955519e-05
leaf_weight=1712 1271 1288 522 1753 712 13112
leaf_count=1712 1271 1288 522 1753 712 13112
internal_value=-9.20245e-05 -0.00291389 0.00763348 -0.00796301 -0.00113466 0.00182581
internal_weight=20370 5546 1793 3753 2000 14824
internal_count=20370 5546 1793 3753 2000 14824
is_linear=0
shrinkage=0.05


Tree=52
num_leaves=7
num_cat=0
split_feature=21 44 35 48 35 39
split_gain=32.0249 65.1577 106.876 88.95 88.3574 100.855
threshold=0.47499999403953558 0.099708724766969695 -0.37527808547019953 0.75776410102844249 -0.13897801935672757 0.01012175949290395
decision_type=2 2 2 2 2 2
left_child=-1 4 -3 -4 5 -2
right_child=1 2 3 -5 -6 -7
leaf_value=4.3565342775817815e-05 -0.00038044970173247669 0.0003044180848182582 0.00011374194797547642 -0.00041603064486947055 6.7413395181227057e-05 1.7948506424793676e-05
leaf_weight=9063 2701 1947 1405 761 2589 1849
leaf_count=9063 2701 1947 1405 761 2589 1849
internal_value=-0.00015625 -0.00118815 0.0038186 -0.00381161 -0.00407685 -0.00827113
internal_weight=20315 11252 4113 2166 7139 4550
internal_count=20315 11252 4113 2166 7139 4550
is_linear=0
shrinkage=0.05


Tree=53
num_leaves=7
num_cat=0
split_feature=12 36 48 55 42 12
split_gain=34.4809 95.8175 68.3808 61.3576 54.0335 59.8879
threshold=0.033540470525622375 -0.71776899695396412 -0.30578617751598353 5078232680.000001 0.11680311709642412 0.073461566120386138
decision_type=2 2 2 10 2 2
left_child=-1 2 -2 -3 5 -4
right_child=1 3 4 -5 -6 -7
leaf_value=2.4670583074813159e-05 -0.0009858198175109079 -0.00024081993859045565 0.00044544500849424322 0.00031262562500769574 -0.00049904892686450668 -5.6274538995382788e-05
leaf_weight=16430 123 2367 681 138 166 315
leaf_count=16430 123 2367 681 138 166 315
internal_value=-0.000196539 -0.00391963 0.00715116 -0.00961155 0.0109469 0.0153596
internal_weight=20220 3790 1285 2505 1162 996
internal_count=20220 3790 1285 2505 1162 996
is_linear=0
shrinkage=0.05


Tree=54
num_leaves=7
num_cat=0
split_feature=41 21 24 47 42 47
split_gain=35.9225 40.1231 54.4695 68.8726 56.8677 51.9239
threshold=0.044386126101017005 0.47499999403953558 -0.012614949606359003 0.8953823745250703 0.11680311709642412 0.81633272767066967
decision_type=2 2 2 2 2 2
left_child=-1 -2 -3 4 -4 -6
right_child=1 2 3 -5 5 -7
leaf_value=-0.00011716882066981183 5.9496785996127892e-05 6.9581752798458387e-05 0.00011663121475834442 -0.00023072927769098706 -0.00053190247788054514 0.00021391421693778406
leaf_weight=1310 7794 4354 2671 3584 405 123
leaf_count=1310 7794 4354 2671 3584 405 123
internal_value=-0.000176578 0.000656158 -0.00126773 -0.00406968 0.00125624 -0.0136492
internal_weight=20241 18931 11137 6783 3199 528
internal_count=20241 18931 11137 6783 3199 528
is_linear=0
shrinkage=0.05


Tree=55
num_leaves=7
num_cat=0
split_feature=53 45 47 18 22 41
split_gain=32.8105 56.5886 53.2661 45.8506 43.6989 36.014
threshold=-0.13405773043632505 0.088105659931898131 0.58502250909805309 0.17500000447034839 0.57500001788139354 0.093731001019477858
decision_type=8 2 2 2 2 2
left_child=1 2 -1 -3 -4 -2
right_child=5 3 4 -5 -6 -7
leaf_value=-0.00087493551817714819 -1.9532042780447657e-05 0.00063277498073179895 0.00014326687785271529 -0.00014968372902434248 0.00060528349195327616 0.00011804498996630346
leaf_weight=53 15294 132 813 898 333 2671
leaf_count=53 15294 132 813 898 333 2671
internal_value=-0.000137383 0.00627798 0.013642 -0.00229469 0.0159644 -0.000146077
internal_weight=20194 2229 1199 1030 1146 17965
internal_count=20194 2229 1199 1030 1146 17965
is_linear=0
shrinkage=0.05


Tree=56
num_leaves=7
num_cat=0
split_feature=6 51 47 42 47 36
split_gain=33.5797 52.2613 51.7653 53.9621 48.8223 48.4568
threshold=0.88804772496223461 -0.019737044349312779 0.88931936025619518 0.11680311709642412 0.81633272767066967 -0.74995070695877064
decision_type=2 10 2 2 2 2
left_child=-1 2 3 5 -5 -2
right_child=1 -3 -4 4 -6 -7
leaf_value=1.4350564135453637e-05 0.00044777650081606027 -0.00038981125790067808 -0.0001835924417353962 -0.0011597684652356198 0.00018296740275758049 -3.2258052658363904e-06
leaf_weight=17324 497 503 1141 99 52 639
leaf_count=17324 497 503 1141 99 52 639
internal_value=-0.000201135 -0.00494721 -0.00188039 0.00497291 -0.0225962 0.00874233
internal_weight=20255 2931 2428 1287 151 1136
internal_count=20255 2931 2428 1287 151 1136
is_linear=0
shrinkage=0.05


Tree=57
num_leaves=7
num_cat=0
split_feature=48 49 55 33 43 48
split_gain=34.4306 39.1754 37.6543 44.9259 32.9239 31.2192
threshold=2.2894630432128911 0.47163246572017675 103671939.45312501 0.27378477156162268 0.046571685001254089 -1.7011268138885496
decision_type=2 2 10 2 2 2
left_child=2 -2 4 -4 -1 -6
right_child=1 -3 3 -5 5 -7
leaf_value=-0.00012109952119593289 -0.00039887547865926503 -3.7025824181303722e-05 0.00050922820349403718 -0.00017945472153363241 0.00014651985408732065 4.3226974928694903e-06
leaf_weight=1263 200 437 305 88 1586 16312
leaf_count=1263 200 437 305 88 1586 16312
internal_value=-0.000172064 -0.0110981 0.00066849 0.015892 0.000350882 0.00090348
internal_weight=20191 637 19554 393 19161 17898
internal_count=20191 637 19554 393 19161 17898
is_linear=0
shrinkage=0.05


Tree=58
num_leaves=7
num_cat=0
split_feature=24 53 43 48 44 26
split_gain=36.8245 33.5316 66.2367 38.3898 47.0804 41.3355
threshold=-0.081472899764776216 -0.13405773043632505 0.10350663959980012 2.2894630432128911 0.13569019734859469 0.12144121155142786
decision_type=2 8 2 2 2 2
left_child=-1 2 -2 4 -3 -6
right_child=1 3 -4 -5 5 -7
leaf_value=0.00045135071476827299 0.00015647924443131834 -2.0774680783814272e-05 -0.00036329978275008207 -0.00026514178705416722 0.00035907098438506518 -0.00050948781900807564
leaf_weight=336 2022 16536 217 511 661 74
leaf_count=336 2022 16536 217 511 661 74
internal_value=-0.000273794 -0.000220963 0.00553699 -0.000948727 -0.000545555 0.0117905
internal_weight=20357 20021 2239 17782 17271 735
internal_count=20357 20021 2239 17782 17271 735
is_linear=0
shrinkage=0.05


Tree=59
num_leaves=7
num_cat=0
split_feature=38 35 47 39 32 35
split_gain=34.1699 45.0006 40.7847 41.8701 74.7397 40.7544
threshold=-0.027621080167591568 0.85565930604934703 1.1091936826705935 0.03629559092223645 -0.37911359965801233 0.034735232591629035
decision_type=2 2 2 2 2 2
left_child=-1 2 5 -4 -5 -2
right_child=1 -3 3 4 -6 -7
leaf_value=-0.00016548162888178374 -3.992333778649397e-05 -0.00026214946686796468 0.00020561158189751099 0.0010940649189165334 -0.0003876781550302957 5.9527045597111869e-05
leaf_weight=1026 10215 293 1611 108 249 6749
leaf_count=1026 10215 293 1611 108 249 6749
internal_value=-0.000176491 0.000734529 0.00103897 0.00784339 -0.00752762 0.000246037
internal_weight=20251 19225 18932 1968 357 16964
internal_count=20251 19225 18932 1968 357 16964
is_linear=0
shrinkage=0.05


Tree=60
num_leaves=7
num_cat=0
split_feature=35 13 38 47 36 35
split_gain=34.2594 33.1321 31.3998 40.8737 54.9729 101.991
threshold=0.85565930604934703 0.047535840421915061 -0.032152993604540818 1.0803250670433047 0.37925906479358679 0.11155203357338907
decision_type=2 2 2 2 2 2
left_child=1 2 -1 -4 5 -5
right_child=-2 -3 3 4 -6 -7
leaf_value=-0.00023291663969279722 -0.00020881236483531447 -0.00033169687190379057 -5.1121010644096503e-07 0.00014113375956568801 0.0003726795256753573 -0.00041814055393824971
leaf_weight=602 319 322 16539 1860 492 237
leaf_count=602 319 322 16539 1860 492 237
internal_value=-0.000190175 0.000263 0.000525716 0.000881984 0.00671742 0.00315176
internal_weight=20371 20052 19730 19128 2589 2097
internal_count=20371 20052 19730 19128 2589 2097
is_linear=0
shrinkage=0.05


Tree=61
num_leaves=7
num_cat=0
split_feature=24 13 53 3 47 3
split_gain=32.0578 30.7573 33.1331 66.7269 45.2296 43.4539
threshold=-0.081472899764776216 0.047535840421915061 -0.10470951348543166 0.0088947140611708182 0.58502250909805309 0.0088947140611708182
decision_type=2 2 8 2 2 2
left_child=-1 2 3 4 -2 -4
right_child=1 -3 5 -5 -6 -7
leaf_value=0.0004230278619843632 -0.00081616093882515284 -0.0003171242041411679 -3.4235732376874932e-05 -0.00016003928575288625 0.00027670597744343205 0.00011098129879251684
leaf_weight=325 53 321 14193 804 1455 3105
leaf_count=325 53 321 14193 804 1455 3105
internal_value=-8.76067e-05 -0.000181832 7.00994e-05 0.00568623 0.0118804 -0.000680518
internal_weight=20256 19931 19610 2312 1508 17298
internal_count=20256 19931 19610 2312 1508 17298
is_linear=0
shrinkage=0.05


Tree=62
num_leaves=7
num_cat=0
split_feature=33 51 48 35 45 45
split_gain=35.9517 30.7949 27.9006 57.9196 60.5348 40.5802
threshold=0.57898852229118358 -1.926635146141052 -1.7011268138885496 -0.70922809839248646 0.09353018552064897 0.045290801674127586
decision_type=2 8 2 2 2 2
left_child=1 -1 3 4 -3 -5
right_child=-2 2 -4 5 -6 -7
leaf_value=0.00058175122512021233 -0.00026268079460732991 -0.00027101296411298953 -6.5831789407521587e-06 -0.0004239953326233781 0.00069409849957831977 0.00030733083378320586
leaf_weight=204 321 433 18045 72 66 1148
leaf_count=204 321 433 18045 72 66 1148
internal_value=-0.00015645 0.000404296 0.000201072 0.006279 -0.00798611 0.0121429
internal_weight=20289 19968 19764 1719 499 1220
internal_count=20289 19968 19764 1719 499 1220
is_linear=0
shrinkage=0.05


Tree=63
num_leaves=7
num_cat=0
split_feature=24 15 3 52 35 3
split_gain=29.1063 63.0351 51.4456 63.5836 50.1593 47.8002
threshold=-0.031423518434166901 0.37500000000000006 0.0088947140611708182 0.00030508956115227198 -0.81742659211158741 0.0096166841685771959
decision_type=2 2 2 8 2 2
left_child=1 2 3 -1 -5 -4
right_child=-2 -3 5 4 -6 -7
leaf_value=0.00040995684502250976 -1.6757058161006538e-05 0.0003822343826404656 0.00057401681194327672 -0.0004785870572320721 -2.2164359730663307e-05 9.2260198309480031e-05
leaf_weight=270 15954 412 358 377 2139 719
leaf_count=270 15954 412 358 377 2139 719
internal_value=-0.000181625 0.00376752 0.00176448 -0.00181834 -0.00431376 0.0110213
internal_weight=20229 4275 3863 2786 2516 1077
internal_count=20229 4275 3863 2786 2516 1077
is_linear=0
shrinkage=0.05


Tree=64
num_leaves=7
num_cat=0
split_feature=24 21 2 39 44 42
split_gain=30.4495 37.5467 54.57 52.8655 51.6983 70.5644
threshold=-0.081472899764776216 0.47499999403953558 0.0049598589539527902 -0.028520103543996807 0.099708724766969695 0.11064718291163446
decision_type=2 2 2 2 2 2
left_child=-1 2 3 -2 -3 -6
right_child=1 4 -4 -5 5 -7
leaf_value=0.00043528813725518273 0.00019841338973493962 -0.00011219751607809641 6.7523305634434235e-05 -0.00012447415450667605 0.00022162093488106461 -0.00011652647259780247
leaf_weight=335 257 6840 6800 2027 2282 1650
leaf_count=335 257 6840 6800 2027 2282 1650
internal_value=-0.000102743 -0.000310911 0.00205468 -0.00461992 -0.00230816 0.00225425
internal_weight=20191 19856 9084 2284 10772 3932
internal_count=20191 19856 9084 2284 10772 3932
is_linear=0
shrinkage=0.05


Tree=65
num_leaves=7
num_cat=0
split_feature=15 41 39 39 24 48
split_gain=31.3461 31.8332 45.0157 36.4383 55.6852 49.9345
threshold=0.97499999403953563 0.044386126101017005 -0.0039468683535233131 0.014384237118065359 -0.012614949606359003 -0.60077959299087513
decision_type=2 2 2 2 2 2
left_child=1 2 -1 5 -5 -3
right_child=-2 3 -4 4 -6 -7
leaf_value=4.760157308179203e-05 -0.00016400480853798603 -0.00011463731057066023 -0.00018068199929346799 0.00022591721120132256 -9.2068296164132457e-06 3.0501801969394896e-05
leaf_weight=470 1018 3728 803 2440 2729 9060
leaf_count=470 1018 3728 803 2440 2729 9060
internal_value=-0.00021108 0.000404211 -0.00721831 0.000947834 0.00448879 -0.000482686
internal_weight=20248 19230 1273 17957 5169 12788
internal_count=20248 19230 1273 17957 5169 12788
is_linear=0
shrinkage=0.05


Tree=66
num_leaves=7
num_cat=0
split_feature=12 36 10 50 47 47
split_gain=31.5827 60.7135 50.1629 37.6145 37.0671 47.395
threshold=0.050801768898963935 -0.51332354545593251 0.11380777880549432 0.4036648571491242 0.58502250909805309 0.67023825645446788
decision_type=2 2 2 2 2 2
left_child=4 -2 -3 -4 -1 -6
right_child=1 2 3 -5 5 -7
leaf_value=-0.00038280436165777739 6.1152991692557947e-05 -0.00053411081200668094 -0.00023996009237135969 0.00047206917291568176 0.00054958830010699725 1.1758455702595825e-05
leaf_weight=227 897 671 168 141 439 17787
leaf_count=227 897 671 168 141 439 17787
internal_value=-0.000190558 -0.00601753 -0.0145939 0.00199045 0.000781504 0.00103532
internal_weight=20330 1877 980 309 18453 18226
internal_count=20330 1877 980 309 18453 18226
is_linear=0
shrinkage=0.05


Tree=67
num_leaves=7
num_cat=0
split_feature=24 36 47 55 47 36
split_gain=37.8445 89.0555 84.4215 66.0466 70.4285 94.3471
threshold=0.029228325933218006 -0.58593788743019093 0.91376322507858287 152361.15625000003 1.0153248906135561 0.33611392974853521
decision_type=2 2 2 8 2 2
left_child=3 2 -2 -1 -5 -6
right_child=1 -3 -4 4 5 -7
leaf_value=0.0002796141906965456 0.00031133423100548733 -0.0001455474804844926 -0.00017220386315361825 -4.1791871291402362e-05 3.666519917720617e-05 0.00038146090170872935
leaf_weight=1222 1298 3686 531 9677 3281 677
leaf_count=1222 1298 3686 531 9677 3281 677
internal_value=-0.000204888 -0.00391757 0.00508451 0.000930225 -6.78152e-05 0.00554504
internal_weight=20372 5515 1829 14857 13635 3958
internal_count=20372 5515 1829 14857 13635 3958
is_linear=0
shrinkage=0.05


Tree=68
num_leaves=7
num_cat=0
split_feature=21 44 35 35 55 24
split_gain=30.1418 56.5813 96.9771 83.6851 61.6925 59.7399
threshold=0.47499999403953558 0.099708724766969695 -0.37527808547019953 -0.13897801935672757 64313.505859375007 0.016239897347986702
decision_type=2 2 2 2 8 2
left_child=-1 3 -3 4 -2 -4
right_child=1 2 5 -5 -6 -7
leaf_value=3.771236220795711e-05 0.00068281153063183575 0.00028475722106844801 0.00011726871989858024 7.8067363950627255e-05 -0.00022013996479383993 -0.00027172594221359681
leaf_weight=9153 96 1919 1192 2531 4479 979
leaf_count=9153 96 1919 1192 2531 4479 979
internal_value=-0.000219859 -0.00146192 0.00321734 -0.00415905 -0.00819323 -0.00400965
internal_weight=20349 11196 4090 7106 4575 2171
internal_count=20349 11196 4090 7106 4575 2171
is_linear=0
shrinkage=0.05


Tree=69
num_leaves=7
num_cat=0
split_feature=24 51 13 24 36 55
split_gain=29.8289 28.7501 30.2546 31.021 88.3746 48.4431
threshold=-0.081472899764776216 -1.926635146141052 -0.034721102565526955 0.029228325933218006 -0.58593788743019093 152361.15625000003
decision_type=2 8 2 2 2 8
left_child=-1 -2 -3 5 -5 -4
right_child=1 2 3 4 -6 -7
leaf_value=0.00044869633128944 0.00051858321369807722 -0.00026450484604266777 0.00026307125407892427 0.00012830060022885745 -0.00013880838022688511 3.7709478776421506e-06
leaf_weight=336 197 502 1156 1835 3587 12713
leaf_count=336 197 502 1156 1835 3587 12713
internal_value=-0.000195514 -0.000323831 -0.000516466 -0.000198228 -0.00340427 0.00105413
internal_weight=20326 19990 19793 19291 5422 13869
internal_count=20326 19990 19793 19291 5422 13869
is_linear=0
shrinkage=0.05


Tree=70
num_leaves=7
num_cat=0
split_feature=38 55 10 47 12 35
split_gain=26.8339 35.3885 43.511 37.2865 52.0146 39.4634
threshold=-0.027621080167591568 103671939.45312501 -0.03480184078216552 1.0803250670433047 0.011514537502080204 0.47254224121570593
decision_type=2 10 2 2 2 2
left_child=-1 3 -3 -2 5 -5
right_child=1 2 -4 4 -6 -7
leaf_value=-0.00012740087580308739 -1.4929655482995753e-05 -0.00016564212427849819 0.00045405168086899093 0.00015809039688165504 -0.00010938736083977135 0.00053691532970645626
leaf_weight=1002 16310 120 268 1743 743 171
leaf_count=1002 16310 120 268 1743 743 171
internal_value=-0.000155928 0.000352531 0.0152036 4.34851e-05 0.00553156 0.00988796
internal_weight=20357 19355 388 18967 2657 1914
internal_count=20357 19355 388 18967 2657 1914
is_linear=0
shrinkage=0.05


Tree=71
num_leaves=7
num_cat=0
split_feature=12 36 48 55 47 13
split_gain=30.5404 71.5175 72.0977 56.0006 47.4825 48.7806
threshold=0.029050727374851707 -0.69273802638053883 -0.30578617751598353 5078232680.000001 0.75925341248512279 0.026849408634006981
decision_type=2 2 2 10 2 2
left_child=-1 2 -2 4 -3 -6
right_child=1 3 -4 -5 5 -7
leaf_value=1.4424778386262351e-05 -0.00084689205575987536 -0.000660558241757235 0.00019847550754532176 0.00030283583824239867 -7.0321899938847747e-05 -0.00033587825527225799
leaf_weight=15906 145 263 1274 138 1881 700
leaf_count=15906 145 263 1274 138 1881 700
internal_value=-0.000328623 -0.00393214 0.00528441 -0.00832775 -0.00985433 -0.00774362
internal_weight=20307 4401 1419 2982 2844 2581
internal_count=20307 4401 1419 2982 2844 2581
is_linear=0
shrinkage=0.05


Tree=72
num_leaves=7
num_cat=0
split_feature=21 2 44 17 46 44
split_gain=29.516 45.9718 45.3095 45.019 44.1827 43.4064
threshold=0.47499999403953558 0.0049598589539527902 0.071579031646251692 0.72499999403953563 1.1228982210159304 0.099708724766969695
decision_type=2 2 2 2 2 2
left_child=1 3 -3 -1 -4 -2
right_child=5 2 4 -5 -6 -7
leaf_value=-1.6437730219336067e-05 -0.00010029746339283901 0.00013479134644104481 2.8095265581603284e-05 -0.00029156280152763759 -0.00044650346791094578 5.6511574529475774e-05
leaf_weight=1904 7087 2925 3799 386 176 4065
leaf_count=1904 7087 2925 3799 386 176 4065
internal_value=-0.000254337 0.00195487 0.00399348 -0.00417211 0.000508794 -0.00187102
internal_weight=20342 9190 6900 2290 3975 11152
internal_count=20342 9190 6900 2290 3975 11152
is_linear=0
shrinkage=0.05


Tree=73
num_leaves=7
num_cat=0
split_feature=33 42 47 35 45 3
split_gain=28.7529 31.1215 47.8879 39.9367 84.8277 59.7487
threshold=0.57898852229118358 0.17552453279495242 0.82829710841178905 -0.81742659211158741 0.092593811452388777 0.011959011200815441
decision_type=2 2 2 2 2 2
left_child=1 3 -3 4 -1 -5
right_child=-2 2 -4 5 -6 -7
leaf_value=-0.00032429238931762686 -0.00030302439619448867 -0.00037045789446500514 0.00046523776492552669 1.9550208984411801e-05 0.00022262581270624397 -0.0004338944519277412
leaf_weight=1171 328 87 237 17364 656 355
leaf_count=1171 328 87 237 17364 656 355
internal_value=-0.000162105 0.000174843 0.0154255 -8.05585e-05 -0.00710972 0.000644606
internal_weight=20198 19870 324 19546 1827 17719
internal_count=20198 19870 324 19546 1827 17719
is_linear=0
shrinkage=0.05


Tree=74
num_leaves=7
num_cat=0
split_feature=35 38 24 15 38 55
split_gain=29.9365 32.462 34.5153 58.3389 46.5246 50.8281
threshold=0.85565930604934703 -0.032152993604540818 -0.031423518434166901 0.37500000000000006 0.013237048871815206 16671.168945312504
decision_type=2 2 2 2 2 8
left_child=1 -1 3 -3 -4 -6
right_child=-2 2 4 -5 5 -7
leaf_value=-0.00020407156803392662 -0.00022631555673587947 4.9196176742834569e-05 8.8887215507984401e-06 0.00038002188358331537 -0.00064008053635556522 -0.00011091855886526952
leaf_weight=640 323 3596 12589 408 182 2505
leaf_count=640 323 3596 12589 408 182 2505
internal_value=-0.000206193 -8.90841e-05 0.000278714 0.00440883 -0.000803285 -0.00677006
internal_weight=20243 19920 19280 4004 15276 2687
internal_count=20243 19920 19280 4004 15276 2687
is_linear=0
shrinkage=0.05


Tree=75
num_leaves=7
num_cat=0
split_feature=3 2 17 36 44 41
split_gain=28.2277 49.3931 45.2875 40.2285 36.1789 55.1709
threshold=0.0045331795699894437 0.0036746505647897725 0.32500000298023229 -0.1003749445080757 0.071579031646251692 0.066245865076780333
decision_type=2 2 2 2 2 2
left_child=1 2 -1 -3 -2 -6
right_child=4 3 -4 -5 5 -7
leaf_value=-0.00019816766491064018 6.9268601557389393e-05 -0.00030149793465227893 0.00043765553538464011 2.3094572308706441e-05 -0.00013213642238651377 1.3483817719387628e-05
leaf_weight=89 4863 467 209 200 2457 11959
leaf_count=89 4863 467 209 200 2457 11959
internal_value=-0.000270384 -0.0082732 0.00849835 -0.015811 0.000468005 -0.00078878
internal_weight=20244 965 298 667 19279 14416
internal_count=20244 965 298 667 19279 14416
is_linear=0
shrinkage=0.05


Tree=76
num_leaves=7
num_cat=0
split_feature=13 32 20 55 44 33
split_gain=22.5082 55.2748 31.8555 26.2361 31.0578 31.8086
threshold=0.035957282409071929 -0.049632806330919259 0.97499999403953563 103671939.45312501 0.12269479408860208 -0.1103137508034706
decision_type=2 2 2 10 2 2
left_child=3 -2 -3 -1 -5 -6
right_child=1 2 -4 4 5 -7
leaf_value=-1.1807449810301817e-06 0.00030282478879555967 -0.00036858777326724882 3.0648011399550143e-05 0.00043890054105682113 0.00039357417637711327 -0.00046227154945213331
leaf_weight=19006 152 550 264 214 69 85
leaf_count=19006 152 550 264 214 69 85
internal_value=-0.000234701 -0.00759526 -0.01279 0.000205119 0.0133378 -0.00361635
internal_weight=20340 966 814 19374 368 154
internal_count=20340 966 814 19374 368 154
is_linear=0
shrinkage=0.05


Tree=77
num_leaves=7
num_cat=0
split_feature=24 39 25 21 35 25
split_gain=27.18 28.6213 26.551 24.1759 23.5192 25.1369
threshold=-0.081472899764776216 0.051370676606893546 -0.013180066831409929 0.42499999701976782 0.85565930604934703 -0.0084191416390240175
decision_type=2 2 2 2 2 2
left_child=-1 4 -3 -4 -2 -6
right_child=1 2 3 -5 5 -7
leaf_value=0.00034577998395823444 6.9672768490480026e-07 0.00012267971726125828 -7.9034334879954417e-05 -0.001175495628882935 2.3477435279920403e-05 -0.00042315124662266692
leaf_weight=339 19402 108 106 93 154 155
leaf_count=339 19402 108 106 93 154 155
internal_value=-0.000234505 -0.000438246 -0.0154647 -0.0261029 -0.000199077 -0.0137739
internal_weight=20357 20018 307 199 19711 309
internal_count=20357 20018 307 199 19711 309
is_linear=0
shrinkage=0.05


Tree=78
num_leaves=7
num_cat=0
split_feature=9 53 24 44 40 55
split_gain=26.7366 34.3287 43.2855 39.7048 54.1635 40.2401
threshold=-0.035332029685378068 -0.39403246343135828 0.020275929942727092 0.075554665178060545 0.057891825214028365 163819.50781250003
decision_type=2 8 2 2 2 8
left_child=1 2 -1 5 -5 -3
right_child=-2 3 -4 4 -6 -7
leaf_value=0.00094939817726481595 -2.666705680681291e-05 -0.00086070971053633461 1.5573463543698087e-05 -0.00045258821886320688 3.8478862206761181e-05 0.00022734613575860435
leaf_weight=135 15002 52 148 398 3385 1103
leaf_count=135 15002 52 148 398 3385 1103
internal_value=-0.000181679 0.0027411 0.0195312 0.00175501 -0.000719377 0.00984914
internal_weight=20223 5221 283 4938 3783 1155
internal_count=20223 5221 283 4938 3783 1155
is_linear=0
shrinkage=0.05


Tree=79
num_leaves=7
num_cat=0
split_feature=12 55 50 36 2 41
split_gain=28.6141 48.5809 32.2757 41.9547 41.879 40.8085
threshold=0.050801768898963935 187874.57031250003 -0.67757725715637196 0.13451419770717624 0.008198550436645748 0.087628424167633071
decision_type=2 8 2 2 2 2
left_child=-1 -2 -3 4 -4 -6
right_child=1 2 3 -5 5 -7
leaf_value=7.1519649915153739e-06 -0.00045196773558981015 -0.00040173427313345775 0.00021117805856911824 -0.00029513725367514117 -0.00042383798741705458 0.00014098127163423755
leaf_weight=18427 382 104 650 332 174 245
leaf_count=18427 382 104 650 332 174 245
internal_value=-0.000284217 -0.00609144 -0.00200331 1.77809e-05 0.00486499 -0.00737028
internal_weight=20314 1887 1505 1401 1069 419
internal_count=20314 1887 1505 1401 1069 419
is_linear=0
shrinkage=0.05


Tree=80
num_leaves=7
num_cat=0
split_feature=41 2 17 40 44 35
split_gain=29.3682 39.8564 42.3623 38.6858 37.0328 63.0114
threshold=0.044386126101017005 0.0036746505647897725 0.27500000596046453 0.03223527409136296 0.071579031646251692 -0.78452330827713002
decision_type=2 2 2 2 2 2
left_child=1 2 -1 -3 5 -2
right_child=4 3 -4 -5 -6 -7
leaf_value=-0.00022719374346916117 -0.00064780433811556569 -0.00034262766736953255 0.00033189905266340448 -0.00012253104240636325 -1.768109869909125e-05 8.9465978233251942e-05
leaf_weight=63 208 106 242 890 14366 4393
leaf_count=63 208 106 242 890 14366 4393
internal_value=-0.000235535 -0.00752297 0.00814516 -0.0123626 0.000227968 0.00413048
internal_weight=20268 1301 305 996 18967 4601
internal_count=20268 1301 305 996 18967 4601
is_linear=0
shrinkage=0.05


Tree=81
num_leaves=7
num_cat=0
split_feature=24 15 0 38 55 46
split_gain=27.5445 44.2988 44.2648 37.1356 40.9031 39.5716
threshold=-0.031423518434166901 0.37500000000000006 0.021440500393509868 0.016290681436657909 5078232680.000001 0.91655775904655468
decision_type=2 2 2 2 10 2
left_child=1 2 -1 4 -2 -5
right_child=3 -3 -4 5 -6 -7
leaf_value=-5.0726773495576517e-05 -7.602114184371558e-06 0.00031860071774816141 0.00015950563569810667 -0.00038126164298479684 0.00034462105186871205 -5.7505951090150185e-05
leaf_weight=2150 13793 422 1749 631 175 1350
leaf_count=2150 13793 422 1749 631 175 1350
internal_value=-0.000260173 0.00338072 0.00169698 -0.00111727 -0.000205754 -0.00751511
internal_weight=20270 4321 3899 15949 13968 1981
internal_count=20270 4321 3899 15949 13968 1981
is_linear=0
shrinkage=0.05


Tree=82
num_leaves=7
num_cat=0
split_feature=3 39 22 9 24 3
split_gain=23.6479 42.0057 31.0279 34.0118 25.9926 24.9474
threshold=0.0045331795699894437 0.0014212786918506028 0.075000001117587103 -0.0054027903825044623 -0.023375094868242737 0.0038279118016362195
decision_type=2 2 2 2 2 2
left_child=1 4 3 -2 -1 -6
right_child=2 -3 -4 -5 5 -7
leaf_value=-0.00037578273144485614 0.00025579507424953367 -0.00021691254764706261 -7.3136172144419612e-06 -6.8952713887539157e-05 0.00030597414675908631 -5.3012990458707611e-05
leaf_weight=62 246 438 18949 119 172 305
leaf_count=62 246 438 18949 119 172 305
internal_value=-0.000235268 -0.0081721 -0.000216108 0.0141216 0.0011489 0.00523859
internal_weight=20291 977 19314 365 539 477
internal_count=20291 977 19314 365 539 477
is_linear=0
shrinkage=0.05


Tree=83
num_leaves=7
num_cat=0
split_feature=41 35 16 12 36 53
split_gain=26.412 30.595 33.0786 26.9898 44.9422 32.5361
threshold=0.044386126101017005 0.76070174574852001 0.72499999403953563 0.050801768898963935 -0.51332354545593251 0.4542179554700852
decision_type=2 2 2 2 2 8
left_child=1 2 -1 5 -5 -2
right_child=3 -3 -4 4 -6 -7
leaf_value=-8.0073788122551898e-05 0.00012145877369239699 0.00087278640144692146 -0.00040277082243897044 3.3369235973429794e-05 -0.00028191338012942827 -7.1951647703660894e-06
leaf_weight=1058 2987 58 205 926 978 14113
leaf_count=1058 2987 58 205 926 978 14113
internal_value=-0.00025455 -0.0074095 -0.00908912 -0.000109159 -0.00574908 0.000518854
internal_weight=20325 1321 1263 19004 1904 17100
internal_count=20325 1321 1263 19004 1904 17100
is_linear=0
shrinkage=0.05


Tree=84
num_leaves=7
num_cat=0
split_feature=21 43 44 36 39 36
split_gain=23.3501 46.1324 45.421 127.064 85.8225 75.7324
threshold=0.47499999403953558 0.05236336030066014 0.099708724766969695 -0.31181326508522028 0.01012175949290395 0.66634088754653942
decision_type=2 2 2 2 2 2
left_child=1 -1 3 4 -2 -4
right_child=2 -3 5 -5 -6 -7
leaf_value=-6.4927433226154803e-05 -0.00047609121900418316 6.2317449079641305e-05 9.894420036698519e-05 5.0381283929547643e-05 -2.9970615557655259e-05 -0.00053213160573898353
leaf_weight=2636 2188 6554 3764 3491 1395 303
leaf_count=2636 2188 6554 3764 3491 1395 303
internal_value=-0.000200384 0.00119358 -0.00220931 -0.00462989 -0.0112389 0.00199533
internal_weight=20331 9190 11141 7074 3583 4067
internal_count=20331 9190 11141 7074 3583 4067
is_linear=0
shrinkage=0.05


Tree=85
num_leaves=7
num_cat=0
split_feature=9 48 39 10 53 35
split_gain=28.2723 38.6119 45.4869 60.937 53.9044 47.8754
threshold=-0.035332029685378068 -0.24472907930612561 -0.00082598836161196221 0.0050684751477092513 0.094242282211780562 -0.20021959394216535
decision_type=2 2 2 2 10 2
left_child=-1 -2 -3 5 -5 -4
right_child=1 2 3 4 -6 -7
leaf_value=5.6326577591256584e-05 -9.7943593082284056e-05 6.4701665118433856e-05 -0.00036703100096953259 7.8613783199772832e-05 -0.00043097553617167005 -5.8016469313941233e-05
leaf_weight=5236 5357 5435 926 1790 144 1388
leaf_count=5236 5357 5435 926 1790 144 1388
internal_value=-0.000329126 -0.00167331 0.000209021 -0.00366212 0.00287519 -0.00913109
internal_weight=20276 15040 9683 4248 1934 2314
internal_count=20276 15040 9683 4248 1934 2314
is_linear=0
shrinkage=0.05


Tree=86
num_leaves=7
num_cat=0
split_feature=12 36 47 47 55 55
split_gain=27.4555 43.5335 41.7666 48.8348 35.388 56.1009
threshold=0.050801768898963935 -0.51332354545593251 0.58502250909805309 0.67023825645446788 152361.15625000003 163819.50781250003
decision_type=2 2 2 2 8 8
left_child=2 -2 -1 -4 -5 -6
right_child=1 -3 3 4 5 -7
leaf_value=-0.00037993917478065114 2.1481455371579308e-05 -0.00029825303460654973 0.00047672025819867281 0.00014021933730335451 -0.00063932785960798752 -6.3130407400115149e-06
leaf_weight=235 933 981 450 1715 197 15851
leaf_count=235 933 981 450 1715 197 15851
internal_value=-0.000224628 -0.0060839 0.000199155 0.000473433 5.7688e-05 -0.000671214
internal_weight=20362 1914 18448 18213 17763 16048
internal_count=20362 1914 18448 18213 17763 16048
is_linear=0
shrinkage=0.05


Tree=87
num_leaves=7
num_cat=0
split_feature=25 24 35 12 38 38
split_gain=30.002 31.4569 24.3495 23.7871 44.6928 44.0482
threshold=0.050092736259102828 1.0000000180025095e-35 0.85565930604934703 -0.03217609599232673 0.016290681436657909 -0.017848293296992775
decision_type=2 2 2 2 2 2
left_child=2 -2 3 5 -5 -1
right_child=1 -3 -4 4 -6 -7
leaf_value=-0.00027565025066727047 0.00022819879971309882 -0.00049599100653156607 -0.00019434591605310195 2.2175670333269292e-06 -0.00015383428204782007 0.00011941408106919199
leaf_weight=271 88 237 321 14673 2031 2653
leaf_count=271 88 237 321 14673 2031 2653
internal_value=-0.000334089 -0.0155303 -0.000327002 -0.000100596 -0.000830391 0.00405428
internal_weight=20274 325 19949 19628 16704 2924
internal_count=20274 325 19949 19628 16704 2924
is_linear=0
shrinkage=0.05


Tree=88
num_leaves=7
num_cat=0
split_feature=12 36 20 49 53 44
split_gain=23.254 53.5942 42.9338 32.8326 28.3121 41.5653
threshold=0.059431146830320365 0.13451419770717624 0.52500000596046459 -0.31297692656517023 -0.13405773043632505 0.095986440777778639
decision_type=2 2 2 2 8 2
left_child=4 2 -2 -4 5 -1
right_child=1 -3 3 -5 -6 -7
leaf_value=0.00024891129492638029 -0.00052607538155909365 -0.0004435936526376175 0.00039853970452084352 -4.9342058675885076e-05 -7.9059724118671366e-06 9.2720108306400893e-06
leaf_weight=724 76 326 154 709 17044 1337
leaf_count=724 76 326 154 709 17044 1337
internal_value=-0.000332515 -0.00679134 -0.000662076 0.00256336 0.000194924 0.00572362
internal_weight=20370 1265 939 863 19105 2061
internal_count=20370 1265 939 863 19105 2061
is_linear=0
shrinkage=0.05


Tree=89
num_leaves=7
num_cat=0
split_feature=51 42 43 55 44 9
split_gain=27.0001 27.6897 24.0898 38.3669 32.33 56.0318
threshold=-1.926635146141052 0.095093466341495528 0.044349575415253646 171523.50000000003 0.071579031646251692 -0.037584306672215455
decision_type=8 2 2 10 2 2
left_child=1 -1 3 -2 5 -4
right_child=2 -3 4 -5 -6 -7
leaf_value=0.0010534088973731899 -0.00012497949822638197 0.00013774586225353045 0.0002768946735137603 0.00049710614847402125 -2.6061310803000978e-05 2.2697286523415013e-05
leaf_weight=69 949 130 565 58 14163 4391
leaf_count=69 949 130 565 58 14163 4391
internal_value=-0.000249631 0.0177696 -0.000510407 -0.00802866 -0.000111117 0.00336122
internal_weight=20325 199 20126 1007 19119 4956
internal_count=20325 199 20126 1007 19119 4956
is_linear=0
shrinkage=0.05


Tree=90
num_leaves=7
num_cat=0
split_feature=24 39 35 30 25 38
split_gain=22.737 24.2678 24.4753 23.9484 23.4592 22.9257
threshold=-0.081472899764776216 0.051370676606893546 0.85565930604934703 47.80513000488282 -0.0084191416390240175 -0.032152993604540818
decision_type=2 2 2 2 2 2
left_child=-1 2 5 -3 -4 -2
right_child=1 3 4 -5 -6 -7
leaf_value=0.00036602209809081057 -0.00015470644764959557 5.9934565538176218e-05 2.9602879984764358e-06 -0.00051112690789030339 -0.00033409436300194193 3.9204577333226949e-06
leaf_weight=340 646 113 163 172 163 18658
leaf_count=340 646 113 163 172 163 18658
internal_value=-0.000220879 -0.000553464 -0.000339954 -0.0149138 -0.0138218 -0.000107463
internal_weight=20255 19915 19630 285 326 19304
internal_count=20255 19915 19630 285 326 19304
is_linear=0
shrinkage=0.05


Tree=91
num_leaves=7
num_cat=0
split_feature=26 39 39 46 39 35
split_gain=23.4218 57.7881 46.7689 39.0697 50.2531 62.2528
threshold=0.067802984267473235 0.03629559092223645 -0.043935090303421014 0.8555140793323518 0.0048660077154636392 0.16429344564676288
decision_type=2 2 2 2 2 2
left_child=-1 2 -2 -4 5 -5
right_child=1 -3 3 4 -6 -7
leaf_value=6.2659193650414134e-06 -0.00039002447016159053 -0.00097642677904377162 -0.0003932152676767803 -0.00022866421257309788 0.00026238704536201991 0.00020836607671222292
leaf_weight=17103 358 121 311 1086 797 507
leaf_count=17103 358 121 311 1086 797 507
internal_value=-0.000279722 -0.00429356 -0.00291286 -0.000637472 0.00153445 -0.0035826
internal_weight=20283 3180 3059 2701 2390 1593
internal_count=20283 3180 3059 2701 2390 1593
is_linear=0
shrinkage=0.05


Tree=92
num_leaves=7
num_cat=0
split_feature=45 22 42 52 50 43
split_gain=25.2589 66.9428 53.3829 44.0616 45.488 51.2983
threshold=0.064081680029630675 0.52500000596046459 0.061854466795921333 -0.00019217639055568722 -1.6133489608764646 0.044349575415253646
decision_type=2 2 2 8 2 2
left_child=1 3 -2 -1 5 -5
right_child=2 -3 -4 4 -6 -7
leaf_value=0.00086673990263825803 0.00037303206256665474 -0.00067473794968908878 3.0834437588719803e-06 -0.00020767647888762612 -5.5520396928421477e-05 0.00034320182054039584
leaf_weight=61 133 262 14626 103 4940 237
leaf_count=61 133 262 14626 103 4940 237
internal_value=-0.000283547 -0.00355296 0.000387768 -0.00232417 -0.00283349 0.0147101
internal_weight=20362 5603 14759 5341 5280 340
internal_count=20362 5603 14759 5341 5280 340
is_linear=0
shrinkage=0.05


Tree=93
num_leaves=7
num_cat=0
split_feature=38 48 41 22 45 39
split_gain=21.3834 26.7386 26.1961 65.9045 59.709 46.8331
threshold=-0.032152993604540818 -0.1231584958732128 0.092249631881713881 0.87500000000000011 0.091404911130666747 0.032935468479990966
decision_type=2 2 2 2 2 2
left_child=1 -1 3 -2 -5 -4
right_child=2 -3 5 4 -6 -7
leaf_value=-0.00042561562644317263 -6.9961658783131463e-07 -1.1100603197594736e-06 0.00017331384281726137 -0.0007078441307498117 -6.3038181100826069e-05 -0.00021691473644125313
leaf_weight=287 15067 371 2788 471 838 486
leaf_count=287 15067 371 2788 471 838 486
internal_value=-0.000264609 -0.00931373 -0.000181888 -0.000999634 -0.011739 0.003896
internal_weight=20308 658 19650 16376 1309 3274
internal_count=20308 658 19650 16376 1309 3274
is_linear=0
shrinkage=0.05


Tree=94
num_leaves=7
num_cat=0
split_feature=6 27 48 51 45 35
split_gain=26.1275 37.6203 32.2029 32.1618 90.7873 56.925
threshold=0.88804772496223461 0.052569679915905006 0.3581016212701798 -0.064843520522117601 0.10417580977082254 0.50058910250663768
decision_type=2 2 2 10 2 2
left_child=3 -2 -3 -1 5 -5
right_child=1 2 -4 4 -6 -7
leaf_value=-4.2427740029336359e-06 -2.9290141091731227e-05 -0.00075698522418614811 -0.00018032880289921231 0.00028839885303004004 -0.0004560091730820442 -0.00011031115537416913
leaf_weight=15009 2316 93 510 1596 254 469
leaf_count=15009 2316 93 510 1596 254 469
internal_value=-0.000225904 -0.00459131 -0.0156661 0.000517798 0.00599182 0.00948068
internal_weight=20247 2919 603 17328 2319 2065
internal_count=20247 2919 603 17328 2319 2065
is_linear=0
shrinkage=0.05


Tree=95
num_leaves=7
num_cat=0
split_feature=12 36 55 0 35 51
split_gain=32.4533 45.0299 31.205 31.999 41.2972 30.3669
threshold=0.050801768898963935 -0.51332354545593251 206921928.00000003 -0.048720020800828927 0.23554304987192157 -0.086268734186887727
decision_type=2 2 10 2 2 8
left_child=-1 5 3 4 -3 -2
right_child=1 2 -4 -5 -6 -7
leaf_value=5.3461971821391683e-06 -0.00026075995139782017 0.00060456705187370658 0.00012274653386480156 -0.00042777537714535577 -0.00045919620265375341 6.4638866972003154e-05
leaf_weight=18426 73 107 118 653 85 854
leaf_count=18426 73 107 118 653 85 854
internal_value=-0.000294031 -0.00653034 -0.0140754 -0.0174412 0.000380711 0.00131438
internal_weight=20316 1890 963 845 192 927
internal_count=20316 1890 963 845 192 927
is_linear=0
shrinkage=0.05


Tree=96
num_leaves=7
num_cat=0
split_feature=48 24 41 47 14 0
split_gain=23.8381 36.3276 22.0922 31.128 36.9628 28.3556
threshold=2.5937851667404179 0.095918375998735442 0.044386126101017005 0.8351692557334901 0.72499999403953563 -0.0064400904811918727
decision_type=2 2 2 2 2 2
left_child=2 -2 3 4 -1 -4
right_child=1 -3 5 -5 -6 -7
leaf_value=0.00020491858572461538 -5.751565492166913e-05 -0.00089025081163783516 -3.1977169943691981e-05 -0.00014249867480077306 -0.00022697626424338517 4.1074075948586159e-05
leaf_weight=310 247 79 7680 841 143 10850
leaf_count=310 247 79 7680 841 143 10850
internal_value=-0.00032126 -0.0135196 8.82546e-06 -0.0062933 0.00420306 0.000451848
internal_weight=20150 326 19824 1294 453 18530
internal_count=20150 326 19824 1294 453 18530
is_linear=0
shrinkage=0.05


Tree=97
num_leaves=7
num_cat=0
split_feature=55 48 41 35 22 35
split_gain=24.2687 40.3016 21.8508 51.9447 73.9905 45.2351
threshold=103671939.45312501 0.93088063597679149 0.092249631881713881 -0.81742659211158741 0.87500000000000011 0.18863234668970111
decision_type=10 2 2 2 2 2
left_child=2 -2 3 -1 -5 -6
right_child=1 -3 -4 4 5 -7
leaf_value=-0.00024343548279365061 0.00058020046643098737 -4.1501294385647425e-05 7.3055569311006348e-05 6.9928925770414242e-06 -0.00047718776889498079 0.0003568009382844272
leaf_weight=1412 209 187 3465 14156 825 120
leaf_count=1412 209 187 3465 14156 825 120
internal_value=-0.000263752 0.0119077 -0.000514187 -0.00127285 -0.000412088 -0.0139211
internal_weight=20374 396 19978 16513 15101 945
internal_count=20374 396 19978 16513 15101 945
is_linear=0
shrinkage=0.05


Tree=98
num_leaves=7
num_cat=0
split_feature=51 55 44 33 41 39
split_gain=26.1731 38.5417 34.3249 24.6618 19.7756 39.9399
threshold=3.6671905517578129 103671939.45312501 0.12269479408860208 -0.1103137508034706 0.044386126101017005 -0.0046964969951659432
decision_type=10 10 2 2 2 2
left_child=1 4 -3 -4 5 -1
right_child=-2 2 3 -5 -6 -7
leaf_value=5.0143060018963369e-05 -0.00018007234757126437 0.00051501777031580972 0.00031485163517639997 -0.00052399814511151852 -1.9040074787857881e-06 -0.00014680736556951381
leaf_weight=471 131 190 62 68 18552 873
leaf_count=471 131 190 62 68 18552 873
internal_value=-0.000298496 -0.000231195 0.0168462 -0.00277778 -0.000511281 -0.00635656
internal_weight=20347 20216 320 130 19896 1344
internal_count=20347 20216 320 130 19896 1344
is_linear=0
shrinkage=0.05


Tree=99
num_leaves=7
num_cat=0
split_feature=43 48 2 36 44 48
split_gain=24.3065 47.5788 27.5055 35.2576 24.833 23.8387
threshold=0.044349575415253646 -0.30578617751598353 0.0036746505647897725 -0.25845691561698908 0.061556277796626098 2.2894630432128911
decision_type=2 2 2 2 2 2
left_child=1 -1 3 -3 -4 -2
right_child=5 2 4 -5 -6 -7
leaf_value=-0.00027402615574442871 5.4599028735152075e-06 0.00044792027499422258 -0.00013143176318899905 -6.0673968415831704e-05 0.0004214863740951483 -0.00015417380808645391
leaf_weight=408 18722 98 292 102 88 634
leaf_count=408 18722 98 292 102 88 634
internal_value=-0.000278883 -0.00803122 0.00115385 0.0159756 -0.00668831 -9.03879e-06
internal_weight=20344 988 580 200 380 19356
internal_count=20344 988 580 200 380 19356
is_linear=0
shrinkage=0.05


Tree=100
num_leaves=7
num_cat=0
split_feature=33 0 55 39 49 39
split_gain=23.8216 20.078 59.2092 50.757 47.1641 41.0052
threshold=0.57898852229118358 0.018467712216079239 163819.50781250003 0.032935468479990966 -0.951643407344818 0.01012175949290395
decision_type=2 2 10 2 2 2
left_child=1 -1 3 5 -5 -3
right_child=-2 2 -4 4 -6 -7
leaf_value=-2.0058063355124142e-05 -0.00021106970814737877 -6.6458065074165386e-06 0.00046857672014171856 0.00027086944726063724 -0.00031642315058714597 0.00019306041597470948
leaf_weight=15259 319 2576 308 100 483 1283
leaf_count=15259 319 2576 308 100 483 1283
internal_value=-0.000254512 -0.000296043 0.00253943 0.00105127 -0.0126276 0.00313794
internal_weight=20328 20009 4750 4442 583 3859
internal_count=20328 20009 4750 4442 583 3859
is_linear=0
shrinkage=0.05


Tree=101
num_leaves=7
num_cat=0
split_feature=24 35 41 42 44 35
split_gain=22.96 47.0354 52.8299 39.1392 27.4442 69.9306
threshold=0.095918375998735442 -0.07327846065163611 0.090940508991479888 0.09072203561663629 0.10694705322384836 -0.35086125135421747
decision_type=2 2 2 2 2 2
left_child=4 2 3 -2 -1 -6
right_child=1 -3 -4 -5 5 -7
leaf_value=-1.4223352011926057e-05 7.3071998490456148e-05 -0.00047670448112469314 0.00074513965786580808 -0.00070001049894834004 0.00029074432224934419 -5.1348168592917429e-05
leaf_weight=16377 193 232 103 119 1405 1850
leaf_count=16377 193 232 103 119 1405 1850
internal_value=-0.000220617 -0.00954755 0.000535714 -0.00970032 -8.91175e-06 0.00417945
internal_weight=20279 647 415 312 19632 3255
internal_count=20279 647 415 312 19632 3255
is_linear=0
shrinkage=0.05


Tree=102
num_leaves=7
num_cat=0
split_feature=2 39 44 36 22 41
split_gain=24.3189 49.792 47.9424 46.1192 75.2305 47.7608
threshold=0.0049598589539527902 -0.028520103543996807 0.071579031646251692 0.29932668805122381 0.52500000596046459 0.047924621030688293
decision_type=2 2 2 2 2 2
left_child=1 -1 3 4 -2 -5
right_child=2 -3 -4 5 -6 -7
leaf_value=0.0001732771983616838 6.1442779938578361e-05 -0.00010444908785830364 -1.9354424699174355e-05 -0.00028290992769020051 -0.00069385256027317411 0.00024595852713161733
leaf_weight=277 2180 2029 14245 133 129 1270
leaf_count=277 2180 2029 14245 133 129 1270
internal_value=-0.000309601 -0.00505193 0.000396671 0.00545467 0.00109118 0.0125888
internal_weight=20263 2306 17957 3712 2309 1403
internal_count=20263 2306 17957 3712 2309 1403
is_linear=0
shrinkage=0.05


Tree=103
num_leaves=7
num_cat=0
split_feature=13 47 10 53 45 47
split_gain=25.08 23.506 64.4862 21.6096 57.9897 51.8877
threshold=0.047535840421915061 1.6064773201942446 0.030923729762434963 -0.19345973432064054 0.090327650308609023 0.58502250909805309
decision_type=2 2 2 8 2 2
left_child=1 3 -3 4 5 -1
right_child=-2 2 -4 -5 -6 -7
leaf_value=-0.00079489516752425076 -0.00026654662583487534 0.00067214477727852947 -0.00068540213998441023 -1.3071906162139063e-05 -9.0807634064177356e-05 0.00025627260079939384
leaf_weight=58 329 236 69 17870 859 985
leaf_count=58 329 236 69 17870 859 985
internal_value=-0.00025354 -3.11224e-05 0.013629 -0.000246498 0.00481122 0.0127147
internal_weight=20406 20077 305 19772 1902 1043
internal_count=20406 20077 305 19772 1902 1043
is_linear=0
shrinkage=0.05


Tree=104
num_leaves=7
num_cat=0
split_feature=9 22 39 26 48 51
split_gain=22.6221 32.7887 68.7629 42.7749 42.6134 48.6868
threshold=-0.037584306672215455 0.52500000596046459 -0.021664185449481007 0.022723589092493061 0.30109833180904394 -1.2074237465858457
decision_type=2 2 2 2 2 8
left_child=1 2 -1 -4 5 -3
right_child=-2 4 3 -5 -6 -7
leaf_value=-0.00013411269510676515 -2.2280445199823621e-05 0.00083920298999148489 0.00030484218196964464 -6.9449107849921273e-05 -0.00031399453610695511 2.646295079340843e-05
leaf_weight=382 15640 113 827 179 677 2456
leaf_count=382 15640 113 827 179 677 2456
internal_value=-0.000279846 0.00253826 0.00895549 0.0158012 -0.000207628 0.00272922
internal_weight=20274 4634 1388 1006 3246 2569
internal_count=20274 4634 1388 1006 3246 2569
is_linear=0
shrinkage=0.05


Tree=105
num_leaves=7
num_cat=0
split_feature=55 49 0 39 40 42
split_gain=27.405 25.3062 23.6949 35.6677 34.4621 33.2037
threshold=103671939.45312501 -0.15392127633094785 -0.007540671154856681 -0.063188947737216936 0.06694029271602632 0.042426591739058502
decision_type=10 2 2 2 2 2
left_child=2 -2 3 -1 -5 -4
right_child=1 -3 5 4 -6 -7
leaf_value=0.000262448952979694 0.00054940553205980582 8.2605025189001461e-06 -0.00022628145341886601 7.0619991428882631e-06 -0.00012780842712647881 1.7929245857123973e-05
leaf_weight=182 164 250 246 3156 4382 11964
leaf_count=182 164 250 246 3156 4382 11964
internal_value=-0.000337854 0.0121122 -0.000806371 -0.00297411 -0.00350988 0.000562833
internal_weight=20344 414 19930 7720 7538 12210
internal_count=20344 414 19930 7720 7538 12210
is_linear=0
shrinkage=0.05


Tree=106
num_leaves=7
num_cat=0
split_feature=51 6 12 47 1 35
split_gain=22.4043 24.4011 19.884 41.325 45.9293 40.4092
threshold=-2.3632502555847164 0.45455269515514379 -0.03217609599232673 0.97631052136421215 -0.0081705315969884378 0.44925771653652197
decision_type=8 2 2 2 2 2
left_child=1 -1 3 4 -2 -6
right_child=2 -3 -4 -5 5 -7
leaf_value=0.00077137860818647392 -0.00040714749770153196 -4.8438388021114371e-05 -2.2335193780974535e-05 0.00022890173414356004 9.281263420572497e-05 -0.00022971110503315981
leaf_weight=74 277 58 17117 1347 1121 298
leaf_count=74 277 58 17117 1347 1121 298
internal_value=-0.00033872 0.0195255 -0.000757501 0.00296096 -0.00221928 0.00142205
internal_weight=20292 132 20160 3043 1696 1419
internal_count=20292 132 20160 3043 1696 1419
is_linear=0
shrinkage=0.05


Tree=107
num_leaves=7
num_cat=0
split_feature=55 10 49 31 33 17
split_gain=24.7071 36.4641 23.701 25.1679 23.5017 23.0763
threshold=103671939.45312501 -0.03480184078216552 -2.1351126432418819 37.095525741577156 0.2380827218294144 0.17500000447034839
decision_type=10 2 2 2 2 2
left_child=2 -2 3 -1 -3 -5
right_child=1 4 -4 5 -6 -7
leaf_value=0.00084992466237083153 -0.00016079150248747489 0.00046388060829565539 -1.3260175516404516e-05 -0.00025832576901372027 -4.363485540797977e-05 0.00035270456828586359
leaf_weight=86 140 207 19539 76 67 189
leaf_count=86 140 207 19539 76 67 189
internal_value=-0.000308976 0.0116348 -0.000632068 0.0121489 0.0221326 0.00416667
internal_weight=20304 414 19890 351 274 265
internal_count=20304 414 19890 351 274 265
is_linear=0
shrinkage=0.05


Tree=108
num_leaves=7
num_cat=0
split_feature=35 45 52 52 26 36
split_gain=28.3324 91.4525 59.6809 57.4628 57.9576 43.2031
threshold=-0.81742659211158741 0.092593811452388777 -0.00024395361833740023 -0.00012527685612440107 0.08404861763119699 -0.81874778866767872
decision_type=2 2 10 8 2 2
left_child=1 2 -1 -3 -5 -2
right_child=5 3 -4 4 -6 -7
leaf_value=-0.00036460702242170737 0.00019659798499442919 -0.00052542649055396806 0.00049589832610396332 0.00040258664797562945 -0.00017711861556359498 -1.1569828863641839e-05
leaf_weight=1087 1260 99 129 550 166 17074
leaf_count=1087 1260 99 129 550 166 17074
internal_value=-0.000249141 -0.00629912 -0.0149672 0.00661585 0.0116158 -8.04297e-05
internal_weight=20365 2031 1216 815 716 18334
internal_count=20365 2031 1216 815 716 18334
is_linear=0
shrinkage=0.05


Tree=109
num_leaves=7
num_cat=0
split_feature=27 12 2 20 21 44
split_gain=22.2891 35.1053 23.457 42.8616 40.7465 44.7634
threshold=0.06949253007769586 0.020496617071330551 0.0049598589539527902 0.77500000596046459 0.47499999403953558 0.099708724766969695
decision_type=2 2 2 2 2 2
left_child=2 -2 3 -1 -4 -6
right_child=1 -3 4 -5 5 -7
leaf_value=-2.2677622026037909e-05 0.00031788358149703383 -0.00043462583031367595 5.9687188965545339e-05 -0.00024907767406089618 -7.3474083249141028e-05 7.3353212522432988e-05
leaf_weight=1895 78 252 6848 434 7016 3847
leaf_count=1895 78 252 6848 434 7016 3847
internal_value=-0.000376687 -0.0130597 -5.36293e-05 -0.0047665 0.000565873 -0.00133649
internal_weight=20370 330 20040 2329 17711 10863
internal_count=20370 330 20040 2329 17711 10863
is_linear=0
shrinkage=0.05


Tree=110
num_leaves=7
num_cat=0
split_feature=35 43 30 38 39 44
split_gain=20.2366 21.7295 32.7775 21.345 34.3604 29.2482
threshold=0.85565930604934703 0.060577429831027992 38.246639251708991 -0.027621080167591568 -0.063188947737216936 0.097491636872291579
decision_type=2 2 2 2 2 2
left_child=3 -2 -3 4 -1 -6
right_child=1 2 -4 -5 5 -7
leaf_value=0.00019313071276296848 -0.00070292074560190021 0.00024168916771842282 -0.00020118622255951301 2.2745865879433924e-07 -5.0940763603712349e-05 -0.00039826476844250755
leaf_weight=152 69 72 182 19013 482 334
leaf_count=152 69 72 182 19013 482 334
internal_value=-0.000299128 -0.0128811 -0.00569498 -0.0003565 -0.00757965 -0.0116626
internal_weight=20304 323 254 19981 968 816
internal_count=20304 323 254 19981 968 816
is_linear=0
shrinkage=0.05


Tree=111
num_leaves=7
num_cat=0
split_feature=0 53 55 2 53 1
split_gain=19.2874 42.2399 54.9196 47.05 40.0694 58.5434
threshold=-0.007540671154856681 -0.19345973432064054 18265.901367187504 0.0085974861867725866 -0.2735744416713714 -0.056459300220012658
decision_type=2 10 10 2 10 2
left_child=1 2 -1 -4 -2 -6
right_child=4 -3 3 -5 5 -7
leaf_value=-3.3396678438859118e-05 -1.9593503685765514e-06 -0.00022089655085556659 0.00030909653655870862 -0.00011332703678832391 -0.0002601615198714198 0.00029248392433058306
leaf_weight=6352 10974 992 481 226 285 1032
leaf_count=6352 10974 992 481 226 285 1032
internal_value=-0.000244508 -0.0022747 -0.000909541 0.0122542 0.000872235 0.00909607
internal_weight=20342 8051 7059 707 12291 1317
internal_count=20342 8051 7059 707 12291 1317
is_linear=0
shrinkage=0.05


Tree=112
num_leaves=7
num_cat=0
split_feature=55 48 43 48 6 36
split_gain=20.0952 38.1023 18.8066 48.8379 22.4976 22.4581
threshold=103671939.45312501 0.93088063597679149 0.044349575415253646 -0.24472907930612561 0.30389863252639776 -0.74995070695877064
decision_type=10 2 2 2 2 2
left_child=2 -2 3 4 -1 -5
right_child=1 -3 -4 5 -6 -7
leaf_value=-0.00012242534391284946 0.00045478686987940808 -5.4848965132043431e-05 -8.825068422549984e-06 0.00027869205174565532 -0.0004190263608537686 -2.7094640539690789e-05
leaf_weight=260 212 204 18965 75 160 490
leaf_count=260 212 204 18965 75 160 490
internal_value=-0.000283491 0.0101544 -0.000880732 -0.00760101 -0.0204118 0.00197368
internal_weight=20366 416 19950 985 420 565
internal_count=20366 416 19950 985 420 565
is_linear=0
shrinkage=0.05


Tree=113
num_leaves=7
num_cat=0
split_feature=3 2 17 7 45 39
split_gain=22.0445 48.6704 33.1761 24.8586 26.7813 23.13
threshold=0.0045331795699894437 0.0036746505647897725 0.32500000298023229 0.28715834021568304 0.040091477334499366 0.0077594951726496228
decision_type=2 2 2 2 2 2
left_child=1 2 -1 -4 -5 -3
right_child=-2 5 3 4 -6 -7
leaf_value=-0.0001443799543662054 -8.6697778036349709e-07 -0.00010206810658624374 0.0005409620655087141 0.00061973960101113551 -0.00021464850340449884 -0.00022485325178758916
leaf_weight=85 19372 474 82 82 53 192
leaf_count=85 19372 474 82 82 53 192
internal_value=-0.000219956 -0.0077852 0.00871336 0.0190315 0.00517857 -0.015313
internal_weight=20340 968 302 217 135 666
internal_count=20340 968 302 217 135 666
is_linear=0
shrinkage=0.05


Tree=114
num_leaves=7
num_cat=0
split_feature=35 45 51 55 26 3
split_gain=20.4969 105.355 58.7024 55.2634 67.7698 29.8239
threshold=-0.81742659211158741 0.092593811452388777 -0.10381090641021727 181205.52343750003 0.091404050588607802 0.0077297841198742398
decision_type=2 2 10 8 2 2
left_child=1 2 -1 -3 -5 -4
right_child=-2 3 5 4 -6 -7
leaf_value=-0.0003979877529889528 2.2707505499982436e-06 -0.00047759554202382527 0.0011593781016613802 0.00042347471263480351 -0.00029731142480426124 -0.00010283021528704575
leaf_weight=1057 18458 101 54 540 146 67
leaf_count=1057 18458 101 54 540 146 67
internal_value=-0.0002827 -0.00524112 -0.0146872 0.00886995 0.0140014 0.0176587
internal_weight=20423 1965 1178 787 686 121
internal_count=20423 1965 1178 787 686 121
is_linear=0
shrinkage=0.05


Tree=115
num_leaves=7
num_cat=0
split_feature=55 48 41 36 35 22
split_gain=24.164 30.5412 20.4074 56.4414 52.0145 53.806
threshold=103671939.45312501 1.2076410651206972 0.092249631881713881 -1.0000000180025095e-35 -0.81742659211158741 0.87500000000000011
decision_type=10 2 2 2 2 2
left_child=2 -2 4 -4 -1 -6
right_child=1 -3 3 -5 5 -7
leaf_value=-0.00024608811304062264 0.00038274868338559841 -0.00010335786703015855 0.00016959461602568857 -0.00016589190206370738 -2.5619713469040631e-06 -0.00032523425520007053
leaf_weight=1434 255 158 2405 1018 14123 920
leaf_count=1434 255 158 2405 1018 14123 920
internal_value=-0.000313761 0.0110646 -0.00107887 0.00242853 -0.00180955 -0.000938663
internal_weight=20313 413 19900 3423 16477 15043
internal_count=20313 413 19900 3423 16477 15043
is_linear=0
shrinkage=0.05


Tree=116
num_leaves=7
num_cat=0
split_feature=51 6 51 55 44 6
split_gain=26.4591 21.8218 19.989 30.1332 29.6858 21.4945
threshold=-2.3632502555847164 0.43787200748920446 3.6671905517578129 103671939.45312501 0.12269479408860208 0.71758088469505321
decision_type=8 2 10 10 2 2
left_child=1 -1 3 -2 -5 -6
right_child=2 -3 -4 4 5 -7
leaf_value=0.00067226720531291049 -1.227251387380772e-05 3.5205018837030845e-05 -0.00022220855996141504 0.00042104420804705699 0.00036258037592912002 -0.00046074783827541627
leaf_weight=73 19776 63 135 176 65 62
leaf_count=73 19776 63 135 176 65 62
internal_value=-0.000229673 0.0210993 -0.000631831 -0.000499154 0.0150162 -0.0032197
internal_weight=20350 136 20214 20079 303 127
internal_count=20350 136 20214 20079 303 127
is_linear=0
shrinkage=0.05


Tree=117
num_leaves=7
num_cat=0
split_feature=43 2 35 35 36 47
split_gain=20.7509 37.6189 38.8711 41.9742 38.0511 29.1728
threshold=0.046571685001254089 0.0036746505647897725 0.55707865953445446 -0.24748685956001279 -0.25845691561698908 0.73175603151321422
decision_type=2 2 2 2 2 2
left_child=1 4 3 -3 -1 -5
right_child=-2 2 -4 5 -6 -7
leaf_value=0.00035033188015985559 -6.4222681192279082e-06 3.1571885173225177e-06 0.0005905307944893926 0.00018909290608042762 -6.7825391107000554e-05 -0.00032505521795810923
leaf_weight=151 18873 313 84 54 167 542
leaf_count=151 18873 313 84 54 167 542
internal_value=-0.000241468 -0.0068579 -0.0116483 -0.0146882 0.00797214 -0.022421
internal_weight=20184 1311 993 909 318 596
internal_count=20184 1311 993 909 318 596
is_linear=0
shrinkage=0.05


Tree=118
num_leaves=7
num_cat=0
split_feature=25 53 45 22 36 25
split_gain=23.1218 22.801 35.3399 36.2004 41.617 33.3177
threshold=0.050092736259102828 -0.19345973432064054 0.090327650308609023 0.62500000000000011 -0.71776899695396412 0.0022873523412272338
decision_type=2 8 2 2 2 2
left_child=1 2 3 4 -1 -6
right_child=-2 -3 -4 -5 5 -7
leaf_value=0.00060733557457134056 -0.0002195026925532656 -1.5090665575865455e-05 -6.0789135866643874e-05 0.0005205517837052544 0.00015347176664977228 -0.0002141031430101205
leaf_weight=134 327 18138 811 347 277 248
leaf_count=134 327 18138 811 347 277 248
internal_value=-0.00038325 -0.000321894 0.00500823 0.0112512 0.00425452 -0.00212264
internal_weight=20282 19955 1817 1006 659 525
internal_count=20282 19955 1817 1006 659 525
is_linear=0
shrinkage=0.05


Tree=119
num_leaves=7
num_cat=0
split_feature=43 50 2 17 39 48
split_gain=22.3857 36.0642 33.9752 34.8641 31.6301 26.9278
threshold=0.044349575415253646 1.1949365139007571 0.0036746505647897725 0.27500000596046453 -0.0070657297037541858 -0.71361038088798512
decision_type=2 2 2 2 2 2
left_child=1 2 3 -1 -3 -4
right_child=-2 4 5 -5 -6 -7
leaf_value=-0.00019170649532355589 2.4058082928456183e-06 0.00043122209096336736 -0.00039516108503113019 0.00017932481274707075 -6.3970694512772148e-05 -0.00011020860549443442
leaf_weight=65 19338 78 198 211 51 390
leaf_count=65 19338 78 198 211 51 390
internal_value=-0.000288897 -0.00754008 -0.0112486 0.00311388 0.0166045 -0.0180017
internal_weight=20331 993 864 276 129 588
internal_count=20331 993 864 276 129 588
is_linear=0
shrinkage=0.05


Tree=120
num_leaves=7
num_cat=0
split_feature=35 25 41 42 36 43
split_gain=21.1253 20.8848 23.4329 70.7524 60.0333 51.2736
threshold=0.85565930604934703 0.050092736259102828 0.093731001019477858 0.09072203561663629 -0.79541438817977894 0.085408039391040816
decision_type=2 2 2 2 2 2
left_child=1 2 -1 -4 -5 -6
right_child=-2 -3 3 4 5 -7
leaf_value=-1.1644896900911741e-05 -0.00017473690872715981 -0.00016669926459969504 0.00044570500519206787 0.00031147883377067703 0.00032058525760597249 -0.00015426555664524241
leaf_weight=16521 326 333 551 596 317 1601
leaf_count=16521 326 333 551 596 317 1601
internal_value=-0.000211111 -0.000176922 3.44546e-05 0.00404723 0.000466455 -0.00383515
internal_weight=20245 19919 19586 3065 2514 1918
internal_count=20245 19919 19586 3065 2514 1918
is_linear=0
shrinkage=0.05


Tree=121
num_leaves=7
num_cat=0
split_feature=48 36 39 42 45 48
split_gain=21.7656 46.6234 36.1721 37.3671 35.4661 30.5092
threshold=-1.7011268138885496 -0.65981331467628468 -0.013556020334362982 0.042426591739058502 0.09353018552064897 -0.60077959299087513
decision_type=2 2 2 2 2 2
left_child=1 4 -3 -4 -1 -2
right_child=5 2 3 -5 -6 -7
leaf_value=-0.00023797071794953186 -7.8093324577147737e-05 -8.4820480038275397e-05 -0.00033475713842396026 0.00034588113198202202 0.00053289631501060261 5.372687869796699e-06
leaf_weight=426 5076 323 69 759 89 13479
leaf_count=426 5076 323 69 759 89 13479
internal_value=-0.000201473 0.00507181 0.0106618 0.0161765 -0.00735577 -0.000884968
internal_weight=20221 1666 1151 828 515 18555
internal_count=20221 1666 1151 828 515 18555
is_linear=0
shrinkage=0.05


Tree=122
num_leaves=7
num_cat=0
split_feature=38 18 8 36 36 42
split_gain=19.2156 43.5036 27.3716 28.6566 26.8894 29.6359
threshold=-0.027621080167591568 0.57500001788139354 0.68340358138084423 0.26354748010635382 -0.71776899695396412 0.079672660678625121
decision_type=2 2 2 2 2 2
left_child=1 4 -3 -4 -1 -6
right_child=-2 2 3 -5 5 -7
leaf_value=3.1214502354223871e-06 -9.7944298899656748e-07 0.00049476035969185075 7.7592760061724129e-05 -0.00027392115588831034 -5.8798399063176562e-05 -0.00066696117099634077
leaf_weight=153 19223 127 225 91 152 259
leaf_count=153 19223 127 225 91 152 259
internal_value=-0.000310106 -0.00713933 0.00452009 -0.00334891 -0.0163005 -0.0228966
internal_weight=20230 1007 443 316 564 411
internal_count=20230 1007 443 316 564 411
is_linear=0
shrinkage=0.05


Tree=123
num_leaves=7
num_cat=0
split_feature=12 47 39 41 42 10
split_gain=22.3016 50.0053 33.1083 30.1523 54.1024 27.4444
threshold=-0.03021270781755447 0.96388965845108043 0.051370676606893546 0.062699493020772948 0.076754886656999602 0.0050684751477092513
decision_type=2 2 2 2 2 2
left_child=1 3 5 4 -1 -2
right_child=2 -3 -4 -5 -6 -7
leaf_value=-2.3273591627301642e-05 -5.0713664818799913e-05 0.00019878916245865495 -0.00041219156698178261 3.5580002919843866e-05 -0.00079313455796825138 1.5671498137993063e-05
leaf_weight=322 7547 1591 204 1316 128 9085
leaf_count=322 7547 1591 204 1316 128 9085
internal_value=-0.000241361 0.00330904 -0.00115047 -0.00247036 -0.0135714 -0.000900102
internal_weight=20193 3357 16836 1766 450 16632
internal_count=20193 3357 16836 1766 450 16632
is_linear=0
shrinkage=0.05


Tree=124
num_leaves=7
num_cat=0
split_feature=3 15 44 13 2 44
split_gain=20.7009 31.9171 36.8295 48.1416 25.5743 24.6022
threshold=0.0045331795699894437 0.37500000000000006 0.04902180656790734 -0.0060334773734211913 0.0036746505647897725 0.071579031646251692
decision_type=2 2 2 2 2 2
left_child=1 -1 4 -4 -3 -2
right_child=5 2 3 -5 -6 -7
leaf_value=-0.00019951982584179141 4.0397239874753551e-05 0.00041191086395185274 0.00041472359233384883 -0.0002383813936215248 -1.6146685615402309e-05 -2.402371297260252e-05
leaf_weight=358 4938 148 60 229 205 14330
leaf_count=358 4938 148 60 229 205 14330
internal_value=-0.000274996 -0.00763682 -0.000888717 -0.0140306 0.00984637 -0.000273699
internal_weight=20268 1000 642 289 353 19268
internal_count=20268 1000 642 289 353 19268
is_linear=0
shrinkage=0.05


Tree=125
num_leaves=7
num_cat=0
split_feature=55 6 44 12 57 42
split_gain=16.5882 33.6181 52.0385 17.8121 35.2581 44.0618
threshold=103671939.45312501 0.62338179349899303 0.12269479408860208 0.050801768898963935 -7.6390558660932567e-06 0.068304527550935759
decision_type=10 2 2 2 10 2
left_child=3 -2 -3 -1 -5 -6
right_child=1 2 -4 4 5 -7
leaf_value=-4.7961596366157917e-06 0.0015183468700667364 0.00019866851926384602 -0.00034534999795430307 -3.1457669200490046e-05 0.00015299655050636984 -0.00045683447577557208
leaf_weight=18065 70 215 125 1344 81 342
leaf_count=18065 70 215 125 1344 81 342
internal_value=-0.0003198 0.00933735 0.00253623 -0.000759944 -0.00554458 -0.0180491
internal_weight=20242 410 340 19832 1767 423
internal_count=20242 410 340 19832 1767 423
is_linear=0
shrinkage=0.05


Tree=126
num_leaves=7
num_cat=0
split_feature=48 39 24 39 10 18
split_gain=17.3216 23.4888 21.4688 17.2038 46.2043 49.92
threshold=2.5937851667404179 -0.05492878891527652 0.084455899894237532 -0.047327388077974313 -0.041984524577856057 0.52500000596046459
decision_type=2 2 2 2 2 2
left_child=3 -2 -3 4 -1 -6
right_child=1 2 -4 -5 5 -7
leaf_value=0.00042410063063419911 7.9043143787071939e-05 -8.2281928299154255e-05 -0.00080451578361467153 -3.2950173413635354e-06 -0.00039932174056604675 2.0519055610218173e-05
leaf_weight=105 52 182 86 18652 580 588
leaf_count=105 52 182 86 18652 580 588
internal_value=-0.000280247 -0.0122308 -0.0182234 -0.000588309 -0.0062011 -0.0091006
internal_weight=20245 320 268 19925 1273 1168
internal_count=20245 320 268 19925 1273 1168
is_linear=0
shrinkage=0.05


Tree=127
num_leaves=7
num_cat=0
split_feature=51 44 43 44 36 22
split_gain=25.4 25.9253 19.7134 36.4815 50.535 61.387
threshold=-2.3632502555847164 0.14118217676877978 0.05236336030066014 0.071579031646251692 0.29932668805122381 0.52500000596046459
decision_type=8 2 2 2 2 2
left_child=1 -1 -2 4 5 -4
right_child=2 -3 3 -5 -6 -7
leaf_value=0.00086198695089323657 -6.3964110549390523e-05 -0.00018193952577720353 2.3048931799537567e-05 -2.6109803100317636e-05 0.00018020287520616144 -0.00067612988197629032
leaf_weight=81 2618 50 2004 14082 1349 130
leaf_count=81 2618 50 2004 14082 1349 130
internal_value=-0.000244845 0.0207721 -0.000902764 -0.000297382 0.00427896 -0.000502571
internal_weight=20314 131 20183 17565 3483 2134
internal_count=20314 131 20183 17565 3483 2134
is_linear=0
shrinkage=0.05


Tree=128
num_leaves=7
num_cat=0
split_feature=53 3 39 22 45 36
split_gain=21.3027 40.737 37.1504 41.6585 28.6097 42.9216
threshold=-0.13405773043632505 0.0088947140611708182 -0.03768684342503547 0.62500000000000011 0.07616214826703073 -0.48365999758243555
decision_type=8 2 2 2 2 2
left_child=1 2 -1 4 5 -4
right_child=-2 -3 3 -5 -6 -7
leaf_value=-0.00016227406163476761 -2.2127941973639918e-05 -8.0225541865912151e-05 0.00053205635201667616 0.00048414484510670753 -4.4380005304395756e-05 -1.1028350729591608e-05
leaf_weight=217 17999 838 203 372 388 209
leaf_count=217 17999 838 203 372 388 209
internal_value=-0.000216252 0.00395385 0.00920014 0.012723 0.00618012 0.0152878
internal_weight=20226 2227 1389 1172 800 412
internal_count=20226 2227 1389 1172 800 412
is_linear=0
shrinkage=0.05


Tree=129
num_leaves=7
num_cat=0
split_feature=41 1 17 47 32 8
split_gain=20.3562 30.6931 33.3472 44.1227 48.9053 29.5256
threshold=0.044386126101017005 0.023936620913445953 0.72499999403953563 0.88353100419044506 0.2630495578050614 0.11402309313416482
decision_type=2 2 2 2 2 2
left_child=1 2 3 5 -5 -1
right_child=-2 -3 -4 4 -6 -7
leaf_value=0.00035001957531880689 -6.4696864758213732e-06 0.00018046334968716048 -0.00034289770256067597 -0.00026630422347486728 0.00014556346187176086 -2.3538458975114253e-05
leaf_weight=113 19058 150 146 420 114 361
leaf_count=113 19058 150 146 420 114 361
internal_value=-0.000322826 -0.00685638 -0.00964193 -0.00629319 -0.0160946 0.00474948
internal_weight=20362 1304 1154 1008 534 474
internal_count=20362 1304 1154 1008 534 474
is_linear=0
shrinkage=0.05


Tree=130
num_leaves=7
num_cat=0
split_feature=51 42 6 51 39 39
split_gain=20.9873 33.4959 19.1592 17.4439 17.2763 41.111
threshold=-1.926635146141052 0.095093466341495528 0.43787200748920446 3.6671905517578129 -0.0039468683535233131 0.01143240323290229
decision_type=8 2 2 10 2 2
left_child=1 -1 -3 4 -2 -6
right_child=3 2 -4 -5 5 -7
leaf_value=0.00096804043221556584 1.7336158361546012e-05 0.00033795148215642412 -0.00014618567789564894 -0.00018444174312124748 -9.8705869914547933e-05 1.2686466744615735e-05
leaf_weight=69 8291 57 78 136 5293 6344
leaf_count=69 8291 57 78 136 5293 6344
internal_value=-0.000294727 0.0151914 0.000178571 -0.000731227 -0.000605779 -0.00184891
internal_weight=20268 204 135 20064 19928 11637
internal_count=20268 204 135 20064 19928 11637
is_linear=0
shrinkage=0.05


Tree=131
num_leaves=7
num_cat=0
split_feature=2 39 20 35 35 44
split_gain=22.4391 37.6539 29.1909 29.6896 38.7361 28.7949
threshold=0.0049598589539527902 -0.028520103543996807 0.87500000000000011 -0.27389001846313471 0.50058910250663768 0.071579031646251692
decision_type=2 2 2 2 2 2
left_child=1 -1 3 -3 -5 -2
right_child=5 2 -4 4 -6 -7
leaf_value=0.00011858524857449309 6.5984122824258248e-05 0.00011551860932859566 -0.00029999718409723142 -0.00014770157116954902 0.00033188426459766041 -1.3098417004898337e-05
leaf_weight=271 3730 406 231 1198 204 14174
leaf_count=271 3730 406 231 1198 204 14174
internal_value=-0.000335081 -0.00491361 -0.00725294 -0.00506067 -0.00851102 0.00031688
internal_weight=20214 2310 2039 1808 1402 17904
internal_count=20214 2310 2039 1808 1402 17904
is_linear=0
shrinkage=0.05


Tree=132
num_leaves=7
num_cat=0
split_feature=48 39 39 26 53 22
split_gain=17.581 77.6491 75.2706 79.2099 57.8684 55.6171
threshold=0.2414771914482117 0.01012175949290395 -0.00082598836161196221 -0.0076458759140223256 -0.16544789075851438 0.27500000596046453
decision_type=2 2 2 2 10 2
left_child=1 4 -2 -4 -1 -6
right_child=2 -3 3 -5 5 -7
leaf_value=-0.00011990957910840134 9.5807108093897005e-05 6.1216793775814872e-05 -0.00020769983059882745 2.8400050797318475e-05 -0.00024043709186052556 0.00048508481763122346
leaf_weight=6122 4966 4588 1762 2194 197 457
leaf_count=6122 4966 4588 1762 2194 197 457
internal_value=-0.000284609 -0.00175697 0.00120701 -0.00393209 -0.00515779 0.00891502
internal_weight=20286 11364 8922 3956 6776 654
internal_count=20286 11364 8922 3956 6776 654
is_linear=0
shrinkage=0.05


Tree=133
num_leaves=7
num_cat=0
split_feature=35 3 51 55 26 3
split_gain=20.8731 92.9456 62.8998 47.3814 42.1969 29.7109
threshold=-0.81742659211158741 0.009009254630655052 -0.10381090641021727 173320.89062500003 0.091404050588607802 0.0077297841198742398
decision_type=2 2 10 8 2 2
left_child=1 2 -1 -3 -5 -4
right_child=-2 3 5 4 -6 -7
leaf_value=-0.0003454896036809501 1.5479112450108787e-06 -0.00052542355405099694 0.0010295084776526223 0.00038683176227017474 -0.0001767428615999823 -1.0865100682739008e-05
leaf_weight=1082 18371 83 53 551 142 79
leaf_count=1082 18371 83 53 551 142 79
internal_value=-0.000337572 -0.00530075 -0.0139253 0.00816261 0.0125 0.0180657
internal_weight=20361 1990 1214 776 693 132
internal_count=20361 1990 1214 776 693 132
is_linear=0
shrinkage=0.05


Tree=134
num_leaves=7
num_cat=0
split_feature=49 39 21 49 48 6
split_gain=18.8965 27.6446 20.4603 23.1868 19.8052 101.528
threshold=-2.1351126432418819 0.051370676606893546 0.42499999701976782 -0.71698719263076771 -0.60077959299087513 0.54039353132247936
decision_type=2 2 2 2 2 2
left_child=-1 4 -3 -4 5 -2
right_child=1 2 3 -5 -6 -7
leaf_value=0.00024248737992028945 -1.0206237967369829e-05 -1.5209312549030463e-05 -5.8215883059217245e-05 -0.0010861601130837384 9.4695730578950317e-06 -0.00047795768930655719
leaf_weight=321 5659 125 54 97 13276 705
leaf_count=321 5659 125 54 97 13276 705
internal_value=-0.000314939 -0.000706541 -0.0162811 -0.0283654 -0.000482311 -0.00277516
internal_weight=20237 19916 276 151 19640 6364
internal_count=20237 19916 276 151 19640 6364
is_linear=0
shrinkage=0.05


Tree=135
num_leaves=7
num_cat=0
split_feature=53 3 6 40 3 35
split_gain=19.683 55.7833 54.0728 43.5736 36.1418 79.3756
threshold=0.094242282211780562 0.0088947140611708182 0.82355362176895153 0.084529586136341109 0.0088947140611708182 -0.78452330827713002
decision_type=8 2 2 2 2 2
left_child=1 2 3 -1 5 -2
right_child=4 -3 -4 -5 -6 -7
leaf_value=0.00014010908204266579 -0.00028227426765435354 -0.00011591572338015507 -4.8760313005282928e-05 0.00052841970252239922 8.2748927867374434e-05 -1.0780884932023007e-05
leaf_weight=1002 1263 959 700 391 3315 12815
leaf_count=1002 1263 959 700 391 3315 12815
internal_value=-0.000326406 0.00349199 0.00806721 0.0137518 -0.000857857 -0.00196514
internal_weight=20445 3052 2093 1393 17393 14078
internal_count=20445 3052 2093 1393 17393 14078
is_linear=0
shrinkage=0.05


Tree=136
num_leaves=7
num_cat=0
split_feature=3 39 36 17 35 45
split_gain=19.5372 27.0886 25.6897 26.0091 19.8585 64.5143
threshold=0.0045331795699894437 0.0014212786918506028 0.48250322043895727 0.27500000596046453 -0.13897801935672757 0.18452720344066623
decision_type=2 2 2 2 2 2
left_child=1 2 3 -1 -2 -6
right_child=4 -3 -4 -5 5 -7
leaf_value=-0.00024293559691498058 -3.3983625355683073e-05 -0.0001523759533975747 0.00042046131770562424 8.3316627941817416e-06 3.2344479073679592e-05 -0.0013135171512031717
leaf_weight=91 9900 439 64 411 9380 76
leaf_count=91 9900 439 64 411 9380 76
internal_value=-0.000371943 -0.00725248 0 -0.00389546 -0.000117504 0.0015194
internal_weight=20361 1005 566 502 19356 9456
internal_count=20361 1005 566 502 19356 9456
is_linear=0
shrinkage=0.05


Tree=137
num_leaves=7
num_cat=0
split_feature=12 55 3 45 0 36
split_gain=17.2514 37.6778 50.2559 48.3623 37.4874 34.4982
threshold=0.050801768898963935 187874.57031250003 0.009787446819245817 0.12516716122627261 -0.044336449354887002 -0.69273802638053883
decision_type=2 8 2 2 2 2
left_child=-1 3 4 -2 -3 -6
right_child=1 2 -4 -5 5 -7
leaf_value=4.1444589102094222e-06 -0.00045343766648281848 0.00027235705990881183 -0.0007699813593903457 0.00041508069665889958 0.00012678841152448419 -0.00015512562305567247
leaf_weight=18393 326 333 144 62 443 590
leaf_count=18393 326 333 144 62 443 590
internal_value=-0.000279612 -0.00471624 -0.00110561 -0.0185115 0.00187819 -0.00281792
internal_weight=20291 1898 1510 388 1366 1033
internal_count=20291 1898 1510 388 1366 1033
is_linear=0
shrinkage=0.05


Tree=138
num_leaves=7
num_cat=0
split_feature=13 12 43 21 32 49
split_gain=19.0457 23.7028 20.8897 41.1721 39.2208 48.2138
threshold=0.047535840421915061 0.020496617071330551 0.097442720085382475 0.97499999403953563 -0.35295422375202173 -0.037115931510925286
decision_type=2 2 2 2 2 2
left_child=2 -2 -1 4 5 -4
right_child=1 -3 3 -5 -6 -7
leaf_value=-1.511465845247936e-05 0.00018603646066905698 -0.00035887036509924506 0.00043363930171599836 0.00033510575977692511 -7.8942941807894291e-05 -0.00016926231496492864
leaf_weight=17192 59 245 411 610 1541 233
leaf_count=17192 59 245 411 610 1541 233
internal_value=-0.000358445 -0.0128641 -0.000351391 0.00365179 0.000422374 0.0107473
internal_weight=20291 304 19987 2795 2185 644
internal_count=20291 304 19987 2795 2185 644
is_linear=0
shrinkage=0.05


Tree=139
num_leaves=7
num_cat=0
split_feature=35 11 38 18 47 26
split_gain=17.0344 23.7402 20.5114 33.0605 27.6837 43.8611
threshold=0.85565930604934703 -0.0078360522165894491 -0.027621080167591568 0.57500001788139354 1.6064773201942446 0.028643677011132244
decision_type=2 2 2 2 2 2
left_child=2 -2 3 -1 -4 -6
right_child=1 -3 4 -5 5 -7
leaf_value=-0.00029778296027028789 8.8504847483097349e-05 -0.00025063913138839971 -4.8055633856680988e-06 5.3192842696317913e-05 0.00076349696798117407 -0.00082108315804016907
leaf_weight=537 115 210 18685 421 208 51
leaf_count=537 115 210 18685 421 208 51
internal_value=-0.000329923 -0.0118939 -0.000435776 -0.00755452 -7.25632e-05 0.0160038
internal_weight=20227 325 19902 958 18944 259
internal_count=20227 325 19902 958 18944 259
is_linear=0
shrinkage=0.05


Tree=140
num_leaves=7
num_cat=0
split_feature=41 42 36 3 44 36
split_gain=17.6222 65.0382 59.0729 45.4931 45.1265 36.8322
threshold=0.092249631881713881 0.089712426066398634 -0.79541438817977894 0.011959011200815441 0.085257180035114302 -0.89702075719833363
decision_type=2 2 2 2 2 2
left_child=5 4 -3 -4 -2 -1
right_child=1 2 3 -5 -6 -7
leaf_value=-0.00020067969971083994 5.626453745097236e-05 0.00024302599857692231 -2.1408862866941979e-05 -0.00048614135835637327 0.00057467068662376587 -7.1740702371405897e-06
leaf_weight=1129 312 715 1920 355 325 15499
leaf_count=1129 312 715 1920 355 325 15499
internal_value=-0.000334403 0.00273265 -0.000358932 -0.00430921 0.0171729 -0.00111074
internal_weight=20255 3627 2990 2275 637 16628
internal_count=20255 3627 2990 2275 637 16628
is_linear=0
shrinkage=0.05


Tree=141
num_leaves=7
num_cat=0
split_feature=43 48 39 33 8 17
split_gain=17.8678 37.3068 31.3941 22.6705 28.1948 20.2276
threshold=0.044349575415253646 -0.24472907930612561 0.0088434247300028818 0.1637397184967995 0.68340358138084423 0.47499999403953558
decision_type=2 2 2 2 2 2
left_child=1 5 3 4 -3 -1
right_child=-2 2 -4 -5 -6 -7
leaf_value=-0.00028043327562452544 3.9688496200567633e-07 9.4012301869329779e-05 -0.00019881449579602813 0.00044655083426889224 -0.00014360966406944204 -2.0628272622581885e-05
leaf_weight=287 19349 251 94 114 99 133
leaf_count=287 19349 251 94 114 99 133
internal_value=-0.00035781 -0.00689217 0.00155417 0.00698294 0.000492958 -0.0180588
internal_weight=20327 978 558 464 350 420
internal_count=20327 978 558 464 350 420
is_linear=0
shrinkage=0.05


Tree=142
num_leaves=7
num_cat=0
split_feature=53 39 3 47 22 6
split_gain=17.5331 41.4317 42.6593 36.8487 31.5559 33.7039
threshold=-0.10470951348543166 -0.03768684342503547 0.0088947140611708182 0.58502250909805309 0.92499998211860668 0.17486725747585299
decision_type=8 2 2 2 2 2
left_child=1 -1 3 -3 5 -4
right_child=-2 2 4 -5 -6 -7
leaf_value=-0.00016918602905246106 -1.2434532143405141e-05 -0.00074761991664679334 0.00025767748874207366 0.00022871660602149458 0.00030161134241309139 -0.00037358696867330788
leaf_weight=305 18044 52 54 1257 266 440
leaf_count=305 18044 52 54 1257 266 440
internal_value=-0.000366009 0.00373056 0.00628014 0.011739 -0.00310458 -0.0105711
internal_weight=20418 2374 2069 1309 760 494
internal_count=20418 2374 2069 1309 760 494
is_linear=0
shrinkage=0.05


Tree=143
num_leaves=7
num_cat=0
split_feature=3 43 35 43 35 44
split_gain=20.7832 28.615 30.1727 29.2803 22.2275 20.5615
threshold=0.0045331795699894437 0.038064515218138702 0.60827311873435985 0.046571685001254089 -0.13897801935672757 0.04902180656790734
decision_type=2 2 2 2 2 2
left_child=1 5 3 4 -3 -1
right_child=-2 2 -4 -5 -6 -7
leaf_value=0.00020927735942613166 4.0304761506283179e-06 -4.053632161076232e-05 0.00048429470903025125 1.2837556567253987e-05 -0.000309464674826479 -0.0001040930063903625
leaf_weight=180 19276 157 56 175 294 103
leaf_count=180 19276 157 56 175 294 103
internal_value=-0.000354391 -0.00724227 -0.0127729 -0.0159667 -0.0226425 0.00598958
internal_weight=20241 965 682 626 451 283
internal_count=20241 965 682 626 451 283
is_linear=0
shrinkage=0.05


Tree=144
num_leaves=7
num_cat=0
split_feature=35 45 22 44 10 8
split_gain=20.2953 75.3077 51.2962 40.6622 37.6464 36.7454
threshold=-0.81742659211158741 0.092593811452388777 0.57500001788139354 0.066831331700086608 0.034325225278735168 0.36587819457054144
decision_type=2 2 2 2 2 2
left_child=1 2 3 -1 -3 -6
right_child=-2 4 -4 -5 5 -7
leaf_value=-0.00024122235240685034 4.3400141299112032e-06 0.00038736089297208549 -0.00048739515371314058 0.00014104799623841993 0.00047495054054781427 -0.0002623210332751116
leaf_weight=164 18324 363 718 308 109 323
leaf_count=164 18324 363 718 308 109 323
internal_value=-0.000328591 -0.00508794 -0.0130335 -0.000157233 0.00678125 -0.00314645
internal_weight=20309 1985 1190 472 795 432
internal_count=20309 1985 1190 472 795 432
is_linear=0
shrinkage=0.05


Tree=145
num_leaves=7
num_cat=0
split_feature=51 42 35 23 39 48
split_gain=18.0759 27.7246 16.8704 27.0611 19.8802 79.3888
threshold=-2.3632502555847164 0.099102441221475615 0.85565930604934703 -0.0071322452276945105 -0.0039468683535233131 -0.77192986011505116
decision_type=8 2 2 2 2 2
left_child=1 -1 4 -4 5 -2
right_child=2 -3 3 -5 -6 -7
leaf_value=0.0011025345513226536 -0.0001617967708332164 5.0169096868875423e-06 3.5010678079058823e-05 -0.00026952311264913614 -2.614852770417755e-05 6.9762926770243136e-05
leaf_weight=54 1564 89 152 176 11645 6673
leaf_count=54 1564 89 152 176 11645 6673
internal_value=-0.000381914 0.0170608 -0.000473658 -0.0116366 -0.000285362 0.00159245
internal_weight=20353 143 20210 328 19882 8237
internal_count=20353 143 20210 328 19882 8237
is_linear=0
shrinkage=0.05


Tree=146
num_leaves=7
num_cat=0
split_feature=51 6 12 39 52 45
split_gain=17.869 25.6948 16.9195 38.3679 36.3431 45.7087
threshold=-2.3632502555847164 0.45455269515514379 -0.03021270781755447 0.012997390236705543 0.00030508956115227198 0.098624188452959075
decision_type=8 2 2 2 8 2
left_child=1 -1 3 4 5 -2
right_child=2 -3 -4 -5 -6 -7
leaf_value=0.0007125761562263999 0.00072717140666631443 -8.8772600899570848e-05 -1.834382396359172e-05 0.00017063491102407835 -6.4828200026451996e-05 -0.00035639904926400106
leaf_weight=77 163 61 16682 1377 1805 53
leaf_count=77 163 61 16682 1377 1805 53
internal_value=-0.000285566 0.0173077 -0.000426936 0.00278431 -0.00159181 0.0175339
internal_weight=20218 138 20080 3398 2021 216
internal_count=20218 138 20080 3398 2021 216
is_linear=0
shrinkage=0.05


Tree=147
num_leaves=7
num_cat=0
split_feature=12 46 38 46 1 38
split_gain=17.882 40.029 36.7998 42.8418 56.9308 36.0257
threshold=-0.03021270781755447 0.84750452637672435 0.016290681436657909 0.92759099602699291 0.013165400363504888 0.00072228597127832483
decision_type=2 2 2 2 2 2
left_child=1 -1 -2 4 -4 -3
right_child=2 5 3 -5 -6 -7
leaf_value=0.000238778363749919 6.2073796611842634e-07 -0.00011997001701784867 -0.00044727101338763492 -3.653220400307044e-05 0.00012599093642012111 8.2887423316259563e-05
leaf_weight=552 14824 1149 543 1310 174 1701
leaf_count=552 14824 1149 543 1310 174 1701
internal_value=-0.000373926 0.00313326 -0.000837981 -0.00714813 -0.0169321 0.000726795
internal_weight=20253 3402 16851 2027 717 2850
internal_count=20253 3402 16851 2027 717 2850
is_linear=0
shrinkage=0.05


Tree=148
num_leaves=7
num_cat=0
split_feature=55 6 44 12 36 48
split_gain=16.7724 35.669 48.1 18.596 75.9578 56.347
threshold=103671939.45312501 0.62338179349899303 0.1199503429234028 0.033540470525622375 -0.69273802638053883 -0.24472907930612561
decision_type=10 2 2 2 2 2
left_child=3 -2 -3 -1 5 -5
right_child=1 2 -4 4 -6 -7
leaf_value=2.9428289400934171e-06 0.001446604332495844 0.00024187877088938391 -0.00018238060322457405 -0.00081555982465429915 -0.00017263057564837869 0.00017438071351368067
leaf_weight=16300 73 175 171 130 2225 1196
leaf_count=16300 73 175 171 130 2225 1196
internal_value=-0.000363748 0.00949292 0.00249288 -0.000555248 -0.00383155 0.00561608
internal_weight=20270 419 346 19851 3551 1326
internal_count=20270 419 346 19851 3551 1326
is_linear=0
shrinkage=0.05


Tree=149
num_leaves=7
num_cat=0
split_feature=13 24 2 46 2 48
split_gain=18.9038 19.7645 26.7547 19.4316 37.4768 31.8959
threshold=0.047535840421915061 -0.0018877655384130774 0.0083882017061114329 0.67270362377166759 0.012271106708794834 0.2414771914482117
decision_type=2 2 2 2 2 2
left_child=3 -2 -3 4 5 -1
right_child=1 2 -4 -5 -6 -7
leaf_value=-0.0001648660659926444 9.0909101199090645e-05 0.00011558397289199282 -0.00054553103873700539 -6.9739327289219034e-06 0.0017719254719282291 0.00028298366390432295
leaf_weight=314 75 77 155 19309 86 223
leaf_count=314 75 77 155 19309 86 223
internal_value=-0.000314908 -0.0125801 -0.0197257 -0.000174299 0.0084793 0.00336716
internal_weight=20239 307 232 19932 623 537
internal_count=20239 307 232 19932 623 537
is_linear=0
shrinkage=0.05


Tree=150
num_leaves=7
num_cat=0
split_feature=52 6 3 46 3 50
split_gain=19.5817 52.0224 33.5006 32.682 40.5251 29.0684
threshold=-0.0001523596220067702 0.82355362176895153 0.0066229891963303098 0.96774861216545116 0.007485361536964775 0.9581640660762788
decision_type=8 2 2 2 2 2
left_child=1 3 -3 4 -1 -6
right_child=-2 2 -4 -5 5 -7
leaf_value=0.00054235886113423678 -2.1410501692268183e-05 0.00059127555390990681 -0.0002278508996597645 0.00041649347204160051 -0.00020307685365871677 0.00031261469570194534
leaf_weight=147 18673 71 366 525 434 88
leaf_count=147 18673 71 366 525 434 88
internal_value=-0.000348368 0.00441626 -0.0102376 0.00982068 0.00241098 -0.00412713
internal_weight=20304 1631 437 1194 669 522
internal_count=20304 1631 437 1194 669 522
is_linear=0
shrinkage=0.05


Tree=151
num_leaves=7
num_cat=0
split_feature=0 35 44 0 51 43
split_gain=16.3568 17.537 58.3999 57.4385 54.029 52.2544
threshold=-0.07333084940910338 -0.78452330827713002 0.10694705322384836 -0.019901393912732598 -0.10381090641021727 0.088740009814500823
decision_type=2 2 2 2 10 2
left_child=-1 2 4 -4 -2 -6
right_child=1 -3 3 -5 5 -7
leaf_value=0.00016789697978005468 -0.00026467722404412256 -5.2332370327546392e-06 -0.00016432995539076583 0.0005491031263901181 0.0007207825234492283 -0.00047401503090577771
leaf_weight=344 1470 17318 375 383 160 104
leaf_count=344 1470 17318 375 383 160 104
internal_value=-0.000380723 -0.000957608 -0.00487585 0.00665138 -0.00993387 0.0106877
internal_weight=20154 19810 2492 758 1734 264
internal_count=20154 19810 2492 758 1734 264
is_linear=0
shrinkage=0.05


Tree=152
num_leaves=7
num_cat=0
split_feature=55 10 26 0 22 19
split_gain=19.1005 25.7554 20.638 15.4089 31.9859 24.2554
threshold=103671939.45312501 -0.041984524577856057 0.091404050588607802 -0.07333084940910338 0.92499998211860668 0.62500000000000011
decision_type=10 2 2 2 2 2
left_child=3 -2 -3 4 5 -1
right_child=1 2 -4 -5 -6 -7
leaf_value=0.00014283716778046656 -0.00011667696311413387 0.00059633575295603728 2.7203484205258347e-05 -1.0242043018181182e-05 0.00066356090844532287 -0.00033061667148129737
leaf_weight=137 126 148 141 19618 117 50
leaf_count=137 126 148 141 19618 117 50
internal_value=-0.000249484 0.0102976 0.0184524 -0.000475486 0.0105987 -0.00221354
internal_weight=20337 415 289 19922 304 187
internal_count=20337 415 289 19922 304 187
is_linear=0
shrinkage=0.05


Tree=153
num_leaves=7
num_cat=0
split_feature=48 12 39 18 57 39
split_gain=20.2805 88.03 73.9251 54.5134 49.9004 43.2926
threshold=-0.48353889584541315 0.035891033709049232 0.01012175949290395 0.57500001788139354 -3.6072946386411779e-05 -0.0046964969951659432
decision_type=2 2 2 2 10 2
left_child=1 2 3 4 -1 -2
right_child=5 -3 -4 -5 -6 -7
leaf_value=-0.00017626592368433894 7.1275131801368482e-05 -0.00080138405082316722 7.975274428472549e-05 0.00025621955654093743 0.00016200051930231191 -3.1635142145459951e-05
leaf_weight=3097 5926 253 3274 304 527 6889
leaf_count=3097 5926 253 3274 304 527 6889
internal_value=-0.000240444 -0.00240282 -0.0013702 -0.00599415 -0.00770874 0.000875585
internal_weight=20270 7455 7202 3928 3624 12815
internal_count=20270 7455 7202 3928 3624 12815
is_linear=0
shrinkage=0.05


Tree=154
num_leaves=7
num_cat=0
split_feature=27 24 55 45 5 40
split_gain=19.4169 23.0362 16.8338 46.1405 59.5411 37.6616
threshold=0.06949253007769586 -0.016239887103438374 18265.901367187504 0.10786850005388261 0.40933093428611761 0.084529586136341109
decision_type=2 2 10 2 2 2
left_child=2 -2 -1 4 5 -4
right_child=1 -3 3 -5 -6 -7
leaf_value=-2.1338931926504409e-05 0.00024666863281813309 -0.00026693710797573146 6.3914261659945567e-05 -0.00038266215057085453 -0.00012583811728210902 0.00039257563302980223
leaf_weight=17051 70 253 1320 157 779 627
leaf_count=17051 70 253 1320 157 779 627
internal_value=-0.000324499 -0.0128811 -0.000610612 0.00291724 0.00445807 0.00913166
internal_weight=20257 323 19934 2883 2726 1947
internal_count=20257 323 19934 2883 2726 1947
is_linear=0
shrinkage=0.05


Tree=155
num_leaves=7
num_cat=0
split_feature=2 50 17 17 42 41
split_gain=24.9135 38.2288 49.5197 28.7964 25.1258 24.9734
threshold=0.0050841667689383039 1.1949365139007571 0.72499999403953563 0.57500001788139354 0.053755963221192367 0.057159185409545905
decision_type=2 2 2 2 2 2
left_child=1 2 3 -1 -3 -2
right_child=5 4 -4 -5 -6 -7
leaf_value=-8.7155173031482292e-05 6.8145225091746585e-05 -1.6851159371809432e-05 -0.00030562319144216728 0.00010550812384107764 0.00053765589488491417 -1.6369634868470378e-05
leaf_weight=1520 1889 188 390 400 130 15822
leaf_count=1520 1889 188 390 400 130 15822
internal_value=-0.000264206 -0.00534561 -0.00759179 -0.00424675 0.0107585 -0.000131237
internal_weight=20339 2628 2310 1920 318 17711
internal_count=20339 2628 2310 1920 318 17711
is_linear=0
shrinkage=0.05


Tree=156
num_leaves=7
num_cat=0
split_feature=0 22 27 3 2 17
split_gain=16.7447 25.4038 17.4985 16.262 27.7799 29.5561
threshold=-0.07333084940910338 0.92499998211860668 0.06949253007769586 0.0045331795699894437 0.0036746505647897725 0.27500000596046453
decision_type=2 2 2 2 2 2
left_child=1 -1 3 4 5 -2
right_child=2 -3 -4 -5 -6 -7
leaf_value=-2.5513701962322159e-06 -0.00014658930132002598 0.00045340143824071594 -0.00018077038174375951 -2.6616159828159094e-06 -0.00011703245617307684 0.00019310326700646387
leaf_weight=193 62 128 243 18706 674 236
leaf_count=193 62 128 243 18706 674 236
internal_value=-0.00017163 0.0108129 -0.000608501 -0.000440736 -0.00672979 0.00585809
internal_weight=20242 321 19921 19678 972 298
internal_count=20242 321 19921 19678 972 298
is_linear=0
shrinkage=0.05


Tree=157
num_leaves=7
num_cat=0
split_feature=50 46 0 48 39 55
split_gain=15.0326 36.3466 27.5035 24.5164 77.3131 62.7335
threshold=-1.6133489608764646 0.91655775904655468 0.062539227306842818 -0.60077959299087513 0.01012175949290395 116884.69140625001
decision_type=2 2 2 2 2 8
left_child=1 -1 -3 4 5 -2
right_child=3 2 -4 -5 -6 -7
leaf_value=-0.00014109968645687059 0.00055073266241318166 0.00017044644259052387 -0.00045867164194002535 2.5426745957627537e-06 6.2571520009531686e-05 -0.00019684614004320721
leaf_weight=369 160 928 68 13382 2386 2992
leaf_count=369 160 928 68 13382 2386 2992
internal_value=-0.000319123 0.00439781 0.00936563 -0.00102378 -0.00382013 -0.00895629
internal_weight=20285 1365 996 18920 5538 3152
internal_count=20285 1365 996 18920 5538 3152
is_linear=0
shrinkage=0.05


Tree=158
num_leaves=7
num_cat=0
split_feature=49 2 46 22 13 47
split_gain=19.3225 24.6604 22.3089 21.6128 20.5538 25.8428
threshold=-2.1351126432418819 0.015268787741661074 1.1010459065437319 0.87500000000000011 -0.034721102565526955 1.4954879283905032
decision_type=2 2 2 2 2 2
left_child=2 4 -1 -3 -2 -6
right_child=1 3 -4 -5 5 -7
leaf_value=-2.9803236860108505e-05 -0.00021935192488025339 -0.00060005912967164691 0.00047062126951370433 9.9079828318524195e-05 -6.8339137967707081e-06 0.00031845350445657174
leaf_weight=161 459 180 175 85 18872 373
leaf_count=161 459 180 175 85 18872 373
internal_value=-0.000338503 -0.000637078 0.0113636 -0.0156481 -0.000430007 -0.000177922
internal_weight=20305 19969 336 265 19704 19245
internal_count=20305 19969 336 265 19704 19245
is_linear=0
shrinkage=0.05


Tree=159
num_leaves=7
num_cat=0
split_feature=48 12 44 44 0 22
split_gain=17.0216 22.8114 23.1377 22.2755 21.9895 20.3094
threshold=2.2894630432128911 -0.008131974842399357 0.081511784344911589 0.075554665178060545 -0.07333084940910338 0.92499998211860668
decision_type=2 2 2 2 2 2
left_child=4 -2 3 -3 5 -1
right_child=1 2 -4 -5 -6 -7
leaf_value=2.4225428610452454e-05 0.00089022819461334927 -5.1139729157786497e-05 -0.00036002171375299348 0.00041817107757811099 -1.1263575728157928e-05 0.00061747938875238194
leaf_weight=170 51 280 257 52 19371 111
leaf_count=170 51 280 257 52 19371 111
internal_value=-0.000333793 -0.00864341 -0.0114899 -0.00259644 -0.000385359 0.0133741
internal_weight=20292 640 589 332 19652 281
internal_count=20292 640 589 332 19652 281
is_linear=0
shrinkage=0.05


Tree=160
num_leaves=7
num_cat=0
split_feature=21 44 35 39 35 29
split_gain=15.1272 29.1866 75.1742 74.1833 63.8569 53.9186
threshold=0.47499999403953558 0.099708724766969695 -0.20021959394216535 0.01012175949290395 -0.37527808547019953 0.033551232889294631
decision_type=2 2 2 2 2 2
left_child=-1 2 3 5 -3 -2
right_child=1 4 -4 -5 -6 -7
leaf_value=8.9159541760463976e-06 -0.00042927748901922468 0.00017959914419770441 3.7649551500354124e-05 -6.7998925522867867e-06 -8.9251780983379085e-05 -7.3711481055635826e-06
leaf_weight=9137 1919 1925 2839 1738 2177 597
leaf_count=9137 1919 1925 2839 1738 2177 597
internal_value=-0.000347888 -0.00209152 -0.00403283 -0.0082355 0.00126004 -0.0137148
internal_weight=20332 11195 7093 4254 4102 2516
internal_count=20332 11195 7093 4254 4102 2516
is_linear=0
shrinkage=0.05


Tree=161
num_leaves=7
num_cat=0
split_feature=47 36 0 1 47 12
split_gain=15.9704 67.3696 48.4425 40.6425 40.0591 57.3565
threshold=0.69714516401290905 0.069286592304706587 -0.010047789663076399 1.0000000180025095e-35 0.58502250909805309 0.019043996930122379
decision_type=2 2 2 2 2 2
left_child=1 2 3 -1 -3 -6
right_child=-2 4 -4 -5 5 -7
leaf_value=-0.00022915299398725702 -1.7259963898120573e-05 -0.00066599875683999671 0.0006101064651744349 0.0006157871025307955 0.00028772371332375188 -0.00049913725978939971
leaf_weight=231 18905 161 265 150 320 162
leaf_count=231 18905 161 265 150 320 162
internal_value=-0.000330462 0.00473338 0.0160906 0.00446891 -0.00667438 0.000564682
internal_weight=20194 1289 646 381 643 482
internal_count=20194 1289 646 381 643 482
is_linear=0
shrinkage=0.05


Tree=162
num_leaves=7
num_cat=0
split_feature=47 40 36 26 36 41
split_gain=17.8315 42.4288 61.0645 41.0502 38.5469 62.645
threshold=1.0803250670433047 0.091951392590999617 0.33611392974853521 -0.048653338104486459 -0.032152753323316567 0.066245865076780333
decision_type=2 2 2 2 2 2
left_child=-1 2 4 -3 -2 -6
right_child=1 3 -4 -5 5 -7
leaf_value=-2.1115165085633643e-05 0.0001263460398369209 0.00016999417502534044 0.00032075370098882087 -0.00017128956558180413 0.00031117817581029537 -0.00043024922735634296
leaf_weight=17350 931 508 418 835 83 215
leaf_count=17350 931 508 418 835 83 215
internal_value=-0.000352667 0.00299666 0.00836864 -0.00357938 0.00269449 -0.0127888
internal_weight=20340 2990 1647 1343 1229 298
internal_count=20340 2990 1647 1343 1229 298
is_linear=0
shrinkage=0.05


Tree=163
num_leaves=7
num_cat=0
split_feature=48 1 10 43 17 36
split_gain=16.5698 30.2918 15.8467 15.7087 24.7745 32.6803
threshold=2.2894630432128911 -0.056459300220012658 0.030923729762434963 0.046571685001254089 0.77500000596046459 0.48250322043895727
decision_type=2 2 2 2 2 2
left_child=3 -2 -3 4 5 -1
right_child=1 2 -4 -5 -6 -7
leaf_value=-7.471756336886997e-05 -0.00069041292076685952 2.3827312667085505e-06 -0.00022011667166906983 6.8827046236050616e-07 -0.00031119580060885309 0.00050370033524681408
leaf_weight=1087 97 434 96 18326 105 106
leaf_count=1087 97 434 96 18326 105 106
internal_value=-0.000339406 -0.00858386 -0.00369159 -0.000355342 -0.00566002 -0.00352671
internal_weight=20251 627 530 19624 1298 1193
internal_count=20251 627 530 19624 1298 1193
is_linear=0
shrinkage=0.05


Tree=164
num_leaves=7
num_cat=0
split_feature=27 12 46 36 47 31
split_gain=17.1184 33.593 16.6097 51.1762 35.5314 34.8658
threshold=0.06949253007769586 0.010091732721775772 1.0752027630805971 -0.31181326508522028 0.82829710841178905 38.477273941040046
decision_type=2 2 2 2 2 2
left_child=2 -2 -1 4 -4 -6
right_child=1 -3 3 -5 5 -7
leaf_value=-2.0062428326126509e-05 0.00040056786322722267 -0.00026907435896553325 0.00020278218420310582 0.00011046028589114586 0.00055015474467828168 -0.00017033881317082378
leaf_weight=15725 57 263 364 2289 109 1397
leaf_count=15725 57 263 364 2289 109 1397
internal_value=-0.00035504 -0.0119231 -0.000350696 0.00245557 -0.00366667 -0.00706486
internal_weight=20204 320 19884 4159 1870 1506
internal_count=20204 320 19884 4159 1870 1506
is_linear=0
shrinkage=0.05


Tree=165
num_leaves=7
num_cat=0
split_feature=12 47 42 47 48 44
split_gain=22.8111 33.6099 35.6123 31.0473 29.9687 62.5332
threshold=-0.03217609599232673 0.76981776952743541 0.085257824510335936 0.69714516401290905 -0.71361038088798512 0.12269479408860208
decision_type=2 2 2 2 2 2
left_child=1 2 -1 -4 5 -2
right_child=4 -3 3 -5 -6 -7
leaf_value=-0.00049005661769938827 -0.00010799086245786919 8.9066789333197956e-05 0.00071245356042425533 -0.00012649887805607472 1.0667061413784389e-06 0.00066659078572639389
leaf_weight=208 3984 2576 79 175 13225 114
leaf_count=208 3984 2576 79 175 13225 114
internal_value=-0.000293381 0.00360664 -0.00872591 0.00376448 -0.00108639 -0.00481964
internal_weight=20361 3038 462 254 17323 4098
internal_count=20361 3038 462 254 17323 4098
is_linear=0
shrinkage=0.05


Tree=166
num_leaves=7
num_cat=0
split_feature=41 42 47 36 47 54
split_gain=18.545 47.5063 51.258 55.6455 43.1362 40.4074
threshold=0.066245865076780333 0.061854466795921333 0.88931936025619518 0.51428690552711498 1.6064773201942446 0.011034883093088867
decision_type=2 2 2 2 2 8
left_child=5 -2 -3 4 -4 -1
right_child=1 2 3 -5 -6 -7
leaf_value=-0.00053797968309238263 0.00039093044528230289 8.6640246434617379e-05 -9.587813536677506e-05 0.00013490031078636726 0.00055963878287361424 -2.9653517659847139e-05
leaf_weight=154 115 4713 6596 1119 229 7406
leaf_count=154 115 4713 6596 1119 229 7406
internal_value=-0.000338054 0.000561556 0.000262597 -0.00218581 -0.0038836 -0.00256114
internal_weight=20332 12772 12657 7944 6825 7560
internal_count=20332 12772 12657 7944 6825 7560
is_linear=0
shrinkage=0.05


Tree=167
num_leaves=7
num_cat=0
split_feature=41 42 48 42 39 42
split_gain=16.0213 50.0335 41.2327 39.6985 39.8908 45.0398
threshold=0.066245865076780333 0.061854466795921333 1.0591177940368655 0.072217836976051344 0.026449718512594703 0.056379687041044242
decision_type=2 2 2 2 2 2
left_child=2 -2 3 4 -1 -6
right_child=1 -3 -4 -5 5 -7
leaf_value=-5.6499626733990581e-05 0.00037680418050165795 8.3474528366607456e-06 6.8224892619464742e-05 -0.00026492249152954716 -7.6457497485365948e-05 0.00035620665301851656
leaf_weight=4470 116 12710 1449 1085 226 368
leaf_count=4470 116 12710 1449 1085 226 368
internal_value=-0.000341426 0.000847557 -0.00204853 -0.00383897 -0.00196784 0.0101419
internal_weight=20424 12826 7598 6149 5064 594
internal_count=20424 12826 7598 6149 5064 594
is_linear=0
shrinkage=0.05


Tree=168
num_leaves=7
num_cat=0
split_feature=41 42 47 36 6 42
split_gain=18.5934 36.7827 38.2994 49.6693 56.1921 48.5268
threshold=0.066245865076780333 0.061854466795921333 0.8953823745250703 0.51428690552711498 0.32086986303329473 0.14524967223405841
decision_type=2 2 2 2 2 2
left_child=-1 -2 -3 4 -4 -6
right_child=1 2 3 -5 5 -7
leaf_value=-3.0470229461449873e-05 0.00032819339886941044 7.7733696314413568e-05 5.5733256932935895e-05 0.00013878010938289328 -0.00016529163543766066 0.00043518206911172686
leaf_weight=7526 115 4878 2304 1133 4116 230
leaf_count=7526 115 4878 2304 1133 4116 230
internal_value=-0.000373024 0.000983882 0.000720433 -0.00145416 -0.00310669 -0.00645254
internal_weight=20302 12776 12661 7783 6650 4346
internal_count=20302 12776 12661 7783 6650 4346
is_linear=0
shrinkage=0.05


Tree=169
num_leaves=7
num_cat=0
split_feature=39 1 11 23 44 35
split_gain=29.0601 56.5855 44.8367 43.1399 28.5707 24.9205
threshold=0.039440350607037551 0.011894211638718845 -0.018987040035426613 0.010909254662692549 0.081511784344911589 0.85565930604934703
decision_type=2 2 2 2 2 2
left_child=5 2 -2 4 -3 -1
right_child=1 3 -4 -5 -6 -7
leaf_value=1.8618682055209815e-06 0.00041565153006688471 0.00043110350951991406 -0.00029508246194402568 -0.0003538874165314313 -2.689720106327162e-06 -0.0001639332671119842
leaf_weight=19034 88 128 550 90 87 323
leaf_count=19034 88 128 550 90 87 323
internal_value=-0.000382911 -0.0090981 -0.017535 0.00846774 0.0205682 -0.00013041
internal_weight=20300 943 638 305 215 19357
internal_count=20300 943 638 305 215 19357
is_linear=0
shrinkage=0.05


Tree=170
num_leaves=7
num_cat=0
split_feature=15 52 24 38 46 1
split_gain=17.2676 88.0916 51.1354 52.2034 64.6461 40.9433
threshold=0.37500000000000006 0.00020783668151125315 -0.029479023069143292 0.013237048871815206 0.93777194619178783 -0.056459300220012658
decision_type=2 8 2 2 2 2
left_child=1 -1 -2 -4 5 -5
right_child=2 -3 3 4 -6 -7
leaf_value=0.00022782911943223418 0.00027796284491557455 -8.1100421002242609e-05 2.0190342070329363e-05 -0.00068269223503666433 -1.8755263871861491e-05 -0.00016493746964868269
leaf_weight=1043 513 6066 10436 215 1411 584
leaf_count=1043 513 6066 10436 215 1411 584
internal_value=-0.00029966 -0.00257591 0.000480477 -0.00014821 -0.0071219 -0.0184391
internal_weight=20268 7109 13159 12646 2210 799
internal_count=20268 7109 13159 12646 2210 799
is_linear=0
shrinkage=0.05


Tree=171
num_leaves=7
num_cat=0
split_feature=21 39 27 23 44 35
split_gain=16.9276 32.4613 44.3083 32.7939 30.1375 63.1015
threshold=0.47499999403953558 0.039440350607037551 -0.0087926047854125482 -0.019379297271370884 0.099708724766969695 -0.20021959394216535
decision_type=2 2 2 2 2 2
left_child=-1 4 3 -3 5 -2
right_child=1 2 -4 -5 -6 -7
leaf_value=1.9380952211208528e-05 -0.0001564316155206584 0.00047229380899460691 -0.00073903779551181105 -0.00020724180015959604 5.1501669767398119e-05 5.250647006012448e-05
leaf_weight=9137 4047 87 158 264 3932 2693
leaf_count=9137 4047 87 158 264 3932 2693
internal_value=-0.000353048 -0.00158457 -0.0138619 -0.00372191 -0.000990447 -0.00302076
internal_weight=20318 11181 509 351 10672 6740
internal_count=20318 11181 509 351 10672 6740
is_linear=0
shrinkage=0.05


Tree=172
num_leaves=7
num_cat=0
split_feature=51 6 2 7 41 42
split_gain=17.4693 21.091 15.8328 38.075 19.8417 58.434
threshold=-2.3632502555847164 0.45455269515514379 0.015268787741661074 0.78196009993553173 0.092249631881713881 0.089712426066398634
decision_type=8 2 2 2 2 2
left_child=1 -1 4 -4 -2 -6
right_child=2 -3 3 -5 5 -7
leaf_value=0.00055528564814660635 -1.3291265435905632e-05 -7.6822073742388163e-05 -8.3670337031349972e-06 -0.0008718241375829241 0.00035941775746173212 8.8881966697181365e-07
leaf_weight=81 16522 61 235 88 600 2624
leaf_count=81 16522 61 235 88 600 2624
internal_value=-0.000285665 0.0168367 -0.00045955 -0.0113567 -0.000277201 0.00330598
internal_weight=20211 142 20069 323 19746 3224
internal_count=20211 142 20069 323 19746 3224
is_linear=0
shrinkage=0.05


Tree=173
num_leaves=7
num_cat=0
split_feature=42 32 51 30 36 33
split_gain=20.5445 44.0336 37.0298 34.6714 47.2386 53.4103
threshold=0.11680311709642412 0.094935305416584029 1.2999101281166079 69.420280456542983 -0.81874778866767872 0.08942518383264543
decision_type=2 2 10 2 2 2
left_child=-1 3 -3 4 -2 -6
right_child=1 2 -4 -5 5 -7
leaf_value=-4.5951014364837032e-07 0.00061532105857018023 -0.00048471481800813613 0.00015070505857114839 -0.00047347353071506702 0.00011003338459036911 -0.00054558511220719342
leaf_weight=18784 213 519 92 141 493 175
leaf_count=18784 213 519 92 141 493 175
internal_value=-0.000312163 -0.00587607 -0.0164367 0.000462512 0.00420429 -0.00234027
internal_weight=20417 1633 611 1022 881 668
internal_count=20417 1633 611 1022 881 668
is_linear=0
shrinkage=0.05


Tree=174
num_leaves=7
num_cat=0
split_feature=42 35 41 11 35 22
split_gain=18.988 47.9606 57.2308 58.6582 33.5335 25.2253
threshold=0.11680311709642412 0.21332850307226184 0.084091290831565871 0.0069409103598445663 0.71832501888275158 0.87500000000000011
decision_type=2 2 2 2 2 2
left_child=-1 2 -2 -4 5 -3
right_child=1 4 3 -5 -6 -7
leaf_value=1.226434517348496e-06 -0.00078789511244231787 -0.00065570280353770098 0.00020591129572297687 -0.00023897155986420698 0.00029595481918018784 -3.0889498253969294e-05
leaf_weight=18612 113 287 636 434 50 116
leaf_count=18612 113 287 636 434 50 116
internal_value=-0.000383894 -0.00553016 -0.000189394 0.0034186 -0.0192686 -0.0240809
internal_weight=20248 1636 1183 1070 453 403
internal_count=20248 1636 1183 1070 453 403
is_linear=0
shrinkage=0.05


Tree=175
num_leaves=7
num_cat=0
split_feature=51 44 42 44 34 44
split_gain=18.4873 28.9572 15.6292 37.1577 54.4639 50.0466
threshold=-1.926635146141052 0.12269479408860208 0.11680311709642412 0.13569019734859469 0.24664321541786197 0.12721535563468936
decision_type=8 2 2 2 2 2
left_child=1 -1 3 5 -5 -2
right_child=2 -3 -4 4 -6 -7
leaf_value=0.00078894598541968855 -3.4325634316744076e-06 -3.5245821048063941e-05 -0.00011838527601923068 0.00090854559837063784 -7.5649340794188127e-06 -0.00045737878459046696
leaf_weight=94 17884 111 1569 224 311 158
leaf_count=94 17884 111 1569 224 311 158
internal_value=-0.000357388 0.0144048 -0.000504938 -9.82133e-05 0.0128241 -0.00048623
internal_weight=20351 205 20146 18577 535 18042
internal_count=20351 205 20146 18577 535 18042
is_linear=0
shrinkage=0.05


Tree=176
num_leaves=7
num_cat=0
split_feature=39 1 27 23 30 42
split_gain=16.2061 51.0015 39.5259 35.3001 31.2067 28.6015
threshold=0.039440350607037551 0.011894211638718845 -0.031446609646081917 0.0067122729960829028 37.374017715454109 0.075180679559707655
decision_type=2 2 2 2 2 2
left_child=-1 2 4 -3 -2 -4
right_child=1 3 5 -5 -6 -7
leaf_value=-9.7895249205294178e-07 0.00042290049311086814 0.0003464310726204419 -4.6187287259210935e-05 -0.00017828466061406442 -0.00013207411637668822 -0.00050530261797969715
leaf_weight=19332 97 177 129 116 157 282
leaf_count=19332 97 177 129 116 157 282
internal_value=-0.000294407 -0.00672378 -0.0143657 0.0104866 0.00106178 -0.0238582
internal_weight=20290 958 665 293 254 411
internal_count=20290 958 665 293 254 411
is_linear=0
shrinkage=0.05


Tree=177
num_leaves=7
num_cat=0
split_feature=25 24 43 52 12 36
split_gain=15.9817 23.7719 21.3686 43.6522 34.1411 30.5045
threshold=0.050092736259102828 1.0000000180025095e-35 0.097442720085382475 -0.0002607865171739831 0.073461566120386138 -0.90846017003059376
decision_type=2 2 2 10 2 2
left_child=2 -2 -1 4 5 -4
right_child=1 -3 3 -5 -6 -7
leaf_value=-1.2857321040751454e-05 0.00017650258523938043 -0.00029322962528528952 0.00049383685094508511 -0.00025028120071629199 -0.00038250282672914554 0.0001067565915853634
leaf_weight=17251 93 230 246 295 86 2083
leaf_count=17251 93 230 246 295 86 2083
internal_value=-0.000358569 -0.0113567 -0.000226635 0.00389503 0.00612603 0.00729434
internal_weight=20284 323 19961 2710 2415 2329
internal_count=20284 323 19961 2710 2415 2329
is_linear=0
shrinkage=0.05


Tree=178
num_leaves=7
num_cat=0
split_feature=46 12 5 44 40 30
split_gain=19.0712 36.9207 32.0442 32.7687 31.6982 44.2232
threshold=1.0924507379531863 0.085698910057544722 -0.63812306523323048 0.078295323997735991 0.12772384285926822 39.062816619873054
decision_type=2 2 2 2 2 2
left_child=-1 2 3 -2 5 -4
right_child=1 -3 4 -5 -6 -7
leaf_value=-1.3292994229597449e-05 4.0327479139255583e-05 -0.00048666433761186483 -9.050626821494055e-05 0.0008898531468636442 -0.00017286755235261476 0.00012537413696243771
leaf_weight=16694 129 67 783 107 357 2168
leaf_count=16694 129 67 783 107 357 2168
internal_value=-0.00033358 0.00313191 0.0038532 0.021473 0.0025581 0.00427097
internal_weight=20305 3611 3544 236 3308 2951
internal_count=20305 3611 3544 236 3308 2951
is_linear=0
shrinkage=0.05


Tree=179
num_leaves=7
num_cat=0
split_feature=53 39 45 15 39 1
split_gain=15.3862 34.8889 35.8135 36.4486 31.9275 37.3856
threshold=-0.19345973432064054 -0.03768684342503547 0.098624188452959075 0.22500000149011615 -0.0091738267801702005 -0.077238474041223512
decision_type=8 2 2 2 2 2
left_child=1 -1 3 -3 5 -5
right_child=-2 2 -4 4 -6 -7
leaf_value=-0.00021129743244720084 -1.256884468260446e-05 0.00069119725236360208 -5.2411374227127277e-05 -0.00063321438049442741 -1.5184945338599012e-05 0.00046855913623768315
leaf_weight=229 18408 175 476 54 514 456
leaf_count=229 18408 175 476 54 514 456
internal_value=-0.000367918 0.00386328 0.00638393 0.0109842 0.00726433 0.016068
internal_weight=20312 1904 1675 1199 1024 510
internal_count=20312 1904 1675 1199 1024 510
is_linear=0
shrinkage=0.05


Tree=180
num_leaves=7
num_cat=0
split_feature=25 32 48 50 0 22
split_gain=18.642 21.7163 14.9688 27.5656 16.5808 15.9065
threshold=0.050092736259102828 1.0000000180025095e-35 2.5937851667404179 1.108898997306824 -0.07333084940910338 0.92499998211860668
decision_type=2 2 2 2 2 2
left_child=2 -2 4 -4 5 -1
right_child=1 -3 3 -5 -6 -7
leaf_value=2.6336184236348382e-05 8.4908733489364807e-05 -0.00027419394232549871 -0.00064818124713061334 1.0428138230385472e-05 -1.1719143064988122e-06 0.00054194777710937813
leaf_weight=182 101 225 90 176 19426 120
leaf_count=182 101 225 90 176 19426 120
internal_value=-0.000377614 -0.0120091 -4.37522e-05 -0.0117159 0.000115289 0.011645
internal_weight=20320 326 19994 266 19728 302
internal_count=20320 326 19994 266 19728 302
is_linear=0
shrinkage=0.05


Tree=181
num_leaves=7
num_cat=0
split_feature=13 41 42 21 36 42
split_gain=15.3363 22.2244 61.0678 69.8307 38.9369 36.208
threshold=0.047535840421915061 0.092249631881713881 0.089712426066398634 0.22500000149011615 -0.92166101932525624 0.10434048995375635
decision_type=2 2 2 2 2 2
left_child=1 5 3 -3 -4 -1
right_child=-2 2 4 -5 -6 -7
leaf_value=-3.2124297178409615e-06 -0.00018634523616074605 -0.00051783248379277046 0.00057227604163623128 0.00041715568522483 -2.839856018168356e-05 -0.00029753479114723357
leaf_weight=15772 320 62 235 573 2579 739
leaf_count=15772 320 62 235 573 2579 739
internal_value=-0.000220606 -4.88355e-05 0.00359728 0.0175391 0.000416814 -0.000812848
internal_weight=20280 19960 3449 635 2814 16511
internal_count=20280 19960 3449 635 2814 16511
is_linear=0
shrinkage=0.05


Tree=182
num_leaves=7
num_cat=0
split_feature=55 6 53 48 35 42
split_gain=16.7035 35.3988 33.155 14.7753 42.7334 28.927
threshold=103671939.45312501 0.62338179349899303 -0.66125816106796254 -1.7011268138885496 -0.73494428396224964 0.042426591739058502
decision_type=10 2 10 2 2 2
left_child=3 -2 -3 4 -1 -6
right_child=1 2 -4 -5 5 -7
leaf_value=-0.00011862826839668631 0.001321056654769275 -0.00031092838558032199 0.00014383732342589841 -1.623431581511438e-05 -0.000287623038694666 0.00017644534915269702
leaf_weight=455 69 96 242 18202 73 1162
leaf_count=455 69 96 242 18202 73 1162
internal_value=-0.000353379 0.0095267 0.00255102 -0.000642057 0.00382006 0.00864919
internal_weight=20299 407 338 19892 1690 1235
internal_count=20299 407 338 19892 1690 1235
is_linear=0
shrinkage=0.05


Tree=183
num_leaves=7
num_cat=0
split_feature=42 36 2 35 36 6
split_gain=16.6118 46.6704 37.1172 28.5733 26.4493 24.3775
threshold=0.051280364394187934 0.45939175784587866 0.0036746505647897725 0.47254224121570593 -0.19925072789192197 0.32086986303329473
decision_type=2 2 2 2 2 2
left_child=1 2 4 -3 -1 -6
right_child=-2 3 -4 -5 5 -7
leaf_value=0.00031681890570978816 -8.5127007918100149e-06 -0.00025934010085070945 -0.00013008699984669758 0.00069451338570916633 8.1338290290738306e-05 -0.0002646624234647744
leaf_weight=151 18948 71 845 119 74 62
leaf_count=151 18948 71 845 119 74 62
internal_value=-0.000437731 -0.00631123 -0.0101803 0.0162821 0.0052226 -0.010461
internal_weight=20270 1322 1132 190 287 136
internal_count=20270 1322 1132 190 287 136
is_linear=0
shrinkage=0.05


Tree=184
num_leaves=7
num_cat=0
split_feature=48 6 2 38 13 51
split_gain=18.2158 76.5287 47.1554 41.6081 64.4393 43.3
threshold=-0.5408550202846526 0.54039353132247936 0.0088296998292207735 0.0064166202209889897 0.0064327053260058173 -0.024624063633382317
decision_type=2 2 2 2 2 8
left_child=1 2 -1 -2 5 -5
right_child=3 -3 -4 4 -6 -7
leaf_value=-4.1925094514378314e-05 3.2363173811496922e-05 -0.00040802833456523164 0.00015720705628993346 -0.00039762103632901837 6.9195240142968896e-05 -0.00011968324890373169
leaf_weight=4953 9643 847 1355 216 1449 1907
leaf_count=4953 9643 847 1355 216 1449 1907
internal_value=-0.000303067 -0.00262919 -0.000724695 0.000501135 -0.0041026 -0.00964521
internal_weight=20370 7155 6308 13215 3572 2123
internal_count=20370 7155 6308 13215 3572 2123
is_linear=0
shrinkage=0.05


Tree=185
num_leaves=7
num_cat=0
split_feature=25 55 6 44 41 42
split_gain=15.6507 18.5168 29.4324 41.0459 18.9191 44.8257
threshold=0.050092736259102828 103671939.45312501 0.62338179349899303 0.1199503429234028 0.093731001019477858 0.089712426066398634
decision_type=2 10 2 2 2 2
left_child=1 4 -3 -4 -1 -6
right_child=-2 2 3 -5 5 -7
leaf_value=-2.2996649437555055e-05 -0.00016094138425430329 0.0012633030084793395 0.00020755537166244474 -0.0001782097847401982 0.00032825709337046987 8.7160999541886731e-07
leaf_weight=16590 332 70 168 150 517 2411
leaf_count=16590 332 70 168 150 517 2411
internal_value=-0.000349504 -0.000626538 0.0101145 0.00332817 -0.000843876 0.00285544
internal_weight=20238 19906 388 318 19518 2928
internal_count=20238 19906 388 318 19518 2928
is_linear=0
shrinkage=0.05


Tree=186
num_leaves=7
num_cat=0
split_feature=2 30 49 10 55 35
split_gain=17.3574 20.2178 29.5536 30.3301 26.954 24.4529
threshold=0.015268787741661074 36.482404708862312 -0.7672334313392638 0.14882861822843554 392666.82812500006 0.85565930604934703
decision_type=2 2 2 2 10 2
left_child=1 4 -3 5 -1 -4
right_child=-2 2 3 -5 -6 -7
leaf_value=-8.3305146156623753e-05 -0.00018482531572380073 0.00010037804083646086 -4.2232738858098201e-06 -0.0002096825978100131 0.00036819141718702876 -0.00028941123896276131
leaf_weight=4104 339 1677 13718 208 91 199
leaf_count=4104 339 1677 13718 208 91 199
internal_value=-0.000406814 -0.000946155 -0.000124945 -0.000872258 -0.00402976 -0.000583609
internal_weight=20336 19997 15802 14125 4195 13917
internal_count=20336 19997 15802 14125 4195 13917
is_linear=0
shrinkage=0.05


Tree=187
num_leaves=7
num_cat=0
split_feature=58 15 45 15 39 24
split_gain=18.2588 33.6754 54.8868 32.4367 41.9806 38.831
threshold=0.00013712033978663388 0.32500000298023229 0.10786850005388261 0.37500000000000006 0.01012175949290395 -0.016239887103438374
decision_type=8 2 2 2 2 2
left_child=1 2 -1 4 -2 -5
right_child=3 -3 -4 5 -6 -7
leaf_value=0.00037804303682757744 -0.00013392266599008073 -1.2593453474271308e-05 -0.00052711056423716395 0.00015792107819409648 3.4314884543941718e-05 -1.2312843632797215e-05
leaf_weight=622 4202 1703 66 1292 2150 10276
leaf_count=622 4202 1703 66 1292 2150 10276
internal_value=-0.000387626 0.00322412 0.012518 -0.0014212 -0.00429055 0.000153374
internal_weight=20311 2391 688 17920 6352 11568
internal_count=20311 2391 688 17920 6352 11568
is_linear=0
shrinkage=0.05


Tree=188
num_leaves=7
num_cat=0
split_feature=48 39 36 2 39 10
split_gain=19.8922 64.0954 57.378 64.9502 46.0805 47.7669
threshold=-0.65664151310920704 0.01012175949290395 -0.25845691561698908 0.0083882017061114329 -0.0039468683535233131 0.015103338751941921
decision_type=2 2 2 2 2 2
left_child=1 2 -1 -4 -2 -6
right_child=4 -3 3 -5 5 -7
leaf_value=-0.00028442773813542021 4.8579636516297098e-05 3.5717160469424726e-05 -0.00010433537542770097 0.00028174863969163908 -0.00010203241140111603 3.6469457193245101e-05
leaf_weight=1355 6596 2958 1727 353 4743 2612
leaf_count=1355 6596 2958 1727 353 4743 2612
internal_value=-0.000396825 -0.00370819 -0.00835029 -0.00310552 -0.000338564 -0.00306046
internal_weight=20344 6393 3435 2080 13951 7355
internal_count=20344 6393 3435 2080 13951 7355
is_linear=0
shrinkage=0.05


Tree=189
num_leaves=7
num_cat=0
split_feature=36 47 41 47 42 22
split_gain=18.3602 76.3522 61.5348 57.7545 72.821 48.0194
threshold=-0.19925072789192197 0.84851434826850902 0.093731001019477858 0.80323326587677013 0.13215437531471255 0.42499999701976782
decision_type=2 2 2 2 2 2
left_child=1 -1 -3 -2 5 -5
right_child=3 2 -4 4 -6 -7
leaf_value=7.9620446289290544e-05 -9.8873469857609702e-05 -0.00013728368954083904 6.4418283210467914e-05 -5.8787473478552628e-06 -0.00073874791683602278 0.00013840325259407445
leaf_weight=2957 2321 5376 1678 3996 144 3894
leaf_count=2957 2321 5376 1678 3996 144 3894
internal_value=-0.000347307 -0.0024386 -0.00526633 0.000562259 0.00257184 0.00322673
internal_weight=20366 10011 7054 10355 8034 7890
internal_count=20366 10011 7054 10355 8034 7890
is_linear=0
shrinkage=0.05


Tree=190
num_leaves=7
num_cat=0
split_feature=2 24 7 47 26 40
split_gain=19.3989 30.9119 17.7132 16.291 47.7293 28.7512
threshold=0.015268787741661074 -0.070542782545089708 0.78196009993553173 1.0924050211906435 -0.045557240024209016 0.088877495378255858
decision_type=2 2 2 2 2 2
left_child=3 -2 -3 -1 -5 -6
right_child=1 2 -4 4 5 -7
leaf_value=-1.543262113239026e-05 0.00041656401426046902 -0.00012675715853921495 -0.00092262653624886753 0.00029279320472083562 4.4671465462158603e-05 -0.00014264034805333613
leaf_weight=17696 61 205 77 593 1065 647
leaf_count=17696 61 205 77 593 1065 647
internal_value=-0.000293626 -0.0124282 -0.0194251 -0.000516095 0.00343074 -0.000800815
internal_weight=20344 343 282 20001 2305 1712
internal_count=20344 343 282 20001 2305 1712
is_linear=0
shrinkage=0.05


Tree=191
num_leaves=7
num_cat=0
split_feature=27 5 40 52 2 47
split_gain=13.9501 41.994 45.5572 18.4302 14.7435 23.1948
threshold=-0.050732770934700959 -0.63812306523323048 0.087374415248632445 0.00030508956115227198 0.015268787741661074 1.0803250670433047
decision_type=2 2 2 8 2 2
left_child=1 2 -1 -3 5 -2
right_child=4 3 -4 -5 -6 -7
leaf_value=-0.00016950193022534783 -1.4181823141336478e-05 0.00026865578165736207 0.00077841382037374348 -0.00044404013530528882 -0.00019083619193960616 5.5628866572901344e-05
leaf_weight=140 17035 50 110 386 187 2465
leaf_count=140 17035 50 110 386 187 2465
internal_value=-0.000337374 -0.00763386 0.00852941 -0.0169501 -0.000402448 -0.000265317
internal_weight=20373 686 250 436 19687 19500
internal_count=20373 686 250 436 19687 19500
is_linear=0
shrinkage=0.05


Tree=192
num_leaves=7
num_cat=0
split_feature=48 6 38 50 46 2
split_gain=16.558 72.6357 37.218 39.1138 39.8261 35.4041
threshold=-0.60077959299087513 0.52383783459663402 0.0064166202209889897 0.89412730932235729 0.93280294537544262 0.0088296998292207735
decision_type=2 2 2 2 2 2
left_child=1 5 -2 4 -4 -1
right_child=2 -3 3 -5 -6 -7
leaf_value=-4.6489772699377839e-05 2.5993560934105764e-05 -0.00037273643773227597 -0.00023591531822605844 7.8174555218348077e-05 -4.1731679061173371e-05 0.00013736617202271209
leaf_weight=4726 9903 813 1090 807 1742 1237
leaf_count=4726 9903 813 1090 807 1742 1237
internal_value=-0.000313684 -0.00304896 -2.02997e-05 -0.00434276 -0.00711139 -0.00112684
internal_weight=20318 6776 13542 3639 2832 5963
internal_count=20318 6776 13542 3639 2832 5963
is_linear=0
shrinkage=0.05


Tree=193
num_leaves=7
num_cat=0
split_feature=35 47 39 39 47 7
split_gain=17.1414 54.3097 58.6936 58.9042 51.86 48.5148
threshold=-0.13897801935672757 0.69714516401290905 0.01143240323290229 -0.028520103543996807 0.58502250909805309 0.76482695341110241
decision_type=2 2 2 2 2 2
left_child=1 -1 3 -3 -2 -4
right_child=4 2 5 -5 -6 -7
leaf_value=0.00024728895300761474 -0.00052074992507101158 2.701525934689202e-05 9.6899811105171819e-05 -0.0001614543252672463 1.5781931640114704e-05 -0.00021689275368067556
leaf_weight=569 203 1727 2554 4745 9983 628
leaf_count=569 203 1727 2554 4745 9983 628
internal_value=-0.000371069 -0.00234894 -0.00323791 -0.00597113 0.000547051 0.00231409
internal_weight=20409 10223 9654 6472 10186 3182
internal_count=20409 10223 9654 6472 10186 3182
is_linear=0
shrinkage=0.05


Tree=194
num_leaves=7
num_cat=0
split_feature=3 2 43 42 44 41
split_gain=17.0024 27.16 21.2746 23.7696 20.6564 46.6116
threshold=0.0045331795699894437 0.0036746505647897725 0.046571685001254089 0.051280364394187934 0.071579031646251692 0.066245865076780333
decision_type=2 2 2 2 2 2
left_child=1 -1 -3 -4 -2 -6
right_child=4 2 3 -5 5 -7
leaf_value=6.0242018497462788e-05 3.3070422866517905e-05 -0.00017851927229994033 -5.9621808033614436e-05 0.00035038043407715667 -0.00010615042742051255 1.0022795494011315e-06
leaf_weight=307 4918 479 146 51 2458 12008
leaf_count=307 4918 479 146 51 2458 12008
internal_value=-0.00034729 -0.00700911 -0.0125918 0.00111386 -0.000282377 -0.00123523
internal_weight=20367 983 676 197 19384 14466
internal_count=20367 983 676 197 19384 14466
is_linear=0
shrinkage=0.05


Tree=195
num_leaves=7
num_cat=0
split_feature=52 46 39 38 52 12
split_gain=14.8433 38.2851 31.6617 36.4492 28.7666 28.6077
threshold=-0.00015812831406947223 0.98768141865730297 0.014384237118065359 0.010639957617968323 -0.010804947465658186 0.041562490165233619
decision_type=8 2 2 2 8 2
left_child=1 2 -1 -4 -5 -3
right_child=-2 5 3 4 -6 -7
leaf_value=-0.00017674893870405799 -1.6390898600970222e-05 0.00040931179044969559 0.0002852614546094732 -0.00033806717316368484 0.00023268726087929113 -0.00012203004722700782
leaf_weight=684 18669 434 166 63 71 136
leaf_count=684 18669 434 166 63 71 136
internal_value=-0.000374481 0.00396087 -0.00199697 0.0113934 -0.00773381 0.0142174
internal_weight=20223 1554 984 300 134 570
internal_count=20223 1554 984 300 134 570
is_linear=0
shrinkage=0.05


Tree=196
num_leaves=7
num_cat=0
split_feature=51 42 48 24 55 48
split_gain=16.5789 30.324 14.4258 59.3958 47.5082 44.2861
threshold=-1.926635146141052 0.095093466341495528 0.2414771914482117 0.029228325933218006 17468.535156250004 1.7183948755264284
decision_type=8 2 2 2 8 2
left_child=1 -1 3 -2 5 -4
right_child=2 -3 4 -5 -6 -7
leaf_value=0.00077223979889675114 -1.4280648068221636e-05 -4.7955965845902792e-07 -0.00048046513875340711 -0.00024931640193352549 2.935492424463674e-05 9.1307662303499788e-05
leaf_weight=72 10598 134 314 647 8296 152
leaf_count=72 10598 134 314 647 8296 152
internal_value=-0.000275744 0.0136256 -0.000460973 -0.00164667 0.00105794 -0.0143843
internal_weight=20213 206 20007 11245 8762 466
internal_count=20213 206 20007 11245 8762 466
is_linear=0
shrinkage=0.05


Tree=197
num_leaves=7
num_cat=0
split_feature=55 5 3 53 51 43
split_gain=13.367 32.5164 36.4791 35.1757 33.909 33.4584
threshold=52773.880859375007 0.40933093428611761 0.0092514972202479857 -0.19345973432064054 -0.056918708607554429 0.074536938220262541
decision_type=10 2 2 10 8 2
left_child=-1 2 -2 -3 -4 -5
right_child=1 3 4 5 -6 -7
leaf_value=-1.6969436999756707e-05 0.00013117837681394449 7.8376410837267699e-05 0.00042062306422047048 -0.00043168799555022563 -0.00040934792827739577 -6.2935358135339967e-05
leaf_weight=17464 1570 372 123 184 237 216
leaf_count=17464 1570 372 123 184 237 216
internal_value=-0.000330921 0.00261359 0.00608527 -0.00601673 -0.00815068 -0.0162346
internal_weight=20166 2702 1930 772 360 400
internal_count=20166 2702 1930 772 360 400
is_linear=0
shrinkage=0.05


Tree=198
num_leaves=7
num_cat=0
split_feature=52 45 22 17 35 53
split_gain=14.3717 42.7044 47.2229 45.5229 43.2331 39.621
threshold=-0.00015812831406947223 0.07616214826703073 0.57500001788139354 0.32500000298023229 0.059632120653986938 -0.10470951348543166
decision_type=8 2 2 2 2 10
left_child=1 4 3 -3 -1 -4
right_child=-2 2 5 -5 -6 -7
leaf_value=0.00061724591533424784 -1.7193463372788344e-05 0.0002825092309044373 0.00015533357547788918 -0.00039183080336837456 -2.6019118302712549e-05 -0.00055270660029009186
leaf_weight=250 18776 91 707 292 164 64
leaf_count=250 18776 91 707 292 164 64
internal_value=-0.000426311 0.00392562 -0.00101381 -0.0152706 0.0176014 0.00608892
internal_weight=20344 1568 1154 383 414 771
internal_count=20344 1568 1154 383 414 771
is_linear=0
shrinkage=0.05


Tree=199
num_leaves=7
num_cat=0
split_feature=12 48 44 6 36 47
split_gain=13.2907 21.7934 60.9606 54.9931 37.6828 88.8511
threshold=-0.045619865879416459 -0.48353889584541315 0.12269479408860208 0.54039353132247936 0.48250322043895727 0.99813315272331249
decision_type=2 2 2 2 2 2
left_child=-1 2 3 4 -2 -6
right_child=1 -3 -4 -5 5 -7
leaf_value=7.4472297191129644e-05 -1.2864211035198037e-05 -1.4346879485082569e-06 0.00057709508512664349 -0.00035699275453264886 -0.00037893156714744456 0.00031600319600017668
leaf_weight=1345 4537 12500 192 925 559 164
leaf_count=1345 4537 12500 192 925 559 164
internal_value=-0.000295397 -0.00126178 -0.00363914 -0.00451131 -0.00252137 -0.0130838
internal_weight=20222 18877 6377 6185 5260 723
internal_count=20222 18877 6377 6185 5260 723
is_linear=0
shrinkage=0.05


Tree=200
num_leaves=7
num_cat=0
split_feature=27 34 2 38 38 55
split_gain=15.7352 45.5506 33.3044 17.1254 15.5451 63.0426
threshold=-0.050732770934700959 -0.63812306523323048 0.007938296068459751 0.014250142499804498 0.013237048871815206 7944.3917183876047
decision_type=2 2 2 2 2 8
left_child=1 2 -1 -3 -2 -6
right_child=4 3 -4 -5 5 -7
leaf_value=-0.00021113986442102819 7.6462618964555223e-06 -0.00053795557655694716 0.00034615307138890637 -4.5222635134371461e-06 -0.00047916699428857064 -2.5020334057220462e-05
leaf_weight=101 16358 298 158 116 170 3192
leaf_count=101 16358 298 158 116 170 3192
internal_value=-0.000395872 -0.00785398 0.00842803 -0.0180788 -0.000105196 -0.00320018
internal_weight=20393 673 259 414 19720 3362
internal_count=20393 673 259 414 19720 3362
is_linear=0
shrinkage=0.05


Tree=201
num_leaves=7
num_cat=0
split_feature=51 6 13 12 31 26
split_gain=15.8448 33.2057 14.8095 31.1855 23.1695 33.2648
threshold=-1.926635146141052 0.54039353132247936 0.0072049268055707225 -0.026546420529484745 48.645183563232429 -0.0076458759140223256
decision_type=8 2 2 2 2 2
left_child=1 -1 4 -4 -2 -6
right_child=2 -3 3 -5 5 -7
leaf_value=0.00044230783469018933 6.1394795759124601e-07 -0.00024762665216560362 0.00073247633860468609 9.8395575218982075e-06 -0.00014381198726361307 -1.6662075202329113e-05
leaf_weight=151 7968 57 172 6879 2052 2981
leaf_count=151 7968 57 172 6879 2052 2981
internal_value=-0.000383666 0.0130282 -0.000676821 0.00116567 -0.00167807 -0.00433208
internal_weight=20260 208 20052 7051 13001 5033
internal_count=20260 208 20052 7051 13001 5033
is_linear=0
shrinkage=0.05


Tree=202
num_leaves=7
num_cat=0
split_feature=55 49 44 19 44 44
split_gain=13.8696 24.2829 22.1748 14.25 22.81 23.8598
threshold=103671939.45312501 -0.15392127633094785 0.12269479408860208 0.87500000000000011 0.061556277796626098 0.04902180656790734
decision_type=10 2 2 2 2 2
left_child=3 -2 -3 -1 5 -5
right_child=1 2 -4 4 -6 -7
leaf_value=-1.6758004650987631e-05 0.0003784925618211152 0.00016506247431322831 -0.00022739838053613106 0.00030152174987939682 6.8564445149220602e-05 -0.00018069002138263997
leaf_weight=16818 163 141 111 62 2656 282
leaf_count=16818 163 141 111 62 2656 282
internal_value=-0.000290295 0.00863095 -0.00107004 -0.000548605 0.00262063 -0.00938395
internal_weight=20233 415 252 19818 3000 344
internal_count=20233 415 252 19818 3000 344
is_linear=0
shrinkage=0.05


Tree=203
num_leaves=7
num_cat=0
split_feature=16 41 6 18 39 2
split_gain=16.6709 24.7674 24.0467 23.8573 22.8596 21.2822
threshold=0.12500000372529033 0.059281243011355407 0.25427801907062536 0.075000001117587103 0.017912740819156173 0.015268787741661074
decision_type=2 2 2 2 2 2
left_child=1 -1 3 -3 -5 -2
right_child=5 2 -4 4 -6 -7
leaf_value=0.00014862938825525599 6.9318953450405077e-06 3.5406781548864071e-05 -6.9680295864135109e-06 -0.00034142548031080937 -2.4657749462828062e-05 -0.0002365619947259541
leaf_weight=274 17992 201 787 548 206 260
leaf_count=274 17992 201 787 548 206 260
internal_value=-0.000427909 -0.00458931 -0.00679737 -0.0121094 -0.0161726 0.000195815
internal_weight=20268 2016 1742 955 754 18252
internal_count=20268 2016 1742 955 754 18252
is_linear=0
shrinkage=0.05


Tree=204
num_leaves=7
num_cat=0
split_feature=53 39 3 2 12 51
split_gain=20.8671 30.0807 33.3625 32.2703 28.9971 29.7255
threshold=-0.10470951348543166 -0.03768684342503547 0.0088947140611708182 0.0077758380211889752 0.010091732721775772 -0.064843520522117601
decision_type=8 2 2 2 2 8
left_child=1 -1 3 -3 -5 -6
right_child=-2 2 -4 4 5 -7
leaf_value=-0.00014712200844279179 -1.9405407131225009e-05 5.4514133681000596e-05 -3.7997390090527462e-05 0.0006447681877636938 -0.00039794536331530327 0.00025225547501851693
leaf_weight=295 17917 786 783 166 73 294
leaf_count=295 17917 786 783 166 73 294
internal_value=-0.000451548 0.00371565 0.00582582 0.0106684 0.0201208 0.0118952
internal_weight=20314 2397 2102 1319 533 367
internal_count=20314 2397 2102 1319 533 367
is_linear=0
shrinkage=0.05


Tree=205
num_leaves=7
num_cat=0
split_feature=41 42 36 36 44 42
split_gain=13.8873 60.4044 45.6344 40.4918 35.6174 35.58
threshold=0.092249631881713881 0.089712426066398634 -0.79541438817977894 -0.89702075719833363 0.085257180035114302 0.10434048995375635
decision_type=2 2 2 2 2 2
left_child=3 4 -3 -1 -2 -5
right_child=1 2 -4 5 -6 -7
leaf_value=-0.00020447870375010798 5.5136819028249507e-05 0.00018719032877807202 -8.6889332334999785e-05 -6.0387131928895776e-07 0.00042569948967716067 -0.00031385095356203262
leaf_weight=1152 334 711 2236 15001 329 647
leaf_count=1152 334 711 2236 15001 329 647
internal_value=-0.000322067 0.00217842 -0.000889228 -0.00123624 0.015756 -0.000566984
internal_weight=20410 3610 2947 16800 663 15648
internal_count=20410 3610 2947 16800 663 15648
is_linear=0
shrinkage=0.05


Tree=206
num_leaves=7
num_cat=0
split_feature=8 48 6 10 58 54
split_gain=17.4536 49.5315 48.8617 43.3682 38.1598 34.6516
threshold=0.61548820137977611 -0.71361038088798512 0.77703672647476207 -0.057599579915404313 0.00030487557523883885 0.038612183183431632
decision_type=2 2 2 2 8 8
left_child=-1 3 4 -2 -3 -4
right_child=1 2 5 -5 -6 -7
leaf_value=-2.3334017305509853e-05 0.00029267558339083743 0.00048131999568973923 -0.00015343373641322342 -0.00022844068163932051 8.5305283399845187e-05 2.1839959551540847e-05
leaf_weight=12141 116 470 642 842 2098 4040
leaf_count=12141 116 470 642 842 2098 4040
internal_value=-0.000377076 0.0014337 0.00284976 -0.00921599 0.00838515 -0.000186687
internal_weight=20349 8208 7250 958 2568 4682
internal_count=20349 8208 7250 958 2568 4682
is_linear=0
shrinkage=0.05


Tree=207
num_leaves=7
num_cat=0
split_feature=53 39 45 15 44 39
split_gain=16.5521 32.5776 36.8758 41.7877 35.0192 31.2997
threshold=-0.13405773043632505 -0.043935090303421014 0.098624188452959075 0.17500000447034839 0.094920586794614806 0.016953291371464733
decision_type=8 2 2 2 2 2
left_child=1 4 3 -3 -1 -4
right_child=-2 2 5 -5 -6 -7
leaf_value=7.5748679774860947e-05 -1.3143576678825953e-05 0.00067510286087062166 -0.00021236170227885589 9.2969820080270575e-05 -0.00072483386836910192 0.00022334179783691042
leaf_weight=69 17955 153 382 1386 115 132
leaf_count=69 17955 153 382 1386 115 132
internal_value=-0.000295836 0.00357939 0.00540573 0.00927785 -0.0162698 -0.00611753
internal_weight=20192 2237 2053 1539 184 514
internal_count=20192 2237 2053 1539 184 514
is_linear=0
shrinkage=0.05


Tree=208
num_leaves=7
num_cat=0
split_feature=51 12 41 42 21 36
split_gain=19.4586 16.4747 14.5558 56.9454 58.55 42.7488
threshold=-1.926635146141052 0.010091732721775772 0.093731001019477858 0.089712426066398634 0.22500000149011615 -0.92166101932525624
decision_type=8 2 2 2 2 2
left_child=1 -1 -2 4 -4 -5
right_child=2 -3 3 5 -6 -7
leaf_value=0.00039814834558416835 -1.4627682766436097e-05 -7.6006156643922311e-05 -0.00046251471431488363 0.0004357694085697997 0.00040641349488757645 -5.8163405529336611e-05
leaf_weight=145 16888 50 65 249 495 2429
leaf_count=145 16888 50 65 249 495 2429
internal_value=-0.00025952 0.015125 -0.000545179 0.00252081 0.0169469 -0.000512486
internal_weight=20321 195 20126 3238 560 2678
internal_count=20321 195 20126 3238 560 2678
is_linear=0
shrinkage=0.05


Tree=209
num_leaves=7
num_cat=0
split_feature=39 1 24 4 3 45
split_gain=18.2823 45.1164 40.2167 38.456 35.4618 18.4624
threshold=0.039440350607037551 0.010588608682155611 -0.070542782545089708 0.68217587471008312 0.0080001177266240137 0.074396207928657546
decision_type=2 2 2 2 2 2
left_child=-1 2 -2 4 -3 -4
right_child=1 3 5 -5 -6 -7
leaf_value=-1.3993952081314789e-06 0.00072602307653019051 0.00051243897350332509 -2.5949927564271012e-05 -0.00027633855682270204 -2.3934578799667169e-05 -0.00034146357212918883
leaf_weight=19391 58 130 156 68 131 435
leaf_count=19391 58 130 156 68 131 435
internal_value=-0.000347256 -0.00709563 -0.0147171 0.00785928 0.0166353 -0.0186661
internal_weight=20369 978 649 329 261 591
internal_count=20369 978 649 329 261 591
is_linear=0
shrinkage=0.05


Tree=210
num_leaves=7
num_cat=0
split_feature=3 43 36 36 38 44
split_gain=15.6243 21.1048 32.9978 29.8067 19.519 18.2038
threshold=0.0045331795699894437 0.038064515218138702 -0.1003749445080757 -0.39486587047576899 0.010639957617968323 0.055596077814698226
decision_type=2 2 2 2 2 2
left_child=1 -1 3 4 -3 -2
right_child=5 2 -4 -5 -6 -7
leaf_value=5.9418886061163669e-05 7.9188856544804297e-05 -9.7362771781477791e-05 8.4012230029276464e-05 -0.00026391028883418195 0.00034175326118504059 -8.2118205382953058e-06
leaf_weight=293 763 175 199 261 52 18505
leaf_count=293 763 175 199 261 52 18505
internal_value=-0.000374019 -0.00667513 -0.0114523 -0.0184077 -0.00484914 -0.000216624
internal_weight=20248 980 687 488 227 19268
internal_count=20248 980 687 488 227 19268
is_linear=0
shrinkage=0.05


Tree=211
num_leaves=7
num_cat=0
split_feature=0 59 24 10 15 13
split_gain=14.5717 32.4353 29.7241 27.7446 40.0932 37.1798
threshold=-0.007540671154856681 -0.0024247539695352312 0.076781529933214201 0.007540950784459711 0.62500000000000011 -0.002815706422552466
decision_type=2 10 2 2 2 2
left_child=-1 3 -3 -2 5 -5
right_child=1 2 -4 4 -6 -7
leaf_value=-2.6965364568460466e-05 -3.1020993140207718e-05 0.00015274920555775662 -0.0003040074798483579 5.4978033448650202e-05 0.00013121006434237665 -0.00020679426837198999
leaf_weight=7938 7123 1490 92 1278 1631 670
leaf_count=7938 7123 1490 92 1278 1631 670
internal_value=-0.000265734 0.000811702 0.00748267 -0.000175119 0.00341099 -0.00142089
internal_weight=20222 12284 1582 10702 3579 1948
internal_count=20222 12284 1582 10702 3579 1948
is_linear=0
shrinkage=0.05


Tree=212
num_leaves=7
num_cat=0
split_feature=48 12 42 55 39 39
split_gain=13.9136 50.6035 47.6278 40.482 50.149 37.4996
threshold=0.2414771914482117 0.038743127137422569 0.13215437531471255 152361.15625000003 0.01012175949290395 -0.00082598836161196221
decision_type=2 2 2 8 2 2
left_child=1 3 5 -1 -5 -2
right_child=2 -3 -4 4 -6 -7
leaf_value=0.00021397805215039628 8.3199085727587952e-05 -0.00027975333025147568 -0.00023727471227064811 -7.6778526314666155e-05 4.7005440766208994e-05 -2.4809400471539379e-05
leaf_weight=721 4652 638 464 5923 4091 3822
leaf_count=721 4652 638 464 5923 4091 3822
internal_value=-0.000333481 -0.00157541 0.00105949 -0.000756518 -0.00158449 0.00191945
internal_weight=20311 11373 8938 10735 10014 8474
internal_count=20311 11373 8938 10735 10014 8474
is_linear=0
shrinkage=0.05


Tree=213
num_leaves=7
num_cat=0
split_feature=35 44 51 12 44 48
split_gain=13.4889 36.7953 45.775 34.5334 56.3102 41.1765
threshold=0.50058910250663768 0.075554665178060545 0.1324584558606148 0.012947789393365385 0.058078350499272353 -0.30578617751598353
decision_type=2 2 8 2 2 2
left_child=-1 2 -2 5 -5 -4
right_child=1 -3 3 4 -6 -7
leaf_value=-1.2535287711838792e-05 -0.00052997146482813915 -7.165473699241824e-05 4.9969011284134382e-05 0.00040426870433427292 -8.7766434445989464e-05 0.00052541441137533569
leaf_weight=17682 131 998 400 123 448 508
leaf_count=17682 131 998 400 123 448 508
internal_value=-0.000284553 0.00305205 0.00772446 0.0102594 0.000564236 0.0162924
internal_weight=20290 2608 1610 1479 571 908
internal_count=20290 2608 1610 1479 571 908
is_linear=0
shrinkage=0.05


Tree=214
num_leaves=7
num_cat=0
split_feature=39 42 48 41 55 45
split_gain=15.6477 41.8747 40.6854 46.6655 52.1829 35.8086
threshold=-0.00082598836161196221 0.087904557585716261 -0.77192986011505116 0.058249400928616531 116884.69140625001 0.10786850005388261
decision_type=2 2 2 2 8 2
left_child=2 5 3 -1 -5 -2
right_child=1 -3 -4 4 -6 -7
leaf_value=0.00011365061506486178 3.1724905887391153e-06 -0.00012653789011141887 4.9733821453547897e-05 0.00066179956448516241 -0.00021613695803617081 0.00053881093620176653
leaf_weight=357 7449 3195 7655 87 1457 65
leaf_count=357 7449 3195 7655 87 1457 65
internal_value=-0.000329304 -0.00156104 0.00122111 -0.00531217 -0.00908651 0.000475462
internal_weight=20265 10709 9556 1901 1544 7514
internal_count=20265 10709 9556 1901 1544 7514
is_linear=0
shrinkage=0.05


Tree=215
num_leaves=7
num_cat=0
split_feature=27 5 23 12 41 15
split_gain=16.8161 41.6386 38.474 22.1105 40.6805 31.3531
threshold=-0.050732770934700959 -0.63812306523323048 -0.023725201375782486 -0.03217609599232673 0.15388815104961398 0.32500000298023229
decision_type=2 2 2 2 2 2
left_child=1 2 -1 4 5 -2
right_child=3 -3 -4 -5 -6 -7
leaf_value=0.0006183749700174883 2.0678725019146819e-06 -0.00036071112539771559 -9.5106011209881026e-05 -1.3008115104901682e-05 0.0013601666771936869 0.00026141593028560769
leaf_weight=97 2008 425 165 17023 79 461
leaf_count=97 2008 425 165 17023 79 461
internal_value=-0.000329418 -0.00812861 0.007397 -0.000195392 0.00414219 0.00296079
internal_weight=20258 687 262 19571 2548 2469
internal_count=20258 687 262 19571 2548 2469
is_linear=0
shrinkage=0.05


Tree=216
num_leaves=7
num_cat=0
split_feature=35 42 21 44 10 9
split_gain=16.2825 62.955 36.3985 43.4227 32.9256 36.1127
threshold=-0.81742659211158741 0.095093466341495528 0.47499999403953558 0.066831331700086608 0.044714746996760375 -0.037584306672215455
decision_type=2 2 2 2 2 2
left_child=1 2 3 -1 -3 -6
right_child=-2 4 -4 -5 5 -7
leaf_value=-0.00027129400270109601 2.9944035735618524e-06 0.00037674283624091528 -0.00038628601608353241 0.00027002255046719567 0.0004402616037633793 -0.00023887768998856487
leaf_weight=149 18319 388 857 245 78 236
leaf_count=149 18319 388 857 245 78 236
internal_value=-0.000274942 -0.0046093 -0.0113256 0.00119048 0.00731966 -0.00462382
internal_weight=20272 1953 1251 394 702 314
internal_count=20272 1953 1251 394 702 314
is_linear=0
shrinkage=0.05


Tree=217
num_leaves=7
num_cat=0
split_feature=43 17 20 36 44 2
split_gain=18.1199 26.7803 28.5185 24.6568 26.2644 42.2269
threshold=0.046571685001254089 0.77500000596046459 0.22500000149011615 0.48250322043895727 0.061556277796626098 0.0036746505647897725
decision_type=2 2 2 2 2 2
left_child=1 2 -1 4 5 -4
right_child=-2 -3 3 -5 -6 -7
leaf_value=-0.00018231479716162302 1.7977242517964229e-06 -0.00029938851442917866 0.00019605948329921559 0.00073897370288887327 0.0003176192371355537 -0.00013544280148273502
leaf_weight=305 18954 106 205 60 156 486
leaf_count=305 18954 106 205 60 156 486
internal_value=-0.000319327 -0.00595238 -0.00375924 0.000685307 -0.00155516 -0.00578305
internal_weight=20272 1318 1212 907 847 691
internal_count=20272 1318 1212 907 847 691
is_linear=0
shrinkage=0.05


Tree=218
num_leaves=7
num_cat=0
split_feature=35 13 39 47 35 44
split_gain=16.5035 47.5437 37.2029 39.7368 33.8956 31.0714
threshold=0.50058910250663768 0.019721240736544136 -0.063188947737216936 0.58502250909805309 0.85565930604934703 0.062822036445140853
decision_type=2 2 2 2 2 2
left_child=5 2 -2 -4 -5 -1
right_child=1 -3 3 4 -6 -7
leaf_value=-6.3939822182040263e-05 -0.00040346078733319079 -0.00018977077845083008 -0.00035426668810230994 0.00018117443129000554 -0.00013872703734400614 -8.7741169950094051e-07
leaf_weight=2474 54 270 97 1903 270 15266
leaf_count=2474 54 270 97 1903 270 15266
internal_value=-0.000318354 0.0033763 0.00569987 0.00671429 0.0081382 -0.000888983
internal_weight=20334 2594 2324 2270 2173 17740
internal_count=20334 2594 2324 2270 2173 17740
is_linear=0
shrinkage=0.05


Tree=219
num_leaves=7
num_cat=0
split_feature=21 44 36 27 32 36
split_gain=14.3555 37.0858 102.432 48.6811 56.9363 42.8377
threshold=0.47499999403953558 0.099708724766969695 -0.31181326508522028 0.034356154501438148 -0.14253119379281995 0.069286592304706587
decision_type=2 2 2 2 2 2
left_child=-1 2 3 4 -2 -3
right_child=1 5 -4 -5 -6 -7
leaf_value=8.4362688639553543e-06 -0.00010152036051951327 0.00012075466597871413 3.5828106634960685e-05 0.00010385330035616618 -0.00041571195101707106 -8.3133219985459704e-05
leaf_weight=9231 1589 2551 3521 473 1525 1518
leaf_count=9231 1589 2551 3521 473 1525 1518
internal_value=-0.000336795 -0.00188025 -0.00405947 -0.0100014 -0.0122716 0.00192072
internal_weight=20408 11177 7108 3587 3114 4069
internal_count=20408 11177 7108 3587 3114 4069
is_linear=0
shrinkage=0.05


Tree=220
num_leaves=7
num_cat=0
split_feature=47 35 42 39 42 26
split_gain=20.9016 38.6724 75.2856 42.9744 32.5425 42.0332
threshold=0.88931936025619518 -0.78452330827713002 0.095093466341495528 0.01012175949290395 0.085257824510335936 -0.045557240024209016
decision_type=2 2 2 2 2 2
left_child=-1 2 3 -2 5 -3
right_child=1 4 -4 -5 -6 -7
leaf_value=2.075755939006138e-05 -0.00056717931280566159 0.00017834149615169768 0.00015875071831357942 -9.7701882614934052e-05 -9.0912150569801974e-05 -2.9390269125427037e-07
leaf_weight=8834 550 924 418 516 3730 5249
leaf_count=8834 550 924 418 516 3730 5249
internal_value=-0.000325077 -0.00167003 -0.00918402 -0.0162232 -0.000537444 0.00168744
internal_weight=20221 11387 1484 1066 9903 6173
internal_count=20221 11387 1484 1066 9903 6173
is_linear=0
shrinkage=0.05


Tree=221
num_leaves=7
num_cat=0
split_feature=55 23 44 48 35 48
split_gain=21.1718 17.6358 19.1358 15.5355 34.3983 33.0032
threshold=103671939.45312501 -0.0032128258608281608 0.12269479408860208 -1.7011268138885496 -0.73494428396224964 -1.0994113087654112
decision_type=10 2 2 2 2 2
left_child=3 -2 -3 4 -1 -5
right_child=1 2 -4 5 -6 -7
leaf_value=-9.4797447082669911e-05 0.00034782032704231607 0.00011980550929169337 -0.00026635151334948891 -8.984274013623607e-05 0.0001539493002274995 2.1851324082231869e-07
leaf_weight=489 185 158 76 2353 1210 15893
leaf_count=489 185 158 76 2353 1210 15893
internal_value=-0.000312976 0.010908 0.00156904 -0.000382206 0.00418134 -0.000809545
internal_weight=20364 419 234 19945 1699 18246
internal_count=20364 419 234 19945 1699 18246
is_linear=0
shrinkage=0.05


Tree=222
num_leaves=7
num_cat=0
split_feature=25 51 44 43 27 48
split_gain=16.887 13.8186 25.713 13.1268 34.1606 52.1235
threshold=0.050092736259102828 -2.3632502555847164 0.14118217676877978 0.097442720085382475 0.0061185390222817668 -0.30578617751598353
decision_type=2 8 2 2 2 2
left_child=1 2 -1 -3 5 -5
right_child=-2 3 -4 4 -6 -7
leaf_value=0.00062394121935230426 -0.00014795460976792954 -1.1462505417434677e-05 -6.9825943727697392e-05 0.00011742295197578264 0.00017750823192792722 -0.00026009615990868544
leaf_weight=81 325 17145 62 1003 963 674
leaf_count=81 325 17145 62 1003 963 674
internal_value=-0.000294945 -0.000184368 0.0150338 -0.000299394 0.00297732 -0.00132283
internal_weight=20253 19928 143 19785 2640 1677
internal_count=20253 19928 143 19785 2640 1677
is_linear=0
shrinkage=0.05


Tree=223
num_leaves=7
num_cat=0
split_feature=22 44 3 47 36 44
split_gain=15.0612 27.2176 40.4176 49.7486 40.0052 61.6001
threshold=0.12500000372529033 0.071579031646251692 0.0062855395954102286 0.88931936025619518 -0.28779996931552881 0.073892530053854003
decision_type=2 2 2 2 2 2
left_child=-1 -2 -3 -4 -5 -6
right_child=1 2 3 4 5 -7
leaf_value=-4.253528527402833e-05 4.5543905238173071e-05 -0.00016340746056471201 6.3209090339473123e-05 -0.00011603753724336691 -0.00033179386880458918 6.7235457549514203e-05
leaf_weight=2024 4078 1065 5337 4307 433 3121
leaf_count=2024 4078 1065 5337 4307 433 3121
internal_value=-0.000327688 0.000164886 -0.000863821 -0.000104143 -0.00263476 0.00128547
internal_weight=20365 18341 14263 13198 7861 3554
internal_count=20365 18341 14263 13198 7861 3554
is_linear=0
shrinkage=0.05


Tree=224
num_leaves=7
num_cat=0
split_feature=35 41 6 47 22 12
split_gain=15.584 43.2799 57.9967 56.2938 46.3161 48.23
threshold=0.50058910250663768 0.057159185409545905 0.79318347573280346 0.58502250909805309 0.37500000000000006 0.014484137296676637
decision_type=2 2 2 2 2 2
left_child=-1 -2 3 -3 -5 -6
right_child=1 2 -4 4 5 -7
leaf_value=-9.8452616777075345e-06 0.00021647748547931234 -0.0005654224798480929 -0.00031850915105675578 -7.8580397545702151e-05 0.00028248230162251198 -0.00020284511284858063
leaf_weight=17606 583 92 263 716 765 173
leaf_count=17606 583 92 263 716 765 173
internal_value=-0.000300698 0.0034174 -6.20655e-05 0.00324101 0.00540989 0.0126988
internal_weight=20198 2592 2009 1746 1654 938
internal_count=20198 2592 2009 1746 1654 938
is_linear=0
shrinkage=0.05


Tree=225
num_leaves=7
num_cat=0
split_feature=22 43 52 21 52 51
split_gain=14.3645 35.165 32.3796 26.7641 46.4447 33.8397
threshold=0.12500000372529033 0.076403651386499419 -0.00019217639055568722 0.37500000000000006 0.00017862270760815593 -0.024624063633382317
decision_type=2 2 8 2 10 10
left_child=1 2 -1 4 -2 -5
right_child=3 -3 -4 5 -6 -7
leaf_value=0.00041070084787069526 5.810489271776802e-05 0.00058120905172397445 -6.3900023466337538e-05 -3.7663273673826854e-05 -0.00023439044747791701 9.4854366016973793e-05
leaf_weight=63 4831 57 1878 11552 294 1626
leaf_count=63 4831 57 1878 11552 294 1626
internal_value=-0.000289323 -0.00438093 -0.00556269 7.78348e-05 0.00314327 -0.00111318
internal_weight=20301 1998 1941 18303 5125 13178
internal_count=20301 1998 1941 18303 5125 13178
is_linear=0
shrinkage=0.05


Tree=226
num_leaves=7
num_cat=0
split_feature=12 18 0 51 42 36
split_gain=15.5697 27.6033 28.5694 30.9705 30.4067 31.5661
threshold=0.050801768898963935 0.67499998211860668 -0.044336449354887002 0.71310827136039745 0.11680311709642412 -0.69273802638053883
decision_type=2 2 2 8 2 2
left_child=-1 -2 3 -3 5 -4
right_child=1 2 4 -5 -6 -7
leaf_value=6.6068606720564707e-06 -0.00033603454333792145 -0.00022030893539030087 8.8886617650647346e-05 0.00020094033635879155 -0.00074138592466070272 -0.00016030420804838335
leaf_weight=18336 251 58 430 449 60 654
leaf_count=18336 251 58 430 449 60 654
internal_value=-0.000349504 -0.00433928 -0.00194746 0.00786133 -0.00633159 -0.00429293
internal_weight=20238 1902 1651 507 1144 1084
internal_count=20238 1902 1651 507 1144 1084
is_linear=0
shrinkage=0.05


Tree=227
num_leaves=7
num_cat=0
split_feature=55 6 44 26 12 38
split_gain=15.6932 22.0279 37.0962 15.7842 15.1167 31.6813
threshold=103671939.45312501 0.62338179349899303 0.1199503429234028 0.13568604737520221 -0.03217609599232673 0.00072228597127832483
decision_type=10 2 2 2 2 2
left_child=4 -2 3 -3 5 -1
right_child=1 2 -4 -5 -6 -7
leaf_value=-4.1017245516796161e-05 0.0010765070966145922 0.00039820524678747067 -0.00015421879008088396 6.4978446742055934e-06 -1.9166625058897761e-05 0.00010188245653576051
leaf_weight=1298 62 104 172 70 16888 1743
leaf_count=1298 62 104 172 70 16888 1743
internal_value=-0.000313391 0.00914044 0.00391738 0.0199721 -0.000703572 0.00253611
internal_weight=20337 408 346 174 19929 3041
internal_count=20337 408 346 174 19929 3041
is_linear=0
shrinkage=0.05


Tree=228
num_leaves=7
num_cat=0
split_feature=51 44 27 21 10 46
split_gain=15.2459 20.3643 14.3476 26.085 14.8896 34.6249
threshold=-1.926635146141052 0.12269479408860208 0.06949253007769586 0.92499998211860668 0.0050684751477092513 0.84750452637672435
decision_type=8 2 2 2 2 2
left_child=1 -1 4 -4 5 -2
right_child=2 -3 3 -5 -6 -7
leaf_value=0.0006146238190943721 5.8060202570791504e-05 -7.4431326100035671e-06 -0.00029546255013085328 7.88703826155061e-05 1.2662194953143129e-05 -4.6993999972561368e-05
leaf_weight=92 1822 110 201 120 9261 8648
leaf_count=92 1822 110 201 120 9261 8648
internal_value=-0.000324547 0.0129227 -0.000711722 -0.0111196 -0.000538356 -0.00183055
internal_weight=20254 202 20052 321 19731 10470
internal_count=20254 202 20052 321 19731 10470
is_linear=0
shrinkage=0.05


Tree=229
num_leaves=7
num_cat=0
split_feature=22 43 21 51 6 45
split_gain=17.7673 30.1751 23.2816 35.4014 44.5644 50.5662
threshold=0.12500000372529033 0.076403651386499419 0.47499999403953558 -0.024624063633382317 0.80750122666358959 0.095853723585605635
decision_type=2 2 2 10 2 2
left_child=1 -1 -2 -4 5 -5
right_child=2 -3 3 4 -6 -7
leaf_value=-5.0751846099870778e-05 2.8102597922540225e-05 0.00055502728052673762 -4.3216326522490667e-05 0.00039922108347169316 -8.9446868609631986e-05 -7.3810144888354867e-05
leaf_weight=2026 7064 57 9752 566 517 313
leaf_count=2026 7064 57 9752 566 517 313
internal_value=-0.000264778 -0.00489703 -2.60745e-05 -0.00145028 0.00597787 0.0128111
internal_weight=20295 2083 18212 11148 1396 879
internal_count=20295 2083 18212 11148 1396 879
is_linear=0
shrinkage=0.05


Tree=230
num_leaves=7
num_cat=0
split_feature=10 45 47 2 52 6
split_gain=13.674 24.991 24.584 26.4312 25.8382 31.7979
threshold=0.007540950784459711 0.18452720344066623 1.6064773201942446 0.015268787741661074 0.00020783668151125315 0.63853922486305248
decision_type=2 2 2 2 8 2
left_child=2 -2 4 -4 5 -1
right_child=1 -3 3 -5 -6 -7
leaf_value=0.00018276642486178137 1.3691882666768677e-05 -0.00062785243907981854 0.00093944774748904261 -5.577048271797596e-05 -4.6214919890277993e-05 -6.7986593651738712e-05
leaf_weight=748 9083 105 116 99 9530 646
leaf_count=748 9083 105 116 99 9530 646
internal_value=-0.000279117 0.000726096 -0.00187769 0.0146591 -0.002212 0.00412795
internal_weight=20327 9188 11139 215 10924 1394
internal_count=20327 9188 11139 215 10924 1394
is_linear=0
shrinkage=0.05


Tree=231
num_leaves=7
num_cat=0
split_feature=37 43 27 29 29 23
split_gain=13.3667 20.118 21.1568 33.1448 22.1657 35.2464
threshold=-0.0010800358140841124 0.099216055124998107 0.007131243823096157 -0.007926618214696644 0.060591951012611396 0.010909254662692549
decision_type=2 2 2 2 2 2
left_child=-1 -2 3 -3 -4 -6
right_child=1 2 4 -5 5 -7
leaf_value=-3.6384180615117422e-05 -7.2918556770722355e-06 0.00014380711451122245 0.00034294882213317494 -0.0001634786748649803 0.00026158790797490157 -0.00025164181163560235
leaf_weight=7505 11066 653 374 323 122 88
leaf_count=7505 11066 653 374 323 122 88
internal_value=-0.0002868 0.000235532 0.00554313 0.000993884 0.0130306 0
internal_weight=20131 12626 1560 976 584 210
internal_count=20131 12626 1560 976 584 210
is_linear=0
shrinkage=0.05


Tree=232
num_leaves=7
num_cat=0
split_feature=10 3 39 36 44 22
split_gain=17.9269 41.8512 29.0928 24.994 86.7784 69.8977
threshold=0.007540950784459711 0.01446635276079178 0.039440350607037551 -0.19925072789192197 0.10694705322384836 0.52500000596046459
decision_type=2 2 2 2 2 2
left_child=3 2 -2 4 5 -1
right_child=1 -3 -4 -5 -6 -7
leaf_value=4.200304882891475e-06 3.0485360271683062e-05 -0.00079979650748434889 -0.00012507766843546735 4.7800701150526553e-06 0.00018849605095760626 -0.00031046447286354052
leaf_weight=1764 8787 71 377 5899 862 2558
leaf_count=1764 8787 71 377 5899 862 2558
internal_value=-0.000338287 0.00108496 0.00139328 -0.00189619 -0.00442764 -0.00732031
internal_weight=20318 9235 9164 11083 5184 4322
internal_count=20318 9235 9164 11083 5184 4322
is_linear=0
shrinkage=0.05


Tree=233
num_leaves=7
num_cat=0
split_feature=24 31 27 27 34 28
split_gain=15.5388 24.6466 20.914 20.8567 18.9857 17.114
threshold=-0.081472899764776216 38.477273941040046 -0.050732770934700959 -0.02380422223359346 -0.54772984981536854 -0.01098507549613714
decision_type=2 2 2 2 2 2
left_child=1 -1 4 -3 5 -2
right_child=2 3 -4 -5 -6 -7
leaf_value=0.00050081830257704945 0.00021098391869091242 -0.00031601311257523296 -8.1437345545062032e-06 0.00037421410175967896 -0.00049666398499583701 -0.00014819087444990143
leaf_weight=122 115 101 19306 91 294 130
leaf_count=122 115 101 19306 91 294 130
internal_value=-0.000321117 0.0102665 -0.000852645 -0.000888325 -0.0105239 -0.0001
internal_weight=20159 314 19845 192 539 245
internal_count=20159 314 19845 192 539 245
is_linear=0
shrinkage=0.05


Tree=234
num_leaves=7
num_cat=0
split_feature=41 42 21 42 44 22
split_gain=18.3908 48.5863 52.4945 33.6325 35.9093 49.1954
threshold=0.093731001019477858 0.089712426066398634 0.22500000149011615 0.12340775504708291 0.10955653339624406 0.72499999403953563
decision_type=2 2 2 2 2 2
left_child=3 2 -2 4 5 -1
right_child=1 -3 -4 -5 -6 -7
leaf_value=-4.1452743372650742e-06 -0.00037866324590898627 2.4698579409610649e-06 0.00034607824405058707 -0.00042674151168699487 0.00010503701269641319 -0.00018928511056763128
leaf_weight=12512 58 2724 477 286 1503 2730
leaf_count=12512 58 2724 477 286 1503 2730
internal_value=-0.000319044 0.00282629 0.0165278 -0.00126937 -0.000974627 -0.00170361
internal_weight=20290 3259 535 17031 16745 15242
internal_count=20290 3259 535 17031 16745 15242
is_linear=0
shrinkage=0.05


Tree=235
num_leaves=7
num_cat=0
split_feature=30 49 29 3 51 21
split_gain=15.9148 32.256 23.6123 23.5874 36.2425 26.6759
threshold=36.482404708862312 -0.71698719263076771 0.033551232889294631 0.0087989931926131266 0.41752417385578161 0.72499999403953563
decision_type=2 2 2 2 8 2
left_child=3 2 -2 5 -5 -1
right_child=1 -3 -4 4 -6 -7
leaf_value=-3.7678063153123614e-05 6.9225431015370071e-05 -8.5239668864376488e-06 0.00051694709757224382 -0.00021454466984241672 0.00024867258424410114 -0.00026908926415829926
leaf_weight=2708 1756 14127 162 231 621 718
leaf_count=2708 1756 14127 162 231 621 718
internal_value=-0.000254575 0.000306854 0.00638326 -0.00312281 0.00428821 -0.00497668
internal_weight=20323 16045 1918 4278 852 3426
internal_count=20323 16045 1918 4278 852 3426
is_linear=0
shrinkage=0.05


Tree=236
num_leaves=7
num_cat=0
split_feature=43 33 27 48 38 26
split_gain=11.4865 27.4413 40.6256 43.0055 33.1903 32.5058
threshold=0.097442720085382475 0.50808393955230724 0.0083551439456641691 -0.30578617751598353 0.0029005032265558843 0.067802984267473235
decision_type=2 2 2 2 2 2
left_child=-1 2 3 4 -2 -4
right_child=1 -3 5 -5 -6 -7
leaf_value=-1.2632905932566896e-05 -2.5023106505656437e-05 -0.00031828877479083383 0.00025346705680380309 -0.00019372868092110411 0.00031327597937119104 -0.00011169712277891189
leaf_weight=17271 593 124 772 737 480 236
leaf_count=17271 593 124 772 737 480 236
internal_value=-0.00028069 0.00257041 0.00360432 -0.000867769 0.00549629 0.0116239
internal_weight=20213 2942 2818 1810 1073 1008
internal_count=20213 2942 2818 1810 1073 1008
is_linear=0
shrinkage=0.05


Tree=237
num_leaves=7
num_cat=0
split_feature=43 2 44 35 36 44
split_gain=18.4924 21.4296 27.6663 27.9876 23.6299 16.1276
threshold=0.044349575415253646 0.0036746505647897725 0.061556277796626098 0.55707865953445446 -0.74995070695877064 0.051408579573035247
decision_type=2 2 2 2 2 2
left_child=1 5 3 4 -3 -1
right_child=-2 2 -4 -5 -6 -7
leaf_value=0.00010441078123374069 -2.4190066034649211e-06 1.1173021379347575e-05 0.00016214107903123921 0.00035303050697827848 -0.00022921310604518061 -0.00026573292459841738
leaf_weight=271 19408 82 121 55 407 57
leaf_count=271 19408 82 121 55 407 57
internal_value=-0.000341811 -0.00713928 -0.0122761 -0.0170765 -0.0209008 0.00322823
internal_weight=20401 993 665 544 489 328
internal_count=20401 993 665 544 489 328
is_linear=0
shrinkage=0.05


Tree=238
num_leaves=7
num_cat=0
split_feature=30 39 44 25 1 29
split_gain=14.1557 26.368 89.7921 42.6053 38.7645 24.7518
threshold=32.507726669311531 0.032935468479990966 0.076394546777009978 -0.013180066831409929 1.0000000180025095e-35 -0.07232817634940146
decision_type=2 2 2 2 2 2
left_child=5 -2 4 -4 -3 -1
right_child=1 2 3 -5 -6 -7
leaf_value=0.0002964436346544964 9.9646843091651513e-06 -7.2103808773064807e-05 -1.7337141696243535e-05 -0.00052153206145949614 0.00025837117556131703 -6.564647839280897e-05
leaf_weight=122 16003 234 234 467 329 2807
leaf_count=122 16003 234 234 467 329 2807
internal_value=-0.000285877 9.98726e-05 -0.00683609 -0.0187323 0.00796655 -0.00365542
internal_weight=20196 17267 1264 701 563 2929
internal_count=20196 17267 1264 701 563 2929
is_linear=0
shrinkage=0.05


Tree=239
num_leaves=7
num_cat=0
split_feature=39 1 11 33 42 44
split_gain=16.5561 62.1934 52.2531 31.664 23.3025 22.3366
threshold=0.03629559092223645 0.010588608682155611 0.010974076576530935 -0.35823491215705866 0.074227742850780501 0.082222208380699172
decision_type=2 2 2 2 2 2
left_child=-1 3 5 -2 -5 -3
right_child=1 2 -4 4 -6 -7
leaf_value=1.0460549069067373e-06 0.00029575243548742475 0.00037750940834208719 -0.00032164783991044858 -4.7011762537583004e-07 -0.00029740303091598582 1.1893187382074263e-05
leaf_weight=19013 104 213 90 174 570 115
leaf_count=19013 104 213 90 174 570 115
internal_value=-0.000294567 -0.00580252 0.00986998 -0.0135698 -0.0171896 0.0191441
internal_weight=20279 1266 418 848 744 328
internal_count=20279 1266 418 848 744 328
is_linear=0
shrinkage=0.05


Tree=240
num_leaves=7
num_cat=0
split_feature=51 44 35 45 20 43
split_gain=16.4081 19.3983 13.3378 57.5199 39.8178 36.4332
threshold=-2.3632502555847164 0.12721535563468936 -0.81742659211158741 0.091404911130666747 0.12500000372529033 0.064536619931459441
decision_type=8 2 2 2 2 2
left_child=1 -1 3 4 -2 -6
right_child=2 -3 -4 -5 5 -7
leaf_value=0.00067804985070089949 0.00019828012398194055 -1.5209617737062222e-05 -3.412897127981138e-06 8.301000452028865e-05 3.5379724940436383e-05 -0.00038290942231901132
leaf_weight=69 203 75 18171 851 225 698
leaf_count=69 203 75 18171 851 225 698
internal_value=-0.000323939 0.0159396 -0.000708331 -0.00460394 -0.0120027 -0.0164063
internal_weight=20292 144 20148 1977 1126 923
internal_count=20292 144 20148 1977 1126 923
is_linear=0
shrinkage=0.05


Tree=241
num_leaves=7
num_cat=0
split_feature=41 48 22 47 12 35
split_gain=14.5222 47.403 48.593 38.3995 42.4529 46.1149
threshold=0.066245865076780333 1.279344439506531 0.57500001788139354 0.8953823745250703 -0.03021270781755447 -0.13897801935672757
decision_type=2 2 2 2 2 2
left_child=1 2 -1 -2 -5 -6
right_child=3 -3 -4 4 5 -7
leaf_value=-3.3519245018402677e-05 6.6909995822219545e-05 8.088836800626049e-05 -0.00052052209054510151 8.3859049541731284e-05 -0.0001374544308682661 2.1243533025144814e-05
leaf_weight=5893 4866 1157 484 1769 3531 2622
leaf_count=5893 4866 1157 484 1769 3531 2622
internal_value=-0.000269346 -0.00211898 -0.0038115 0.000646838 -0.00149804 -0.00346297
internal_weight=20322 7534 6377 12788 7922 6153
internal_count=20322 7534 6377 12788 7922 6153
is_linear=0
shrinkage=0.05


Tree=242
num_leaves=7
num_cat=0
split_feature=52 12 38 45 1 21
split_gain=14.9165 29.1859 32.6491 36.0024 25.0265 41.4317
threshold=-0.00015812831406947223 0.011514537502080204 0.014250142499804498 0.10786850005388261 -0.042971000075340264 0.72499999403953563
decision_type=8 2 2 2 2 2
left_child=1 2 3 -1 -3 -6
right_child=-2 4 -4 -5 5 -7
leaf_value=0.00043704334796938125 -4.3378237379389481e-06 -0.00024445007089189842 -0.00010579819654623819 -0.00020393157113884994 -6.0046606364849107e-05 0.00028051950580339316
leaf_weight=452 18833 295 87 72 410 244
leaf_count=452 18833 295 87 72 410 244
internal_value=-0.00033214 0.00471246 0.0131899 0.0179112 -0.000759958 0.00466616
internal_weight=20393 1560 611 524 949 654
internal_count=20393 1560 611 524 949 654
is_linear=0
shrinkage=0.05


Tree=243
num_leaves=7
num_cat=0
split_feature=55 9 53 42 9 6
split_gain=14.9254 27.4582 18.9988 27.8958 30.2974 27.6958
threshold=179235.49218750003 -0.053733259439468377 -0.12086874619126318 0.089712426066398634 -0.022759726271033284 0.76217257976531994
decision_type=10 2 10 2 2 2
left_child=-1 -2 3 -3 -5 -4
right_child=1 2 5 4 -6 -7
leaf_value=-7.3242055336939518e-06 0.00079661029455708326 0.0002089722629212221 2.3154475711223271e-05 0.00027103627681007871 -0.0001641546431180975 -0.0002550583342111728
leaf_weight=19198 61 252 319 186 175 127
leaf_count=19198 61 252 319 186 175 127
internal_value=-0.00037273 0.0054 0.00340695 0.00910194 6.8306e-05 -0.00437916
internal_weight=20318 1120 1059 613 361 446
internal_count=20318 1120 1059 613 361 446
is_linear=0
shrinkage=0.05


Tree=244
num_leaves=7
num_cat=0
split_feature=45 22 45 39 35 22
split_gain=13.6115 58.7403 25.4583 29.4358 26.7493 34.2707
threshold=0.064913775771856322 0.57500001788139354 0.067635450512170806 -0.030532930046319958 0.32042939960956579 0.52500000596046459
decision_type=2 2 2 2 2 2
left_child=1 -1 3 -2 5 -5
right_child=2 -3 -4 4 -6 -7
leaf_value=-2.0040925919882695e-05 -0.00020603636396445172 -0.00072527892537063525 -1.0686146081311096e-06 0.00036812816844625543 -1.3931116749608659e-05 8.4839064671567986e-06
leaf_weight=5681 125 165 13435 382 295 199
leaf_count=5681 125 165 13435 382 295 199
internal_value=-0.000279736 -0.0023543 0.000503774 0.00817594 0.0114359 0.0176195
internal_weight=20282 5846 14436 1001 876 581
internal_count=20282 5846 14436 1001 876 581
is_linear=0
shrinkage=0.05


Tree=245
num_leaves=7
num_cat=0
split_feature=38 10 48 53 47 9
split_gain=16.199 34.3374 37.9006 31.2843 27.0381 24.9414
threshold=-0.023694497533142563 -0.053449166938662522 1.0000000180025095e-35 0.07613867893815042 0.82829710841178905 -0.019111973233520981
decision_type=2 2 2 10 2 2
left_child=1 -1 3 4 -3 -4
right_child=-2 2 5 -5 -6 -7
leaf_value=-0.00026339925179155233 3.2574352560775771e-06 3.3242341258233387e-05 0.00031673745197080311 0.00043608723546136236 -0.00034796960042683277 -1.1755081662618017e-05
leaf_weight=239 18568 177 267 60 344 566
leaf_count=239 18568 177 267 60 344 566
internal_value=-0.000349797 -0.00490048 -0.00188513 -0.0116468 -0.0156369 0.00492243
internal_weight=20221 1653 1414 581 521 833
internal_count=20221 1653 1414 581 521 833
is_linear=0
shrinkage=0.05


Tree=246
num_leaves=7
num_cat=0
split_feature=45 44 8 44 2 33
split_gain=10.6682 31.0827 53.6969 39.1218 48.1397 39.1903
threshold=0.064913775771856322 0.071579031646251692 0.77903679013252269 0.066032189875841155 0.0067256132606416949 0.043792681768536575
decision_type=2 2 2 2 2 2
left_child=1 3 -3 5 -5 -1
right_child=-2 2 -4 4 -6 -7
leaf_value=1.9396580776398912e-05 9.3866937159645973e-06 -0.00020514844607531096 0.0001629160207566218 0.00018108968951471196 -0.00050842307486708262 -9.7462773666645867e-05
leaf_weight=2122 14438 973 307 987 96 1404
leaf_count=2122 14438 973 307 987 96 1404
internal_value=-0.000313545 -0.00181965 -0.0086965 9.2111e-05 0.00838695 -0.00245681
internal_weight=20327 5889 1280 4609 1083 3526
internal_count=20327 5889 1280 4609 1083 3526
is_linear=0
shrinkage=0.05


Tree=247
num_leaves=7
num_cat=0
split_feature=47 36 0 46 47 36
split_gain=12.5458 48.653 56.6382 40.0102 31.6964 23.7247
threshold=0.69714516401290905 0.33611392974853521 -0.016763589344918724 0.96774861216545116 0.63185757398605358 -0.69273802638053883
decision_type=2 2 2 2 2 2
left_child=1 2 5 -3 -5 -1
right_child=-2 3 -4 4 -6 -7
leaf_value=0.00010119868670776176 -6.80290806995402e-06 -0.00047552337248073803 0.00050049193645407373 -0.00011791785111606217 0.00035929401248019366 -0.00026651215020052861
leaf_weight=282 19024 239 405 144 155 66
leaf_count=282 19024 239 405 144 155 66
internal_value=-0.000225148 0.00464892 0.0128298 -0.00676796 0.00534539 -0.00191218
internal_weight=20315 1291 753 538 299 348
internal_count=20315 1291 753 538 299 348
is_linear=0
shrinkage=0.05


Tree=248
num_leaves=7
num_cat=0
split_feature=27 38 5 22 41 40
split_gain=11.8885 36.8927 21.9874 16.4804 15.9485 15.6991
threshold=-0.050732770934700959 0.015106946695595981 -0.63812306523323048 0.82500001788139354 0.15388815104961398 0.087374415248632445
decision_type=2 2 2 2 2 2
left_child=1 2 5 -4 -3 -1
right_child=-2 4 3 -5 -6 -7
leaf_value=-0.00011710466736854723 9.3348029979993139e-07 0.00057866961909297629 -0.0005411487222565898 -0.00015937164281998111 -0.00016843392819497276 0.00035883992342436048
leaf_weight=141 19591 119 156 127 53 64
leaf_count=141 19591 119 156 127 53 64
internal_value=-0.000225859 -0.00672932 -0.0137424 -0.0226563 0.0128531 -0.00107143
internal_weight=20251 660 488 283 172 205
internal_count=20251 660 488 283 172 205
is_linear=0
shrinkage=0.05


Tree=249
num_leaves=7
num_cat=0
split_feature=16 12 45 3 22 44
split_gain=14.7624 16.5214 22.6801 18.9707 19.7729 15.0655
threshold=0.97499999403953563 0.011514537502080204 0.088105659931898131 0.0096166841685771959 0.52500000596046459 0.079141627997159972
decision_type=2 2 2 2 2 2
left_child=-1 2 5 4 -3 -2
right_child=1 3 -4 -5 -6 -7
leaf_value=-3.3254347387958167e-06 0.00017132684429175445 -0.00013089424409965008 0.000663991370763318 -0.00045201115730508242 0.00022208967139835859 -0.00035626946095715351
leaf_weight=19310 142 224 159 97 302 85
leaf_count=19310 142 224 159 97 302 85
internal_value=-0.000200502 0.00594181 0.0140026 0.000835987 0.00466102 0.00355603
internal_weight=20319 1009 386 623 526 227
internal_count=20319 1009 386 623 526 227
is_linear=0
shrinkage=0.05


Tree=250
num_leaves=7
num_cat=0
split_feature=35 42 22 27 12 22
split_gain=13.7332 60.0692 48.3704 34.1246 28.4269 25.2577
threshold=-0.83619201183319081 0.095093466341495528 0.57500001788139354 -0.006564818322658538 0.073461566120386138 0.87500000000000011
decision_type=2 2 2 2 2 2
left_child=1 2 3 -1 5 -3
right_child=-2 4 -4 -5 -6 -7
leaf_value=0.00016745562338908875 5.4978602938263029e-06 -0.00011104411895085201 -0.00037280039445787496 -0.00043637231059655626 -0.00033796399834985628 0.00029520057629604969
leaf_weight=237 18566 135 640 123 113 395
leaf_count=237 18566 135 640 123 113 395
internal_value=-0.000265905 -0.00426274 -0.0119154 0.00267123 0.00760031 0.0124766
internal_weight=20209 1643 1000 360 643 530
internal_count=20209 1643 1000 360 643 530
is_linear=0
shrinkage=0.05


Tree=251
num_leaves=7
num_cat=0
split_feature=10 3 48 39 40 44
split_gain=13.2481 29.7864 26.5615 30.2197 29.2144 28.5244
threshold=0.0050684751477092513 0.01446635276079178 2.5937851667404179 -0.047327388077974313 0.056929728016257293 0.082222208380699172
decision_type=2 2 2 2 2 2
left_child=-1 2 3 4 -2 -4
right_child=1 -3 5 -5 -6 -7
leaf_value=-2.1570562333468285e-05 0.00025737073388519039 -0.0008557414119046106 6.9960361266708945e-05 3.845739255986206e-05 -0.00021969552552961302 -0.00060372392019229608
leaf_weight=10874 135 64 66 8503 634 98
leaf_count=10874 135 64 66 8503 634 98
internal_value=-0.000401148 0.00119674 0.00143788 0.00179746 -0.00765504 -0.0181953
internal_weight=20374 9500 9436 9272 769 164
internal_count=20374 9500 9436 9272 769 164
is_linear=0
shrinkage=0.05


Tree=252
num_leaves=7
num_cat=0
split_feature=37 3 36 43 12 36
split_gain=14.0636 15.8633 23.4072 15.6141 20.367 23.3333
threshold=-0.0010800358140841124 0.011959011200815441 -0.81874778866767872 0.097442720085382475 0.073461566120386138 -0.81874778866767872
decision_type=2 2 2 2 2 2
left_child=1 -1 -3 -2 5 -5
right_child=3 2 -4 4 -6 -7
leaf_value=-2.1185483563316445e-05 1.1912890744368665e-06 4.54911476752219e-05 -0.0005167883377024732 0.00030154232283179723 -0.00021743388988714995 5.7159287672811082e-05
leaf_weight=7290 10957 130 194 310 78 1353
leaf_count=7290 10957 130 194 310 78 1353
internal_value=-0.000279323 -0.00193923 -0.01269 0.000777375 0.00516896 0.0063699
internal_weight=20312 7614 324 12698 1741 1663
internal_count=20312 7614 324 12698 1741 1663
is_linear=0
shrinkage=0.05


Tree=253
num_leaves=7
num_cat=0
split_feature=21 44 36 24 29 36
split_gain=13.4691 29.6095 80.2308 43.8494 48.1747 41.9
threshold=0.47499999403953558 0.097491636872291579 -0.31181326508522028 -0.027379987761378285 0.039336392655968673 -1.0000000180025095e-35
decision_type=2 2 2 2 2 2
left_child=-1 2 3 -2 -5 -3
right_child=1 5 -4 4 -6 -7
leaf_value=1.4161379649337301e-05 -1.1565826567119754e-05 0.00010775119277399888 3.0116037277407731e-05 -0.00035403888022385874 3.4032659302789692e-05 -6.9495120123091308e-05
leaf_weight=9131 1122 2612 3325 1872 490 1782
leaf_count=9131 1122 2612 3325 1872 490 1782
internal_value=-0.000269187 -0.00131379 -0.00337907 -0.00867727 -0.012537 0.00188111
internal_weight=20334 11203 6809 3484 2362 4394
internal_count=20334 11203 6809 3484 2362 4394
is_linear=0
shrinkage=0.05


Tree=254
num_leaves=7
num_cat=0
split_feature=2 24 35 45 22 20
split_gain=15.3419 23.8239 17.4449 39.3199 52.985 40.5533
threshold=0.015268787741661074 -0.070542782545089708 -0.81742659211158741 0.091404911130666747 0.57500001788139354 0.12500000372529033
decision_type=2 2 2 2 2 2
left_child=2 -2 3 4 -1 -6
right_child=1 -3 -4 -5 5 -7
leaf_value=3.4077801389137151e-05 0.00043134386681395573 -0.00031247178857471712 5.675887166576048e-06 6.5126448869978851e-05 0.00023946849393265883 -0.00050124385302160231
leaf_weight=477 60 271 18075 782 120 534
leaf_count=477 60 271 18075 782 120 534
internal_value=-0.000249705 -0.0107887 -1.37548e-05 -0.00454901 -0.0104974 -0.0196889
internal_weight=20319 331 19988 1913 1131 654
internal_count=20319 331 19988 1913 1131 654
is_linear=0
shrinkage=0.05


Tree=255
num_leaves=7
num_cat=0
split_feature=10 3 51 38 42 47
split_gain=19.998 36.2265 26.7115 53.0168 31.6196 28.3612
threshold=0.007540950784459711 0.01446635276079178 -0.019737044349312779 -1.0000000180025095e-35 0.042426591739058502 0.58502250909805309
decision_type=2 2 8 2 2 2
left_child=2 -2 3 -1 -4 -6
right_child=1 -3 4 -5 5 -7
leaf_value=0.00037619919618249101 2.6506276826669792e-05 -0.00070832854028525657 -0.00017810530794348702 -0.00027987247540058421 -0.00044418054640081171 -2.289847153819528e-05
leaf_weight=377 9043 73 151 142 150 10310
leaf_count=377 9043 73 151 142 150 10310
internal_value=-0.000285171 0.00154314 -0.00161428 0.00939885 -0.00215948 -0.00182274
internal_weight=20246 9116 11130 519 10611 10460
internal_count=20246 9116 11130 519 10611 10460
is_linear=0
shrinkage=0.05


Tree=256
num_leaves=7
num_cat=0
split_feature=16 9 43 2 17 47
split_gain=12.9892 24.3225 26.1146 18.1001 20.0029 17.5428
threshold=0.12500000372529033 -0.037584306672215455 0.16885559260845187 0.0054231414105743178 0.27500000596046453 0.97631052136421215
decision_type=2 2 2 2 2 2
left_child=3 2 5 4 -1 -2
right_child=1 -3 -4 -5 -6 -7
leaf_value=-6.9112498014477976e-05 2.2750472147929549e-05 -1.3111453927283364e-05 -0.00031214731216699796 -7.9653125712312458e-05 0.00038922697079733228 0.00016757018731348384
leaf_weight=114 1676 15012 208 1834 89 1387
leaf_count=114 1676 15012 208 1834 89 1387
internal_value=-0.000313653 -1.77712e-05 0.00388431 -0.0042238 0.00973558 0.0050603
internal_weight=20320 18283 3271 2037 203 3063
internal_count=20320 18283 3271 2037 203 3063
is_linear=0
shrinkage=0.05


Tree=257
num_leaves=7
num_cat=0
split_feature=35 30 48 48 12 38
split_gain=12.7112 17.2725 13.0382 26.6134 41.3748 34.5091
threshold=0.85565930604934703 38.246639251708991 -1.7011268138885496 -1.0994113087654112 -0.034240668639540665 0.013237048871815206
decision_type=2 2 2 2 2 2
left_child=2 -2 -1 4 -4 -5
right_child=1 -3 3 5 -6 -7
leaf_value=6.378827333498108e-05 7.4018126158630385e-05 -0.00024061829300101508 8.2864894777184866e-05 1.8345248838868515e-05 -0.000148652767008288 -6.6491631042503771e-05
leaf_weight=1658 112 216 693 13506 1604 2555
leaf_count=1658 112 216 693 13506 1604 2555
internal_value=-0.000342769 -0.00983483 1.37356e-05 -0.000368948 -0.00539748 0.000350118
internal_weight=20344 328 20016 18358 2297 16061
internal_count=20344 328 20016 18358 2297 16061
is_linear=0
shrinkage=0.05


Tree=258
num_leaves=7
num_cat=0
split_feature=55 25 46 22 32 46
split_gain=15.0754 14.4224 17.645 13.7959 11.9783 35.2817
threshold=103671939.45312501 0.03286367096006871 0.94765520095825206 0.47499999403953558 -1.0069747567176817 0.92759099602699291
decision_type=10 2 2 2 2 2
left_child=4 2 3 -2 5 -1
right_child=1 -3 -4 -5 -6 -7
leaf_value=0.00049048206337208025 -0.00011912897129492261 -0.00010843431447528879 0.00029072412910755328 0.00020372403198513469 -6.8968005652020716e-06 2.2327371267451616e-06
leaf_weight=72 59 65 145 155 19517 254
leaf_count=72 59 65 145 155 19517 254
internal_value=-0.000349004 0.00903263 0.0129808 0.00353881 -0.000439591 0.00898792
internal_weight=20267 424 359 214 19843 326
internal_count=20267 424 359 214 19843 326
is_linear=0
shrinkage=0.05


Tree=259
num_leaves=7
num_cat=0
split_feature=51 6 50 38 15 55
split_gain=12.2072 16.0317 14.8248 11.1671 27.0394 23.0689
threshold=-1.926635146141052 0.54039353132247936 -0.78142273426055897 -0.027621080167591568 0.57500001788139354 68575.261718750015
decision_type=8 2 2 2 2 10
left_child=1 2 -1 4 5 -2
right_child=3 -3 -4 -5 -6 -7
leaf_value=0.00011110094253462753 -0.00025939961842387152 -0.00020224953769591323 0.00075070049293223711 -7.9818026741552285e-07 6.1416053088866537e-05 8.5820221206336521e-05
leaf_weight=67 470 55 84 19071 436 95
leaf_count=67 470 55 84 19071 436 95
internal_value=-0.000240349 0.0117299 0.0200321 -0.000357374 -0.00549205 -0.0126754
internal_weight=20278 206 151 20072 1001 565
internal_count=20278 206 151 20072 1001 565
is_linear=0
shrinkage=0.05


Tree=260
num_leaves=7
num_cat=0
split_feature=27 50 53 55 29 9
split_gain=15.2537 20.3346 49.4197 24.7535 23.3761 29.8869
threshold=0.06949253007769586 1.1949365139007571 -0.19345973432064054 18265.901367187504 0.021486005745828155 -0.012977829668670891
decision_type=2 2 10 10 2 2
left_child=1 3 -3 -1 5 -5
right_child=-2 2 -4 4 -6 -7
leaf_value=-1.9034492759878702e-05 -0.00013390414473218586 8.7593462716417075e-05 -0.00028879122099684777 4.2642955339262027e-05 -4.8768228395379857e-05 0.00028369916915473839
leaf_weight=15175 317 2345 301 1371 542 341
leaf_count=15175 317 2345 301 1371 542 341
internal_value=-0.000312546 2.11653e-05 0.00410223 -0.000597969 0.00428287 0.0071491
internal_weight=20392 20075 2646 17429 2254 1712
internal_count=20392 20075 2646 17429 2254 1712
is_linear=0
shrinkage=0.05


Tree=261
num_leaves=7
num_cat=0
split_feature=13 41 44 32 47 41
split_gain=11.5305 17.5522 17.3972 16.7734 16.3546 38.4654
threshold=0.047535840421915061 0.082131691277027144 0.15493576228618625 0.89534479379653942 0.58502250909805309 0.060988219454884536
decision_type=2 2 2 2 2 2
left_child=2 -2 4 -4 5 -1
right_child=1 -3 3 -5 -6 -7
leaf_value=0.00035363837277353017 0.00023089551278167414 -0.0002167740465620769 0.00023021010800861874 -0.00018389495556977011 -3.1622036516432705e-06 -0.00042568461860888781
leaf_weight=54 66 254 240 59 19452 174
leaf_count=54 66 254 240 59 19452 174
internal_value=-0.000397705 -0.00976923 -0.000271467 0.0115954 -0.000455931 -0.0136266
internal_weight=20299 320 19979 299 19680 228
internal_count=20299 320 19979 299 19680 228
is_linear=0
shrinkage=0.05


Tree=262
num_leaves=7
num_cat=0
split_feature=0 53 40 50 53 45
split_gain=12.0554 37.7214 53.8682 49.5257 34.2533 50.8219
threshold=-0.007540671154856681 -0.19345973432064054 0.080594226717948927 0.9581640660762788 -0.2735744416713714 0.10417580977082254
decision_type=2 10 2 2 10 2
left_child=1 3 -3 -1 -2 -6
right_child=4 2 -4 -5 5 -7
leaf_value=-6.345089601605505e-05 -2.5874093569607307e-06 -0.00027707593449522269 4.407034745081999e-05 7.2371651205082319e-05 0.00015143145644426825 -0.00048054468064204583
leaf_weight=4364 10978 605 392 2632 1243 85
leaf_count=4364 10978 605 392 2632 1243 85
internal_value=-0.000304127 -0.00182858 -0.0109032 -0.000524925 0.00066404 0.00823331
internal_weight=20299 7993 997 6996 12306 1328
internal_count=20299 7993 997 6996 12306 1328
is_linear=0
shrinkage=0.05


Tree=263
num_leaves=7
num_cat=0
split_feature=27 38 19 5 22 24
split_gain=11.877 29.7829 19.0287 17.294 22.5162 16.6671
threshold=-0.050732770934700959 0.014250142499804498 0.32500000298023229 -0.58841237425804127 0.82500001788139354 -0.044168839231133454
decision_type=2 2 2 2 2 2
left_child=1 3 -3 5 -5 -1
right_child=-2 2 -4 4 -6 -7
leaf_value=0.0001464707353663416 2.9508173546036404e-06 0.00053371604850406681 -0.00038348268476522563 -0.00057728303336084398 -0.00010819129053385662 -0.00017619295424382028
leaf_weight=114 19584 139 51 156 119 109
leaf_count=114 19584 139 51 156 119 109
internal_value=-0.000265079 -0.00645743 0.0101282 -0.0128728 -0.0211607 -0.00230263
internal_weight=20272 688 190 498 275 223
internal_count=20272 688 190 498 275 223
is_linear=0
shrinkage=0.05


Tree=264
num_leaves=7
num_cat=0
split_feature=10 39 56 39 42 44
split_gain=14.2922 27.8968 27.2947 28.425 63.3043 48.8596
threshold=0.007540950784459711 0.039440350607037551 4.2951040057914731e-08 0.017912740819156173 0.078885596245527281 0.065320771187543883
decision_type=2 2 8 2 2 2
left_child=2 -2 -1 -4 5 -5
right_child=1 -3 3 4 -6 -7
leaf_value=0.00010331077496380686 2.2061254999874211e-05 -0.00010732668939330404 -6.0585077759190366e-05 -2.39190080553527e-05 -0.00010961984805917809 0.00023519232259346231
leaf_weight=1021 8733 370 7695 456 1186 697
leaf_count=1021 8733 370 7695 456 1186 697
internal_value=-0.000261618 0.000881094 -0.0017925 -0.00258741 0.0022291 0.010557
internal_weight=20158 9103 11055 10034 2339 1153
internal_count=20158 9103 11055 10034 2339 1153
is_linear=0
shrinkage=0.05


Tree=265
num_leaves=7
num_cat=0
split_feature=21 36 28 55 22 38
split_gain=12.8104 28.9487 31.662 25.1664 24.5105 33.1825
threshold=0.47499999403953558 -0.45451161265373224 0.0038472239393740897 75018.039062500015 0.17500000447034839 -0.017848293296992775
decision_type=2 2 2 8 2 2
left_child=1 2 3 -1 -3 -6
right_child=-2 4 -4 -5 5 -7
leaf_value=0.00067730252453728087 -2.2308780842374426e-05 -5.9205441323415075e-05 -2.2308249065139583e-05 9.7810478438368662e-05 -0.00015187226425245512 4.2184782912964535e-05
leaf_weight=74 11049 2350 765 1507 587 3874
leaf_count=74 11049 2350 765 1507 587 3874
internal_value=-0.000335213 0.00115968 0.00594428 0.00997793 -0.000487823 0.00168495
internal_weight=20206 9157 2346 1581 6811 4461
internal_count=20206 9157 2346 1581 6811 4461
is_linear=0
shrinkage=0.05


Tree=266
num_leaves=7
num_cat=0
split_feature=41 42 21 42 13 39
split_gain=11.4726 41.9366 41.6885 32.8368 44.5236 40.625
threshold=0.093731001019477858 0.089712426066398634 0.22500000149011615 0.10434048995375635 1.0000000180025095e-35 0.0048660077154636392
decision_type=2 2 2 2 2 2
left_child=3 2 -2 -1 5 -5
right_child=1 -3 -4 4 -6 -7
leaf_value=-4.4385137555441839e-06 -0.00037949829144123619 -5.4348994997267266e-06 0.00032079500351500049 0.00019180497495510575 -0.00051968797811955075 -0.00094200749059705985
leaf_weight=16281 60 2737 475 293 393 123
leaf_count=16281 60 2737 475 293 393 123
internal_value=-0.000342466 0.00231157 0.0150463 -0.000916935 -0.0107187 0.000653207
internal_weight=20362 3272 535 17090 809 416
internal_count=20362 3272 535 17090 809 416
is_linear=0
shrinkage=0.05


Tree=267
num_leaves=7
num_cat=0
split_feature=51 39 30 24 39 10
split_gain=12.2159 19.8843 12.7372 28.7138 32.7253 27.4364
threshold=-2.3632502555847164 -0.010422042571008204 36.482404708862312 -0.031423518434166901 0.024660758674144748 -0.030310870148241516
decision_type=8 2 2 2 2 2
left_child=1 -1 3 4 -2 -6
right_child=2 -3 -4 -5 5 -7
leaf_value=-0.00017880525047572483 -1.5056541754073427e-05 0.00035478695714471857 6.7355431304984633e-06 -8.5848063444491165e-05 4.6217935611701749e-05 0.00044732459145664302
leaf_weight=51 1083 87 16084 2794 135 161
leaf_count=51 1083 87 16084 2794 135 161
internal_value=-0.000302696 0.0145105 -0.00015423 -0.00261489 0.00326951 0.0178571
internal_weight=20395 138 20257 4173 1379 296
internal_count=20395 138 20257 4173 1379 296
is_linear=0
shrinkage=0.05


Tree=268
num_leaves=7
num_cat=0
split_feature=46 36 26 45 44 22
split_gain=15.7992 20.8565 50.6432 26.6311 42.3287 30.9067
threshold=1.0752027630805971 -0.45451161265373224 -0.015596009790897368 0.075297381728887572 0.068524196743965163 0.52500000596046459
decision_type=2 2 2 2 2 2
left_child=-1 2 -2 4 -3 -6
right_child=1 3 -4 -5 5 -7
leaf_value=-1.0709368063370647e-05 -0.00024786640998934132 8.9509910579658712e-05 9.8164611861232908e-05 0.00014532408529791438 -0.00024313202489829939 0.00011169231674742462
leaf_weight=16055 616 807 788 1346 476 197
leaf_count=16055 616 807 788 1346 476 197
internal_value=-0.00029448 0.00249705 -0.00246629 0.00497174 0.000319865 -0.00888643
internal_weight=20285 4230 1404 2826 1480 673
internal_count=20285 4230 1404 2826 1480 673
is_linear=0
shrinkage=0.05


Tree=269
num_leaves=7
num_cat=0
split_feature=35 53 18 47 1 3
split_gain=15.0142 39.4399 36.8855 32.1274 36.1316 36.6403
threshold=0.50058910250663768 0.094242282211780562 0.075000001117587103 1.6064773201942446 -0.056459300220012658 0.0079085435718297976
decision_type=2 10 2 2 2 2
left_child=-1 2 -2 4 -4 -6
right_child=1 -3 3 -5 5 -7
leaf_value=-1.2315976975548231e-05 -0.00014951980099465795 -0.00028242656098248264 -0.00031059552268193668 -0.00042928148100103669 9.9883310877532802e-05 0.00050107029783994872
leaf_weight=17676 186 311 120 86 1687 221
leaf_count=17676 186 311 120 86 1687 221
internal_value=-0.000304307 0.00318234 0.00545553 0.00735017 0.00864486 0.0103372
internal_weight=20287 2611 2300 2114 2028 1908
internal_count=20287 2611 2300 2114 2028 1908
is_linear=0
shrinkage=0.05


Tree=270
num_leaves=7
num_cat=0
split_feature=45 21 44 49 10 23
split_gain=15.2425 35.1319 44.0927 36.5016 35.1657 34.8479
threshold=0.064913775771856322 0.32500000298023229 0.079141627997159972 -1.0160807967185972 0.093613974750041976 0.0020733026321977381
decision_type=2 2 2 2 2 2
left_child=1 4 5 -4 -1 -3
right_child=-2 2 3 -5 -6 -7
leaf_value=-3.6826197474520059e-06 1.1031751240419359e-05 1.3197754168459605e-05 0.00011340324516690296 -0.00058226230481610384 0.00066712133540519256 -0.00017535435163352865
leaf_weight=3893 14375 985 55 212 110 638
leaf_count=3893 14375 985 55 212 110 638
internal_value=-0.000260198 -0.00229315 -0.00790237 -0.0265625 0.000355539 -0.00474509
internal_weight=20268 5893 1890 267 4003 1623
internal_count=20268 5893 1890 267 4003 1623
is_linear=0
shrinkage=0.05


Tree=271
num_leaves=7
num_cat=0
split_feature=6 51 2 36 47 43
split_gain=14.1505 26.7929 23.5399 32.952 33.186 35.0351
threshold=0.91589739918708812 1.0043641328811648 0.0083882017061114329 -0.69273802638053883 0.8953823745250703 0.073525678366422667
decision_type=2 10 2 2 2 2
left_child=1 -1 3 4 -2 -6
right_child=2 -3 -4 -5 5 -7
leaf_value=-2.1448591011949533e-06 0.00028048993542551632 0.00016760196776072802 -0.0002680437854555889 -9.1572278003137814e-05 0.00024354950991245343 -0.00046623314173245035
leaf_weight=17636 400 398 521 1293 55 77
leaf_count=17636 400 398 521 1293 55 77
internal_value=-0.000317636 9.28544e-05 -0.0040302 -0.00132514 0.00907821 -0.0122263
internal_weight=20380 18034 2346 1825 532 132
internal_count=20380 18034 2346 1825 532 132
is_linear=0
shrinkage=0.05


Tree=272
num_leaves=7
num_cat=0
split_feature=51 6 38 41 42 22
split_gain=14.334 29.0872 21.8144 12.5476 52.0459 34.0284
threshold=-1.5609723925590513 0.50702881813049328 -0.0019169530132785437 0.092249631881713881 0.089712426066398634 0.87500000000000011
decision_type=8 2 2 2 2 2
left_child=1 -1 -3 5 -5 -2
right_child=3 2 -4 4 -6 -7
leaf_value=0.00040243317339461036 -3.8095387721486138e-06 0.00014137921099013017 -0.00040959428983220673 0.00020426436387967008 -1.2254812029005169e-05 -0.00018312919395622782
leaf_weight=171 15214 57 52 657 2867 1279
leaf_count=171 15214 57 52 657 2867 1279
internal_value=-0.000284455 0.0107895 -0.00899123 -0.000500699 0.00220317 -0.00108043
internal_weight=20297 280 109 20017 3524 16493
internal_count=20297 280 109 20017 3524 16493
is_linear=0
shrinkage=0.05


Tree=273
num_leaves=7
num_cat=0
split_feature=36 39 26 2 48 42
split_gain=14.144 51.353 39.159 38.8347 44.8826 34.8514
threshold=0.58809426426887523 0.0042178942821919927 0.055277211591601379 0.0081101399846375006 -0.058637624606490128 0.095093466341495528
decision_type=2 2 2 2 2 2
left_child=-1 3 -3 4 -2 -6
right_child=1 2 -4 -5 5 -7
leaf_value=-5.5302003715369619e-06 -5.3468218935351169e-05 -2.2000421743364532e-05 -0.00040764901095649602 0.00028798755964215767 0.00030488743727963015 -0.00050506339145905358
leaf_weight=17076 755 1250 122 403 569 65
leaf_count=17076 755 1250 122 403 569 65
internal_value=-0.000221042 0.00321079 -0.00404866 0.00877852 0.00475251 0.0145149
internal_weight=20240 3164 1372 1792 1389 634
internal_count=20240 3164 1372 1792 1389 634
is_linear=0
shrinkage=0.05


Tree=274
num_leaves=7
num_cat=0
split_feature=0 12 55 55 19 35
split_gain=14.2312 35.4639 28.2707 28.7693 27.9892 33.9801
threshold=-0.044336449354887002 0.059431146830320365 8.3993420600891131 103671939.45312501 0.72499999403953563 0.18863234668970111
decision_type=2 2 10 8 2 2
left_child=2 -2 -1 -4 -3 -6
right_child=1 4 3 -5 5 -7
leaf_value=0.00011956275838436548 -2.9390912897944648e-06 -0.00033890929955429557 -0.00019289393801136717 0.0001934206962651825 7.3219548506766636e-05 -0.00027997820855060995
leaf_weight=1143 17789 316 389 99 378 143
leaf_count=1143 17789 316 389 99 378 143
internal_value=-0.000299822 -0.000691053 0.00417176 -0.00583164 -0.0107185 -0.00346958
internal_weight=20257 18626 1631 488 837 521
internal_count=20257 18626 1631 488 837 521
is_linear=0
shrinkage=0.05


Tree=275
num_leaves=7
num_cat=0
split_feature=6 54 42 42 47 22
split_gain=12.2393 24.9335 44.6036 29.2592 34.7824 31.2806
threshold=0.90148779749870311 0.038612183183431632 0.096101053059101119 0.11064718291163446 0.87262952327728283 0.97499999403953563
decision_type=2 8 2 2 2 2
left_child=-1 2 -2 4 -3 -6
right_child=1 3 -4 -5 5 -7
leaf_value=1.137254349929391e-06 -0.00036263083010547304 0.00010407532070724271 0.00024979503700512637 -0.00043632280825743868 -0.00011989209491231577 0.0003217107570580559
leaf_weight=17615 199 986 79 220 1064 94
leaf_count=17615 199 986 79 220 1064 94
internal_value=-0.000289952 -0.00354175 -0.0175795 -0.00184677 -3.49e-05 -0.00591144
internal_weight=20257 2642 278 2364 2144 1158
internal_count=20257 2642 278 2364 2144 1158
is_linear=0
shrinkage=0.05


Tree=276
num_leaves=7
num_cat=0
split_feature=50 53 42 47 48 10
split_gain=11.7309 56.5361 26.6515 26.5456 26.3811 25.1356
threshold=1.108898997306824 -0.19345973432064054 0.096101053059101119 1.384321987628937 2.5937851667404179 -0.023559449240565297
decision_type=2 10 2 2 2 2
left_child=4 3 -3 5 -1 -2
right_child=1 2 -4 -5 -6 -7
leaf_value=-5.790009567010594e-06 1.7992124560065048e-05 -0.00032620032558631454 0.00010043854179675174 -0.00016178627704249162 -0.0004579550732181296 0.00014480374401100744
leaf_weight=17052 1290 248 96 220 92 1380
leaf_count=17052 1290 248 96 220 92 1380
internal_value=-0.00023917 0.00274004 -0.0162607 0.00503454 -0.000540848 0.00642056
internal_weight=20378 3234 344 2890 17144 2670
internal_count=20378 3234 344 2890 17144 2670
is_linear=0
shrinkage=0.05


Tree=277
num_leaves=7
num_cat=0
split_feature=35 44 26 47 48 9
split_gain=13.0249 36.8981 46.856 82.2236 47.7308 43.0891
threshold=0.50058910250663768 0.071579031646251692 0.025712984614074234 1.0803250670433047 0.061159821227192886 -0.010929902549833058
decision_type=2 2 2 2 2 2
left_child=-1 5 3 4 -3 -2
right_child=1 2 -4 -5 -6 -7
leaf_value=-1.2130981936834163e-05 0.00029012838797872267 -0.00011655220357033193 -0.00029689648405878183 0.00045605407004431758 0.00023381707443645482 -4.0617164381940752e-05
leaf_weight=17778 686 706 376 145 322 375
leaf_count=17778 686 706 376 145 322 375
internal_value=-0.000386162 0.00289675 -0.00201094 0.00290747 -0.00210552 0.010061
internal_weight=20388 2610 1549 1173 1028 1061
internal_count=20388 2610 1549 1173 1028 1061
is_linear=0
shrinkage=0.05


Tree=278
num_leaves=7
num_cat=0
split_feature=55 48 35 22 47 46
split_gain=20.2484 16.0441 28.6444 30.5722 28.6749 32.7598
threshold=103671939.45312501 -1.7011268138885496 -0.70922809839248646 0.32500000298023229 0.96388965845108043 1.1354462504386904
decision_type=10 2 2 2 2 2
left_child=1 2 -1 4 -4 -6
right_child=-2 -3 3 -5 5 -7
leaf_value=-7.0556588229953076e-05 0.00011031005800905018 -1.2863293632941982e-05 0.00010000126821663436 0.00023135634889693315 -0.00031604751222679247 0.00034664041690618384
leaf_weight=482 400 18165 263 776 133 50
leaf_count=482 400 18165 263 776 133 50
internal_value=-0.000304577 -0.000489333 0.00413985 0.00821108 -0.00216186 -0.0171543
internal_weight=20269 19869 1704 1222 446 183
internal_count=20269 19869 1704 1222 446 183
is_linear=0
shrinkage=0.05


Tree=279
num_leaves=7
num_cat=0
split_feature=10 46 53 0 35 36
split_gain=12.4358 27.2195 31.3161 38.7949 34.2166 30.3965
threshold=0.0050684751477092513 0.84750452637672435 -0.2735744416713714 -0.031745830550789826 0.21332850307226184 -0.65981331467628468
decision_type=2 2 10 2 2 2
left_child=1 5 -3 -4 -5 -1
right_child=-2 2 3 4 -6 -7
leaf_value=0.00023537279551775469 1.0077902321969901e-05 -5.4415475848064274e-05 -0.00023762724931635201 0.00046518397529267332 -1.3629673219107242e-05 -4.6735970849240634e-06
leaf_weight=545 9438 8092 105 324 291 1382
leaf_count=545 9438 8092 105 324 291 1382
internal_value=-0.000355515 -0.00163114 -0.00280991 0.00713793 0.0119758 0.00373965
internal_weight=20177 10739 8812 720 615 1927
internal_count=20177 10739 8812 720 615 1927
is_linear=0
shrinkage=0.05


Tree=280
num_leaves=7
num_cat=0
split_feature=27 38 15 31 12 22
split_gain=13.5377 24.9611 21.1421 15.5633 11.9332 20.1593
threshold=-0.050732770934700959 0.013237048871815206 0.075000001117587103 38.477273941040046 -0.045619865879416459 0.32500000298023229
decision_type=2 2 2 2 2 2
left_child=1 2 -1 -3 5 -2
right_child=4 3 -4 -5 -6 -7
leaf_value=5.0910326478777713e-05 -0.00025515478212663148 0.00055010312775357023 -0.00033098383609251876 -0.00014137839212325902 -4.4730247675974224e-06 0.00012223768242646763
leaf_weight=104 63 103 376 92 18639 920
leaf_count=104 63 103 376 92 18639 920
internal_value=-0.000314008 -0.00724265 -0.0133505 0.007625 -6.49615e-05 0.00528846
internal_weight=20297 675 480 195 19622 983
internal_count=20297 675 480 195 19622 983
is_linear=0
shrinkage=0.05


Tree=281
num_leaves=7
num_cat=0
split_feature=50 53 47 46 43 53
split_gain=11.4024 54.5203 26.2743 33.8427 26.7435 25.2547
threshold=1.108898997306824 -0.19345973432064054 1.2249191999435427 0.92759099602699291 0.10350663959980012 -0.2735744416713714
decision_type=2 10 2 2 2 10
left_child=-1 2 3 -2 5 -5
right_child=1 -3 -4 4 -6 -7
leaf_value=-1.0535454439961849e-05 0.00015879881476295145 -0.00022346767522438707 -0.00010125399632003472 -3.4697268577208254e-05 0.00020510956338681951 0.00048473157166571977
leaf_weight=17188 981 372 297 1253 231 80
leaf_count=17188 981 372 297 1253 231 80
internal_value=-0.000361396 0.00253961 0.00490868 0.00655882 0.00195985 -0.000766069
internal_weight=20402 3214 2842 2545 1564 1333
internal_count=20402 3214 2842 2545 1564 1333
is_linear=0
shrinkage=0.05


Tree=282
num_leaves=7
num_cat=0
split_feature=55 6 10 36 40 21
split_gain=10.6294 20.9646 24.7079 15.6813 14.9584 13.8233
threshold=103671939.45312501 0.60737058520317089 0.019920097663998607 0.37925906479358679 0.095157872885465636 0.37500000000000006
decision_type=10 2 2 2 2 2
left_child=5 -2 4 -4 -3 -1
right_child=1 2 3 -5 -6 -7
leaf_value=1.1669207722706682e-05 0.0010001383919185311 -0.00035165968676302453 7.1331974128821714e-06 0.00044835186968704508 7.7465536048763894e-05 -2.6726764521841892e-05
leaf_weight=7023 63 76 123 87 60 12922
leaf_count=7023 63 76 123 87 60 12922
internal_value=-0.000229628 0.00730676 0.00220798 0.012907 -0.0140071 -0.000783208
internal_weight=20354 409 346 210 136 19945
internal_count=20354 409 346 210 136 19945
is_linear=0
shrinkage=0.05


Tree=283
num_leaves=7
num_cat=0
split_feature=52 12 40 1 43 35
split_gain=16.0189 54.0869 27.5869 38.4987 37.4868 39.2912
threshold=0.00020783668151125315 0.016003227792680267 0.08308723941445352 -0.012753950431942938 0.06535788252949716 0.034735232591629035
decision_type=8 2 2 2 2 2
left_child=1 -1 4 -4 5 -3
right_child=-2 2 3 -5 -6 -7
leaf_value=0.00015764882639984578 -1.1804914759261983e-05 0.00020856601231527994 -0.00011964306428271033 0.0002035854920804577 -0.00020453638903576433 -0.0002246487895381125
leaf_weight=1466 17426 179 276 349 676 62
leaf_count=1466 17426 179 276 349 676 62
internal_value=-0.000355937 0.00311152 -0.00340983 0.00464286 -0.00892082 0.0078252
internal_weight=20434 3008 1542 625 917 241
internal_count=20434 3008 1542 625 917 241
is_linear=0
shrinkage=0.05


Tree=284
num_leaves=7
num_cat=0
split_feature=10 51 44 46 11 36
split_gain=13.6243 24.2348 34.8413 26.8107 34.4658 27.4254
threshold=0.0050684751477092513 -0.019737044349312779 0.095986440777778639 0.84750452637672435 0.02791593782603741 -0.65981331467628468
decision_type=2 8 2 2 2 2
left_child=1 2 -1 4 5 -3
right_child=-2 3 -4 -5 -6 -7
leaf_value=0.00040877444378835203 1.0996815771691039e-05 0.00023331864673220714 -9.3177616668104648e-05 -5.445436126153248e-05 -0.0003882177493867297 2.794612514668972e-06
leaf_weight=240 9515 513 253 8401 53 1303
leaf_count=240 9515 513 253 8401 53 1303
internal_value=-0.000388256 -0.00187825 0.00888554 -0.00240146 0.0030016 0.00421472
internal_weight=20278 10763 493 10270 1869 1816
internal_count=20278 10763 493 10270 1869 1816
is_linear=0
shrinkage=0.05


Tree=285
num_leaves=7
num_cat=0
split_feature=30 39 32 44 49 40
split_gain=14.5568 28.9104 37.836 27.8964 23.8093 25.1226
threshold=36.482404708862312 0.026449718512594703 -0.45560254156589503 0.1025393456220627 -0.71698719263076771 0.15133829414844516
decision_type=2 2 2 2 2 2
left_child=1 3 -3 -1 -2 -6
right_child=4 2 -4 -5 5 -7
leaf_value=-9.9952444386791736e-05 9.9059839199252666e-05 0.00035783675805137682 -4.2383531713310118e-05 6.8023204960040404e-05 -3.953027398171684e-06 -0.00037055216129960563
leaf_weight=2931 1890 229 391 687 13997 185
leaf_count=2931 1890 229 391 687 13997 185
internal_value=-0.000289195 -0.00308155 0.00684 -0.00479575 0.000209927 -0.000491647
internal_weight=20310 4238 620 3618 16072 14182
internal_count=20310 4238 620 3618 16072 14182
is_linear=0
shrinkage=0.05


Tree=286
num_leaves=7
num_cat=0
split_feature=44 42 19 3 40 56
split_gain=15.7884 29.1645 17.9999 27.2927 28.2533 21.0544
threshold=0.15493576228618625 0.13215437531471255 0.87500000000000011 0.0071950946003198632 0.055968670174479491 2.5173088147312233e-07
decision_type=2 2 2 2 2 10
left_child=2 -2 -1 -4 -5 -6
right_child=1 -3 3 4 5 -7
leaf_value=-1.8350335743419441e-05 0.00044579403312989803 -0.00010194661694068343 -2.2008785744041544e-05 0.00069016111724507488 0.00010602954711887866 -0.00021071423419436976
leaf_weight=17085 194 133 1441 130 1313 96
leaf_count=17085 194 133 1441 130 1313 96
internal_value=-0.000346865 0.0103163 -0.000673891 0.0029062 0.00752915 0.0053925
internal_weight=20392 327 20065 2980 1539 1409
internal_count=20392 327 20065 2980 1539 1409
is_linear=0
shrinkage=0.05


Tree=287
num_leaves=7
num_cat=0
split_feature=51 3 2 35 32 51
split_gain=16.4598 29.1208 50.3639 85.2968 61.8002 35.9948
threshold=-0.064843520522117601 0.0088947140611708182 0.0075160898268222818 0.034735232591629035 0.60824334621429454 0.32299678027629858
decision_type=10 2 2 2 2 8
left_child=-1 2 3 -2 -4 -3
right_child=1 5 4 -5 -6 -7
leaf_value=-1.505519077675409e-05 0.00028566341471358641 -0.0003307177943360324 0.00037377001133788337 -0.00013950128833448909 -8.6274651147399246e-05 7.0145692503593681e-05
leaf_weight=17452 397 421 699 747 237 421
leaf_count=17452 397 421 699 747 237 421
internal_value=-0.000396241 0.00299795 0.00617506 -0.000848564 0.014745 -0.0048111
internal_weight=20374 2922 2080 1144 936 842
internal_count=20374 2922 2080 1144 936 842
is_linear=0
shrinkage=0.05


Tree=288
num_leaves=7
num_cat=0
split_feature=48 6 44 39 55 42
split_gain=22.9926 47.7096 62.5282 44.489 40.9114 39.5095
threshold=0.12284665927290918 0.43787200748920446 0.12269479408860208 0.01012175949290395 116884.69140625001 0.081578858196735396
decision_type=2 2 2 2 8 2
left_child=1 3 5 4 -1 -3
right_child=-2 2 -4 -5 -6 -7
leaf_value=0.00038440884384893656 1.701680600726596e-05 -4.3690217409286026e-05 0.00075907263257371797 7.9324878036460096e-05 -5.3540200594381958e-05 -0.00031143536946823811
leaf_weight=222 9553 2003 154 3130 3923 1269
leaf_count=222 9553 2003 154 3130 3923 1269
internal_value=-0.000319611 -0.00201055 -0.00687117 0.000278159 -0.00311446 -0.00835368
internal_weight=20254 10701 3426 7275 4145 3272
internal_count=20254 10701 3426 7275 4145 3272
is_linear=0
shrinkage=0.05


Tree=289
num_leaves=7
num_cat=0
split_feature=15 52 0 55 39 38
split_gain=16.1894 61.4205 38.2692 33.0133 35.6434 31.9261
threshold=0.37500000000000006 0.00020783668151125315 0.021440500393509868 7944.3917183876047 0.030359712429344658 0.013237048871815206
decision_type=2 8 2 10 2 2
left_child=1 -1 3 4 -3 -2
right_child=5 2 -4 -5 -6 -7
leaf_value=0.00015750603931222152 2.3672640322636944e-05 -0.00012508159700544728 2.108515353741647e-05 -0.00052363278161371115 0.00017492819682623815 -6.0255131934064942e-05
leaf_weight=1002 10872 3489 2155 139 288 2266
leaf_count=1002 10872 3489 2155 139 288 2266
internal_value=-0.000384596 -0.00232057 -0.00421741 -0.00716016 -0.00624669 0.00064483
internal_weight=20211 7073 6071 3916 3777 13138
internal_count=20211 7073 6071 3916 3777 13138
is_linear=0
shrinkage=0.05


Tree=290
num_leaves=7
num_cat=0
split_feature=47 36 12 13 3 3
split_gain=12.2173 32.9056 35.4594 52.6214 38.2376 36.6846
threshold=0.88931936025619518 -0.51332354545593251 0.020496617071330551 0.0057170083746314057 0.0060235648415982732 0.0092514972202479857
decision_type=2 2 2 2 2 2
left_child=1 -1 3 5 -4 -3
right_child=-2 2 4 -5 -6 -7
leaf_value=9.8931507192446969e-05 -1.7777491872829735e-05 -4.6671861959900131e-05 -0.00027633635668812936 0.00020608453360981881 -3.8543201145196399e-05 0.00020205480497157555
leaf_weight=2775 11412 3067 344 1040 1348 231
leaf_count=2775 11412 3067 344 1040 1348 231
internal_value=-0.000320196 0.00126277 -0.000807788 0.00158301 -0.00693872 -0.00150621
internal_weight=20217 8805 6030 4338 1692 3298
internal_count=20217 8805 6030 4338 1692 3298
is_linear=0
shrinkage=0.05


Tree=291
num_leaves=7
num_cat=0
split_feature=48 12 55 35 44 1
split_gain=15.5409 47.802 37.6862 41.9757 51.5815 32.6811
threshold=-0.1231584958732128 0.038743127137422569 8.6631784439086932 0.21332850307226184 0.12269479408860208 -0.019209953956305977
decision_type=2 2 8 2 2 2
left_child=1 2 -1 4 -4 -6
right_child=-2 -3 3 -5 5 -7
leaf_value=0.00033878696024608262 1.2230967469956371e-05 -0.00041223249386158347 -7.6122588657925223e-06 -0.00010382469156716386 -0.00010103968893939022 0.00086768649029134246
leaf_weight=245 10827 356 6262 2249 71 178
leaf_count=245 10827 356 6262 2249 71 178
internal_value=-0.00033056 -0.00175368 -0.00103496 -0.001583 0.000448895 0.0225394
internal_weight=20188 9361 9005 8760 6511 249
internal_count=20188 9361 9005 8760 6511 249
is_linear=0
shrinkage=0.05


Tree=292
num_leaves=7
num_cat=0
split_feature=10 12 46 50 38 42
split_gain=11.2891 24.6739 25.362 39.8747 27.0654 24.2267
threshold=0.007540950784459711 -0.042335217818617814 0.84750452637672435 -1.1507365703582761 0.014250142499804498 0.11680311709642412
decision_type=2 2 2 2 2 2
left_child=-1 -2 3 -3 -5 -4
right_child=1 2 5 4 -6 -7
leaf_value=-1.9165256933324165e-05 0.00048221089231720765 -0.00045507675782916618 3.448549480680697e-05 3.0242986923986575e-05 -0.000382121393184946 -0.00022404409731251076
leaf_weight=11140 77 258 7545 866 145 317
leaf_count=11140 77 258 7545 866 145 317
internal_value=-0.000386921 0.00103929 0.000790827 -0.00574961 -0.00120571 0.00185268
internal_weight=20348 9208 9131 1269 1011 7862
internal_count=20348 9208 9131 1269 1011 7862
is_linear=0
shrinkage=0.05


Tree=293
num_leaves=7
num_cat=0
split_feature=39 50 49 27 47 0
split_gain=10.9861 51.0292 16.7342 27.2549 30.1661 21.5936
threshold=-0.051491774618625634 2.1177035570144658 -0.8252461552619933 0.010744117200374605 0.96388965845108043 0.0010094351600855591
decision_type=2 2 2 2 2 2
left_child=1 2 -1 5 -5 -4
right_child=-2 -3 3 4 -6 -7
leaf_value=-0.00027316002841778927 -8.6187719970914206e-10 0.0003503828744496635 0.00041397426944038873 -0.00034436651589407727 0.00017743348509009966 -9.7366210459686397e-05
leaf_weight=137 19361 96 135 391 97 174
leaf_count=137 19361 96 135 391 97 174
internal_value=-0.000307658 -0.00528986 -0.00891906 -0.00601621 -0.0133367 0.00549363
internal_weight=20391 1030 934 797 488 309
internal_count=20391 1030 934 797 488 309
is_linear=0
shrinkage=0.05


Tree=294
num_leaves=7
num_cat=0
split_feature=21 44 44 10 44 41
split_gain=12.1331 26.2159 43.9969 50.1867 33.734 30.1355
threshold=0.47499999403953558 0.066032189875841155 0.071579031646251692 -0.053449166938662522 0.072289429605007186 0.066245865076780333
decision_type=2 2 2 2 2 2
left_child=1 -1 3 -3 -4 -6
right_child=-2 2 4 -5 5 -7
leaf_value=-2.2869306354899295e-05 -2.0685967881044557e-05 -0.00020834544915427299 -0.00036680590590714546 0.00019200735381735248 -5.2486477092255485e-05 6.8466243301597976e-05
leaf_weight=3526 11115 116 202 1388 1476 2414
leaf_count=3526 11115 116 202 1388 1476 2414
internal_value=-0.000374222 0.00102717 0.00315569 0.0104539 0.000457652 0.00150834
internal_weight=20237 9122 5596 1504 4092 3890
internal_count=20237 9122 5596 1504 4092 3890
is_linear=0
shrinkage=0.05


Tree=295
num_leaves=7
num_cat=0
split_feature=35 36 24 20 45 21
split_gain=11.5034 35.744 31.9879 31.5386 42.6717 38.2082
threshold=-0.81742659211158741 -0.81874778866767872 0.095918375998735442 0.12500000372529033 0.091404911130666747 0.47499999403953558
decision_type=2 2 2 2 2 2
left_child=3 2 -2 -1 5 -5
right_child=1 -3 -4 4 -6 -7
leaf_value=0.00022111104121993864 0.00016021429577171075 -9.3629718511257349e-06 -0.00020556507044561424 3.4657507791040557e-06 4.178856257677534e-05 -0.00043252934789502287
leaf_weight=243 1183 17097 97 308 804 616
leaf_count=243 1183 17097 97 308 804 616
internal_value=-0.000323048 -4.48809e-05 0.00799611 -0.00406123 -0.00644836 -0.0137513
internal_weight=20348 18377 1280 1971 1728 924
internal_count=20348 18377 1280 1971 1728 924
is_linear=0
shrinkage=0.05


Tree=296
num_leaves=7
num_cat=0
split_feature=39 48 55 41 12 49
split_gain=10.6144 47.4118 52.0498 45.5477 43.3789 37.7614
threshold=-0.0039468683535233131 -0.77192986011505116 116884.69140625001 0.058249400928616531 0.050801768898963935 -0.48405119776725763
decision_type=2 2 8 2 2 2
left_child=1 2 -1 5 -3 -4
right_child=-2 4 3 -5 -6 -7
leaf_value=0.00069097841278501621 -1.6453921849247294e-05 7.93783873736252e-05 0.00042652940668571736 -0.00019813737911850073 -7.4019820318685196e-05 -7.2208929321321459e-05
leaf_weight=78 11731 5670 115 1316 1174 177
leaf_count=78 11731 5670 115 1316 1174 177
internal_value=-0.000373779 0.00112185 -0.00637197 -0.008354 0.00297489 0.00934343
internal_weight=20261 8530 1686 1608 6844 292
internal_count=20261 8530 1686 1608 6844 292
is_linear=0
shrinkage=0.05


Tree=297
num_leaves=7
num_cat=0
split_feature=35 41 41 16 56 48
split_gain=10.702 41.87 35.6618 29.2463 28.7917 36.1562
threshold=0.50058910250663768 0.057159185409545905 0.063533663749694838 0.82500001788139354 1.1943684929960343e-09 0.1819691136479378
decision_type=2 2 2 2 10 2
left_child=-1 3 4 -2 5 -3
right_child=1 2 -4 -5 -6 -7
leaf_value=-1.2072375289047858e-05 0.00025437121466829576 -0.00024105867042917883 4.3543034435171341e-05 -1.9114045154979684e-05 -0.00084320127655296024 0.00029999840402620843
leaf_weight=17690 437 274 1530 149 71 140
leaf_count=17690 437 274 1530 149 71 140
internal_value=-0.000368299 0.00246546 -0.00095297 0.0141709 -0.0127041 -0.0073389
internal_weight=20291 2601 2015 586 485 414
internal_count=20291 2601 2015 586 485 414
is_linear=0
shrinkage=0.05


Tree=298
num_leaves=7
num_cat=0
split_feature=44 45 26 26 36 18
split_gain=13.5243 51.7306 40.9974 37.0877 35.2207 32.5916
threshold=0.066032189875841155 0.056540835648775108 -0.028052168898284432 -0.040129112079739564 -0.070878624916076646 0.075000001117587103
decision_type=2 2 2 2 2 2
left_child=3 2 -2 4 5 -1
right_child=1 -3 -4 -5 -6 -7
leaf_value=0.00032467953234045104 -9.7820107143103182e-05 -3.672133016483729e-06 0.00040294592253559158 -4.9630089189957297e-05 0.0003463654651647225 -0.00012281268508214754
leaf_weight=96 105 15893 351 3285 230 301
leaf_count=96 105 15893 351 3285 230 301
internal_value=-0.000329369 0.000136052 0.0166486 -0.00313378 0.00795095 -0.00105721
internal_weight=20261 16349 456 3912 627 397
internal_count=20261 16349 456 3912 627 397
is_linear=0
shrinkage=0.05


Tree=299
num_leaves=7
num_cat=0
split_feature=16 9 39 49 42 41
split_gain=12.8098 26.4213 32.8279 40.6489 26.9785 22.9169
threshold=0.12500000372529033 -0.036431496962904923 0.03629559092223645 -0.31297692656517023 0.14524967223405841 0.059281243011355407
decision_type=2 2 2 2 2 2
left_child=5 2 4 -4 -2 -1
right_child=1 -3 3 -5 -6 -7
leaf_value=0.00016303833627675566 7.526534029291565e-05 -1.3524086848288936e-05 2.6900608259956946e-05 -0.00038346504528405059 0.0005070682793774159 -9.0457308457126952e-05
leaf_weight=289 2838 14641 305 171 123 1723
leaf_count=289 2838 14641 305 171 123 1723
internal_value=-0.000322219 -9.81585e-05 0.00384224 -0.00826403 0.00580748 -0.00430094
internal_weight=20090 18078 3437 476 2961 2012
internal_count=20090 18078 3437 476 2961 2012
is_linear=0
shrinkage=0.05


Tree=300
num_leaves=7
num_cat=0
split_feature=27 38 32 35 5 39
split_gain=12.0859 24.7477 23.635 19.8661 15.8457 12.5335
threshold=-0.050732770934700959 0.013237048871815206 -0.40300698578357691 -0.37527808547019953 -0.63812306523323048 0.051370676606893546
decision_type=2 2 2 2 2 2
left_child=1 2 3 -1 -3 -2
right_child=5 4 -4 -5 -6 -7
leaf_value=-0.00033455954320467976 5.5457437219672875e-07 0.00064710941971790929 -0.00034927877257811201 0.00013953692954877777 -7.7812990605975225e-05 -0.00016040983424946552
leaf_weight=116 19413 72 237 123 128 240
leaf_count=116 19413 72 237 123 128 240
internal_value=-0.000357775 -0.0068649 -0.0130457 -0.0017418 0.00768293 -8.77505e-05
internal_weight=20329 676 476 239 200 19653
internal_count=20329 676 476 239 200 19653
is_linear=0
shrinkage=0.05


Tree=301
num_leaves=7
num_cat=0
split_feature=42 24 22 51 51 44
split_gain=11.8343 27.7356 35.0784 26.9684 24.2796 23.3882
threshold=0.11680311709642412 0.012543234974145891 0.92499998211860668 1.0043641328811648 -1.2074237465858457 0.13569019734859469
decision_type=2 2 2 10 8 2
left_child=4 -2 3 -3 -1 -6
right_child=1 2 -4 -5 5 -7
leaf_value=0.0002037401838115221 1.4808920949335899e-05 -0.00051402758265243836 6.7749533472783941e-06 6.9792383981062345e-05 -7.0448651224000956e-06 0.00021455601226163723
leaf_weight=236 984 295 256 56 17817 505
leaf_count=236 984 295 256 56 17817 505
internal_value=-0.000400665 -0.0045896 -0.0129493 -0.0231039 -0.000101007 -0.000309652
internal_weight=20149 1591 607 351 18558 18322
internal_count=20149 1591 607 351 18558 18322
is_linear=0
shrinkage=0.05


Tree=302
num_leaves=7
num_cat=0
split_feature=35 12 45 48 51 44
split_gain=13.5749 35.6305 38.8957 56.2466 55.4036 41.4557
threshold=0.50058910250663768 0.031094668433070186 0.080019384622573866 -0.1231584958732128 0.042507372796535499 0.067779384553432478
decision_type=2 2 2 2 8 2
left_child=-1 2 3 5 -5 -2
right_child=1 -3 -4 4 -6 -7
leaf_value=-1.0510747923503816e-05 0.00012341452707250179 -0.00016435437218690837 0.00026342622328225389 -0.00050929026545194279 0.00023283732093154288 -0.00018268444275299758
leaf_weight=17743 294 254 368 105 883 691
leaf_count=17743 294 254 368 105 883 691
internal_value=-0.000352701 0.00300962 0.00495524 0.002136 0.0105488 -0.00628788
internal_weight=20338 2595 2341 1973 988 985
internal_count=20338 2595 2341 1973 988 985
is_linear=0
shrinkage=0.05


Tree=303
num_leaves=7
num_cat=0
split_feature=19 55 55 41 35 2
split_gain=13.0035 19.1636 18.51 27.8382 64.2067 24.4216
threshold=0.92499998211860668 18265.901367187504 52773.880859375007 0.066245865076780333 0.087454754859209075 0.0063048694282770166
decision_type=2 8 10 2 2 2
left_child=2 -2 -1 4 -4 -5
right_child=1 -3 3 5 -6 -7
leaf_value=-1.6088484503056357e-05 0.00055777108905724854 3.0592551889740804e-05 0.00021477947423030629 0.0002935752485540941 -0.00035900986335139995 5.6599221106156582e-05
leaf_weight=15812 72 1935 116 158 216 1905
leaf_count=15812 72 1935 116 158 216 1905
internal_value=-0.000325189 0.00374006 -0.000495552 0.00359375 -0.0097181 0.00576644
internal_weight=20214 2007 18207 2395 332 2063
internal_count=20214 2007 18207 2395 332 2063
is_linear=0
shrinkage=0.05


Tree=304
num_leaves=7
num_cat=0
split_feature=37 35 46 0 47 39
split_gain=12.095 30.9998 18.6604 22.1255 40.2969 25.8872
threshold=-0.0010800358140841124 -0.13897801935672757 1.0924507379531863 0.0063905843999236831 1.6064773201942446 0.046332066878676421
decision_type=2 2 2 2 2 2
left_child=1 -1 3 -2 5 -5
right_child=2 -3 -4 4 -6 -7
leaf_value=-8.3059617888118538e-05 -2.1740391521394005e-05 1.7629656254910196e-05 6.3765188261032804e-05 3.9874293359374273e-05 0.0011444337760438642 -0.00038994900073006873
leaf_weight=3794 6301 3832 2274 3939 58 131
leaf_count=3794 6301 3832 2274 3939 58 131
internal_value=-0.000303679 -0.00171341 0.000804611 -8.86525e-05 0.00275224 0.00212883
internal_weight=20329 7626 12703 10429 4128 4070
internal_count=20329 7626 12703 10429 4128 4070
is_linear=0
shrinkage=0.05


Tree=305
num_leaves=7
num_cat=0
split_feature=50 30 55 47 47 52
split_gain=15.5265 35.221 30.8888 28.0069 30.9066 27.277
threshold=1.108898997306824 47.80513000488282 75018.039062500015 0.88931936025619518 0.93145856261253368 -1.0000000180025095e-35
decision_type=2 2 10 2 2 10
left_child=-1 5 3 -3 -5 -2
right_child=1 2 -4 4 -6 -7
leaf_value=-7.4706991681515027e-06 0.0002194478620729838 0.00013561953974964579 -0.00016584463959725245 -0.00034276580431155559 1.0814211119615197e-05 -0.00025915297911063487
leaf_weight=17097 590 888 379 187 1067 57
leaf_count=17097 590 888 379 187 1067 57
internal_value=-0.000309571 0.00317523 0.000484956 0.00282953 -0.00196585 0.0135353
internal_weight=20265 3168 2521 2142 1254 647
internal_count=20265 3168 2521 2142 1254 647
is_linear=0
shrinkage=0.05


Tree=306
num_leaves=7
num_cat=0
split_feature=44 44 26 43 36 6
split_gain=10.3917 37.7042 39.915 34.2494 40.8791 40.8649
threshold=0.066032189875841155 0.071579031646251692 -0.07447227835655211 0.064536619931459441 0.2179587855935097 0.88804772496223461
decision_type=2 2 2 2 2 2
left_child=-1 2 -2 4 -4 -5
right_child=1 -3 3 5 -6 -7
leaf_value=-2.5191318875691114e-05 -0.00040881661513142778 -7.1792203701081608e-06 0.00010079509439949076 4.5463270870685882e-05 0.00037006605515075099 -0.00047371431884002174
leaf_weight=3905 92 14397 749 610 446 97
leaf_count=3905 92 14397 749 610 446 97
internal_value=-0.000309098 0.00035527 0.0067909 0.00837703 0.0135208 -0.000316011
internal_weight=20296 16391 1994 1902 1195 707
internal_count=20296 16391 1994 1902 1195 707
is_linear=0
shrinkage=0.05


Tree=307
num_leaves=7
num_cat=0
split_feature=41 42 21 42 49 39
split_gain=8.89458 50.0095 34.4462 30.0496 35.2982 32.6722
threshold=0.092249631881713881 0.089712426066398634 0.22500000149011615 0.10434048995375635 0.11692986637353898 0.0042178942821919927
decision_type=2 2 2 2 2 2
left_child=3 2 -2 -1 5 -5
right_child=1 -3 -4 4 -6 -7
leaf_value=-4.2130266679539383e-06 -0.00033646311921981881 -1.4250035198927432e-05 0.00027498895646886807 0.00011409956865753438 -0.00050753859707158096 -0.00074946456123045505
leaf_weight=15946 65 2953 586 291 302 124
leaf_count=15946 65 2953 586 291 302 124
internal_value=-0.00030954 0.00187725 0.0143674 -0.000859431 -0.010838 -0.00125
internal_weight=20267 3604 651 16663 717 415
internal_count=20267 3604 651 16663 717 415
is_linear=0
shrinkage=0.05


Tree=308
num_leaves=7
num_cat=0
split_feature=21 44 42 10 45 4
split_gain=12.4493 25.7798 35.3723 44.1768 37.8587 33.6613
threshold=0.47499999403953558 0.097491636872291579 0.11064718291163446 0.05622468143701554 0.090327650308609023 -0.60217878222465504
decision_type=2 2 2 2 2 2
left_child=-1 -2 -3 4 -4 -6
right_child=1 2 3 -5 5 -7
leaf_value=1.4491350302448209e-05 -4.7658091012599966e-05 8.6187357490830876e-05 -0.00059900297322239109 -0.00059167736762355755 0.00041241103294669751 -2.5612856235601895e-05
leaf_weight=9174 6827 2611 148 183 231 1176
leaf_count=9174 6827 2611 148 183 231 1176
internal_value=-0.000313191 -0.00132144 0.00168236 -0.0038296 -0.00104167 0.00150496
internal_weight=20350 11176 4349 1738 1555 1407
internal_count=20350 11176 4349 1738 1555 1407
is_linear=0
shrinkage=0.05


Tree=309
num_leaves=7
num_cat=0
split_feature=42 36 24 46 36 3
split_gain=13.9508 31.0708 31.1077 19.6717 28.8465 31.9577
threshold=0.051280364394187934 0.45939175784587866 -0.0055925140623003236 0.95268628001213085 -0.28779996931552881 0.0042381531093269595
decision_type=2 2 2 2 2 2
left_child=1 3 -3 4 5 -1
right_child=-2 2 -4 -5 -6 -7
leaf_value=0.00035839246104697872 -4.6662505648292604e-07 -0.00045718311475021584 0.00046024108244375285 -0.00010212659379630332 -0.00012057554314338345 -5.7723285465043615e-05
leaf_weight=110 18948 67 116 661 259 90
leaf_count=110 18948 67 116 661 259 90
internal_value=-0.000265353 -0.0053708 0.0134309 -0.00851111 -0.000484914 0.0135366
internal_weight=20251 1303 183 1120 459 200
internal_count=20251 1303 183 1120 459 200
is_linear=0
shrinkage=0.05


Tree=310
num_leaves=7
num_cat=0
split_feature=25 16 43 54 42 1
split_gain=13.9763 16.0886 28.1108 20.167 19.22 21.4667
threshold=0.050092736259102828 0.87500000000000011 0.050005640834569938 -0.14451608061790464 0.11680311709642412 -0.031143486499786373
decision_type=2 2 2 8 2 2
left_child=1 -1 -3 -4 5 -5
right_child=-2 2 3 4 -6 -7
leaf_value=-6.9496269670459198e-06 -0.00012238609154784728 -0.00021004352123475965 0.0006132125610900669 0.00021551218310995467 -0.00027716907541110544 4.0038195036072286e-05
leaf_weight=17212 327 145 67 430 213 1944
leaf_count=17212 327 145 67 430 213 1944
internal_value=-0.000293713 2.6229e-05 0.00353959 0.00472922 0.00398341 0.00528583
internal_weight=20338 20011 2799 2654 2587 2374
internal_count=20338 20011 2799 2654 2587 2374
is_linear=0
shrinkage=0.05


Tree=311
num_leaves=7
num_cat=0
split_feature=12 22 3 22 10 45
split_gain=9.99524 28.8977 56.2788 28.2009 24.5832 23.8841
threshold=-0.042335217818617814 0.72499999403953563 0.0088947140611708182 0.32500000298023229 -0.03480184078216552 0.098624188452959075
decision_type=2 2 2 2 2 2
left_child=1 3 -3 -1 -5 -4
right_child=-2 2 5 4 -6 -7
leaf_value=-0.00016772417608518613 -6.6313231400872834e-06 -0.00045395418926976968 0.00054430235824457429 9.1563123438039918e-05 0.00031510182536457002 3.9066910455878151e-05
leaf_weight=105 18657 368 137 497 269 324
leaf_count=105 18657 368 137 497 269 324
internal_value=-0.000347461 0.0035044 -0.00314748 0.00984589 0.0131971 0.00842275
internal_weight=20357 1700 829 871 766 461
internal_count=20357 1700 829 871 766 461
is_linear=0
shrinkage=0.05


Tree=312
num_leaves=7
num_cat=0
split_feature=50 2 48 52 42 46
split_gain=12.4699 38.9315 27.0727 25.3165 39.6504 25.267
threshold=1.108898997306824 0.0061435166280716666 2.5937851667404179 -0.00015812831406947223 0.096101053059101119 0.8555140793323518
decision_type=2 2 2 10 2 2
left_child=2 5 -1 -3 -5 -2
right_child=1 3 -4 4 -6 -7
leaf_value=-3.2503688171577151e-06 0.0003972459581870744 1.8057585257365849e-05 -0.00041454353368734092 -0.00028673968730209338 0.00015561798621059912 4.7687022696297538e-05
leaf_weight=17026 285 1878 87 263 151 651
leaf_count=17026 285 1878 87 263 151 651
internal_value=-0.000269095 0.00299258 -0.000392861 -0.000511537 -0.0116348 0.0115569
internal_weight=20341 3228 17113 2292 414 936
internal_count=20341 3228 17113 2292 414 936
is_linear=0
shrinkage=0.05


Tree=313
num_leaves=7
num_cat=0
split_feature=27 38 17 41 46 30
split_gain=11.68 31.9548 19.5695 19.3481 14.8733 30.4138
threshold=-0.050732770934700959 0.015106946695595981 0.12500000372529033 0.15388815104961398 0.67270362377166759 75.809288024902358
decision_type=2 2 2 2 2 2
left_child=1 2 -1 -3 5 -2
right_child=4 3 -4 -5 -6 -7
leaf_value=-7.1186795105650678e-05 0.00016875022218288649 0.00052153664938724305 -0.00039032165537761319 -0.00023335673099318216 -4.8975411598787052e-06 -0.0003412388715995942
leaf_weight=307 566 118 188 53 19057 54
leaf_count=307 566 118 188 53 19057 54
internal_value=-0.000323128 -0.00681818 -0.01325 0.0115057 -0.000107967 0.00748
internal_weight=20343 666 495 171 19677 620
internal_count=20343 666 495 171 19677 620
is_linear=0
shrinkage=0.05


Tree=314
num_leaves=7
num_cat=0
split_feature=50 2 46 47 23 28
split_gain=11.355 31.6577 25.7216 49.048 23.811 23.6938
threshold=1.108898997306824 0.0061435166280716666 0.88481318950653087 1.0924050211906435 0.001516504737082869 0.011212320532649757
decision_type=2 2 2 2 2 2
left_child=-1 2 3 -2 -4 -3
right_child=1 5 4 -5 -6 -7
leaf_value=-9.3501914303496809e-06 0.00051214150188635661 1.8496974429915541e-05 0.00017469124238275681 -6.1104143592233349e-05 -2.2598308608206284e-05 -0.00017718965143125918
leaf_weight=17024 258 1690 204 90 366 561
leaf_count=17024 258 1690 204 90 366 561
internal_value=-0.000300772 0.00246534 0.0102654 0.0208924 0.0036087 -0.000720301
internal_weight=20193 3169 918 348 570 2251
internal_count=20193 3169 918 348 570 2251
is_linear=0
shrinkage=0.05


Tree=315
num_leaves=7
num_cat=0
split_feature=30 31 24 22 0 8
split_gain=11.4978 23.803 25.7709 25.2374 27.0065 22.928
threshold=34.548093795776374 60.544639587402351 -0.038417190313339226 0.72499999403953563 0.024651516228914264 0.19799579679965976
decision_type=2 2 2 2 2 2
left_child=1 2 3 -1 -5 -2
right_child=5 -3 -4 4 -6 -7
leaf_value=0.00012202760831658253 6.492094010816545e-05 0.00037662306701549317 -9.7300196435642688e-05 -0.00026295628672389935 0.0004623375005765488 -6.0473734051107571e-06
leaf_weight=585 2427 57 2573 277 111 14325
leaf_count=585 2427 57 2573 277 111 14325
internal_value=-0.000318026 -0.0028617 -0.00340045 0.00350204 -0.00629771 0.00024915
internal_weight=20355 3603 3546 973 388 16752
internal_count=20355 3603 3546 973 388 16752
is_linear=0
shrinkage=0.05


Tree=316
num_leaves=7
num_cat=0
split_feature=45 22 50 46 52 53
split_gain=10.0145 62.3737 27.2105 37.8896 26.9593 30.403
threshold=0.064913775771856322 0.57500001788139354 -1.6133489608764646 0.89757761359214794 -0.00019217639055568722 0.07613867893815042
decision_type=2 2 2 2 8 10
left_child=1 2 3 -1 -4 -6
right_child=-2 -3 4 -5 5 -7
leaf_value=-0.00019291373762590051 4.4064817115832808e-06 -0.00066480515255012116 0.00042007508277743281 0.00025405563931232144 -1.93355168949053e-05 -0.00054078073123168331
leaf_weight=64 14454 174 78 292 5198 139
leaf_count=64 14454 174 78 292 5198 139
internal_value=-0.000356548 -0.00207143 -0.0011643 0.0121191 -0.00205258 -0.00249438
internal_weight=20399 5945 5771 356 5415 5337
internal_count=20399 5945 5771 356 5415 5337
is_linear=0
shrinkage=0.05


Tree=317
num_leaves=7
num_cat=0
split_feature=44 42 32 53 35 55
split_gain=15.3296 21.5653 16.5295 14.637 18.4493 16.8408
threshold=0.15493576228618625 0.13215437531471255 0.83161789178848278 -0.56592193245887745 0.44925771653652197 103671939.45312501
decision_type=2 2 2 8 2 10
left_child=3 2 -2 4 -1 -5
right_child=1 -3 -4 5 -6 -7
leaf_value=-0.00016794222320516621 0.0005642536399753723 -5.9285350180880196e-05 1.4921052988348333e-05 -2.463930945895848e-06 0.00021040407585732146 0.00011126164839507834
leaf_weight=271 127 126 67 19361 101 217
leaf_count=271 127 126 67 19361 101 217
internal_value=-0.000329223 0.0106923 0.0209799 -0.000254322 -0.0100133 -6.51075e-05
internal_weight=20270 320 194 19950 372 19578
internal_count=20270 320 194 19950 372 19578
is_linear=0
shrinkage=0.05


Tree=318
num_leaves=7
num_cat=0
split_feature=21 26 22 36 20 1
split_gain=12.8269 26.7203 19.6979 18.5981 36.2896 27.5142
threshold=0.47499999403953558 0.12144121155142786 0.27500000596046453 -0.48365999758243555 0.67499998211860668 0.0065774456597864637
decision_type=2 2 2 2 2 2
left_child=1 3 -3 4 5 -1
right_child=-2 2 -4 -5 -6 -7
leaf_value=0.00017405828883044528 -1.4856451525720443e-05 0.00079855281126641961 6.6837231332417846e-05 -1.7919470095517123e-06 -6.3512823532947847e-05 1.1417730020360994e-05
leaf_weight=990 11216 60 117 6810 636 514
leaf_count=990 11216 60 117 6810 636 514
internal_value=-0.000401759 0.00149201 0.020467 0.00110274 0.00516317 0.00939364
internal_weight=20343 9127 177 8950 2140 1504
internal_count=20343 9127 177 8950 2140 1504
is_linear=0
shrinkage=0.05


Tree=319
num_leaves=7
num_cat=0
split_feature=51 6 27 5 40 17
split_gain=11.4243 14.4973 12.8283 24.8744 30.0491 16.2209
threshold=-2.3632502555847164 0.45455269515514379 -0.050732770934700959 -0.70027127861976612 0.061532020568847663 0.12500000372529033
decision_type=8 2 2 2 2 2
left_child=1 -1 3 4 -2 -5
right_child=2 -3 -4 5 -6 -7
leaf_value=0.00043092091497778169 -0.00042966746400602989 -8.8411021147440493e-05 -1.8624038570886141e-06 -2.7815704437148655e-05 0.00028600820116043865 -0.00040810106914438289
leaf_weight=78 50 60 19386 193 153 234
leaf_count=78 50 60 19386 193 153 234
internal_value=-0.00035592 0.0138112 -0.000368363 -0.0073622 0.00685096 -0.0141782
internal_weight=20154 138 20016 630 203 427
internal_count=20154 138 20016 630 203 427
is_linear=0
shrinkage=0.05


Tree=320
num_leaves=7
num_cat=0
split_feature=4 39 29 53 10 18
split_gain=11.2388 28.2796 28.5642 24.6143 23.5639 24.9641
threshold=0.28008589148521429 -0.0059551945887505999 0.046026520431041724 -0.34878626465797419 0.044714746996760375 0.62500000000000011
decision_type=2 2 2 8 2 2
left_child=-1 2 -2 -4 5 -5
right_child=1 -3 3 4 -6 -7
leaf_value=1.1984434555125412e-05 8.6362130397302925e-05 -5.355699277157251e-05 -0.00024360180331776439 -0.00025197089910316352 -0.00016619228697164391 0.00016942279722468017
leaf_weight=12831 2331 4244 67 142 363 321
leaf_count=12831 2331 4244 67 142 363 321
internal_value=-0.000323828 -0.00154891 0.0019743 -0.00559577 -0.00309868 0.00432692
internal_weight=20299 7468 3224 893 826 463
internal_count=20299 7468 3224 893 826 463
is_linear=0
shrinkage=0.05


Tree=321
num_leaves=7
num_cat=0
split_feature=10 3 10 27 48 51
split_gain=16.2555 26.47 33.1085 24.4305 25.0213 32.9276
threshold=0.007540950784459711 0.011959011200815441 0.048379804939031608 -0.013737934175878761 0.12284665927290918 -0.064843520522117601
decision_type=2 2 2 2 2 10
left_child=-1 3 -3 -2 5 -5
right_child=1 2 -4 4 -6 -7
leaf_value=-1.6019669284635607e-05 8.5994533130985922e-05 0.00010761685182545328 -0.0008668808201845173 -8.0365319972721544e-05 3.94589626831417e-05 0.00021253870107766485
leaf_weight=11149 2206 62 77 2496 3914 416
leaf_count=11149 2206 62 77 2496 3914 416
internal_value=-0.000362854 0.00163742 -0.0196181 0.00197798 0.000494071 -0.00300823
internal_weight=20320 9171 139 9032 6826 2912
internal_count=20320 9171 139 9032 6826 2912
is_linear=0
shrinkage=0.05


Tree=322
num_leaves=7
num_cat=0
split_feature=55 24 50 52 23 40
split_gain=13.8327 16.0208 15.4267 47.6538 34.1978 29.4037
threshold=103671939.45312501 0.018152759410440925 1.108898997306824 0.00013138875510776418 -0.0021625873632729049 0.084529586136341109
decision_type=10 2 2 10 2 2
left_child=2 -2 -1 4 -4 -5
right_child=1 -3 3 5 -6 -7
leaf_value=-1.1277193109605596e-05 0.00075632467330615644 4.1328018044916128e-05 0.00019230682555573721 -0.00046814847120217606 1.8710577705104107e-05 2.3791267063372723e-06
leaf_weight=16709 63 355 650 126 2191 127
leaf_count=16709 63 355 650 126 2191 127
internal_value=-0.00038935 0.00892435 -0.000213298 0.00302517 0.00489283 -0.0175388
internal_weight=20221 418 19803 3094 2841 253
internal_count=20221 418 19803 3094 2841 253
is_linear=0
shrinkage=0.05


Tree=323
num_leaves=7
num_cat=0
split_feature=37 37 36 28 26 10
split_gain=14.4114 15.9096 26.9013 13.5432 12.9691 12.2058
threshold=0.0076547076459974059 0.0058234168682247409 -0.51332354545593251 0.0062284450978040704 -0.042674064636230462 0.007540950784459711
decision_type=2 2 2 2 2 2
left_child=1 5 -3 4 -4 -1
right_child=-2 2 3 -5 -6 -7
leaf_value=-2.7353198054349346e-05 -0.00011437915620376521 0.00023740238761059407 0.00019596915880540843 0.00018800127038008844 -0.00016277432733908951 1.0214144422683482e-05
leaf_weight=10603 316 220 56 127 233 8682
leaf_count=10603 316 220 56 127 233 8682
internal_value=-0.00032976 -0.000452926 0.00729329 -0.000178147 -0.00620748 -0.000711509
internal_weight=20237 19921 636 416 289 19285
internal_count=20237 19921 636 416 289 19285
is_linear=0
shrinkage=0.05


Tree=324
num_leaves=7
num_cat=0
split_feature=52 31 45 52 12 22
split_gain=10.2701 34.3121 41.0917 39.296 41.2836 38.0908
threshold=-0.00024395361833740023 62.98706245422364 0.10417580977082254 -0.00015812831406947223 -0.023511490784585472 0.32500000298023229
decision_type=10 2 2 8 2 2
left_child=-1 2 3 -2 5 -5
right_child=1 -3 -4 4 -6 -7
leaf_value=-1.3157309434505289e-05 0.00028026344307670889 -0.00018180529859294209 -0.00033703210384526769 -8.5895197210303524e-05 -3.7451594208546278e-06 0.00060202543867586642
leaf_weight=17139 511 244 206 93 1799 201
leaf_count=17139 511 244 206 93 1799 201
internal_value=-0.000211655 0.00221478 0.00379218 0.00550977 0.0024428 0.0196488
internal_weight=20193 3054 2810 2604 2093 294
internal_count=20193 3054 2810 2604 2093 294
is_linear=0
shrinkage=0.05


Tree=325
num_leaves=7
num_cat=0
split_feature=50 2 46 21 55 3
split_gain=11.5218 36.52 27.646 25.5436 23.5799 24.8519
threshold=1.1949365139007571 0.0061435166280716666 1.1010459065437319 0.87500000000000011 18265.901367187504 0.0092514972202479857
decision_type=2 2 2 2 10 2
left_child=4 -2 -3 -4 5 -1
right_child=1 2 3 -5 -6 -7
leaf_value=-3.7395647891526538e-05 9.1604090075415523e-05 -6.5367439336634075e-05 2.3017864140192349e-05 0.00025986860567444627 4.3859233655964763e-05 6.9540813099771461e-05
leaf_weight=12959 850 1610 290 124 2256 2199
leaf_count=12959 850 1610 290 124 2256 2199
internal_value=-0.00035357 0.00217958 -0.00146624 0.0099642 -0.00123285 -0.00194388
internal_weight=20288 2874 2024 414 17414 15158
internal_count=20288 2874 2024 414 17414 15158
is_linear=0
shrinkage=0.05


Tree=326
num_leaves=7
num_cat=0
split_feature=0 22 12 55 0 42
split_gain=12.7177 18.4042 13.4874 46.995 32.5984 21.115
threshold=-0.07333084940910338 0.92499998211860668 0.050801768898963935 5078232680.000001 -0.044336449354887002 0.09072203561663629
decision_type=2 2 2 8 2 2
left_child=1 -1 -2 -4 5 -5
right_child=2 -3 3 4 -6 -7
leaf_value=-8.0594441576632872e-06 5.1903091912992687e-07 0.00041979067904307087 -0.00020565264293713513 0.00030833823510446515 -6.3853399855541649e-05 -3.6771239923961067e-05
leaf_weight=183 18147 136 420 224 1022 121
leaf_count=183 18147 136 420 224 1022 121
internal_value=-0.000334436 0.00964506 -0.000339786 -0.00447824 1.82216e-05 0.0132143
internal_weight=20253 319 19934 1787 1367 345
internal_count=20253 319 19934 1787 1367 345
is_linear=0
shrinkage=0.05


Tree=327
num_leaves=7
num_cat=0
split_feature=47 36 32 42 20 44
split_gain=12.0117 33.2344 30.1175 65.5652 49.7637 40.5627
threshold=0.88931936025619518 -0.48365999758243555 0.21292222291231158 0.12340775504708291 0.82500001788139354 0.085257180035114302
decision_type=2 2 2 2 2 2
left_child=1 2 4 -4 5 -1
right_child=-2 -3 3 -5 -6 -7
leaf_value=-5.8218916490217258e-05 -2.0269197057241007e-05 -1.2726879143195171e-05 0.00024590719599526533 -0.00051899470529801015 -0.00057958910054110911 0.00026234367474129474
leaf_weight=701 11429 5975 1419 113 128 465
leaf_count=701 11429 5975 1419 113 128 465
internal_value=-0.00031999 0.00100216 0.00546627 0.0101984 -0.000134719 0.00313834
internal_weight=20230 8801 2826 1532 1294 1166
internal_count=20230 8801 2826 1532 1294 1166
is_linear=0
shrinkage=0.05


Tree=328
num_leaves=7
num_cat=0
split_feature=15 52 29 32 12 27
split_gain=13.7797 46.9191 29.8086 28.7845 26.906 30.9236
threshold=0.37500000000000006 0.00020783668151125315 -0.036964073777198785 -0.45560254156589503 -0.049881363287568085 -0.020601853728294369
decision_type=2 8 2 2 2 2
left_child=1 2 -1 -2 5 -3
right_child=3 4 -4 -5 -6 -7
leaf_value=0.00043901609396848791 0.00016779169851016489 -7.9133208336726667e-06 5.8450614928486425e-05 1.8276603983764276e-07 -7.5393847890507901e-05 0.0004408037618786701
leaf_weight=151 405 726 873 12732 5117 168
leaf_count=151 405 726 873 12732 5117 168
internal_value=-0.000370471 -0.00230469 0.00755588 0.000435626 -0.00399352 0.00397664
internal_weight=20172 7035 1024 13137 6011 894
internal_count=20172 7035 1024 13137 6011 894
is_linear=0
shrinkage=0.05


Tree=329
num_leaves=7
num_cat=0
split_feature=36 36 41 41 47 47
split_gain=11.1764 38.8124 36.9647 29.5235 26.3907 29.0449
threshold=-0.87868240475654591 -0.81874778866767872 0.090940508991479888 0.11399102583527566 0.69714516401290905 0.82829710841178905
decision_type=2 2 2 2 2 2
left_child=2 -2 -1 -3 -4 -6
right_child=1 3 4 -5 5 -7
leaf_value=-0.00014491939750260771 0.00017049047999257881 -1.3783375960177771e-06 0.00054600352213047426 -0.0001566857944344758 -0.00050908903040258562 0.00010479367468913294
leaf_weight=1348 1004 16647 137 707 84 433
leaf_count=1348 1004 16647 137 707 84 433
internal_value=-0.00034741 -4.22044e-05 -0.00397359 -0.000597673 0.00572838 0.000431034
internal_weight=20360 18358 2002 17354 654 517
internal_count=20360 18358 2002 17354 654 517
is_linear=0
shrinkage=0.05


Tree=330
num_leaves=7
num_cat=0
split_feature=27 5 40 22 14 39
split_gain=10.8257 19.9589 30.0102 17.6189 22.184 13.1823
threshold=-0.050732770934700959 -0.63812306523323048 0.087374415248632445 0.82500001788139354 0.17500000447034839 0.039440350607037551
decision_type=2 2 2 2 2 2
left_child=1 2 -1 -3 -5 -2
right_child=5 3 -4 4 -6 -7
leaf_value=-9.7580975455337107e-05 1.3533624663635631e-06 -0.00034258545158351295 0.00049790317060310256 0.00030964211026592167 -0.00026182524694869222 -5.0014470976160293e-05
leaf_weight=145 18799 227 106 72 115 806
leaf_count=145 18799 227 106 72 115 806
internal_value=-0.000363748 -0.00660448 0.00439453 -0.0133055 -0.00169271 -0.00013896
internal_weight=20270 665 251 414 187 19605
internal_count=20270 665 251 414 187 19605
is_linear=0
shrinkage=0.05


Tree=331
num_leaves=7
num_cat=0
split_feature=10 1 36 2 22 36
split_gain=11.7679 26.1907 29.724 25.4096 45.2447 43.5094
threshold=0.007540950784459711 -0.017543647438287732 0.85846343636512767 0.0078569734469056147 0.52500000596046459 -1.0000000180025095e-35
decision_type=2 2 2 2 2 2
left_child=1 2 3 4 -1 -6
right_child=-2 -3 -4 -5 5 -7
leaf_value=-6.5660666541408945e-05 1.6974009767184722e-05 6.9302813609825166e-07 0.00041827429142491366 -1.6905554129107598e-05 -0.00064176587388794235 -3.3212286333254653e-05
leaf_weight=598 9064 8926 84 943 349 186
leaf_count=598 9064 8926 84 943 349 186
internal_value=-0.000296452 -0.00115183 -0.00608545 -0.00729217 -0.0123243 -0.0228241
internal_weight=20150 11086 2160 2076 1133 535
internal_count=20150 11086 2160 2076 1133 535
is_linear=0
shrinkage=0.05


Tree=332
num_leaves=7
num_cat=0
split_feature=21 26 3 41 36 36
split_gain=14.7058 22.0187 29.1527 30.9896 26.9691 24.6823
threshold=0.47499999403953558 -0.063712470233440385 0.009787446819245817 0.12448384612798692 0.66634088754653942 -0.77223575115203846
decision_type=2 2 2 2 2 2
left_child=1 4 5 -4 -1 -3
right_child=-2 2 3 -5 -6 -7
leaf_value=-0.00015561669913546078 -2.6043214832977957e-05 0.0001252715282742492 0.00043484686161964858 -3.4158710612309848e-05 0.00027699025345131995 3.0506104930292996e-06
leaf_weight=461 11219 940 135 70 82 7499
leaf_count=461 11219 940 135 70 82 7499
internal_value=-0.000390721 0.00109062 0.00170829 0.020119 -0.00862226 0.00124645
internal_weight=20406 9187 8644 205 543 8439
internal_count=20406 9187 8644 205 543 8439
is_linear=0
shrinkage=0.05


Tree=333
num_leaves=7
num_cat=0
split_feature=24 55 39 44 44 3
split_gain=11.8374 51.6472 51.5287 41.8109 38.0757 39.2546
threshold=-0.014398695901036261 8.6631784439086932 0.01143240323290229 0.088969223201274886 0.045934742316603668 0.0048817067872732886
decision_type=2 8 2 2 2 2
left_child=1 -1 4 -4 -3 -6
right_child=-2 2 3 -5 5 -7
leaf_value=0.0012278476416995763 -1.3959894235854547e-05 -0.00018898076141112279 0.00014189929866589946 -2.639489333213438e-05 0.00015929348471348145 -4.6754158515578491e-05
leaf_weight=88 12984 109 1645 1086 341 4005
leaf_count=88 12984 109 1645 1086 341 4005
internal_value=-0.000359029 0.00141159 0.000928244 0.00633224 -0.00238229 -0.00162606
internal_weight=20258 7274 7186 2731 4455 4346
internal_count=20258 7274 7186 2731 4455 4346
is_linear=0
shrinkage=0.05


Tree=334
num_leaves=7
num_cat=0
split_feature=12 1 43 1 38 47
split_gain=12.7257 26.7974 35.6249 29.9563 28.7521 24.6305
threshold=-0.03021270781755447 -0.019209953956305977 0.073525678366422667 0.022191639058291916 0.00072228597127832483 0.74645867943763744
decision_type=2 2 2 2 2 2
left_child=1 2 -1 5 -5 -3
right_child=-2 3 -4 4 -6 -7
leaf_value=-0.00053453237005181178 -9.8222771372157693e-06 -0.00016790110736573913 -1.4275860832264053e-05 -0.00015551696981758479 4.9819920261836046e-05 0.00015297987350883132
leaf_weight=98 16869 214 333 509 825 1392
leaf_count=98 16869 214 333 509 825 1392
internal_value=-0.000329711 0.0025548 -0.00900229 0.00426995 -0.00125093 0.00886096
internal_weight=20240 3371 431 2940 1334 1606
internal_count=20240 3371 431 2940 1334 1606
is_linear=0
shrinkage=0.05


Tree=335
num_leaves=7
num_cat=0
split_feature=35 36 31 42 47 57
split_gain=10.2532 40.9 30.2271 30.2168 42.552 39.6559
threshold=-0.75496432185173024 -0.81874778866767872 51.115856170654304 0.095093466341495528 0.86142110824584972 2.572225184849231e-06
decision_type=2 2 2 2 2 8
left_child=3 2 -2 4 5 -1
right_child=1 -3 -4 -5 -6 -7
leaf_value=0.00053134151234294146 0.00046605686958949987 -1.3493572893686107e-06 8.7841753060408751e-05 5.3990740381291807e-05 -0.00019996045690931965 -1.3871594253885879e-05
leaf_weight=99 218 16779 421 978 1370 477
leaf_count=99 218 16779 421 978 1370 477
internal_value=-0.000278911 0.000406072 0.0127717 -0.00279105 -0.00639416 0.00494836
internal_weight=20342 17418 639 2924 1946 576
internal_count=20342 17418 639 2924 1946 576
is_linear=0
shrinkage=0.05


Tree=336
num_leaves=7
num_cat=0
split_feature=50 47 3 55 47 47
split_gain=8.9927 27.0316 31.9254 25.1903 26.9894 33.2294
threshold=1.108898997306824 1.6064773201942446 0.011959011200815441 106897.33203125001 0.88931936025619518 0.93145856261253368
decision_type=2 2 2 10 2 2
left_child=1 2 -1 4 -2 -6
right_child=3 -3 -4 -5 5 -7
leaf_value=-8.6671422231891788e-06 0.00014375923259906577 0.0002789124972194159 -0.00028877460095068125 -9.0382605158406191e-05 -0.00024645139192761934 2.6109926011181651e-05
leaf_weight=16506 1170 252 258 373 285 1386
leaf_count=16506 1170 252 258 373 285 1386
internal_value=-0.000339758 -0.000621291 -0.000869163 0.00226002 0.00387386 -0.000193914
internal_weight=20230 17016 16764 3214 2841 1671
internal_count=20230 17016 16764 3214 2841 1671
is_linear=0
shrinkage=0.05


Tree=337
num_leaves=7
num_cat=0
split_feature=12 38 6 22 42 22
split_gain=12.7324 20.6311 19.3031 23.9729 22.3237 21.2826
threshold=-0.042335217818617814 0.0040937191806733617 0.35397253930568701 0.72499999403953563 0.083653513342142119 0.57500001788139354
decision_type=2 2 2 2 2 2
left_child=1 2 3 5 -5 -1
right_child=-2 -3 -4 4 -6 -7
leaf_value=-4.9096112460288429e-05 -9.1412768437521322e-06 0.00015065700084565883 0.00042021288268855424 -0.00063816047089870038 -0.00013925565069740058 0.000310761284523181
leaf_weight=315 18699 780 100 55 270 152
leaf_count=315 18699 780 100 55 270 152
internal_value=-0.000425746 0.00386106 -0.00130992 -0.00398369 -0.0143182 0.00323093
internal_weight=20371 1672 892 792 325 467
internal_count=20371 1672 892 792 325 467
is_linear=0
shrinkage=0.05


Tree=338
num_leaves=7
num_cat=0
split_feature=50 53 47 30 40 38
split_gain=16.6423 43.4933 27.2247 28.0418 27.603 29.5615
threshold=1.108898997306824 -0.19345973432064054 1.384321987628937 48.51733589172364 0.042142102494835861 0.0092578604817390459
decision_type=2 10 2 2 2 2
left_child=-1 2 3 -2 -5 -6
right_child=1 -3 -4 4 5 -7
leaf_value=-1.0573691363237673e-05 0.00017655969732416712 -0.00019651505367035234 -0.00015585547564616714 0.00027189322505818627 -4.4999804218924417e-06 0.00020056874527986406
leaf_weight=17071 561 365 216 168 1603 269
leaf_count=17071 561 365 216 168 1603 269
internal_value=-0.000418353 0.00306715 0.00518249 0.00660975 0.00385086 0.00206446
internal_weight=20253 3182 2817 2601 2040 1872
internal_count=20253 3182 2817 2601 2040 1872
is_linear=0
shrinkage=0.05


Tree=339
num_leaves=7
num_cat=0
split_feature=27 21 39 50 52 47
split_gain=12.1678 21.4771 19.1331 18.8882 22.0216 24.6332
threshold=0.06949253007769586 0.92499998211860668 -0.030532930046319958 1.1949365139007571 -0.034971762448549264 0.88931936025619518
decision_type=2 2 2 2 10 2
left_child=3 2 -2 -1 5 -5
right_child=1 -3 -4 4 -6 -7
leaf_value=-8.7338775853883509e-06 -0.00043900938368068593 0.00010875126941680136 -8.4713214762118828e-05 0.00017541524141185752 -4.0527798378959596e-05 2.2048198413367157e-05
leaf_weight=17409 81 114 130 696 699 1249
leaf_count=17409 81 114 130 696 699 1249
internal_value=-0.000307855 -0.00977273 -0.0190972 -9.09861e-05 0.00384107 0.00657692
internal_weight=20378 325 211 20053 2644 1945
internal_count=20378 325 211 20053 2644 1945
is_linear=0
shrinkage=0.05


Tree=340
num_leaves=7
num_cat=0
split_feature=57 56 49 56 16 53
split_gain=12.2042 15.8687 15.3934 25.2818 17.3273 16.5232
threshold=5.1046006532828876e-08 5.6995970609818876e-08 0.15636695921421054 2.5173088147312233e-07 0.72499999403953563 0.11763558164238931
decision_type=10 10 2 8 2 10
left_child=1 -1 -2 4 -4 -5
right_child=2 -3 3 5 -6 -7
leaf_value=-7.0747500146373666e-06 0.00012128028026812287 -0.00011650794879182114 -0.00012197420560116609 -0.00026010557438387537 0.00032798479033703152 0.00014583916660141095
leaf_weight=18794 628 364 76 235 114 75
leaf_count=18794 628 364 76 235 114 75
internal_value=-0.000343748 -0.000771017 0.00456752 -0.00193069 0.0121795 -0.0107143
internal_weight=20286 19158 1128 500 190 310
internal_count=20286 19158 1128 500 190 310
is_linear=0
shrinkage=0.05


Tree=341
num_leaves=7
num_cat=0
split_feature=58 15 45 12 47 55
split_gain=11.1366 34.382 34.4814 19.2697 37.9729 30.1972
threshold=0.00013712033978663388 0.37500000000000006 0.10417580977082254 0.011514537502080204 0.73175603151321422 75018.039062500015
decision_type=8 2 2 2 2 8
left_child=1 2 -1 -3 -5 -6
right_child=-2 3 -4 4 5 -7
leaf_value=0.00028351435131350418 -7.049565089876293e-06 8.9283182147249492e-05 -0.00024271747036447733 -0.00055478996515710601 0.00013927167458438515 -7.0091524099472998e-05
leaf_weight=718 17906 384 99 121 348 733
leaf_count=718 17906 384 99 121 348 733
internal_value=-0.000377818 0.00304194 0.0113443 -0.00124136 -0.00437034 -0.00131215
internal_weight=20309 2403 817 1586 1202 1081
internal_count=20309 2403 817 1586 1202 1081
is_linear=0
shrinkage=0.05


Tree=342
num_leaves=7
num_cat=0
split_feature=55 6 44 10 50 2
split_gain=10.0132 24.4608 34.367 9.89765 9.80914 35.1479
threshold=103671939.45312501 0.60737058520317089 0.12269479408860208 0.10306359454989435 0.9581640660762788 0.0061435166280716666
decision_type=10 2 2 2 2 2
left_child=4 -2 3 -3 -1 -6
right_child=1 2 -4 -5 5 -7
leaf_value=-1.078003961032699e-05 0.00081268014722256712 0.0003373749296640083 -0.0001791557761171854 2.1108520028902774e-05 7.8685927616171263e-05 -8.0441259244507166e-06
leaf_weight=16147 68 114 135 97 1102 2662
leaf_count=16147 68 114 135 97 1102 2662
internal_value=-0.000279144 0.00757757 0.00192308 0.0144676 -0.000232225 0.00206288
internal_weight=20325 414 346 211 19911 3764
internal_count=20325 414 346 211 19911 3764
is_linear=0
shrinkage=0.05


Tree=343
num_leaves=7
num_cat=0
split_feature=30 39 41 35 51 49
split_gain=18.1884 29.7064 28.8094 27.382 40.5404 36.9811
threshold=59.458459854125984 -0.0059551945887505999 0.047924621030688293 -0.20021959394216535 0.014402599073946478 -0.15392127633094785
decision_type=2 2 2 2 8 2
left_child=-1 -2 -3 4 -4 -6
right_child=1 2 3 -5 5 -7
leaf_value=5.7786018693195643e-06 1.7379002126091005e-05 -0.0002164713627197259 0.0003073437706681748 2.0285952604173646e-06 0.00018279366017359753 -0.0002243257366112415
leaf_weight=14335 2603 308 121 1562 127 1156
leaf_count=14335 2603 308 121 1562 127 1156
internal_value=-0.000196617 -0.00274141 -0.00590881 -0.00436722 -0.00942158 -0.0120536
internal_weight=20212 5877 3274 2966 1404 1283
internal_count=20212 5877 3274 2966 1404 1283
is_linear=0
shrinkage=0.05


Tree=344
num_leaves=7
num_cat=0
split_feature=44 47 36 48 13 48
split_gain=11.3447 19.9956 19.2413 28.8222 18.5389 20.8414
threshold=0.15493576228618625 0.58502250909805309 -0.31181326508522028 -0.83518281579017628 0.040665104985237129 2.1036978960037236
decision_type=2 2 2 2 2 2
left_child=1 2 -1 -4 5 -2
right_child=4 -3 3 -5 -6 -7
leaf_value=0.00040212013196347471 0.00038428954485562287 -1.0804559768271569e-05 8.4092383180004159e-05 -0.00056415978071736299 -0.0001578626994721584 -0.000189914373178492
leaf_weight=51 223 19722 54 141 57 52
leaf_count=51 223 19722 54 141 57 52
internal_value=-0.000284413 -0.00101011 -0.0150398 -0.022125 0.00823442 0.0136607
internal_weight=20300 19968 246 195 332 275
internal_count=20300 19968 246 195 332 275
is_linear=0
shrinkage=0.05


Tree=345
num_leaves=7
num_cat=0
split_feature=0 26 52 36 55 55
split_gain=12.5456 26.621 29.1131 28.9534 25.1707 28.2606
threshold=-0.044336449354887002 -0.010107984766364096 -1.0000000180025095e-35 -0.33413253724575037 8.3993420600891131 173320.89062500003
decision_type=2 2 10 2 8 8
left_child=1 2 3 -1 -3 -6
right_child=-2 4 -4 -5 5 -7
leaf_value=-0.00024337429073334135 -1.0961519915716686e-05 0.00056366560839376753 -0.00051054058487207349 0.00012433328790237974 -0.00016280818374972905 9.4435688727867245e-05
leaf_weight=129 18552 101 74 160 183 997
leaf_count=129 18552 101 74 160 183 997
internal_value=-0.00034033 0.00362341 -0.00822011 -0.000765306 0.00701788 0.00487342
internal_weight=20196 1644 363 289 1281 1180
internal_count=20196 1644 363 289 1281 1180
is_linear=0
shrinkage=0.05


Tree=346
num_leaves=7
num_cat=0
split_feature=16 39 42 33 42 47
split_gain=14.3089 21.2505 52.9784 37.7078 31.9353 29.5644
threshold=0.12500000372529033 0.032935468479990966 0.074227742850780501 -0.35823491215705866 0.057771058753132827 1.4954879283905032
decision_type=2 2 2 2 2 2
left_child=-1 5 4 -4 -3 -2
right_child=1 2 3 -5 -6 -7
leaf_value=-6.2314113401524377e-05 -5.68137590759802e-08 -0.00011991386083625382 0.00049367156046846027 -0.00019882636979550155 0.00019604318954810366 0.00024808469183677968
leaf_weight=2041 16504 114 62 899 359 350
leaf_count=2041 16504 114 62 899 359 350
internal_value=-0.000318432 -0.00019543 -0.00602849 -0.0127588 0.00758368 0.000301026
internal_weight=20329 18288 1434 961 473 16854
internal_count=20329 18288 1434 961 473 16854
is_linear=0
shrinkage=0.05


Tree=347
num_leaves=7
num_cat=0
split_feature=45 22 36 9 42 18
split_gain=11.1096 51.4721 28.4524 25.368 28.5283 24.5392
threshold=0.064913775771856322 0.52500000596046459 -0.070878624916076646 -0.041538277640938752 0.078885596245527281 0.17500000447034839
decision_type=2 2 2 2 2 2
left_child=1 3 -3 5 -5 -1
right_child=-2 2 -4 4 -6 -7
leaf_value=-1.5823805862477474e-05 4.9935222618858329e-06 -0.00073440163034813261 -9.5975974298498317e-06 -1.1409589459515689e-05 -0.00035054554264610444 0.00041083820904583691
leaf_weight=109 14360 223 121 5158 165 120
leaf_count=109 14360 223 121 5158 165 120
internal_value=-0.000378807 -0.00221573 -0.0208453 -0.00103923 -0.00175019 0.0150641
internal_weight=20256 5896 344 5552 5323 229
internal_count=20256 5896 344 5552 5323 229
is_linear=0
shrinkage=0.05


Tree=348
num_leaves=7
num_cat=0
split_feature=48 44 36 2 21 56
split_gain=15.5167 36.6754 49.6555 31.0896 38.4971 29.9035
threshold=0.12284665927290918 0.1199503429234028 0.79347431659698497 0.015268787741661074 0.67499998211860668 5.6995970609818876e-08
decision_type=2 2 2 2 2 8
left_child=1 5 3 4 -3 -1
right_child=-2 2 -4 -5 -6 -7
leaf_value=9.2304436005961196e-05 1.024600361415589e-05 -0.00014305212297712478 -0.00021453783641560387 -0.00012289601193513858 0.000593555259570698 -4.827152384917755e-05
leaf_weight=887 9565 97 152 99 366 9179
leaf_count=887 9565 97 152 99 366 9179
internal_value=-0.000337838 -0.00175939 0.00914465 0.0160053 0.0214209 -0.00253947
internal_weight=20345 10780 714 562 463 10066
internal_count=20345 10780 714 562 463 10066
is_linear=0
shrinkage=0.05


Tree=349
num_leaves=7
num_cat=0
split_feature=41 48 35 46 51 3
split_gain=12.6371 32.9328 23.9568 24.9445 11.5281 33.1178
threshold=0.037319369614124305 -1.2559300661087034 -0.07327846065163611 0.93777194619178783 -0.064843520522117601 0.009009254630655052
decision_type=2 2 2 2 10 2
left_child=1 -1 3 -3 -2 -6
right_child=4 2 -4 -5 5 -7
leaf_value=0.00017438637484113177 -7.5520570757626747e-06 0.00033468188325162253 -0.00020462317206580848 -6.7741825765611869e-05 7.2934941125501467e-05 -9.2824209091797822e-05
leaf_weight=61 16979 51 134 74 2075 794
leaf_count=61 16979 51 134 74 2075 794
internal_value=-0.000301145 -0.0100769 -0.0178977 -0.00173077 -0.00013474 0.00279228
internal_weight=20168 320 259 125 19848 2869
internal_count=20168 320 259 125 19848 2869
is_linear=0
shrinkage=0.05


Tree=350
num_leaves=7
num_cat=0
split_feature=13 12 33 39 47 35
split_gain=10.1821 22.4013 19.8486 18.6903 29.5992 27.2188
threshold=0.0072049268055707225 0.059431146830320365 0.03271113149821759 0.028007832355797294 0.90140882134437572 0.11155203357338907
decision_type=2 2 2 2 2 2
left_child=1 2 -1 5 -5 -2
right_child=3 -3 -4 4 -6 -7
leaf_value=2.1436244294672387e-06 -3.0050593885581772e-06 -0.00030509882154868462 -6.6776402702247144e-05 8.6374464011365365e-05 -0.00021445748042712377 8.4620682938043803e-05
leaf_weight=9960 4373 107 3179 198 391 2034
leaf_count=9960 4373 107 3179 198 391 2034
internal_value=-0.000290166 -0.00116029 -0.000968122 0.00119626 -0.00728114 0.00198456
internal_weight=20242 13246 13139 6996 589 6407
internal_count=20242 13246 13139 6996 589 6407
is_linear=0
shrinkage=0.05


Tree=351
num_leaves=7
num_cat=0
split_feature=36 36 41 28 54 47
split_gain=10.9851 39.3087 32.9383 30.4188 29.5497 26.7615
threshold=-0.87868240475654591 -0.81874778866767872 0.090940508991479888 0.0048200159799307593 0.1160995475947857 0.69714516401290905
decision_type=2 2 2 2 8 2
left_child=2 -2 3 4 -1 -4
right_child=1 -3 5 -5 -6 -7
leaf_value=0.00032969955063817343 0.00015134618480136357 -4.8864259113189325e-06 0.00050972704572948581 -0.00033435276175331781 -0.00011145324724384666 -1.2842726772276797e-06
leaf_weight=98 998 17271 149 419 816 520
leaf_count=98 998 17271 149 419 816 520
internal_value=-0.000309479 0.000121758 -0.00377429 -0.00831465 -0.0031284 0.00522997
internal_weight=20271 18269 2002 1333 914 669
internal_count=20271 18269 2002 1333 914 669
is_linear=0
shrinkage=0.05


Tree=352
num_leaves=7
num_cat=0
split_feature=57 56 49 50 2 42
split_gain=11.9634 12.269 16.4173 13.8355 28.9911 33.4707
threshold=5.1046006532828876e-08 6.8990960500059386e-08 -0.53125220537185658 0.89412730932235729 0.0062280441634356984 0.066444925963878645
decision_type=10 10 2 2 2 2
left_child=1 3 -3 -1 -5 -6
right_child=-2 2 -4 4 5 -7
leaf_value=-1.9468486484639991e-05 4.0063451538685144e-05 9.1015820648322757e-05 -0.00015547003490524238 7.8398635415449346e-05 -0.00042005797784938349 6.192002765740765e-06
leaf_weight=15158 1159 64 252 1168 172 2337
leaf_count=15158 1159 64 252 1168 172 2337
internal_value=-0.000313808 -0.000815671 -0.010514 -0.000648885 0.00209804 -0.000924821
internal_weight=20310 19151 316 18835 3677 2509
internal_count=20310 19151 316 18835 3677 2509
is_linear=0
shrinkage=0.05


Tree=353
num_leaves=7
num_cat=0
split_feature=51 6 12 25 45 11
split_gain=12.2433 32.7751 22.3687 22.8062 18.5329 17.756
threshold=0.71310827136039745 0.80750122666358959 0.035891033709049232 0.025456879287958149 0.081821374595165267 0.022937483154237274
decision_type=10 2 2 2 2 2
left_child=-1 4 -3 -4 -2 -5
right_child=1 2 3 5 -6 -7
leaf_value=-9.502605958523059e-06 -5.6665488648324319e-05 -0.00029985287241844649 8.3721494772782132e-05 -0.0002764267920095553 0.00053637221794427235 8.7334448789950069e-05
leaf_weight=19684 52 57 247 82 158 60
leaf_count=19684 52 57 247 82 158 60
internal_value=-0.000406734 0.0061649 -0.00149667 0.00285533 0.0222093 -0.0127551
internal_weight=20340 656 446 389 210 142
internal_count=20340 656 446 389 210 142
is_linear=0
shrinkage=0.05


Tree=354
num_leaves=7
num_cat=0
split_feature=10 39 39 35 32 17
split_gain=13.1376 27.7024 43.2443 56.8604 46.9019 34.2705
threshold=0.0050684751477092513 -0.0039468683535233131 0.012997390236705543 0.11155203357338907 -0.16620729118585584 0.82500001788139354
decision_type=2 2 2 2 2 2
left_child=1 -1 3 -3 -4 -6
right_child=-2 2 4 -5 5 -7
leaf_value=1.840744613058284e-05 8.2735690902175758e-06 -0.00017652277499977556 6.9326815087790563e-05 3.0426246585526977e-05 -0.00019969989139234729 5.1217877910026984e-05
leaf_weight=4047 9494 2459 2108 1080 712 414
leaf_count=4047 9494 2459 2108 1080 712 414
internal_value=-0.000308824 -0.0018545 -0.00381012 -0.00762556 0.000362766 -0.00784704
internal_weight=20314 10820 6773 3539 3234 1126
internal_count=20314 10820 6773 3539 3234 1126
is_linear=0
shrinkage=0.05


Tree=355
num_leaves=7
num_cat=0
split_feature=41 2 17 50 39 29
split_gain=13.1693 23.0631 18.0402 11.3138 19.2436 23.7336
threshold=0.037319369614124305 0.0036746505647897725 0.37500000000000006 2.4966553449630742 -0.040717471390962594 0.06671344488859178
decision_type=2 2 2 2 2 2
left_child=1 2 -1 -2 -5 -6
right_child=3 -3 -4 4 5 -7
leaf_value=-7.3440981260279982e-05 -4.1100457235753247e-06 -0.00014947494312225409 0.0002948253329888963 0.00040668433882295953 0.00023369821081564926 -0.00027488312777563867
leaf_weight=99 19762 155 68 78 149 101
leaf_count=99 19762 155 68 78 149 101
internal_value=-0.000253465 -0.0103211 0.00247093 -0.000202787 0.00893393 0.00186275
internal_weight=20412 322 167 20090 328 250
internal_count=20412 322 167 20090 328 250
is_linear=0
shrinkage=0.05


Tree=356
num_leaves=7
num_cat=0
split_feature=12 55 46 22 44 35
split_gain=9.19614 22.0922 16.8768 25.5401 27.2003 26.5871
threshold=-0.03021270781755447 163819.50781250003 0.5968223810195924 0.92499998211860668 0.14118217676877978 -0.83619201183319081
decision_type=2 10 2 2 2 2
left_child=1 2 -1 4 5 -4
right_child=-2 -3 3 -5 -6 -7
leaf_value=0.00092172961978120903 -5.8743385522244882e-06 0.00035371740113556463 -0.00014545460452377421 -0.00021710691624088167 -0.00033742785466379493 6.988861753346423e-05
leaf_weight=94 16853 76 359 406 58 2389
leaf_count=94 16853 76 359 406 58 2389
internal_value=-0.000285326 0.00226602 0.00162338 0.000986944 0.00269477 0.0034417
internal_weight=20235 3382 3306 3212 2806 2748
internal_count=20235 3382 3306 3212 2806 2748
is_linear=0
shrinkage=0.05


Tree=357
num_leaves=7
num_cat=0
split_feature=38 10 51 35 10 6
split_gain=9.50278 24.6968 19.798 33.1968 18.7259 17.3977
threshold=-0.023694497533142563 -0.047075975686311715 -0.024624063633382317 -0.35086125135421747 1.0000000180025095e-35 0.88804772496223461
decision_type=2 2 8 2 2 2
left_child=1 -1 -3 4 5 -4
right_child=-2 2 3 -5 -6 -7
leaf_value=-0.00018726051613203405 -1.7956929379772106e-06 0.00029781971316530172 2.7471924080076465e-05 -0.00011988875428850527 0.00023114408515594043 -0.00037724999176709252
leaf_weight=297 18697 158 161 781 279 50
leaf_count=297 18697 158 161 781 279 50
internal_value=-0.000326757 -0.00397169 -0.00120293 -0.00331113 0.00681818 -0.00428241
internal_weight=20423 1726 1429 1271 490 211
internal_count=20423 1726 1429 1271 490 211
is_linear=0
shrinkage=0.05


Tree=358
num_leaves=7
num_cat=0
split_feature=38 18 22 47 32 23
split_gain=9.7639 24.058 21.8203 20.0519 27.4467 19.4405
threshold=-0.023694497533142563 0.57500001788139354 0.92499998211860668 0.88931936025619518 -0.26112461090087885 -0.0027066250331699844
decision_type=2 2 2 2 2 2
left_child=1 2 3 4 -1 -5
right_child=-2 -3 -4 5 -6 -7
leaf_value=0.00021296360651806585 -1.2948813681088694e-06 4.3251440375517617e-05 0.00026869411869876781 -0.00010943518328073725 -0.00027575731588127411 -0.00043170566216517561
leaf_weight=164 18624 733 69 220 276 184
leaf_count=164 18624 733 69 220 276 184
internal_value=-0.00034402 -0.00410357 -0.00950436 -0.0117491 -0.00421348 -0.0197433
internal_weight=20270 1646 913 844 440 404
internal_count=20270 1646 913 844 440 404
is_linear=0
shrinkage=0.05


Tree=359
num_leaves=7
num_cat=0
split_feature=45 36 36 46 36 8
split_gain=11.704 33.2234 27.788 35.2905 20.8675 24.3363
threshold=0.045290801674127586 0.48250322043895727 -0.39486587047576899 0.95268628001213085 -0.1602501645684242 0.31455412507057195
decision_type=2 2 2 2 2 2
left_child=1 2 3 -1 -4 -6
right_child=-2 -3 4 -5 5 -7
leaf_value=0.00023942414441062367 -5.3606606584003579e-07 0.0006471316648841755 -0.00024325306885184851 -6.7447208784324552e-05 9.3581942251223251e-05 -0.00020501586620090889
leaf_weight=100 19611 55 147 180 93 90
leaf_count=100 19611 55 147 180 93 90
internal_value=-0.000284749 -0.00675373 -0.0102033 0.00131579 -0.0199254 -0.0081117
internal_weight=20276 665 610 280 330 183
internal_count=20276 665 610 280 330 183
is_linear=0
shrinkage=0.05


Tree=360
num_leaves=7
num_cat=0
split_feature=10 39 10 35 55 1
split_gain=11.6498 23.4488 32.4397 55.6959 46.65 36.1263
threshold=0.0050684751477092513 -0.01511492347344756 -0.047075975686311715 -0.6137387454509734 171523.50000000003 0.020499180071055893
decision_type=2 2 2 2 10 2
left_child=1 2 5 -4 -5 -1
right_child=-2 -3 3 4 -6 -7
leaf_value=0.00050100985093183721 9.9536410009883701e-06 -4.00694398345278e-05 0.00026311482845258578 -0.0001160325553232614 0.00037432422498436224 -1.7953608377709452e-05
leaf_weight=348 9451 8473 425 1184 116 263
leaf_count=348 9451 8473 425 1184 116 263
internal_value=-0.000329386 -0.00157435 0.00285135 -0.000650289 -0.0058046 0.0127029
internal_weight=20260 10809 2336 1725 1300 611
internal_count=20260 10809 2336 1725 1300 611
is_linear=0
shrinkage=0.05


Tree=361
num_leaves=7
num_cat=0
split_feature=41 48 35 46 42 41
split_gain=12.7856 23.7816 33.3731 24.6869 10.1881 44.1937
threshold=0.037319369614124305 -1.1748647093772886 -0.07327846065163611 0.93777194619178783 0.09072203561663629 0.093731001019477858
decision_type=2 2 2 2 2 2
left_child=1 -1 3 -3 5 -2
right_child=4 2 -4 -5 -6 -7
leaf_value=9.3803899504904043e-05 -2.5278232682231228e-07 0.00028618058244241751 -0.00020478194387167962 -6.0897012874252225e-05 -2.4833833123934398e-05 0.00020920871328937454
leaf_weight=71 13504 51 138 74 5930 583
leaf_count=71 13504 51 138 74 5930 583
internal_value=-0.000268962 -0.00995575 -0.0168843 0.00173077 -0.000161073 0.000569472
internal_weight=20351 334 263 125 20017 14087
internal_count=20351 334 263 125 20017 14087
is_linear=0
shrinkage=0.05


Tree=362
num_leaves=7
num_cat=0
split_feature=35 51 45 39 6 48
split_gain=12.5558 34.3005 46.8884 26.4469 24.868 28.4022
threshold=0.50058910250663768 -0.019737044349312779 0.080019384622573866 -0.063188947737216936 0.91589739918708812 -0.30578617751598353
decision_type=2 10 2 2 2 2
left_child=-1 3 -3 -2 5 -5
right_child=1 2 -4 4 -6 -7
leaf_value=-8.7675776920121394e-06 -0.00027242943990047751 -0.00030289683472439175 0.00020343565960882225 5.1029999987973903e-06 -0.00010854683102730517 0.00019092284898174612
leaf_weight=17513 50 357 92 768 167 1197
leaf_count=17513 50 357 92 768 167 1197
internal_value=-0.000301504 0.00296851 -0.00952643 0.00556699 0.00644595 0.00803299
internal_weight=20144 2631 449 2182 2132 1965
internal_count=20144 2631 449 2182 2132 1965
is_linear=0
shrinkage=0.05


Tree=363
num_leaves=7
num_cat=0
split_feature=47 22 24 13 16 45
split_gain=13.5068 32.962 36.9686 36.3484 32.9392 33.3939
threshold=0.88931936025619518 0.67499998211860668 0.031621934846043594 0.035957282409071929 0.82500001788139354 0.073220491409301772
decision_type=2 2 2 2 2 2
left_child=-1 2 3 -2 5 -3
right_child=1 4 -4 -5 -6 -7
leaf_value=1.5783317874393201e-05 3.7983293874386338e-05 0.0005439634768619983 -6.2042889359697811e-05 -0.00059263945979593684 4.6111342500505109e-05 -0.00014067872511760142
leaf_weight=8904 5463 93 1446 53 1084 3309
leaf_count=8904 5463 93 1446 53 1084 3309
internal_value=-0.000332809 -0.00130752 0.000843261 0.00271237 -0.00464819 -0.00706633
internal_weight=20352 11448 6962 5516 4486 3402
internal_count=20352 11448 6962 5516 4486 3402
is_linear=0
shrinkage=0.05


Tree=364
num_leaves=7
num_cat=0
split_feature=36 42 36 3 26 1
split_gain=11.3135 42.4332 29.7294 29.1974 52.099 30.0795
threshold=-0.89702075719833363 0.097179949283599867 -0.81874778866767872 0.0077297841198742398 0.022723589092493061 0.025641730055212978
decision_type=2 2 2 2 2 2
left_child=1 -1 3 -2 5 -5
right_child=2 -3 -4 4 -6 -7
leaf_value=-0.0001499111850158056 0.00026582285980473704 0.00012219492272219894 -4.8859627577247068e-06 0.00042455087937678417 -0.00029439263424556068 -6.7778665424412214e-05
leaf_weight=1137 684 512 17200 275 181 192
leaf_count=1137 684 512 17200 275 181 192
internal_value=-0.000434707 -0.00418682 0.000128122 0.00731114 -0.000267994 0.00852754
internal_weight=20181 1649 18532 1332 648 467
internal_count=20181 1649 18532 1332 648 467
is_linear=0
shrinkage=0.05


Tree=365
num_leaves=7
num_cat=0
split_feature=42 36 0 46 19 47
split_gain=10.9241 23.3209 30.2345 19.988 23.1447 21.3454
threshold=0.051280364394187934 0.45939175784587866 0.014541732147336008 0.95268628001213085 0.57500001788139354 0.90140882134437572
decision_type=2 2 2 2 2 2
left_child=1 3 -3 4 -1 -6
right_child=-2 2 -4 -5 5 -7
leaf_value=6.0205182033339903e-05 -4.5405435059871802e-06 0.00052981056443375584 -0.00040230632546497724 -9.9115289605703285e-05 -0.00023139877373055818 4.2358304226831739e-05
leaf_weight=335 19067 130 61 642 89 57
leaf_count=335 19067 130 61 642 89 57
internal_value=-0.000445158 -0.00506065 0.0108418 -0.00782358 -5.14403e-05 -0.0163907
internal_weight=20381 1314 191 1123 481 146
internal_count=20381 1314 191 1123 481 146
is_linear=0
shrinkage=0.05


Tree=366
num_leaves=7
num_cat=0
split_feature=55 44 6 38 38 36
split_gain=10.6208 17.0937 17.8961 15.0064 13.6313 9.7863
threshold=103671939.45312501 0.12269479408860208 0.65415433049201976 0.012309764977544548 -0.010869894642382858 0.58809426426887523
decision_type=10 2 2 2 2 2
left_child=5 3 -3 4 -2 -1
right_child=1 2 -4 -5 -6 -7
leaf_value=-6.2942424559956391e-06 8.0221804965060174e-05 0.00022510027253852712 -0.00017843979086902578 -1.6889180540052645e-05 0.00033916194545760255 3.0299829489663238e-05
leaf_weight=16724 62 54 108 53 112 3100
leaf_count=16724 62 54 108 53 112 3100
internal_value=-0.000325205 0.00818528 -0.00404192 0.0169181 0.0238827 -0.000104645
internal_weight=20213 389 162 227 174 19824
internal_count=20213 389 162 227 174 19824
is_linear=0
shrinkage=0.05


Tree=367
num_leaves=7
num_cat=0
split_feature=30 42 53 55 50 6
split_gain=10.9833 21.575 19.5292 18.9804 26.8013 28.7581
threshold=59.458459854125984 0.11680311709642412 -0.53613862395286549 17468.535156250004 0.89412730932235729 0.80750122666358959
decision_type=2 2 8 10 2 2
left_child=3 2 -2 4 5 -1
right_child=1 -3 -4 -5 -6 -7
leaf_value=-4.3581752749441291e-06 -0.00027291751461525396 -0.00023376363722156957 -6.9646516673063308e-06 5.5600123067429778e-05 6.8262339768843775e-05 -0.00013258387148410586
leaf_weight=9980 81 496 5288 1914 1675 791
leaf_count=9980 81 496 5288 1914 1675 791
internal_value=-0.000275581 -0.00199744 -0.00106531 0.000569092 -0.000142559 -0.00106023
internal_weight=20225 5865 5369 14360 12446 10771
internal_count=20225 5865 5369 14360 12446 10771
is_linear=0
shrinkage=0.05


Tree=368
num_leaves=7
num_cat=0
split_feature=2 7 47 12 50 38
split_gain=10.1639 28.1432 15.0285 81.1084 12.1164 29.0763
threshold=0.015268787741661074 0.78196009993553173 1.6064773201942446 0.0071639819070696839 1.1949365139007571 0.0018368759774602952
decision_type=2 2 2 2 2 2
left_child=2 -2 4 -4 -1 -6
right_child=1 -3 3 -5 5 -7
leaf_value=-1.0948560390232906e-05 5.8318391962654526e-06 -0.00054342781066510045 0.00087617922290604555 -0.00017317578012643887 -4.4085378049019526e-06 0.00011438549743078581
leaf_weight=16990 238 86 108 100 1891 855
leaf_count=16990 238 86 108 100 1891 855
internal_value=-0.000314458 -0.00904255 -0.000179207 0.0130282 -0.000322932 0.00275354
internal_weight=20268 324 19944 208 19736 2746
internal_count=20268 324 19944 208 19736 2746
is_linear=0
shrinkage=0.05


Tree=369
num_leaves=7
num_cat=0
split_feature=10 39 1 39 48 39
split_gain=10.1495 22.5945 20.7612 27.8524 41.4963 35.9657
threshold=0.0050684751477092513 0.046332066878676421 -0.020845327526330944 -0.031941007822751992 0.30109833180904394 0.019058899022638801
decision_type=2 2 2 2 2 2
left_child=2 -2 -1 4 -4 -5
right_child=1 -3 3 5 -6 -7
leaf_value=-0.00013174232051657646 1.7470664564952273e-05 -0.00018457563803744547 -1.4764447177809115e-05 -4.9120427206334351e-05 0.00031505163757765533 5.4031192228830427e-05
leaf_weight=1766 9216 249 577 6043 435 1961
leaf_count=1766 9216 249 577 6043 435 1961
internal_value=-0.000250593 0.000826294 -0.00141606 -0.000440639 0.00735005 -0.00143276
internal_weight=20247 9465 10782 9016 1012 8004
internal_count=20247 9465 10782 9016 1012 8004
is_linear=0
shrinkage=0.05


Tree=370
num_leaves=7
num_cat=0
split_feature=58 6 45 48 35 36
split_gain=10.3776 23.2027 24.4294 22.4648 26.0857 26.754
threshold=0.00013712033978663388 0.91589739918708812 0.10786850005388261 0.52810171246528637 -0.80319997668266285 -0.1602501645684242
decision_type=8 2 2 2 2 2
left_child=1 2 3 -1 -5 -6
right_child=-2 -3 -4 4 5 -7
leaf_value=0.00017547117494365449 -8.9856851749205707e-06 -0.00010536556435458911 -0.00016975514686784704 -0.00033119869600991257 0.00019417994953901886 -5.158220547071135e-05
leaf_weight=1025 17843 363 144 51 340 462
leaf_count=1025 17843 363 144 51 340 462
internal_value=-0.000221173 0.00277197 0.00487173 0.00641264 0.000378788 0.00269517
internal_weight=20228 2385 2022 1878 853 802
internal_count=20228 2385 2022 1878 853 802
is_linear=0
shrinkage=0.05


Tree=371
num_leaves=7
num_cat=0
split_feature=55 13 16 26 36 46
split_gain=12.4832 18.8232 12.4678 22.3197 26.9264 37.0955
threshold=103671939.45312501 0.019721240736544136 0.12500000372529033 -0.045557240024209016 0.13451419770717624 0.79977598786354076
decision_type=10 2 2 2 2 2
left_child=2 -2 -1 4 5 -4
right_child=1 -3 3 -5 -6 -7
leaf_value=-6.1489773012294617e-05 0.00016417533876821034 -2.7304112249615129e-05 0.00029514876526152062 -1.223270073939513e-05 0.00017297980548532595 -2.0509836113171083e-05
leaf_weight=2010 262 135 273 14613 842 2218
leaf_count=2010 262 135 273 14613 842 2218
internal_value=-0.000327881 0.00827114 -0.000624969 -0.000204724 0.00348262 0.000851362
internal_weight=20353 397 19956 17946 3333 2491
internal_count=20353 397 19956 17946 3333 2491
is_linear=0
shrinkage=0.05


Tree=372
num_leaves=7
num_cat=0
split_feature=21 51 6 38 43 12
split_gain=9.67972 23.187 38.2987 29.2028 26.5258 30.5697
threshold=0.47499999403953558 -0.024624063633382317 0.80750122666358959 -0.013122520409524439 0.095664691179990782 0.085698910057544722
decision_type=2 10 2 2 2 2
left_child=-1 4 3 -3 -2 -6
right_child=1 2 -4 -5 5 -7
leaf_value=6.061471216004768e-06 -6.7369626102819477e-05 -3.5059942238752236e-05 -7.9407946049718308e-05 0.00031175060730845316 4.0657387119620323e-05 -0.00040709890745710897
leaf_weight=9145 7111 269 522 587 2625 77
leaf_count=9145 7111 269 522 587 2625 77
internal_value=-0.000288826 -0.00166354 0.00439262 0.0108885 -0.00251833 0.00169006
internal_weight=20336 11191 1378 856 9813 2702
internal_count=20336 11191 1378 856 9813 2702
is_linear=0
shrinkage=0.05


Tree=373
num_leaves=7
num_cat=0
split_feature=50 53 47 48 2 38
split_gain=11.2043 33.4326 31.8139 25.9661 24.6512 26.3938
threshold=0.89412730932235729 -0.19345973432064054 0.8351692557334901 2.2894630432128911 0.0061435166280716666 -0.013122520409524439
decision_type=2 10 2 2 2 2
left_child=3 4 -3 -1 5 -2
right_child=1 2 -4 -5 -6 -7
leaf_value=-1.5188080186579801e-05 -4.6037722011448099e-05 7.6190711686168941e-05 -0.0002772430431508756 -0.00033377061102014285 4.9917565523495935e-06 0.00012062864262941088
leaf_weight=15983 190 157 331 168 2526 957
leaf_count=15983 190 157 331 168 2526 957
internal_value=-0.000254713 0.00151824 -0.0106998 -0.00138803 0.00316069 0.00922309
internal_weight=20312 4161 488 16151 3673 1147
internal_count=20312 4161 488 16151 3673 1147
is_linear=0
shrinkage=0.05


Tree=374
num_leaves=7
num_cat=0
split_feature=50 39 38 16 39 10
split_gain=11.2444 17.0286 16.2986 12.9765 10.3359 29.8256
threshold=2.4966553449630742 -0.040717471390962594 -0.0065170552115887395 0.92499998211860668 -0.047327388077974313 -0.032545953989028924
decision_type=2 2 2 2 2 2
left_child=4 -2 -3 -4 5 -1
right_child=1 2 3 -5 -6 -7
leaf_value=0.00016152348161066016 0.00039110452850806389 -0.00030059545809420121 0.00023139714188541587 -0.00013672382550117287 -4.4754890550064827e-06 -0.00012090063017726558
leaf_weight=155 80 69 109 72 18743 1111
leaf_count=155 80 69 109 72 18743 1111
internal_value=-0.000333022 0.00858209 0.00186275 0.00981183 -0.000650794 -0.00501574
internal_weight=20339 330 250 181 20009 1266
internal_count=20339 330 250 181 20009 1266
is_linear=0
shrinkage=0.05


Tree=375
num_leaves=7
num_cat=0
split_feature=48 44 35 22 44 41
split_gain=11.9975 29.6813 24.5552 21.4968 33.479 24.8186
threshold=-1.7011268138885496 0.1199503429234028 -0.70922809839248646 0.32500000298023229 0.092282868921756758 0.060182958841323859
decision_type=2 2 2 2 2 2
left_child=1 2 -1 5 -5 -4
right_child=-2 -3 3 4 -6 -7
leaf_value=-9.2876502527761452e-05 -1.0641430040231759e-05 0.00044771901176808478 7.3742106979503625e-05 0.00027285667075546905 -2.7648969076322094e-05 -0.00018574722575912179
leaf_weight=433 18680 73 263 451 277 152
leaf_count=433 18680 73 263 451 277 152
internal_value=-0.000328268 0.00352177 0.00200822 0.00585801 0.0110164 -0.00315476
internal_weight=20329 1649 1576 1143 728 415
internal_count=20329 1649 1576 1143 728 415
is_linear=0
shrinkage=0.05


Tree=376
num_leaves=7
num_cat=0
split_feature=10 41 17 45 44 36
split_gain=10.8885 23.2739 42.1375 25.9518 33.461 23.082
threshold=0.007540950784459711 0.047924621030688293 0.57500001788139354 0.056540835648775108 0.066032189875841155 -0.28779996931552881
decision_type=2 2 2 2 2 2
left_child=-1 2 5 4 -3 -2
right_child=1 3 -4 -5 -6 -7
leaf_value=-1.8232741163049683e-05 0.00033848279290842422 5.0393292895289047e-05 -0.00031136446097154713 6.9088390428922838e-06 0.00047802176059248588 -2.8935562469945518e-05
leaf_weight=11111 70 619 249 7842 178 222
leaf_count=11111 70 619 249 7842 178 222
internal_value=-0.000402789 0.00080294 -0.0092033 0.00143741 0.0100062 0.00361953
internal_weight=20291 9180 541 8639 797 292
internal_count=20291 9180 541 8639 797 292
is_linear=0
shrinkage=0.05


Tree=377
num_leaves=7
num_cat=0
split_feature=52 3 42 24 35 3
split_gain=10.364 37.9565 41.3959 46.3402 44.7988 40.0591
threshold=-0.00024395361833740023 0.009009254630655052 0.080596465617418303 0.016239897347986702 0.059632120653986938 0.0071950946003198632
decision_type=10 2 2 2 2 2
left_child=-1 2 4 -4 5 -2
right_child=1 -3 3 -5 -6 -7
leaf_value=-1.0454118272687127e-05 0.00024238382800759168 -0.00013433044993687028 0.00050073317241227375 2.6200504290792799e-05 -8.9635673796769225e-05 -4.6382735534786321e-05
leaf_weight=17115 312 624 520 595 772 282
leaf_count=17115 312 624 520 595 772 282
internal_value=-0.000325093 0.00225884 0.00503821 0.0121652 -0.000784099 0.00947412
internal_weight=20220 3105 2481 1115 1366 594
internal_count=20220 3105 2481 1115 1366 594
is_linear=0
shrinkage=0.05


Tree=378
num_leaves=7
num_cat=0
split_feature=37 35 41 47 12 39
split_gain=9.86457 14.4539 23.6041 22.9517 19.1305 15.6742
threshold=-0.0010800358140841124 0.55707865953445446 0.057159185409545905 1.0340902209281924 -0.003088722587563097 0.030359712429344658
decision_type=2 2 2 2 2 2
left_child=1 5 -3 -4 -5 -1
right_child=-2 2 3 4 -6 -7
leaf_value=-2.4213537949051563e-05 5.2446304401176411e-06 0.00029105471514861389 -5.4773943181764948e-05 0.0003943901640205576 1.0067308606398137e-05 -0.00010174860896894388
leaf_weight=6164 12621 140 567 76 82 506
leaf_count=6164 12621 140 567 76 82 506
internal_value=-0.000370765 -0.0018866 0.00416667 0.000445205 0.0170245 -0.0026779
internal_weight=20156 7535 865 725 158 6670
internal_count=20156 7535 865 725 158 6670
is_linear=0
shrinkage=0.05


Tree=379
num_leaves=7
num_cat=0
split_feature=0 55 52 12 52 45
split_gain=11.5214 33.1195 26.2343 22.6949 21.6609 50.1706
threshold=-0.048720020800828927 8.3993420600891131 -0.00015812831406947223 0.054679805412888534 -0.00024395361833740023 0.10417580977082254
decision_type=2 8 10 2 10 2
left_child=1 -1 -3 4 -2 -6
right_child=3 2 -4 -5 5 -7
leaf_value=0.00044559374696211557 -1.3554425621406649e-05 4.4084060908707582e-05 -0.00020470769871152119 -9.6350698125812758e-05 5.9024364761031766e-05 -0.00029088166854597384
leaf_weight=111 15251 1023 199 1209 2396 174
leaf_count=111 15251 1023 199 1209 2396 174
internal_value=-0.000303172 0.00397982 0.00152812 -0.00081823 -0.000366038 0.00387379
internal_weight=20363 1333 1222 19030 17821 2570
internal_count=20363 1333 1222 19030 17821 2570
is_linear=0
shrinkage=0.05


Tree=380
num_leaves=7
num_cat=0
split_feature=55 42 38 6 39 16
split_gain=9.52752 19.6768 18.4019 13.4412 13.7545 9.8371
threshold=103671939.45312501 0.099102441221475615 0.0012509313528425994 0.67089557647705089 0.0025140162324532871 0.92499998211860668
decision_type=10 2 2 2 2 2
left_child=5 2 -2 -3 -5 -1
right_child=1 3 -4 4 -6 -7
leaf_value=-1.0560488226834522e-05 0.00023628047319289294 0.0003170871099291461 -4.6892232601132614e-05 -0.00048808479286341583 1.0334878588748168e-05 2.8778098359976476e-05
leaf_weight=17933 167 53 66 52 65 1965
leaf_count=17933 167 53 66 52 65 1965
internal_value=-0.000323796 0.00716912 0.0164916 -0.00557143 -0.014959 -0.0005464
internal_weight=20301 403 233 170 117 19898
internal_count=20301 403 233 170 117 19898
is_linear=0
shrinkage=0.05


Tree=381
num_leaves=7
num_cat=0
split_feature=35 6 44 48 47 47
split_gain=13.1387 29.7776 35.2795 32.4949 52.2806 39.3587
threshold=0.50058910250663768 0.85487136244773876 0.058078350499272353 -0.1231584958732128 1.0444162487983706 1.6064773201942446
decision_type=2 2 2 2 2 2
left_child=-1 3 -3 4 -2 -5
right_child=1 2 -4 5 -6 -7
leaf_value=-1.1464201265667832e-05 -6.3927840878486104e-05 0.00030966932412604045 -0.0001636560521655659 0.00020881335625809756 0.00023101550351624467 -0.00036266532523168937
leaf_weight=17735 1014 62 241 1090 151 78
leaf_count=17735 1014 62 241 1090 151 78
internal_value=-0.000317776 0.00283037 -0.0117695 0.00475834 -0.00113248 0.0106351
internal_weight=20371 2636 303 2333 1165 1168
internal_count=20371 2636 303 2333 1165 1168
is_linear=0
shrinkage=0.05


Tree=382
num_leaves=7
num_cat=0
split_feature=42 38 36 35 2 40
split_gain=11.4841 26.4563 20.5478 27.5145 18.1529 16.3134
threshold=0.051280364394187934 0.019761793315410617 0.45939175784587866 0.47254224121570593 0.0036746505647897725 0.035735420882701881
decision_type=2 2 2 2 2 2
left_child=1 2 4 -4 5 -1
right_child=-2 -3 3 -5 -6 -7
leaf_value=0.00014429383433471507 -1.4906504682585514e-06 -0.00024568397576229319 -0.00031894987212945233 0.00057644553747437086 -6.0632082891633883e-05 -5.0448973841864254e-05
leaf_weight=211 18982 111 71 108 770 62
leaf_count=211 18982 111 71 108 770 62
internal_value=-0.00031373 -0.00495142 -0.00275061 0.0126359 -0.00546279 0.00548561
internal_weight=20315 1333 1222 179 1043 273
internal_count=20315 1333 1222 179 1043 273
is_linear=0
shrinkage=0.05


Tree=383
num_leaves=7
num_cat=0
split_feature=48 24 55 35 44 42
split_gain=9.94967 38.8899 50.3782 36.3241 41.4001 33.4674
threshold=0.12284665927290918 0.024644573219120506 8.3993420600891131 0.28862620890140539 0.12269479408860208 0.13215437531471255
decision_type=2 2 8 2 2 2
left_child=1 2 -1 4 -4 -2
right_child=5 -3 3 -5 -6 -7
leaf_value=0.00040216639585229227 1.9533576767860866e-05 -0.00020713715221457442 -1.0493592173295083e-06 -7.7637169899513473e-05 0.00039851439326848385 -0.00014366608701220587
leaf_weight=209 9087 685 7214 2323 308 502
leaf_count=209 9087 685 7214 2323 308 502
internal_value=-0.00033812 -0.00130538 -0.000514465 -0.00103807 0.000647668 0.000909423
internal_weight=20328 10739 10054 9845 7522 9589
internal_count=20328 10739 10054 9845 7522 9589
is_linear=0
shrinkage=0.05


Tree=384
num_leaves=7
num_cat=0
split_feature=51 51 4 21 36 36
split_gain=12.8831 18.032 20.3464 17.8289 14.9979 14.6569
threshold=1.0043641328811648 2.9737079143524174 0.78627648949623119 0.37500000000000006 0.37925906479358679 0.66634088754653942
decision_type=10 8 2 2 2 2
left_child=-1 3 -3 -2 -5 -6
right_child=1 2 -4 4 5 -7
leaf_value=-8.6724869233932796e-06 -9.7607474780583503e-05 -0.00010556553412580765 9.459077062369615e-05 6.7626460806155487e-06 0.00049306365585658927 9.4915776257530042e-06
leaf_weight=19698 74 142 60 86 180 59
leaf_count=19698 74 142 60 86 180 59
internal_value=-0.000289352 0.00680693 -0.00519324 0.0129332 0.0179545 0.0242828
internal_weight=20299 601 202 399 325 239
internal_count=20299 601 202 399 325 239
is_linear=0
shrinkage=0.05


Tree=385
num_leaves=7
num_cat=0
split_feature=0 22 9 6 9 44
split_gain=10.7482 21.2975 15.575 10.1187 22.0717 27.0228
threshold=-0.07333084940910338 0.92499998211860668 -0.021287126466631886 0.97949254512786876 -0.0025429846718907352 0.067779384553432478
decision_type=2 2 2 2 2 2
left_child=1 2 -1 4 -2 -6
right_child=3 -3 -4 -5 5 -7
leaf_value=0.00014734825538847618 -7.2676840396370367e-06 0.00034207618096856204 -0.0001281167283792585 -6.3982536873379803e-05 -7.8589740042871333e-05 0.00023989986605851607
leaf_weight=91 17864 137 105 1086 292 783
leaf_count=91 17864 137 105 1086 292 783
internal_value=-0.000273781 0.00865385 -0.00186567 -0.000335746 -6.46643e-05 0.006875
internal_weight=20358 333 196 20025 18939 1075
internal_count=20358 333 196 20025 18939 1075
is_linear=0
shrinkage=0.05


Tree=386
num_leaves=7
num_cat=0
split_feature=10 3 27 48 44 13
split_gain=12.5546 24.4827 25.8225 33.0417 46.5014 26.2952
threshold=0.0050684751477092513 0.01446635276079178 -0.0099514732137322408 -0.60077959299087513 0.12269479408860208 0.013625164516270162
decision_type=2 2 2 2 2 2
left_child=-1 2 -2 4 5 -4
right_child=1 -3 3 -5 -6 -7
leaf_value=-1.3568480025326781e-05 7.736083532728532e-05 -0.00040561420600921782 -0.00015175998062103761 2.0096189752213635e-05 0.00069318962416359026 -0.00059093270558752413
leaf_weight=10818 2670 74 1088 5284 59 238
leaf_count=10818 2670 74 1088 5284 59 238
internal_value=-0.000329858 0.00143608 0.0016722 3.74588e-06 -0.00685252 -0.00884673
internal_weight=20231 9413 9339 6669 1385 1326
internal_count=20231 9413 9339 6669 1385 1326
is_linear=0
shrinkage=0.05


Tree=387
num_leaves=7
num_cat=0
split_feature=50 53 42 2 42 38
split_gain=9.98234 33.7856 37.2807 24.033 33.1057 27.1488
threshold=0.89412730932235729 -0.19345973432064054 0.095093466341495528 0.0062280441634356984 0.06538583338260652 -0.013122520409524439
decision_type=2 10 2 2 2 2
left_child=-1 3 -3 5 -5 -2
right_child=1 2 -4 4 -6 -7
leaf_value=-1.0997854090499236e-05 -4.1427092291333343e-05 -0.00025161401922938956 0.0003791024281197394 -0.00037768706692132501 2.7521512381632704e-05 0.00014052920831707561
leaf_weight=16045 199 366 128 166 2313 964
leaf_count=16045 199 366 128 166 2313 964
internal_value=-0.000266274 0.00202246 -0.0101703 0.00369482 0.000895733 0.00961045
internal_weight=20181 4136 494 3642 2479 1163
internal_count=20181 4136 494 3642 2479 1163
is_linear=0
shrinkage=0.05


Tree=388
num_leaves=7
num_cat=0
split_feature=0 45 40 47 52 1
split_gain=11.6028 13.1678 12.2522 13.5682 12.0839 11.8873
threshold=-0.07333084940910338 0.095853723585605635 0.11202748492360116 0.82829710841178905 -0.28371006250381464 0.025641730055212978
decision_type=2 2 2 2 8 2
left_child=1 -1 3 -3 -2 -6
right_child=4 2 -4 -5 5 -7
leaf_value=-0.00016186610742499204 -0.00023098253114413108 3.5316331207363095e-05 -4.8083757505160141e-09 0.00046674442187291752 5.5690052249368632e-06 -4.3223660031508509e-05
leaf_weight=53 122 78 94 103 15930 3963
leaf_count=53 122 78 94 103 15930 3963
internal_value=-0.000264154 0.00923423 0.0136607 0.0211022 -0.000176074 -7.66409e-05
internal_weight=20343 328 275 181 20015 19893
internal_count=20343 328 275 181 20015 19893
is_linear=0
shrinkage=0.05


Tree=389
num_leaves=7
num_cat=0
split_feature=47 23 12 27 35 11
split_gain=9.33999 20.4403 22.5688 38.1815 27.6462 27.9126
threshold=1.0803250670433047 -0.0021625873632729049 0.011514537502080204 0.031757071614265449 -0.40105712413787836 0.010191790759563448
decision_type=2 2 2 2 2 2
left_child=-1 -2 3 4 -3 -6
right_child=1 2 -4 -5 5 -7
leaf_value=-8.8202601938598477e-06 9.1530679422580899e-05 -0.00014431335042266717 -9.8664194148602674e-05 0.00034297964078337936 6.2698061663955223e-06 0.00037147303455788996
leaf_weight=17377 1197 412 571 133 477 141
leaf_count=17377 1197 412 571 133 477 141
internal_value=-0.000328607 0.00249489 -0.000963197 0.00301798 -0.0002657 0.00638042
internal_weight=20308 2931 1734 1163 1030 618
internal_count=20308 2931 1734 1163 1030 618
is_linear=0
shrinkage=0.05


Tree=390
num_leaves=7
num_cat=0
split_feature=52 51 6 10 28 27
split_gain=8.08038 10.7038 18.6564 12.8851 8.01468 18.5704
threshold=-0.28371006250381464 -1.926635146141052 0.52383783459663402 0.034325225278735168 -0.0046457333955913773 -0.050732770934700959
decision_type=8 8 2 2 2 2
left_child=-1 2 3 -2 -3 -6
right_child=1 4 -4 -5 5 -7
leaf_value=-0.00011528003752829617 0.00053930767839943661 1.6655068739210645e-05 -0.00014031543712974331 8.3409004627555026e-05 -0.00020109659351359306 -6.8137859512465343e-06
leaf_weight=134 64 5960 50 58 234 13713
leaf_count=134 64 5960 50 58 234 13713
internal_value=-0.000315313 4.60566e-05 0.0122881 0.0226378 -6.15207e-05 -0.000718535
internal_weight=20213 20079 172 122 19907 13947
internal_count=20213 20079 172 122 19907 13947
is_linear=0
shrinkage=0.05


Tree=391
num_leaves=7
num_cat=0
split_feature=7 22 44 22 47 0
split_gain=8.17798 18.718 25.5449 21.2556 16.7421 21.7711
threshold=0.032376876100897796 0.67499998211860668 0.10955653339624406 0.77500000596046459 0.84851434826850902 0.019917164929211143
decision_type=2 2 2 2 2 2
left_child=1 -1 4 -4 -3 -6
right_child=-2 2 3 -5 5 -7
leaf_value=7.2438881033225555e-05 -4.790039247929437e-06 -0.00097387391931657544 -0.00015064631887058266 0.00031179704704918198 -0.00026033415618706841 0.00010829394741308946
leaf_weight=1953 17269 61 78 199 518 138
leaf_count=1953 17269 61 78 199 518 138
internal_value=-0.000315266 0.00248137 -0.00307808 0.00966312 -0.00806787 -0.00555976
internal_weight=20216 2947 994 277 717 656
internal_count=20216 2947 994 277 717 656
is_linear=0
shrinkage=0.05


Tree=392
num_leaves=7
num_cat=0
split_feature=15 51 24 15 39 4
split_gain=14.8187 36.0283 30.4624 26.0961 26.0314 39.9115
threshold=0.37500000000000006 0.042507372796535499 -0.016239887103438374 0.12500000372529033 0.019058899022638801 0.41540768742561346
decision_type=2 8 2 2 2 2
left_child=1 3 -2 -1 -3 -6
right_child=2 4 -4 -5 5 -7
leaf_value=0.00040500557122775499 0.00012450848821814661 -6.689864167047501e-05 3.0120658933794104e-06 3.4568054730082891e-05 9.911242819708377e-05 -0.00024639746908183471
leaf_weight=197 1314 4898 11894 583 1168 253
leaf_count=197 1314 4898 11894 583 1168 253
internal_value=-0.000294161 -0.00172086 0.00111065 0.0083758 -0.00297676 0.00296283
internal_weight=20307 7099 13208 780 6319 1421
internal_count=20307 7099 13208 780 6319 1421
is_linear=0
shrinkage=0.05


Tree=393
num_leaves=7
num_cat=0
split_feature=10 42 41 35 46 41
split_gain=12.8025 18.7814 59.3088 38.7847 42.7472 34.7856
threshold=0.0025533535517752175 0.078885596245527281 0.062699493020772948 -0.5285360813140868 0.98768141865730297 0.073010884225368514
decision_type=2 2 2 2 2 2
left_child=1 3 -3 4 -1 -5
right_child=-2 2 -4 5 -6 -7
leaf_value=2.0902073261564442e-05 1.3153442973521052e-05 -0.00052828980488452127 -3.9777713953706961e-05 6.319256433784209e-06 -0.00031400695478231617 0.00030055743308768292
leaf_weight=443 9815 184 4974 3815 407 635
leaf_count=443 9815 184 4974 3815 407 635
internal_value=-0.000329174 -0.00143123 -0.00357835 0.000655042 -0.00909357 0.00253086
internal_weight=20273 10458 5158 5300 850 4450
internal_count=20273 10458 5158 5300 850 4450
is_linear=0
shrinkage=0.05


Tree=394
num_leaves=7
num_cat=0
split_feature=55 6 44 1 53 0
split_gain=11.5632 20.5147 17.206 16.3529 10.8365 10.4071
threshold=103671939.45312501 0.54039353132247936 0.10955653339624406 -0.056459300220012658 -0.15549609810113904 -0.07333084940910338
decision_type=10 2 2 2 10 2
left_child=5 -2 4 -4 -3 -1
right_child=1 2 3 -5 -6 -7
leaf_value=9.3405664025469394e-05 0.00077938450017524751 0.00026154919059550013 0.00018973209595243433 -0.00013000009353043631 2.2731998633303176e-06 -9.4520557753309212e-06
leaf_weight=299 51 83 62 141 60 19651
leaf_count=299 51 83 62 141 60 19651
internal_value=-0.000229707 0.00802239 0.00334758 -0.00588942 0.0163851 -0.000539965
internal_weight=20347 397 346 203 143 19950
internal_count=20347 397 346 203 143 19950
is_linear=0
shrinkage=0.05


Tree=395
num_leaves=7
num_cat=0
split_feature=15 35 13 1 22 36
split_gain=10.3491 25.0447 32.3696 29.7882 28.7477 27.0729
threshold=0.37500000000000006 0.55707865953445446 0.014671837445348503 -0.056459300220012658 0.67499998211860668 0.51428690552711498
decision_type=2 2 2 2 2 2
left_child=-1 -2 3 4 -3 -5
right_child=1 2 -4 5 -6 -7
leaf_value=-2.8366025009087472e-05 -5.3286159904873682e-06 -0.00055311996976537112 -7.0631299614571687e-05 -0.00010412449908701752 0.00013950341741152399 0.0002005672210623255
leaf_weight=7083 11825 64 244 138 68 845
leaf_count=7083 11825 64 244 138 68 845
internal_value=-0.000388467 0.00034688 0.0067632 0.0103795 -0.0114964 0.0133856
internal_weight=20267 13184 1359 1115 132 983
internal_count=20267 13184 1359 1115 132 983
is_linear=0
shrinkage=0.05


Tree=396
num_leaves=7
num_cat=0
split_feature=8 46 47 26 39 42
split_gain=12.1419 20.3434 26.4955 34.7633 36.1656 25.5308
threshold=0.66649937629699718 1.0752027630805971 0.88931936025619518 -0.051713421940803521 -0.040717471390962594 0.13215437531471255
decision_type=2 2 2 2 2 2
left_child=-1 2 5 -4 -5 -2
right_child=1 -3 3 4 -6 -7
leaf_value=-1.711652795469247e-05 6.3897411623647468e-05 7.2809823942259635e-05 0.00031218929456057449 0.00011778468544737541 -9.1901575761671643e-05 -0.00023956913245743017
leaf_weight=12847 2859 1349 211 330 2339 234
leaf_count=12847 2859 1349 211 330 2339 234
internal_value=-0.000246605 0.00127951 2.091e-05 -0.00342288 -0.00498317 0.00323596
internal_weight=20169 7322 5973 2880 2669 3093
internal_count=20169 7322 5973 2880 2669 3093
is_linear=0
shrinkage=0.05


Tree=397
num_leaves=7
num_cat=0
split_feature=16 40 3 36 36 52
split_gain=9.61185 19.5684 28.8532 38.5647 28.56 22.7857
threshold=0.12500000372529033 0.065176669508218779 0.0091331433504819887 -0.070878624916076646 0.42216032743453985 -0.00012850970233557743
decision_type=2 2 2 2 2 10
left_child=1 -1 5 -4 -5 -3
right_child=-2 2 3 4 -6 -7
leaf_value=3.6574339260053277e-05 1.7209695415168176e-07 -0.00021356132319764402 0.00037414925490224693 -0.0003637884276949633 9.7771965499502636e-05 9.9370640992207289e-05
leaf_weight=692 18369 784 212 94 79 135
leaf_count=692 18369 784 212 94 79 135
internal_value=-0.00031296 -0.00363568 -0.00723835 0.00416667 -0.0130618 -0.01204
internal_weight=20365 1996 1304 385 173 919
internal_count=20365 1996 1304 385 173 919
is_linear=0
shrinkage=0.05


Tree=398
num_leaves=7
num_cat=0
split_feature=10 39 44 41 17 16
split_gain=13.1973 28.1146 23.311 22.5684 39.0828 23.2333
threshold=0.007540950784459711 0.046332066878676421 0.075554665178060545 0.047924621030688293 0.57500001788139354 0.57500001788139354
decision_type=2 2 2 2 2 2
left_child=-1 3 -3 4 5 -2
right_child=1 2 -4 -5 -6 -7
leaf_value=-1.8127685526433198e-05 0.00014254756967718805 4.6097378981508681e-05 -0.00047333503300768054 2.782433093926752e-05 -0.00029449204256323368 -0.00015941626308797922
leaf_weight=11153 224 103 136 8387 235 76
leaf_count=11153 224 103 136 8387 235 76
internal_value=-0.00029406 0.00106099 -0.0156762 0.00152067 -0.00837963 0.00352459
internal_weight=20314 9161 239 8922 535 300
internal_count=20314 9161 239 8922 535 300
is_linear=0
shrinkage=0.05


Tree=399
num_leaves=7
num_cat=0
split_feature=44 15 38 36 6 10
split_gain=14.1475 31.9007 13.4555 11.2539 10.3294 24.9309
threshold=0.045934742316603668 0.32500000298023229 0.0029005032265558843 -0.1602501645684242 0.97949254512786876 0.093613974750041976
decision_type=2 2 2 2 2 2
left_child=1 3 -3 -1 -2 -6
right_child=4 2 -4 -5 5 -7
leaf_value=-0.00027273024442689474 3.2278345793404281e-06 0.0001388560983875551 -4.3743967541390056e-05 -4.0761730094333926e-05 -0.00010697254861877365 0.00020674374283001989
leaf_weight=85 18841 115 84 55 926 179
leaf_count=85 18841 115 84 55 926 179
internal_value=-0.000274766 -0.0102471 0.00257353 -0.0281034 -1.87961e-05 -0.00470721
internal_weight=20285 339 199 140 19946 1105
internal_count=20285 339 199 140 19946 1105
is_linear=0
shrinkage=0.05


Tree=400
num_leaves=7
num_cat=0
split_feature=35 40 41 45 42 54
split_gain=8.9445 28.2302 34.1396 31.1253 38.714 36.3463
threshold=-0.75496432185173024 0.040223203599452979 0.066245865076780333 0.07781588658690454 0.095093466341495528 0.10257177054882051
decision_type=2 2 2 2 2 8
left_child=1 -1 -3 5 -5 -4
right_child=-2 2 3 4 -6 -7
leaf_value=0.00023804927645311761 2.4040371884221519e-06 -0.00029063036749804252 0.00059519224466663442 -0.00018031776636471153 4.1500623043441464e-05 3.1794287106803847e-05
leaf_weight=59 17345 446 95 1050 993 363
leaf_count=59 17345 446 95 1050 993 363
internal_value=-0.000332826 -0.00274826 -0.00346375 -0.0011672 -0.0038208 0.0105292
internal_weight=20351 3006 2947 2501 2043 458
internal_count=20351 3006 2947 2501 2043 458
is_linear=0
shrinkage=0.05


Tree=401
num_leaves=7
num_cat=0
split_feature=44 15 50 39 35 29
split_gain=9.20031 38.0973 10.3395 23.1847 14.2285 15.3435
threshold=0.045934742316603668 0.37500000000000006 2.4966553449630742 -0.03768684342503547 0.71832501888275158 0.074802231043577208
decision_type=2 2 2 2 2 2
left_child=1 -1 -2 -4 5 -5
right_child=2 -3 3 4 -6 -7
leaf_value=-0.00013460903938986241 -5.316695053024187e-06 9.8411781816628273e-05 0.00044709841929259906 6.0874365511746182e-05 0.00031308346292621426 -0.000329006915298204
leaf_weight=155 19597 182 67 115 55 57
leaf_count=155 19597 182 67 115 55 57
internal_value=-0.000285425 -0.00855263 -0.000277694 0.00894649 0.000969828 -0.00607345
internal_weight=20228 337 19891 294 227 172
internal_count=20228 337 19891 294 227 172
is_linear=0
shrinkage=0.05


Tree=402
num_leaves=7
num_cat=0
split_feature=10 39 27 12 1 3
split_gain=10.7864 31.6275 29.593 21.6201 19.786 36.6598
threshold=0.007540950784459711 0.039440350607037551 -0.031446609646081917 -0.042335217818617814 -0.0066634248942136756 0.0086081055924296396
decision_type=2 2 2 2 2 2
left_child=4 3 -3 -2 5 -1
right_child=1 2 -4 -5 -6 -7
leaf_value=-0.00012624494079881195 0.00040227986111845016 8.8675859202959933e-05 -0.00019258434154571501 2.0934419308108779e-05 4.0020245792460591e-06 7.3654029804237959e-05
leaf_weight=2331 72 73 290 8684 7883 963
leaf_count=2331 72 73 290 8684 7883 963
internal_value=-0.000289395 0.00124123 -0.0131114 0.00184625 -0.00107539 -0.00432707
internal_weight=20296 9119 363 8756 11177 3294
internal_count=20296 9119 363 8756 11177 3294
is_linear=0
shrinkage=0.05


Tree=403
num_leaves=7
num_cat=0
split_feature=4 35 22 44 35 16
split_gain=9.66464 25.8469 30.3653 37.5656 28.1651 30.6099
threshold=0.28008589148521429 0.11155203357338907 0.32500000298023229 0.062822036445140853 0.32042939960956579 0.52500000596046459
decision_type=2 2 2 2 2 2
left_child=-1 2 3 -2 5 -3
right_child=1 4 -4 -5 -6 -7
leaf_value=6.839999865975873e-06 -6.870824617760206e-05 -0.00013583980504627163 -9.1043751570368171e-05 0.0001371310765627731 -1.6692738539758418e-05 0.00021676847576343613
leaf_weight=12849 498 145 3663 755 1595 794
leaf_count=12849 498 145 3663 755 1595 794
internal_value=-0.000304127 -0.0017002 -0.00381528 0.00288156 0.00239267 0.00924258
internal_weight=20299 7450 4916 1253 2534 939
internal_count=20299 7450 4916 1253 2534 939
is_linear=0
shrinkage=0.05


Tree=404
num_leaves=7
num_cat=0
split_feature=45 44 26 52 24 42
split_gain=10.5192 24.0023 34.8208 34.0708 29.658 35.8137
threshold=0.064913775771856322 0.071579031646251692 0.10937369242310525 -0.00019217639055568722 -0.058585083112120621 0.068304527550935759
decision_type=2 2 2 8 2 2
left_child=1 2 -1 -3 -5 -6
right_child=-2 3 -4 4 5 -7
leaf_value=-7.7334982259458296e-06 6.5357700072390949e-06 0.00033602180368994065 0.00078419785390105201 0.00016409396621974473 -4.9318735184017415e-05 -0.00033193490886573336
leaf_weight=4542 14494 74 59 86 618 485
leaf_count=4542 14494 74 59 86 618 485
internal_value=-0.000313068 -0.00197223 -0.000287668 -0.00806388 -0.0101549 -0.0123872
internal_weight=20358 5864 4601 1263 1189 1103
internal_count=20358 5864 4601 1263 1189 1103
is_linear=0
shrinkage=0.05


Tree=405
num_leaves=7
num_cat=0
split_feature=48 39 36 24 22 42
split_gain=14.6701 28.9153 32.417 30.3739 29.9769 28.7204
threshold=0.2414771914482117 0.01012175949290395 0.69714221358299266 0.022345955483615402 0.82500001788139354 0.09072203561663629
decision_type=2 2 2 2 2 2
left_child=1 -1 3 5 -5 -3
right_child=-2 2 -4 4 -6 -7
leaf_value=-4.9355679239097853e-05 1.3336501521053139e-05 7.6505717962437698e-05 -0.0002703442972353803 -0.00022595375333888071 0.00042160492704920651 -6.1622725887196597e-05
leaf_weight=6801 8877 2896 178 320 65 1122
leaf_count=6801 8877 2896 178 320 65 1122
internal_value=-0.000329402 -0.00144683 0.00161906 0.00247845 -0.0108333 0.00377206
internal_weight=20259 11382 4581 4403 385 4018
internal_count=20259 11382 4581 4403 385 4018
is_linear=0
shrinkage=0.05


Tree=406
num_leaves=7
num_cat=0
split_feature=47 0 41 47 10 42
split_gain=12.0472 31.5129 31.9924 13.2318 29.2555 25.0799
threshold=0.58502250909805309 -0.034378945827484124 0.060988219454884536 0.67023825645446788 0.05622468143701554 0.12340775504708291
decision_type=2 2 2 2 2 2
left_child=1 -1 -3 4 5 -2
right_child=3 2 -4 -5 -6 -7
leaf_value=0.00020416543957857674 0.00035535347274844053 0.00033863939172025927 -0.00045289294412207055 -5.8936317317878404e-06 -0.00022770060127982276 -0.00012761036969723884
leaf_weight=83 378 50 204 19285 186 91
leaf_count=83 378 50 204 19285 186 91
internal_value=-0.000338971 -0.00972222 -0.0184363 -0.00025445 0.00670455 0.0133439
internal_weight=20277 337 254 19940 655 469
internal_count=20277 337 254 19940 655 469
is_linear=0
shrinkage=0.05


Tree=407
num_leaves=7
num_cat=0
split_feature=2 7 37 47 29 45
split_gain=10.9741 26.2559 17.6107 15.5788 46.3241 14.3264
threshold=0.015268787741661074 0.78196009993553173 0.0013498798361979427 1.6064773201942446 0.031191865913569931 0.18452720344066623
decision_type=2 2 2 2 2 2
left_child=3 2 -2 5 -5 -1
right_child=1 -3 -4 4 -6 -7
leaf_value=-4.1308523512954656e-06 -0.0001699579607798338 -0.00051166606530824788 0.00017214452087196101 0.00064156294865051213 -0.00016483433164421373 -0.00045146284652817999
leaf_weight=19614 125 88 112 140 71 62
leaf_count=19614 125 88 112 140 71 62
internal_value=-0.000285651 -0.0094697 -0.000516529 -0.000272723 0.0130787 -0.000420456
internal_weight=20212 325 237 19887 211 19676
internal_count=20212 325 237 19887 211 19676
is_linear=0
shrinkage=0.05


Tree=408
num_leaves=7
num_cat=0
split_feature=15 24 52 12 55 38
split_gain=11.8948 36.3533 30.92 28.3486 30.1422 27.2319
threshold=0.37500000000000006 -0.016239887103438374 0.00020783668151125315 -0.045619865879416459 45885.763671875007 -0.0096518425270915014
decision_type=2 2 8 2 10 2
left_child=2 -2 5 -4 -5 -1
right_child=1 -3 3 4 -6 -7
leaf_value=-7.8675300225937428e-05 0.0001130406632738733 -1.5350859565572062e-06 3.8269182480087257e-05 -6.0952512409172278e-05 -0.00079871459923338411 0.0002040054824388727
leaf_weight=310 1333 11845 1189 4777 85 745
leaf_count=310 1333 11845 1189 4777 85 745
internal_value=-0.00035364 0.000726314 -0.00181058 -0.00319105 -0.00488494 0.00606132
internal_weight=20284 13178 7106 6051 4862 1055
internal_count=20284 13178 7106 6051 4862 1055
is_linear=0
shrinkage=0.05


Tree=409
num_leaves=7
num_cat=0
split_feature=50 51 44 23 34 40
split_gain=14.5095 40.2321 30.5382 27.4544 26.7522 23.3539
threshold=0.89412730932235729 -0.024624063633382317 0.085257180035114302 0.0043360425624996432 0.66477897763252269 0.081855636090040221
decision_type=2 10 2 2 2 2
left_child=-1 3 -3 -2 -4 -5
right_child=1 2 4 5 -6 -7
leaf_value=-1.2969115017561526e-05 0.00010818006010063844 -0.00023053748839286741 5.9080069624008758e-05 5.0535517270110768e-05 -0.00012611766932891217 -0.00011228747970287706
leaf_weight=16081 1450 124 368 1366 293 514
leaf_count=16081 1450 124 368 1366 293 514
internal_value=-0.000271026 0.00238471 -0.00775316 0.0047901 -0.00334084 0.000782493
internal_weight=20196 4115 785 3330 661 1880
internal_count=20196 4115 785 3330 661 1880
is_linear=0
shrinkage=0.05


Tree=410
num_leaves=7
num_cat=0
split_feature=44 18 24 55 44 42
split_gain=9.86126 18.2487 13.9129 43.276 35.1811 46.6452
threshold=0.045934742316603668 0.32500000298023229 -0.01065713446587324 8.6631784439086932 0.088969223201274886 0.084404595196247115
decision_type=2 2 2 8 2 2
left_child=1 -1 3 -2 -5 -6
right_child=2 -3 -4 4 5 -7
leaf_value=-0.00012482096344006393 0.00098780802056447868 4.716921735050582e-05 -1.4288536367275657e-05 4.00953244579757e-05 -0.00056834330759795364 -1.5806363038644788e-05
leaf_weight=175 92 156 12312 4745 288 2586
leaf_count=175 92 156 12312 4745 288 2586
internal_value=-0.0003426 -0.00870536 -6.61574e-05 0.00159733 0.00117065 -0.00318687
internal_weight=20354 331 20023 7711 7619 2874
internal_count=20354 331 20023 7711 7619 2874
is_linear=0
shrinkage=0.05


Tree=411
num_leaves=7
num_cat=0
split_feature=24 51 48 12 36 3
split_gain=14.6489 22.6082 21.5143 34.4385 28.8159 49.7811
threshold=-0.044168839231133454 0.091556139290332808 -0.5408550202846526 0.035891033709049232 0.48250322043895727 0.0076485867612063893
decision_type=2 8 2 2 2 2
left_child=1 -1 3 4 -2 -6
right_child=2 -3 -4 -5 5 -7
leaf_value=0.000331722878056803 -1.6318607350331793e-05 2.416077154111236e-05 1.832863698149952e-06 -0.00055141053013916109 -0.00027281124537590501 0.00052727812433231859
leaf_weight=139 3807 2500 13009 206 472 88
leaf_count=139 3807 2500 13009 206 472 88
internal_value=-0.000359686 0.00311082 -0.000879911 -0.00382809 -0.00286482 -0.0134071
internal_weight=20221 2639 17582 4573 4367 560
internal_count=20221 2639 17582 4573 4367 560
is_linear=0
shrinkage=0.05


Tree=412
num_leaves=7
num_cat=0
split_feature=46 34 9 44 17 48
split_gain=10.4856 22.612 27.7466 20.0665 18.0814 31.7203
threshold=1.0752027630805971 -0.70027127861976612 -0.07180560007691382 0.080879863351583495 0.67499998211860668 -0.65664151310920704
decision_type=2 2 2 2 2 2
left_child=4 3 -3 -2 -1 -6
right_child=1 2 -4 -5 5 -7
leaf_value=6.5488947758713355e-06 3.3250628656154601e-05 -0.00034327917029159088 2.1002702066406838e-05 0.00059615996583100661 -0.00028474040255602553 -2.1756200741520489e-05
leaf_weight=10442 108 163 3846 89 576 4937
leaf_count=10442 108 163 3846 89 576 4937
internal_value=-0.00030125 0.00210758 0.00127678 0.0184406 -0.000697055 -0.00301287
internal_weight=20161 4206 4009 197 15955 5513
internal_count=20161 4206 4009 197 15955 5513
is_linear=0
shrinkage=0.05


Tree=413
num_leaves=7
num_cat=0
split_feature=35 41 12 45 18 12
split_gain=10.0871 39.337 27.1991 34.3199 36.1014 27.6444
threshold=0.55707865953445446 0.057159185409545905 0.025517210364341739 0.080019384622573866 0.47499999403953558 -0.0064202386420220128
decision_type=2 2 2 2 2 2
left_child=-1 -2 3 4 5 -3
right_child=1 2 -4 -5 -6 -7
leaf_value=-5.5393434293916303e-06 0.00017294141815920542 -3.8256150948538988e-05 -0.00019801279168549918 0.00021459968992210878 0.00015449129009371598 -0.00051962585415892665
leaf_weight=18047 454 653 233 287 466 196
leaf_count=18047 454 653 233 287 466 196
internal_value=-0.000352736 0.00297515 -0.000285326 0.00203796 -0.00138258 -0.00752342
internal_weight=20336 2289 1835 1602 1315 849
internal_count=20336 2289 1835 1602 1315 849
is_linear=0
shrinkage=0.05


Tree=414
num_leaves=7
num_cat=0
split_feature=10 27 48 44 0 0
split_gain=8.51007 23.0449 30.3466 32.9921 26.0622 27.1856
threshold=0.0050684751477092513 -0.012356757652014492 -0.71361038088798512 0.12269479408860208 -0.044336449354887002 -0.015287662390619515
decision_type=2 2 2 2 2 2
left_child=-1 -2 3 -3 -4 -6
right_child=1 2 4 -5 5 -7
leaf_value=-1.1479197140012337e-05 6.4360647137590613e-05 -0.00020028367546581741 0.00010414600132731006 0.0006096190806742746 -4.5765622093095834e-05 3.8200985741941672e-05
leaf_weight=10769 2501 1278 1020 53 2082 2584
leaf_count=10769 2501 1278 1020 53 2082 2584
internal_value=-0.000304307 0.00112097 -0.000345343 -0.00712949 0.00124319 -0.000337187
internal_weight=20287 9518 7017 1331 5686 4666
internal_count=20287 9518 7017 1331 5686 4666
is_linear=0
shrinkage=0.05


Tree=415
num_leaves=7
num_cat=0
split_feature=1 46 38 49 55 55
split_gain=9.62933 37.2426 28.018 32.9381 33.1221 26.4899
threshold=-0.024374713189899918 0.90414854884147655 0.0037293918430805211 0.51349306106567394 7944.3917183876047 8.6631784439086932
decision_type=2 2 2 2 10 8
left_child=1 2 -1 4 -4 -2
right_child=5 -3 3 -5 -6 -7
leaf_value=-3.8914127325719494e-05 0.00021528216243962085 9.590349529379225e-06 -0.00057627850801820026 9.0939953609500872e-05 9.0671819740690106e-06 2.1964961520438107e-06
leaf_weight=850 390 3568 387 86 109 14916
leaf_count=850 390 3568 387 86 109 14916
internal_value=-0.000313869 -0.00195305 -0.00875087 -0.0171635 -0.0221058 0.000573117
internal_weight=20306 5000 1432 582 496 15306
internal_count=20306 5000 1432 582 496 15306
is_linear=0
shrinkage=0.05


Tree=416
num_leaves=7
num_cat=0
split_feature=12 46 55 0 39 44
split_gain=10.6589 25.9288 25.5035 22.5999 25.0875 24.0458
threshold=-0.026546420529484745 0.67270362377166759 181205.52343750003 0.062539227306842818 0.019058899022638801 0.088113360106945052
decision_type=2 2 10 2 2 2
left_child=1 -1 3 4 -3 -6
right_child=-2 2 -4 -5 5 -7
leaf_value=0.00050425033053580416 -6.4250350685909588e-06 -1.58104259816938e-05 0.00043434007771269974 -0.00023290229325404903 0.00020203923965953505 1.0237055135982853e-05
leaf_weight=186 16221 2638 55 178 483 496
leaf_count=186 16221 2638 55 178 483 496
internal_value=-0.000418271 0.00229522 0.00139429 0.000875 0.00174627 0.00856199
internal_weight=20257 4036 3850 3795 3617 979
internal_count=20257 4036 3850 3795 3617 979
is_linear=0
shrinkage=0.05


Tree=417
num_leaves=7
num_cat=0
split_feature=50 51 40 31 40 21
split_gain=10.2004 28.8989 27.3972 29.178 25.8112 34.3894
threshold=0.89412730932235729 -0.024624063633382317 0.08308723941445352 55.316091537475593 0.080594226717948927 0.87500000000000011
decision_type=2 10 2 2 2 2
left_child=-1 4 3 -3 -2 -6
right_child=1 2 -4 -5 5 -7
leaf_value=-4.3913443601251675e-06 7.8707646352411186e-05 0.0004638144062343811 4.3002872128452937e-05 -0.00027729743034419482 -0.00014012586570233827 0.00011419204254728287
leaf_weight=16066 2340 66 414 323 644 383
leaf_count=16066 2340 66 414 323 644 383
internal_value=-0.000255669 0.00238922 -0.0060953 -0.0155457 0.00442616 -0.00215601
internal_weight=20236 4170 803 389 3367 1027
internal_count=20236 4170 803 389 3367 1027
is_linear=0
shrinkage=0.05


Tree=418
num_leaves=7
num_cat=0
split_feature=47 36 39 32 29 44
split_gain=10.2341 35.7466 35.8823 37.306 65.8397 42.863
threshold=0.88931936025619518 -0.48365999758243555 0.014384237118065359 0.16173473000526431 1.0000000180025095e-35 0.085257180035114302
decision_type=2 2 2 2 2 2
left_child=1 2 3 5 -5 -1
right_child=-2 -3 -4 4 -6 -7
leaf_value=-0.00017030685721667327 -1.2358965822731154e-05 -1.1145631057250498e-05 0.00023324595764107455 0.00064932546428890221 5.7444210142372329e-05 0.00010942501697927383
leaf_weight=542 11461 5986 379 225 1342 413
leaf_count=542 11461 5986 379 225 1342 413
internal_value=-0.000239522 0.00130735 0.00585857 0.00367036 0.00841285 -0.00408854
internal_weight=20348 8887 2901 2522 1567 955
internal_count=20348 8887 2901 2522 1567 955
is_linear=0
shrinkage=0.05


Tree=419
num_leaves=7
num_cat=0
split_feature=13 48 46 6 36 38
split_gain=11.5881 33.2897 30.562 30.0055 25.7437 24.9972
threshold=0.0072049268055707225 -0.65664151310920704 1.0676366090774538 0.88804772496223461 0.58809426426887523 -0.003201196668669581
decision_type=2 2 2 2 2 2
left_child=-1 2 4 -3 -2 -4
right_child=1 3 5 -5 -6 -7
leaf_value=-1.1468789165349501e-05 -0.00034982004898037784 7.5002444721593208e-05 -0.00045235942036799242 -1.7736967273488314e-05 0.000154171837747558 0.00045132999268375756
leaf_weight=13258 472 3486 72 2789 68 104
leaf_count=13258 472 3486 72 2789 68 104
internal_value=-0.000295003 0.00160449 -0.00856449 0.00277468 -0.0144495 0.00925414
internal_weight=20249 6991 716 6275 540 176
internal_count=20249 6991 716 6275 540 176
is_linear=0
shrinkage=0.05


Tree=420
num_leaves=7
num_cat=0
split_feature=8 48 36 13 43 3
split_gain=11.6192 33.367 36.6099 22.0995 19.3371 16.0223
threshold=0.66649937629699718 -0.65664151310920704 -0.31181326508522028 0.010663187131285669 0.089990910142660155 0.0088947140611708182
decision_type=2 2 2 2 2 2
left_child=5 2 3 -2 -4 -1
right_child=1 -3 4 -5 -6 -7
leaf_value=-2.5139379397631605e-05 -5.0590132221748018e-05 3.1843470838022521e-05 -6.6222187422499765e-05 -0.00062329173122075234 0.00069500674023169633 3.2817827439471027e-05
leaf_weight=10388 142 6511 373 239 75 2620
leaf_count=10388 142 6511 373 239 75 2620
internal_value=-0.000332875 0.00146698 -0.00794365 -0.0192358 0.00171082 -0.00102013
internal_weight=20348 7340 829 381 448 13008
internal_count=20348 7340 829 381 448 13008
is_linear=0
shrinkage=0.05


Tree=421
num_leaves=7
num_cat=0
split_feature=26 3 22 3 55 22
split_gain=7.91364 21.5875 20.3481 51.9797 36.1161 27.808
threshold=-0.025547937490046021 0.01446635276079178 0.67499998211860668 0.0088947140611708182 190672.23437500003 0.87500000000000011
decision_type=2 2 2 2 8 2
left_child=2 -2 -1 4 -4 -6
right_child=1 -3 3 -5 5 -7
leaf_value=9.7931987079698656e-06 9.8853907582575818e-06 -0.00020234044893781798 0.00077377643027015186 3.5552347524836234e-05 -0.00019520066393736738 -0.0006410196904251714
leaf_weight=4147 13302 118 52 1166 996 345
leaf_count=4147 13302 118 52 1166 996 345
internal_value=-0.000346481 0.00072067 -0.00138206 -0.00488495 -0.0113913 -0.0130201
internal_weight=20126 13420 6706 2559 1393 1341
internal_count=20126 13420 6706 2559 1393 1341
is_linear=0
shrinkage=0.05


Tree=422
num_leaves=7
num_cat=0
split_feature=46 5 3 19 19 3
split_gain=9.36427 23.0328 23.5796 25.149 24.0932 35.8908
threshold=1.0752027630805971 -0.70027127861976612 0.011959011200815441 0.32500000298023229 0.17500000447034839 0.0091331433504819887
decision_type=2 2 2 2 2 2
left_child=-1 -2 4 -4 5 -3
right_child=1 2 3 -5 -6 -7
leaf_value=-7.1066987551501136e-06 0.00020737369852135936 -0.0001251383169168925 0.00016809410293052547 -0.0005575291859175296 3.5771986426625475e-05 0.00058337041044433568
leaf_weight=16111 203 428 58 94 3351 68
leaf_count=16111 203 428 58 94 3351 68
internal_value=-0.000269465 0.00215712 0.00130495 -0.0176752 0.00208333 -0.00813373
internal_weight=20313 4202 3999 152 3847 496
internal_count=20313 4202 3999 152 3847 496
is_linear=0
shrinkage=0.05


Tree=423
num_leaves=7
num_cat=0
split_feature=46 39 8 26 32 2
split_gain=9.68621 16.6757 16.3925 27.745 16.4715 19.4338
threshold=1.0752027630805971 0.051370676606893546 0.66649937629699718 0.16008022427558902 -0.48749411106109614 0.0085974861867725866
decision_type=2 2 2 2 2 2
left_child=1 -1 4 -4 5 -2
right_child=2 -3 3 -5 -6 -7
leaf_value=-2.2939871663898645e-06 9.4216405963720808e-07 -0.00042582606200385059 0.00011428554387389063 -0.00018718144261155282 -2.6964326622873738e-05 0.0002826129077089808
leaf_weight=16040 506 96 1321 66 2034 323
leaf_count=16040 506 96 1321 66 2034 323
internal_value=-0.000288117 -0.000289635 0.0023913 0.00684267 0.000217922 0.00614508
internal_weight=20386 16136 4250 1387 2863 829
internal_count=20386 16136 4250 1387 2863 829
is_linear=0
shrinkage=0.05


Tree=424
num_leaves=7
num_cat=0
split_feature=13 44 24 42 49 42
split_gain=9.24518 12.3834 19.4797 18.7842 12.9728 10.5467
threshold=0.047535840421915061 0.15493576228618625 0.11050484701991083 0.13215437531471255 0.34963479638099676 0.08711626380681993
decision_type=2 2 2 2 2 2
left_child=1 -1 3 4 -3 -2
right_child=5 2 -4 -5 -6 -7
leaf_value=1.8272436802065063e-06 0.00010013681086410136 0.00070563840892225529 -0.00030439650840193212 -1.0711453007634063e-05 4.1922534110962282e-05 -0.00011798075733633826
leaf_weight=19653 90 94 57 96 57 236
leaf_count=19653 90 94 57 96 57 236
internal_value=-0.000279722 0.0003419 0.0102751 0.016369 0.0270833 -0.00808157
internal_weight=20283 19957 304 247 151 326
internal_count=20283 19957 304 247 151 326
is_linear=0
shrinkage=0.05


Tree=425
num_leaves=7
num_cat=0
split_feature=44 49 36 36 33 42
split_gain=10.0795 23.2254 19.696 16.6944 11.1824 9.71897
threshold=0.045934742316603668 0.077022638171911254 -0.25845691561698908 -0.19925072789192197 -0.13366650044918058 0.080596465617418303
decision_type=2 2 2 2 2 2
left_child=1 3 -3 -1 -5 -2
right_child=5 2 -4 4 -6 -7
leaf_value=-0.00021303606421689775 1.5229350305707535e-05 0.00022466146056776675 -8.2282578632092825e-05 3.9089989788726855e-05 -0.00010742737046717906 -1.3260864621314234e-05
leaf_weight=79 10523 68 54 77 54 9565
leaf_count=79 10523 68 54 77 54 9565
internal_value=-0.000429621 -0.00853116 0.00846457 -0.0184884 -0.00680147 0.000187876
internal_weight=20420 332 122 210 131 20088
internal_count=20420 332 122 210 131 20088
is_linear=0
shrinkage=0.05


Tree=426
num_leaves=7
num_cat=0
split_feature=16 13 36 21 2 42
split_gain=10.4497 23.3089 20.8963 24.1339 21.6144 23.2198
threshold=0.12500000372529033 -0.020434909500181671 -0.90846017003059376 0.72499999403953563 0.0087158908136189001 0.094156429171562209
decision_type=2 2 2 2 2 2
left_child=2 -2 -1 -4 5 -5
right_child=1 -3 3 4 -6 -7
leaf_value=0.00025116654155765217 7.6662536950074104e-05 -1.6109335664564984e-06 2.5207982708948254e-06 -0.00018678280403470104 -4.8813916622466543e-05 -0.00066459436202396464
leaf_weight=108 1627 16696 1130 226 471 100
leaf_count=108 1627 16696 1130 226 471 100
internal_value=-0.000391642 0.000377837 -0.00339461 -0.00461957 -0.0112531 -0.0210725
internal_weight=20358 18323 2035 1927 797 326
internal_count=20358 18323 2035 1927 797 326
is_linear=0
shrinkage=0.05


Tree=427
num_leaves=7
num_cat=0
split_feature=40 47 48 36 36 35
split_gain=8.06682 23.8804 31.6682 32.1361 31.2633 31.6506
threshold=0.091951392590999617 0.90765041112899791 -0.24472907930612561 -0.74995070695877064 -0.92166101932525624 -0.35086125135421747
decision_type=2 2 2 2 2 2
left_child=-1 2 3 -2 -3 -6
right_child=1 4 -4 -5 5 -7
leaf_value=3.8028614065832373e-06 -0.00031938310420769154 0.00027696731352519678 -6.5360453328316715e-06 0.00062899447145043318 -0.0002006560384413124 -4.8051744740750316e-06
leaf_weight=16380 57 195 971 206 1274 1180
leaf_count=16380 57 195 971 206 1274 1180
internal_value=-0.000279998 -0.00219264 0.00353107 0.01875 -0.00487001 -0.00641521
internal_weight=20263 3883 1234 263 2649 2454
internal_count=20263 3883 1234 263 2649 2454
is_linear=0
shrinkage=0.05


Tree=428
num_leaves=7
num_cat=0
split_feature=36 36 26 10 47 30
split_gain=8.09995 34.5546 24.7764 28.5554 25.3538 26.7086
threshold=-0.87868240475654591 -0.81874778866767872 -0.068571291863918291 0.10306359454989435 0.69714516401290905 60.280841827392585
decision_type=2 2 2 2 2 2
left_child=2 -2 -1 4 -4 -6
right_child=1 -3 3 -5 5 -7
leaf_value=-0.00030583717673348586 0.00014401816822162011 -3.6440173450332438e-06 0.00029974712001631102 -0.00029023929721451149 5.1597668185623362e-05 -0.00017066532740952231
leaf_weight=256 995 17304 293 288 821 366
leaf_count=256 995 17304 293 288 821 366
internal_value=-0.000313607 0.000187118 -0.00314194 -0.00100113 0.00180135 -0.00144715
internal_weight=20323 18299 2024 1768 1480 1187
internal_count=20323 18299 2024 1768 1480 1187
is_linear=0
shrinkage=0.05


Tree=429
num_leaves=7
num_cat=0
split_feature=24 39 7 48 39 40
split_gain=9.71399 29.687 41.0814 23.9482 35.8299 25.1904
threshold=-0.016239887103438374 0.017912740819156173 0.86081644892692577 0.12284665927290918 -0.047327388077974313 0.03223527409136296
decision_type=2 2 2 2 2 2
left_child=1 -1 -3 4 -2 -6
right_child=3 2 -4 -5 5 -7
leaf_value=-1.1922122365430805e-05 -0.00042898664716794956 0.00013348405749380774 -0.00017896837230287679 4.4353682725281683e-06 -0.00021605859469744871 -2.315954061789412e-05
leaf_weight=4891 242 1762 237 9028 82 4101
leaf_count=4891 242 1762 237 9028 82 4101
internal_value=-0.000288726 0.00127266 0.0063997 -0.0010347 -0.00404628 -0.00294293
internal_weight=20343 6890 1999 13453 4425 4183
internal_count=20343 6890 1999 13453 4425 4183
is_linear=0
shrinkage=0.05


Tree=430
num_leaves=7
num_cat=0
split_feature=1 39 39 13 26 39
split_gain=9.49769 26.9386 31.2776 37.1237 36.2955 26.1539
threshold=0.022191639058291916 -0.040717471390962594 0.026449718512594703 0.014671837445348503 -0.063712470233440385 0.032935468479990966
decision_type=2 2 2 2 2 2
left_child=5 -2 -3 4 -4 -1
right_child=1 2 3 -5 -6 -7
leaf_value=1.493565165762795e-05 0.0001071157692827276 -6.7597431268925706e-05 -9.8455084598790028e-05 -8.4840109321362815e-05 0.00034239266895417115 -5.3631899357922135e-05
leaf_weight=14237 568 3721 101 155 302 1257
leaf_count=14237 568 3721 101 155 302 1257
internal_value=-0.000362479 -0.00183945 -0.00320378 0.00777087 0.0157475 0.000695206
internal_weight=20341 4847 4279 558 403 15494
internal_count=20341 4847 4279 558 403 15494
is_linear=0
shrinkage=0.05


Tree=431
num_leaves=7
num_cat=0
split_feature=15 22 6 13 33 19
split_gain=11.6618 23.7568 17.4223 15.8129 13.84 13.7722
threshold=0.075000001117587103 0.87500000000000011 0.038906870409846313 -0.034721102565526955 -0.52732369303703297 0.12500000372529033
decision_type=2 2 2 2 2 2
left_child=1 2 -1 4 -2 -6
right_child=3 -3 -4 -5 5 -7
leaf_value=4.0618584956603551e-05 0.00021302902772333136 0.00028053057635776362 -0.00018465019904337042 2.8349746584513827e-06 -0.00029652200315639227 -9.5743853494376853e-05
leaf_weight=230 97 180 596 18741 153 277
leaf_count=230 97 180 596 18741 153 277
internal_value=-0.000339021 -0.00551434 -0.00911552 -3.89145e-06 -0.00850564 -0.0123563
internal_weight=20274 1006 826 19268 527 430
internal_count=20274 1006 826 19268 527 430
is_linear=0
shrinkage=0.05


Tree=432
num_leaves=7
num_cat=0
split_feature=44 6 31 17 6 27
split_gain=8.75212 14.6905 18.0097 16.8962 9.38298 20.9811
threshold=0.045934742316603668 0.62338179349899303 44.297706604003913 0.32500000298023229 0.91589739918708812 0.031757071614265449
decision_type=2 2 2 2 2 2
left_child=1 2 3 -1 -2 -6
right_child=4 -3 -4 -5 5 -7
leaf_value=-9.3137848916786286e-05 3.1119267468353753e-06 0.00013112943413634632 -0.00019948828664080208 0.00018501862060858439 2.9188834828944735e-05 -0.00010882362688773862
leaf_weight=67 17661 73 114 65 982 1333
leaf_count=67 17661 73 114 65 982 1333
internal_value=-0.000343596 -0.00841049 -0.014243 -0.00127737 -0.000123868 -0.00311422
internal_weight=20295 319 246 132 19976 2315
internal_count=20295 319 246 132 19976 2315
is_linear=0
shrinkage=0.05


Tree=433
num_leaves=7
num_cat=0
split_feature=51 60 58 17 44 49
split_gain=9.49448 8.89415 10.151 16.3457 10.2714 17.9264
threshold=-2.8752617835998531 1.531776010990143 -0.00037749533657915885 0.52500000596046459 0.045934742316603668 0.4299916028976441
decision_type=8 10 8 2 2 2
left_child=-1 2 3 -2 5 -4
right_child=1 -3 4 -5 -6 -7
leaf_value=0.00034036139840097081 7.6098740731809131e-05 0.0002396281056984616 -6.7204491493326753e-05 -0.00023771708157206939 1.2822945056706674e-06 7.3569555176371401e-05
leaf_weight=64 115 124 237 135 19577 81
leaf_count=64 115 124 237 135 19577 81
internal_value=-0.000308536 -9.98816e-05 -0.000184864 -0.010098 -5.65327e-05 -0.00890093
internal_weight=20333 20269 20145 250 19895 318
internal_count=20333 20269 20145 250 19895 318
is_linear=0
shrinkage=0.05


Tree=434
num_leaves=7
num_cat=0
split_feature=47 36 36 36 42 26
split_gain=9.16862 29.2576 32.7216 26.6526 51.9332 31.2403
threshold=0.88931936025619518 -0.48365999758243555 -0.42642337083816523 -0.19925072789192197 0.13215437531471255 -0.045557240024209016
decision_type=2 2 2 2 2 2
left_child=1 -1 -3 -2 5 -5
right_child=3 2 -4 4 -6 -7
leaf_value=6.7914768518393618e-05 -4.3155050196524742e-05 -0.0001960276766663932 -1.2184976409561106e-06 0.00014646024687814589 -0.00036988565246733784 4.0804745625912764e-06
leaf_weight=2833 6109 203 5819 1044 134 4221
leaf_count=2833 6109 203 5819 1044 134 4221
internal_value=-0.00033263 0.00114278 -0.000825452 -0.000996699 0.00155903 0.00235769
internal_weight=20363 8855 6022 11508 5399 5265
internal_count=20363 8855 6022 11508 5399 5265
is_linear=0
shrinkage=0.05


Tree=435
num_leaves=7
num_cat=0
split_feature=26 27 48 42 45 40
split_gain=9.41109 24.0419 36.5184 36.0143 45.8783 38.2415
threshold=-0.025547937490046021 -0.0087926047854125482 0.12284665927290918 0.11680311709642412 0.12516716122627261 0.11202748492360116
decision_type=2 2 2 2 2 2
left_child=-1 -2 -3 -4 -5 -6
right_child=1 2 3 4 5 -7
leaf_value=-1.717479077708458e-05 5.0869344945683891e-05 -6.3322476958228204e-05 3.5734302161227314e-05 -0.000472344646488913 0.00028258271785476123 -0.00012033296673902316
leaf_weight=6748 3708 3998 5321 243 136 105
leaf_count=6748 3708 3998 5321 243 136 105
internal_value=-0.00039849 0.000956274 -0.000339009 0.00219019 -0.0107873 0.00457317
internal_weight=20259 13511 9803 5805 484 241
internal_count=20259 13511 9803 5805 484 241
is_linear=0
shrinkage=0.05


Tree=436
num_leaves=7
num_cat=0
split_feature=0 3 40 44 15 36
split_gain=11.628 13.0331 11.8655 10.5758 17.7814 13.8924
threshold=-0.07333084940910338 0.0093639786355197447 0.11202748492360116 0.045934742316603668 0.32500000298023229 -0.1602501645684242
decision_type=2 2 2 2 2 2
left_child=1 -1 -3 4 5 -2
right_child=3 2 -4 -5 -6 -7
leaf_value=-0.00016111550545278185 -0.00023556089887354499 0.00025045088875543783 2.9902340455765198e-06 -4.0277133125117938e-06 4.8715591620459617e-06 -9.3401587800989969e-06
leaf_weight=71 91 170 93 19534 182 54
leaf_count=71 91 170 93 19534 182 54
internal_value=-0.000389851 0.00877581 0.0138993 -0.000560002 -0.00941265 -0.0221667
internal_weight=20195 334 263 19861 327 145
internal_count=20195 334 263 19861 327 145
is_linear=0
shrinkage=0.05


Tree=437
num_leaves=7
num_cat=0
split_feature=58 3 35 41 12 3
split_gain=10.2534 17.6971 28.7381 49.0989 47.2298 40.7468
threshold=0.00013712033978663388 0.0085134534165263193 0.059632120653986938 0.074701212346553816 0.050801768898963935 0.007485361536964775
decision_type=8 2 2 2 2 2
left_child=1 2 4 -4 5 -1
right_child=-2 -3 3 -5 -6 -7
leaf_value=0.00047945291249598763 -1.0060769478904468e-05 -3.618508619550945e-05 -0.0001401185440952448 0.00028506115982793 -8.7865966483873753e-05 4.1159296896184453e-05
leaf_weight=369 17754 828 350 247 169 460
leaf_count=369 17754 828 350 247 169 460
internal_value=-0.000355515 0.0026874 0.00576562 -0.00286545 0.0109422 0.0158573
internal_weight=20177 2423 1595 597 998 829
internal_count=20177 2423 1595 597 998 829
is_linear=0
shrinkage=0.05


Tree=438
num_leaves=7
num_cat=0
split_feature=16 13 27 1 10 45
split_gain=8.70137 20.7658 18.7322 17.8554 30.1718 26.64
threshold=0.12500000372529033 -0.020434909500181671 -0.017630280926823613 -0.019209953956305977 -0.050453582778573029 0.10023373737931253
decision_type=2 2 2 2 2 2
left_child=2 3 -1 4 -2 -6
right_child=1 -3 -4 -5 5 -7
leaf_value=-7.4215817348209385e-05 -0.00039667953173272365 -1.9353023771354922e-06 4.7817084866426312e-05 0.00013644057813793782 -1.9844718003196952e-05 0.00043514761274550829
leaf_weight=1305 136 16671 717 948 407 103
leaf_count=1305 136 16671 717 948 407 103
internal_value=-0.000245171 0.000357143 -0.00309571 0.0058005 -0.000576037 0.005
internal_weight=20287 18265 2022 1594 646 510
internal_count=20287 18265 2022 1594 646 510
is_linear=0
shrinkage=0.05


Tree=439
num_leaves=7
num_cat=0
split_feature=55 38 44 1 24 19
split_gain=9.42142 19.2079 19.8742 17.6939 12.4535 10.2956
threshold=103671939.45312501 0.016290681436657909 0.1199503429234028 -0.050885641947388642 0.024644573219120506 0.87500000000000011
decision_type=10 2 2 2 2 2
left_child=5 2 -2 -4 -5 -1
right_child=1 -3 3 4 -6 -7
leaf_value=-1.0689235964866624e-05 0.00022187904450626461 -0.00017291249319134028 0.00055102004531424437 8.1271029874992184e-05 -0.0001419410319964721 2.3398182605655289e-05
leaf_weight=16896 155 51 60 52 92 3004
leaf_count=16896 155 51 60 52 92 3004
internal_value=-0.0003778 0.00716867 0.0113324 0.000837321 -0.00855705 -0.000440844
internal_weight=20310 410 359 204 144 19900
internal_count=20310 410 359 204 144 19900
is_linear=0
shrinkage=0.05


Tree=440
num_leaves=7
num_cat=0
split_feature=55 6 47 47 53 45
split_gain=10.7578 17.6729 16.2047 10.1002 8.85415 7.81711
threshold=103671939.45312501 0.59118187427520763 0.84851434826850902 0.80323326587677013 -0.15549609810113904 0.064913775771856322
decision_type=10 2 2 2 10 2
left_child=5 -2 3 -3 -4 -1
right_child=1 2 4 -5 -6 -7
leaf_value=-1.785301701180133e-05 0.00078346882723211739 6.7257485687472269e-06 0.00021234080531430948 -0.00018875524356916606 -1.296528930840469e-06 6.9117545088787749e-06
leaf_weight=5851 54 138 109 54 52 13960
leaf_count=5851 54 138 109 54 52 13960
internal_value=-0.000300401 0.00807039 0.00370112 -0.00596447 0.0152108 -9.20973e-05
internal_weight=20218 407 353 192 161 19811
internal_count=20218 407 353 192 161 19811
is_linear=0
shrinkage=0.05


Tree=441
num_leaves=7
num_cat=0
split_feature=50 52 30 8 48 0
split_gain=12.3736 22.8819 21.0635 23.6728 19.2267 18.7658
threshold=0.89412730932235729 -0.00015812831406947223 57.076524734497077 0.61548820137977611 2.5937851667404179 -0.025155755691230294
decision_type=2 10 2 2 2 2
left_child=4 2 3 -2 -1 -3
right_child=1 5 -4 -5 -6 -7
leaf_value=-1.5699581479791323e-05 -3.4382154171908262e-05 -0.00014519833528638248 -4.7020568067847913e-07 0.00011367557607247133 -0.00027757949854571314 1.9595251584255197e-05
leaf_weight=16112 324 375 1940 1215 76 260
leaf_count=16112 324 375 1940 1215 76 260
internal_value=-0.000333629 0.00176621 0.00336538 0.00772345 -0.00130149 -0.00691406
internal_weight=20302 4114 3479 1539 16188 635
internal_count=20302 4114 3479 1539 16188 635
is_linear=0
shrinkage=0.05


Tree=442
num_leaves=7
num_cat=0
split_feature=15 22 36 40 12 10
split_gain=11.2693 19.0156 17.8062 17.4611 18.0263 21.4347
threshold=0.075000001117587103 0.87500000000000011 -0.23353088647127149 0.09350126609206201 -0.03217609599232673 -0.023559449240565297
decision_type=2 2 2 2 2 2
left_child=1 3 -3 4 5 -1
right_child=-2 2 -4 -5 -6 -7
leaf_value=-5.4524326056492808e-05 -4.5612193623897295e-07 0.00035004701199410398 -0.00016586992700004459 -0.00034596398582099701 -0.0002335230817471602 0.00026025551321379794
leaf_weight=346 19353 125 63 131 229 124
leaf_count=346 19353 125 63 131 229 124
internal_value=-0.000332499 -0.00544966 0.00867876 -0.00871257 -0.00543324 0.000157895
internal_weight=20371 1018 188 830 699 470
internal_count=20371 1018 188 830 699 470
is_linear=0
shrinkage=0.05


Tree=443
num_leaves=7
num_cat=0
split_feature=57 49 57 53 59 56
split_gain=9.4011 10.6849 24.7019 10.59 12.9735 10.4383
threshold=5.1046006532828876e-08 0.15636695921421054 2.5063620512355561e-07 0.11763558164238931 0.0064078015275299558 2.5173088147312233e-07
decision_type=10 2 8 10 10 8
left_child=-1 5 -3 4 -4 -2
right_child=1 2 3 -5 -6 -7
leaf_value=-5.9727962516136981e-06 7.7436588515123965e-06 9.9169994657900828e-05 -0.00034058722465258364 5.7676737088627284e-05 7.4810726661705103e-05 0.00014772465957053408
leaf_weight=19162 244 218 138 67 50 421
leaf_count=19162 244 218 138 67 50 421
internal_value=-0.000368136 0.0041776 -0.00151674 -0.0120192 -0.0180052 0.00824627
internal_weight=20300 1138 473 255 188 665
internal_count=20300 1138 473 255 188 665
is_linear=0
shrinkage=0.05


Tree=444
num_leaves=7
num_cat=0
split_feature=24 38 55 53 48 42
split_gain=8.82828 32.3575 30.2392 22.1 25.0885 23.0334
threshold=0.02674833964556456 -0.014132021926343439 8.3993420600891131 -0.10470951348543166 0.1819691136479378 0.13215437531471255
decision_type=2 2 8 10 2 2
left_child=2 -2 -1 4 -3 -6
right_child=1 3 -4 -5 5 -7
leaf_value=0.0002494908004852516 5.2458812562399329e-05 -0.00021328271734271178 -9.677074504191481e-07 -0.00017843206445167508 -3.2916696634922514e-06 -0.00027217082623044579
leaf_weight=224 1317 482 14140 502 3376 179
leaf_count=224 1317 482 14140 502 3376 179
internal_value=-0.000409147 -0.00209435 0.000207043 -0.00409881 -0.00285131 -0.00138343
internal_weight=20220 5856 14364 4539 4037 3555
internal_count=20220 5856 14364 4539 4037 3555
is_linear=0
shrinkage=0.05


Tree=445
num_leaves=7
num_cat=0
split_feature=36 44 28 40 54 40
split_gain=8.51792 34.031 49.0276 47.4857 41.433 31.7391
threshold=-0.55607035756111134 0.099708724766969695 0.01443242095410824 0.098927810788154616 0.011034883093088867 0.042142102494835861
decision_type=2 2 2 2 10 2
left_child=1 3 4 5 -3 -1
right_child=-2 2 -4 -5 -6 -7
leaf_value=0.00017067494633269713 -1.2452466445460782e-05 0.00022131491454369497 -0.00018725433303455415 -0.00032848472759252565 -0.000303090477732202 -9.345551536164063e-06
leaf_weight=244 14193 1361 294 335 170 3542
leaf_count=244 14193 1361 294 335 170 3542
internal_value=-0.000376042 0.00122248 0.00689891 -0.0012906 0.010498 0.000309945
internal_weight=20139 5946 1825 4121 1531 3786
internal_count=20139 5946 1825 4121 1531 3786
is_linear=0
shrinkage=0.05


Tree=446
num_leaves=7
num_cat=0
split_feature=58 48 46 55 15 42
split_gain=10.0994 19.8924 33.9072 24.0792 19.5042 26.4801
threshold=0.00014533123612636703 0.52810171246528637 0.84750452637672435 106897.33203125001 0.37500000000000006 0.12340775504708291
decision_type=8 2 2 8 2 2
left_child=1 2 -1 -4 5 -2
right_child=4 -3 3 -5 -6 -7
leaf_value=-0.00012358252573138763 -5.6810183751901912e-05 -2.0597492111282886e-05 0.00032848838238233152 5.5449215328644168e-05 5.6592715242163134e-06 0.00011782182789413874
leaf_weight=233 5775 1261 359 626 11644 505
leaf_count=233 5775 1261 359 626 11644 505
internal_value=-0.000351578 0.00262681 0.00717498 0.0112374 -0.000773886 -0.00301909
internal_weight=20403 2479 1218 985 17924 6280
internal_count=20403 2479 1218 985 17924 6280
is_linear=0
shrinkage=0.05


Tree=447
num_leaves=7
num_cat=0
split_feature=30 41 36 35 35 2
split_gain=9.51998 22.3566 14.096 11.5079 14.9114 16.3438
threshold=75.809288024902358 0.12448384612798692 0.79347431659698497 0.55707865953445446 -0.58180686831474293 0.0076023621950298556
decision_type=2 2 2 2 2 2
left_child=-1 2 3 4 -2 -6
right_child=1 -3 -4 -5 5 -7
leaf_value=-8.8109153140610398e-06 0.00033584316829232957 -0.00034706900629636835 -0.00020817500059404871 0.00022208116284776994 -5.7263967073300431e-05 0.00013494886324529539
leaf_weight=18937 280 61 68 77 459 376
leaf_count=18937 280 61 68 77 459 376
internal_value=-0.000339288 0.00371418 0.00519763 0.00649541 0.00511161 0.00169643
internal_weight=20258 1321 1260 1192 1115 835
internal_count=20258 1321 1260 1192 1115 835
is_linear=0
shrinkage=0.05


Tree=448
num_leaves=7
num_cat=0
split_feature=50 47 47 22 37 43
split_gain=8.10389 11.2135 15.3791 12.2333 9.37011 16.1054
threshold=2.4966553449630742 0.95838564634323131 0.8351692557334901 0.67499998211860668 -0.0010800358140841124 0.091317158192396178
decision_type=2 2 2 2 2 2
left_child=4 2 -2 -3 -1 -6
right_child=1 3 -4 -5 5 -7
leaf_value=-2.3616104318104938e-05 0.00042435080058167657 0.00028245677653858457 -0.00014711304283253622 -4.6630671961787976e-05 -1.0887394504075702e-05 5.8543785986224332e-05
leaf_weight=7396 52 134 74 70 10111 2484
leaf_count=7396 52 134 74 70 10111 2484
internal_value=-0.000377595 0.00708955 -0.00438931 0.0142344 -0.000746399 8.13492e-05
internal_weight=20321 330 126 204 19991 12595
internal_count=20321 330 126 204 19991 12595
is_linear=0
shrinkage=0.05


Tree=449
num_leaves=7
num_cat=0
split_feature=36 44 22 32 36 28
split_gain=8.12782 40.3371 80.5177 46.9341 49.3401 41.6486
threshold=-0.28779996931552881 0.10694705322384836 0.52500000596046459 1.0918886661529543 -0.93752291798591603 0.013243819586932661
decision_type=2 2 2 2 2 2
left_child=1 2 -1 4 -4 -3
right_child=-2 5 3 -5 -6 -7
leaf_value=2.9559987223084971e-05 6.1819972364990464e-06 0.00012817732061055901 0.0003173644330235358 0.00024017107069031074 -0.00020878961090907552 -0.00013244660077878513
leaf_weight=3328 11293 1425 119 122 3650 348
leaf_count=3328 11293 1425 119 122 3650 348
internal_value=-0.000412765 -0.00149772 -0.00315961 -0.0080403 -0.00904213 0.00524466
internal_weight=20285 8992 7219 3891 3769 1773
internal_count=20285 8992 7219 3891 3769 1773
is_linear=0
shrinkage=0.05


Tree=450
num_leaves=7
num_cat=0
split_feature=2 45 41 51 19 36
split_gain=9.30288 29.5927 52.6135 39.4964 30.4508 29.582
threshold=0.0075160898268222818 0.075297381728887572 0.066245865076780333 0.080180540680885329 0.92499998211860668 0.79347431659698497
decision_type=2 2 2 10 2 2
left_child=1 2 -1 4 5 -4
right_child=-2 -3 3 -5 -6 -7
leaf_value=-1.996546895609079e-05 8.762446301539872e-06 -7.8792374835377161e-05 0.00020520057196504358 -0.00064793138175773624 -0.00012202838882009798 -5.0617564149116738e-05
leaf_weight=7015 8818 2622 1415 68 162 175
leaf_count=7015 8818 2622 1415 68 162 175
internal_value=-0.000324211 -0.00134575 3.67647e-05 0.00760274 0.0090922 0.0112069
internal_weight=20275 11457 8835 1820 1752 1590
internal_count=20275 11457 8835 1820 1752 1590
is_linear=0
shrinkage=0.05


Tree=451
num_leaves=7
num_cat=0
split_feature=47 10 48 36 42 48
split_gain=11.4008 35.1347 12.8992 10.8484 59.6327 25.3396
threshold=0.58502250909805309 0.025513288564980034 0.64556926488876354 -0.89702075719833363 0.097179949283599867 2.5937851667404179
decision_type=2 2 2 2 2 2
left_child=1 -1 -3 4 -2 -6
right_child=3 2 -4 -5 5 -7
leaf_value=-0.00032736938972789762 -0.00013070237445941292 0.0005246189329469542 -4.2142638490786722e-05 9.8097083133766479e-08 0.00021804924380068973 -0.00026941980560619505
leaf_weight=216 1074 53 51 18388 439 53
leaf_count=216 1074 53 51 18388 439 53
internal_value=-0.000393264 -0.00976923 0.0135321 -0.000324415 -0.00431254 0.0100101
internal_weight=20274 320 104 19954 1566 492
internal_count=20274 320 104 19954 1566 492
is_linear=0
shrinkage=0.05


Tree=452
num_leaves=7
num_cat=0
split_feature=42 3 35 48 46 38
split_gain=8.80619 20.9245 17.7646 19.3072 15.747 20.5869
threshold=0.051280364394187934 0.005103032337501646 0.47254224121570593 -0.5408550202846526 0.96261799335479747 0.018453376367688182
decision_type=2 2 2 2 2 2
left_child=1 2 4 -4 5 -1
right_child=-2 -3 3 -5 -6 -7
leaf_value=4.4645978778980713e-05 5.0315924968368168e-07 -0.00017517352150245581 -0.00011738418821682969 0.00060516807262260336 -6.9575003290857438e-05 -0.00018896447023338325
leaf_weight=404 18907 72 59 75 623 57
leaf_count=404 18907 72 59 75 623 57
internal_value=-0.000350213 -0.0042278 -0.00259608 0.0142086 -0.00475207 0.00219957
internal_weight=20197 1290 1218 134 1084 461
internal_count=20197 1290 1218 134 1084 461
is_linear=0
shrinkage=0.05


Tree=453
num_leaves=7
num_cat=0
split_feature=2 24 0 22 21 47
split_gain=9.08675 17.5139 16.9311 14.9502 11.2966 10.2452
threshold=0.015268787741661074 -0.070542782545089708 0.045527808368206031 0.72499999403953563 0.52500000596046459 1.0803250670433047
decision_type=2 2 2 2 2 2
left_child=5 -2 3 4 -3 -1
right_child=1 2 -4 -5 -6 -7
leaf_value=-5.9066591518255364e-06 0.00041654357682329118 -9.0094938399888592e-05 -0.00042250068633165971 -0.00034870212991922056 0.00042009995522431236 3.5992028485450947e-05
leaf_weight=17328 58 61 76 81 52 2578
leaf_count=17328 58 61 76 81 52 2578
internal_value=-0.000344632 -0.00833333 -0.0137273 -0.00540201 0.00614407 -3.76676e-06
internal_weight=20234 328 270 194 113 19906
internal_count=20234 328 270 194 113 19906
is_linear=0
shrinkage=0.05


Tree=454
num_leaves=7
num_cat=0
split_feature=37 37 35 39 38 22
split_gain=7.31592 15.4422 12.9242 18.2776 14.0089 13.5819
threshold=-0.0010800358140841124 -0.0018759266240522263 -0.13897801935672757 -0.063188947737216936 -0.035546613857150071 0.32500000298023229
decision_type=2 2 2 2 2 2
left_child=1 2 3 -1 -5 -6
right_child=-2 -3 -4 4 5 -7
leaf_value=0.00037802315688980443 5.6881018886371584e-06 -7.489935325355083e-05 2.1813451249184675e-05 -0.00029843623037820519 2.7784489959567571e-05 -7.0935882327253982e-05
leaf_weight=81 12712 1597 3012 61 639 2190
leaf_count=81 12712 1597 3012 61 639 2190
internal_value=-0.000348574 -0.00146012 -0.000288076 -0.00262937 -0.00330743 -0.00276112
internal_weight=20292 7580 5983 2971 2890 2829
internal_count=20292 7580 5983 2971 2890 2829
is_linear=0
shrinkage=0.05


Tree=455
num_leaves=7
num_cat=0
split_feature=36 39 35 0 39 33
split_gain=11.0217 35.8661 37.8276 32.0007 37.0896 38.6791
threshold=0.58809426426887523 0.0042178942821919927 0.42023013532161718 0.012001839932054283 0.030359712429344658 -0.19747339189052579
decision_type=2 2 2 2 2 2
left_child=-1 -2 -3 4 5 -4
right_child=1 2 3 -5 -6 -7
leaf_value=-9.9599154336065896e-06 0.00011081971381136005 -0.00026858181091813716 0.00024246507584114367 0.00020601414171345385 0.00011901856578158694 -0.00019296511970002175
leaf_weight=17144 1803 257 136 178 257 548
leaf_count=17144 1803 257 136 178 257 548
internal_value=-0.000421832 0.0024576 -0.00360246 0.000378114 -0.00330338 -0.00939768
internal_weight=20323 3179 1376 1119 941 684
internal_count=20323 3179 1376 1119 941 684
is_linear=0
shrinkage=0.05


Tree=456
num_leaves=7
num_cat=0
split_feature=22 36 19 48 45 55
split_gain=10.2048 30.6615 40.0818 35.5012 31.8578 47.0892
threshold=0.72499999403953563 0.42216032743453985 0.87500000000000011 -0.24472907930612561 0.087174829095602049 181205.52343750003
decision_type=2 2 2 2 2 8
left_child=-1 2 4 -3 -2 -6
right_child=1 3 -4 -5 5 -7
leaf_value=1.187699712602451e-06 -0.0002648033164253573 0.00072598029840216581 0.00012064216124663737 2.0676391113564827e-05 -0.00025894035667281112 -3.5731024623658365e-06
leaf_weight=14189 1258 127 772 668 536 2792
leaf_count=14189 1258 127 772 668 536 2792
internal_value=-0.00048533 -0.00234248 -0.00370595 0.00678125 -0.00548355 -0.00290279
internal_weight=20342 6153 5358 795 4586 3328
internal_count=20342 6153 5358 795 4586 3328
is_linear=0
shrinkage=0.05


Tree=457
num_leaves=7
num_cat=0
split_feature=12 55 42 46 43 46
split_gain=7.94521 22.803 33.7937 37.0898 26.3019 25.5425
threshold=0.050801768898963935 5078232680.000001 0.091714758425951018 0.88481318950653087 0.063768245279788985 0.78035444021224987
decision_type=2 8 2 2 2 2
left_child=-1 5 3 -3 -5 -2
right_child=1 2 -4 4 -6 -7
leaf_value=1.5662650602268511e-06 0.00027717283816721462 -0.00022988002885105296 -0.0001359138769649877 -0.00011061349903637649 0.0002059507769797683 -0.0001310366256392078
leaf_weight=18345 56 166 486 120 653 416
leaf_count=18345 56 166 486 120 653 416
internal_value=-0.000339556 -0.00327287 -8.74126e-05 0.00542903 0.0100578 -0.0127358
internal_weight=20242 1897 1425 939 773 472
internal_count=20242 1897 1425 939 773 472
is_linear=0
shrinkage=0.05


Tree=458
num_leaves=7
num_cat=0
split_feature=27 31 32 38 33 2
split_gain=10.9843 30.634 20.7767 9.8464 9.766 14.8765
threshold=-0.050732770934700959 38.477273941040046 -0.45560254156589503 0.0012509313528425994 0.57898852229118358 0.0097481068223714846
decision_type=2 2 2 2 2 2
left_child=1 2 -1 -4 -2 -6
right_child=4 -3 3 -5 5 -7
leaf_value=0.00027494364943476566 2.0373719225559062e-06 -0.00022736183191478495 -0.00024759998533282514 3.9361204612542341e-05 -3.0132858888109636e-05 -0.00036554343386384862
leaf_weight=165 19364 387 68 65 272 68
leaf_count=165 19364 387 68 65 272 68
internal_value=-0.000391046 -0.00641304 0.00552805 -0.00887681 3.80537e-06 -0.00833333
internal_weight=20389 685 298 133 19704 340
internal_count=20389 685 298 133 19704 340
is_linear=0
shrinkage=0.05


Tree=459
num_leaves=7
num_cat=0
split_feature=30 36 45 46 31 32
split_gain=12.3554 18.5282 20.5198 18.329 30.9126 17.1497
threshold=35.517726898193366 -0.81874778866767872 0.092593811452388777 0.99332371354103099 47.979804992675788 -0.55380806326866139
decision_type=2 2 2 2 2 2
left_child=1 2 3 4 -1 -3
right_child=-2 5 -4 -5 -6 -7
leaf_value=0.00038912427627780583 2.9651764889831548e-06 3.7457937724518312e-05 0.0006319328740009636 -9.5025740993076311e-05 -0.00029199802329285177 -8.8277586958661927e-05
leaf_weight=151 16343 771 70 193 63 2663
leaf_count=151 16343 771 70 193 63 2663
internal_value=-0.000354164 -0.00289198 0.00627593 0.00175971 0.011758 -0.00417999
internal_weight=20254 3911 477 407 214 3434
internal_count=20254 3911 477 407 214 3434
is_linear=0
shrinkage=0.05


Tree=460
num_leaves=7
num_cat=0
split_feature=50 44 42 2 40 44
split_gain=9.47681 15.8468 20.4752 9.22491 17.91 16.661
threshold=2.4966553449630742 0.092947695404291167 0.068304527550935759 0.0036746505647897725 0.03223527409136296 0.051408579573035247
decision_type=2 2 2 2 2 2
left_child=3 2 -2 5 -5 -1
right_child=1 -3 -4 4 -6 -7
leaf_value=0.00012735061800020313 -2.8676982429579319e-05 -0.00015785583708044718 0.00031797381866970791 -0.00015439775253438547 -6.2128193546039266e-06 -0.00017312435983741375
leaf_weight=270 100 75 157 139 19511 58
leaf_count=270 100 75 157 139 19511 58
internal_value=-0.000333497 0.00793769 0.0138359 -0.000514187 -0.00065505 0.00773273
internal_weight=20310 332 257 19978 19650 328
internal_count=20310 332 257 19978 19650 328
is_linear=0
shrinkage=0.05


Tree=461
num_leaves=7
num_cat=0
split_feature=42 3 36 24 46 16
split_gain=9.18861 19.7555 24.7148 21.0967 16.9774 22.6263
threshold=0.051280364394187934 0.005103032337501646 0.45939175784587866 -0.0055925140623003236 0.95268628001213085 0.62500000000000011
decision_type=2 2 2 2 2 2
left_child=1 2 4 -4 5 -1
right_child=-2 -3 3 -5 -6 -7
leaf_value=5.1717218133850995e-05 -1.437538194891722e-06 -0.00019792260271452112 -0.0002665222708518345 0.00059485951341438663 -6.7666210412972106e-05 -0.00014953216130354622
leaf_weight=362 18969 62 66 74 651 95
leaf_count=362 18969 62 66 74 651 95
internal_value=-0.000343867 -0.00446768 -0.00301277 0.0163793 -0.00554807 0.00178571
internal_weight=20279 1310 1248 140 1108 457
internal_count=20279 1310 1248 140 1108 457
is_linear=0
shrinkage=0.05


Tree=462
num_leaves=7
num_cat=0
split_feature=12 51 35 48 20 36
split_gain=12.8334 29.7693 27.8561 65.0455 33.5924 24.981
threshold=-0.026546420529484745 0.014402599073946478 0.44925771653652197 0.061159821227192886 0.22500000149011615 0.33611392974853521
decision_type=2 8 2 2 2 2
left_child=1 -1 5 4 -4 -3
right_child=-2 2 3 -5 -6 -7
leaf_value=0.00046113740889307985 -1.1099200180066733e-05 3.0144875225814811e-05 -7.8543408048845862e-05 0.00083377392424184159 -0.00051967894323066489 0.00023543897657524136
leaf_weight=86 16277 3091 448 57 132 233
leaf_count=86 16277 3091 448 57 132 233
internal_value=-0.000362782 0.00220262 0.00154438 -0.00798287 -0.0131197 0.0033869
internal_weight=20324 4047 3961 637 580 3324
internal_count=20324 4047 3961 637 580 3324
is_linear=0
shrinkage=0.05


Tree=463
num_leaves=7
num_cat=0
split_feature=50 26 10 39 0 2
split_gain=8.87121 24.2899 28.6693 22.1937 31.1588 27.4193
threshold=0.89412730932235729 0.067802984267473235 0.11380777880549432 -0.040717471390962594 -0.048720020800828927 0.0062280441634356984
decision_type=2 2 2 2 2 2
left_child=-1 3 -3 4 -2 -5
right_child=1 2 -4 5 -6 -7
leaf_value=-1.038073752832427e-05 -1.8745105416045733e-05 -0.0001615849868434308 0.00019015533920274097 7.9239530124858092e-05 0.00034490518079441981 -2.0396665828872464e-05
leaf_weight=16100 211 527 110 1081 292 1982
leaf_count=16100 211 527 110 1081 292 1982
internal_value=-0.00037793 0.00174073 -0.00720405 0.0033534 0.0130413 0.00173566
internal_weight=20303 4203 637 3566 503 3063
internal_count=20303 4203 637 3566 503 3063
is_linear=0
shrinkage=0.05


Tree=464
num_leaves=7
num_cat=0
split_feature=27 12 59 49 39 35
split_gain=7.26989 8.7955 8.49742 8.37354 18.3751 24.2094
threshold=0.06949253007769586 0.011514537502080204 0.011533373035490515 1.39100056886673 -0.010422042571008204 -0.29965727031230921
decision_type=2 2 10 2 2 2
left_child=2 -2 3 -1 -5 -6
right_child=1 -3 -4 4 5 -7
leaf_value=-8.4628408607736656e-06 0.0001523158140624037 -0.00014176601040371333 0.00030739045995272597 0.00016149346514950501 -0.00014487762464555315 5.2925722071144392e-05
leaf_weight=18479 50 274 57 450 387 635
leaf_count=18479 50 274 57 450 387 635
internal_value=-0.000357722 -0.00782675 -0.000328536 -0.000387102 0.0032329 -0.000462512
internal_weight=20332 324 20008 19951 1472 1022
internal_count=20332 324 20008 19951 1472 1022
is_linear=0
shrinkage=0.05


Tree=465
num_leaves=7
num_cat=0
split_feature=55 15 45 39 55 48
split_gain=8.42381 38.2088 42.052 42.655 36.7226 26.3028
threshold=152361.15625000003 0.57500001788139354 0.10786850005388261 -0.047327388077974313 163819.50781250003 -1.8320470452308653
decision_type=8 2 2 2 8 2
left_child=1 2 3 -1 5 -2
right_child=4 -3 -4 -5 -6 -7
leaf_value=-0.00035697593081614979 7.7315793131359865e-05 -5.4344723550033785e-05 -0.00026255242977387468 0.00022083254668298281 -5.9468123380400537e-06 -0.00058490210880309207
leaf_weight=71 61 1030 94 1101 17664 159
leaf_count=71 61 1030 94 1101 17664 159
internal_value=-0.00040005 0.00250978 0.00832022 0.0109388 -0.000702946 -0.0207778
internal_weight=20180 2296 1266 1172 17884 220
internal_count=20180 2296 1266 1172 17884 220
is_linear=0
shrinkage=0.05


Tree=466
num_leaves=7
num_cat=0
split_feature=35 30 46 33 44 44
split_gain=8.29476 18.8152 18.9094 9.38103 28.6449 34.1202
threshold=0.85565930604934703 38.246639251708991 0.99332371354103099 0.043792681768536575 0.062822036445140853 0.082724995911121382
decision_type=2 2 2 2 2 2
left_child=3 -2 -3 -1 -5 -6
right_child=1 2 -4 4 5 -7
leaf_value=1.1822405191903701e-05 6.9186738434020783e-05 -0.00044947756304982941 -1.3387944191914337e-06 -7.5121444968706983e-05 4.5297527989727592e-05 -3.9148275416814103e-05
leaf_weight=11228 119 115 97 1166 3156 4523
leaf_count=11228 119 115 97 1166 3156 4523
internal_value=-0.00037116 -0.00811012 -0.0169355 -0.000185526 -0.00140395 -0.000289563
internal_weight=20404 331 212 20073 8845 7679
internal_count=20404 331 212 20073 8845 7679
is_linear=0
shrinkage=0.05


Tree=467
num_leaves=7
num_cat=0
split_feature=58 35 45 24 45 55
split_gain=9.69328 13.7283 26.7988 16.58 23.2859 22.1026
threshold=0.0002364362153457478 0.76070174574852001 0.075297381728887572 0.024644573219120506 0.10417580977082254 70186.457031250015
decision_type=8 2 2 2 2 8
left_child=1 3 -3 4 -1 -6
right_child=-2 2 -4 -5 5 -7
leaf_value=0.00013869447484825688 -1.2657151727704468e-05 -0.00042623485886785634 9.6903345046741535e-05 -6.388322483022951e-06 -0.00029275805547332976 9.0239730940937105e-05
leaf_weight=1266 17133 96 73 1481 82 83
leaf_count=1266 17133 96 73 1481 82 83
internal_value=-0.000379593 0.00198477 -0.0116379 0.00280254 0.00663301 -0.0107353
internal_weight=20214 3081 169 2912 1431 165
internal_count=20214 3081 169 2912 1431 165
is_linear=0
shrinkage=0.05


Tree=468
num_leaves=7
num_cat=0
split_feature=51 39 8 48 6 3
split_gain=11.2048 14.5735 8.57199 19.6699 31.7801 21.2233
threshold=-2.3632502555847164 -0.010422042571008204 0.66649937629699718 -0.48353889584541315 0.85487136244773876 0.0049841741565614947
decision_type=8 2 2 2 2 2
left_child=1 -1 -2 -4 5 -5
right_child=2 -3 3 4 -6 -7
leaf_value=-0.00019028599005629942 -1.7661457492842362e-05 0.00028550856158494577 -9.637896287283419e-05 -5.7462427654515011e-05 -1.1815518841132604e-05 9.8615167318307122e-05
leaf_weight=52 12838 85 1125 271 3413 2569
leaf_count=52 12838 85 1125 271 3413 2569
internal_value=-0.000308233 0.0135563 -0.000532862 0.000822836 0.00192154 0.00582601
internal_weight=20353 137 20216 7378 6253 2840
internal_count=20353 137 20216 7378 6253 2840
is_linear=0
shrinkage=0.05


Tree=469
num_leaves=7
num_cat=0
split_feature=13 29 38 19 2 48
split_gain=7.84301 15.6778 13.5676 15.4157 13.6857 11.2681
threshold=-0.034721102565526955 -0.052616314962506287 -0.0019169530132785437 0.32500000298023229 0.008198550436645748 -0.71361038088798512
decision_type=2 2 2 2 2 2
left_child=1 2 5 4 -4 -1
right_child=-2 -3 3 -5 -6 -7
leaf_value=-7.3328448370936846e-06 9.0541591844285358e-07 -0.00024014757915542589 -3.074708689385988e-05 -0.00032894407380103761 0.00027466835722265878 -0.00024180753258464655
leaf_weight=103 19585 231 68 54 173 55
leaf_count=103 19585 231 68 54 173 55
internal_value=-0.000348969 -0.00533382 5.45852e-05 0.00641667 0.0118902 -0.0115031
internal_weight=20269 684 453 295 241 158
internal_count=20269 684 453 295 241 158
is_linear=0
shrinkage=0.05


Tree=470
num_leaves=7
num_cat=0
split_feature=6 27 19 27 55 10
split_gain=12.4255 26.1753 20.6488 16.2608 29.4165 19.6821
threshold=0.91589739918708812 0.031757071614265449 0.62500000000000011 0.025484263896942142 8.3993420600891131 0.041068736463785178
decision_type=2 2 2 2 8 2
left_child=3 2 -2 -1 -5 -6
right_child=1 -3 -4 4 5 -7
leaf_value=-4.7405458590991505e-06 -0.00010220656691087036 -0.00010733331604549576 7.0922331435036774e-05 0.00044699353255223839 7.9250081823332901e-05 -7.4050311520470712e-05
leaf_weight=15729 201 1324 820 120 1544 603
leaf_count=15729 201 1324 820 120 1544 603
internal_value=-0.000391969 -0.00362766 0.00236355 0.000237487 0.00419234 0.00279972
internal_weight=20341 2345 1021 17996 2267 2147
internal_count=20341 2345 1021 17996 2267 2147
is_linear=0
shrinkage=0.05


Tree=471
num_leaves=7
num_cat=0
split_feature=16 42 50 25 12 48
split_gain=9.86374 24.0559 19.3314 24.6144 21.0885 20.0223
threshold=0.87500000000000011 0.070053111761808409 2.4966553449630742 0.018988159485161308 0.016003227792680267 2.2894630432128911
decision_type=2 2 2 2 2 2
left_child=2 -2 3 5 -4 -1
right_child=1 -3 4 -5 -6 -7
leaf_value=-3.3701935086399178e-06 -5.378147852061867e-05 5.7432203661162765e-05 -8.3981966143482974e-05 -0.00012114418561530238 0.00050231468585639806 -0.00012664720540754429
leaf_weight=15529 656 2391 51 1324 90 233
leaf_count=15529 656 2391 51 1324 90 233
internal_value=-0.000363677 0.002269 -0.000813893 -0.000969809 0.0172945 -0.00041701
internal_weight=20274 3047 17227 17086 141 15762
internal_count=20274 3047 17227 17086 141 15762
is_linear=0
shrinkage=0.05


Tree=472
num_leaves=7
num_cat=0
split_feature=8 48 36 6 55 39
split_gain=10.0464 29.6564 26.071 24.7586 25.9264 21.03
threshold=0.66649937629699718 -0.71361038088798512 -0.31181326508522028 0.85487136244773876 101903.64453125001 0.0042178942821919927
decision_type=2 2 2 2 8 2
left_child=-1 2 5 4 -3 -2
right_child=1 3 -4 -5 -6 -7
leaf_value=-1.594112600389996e-05 -0.00057144798541190799 0.00022830246048400338 3.2987808153661995e-06 -5.2926576339624159e-06 4.3419195597335717e-05 -7.7174328378685521e-05
leaf_weight=12954 202 408 406 3495 2785 149
leaf_count=12954 202 408 406 3495 2785 149
internal_value=-0.000327142 0.00117114 -0.00816929 0.00223741 0.00541745 -0.0180478
internal_weight=20399 7445 757 6688 3193 351
internal_count=20399 7445 757 6688 3193 351
is_linear=0
shrinkage=0.05


Tree=473
num_leaves=7
num_cat=0
split_feature=46 17 45 47 39 41
split_gain=9.41703 18.5585 33.8754 22.0854 21.2359 21.6076
threshold=1.0752027630805971 0.77500000596046459 0.05200700834393502 1.6064773201942446 0.051370676606893546 0.11399102583527566
decision_type=2 2 2 2 2 2
left_child=1 3 -3 4 5 -1
right_child=-2 2 -4 -5 -6 -7
leaf_value=7.4123765309862951e-06 1.842748700758945e-05 -0.00020282864790512292 -2.8787360555806823e-05 0.00041112322583514095 -0.00065138998121893211 -0.000161012209271074
leaf_weight=11542 4268 207 3750 119 65 309
leaf_count=11542 4268 207 3750 119 65 309
internal_value=-0.000304713 -0.000798587 -0.00376704 0.000176495 -3.98457e-05 0.000120192
internal_weight=20260 15992 3957 12035 11916 11851
internal_count=20260 15992 3957 12035 11916 11851
is_linear=0
shrinkage=0.05


Tree=474
num_leaves=7
num_cat=0
split_feature=51 39 1 55 44 6
split_gain=6.92766 21.119 7.33684 32.1372 34.568 32.852
threshold=-2.3632502555847164 -0.010422042571008204 -0.019209953956305977 8.6631784439086932 0.10955653339624406 0.83935847878456127
decision_type=8 2 2 8 2 2
left_child=1 -1 -2 4 -4 -6
right_child=2 -3 3 -5 5 -7
leaf_value=-0.00018012704165813973 -1.8173212950563864e-05 0.00031542193182141362 -5.6947315942909241e-05 1.1123363893924144e-06 0.00095400746633470955 4.4681144683237763e-05
leaf_weight=57 5809 83 144 13886 127 95
leaf_count=57 5809 83 144 13886 127 95
internal_value=-0.000310551 0.0108621 -0.000105901 0.000503262 0.015027 0.0272026
internal_weight=20201 140 20061 14252 366 222
internal_count=20201 140 20061 14252 366 222
is_linear=0
shrinkage=0.05


Tree=475
num_leaves=7
num_cat=0
split_feature=38 53 46 10 46 45
split_gain=6.92527 25.4712 22.6419 24.0199 20.767 25.8089
threshold=-0.023694497533142563 0.07613867893815042 1.1228982210159304 -0.0047102826647460452 0.82707658410072338 0.086241785436868681
decision_type=2 10 2 2 2 2
left_child=1 2 3 4 -1 -6
right_child=-2 -3 -4 -5 5 -7
leaf_value=-0.0001894988461519997 -9.7546812443209947e-07 0.00043293416193843103 -0.0003235318650229896 2.8614065362538306e-05 -0.0002276797067050764 7.3807296038307346e-05
leaf_weight=199 18613 120 101 831 199 215
leaf_count=199 18613 120 101 831 199 215
internal_value=-0.000398117 -0.00348802 -0.00524194 -0.00357143 -0.0110437 -0.00447494
internal_weight=20278 1665 1545 1444 613 414
internal_count=20278 1665 1545 1444 613 414
is_linear=0
shrinkage=0.05


Tree=476
num_leaves=7
num_cat=0
split_feature=47 0 47 0 39 46
split_gain=13.8236 27.2869 17.1529 29.3026 35.7905 17.5589
threshold=0.58502250909805309 -0.034378945827484124 0.67023825645446788 -0.01827128883451223 0.0048660077154636392 0.96261799335479747
decision_type=2 2 2 2 2 2
left_child=1 -1 3 5 -5 -2
right_child=2 -3 -4 4 -6 -7
leaf_value=0.0002499601182157785 0.00022016628544173917 -0.00033114329832775242 -3.6030572080362136e-07 0.00033716201000088793 -0.00031536690304581833 -0.00019543859242399878
leaf_weight=79 75 244 19387 374 73 134
leaf_count=79 75 244 19387 374 73 134
internal_value=-0.000352216 -0.0101372 0.000210744 0.00813162 0.0153208 -0.00712617
internal_weight=20366 323 20043 656 447 209
internal_count=20366 323 20043 656 447 209
is_linear=0
shrinkage=0.05


Tree=477
num_leaves=7
num_cat=0
split_feature=12 38 53 1 1 47
split_gain=9.67527 28.8633 44.509 36.9207 28.7871 25.7665
threshold=-0.023511490784585472 0.00072228597127832483 -0.21720072627067563 -0.022588991560041901 0.027773147448897365 0.74645867943763744
decision_type=2 2 8 2 2 2
left_child=1 2 -1 -4 -5 -3
right_child=-2 5 3 4 -6 -7
leaf_value=0.00046725578999478549 -1.2350981292875335e-05 -0.00015997734101047371 -0.00032632758231121477 2.2163040515121857e-05 -0.00017725137362790825 9.1681418238247724e-05
leaf_weight=135 15558 176 203 1264 516 2449
leaf_count=135 15558 176 203 1264 516 2449
internal_value=-0.000368118 0.00156382 -0.00276731 -0.00469064 -0.00233894 0.00506654
internal_weight=20301 4743 2118 1983 1780 2625
internal_count=20301 4743 2118 1983 1780 2625
is_linear=0
shrinkage=0.05


Tree=478
num_leaves=7
num_cat=0
split_feature=44 30 31 12 58 14
split_gain=7.40734 20.724 10.0224 13.934 7.95392 16.3646
threshold=0.045934742316603668 38.246639251708991 43.901306152343757 0.011514537502080204 -0.00037749533657915885 0.37500000000000006
decision_type=2 2 2 2 8 2
left_child=1 -1 -3 -4 5 -2
right_child=4 2 3 -5 -6 -7
leaf_value=-0.00013950036358753329 0.00018419786906813198 0.00016265911100922628 -0.00011432513404252556 9.4033284873368681e-05 2.4527037530667261e-06 -0.00020702247209420884
leaf_weight=114 80 51 87 78 19746 162
leaf_count=114 80 51 87 78 19746 162
internal_value=-0.000333366 -0.00738806 0.00169683 -0.00426471 0.000108788 -0.00880567
internal_weight=20318 330 216 165 19988 242
internal_count=20318 330 216 165 19988 242
is_linear=0
shrinkage=0.05


Tree=479
num_leaves=7
num_cat=0
split_feature=8 48 6 46 55 45
split_gain=9.02516 26.7233 26.3989 25.0719 23.1256 21.652
threshold=0.63287982344627391 -0.83518281579017628 0.85487136244773876 1.053286135196686 8.3993420600891131 0.080019384622573866
decision_type=2 2 2 2 8 2
left_child=-1 3 4 5 -3 -2
right_child=1 2 -4 -5 -6 -7
leaf_value=-1.4997409294235725e-05 -5.9680235967456862e-05 0.0003941202345506374 -1.1884353016313962e-05 0.00010407211279205518 4.8959143671042108e-05 -0.0004896163599633559
leaf_weight=12351 276 122 3493 197 3545 230
leaf_count=12351 276 122 3493 197 3545 230
internal_value=-0.000325189 0.000892857 0.00181089 -0.00836864 0.0047726 -0.0142368
internal_weight=20214 7863 7160 703 3667 506
internal_count=20214 7863 7160 703 3667 506
is_linear=0
shrinkage=0.05


Tree=480
num_leaves=7
num_cat=0
split_feature=38 51 36 47 7 36
split_gain=11.4601 24.4099 26.4092 37.6156 22.075 19.5921
threshold=-0.023694497533142563 -0.024624063633382317 -0.48365999758243555 1.0924050211906435 0.93503838777542125 -0.36278811097145075
decision_type=2 8 2 2 2 2
left_child=1 -1 3 -3 -5 -4
right_child=-2 2 5 4 -6 -7
leaf_value=0.00024892678994647337 3.1794689851967355e-06 7.8464393431625914e-05 -0.00051458622810706767 -1.8181552438071214e-05 -0.00030373935162439413 -0.00011215462585293921
leaf_weight=155 18678 403 102 135 53 819
leaf_count=155 18678 403 102 135 53 819
internal_value=-0.000396806 -0.00402213 -0.0059822 0.00222315 -0.0159326 -0.0112581
internal_weight=20345 1667 1512 591 188 921
internal_count=20345 1667 1512 591 188 921
is_linear=0
shrinkage=0.05


Tree=481
num_leaves=7
num_cat=0
split_feature=10 51 12 39 10 15
split_gain=9.79518 21.6778 28.3015 20.7988 35.0631 65.4937
threshold=0.0050684751477092513 0.069167666137218489 0.023734435439109806 -0.030532930046319958 -0.047075975686311715 0.62500000000000011
decision_type=2 8 2 2 2 2
left_child=1 2 -1 4 -3 -6
right_child=-2 3 -4 -5 5 -7
leaf_value=0.00013434884790369843 8.7849375826191876e-06 0.00030380883027423763 -0.00022728648631363502 -4.2880834516029267e-05 -0.00010483652877972327 0.00042639320773357942
leaf_weight=820 9479 329 171 8679 684 189
leaf_count=820 9479 329 171 8679 684 189
internal_value=-0.000362301 -0.00147789 0.00554719 -0.00218744 0.00395609 -0.00128132
internal_weight=20351 10872 991 9881 1202 873
internal_count=20351 10872 991 9881 1202 873
is_linear=0
shrinkage=0.05


Tree=482
num_leaves=7
num_cat=0
split_feature=22 45 0 35 35 52
split_gain=11.1197 44.5214 28.1571 33.4071 29.5001 28.9908
threshold=0.87500000000000011 0.084594741463661208 0.026332723908126358 0.11155203357338907 -0.83619201183319081 0.00030508956115227198
decision_type=2 2 2 2 2 8
left_child=-1 -2 3 5 -4 -3
right_child=1 2 4 -5 -6 -7
leaf_value=1.4012958831487936e-06 -0.00090895186846157725 -0.00071323780351216981 0.00062985619640208625 0.00012694317160340561 4.3720102452031127e-05 -8.5071751124002825e-05
leaf_weight=17227 166 92 103 410 485 1743
leaf_count=17227 166 92 103 410 485 1743
internal_value=-0.000349711 -0.00313748 -0.00162967 -0.00418889 0.00805228 -0.0070788
internal_weight=20226 2999 2833 2245 588 1835
internal_count=20226 2999 2833 2245 588 1835
is_linear=0
shrinkage=0.05


Tree=483
num_leaves=7
num_cat=0
split_feature=21 3 29 10 1 10
split_gain=8.45744 23.7571 23.0426 19.087 19.0571 21.0966
threshold=0.47499999403953558 0.009787446819245817 0.050160773098468787 -0.041984524577856057 0.036512583494186408 0.034325225278735168
decision_type=2 2 2 2 2 2
left_child=1 2 4 -3 5 -1
right_child=-2 3 -4 -5 -6 -7
leaf_value=-1.2444404468679152e-05 -1.3498852580447104e-05 -0.00015008201320342512 -0.00010575237025760066 0.00021729719553520942 0.00010242692182850506 6.8593112582087491e-05
leaf_weight=5847 11143 55 385 188 541 2159
leaf_count=5847 11143 55 385 188 541 2159
internal_value=-0.000343207 0.000961329 0.000534296 0.0162298 0.0010787 0.000458744
internal_weight=20318 9175 8932 243 8547 8006
internal_count=20318 9175 8932 243 8547 8006
is_linear=0
shrinkage=0.05


Tree=484
num_leaves=7
num_cat=0
split_feature=38 22 46 46 36 36
split_gain=8.83913 20.7149 16.1471 15.7901 23.7457 20.9424
threshold=-0.023694497533142563 0.92499998211860668 1.1228982210159304 0.81494632363319408 -0.48365999758243555 -0.36278811097145075
decision_type=2 2 2 2 2 2
left_child=1 2 3 -1 -5 -6
right_child=-2 -3 -4 4 5 -7
leaf_value=-0.00011174824810079683 3.7721645130620477e-06 0.00012270312735919542 -0.0003453208823894834 9.9393717748588918e-05 -0.00056401696524084664 -2.8175132546582878e-05
leaf_weight=344 18490 167 105 360 75 629
leaf_count=344 18490 167 105 360 75 629
internal_value=-0.000340768 -0.00348665 -0.00535244 -0.00387473 -0.000818522 -0.00617066
internal_weight=20170 1680 1513 1408 1064 704
internal_count=20170 1680 1513 1408 1064 704
is_linear=0
shrinkage=0.05


Tree=485
num_leaves=7
num_cat=0
split_feature=36 42 31 34 20 23
split_gain=9.38102 32.473 21.7253 26.7032 17.6376 24.3562
threshold=-0.89702075719833363 0.097179949283599867 52.446706771850593 -0.32255569100379938 0.87500000000000011 -0.0083878375589847547
decision_type=2 2 2 2 2 2
left_child=1 4 3 -3 5 -1
right_child=-2 2 -4 -5 -6 -7
leaf_value=5.1753350644288218e-06 9.2737043855562484e-07 -0.00018584771648644488 -9.7126941633399629e-06 0.00051089726134143304 5.4301132192381526e-05 -0.00019392979573446651
leaf_weight=339 18619 51 321 153 174 651
leaf_count=339 18619 51 321 153 174 651
internal_value=-0.000363068 -0.0037928 0.00646226 0.0190191 -0.00844739 -0.0110302
internal_weight=20308 1689 525 204 1164 990
internal_count=20308 1689 525 204 1164 990
is_linear=0
shrinkage=0.05


Tree=486
num_leaves=7
num_cat=0
split_feature=36 42 48 20 51 30
split_gain=8.06483 27.78 26.6018 24.7499 27.9037 27.94
threshold=-0.87868240475654591 0.097179949283599867 2.5937851667404179 0.87500000000000011 0.0083839492872357386 42.891792297363288
decision_type=2 2 2 2 8 2
left_child=1 3 -3 4 -1 -6
right_child=-2 2 -4 -5 5 -7
leaf_value=0.00024929208199088405 2.4633256389995478e-06 0.00012142991089680416 -0.00027486632233902729 0.00010916542302305561 -1.1504395171639244e-05 -0.00028950519662995024
leaf_weight=83 18217 516 62 240 421 679
leaf_count=83 18217 516 62 240 421 679
internal_value=-0.000206448 -0.00305334 0.00613208 -0.00681022 -0.00978535 -0.0119231
internal_weight=20218 2001 578 1423 1183 1100
internal_count=20218 2001 578 1423 1183 1100
is_linear=0
shrinkage=0.05


Tree=487
num_leaves=7
num_cat=0
split_feature=40 52 45 22 43 38
split_gain=9.71295 26.4022 28.931 30.6444 24.2495 34.4485
threshold=0.091951392590999617 1.6298571608786009e-05 0.090327650308609023 0.92499998211860668 0.097442720085382475 0.0079018254764378088
decision_type=2 10 2 2 2 2
left_child=4 -2 -3 -4 -1 -6
right_child=1 2 3 -5 5 -7
leaf_value=7.2642541462712923e-07 -4.6327534281185705e-05 0.00042805563773219289 -0.00018256857043138076 0.00045910217530716253 4.0683011320570325e-05 0.00081423376456003522
leaf_weight=15839 3536 152 161 78 491 121
leaf_count=15839 3536 152 161 78 491 121
internal_value=-0.000391257 -0.0023207 0.00991162 -0.000922131 0.000445126 0.0101702
internal_weight=20378 3927 391 239 16451 612
internal_count=20378 3927 391 239 16451 612
is_linear=0
shrinkage=0.05


Tree=488
num_leaves=7
num_cat=0
split_feature=27 38 20 28 48 19
split_gain=9.20236 24.4313 24.4046 17.5538 15.5116 11.2639
threshold=-0.050732770934700959 0.015106946695595981 0.17500000447034839 -0.010178054217249153 -1.0307765603065489 0.27500000596046453
decision_type=2 2 2 2 2 2
left_child=1 2 3 -1 -5 -3
right_child=-2 5 -4 4 -6 -7
leaf_value=7.987438230257736e-05 1.3602554966326125e-06 0.0003847535593590466 -0.00033450148687847771 -2.2556452235572048e-05 -0.00029435588080215918 -0.00017557871806448325
leaf_weight=138 19486 109 155 113 78 61
leaf_count=138 19486 109 155 113 78 61
internal_value=-0.000410772 -0.00588012 -0.0116053 -0.00366766 -0.0133929 0.0101429
internal_weight=20140 654 484 329 191 170
internal_count=20140 654 484 329 191 170
is_linear=0
shrinkage=0.05


Tree=489
num_leaves=7
num_cat=0
split_feature=10 3 27 30 35 35
split_gain=9.77027 18.0214 16.9564 25.5162 25.3835 25.1917
threshold=0.0025533535517752175 0.01446635276079178 -0.0043491984251886598 33.529466629028327 0.85565930604934703 0.38668103516101843
decision_type=2 2 2 2 2 2
left_child=-1 2 3 -2 5 -5
right_child=1 -3 -4 4 -6 -7
leaf_value=-1.706825113898041e-05 -2.8734151596585585e-05 -0.00034606114801859883 -7.4829482000956727e-06 6.4306475601443893e-05 -0.00026302554986976301 0.00024225687094047585
leaf_weight=10483 1084 62 6144 1994 97 408
leaf_count=10483 1084 62 6144 1994 97 408
internal_value=-0.000284805 0.00082959 0.00100956 0.00374164 0.00651957 0.00755089
internal_weight=20272 9789 9727 3583 2499 2402
internal_count=20272 9789 9727 3583 2499 2402
is_linear=0
shrinkage=0.05


Tree=490
num_leaves=7
num_cat=0
split_feature=16 41 5 48 6 41
split_gain=9.32536 16.8184 20.4073 14.8423 14.7692 36.6452
threshold=0.12500000372529033 0.060182958841323859 -0.21950087696313855 -0.83518281579017628 0.27020418643951422 0.071458283811807646
decision_type=2 2 2 2 2 2
left_child=1 3 -3 -1 5 -2
right_child=4 2 -4 -5 -6 -7
leaf_value=0.00026282439958947803 -6.295269652425951e-06 -0.00011139524753330124 1.6406779426194351e-05 -0.00011986290516383954 -5.0479376337188227e-06 0.00013210924097745256
leaf_weight=157 2686 979 740 138 13761 1792
leaf_count=157 2686 979 740 138 13761 1792
internal_value=-0.00042329 -0.0031575 -0.0050609 0.00775 0.000423427 0.00291657
internal_weight=20253 2014 1719 295 18239 4478
internal_count=20253 2014 1719 295 18239 4478
is_linear=0
shrinkage=0.05


Tree=491
num_leaves=7
num_cat=0
split_feature=30 41 35 23 2 41
split_gain=6.5511 17.6146 18.2138 13.9057 15.1694 22.4249
threshold=75.809288024902358 0.12448384612798692 -0.37527808547019953 0.011719566304236652 0.0077758380211889752 0.068972736597061171
decision_type=2 2 2 2 2 2
left_child=-1 2 -2 -4 5 -5
right_child=1 -3 3 4 -6 -7
leaf_value=-3.994202564284804e-06 0.00017762499698376056 -0.00028772397161579453 0.00014148024745218416 -2.663184641419573e-06 9.0054304654473621e-05 -0.00036508256645392286
leaf_weight=18982 449 54 146 240 288 123
leaf_count=18982 449 54 146 240 288 123
internal_value=-0.000333958 0.00335249 0.00461631 3.11721e-05 -0.00308689 -0.00985054
internal_weight=20282 1300 1246 797 651 363
internal_count=20282 1300 1246 797 651 363
is_linear=0
shrinkage=0.05


Tree=492
num_leaves=7
num_cat=0
split_feature=39 53 52 10 18 24
split_gain=10.155 31.0435 25.5151 29.7768 32.3058 25.2715
threshold=-0.047327388077974313 -0.20901916921138761 5.1672199333552278e-05 -0.032545953989028924 0.57500001788139354 -0.033633738756179803
decision_type=2 8 8 2 2 2
left_child=1 -1 -3 -4 5 -5
right_child=-2 2 3 4 -6 -7
leaf_value=-0.00050302934841107256 7.7166627168496378e-07 0.00063461134983390337 0.0001561932653354193 9.4831662760945368e-05 1.7123690257189251e-05 -0.00033537627418393296
leaf_weight=107 18947 51 168 145 519 357
leaf_count=107 18947 51 168 145 519 357
internal_value=-0.000348539 -0.00445636 -0.00214859 -0.00370603 -0.00694444 -0.015927
internal_weight=20294 1347 1240 1189 1021 502
internal_count=20294 1347 1240 1189 1021 502
is_linear=0
shrinkage=0.05


Tree=493
num_leaves=7
num_cat=0
split_feature=27 34 43 22 48 41
split_gain=8.26073 25.116 16.1768 10.158 16.8913 15.1125
threshold=-0.050732770934700959 -0.80370089411735524 0.084437966346740737 0.82500001788139354 -0.65664151310920704 0.093731001019477858
decision_type=2 2 2 2 2 2
left_child=1 2 -1 -3 5 -5
right_child=-2 3 -4 4 -6 -7
leaf_value=-5.2034797719391264e-06 3.5850213595242656e-06 -0.00018396973628037681 0.00042521824317915188 -9.6776538456115873e-05 -0.00026116928996427585 0.00039273469729763022
leaf_weight=65 19576 307 55 72 79 98
leaf_count=65 19576 307 55 72 79 98
internal_value=-0.000408501 -0.00524963 0.015 -0.00975936 -0.00206693 0.00671429
internal_weight=20252 676 120 556 249 170
internal_count=20252 676 120 556 249 170
is_linear=0
shrinkage=0.05


Tree=494
num_leaves=7
num_cat=0
split_feature=22 44 35 3 10 35
split_gain=7.41616 34.3906 76.8891 35.5192 29.667 30.2668
threshold=0.72499999403953563 0.099708724766969695 -0.16775454580783841 0.0083463569171726721 0.017578612081706527 -0.32364279031753534
decision_type=2 2 2 2 2 2
left_child=-1 2 3 4 -2 -6
right_child=1 -3 -4 -5 5 -7
leaf_value=6.4975154187147534e-06 -0.00055957875764329286 3.5935292133127375e-05 0.00017978954240374903 -8.0092659526380969e-05 0.00017037615331799464 -0.00059147527855010458
leaf_weight=14143 638 2882 660 1643 202 75
leaf_count=14143 638 2882 660 1643 202 75
internal_value=-0.000408682 -0.00140459 -0.00495656 -0.00888607 -0.0167663 -0.00292553
internal_weight=20243 6100 3218 2558 915 277
internal_count=20243 6100 3218 2558 915 277
is_linear=0
shrinkage=0.05


Tree=495
num_leaves=7
num_cat=0
split_feature=21 52 26 31 27 36
split_gain=8.36105 25.7732 25.4737 26.3741 19.852 22.2194
threshold=0.37500000000000006 -0.00028406882483977819 -0.063712470233440385 43.486001968383796 0.031757071614265449 -0.45451161265373224
decision_type=2 8 2 2 2 2
left_child=1 -1 3 -3 5 -4
right_child=-2 2 4 -5 -6 -7
leaf_value=-0.0002884483126343802 -1.3018067769399574e-05 3.6035652609820334e-05 8.5863750787712966e-05 -0.00024280078292559994 -5.7181797519528207e-05 1.3068606202881896e-05
leaf_weight=135 13040 137 1497 207 532 4594
leaf_count=135 13040 137 1497 207 532 4594
internal_value=-0.000301534 0.00105178 0.00148092 -0.0116762 0.00217637 0.00298967
internal_weight=20142 7102 6967 344 6623 6091
internal_count=20142 7102 6967 344 6623 6091
is_linear=0
shrinkage=0.05


Tree=496
num_leaves=7
num_cat=0
split_feature=44 45 6 44 16 44
split_gain=8.56201 33.9221 24.4542 29.7709 27.7227 22.1428
threshold=0.066032189875841155 0.056540835648775108 0.30389863252639776 0.067779384553432478 0.67499998211860668 0.066831331700086608
decision_type=2 2 2 2 2 2
left_child=-1 2 5 4 -4 -2
right_child=1 -3 3 -5 -6 -7
leaf_value=-1.9551432049851438e-05 0.00018085926443351373 2.3012297078725108e-06 0.00038897497600595709 0.00060967383794178912 -0.00021005955503714818 -0.00016770452868708024
leaf_weight=3927 53 16018 53 185 67 104
leaf_count=3927 53 16018 53 185 67 104
internal_value=-0.000351509 0.000580831 0.0138651 0.0220161 0.0022 -0.00200617
internal_weight=20407 16480 462 305 120 157
internal_count=20407 16480 462 305 120 157
is_linear=0
shrinkage=0.05


Tree=497
num_leaves=7
num_cat=0
split_feature=52 43 37 36 30 38
split_gain=9.562 21.0853 8.67597 15.6567 14.7054 12.2179
threshold=-0.21911945194005963 0.092764515429735198 0.0054553530644625434 -0.81874778866767872 52.086090087890632 0.0064166202209889897
decision_type=8 2 2 2 2 2
left_child=1 -1 -2 -4 5 -5
right_child=2 -3 3 4 -6 -7
leaf_value=-0.0002047881517158152 -2.1311306080746671e-06 0.00010610078872093565 0.00018160239154151197 -9.2147803811297631e-05 8.177808849549117e-05 3.1092203572657246e-05
leaf_weight=136 18830 67 228 328 465 293
leaf_count=136 18830 67 228 328 465 293
internal_value=-0.000357459 -0.0106971 7.81677e-05 0.00399924 0.00144363 -0.00355431
internal_weight=20347 203 20144 1314 1086 621
internal_count=20347 203 20144 1314 1086 621
is_linear=0
shrinkage=0.05


Tree=498
num_leaves=7
num_cat=0
split_feature=36 39 35 47 51 12
split_gain=8.69347 40.7577 47.425 27.3312 25.4873 38.3613
threshold=0.58809426426887523 0.0032823652727529411 0.42023013532161718 0.63185757398605358 -0.012916171457618473 0.017498188652098182
decision_type=2 2 2 2 10 2
left_child=-1 3 -3 -2 5 -4
right_child=1 2 4 -5 -6 -7
leaf_value=-6.9400258616353003e-06 -0.00018899806969181304 -0.00030629072711626593 0.0002028094748906442 0.00012825080184559922 -0.0001797105529875669 -6.4342475482931811e-05
leaf_weight=16990 152 269 477 1607 230 468
leaf_count=16990 152 269 477 1607 230 468
internal_value=-0.000399792 0.00222101 -0.00398551 0.0073271 0.000360169 0.00402632
internal_weight=20193 3203 1444 1759 1175 945
internal_count=20193 3203 1444 1759 1175 945
is_linear=0
shrinkage=0.05


Tree=499
num_leaves=7
num_cat=0
split_feature=33 39 32 56 11 44
split_gain=9.97386 22.8125 26.7958 24.7651 20.5764 27.6516
threshold=-0.087559703737497316 0.026449718512594703 0.16173473000526431 2.5173088147312233e-07 -0.012962891720235346 0.1025393456220627
decision_type=2 2 2 10 2 2
left_child=1 3 -3 4 5 -1
right_child=-2 2 -4 -5 -6 -7
leaf_value=-0.00010923781005714607 -5.7397991748435672e-06 0.00016882348195196818 -0.00010068684801965069 0.00015323988230272516 2.1243956300289868e-05 0.0001091290202636579
leaf_weight=1268 12725 881 214 290 4508 372
leaf_count=1268 12725 881 214 290 4508 372
internal_value=-0.000363964 0.00182077 0.00847727 0.000679032 0 -0.00478723
internal_weight=20258 7533 1095 6438 6148 1640
internal_count=20258 7533 1095 6438 6148 1640
is_linear=0
shrinkage=0.05


end of trees

feature_importances:
usd_beta_63d=168
vol_gk_252d=168
usd_beta_21d=158
usd_factor_63d=153
vol_ratio_63_252=125
zscore_126d=124
vol_gk_126d=122
kalman_smoothness=105
price_to_ma_252d=100
kalman_trend=89
usd_factor_21d=86
rank_vol_63d=85
ret_126d=83
vol_cc_63d=81
avg_range_63d=78
vol_gk_63d=77
mom_skip_recent=70
avg_range_21d=67
channel_pos_126d=65
vol_ratio_21_63=64
kalman_slope_zscore=59
accel_21_63=49
vol_gk_21d=49
rank_vol_21d=48
ret_42d=47
kalman_slope=43
zscore_63d=42
ret_252d=39
accel_63_126=38
vol_cc_21d=37
rank_ret_126d=35
price_to_ma_63d=33
rank_ret_63d=30
rsi_14d=27
zscore_21d=27
max_dd_63d=26
sharpe_126d=26
rank_ret_21d=22
sharpe_21d=20
rank_sharpe_63d=19
rank_sharpe_126d=17
rank_sharpe_21d=16
ret_21d=16
ret_63d=16
rsi_63d=16
carry_proxy=15
channel_pos_63d=15
ret_10d=15
usd_factor_1d=11
channel_pos_21d=9
ret_5d=9
hmm_regime_prob_risk_off=9
arima_forecast=9
price_to_ma_21d=8
kalman_innovation=8
sharpe_63d=7
hmm_regime_transition_5d=7
bollinger_pctb_21d=6
rank_carry_proxy=3
arima_residual=3
arima_residual_zscore=1

parameters:
[boosting: gbdt]
[objective: regression_l1]
[metric: custom]
[tree_learner: serial]
[device_type: cuda]
[data_sample_strategy: bagging]
[data: ]
[valid: ]
[num_iterations: 500]
[learning_rate: 0.05]
[num_leaves: 7]
[num_threads: 0]
[seed: 42]
[deterministic: 0]
[force_col_wise: 0]
[force_row_wise: 1]
[histogram_pool_size: -1]
[max_depth: -1]
[min_data_in_leaf: 50]
[min_sum_hessian_in_leaf: 0.001]
[bagging_fraction: 0.8]
[pos_bagging_fraction: 1]
[neg_bagging_fraction: 1]
[bagging_freq: 1]
[bagging_seed: 400]
[bagging_by_query: 0]
[feature_fraction: 0.7]
[feature_fraction_bynode: 1]
[feature_fraction_seed: 30056]
[extra_trees: 0]
[extra_seed: 12879]
[early_stopping_round: 0]
[early_stopping_min_delta: 0]
[first_metric_only: 0]
[max_delta_step: 0]
[lambda_l1: 0.5]
[lambda_l2: 5]
[linear_lambda: 0]
[min_gain_to_split: 0]
[drop_rate: 0.1]
[max_drop: 50]
[skip_drop: 0.5]
[xgboost_dart_mode: 0]
[uniform_drop: 0]
[drop_seed: 17869]
[top_rate: 0.2]
[other_rate: 0.1]
[min_data_per_group: 100]
[max_cat_threshold: 32]
[cat_l2: 10]
[cat_smooth: 10]
[max_cat_to_onehot: 4]
[top_k: 20]
[monotone_constraints: ]
[monotone_constraints_method: basic]
[monotone_penalty: 0]
[feature_contri: ]
[forcedsplits_filename: ]
[refit_decay_rate: 0.9]
[cegb_tradeoff: 1]
[cegb_penalty_split: 0]
[cegb_penalty_feature_lazy: ]
[cegb_penalty_feature_coupled: ]
[path_smooth: 0]
[interaction_constraints: ]
[verbosity: -1]
[saved_feature_importance_type: 0]
[use_quantized_grad: 0]
[num_grad_quant_bins: 4]
[quant_train_renew_leaf: 0]
[stochastic_rounding: 1]
[linear_tree: 0]
[max_bin: 63]
[max_bin_by_feature: ]
[min_data_in_bin: 3]
[bin_construct_sample_cnt: 200000]
[data_random_seed: 175]
[is_enable_sparse: 1]
[enable_bundle: 1]
[use_missing: 1]
[zero_as_missing: 0]
[feature_pre_filter: 1]
[pre_partition: 0]
[two_round: 0]
[header: 0]
[label_column: ]
[weight_column: ]
[group_column: ]
[ignore_column: ]
[categorical_feature: ]
[forcedbins_filename: ]
[precise_float_parser: 0]
[parser_config_file: ]
[objective_seed: 16083]
[num_class: 1]
[is_unbalance: 0]
[scale_pos_weight: 1]
[sigmoid: 1]
[boost_from_average: 1]
[reg_sqrt: 0]
[alpha: 0.9]
[fair_c: 1]
[poisson_max_delta_step: 0.7]
[tweedie_variance_power: 1.5]
[lambdarank_truncation_level: 30]
[lambdarank_norm: 1]
[label_gain: ]
[lambdarank_position_bias_regularization: 0]
[eval_at: ]
[multi_error_top_k: 1]
[auc_mu_weights: ]
[num_machines: 1]
[local_listen_port: 12400]
[time_out: 120]
[machine_list_filename: ]
[machines: ]
[gpu_platform_id: -1]
[gpu_device_id: -1]
[gpu_device_id_list: ]
[gpu_use_dp: 0]
[num_gpu: 1]

end of parameters

pandas_categorical:null
