tree
version=v4
num_class=1
num_tree_per_iteration=1
label_index=0
max_feature_idx=60
objective=regression_l1
feature_names=accel_21_63 accel_63_126 avg_range_21d avg_range_63d bollinger_pctb_21d carry_proxy channel_pos_126d channel_pos_21d channel_pos_63d max_dd_63d mom_skip_recent price_to_ma_21d price_to_ma_252d price_to_ma_63d rank_carry_proxy rank_ret_126d rank_ret_21d rank_ret_63d rank_sharpe_126d rank_sharpe_21d rank_sharpe_63d rank_vol_21d rank_vol_63d ret_10d ret_126d ret_21d ret_252d ret_42d ret_5d ret_63d rsi_14d rsi_63d sharpe_126d sharpe_21d sharpe_63d usd_beta_21d usd_beta_63d usd_factor_1d usd_factor_21d usd_factor_63d vol_cc_21d vol_cc_63d vol_gk_126d vol_gk_21d vol_gk_252d vol_gk_63d vol_ratio_21_63 vol_ratio_63_252 zscore_126d zscore_21d zscore_63d kalman_trend kalman_slope kalman_slope_zscore kalman_innovation kalman_smoothness hmm_regime_prob_risk_off hmm_regime_transition_5d arima_forecast arima_residual arima_residual_zscore
feature_infos=[-0.19168797135353088:0.20472531020641327] [-0.2025885283946991:0.20294597744941711] [0.0010606603464111686:0.032857734709978104] [0.0011387050617486238:0.021232530474662781] [-2.1817340850830078:1.9245454072952271] [-1.6097584962844849:1.5262172222137451] [0:1] [0:1] [0:1] [-0.20013526082038879:0] [-0.35089993476867676:0.29227554798126221] [-0.18110655248165131:0.14812014997005463] [-0.2430165559053421:0.19546043872833252] [-0.18672631680965424:0.15493281185626984] [0.05000000074505806:1] [0.05000000074505806:1] [0.05000000074505806:1] [0.05000000074505806:1] [0.05000000074505806:1] [0.05000000074505806:1] [0.05000000074505806:1] [0.05000000074505806:1] [0.05000000074505806:1] [-0.18885858356952667:0.16665816307067871] [-0.24452370405197144:0.22581301629543304] [-0.18780495226383209:0.13435123860836029] [-0.32876867055892944:0.27710604667663574] [-0.18802806735038757:0.20023827254772186] [-0.18780495226383209:0.19092723727226257] [-0.19209679961204529:0.2270083874464035] [0.47960564494132996:100] [4.3956151008605957:75.832229614257812] [-2.0049896240234375:2.0456390380859375] [-0.91558325290679932:0.91541534662246704] [-1.6097584962844849:1.5262172222137451] [-0.92260521650314331:0.91464847326278687] [-0.96740198135375977:0.9521980881690979] [-0.027317339554429054:0.019427619874477386] [-0.044331524521112442:0.044438701122999191] [-0.076491691172122955:0.081928655505180359] [0.010022085160017014:0.73532307147979736] [0.0088753066956996918:0.42847311496734619] [0.017107186838984489:0.22824999690055847] [0.019282201305031776:0.44004997611045837] [0.020850490778684616:0.19065992534160614] [0.015378937125205994:0.28529408574104309] [0.39170083403587341:1.7290194034576416] [0.4693603515625:1.9800679683685303] [-15.043925285339355:5.2925949096679688] [-15.182501792907715:4.7854061126708984] [-15.029708862304688:6.1560940742492676] [-23.131841659545898:16.817577362060547] [-2.1979897022247314:6.8543415069580078] [-6.3670425415039062:15.524931907653809] [-18.121332168579102:23.738039016723633] [4.1541900634765625:9999813632] [2.2679958605609229e-11:1] [-1:0.99999988079071045] [-0.0062685986049473286:0.018153034150600433] [-0.18773593008518219:0.20156078040599823] [-30.313213348388672:25.851619720458984]
tree_sizes=810 801 799 804 808 799 810 806 816 806 801 813 801 811 797 806 811 817 807 803 806 817 807 797 796 794 804 807 802 813 811 805 811 798 805 792 806 788 806 810 793 799 803 794 803 802 797 810 812 802 805 798 804 788 806 815 806 805 802 801 804 795 807 802 782 783 810 787 800 791 804 809 806 802 809 796 802 805 789 792 813 810 795 800 805 810 801 812 796 811 792 800 779 802 802 793 783 802 813 812 805 810 805 796 796 810 797 797 806 805 804 789 802 798 807 784 803 813 787 802 801 808 795 798 802 806 785 808 800 799 783 808 810 779 794 794 793 804 788 786 794 812 781 813 773 800 797 807 792 802 809 783 805 794 793 798 822 801 797 809 809 801 805 802 781 809 799 807 806 810 804 799 786 786 800 786 796 809 793 798 802 787 804 805 799 782 798 811 806 799 794 796 788 807 799 793 787 803 804 792 786 812 806 796 795 784 790 813 790 807 801 806 786 792 780 796 809 782 790 799 794 811 814 788 790 804 782 786 779 804 803 811 792 790 786 782 792 778 786 810 797 799 809 805 797 784 782 812 783 800 812 793 800 814 792 803 814 802 804 800 793 802 801 809 782 801 785 790 787 793 798 792 786 787 801 813 797 775 801 798 801 792 801 793 790 780 788 782 798 792 792 798 812 781 801 805 803 801 788 792 797 800 804 805 784 786 810 808 800 786 802 798 790 789 793 800 804 789 791 800 799 805 804 796 795 796 808 813 804 791 789 809 802 811 794 787 782 797 803 801 774 796 788 807 793 787 805 782 786 794 811 799 790 795 802 800 798 797 796 796 801 798 801 810 786 823 790 808 792 794 791 803 784 805 802 785 789 788 786 809 789 797 800 803 800 796 795 793 800 795 795 795 805 789 782 787 782 787 802 789 797 790 791 790 789 788 806 805 784 794 784 806 786 787 785 799 798 807 808 806 799 794 798 786 797 791 809 794 806 787 803 784 785 804 801 801 798 811 802 799 811 807 795 796 791 784 797 807 792 785 791 800 791 798 786 800 801 802 803 806 803 791 789 778 782 795 795 792 802 800 794 786 777 794 790 805 797 820 807 804 809 791 792 788 786 816 809 787 788 788 810 787 790 793 781 795 795 789 791 792

Tree=0
num_leaves=7
num_cat=0
split_feature=20 58 43 17 44 42
split_gain=195.826 64.1552 47.2154 46.014 50.3462 42.4314
threshold=0.72499999403953563 7.6035739766666679e-05 0.052085973322391517 0.32500000298023229 0.13022792339324954 0.094666030257940306
decision_type=2 2 2 2 2 2
left_child=1 3 -2 4 5 -1
right_child=2 -3 -4 -5 -6 -7
leaf_value=-0.00046882339520379899 -0.0010203465120866896 -0.00042717603500932452 -0.00084516999777406454 -0.00070741394301876426 -6.8422639742493196e-06 -0.00078778328606858854
leaf_weight=2356 467 3456 5614 6098 701 1496
leaf_count=2356 467 3456 5614 6098 701 1496
internal_value=-0.000760225 0.00276624 -0.00796365 0.000840909 0.00464251 0.00238057
internal_weight=20188 14107 6081 10651 4553 3852
internal_count=20188 14107 6081 10651 4553 3852
is_linear=0
shrinkage=1


Tree=1
num_leaves=7
num_cat=0
split_feature=14 35 39 25 7 12
split_gain=178.901 94.6507 90.219 86.1766 84.4783 85.7084
threshold=0.72499999403953563 -0.13634841889142987 0.043403459712862975 -0.061980972066521638 0.71003234386444103 -0.01661330088973045
decision_type=2 2 2 2 2 2
left_child=1 4 -3 -4 5 -1
right_child=-2 2 3 -5 -6 -7
leaf_value=0.0001738510880386457 -0.00018004980520345271 0.0002561743964906782 0.0022619475994724784 -0.00034385024802759291 -0.00030368921055924148 -0.00030149414145853371
leaf_weight=3592 6074 6822 82 763 1617 1253
leaf_count=3592 6074 6822 82 763 1617 1253
internal_value=-0.000112579 0.00322096 0.00697667 -0.00838235 -0.00123318 0.00206701
internal_weight=20203 14129 7667 845 6462 4845
internal_count=20203 14129 7667 845 6462 4845
is_linear=0
shrinkage=0.05


Tree=2
num_leaves=7
num_cat=0
split_feature=17 3 35 38 4 12
split_gain=180.159 86.1274 71.4029 94.307 68.2124 70.3197
threshold=0.67499998211860668 0.0050039815250784167 -0.11557146906852721 0.0041425318922847518 0.072878774255514159 -0.023085752502083775
decision_type=2 2 2 2 2 2
left_child=2 -2 4 -4 5 -1
right_child=1 -3 3 -5 -6 -7
leaf_value=0.0002189268638903741 -0.00043382664480304814 -0.00014411408657906576 0.0003269433520617895 -2.9810066043864945e-06 -0.0002104649439279456 -0.00016329078262788244
leaf_weight=2774 355 6799 4067 2783 2240 1294
leaf_count=2774 355 6799 4067 2783 2240 1294
internal_value=0 -0.00649183 0.00336359 0.00689643 -0.00047125 0.00338203
internal_weight=20312 7154 13158 6850 6308 4068
internal_count=20312 7154 13158 6850 6308 4068
is_linear=0
shrinkage=0.05


Tree=3
num_leaves=7
num_cat=0
split_feature=14 35 38 12 7 55
split_gain=147.377 72.8021 95.0832 71.2135 67.5792 76.7692
threshold=0.72499999403953563 -0.208906315267086 0.0023641326697543268 -0.026346651837229725 0.56710281968116771 49836.833984375007
decision_type=2 2 2 2 2 2
left_child=1 3 -3 4 -1 -6
right_child=-2 2 -4 -5 5 -7
leaf_value=0.00021437282315309861 -0.00016885240546253046 0.00028553078987461053 -1.0166281474812421e-05 -0.00023437932851229565 -0.00044133119967737006 0.00048563389277696842
leaf_weight=2531 6104 4590 3825 2422 678 195
leaf_count=2531 6104 4590 3825 2422 678 195
internal_value=-6.26536e-05 0.00244455 0.00541865 -0.00184788 0.00280874 -0.00914009
internal_weight=20345 14241 8415 5826 3404 873
internal_count=20345 14241 8415 5826 3404 873
is_linear=0
shrinkage=0.05


Tree=4
num_leaves=7
num_cat=0
split_feature=50 39 43 3 42 47
split_gain=128.947 93.1619 104.051 75.0264 114.647 98.6962
threshold=-0.36307629942893976 0.043403459712862975 0.15683683753013614 0.012818402145057918 0.12680058926343921 1.0733523368835451
decision_type=2 2 2 2 2 2
left_child=1 -1 -3 4 5 -2
right_child=3 2 -4 -5 -6 -7
leaf_value=0.00020374748514161183 -0.00015478882005350898 -0.00037199400396712009 0.00097008543176147215 -0.00064285421625671013 0.0004298164228215683 0.00014662412026991662
leaf_weight=6983 8123 1008 139 857 1289 1822
leaf_count=6983 8123 1008 139 857 1289 1822
internal_value=-5.80935e-05 0.00481561 -0.00835503 -0.00332548 -0.00223107 -0.00405276
internal_weight=20221 8130 1147 12091 11234 9945
internal_count=20221 8130 1147 12091 11234 9945
is_linear=0
shrinkage=0.05


Tree=5
num_leaves=7
num_cat=0
split_feature=17 35 39 43 4 52
split_gain=130.095 76.0147 87.1815 87.3757 83.5983 82.3635
threshold=0.67499998211860668 -0.11557146906852721 0.043403459712862975 0.15683683753013614 0.28736726939678198 -0.00013557484635384751
decision_type=2 2 2 2 2 2
left_child=1 4 -3 -4 -1 -6
right_child=-2 2 3 -5 5 -7
leaf_value=6.3628161175644901e-05 -0.00014997637327366284 0.00022846628438948844 -0.00035363547214448772 0.0019019964502785551 2.4432464236508179e-05 -0.00044015077104802918
leaf_weight=4689 7129 6143 619 85 769 870
leaf_count=4689 7129 6143 619 85 769 870
internal_value=-4.80083e-05 0.00268778 0.00633757 -0.0102609 -0.00125928 -0.0109641
internal_weight=20304 13175 6847 704 6328 1639
internal_count=20304 13175 6847 704 6328 1639
is_linear=0
shrinkage=0.05


Tree=6
num_leaves=7
num_cat=0
split_feature=17 45 39 2 35 22
split_gain=131.692 76.4214 73.2168 93.3599 66.3896 61.4215
threshold=0.67499998211860668 0.052842440083622939 0.043403459712862975 0.015541183296591045 -0.11557146906852721 0.82500001788139354
decision_type=2 2 2 2 2 2
left_child=2 -2 4 -4 -1 -3
right_child=1 5 3 -5 -6 -7
leaf_value=7.3641066096112385e-06 -0.00040251186264010245 -4.9679700160379696e-05 -0.00031128179938248106 0.0015283595095683727 0.00021898152808100618 -0.00041450223755834368
leaf_weight=5587 348 5445 1361 108 6140 1301
leaf_count=5587 348 5445 1361 108 6140 1301
internal_value=-5.29687e-05 -0.00556064 0.00288425 -0.00761533 0.00420431 -0.00436602
internal_weight=20290 7094 13196 1469 11727 6746
internal_count=20290 7094 13196 1469 11727 6746
is_linear=0
shrinkage=0.05


Tree=7
num_leaves=7
num_cat=0
split_feature=20 39 2 35 55 39
split_gain=101.625 64.5065 85.6971 75.3136 55.0845 53.8094
threshold=0.72499999403953563 0.043403459712862975 0.015541183296591045 -0.11557146906852721 406795.79687500006 0.01111077703535557
decision_type=2 2 2 2 2 2
left_child=1 3 -3 5 -5 -1
right_child=-2 2 -4 4 -6 -7
leaf_value=-0.00012595804415418556 -0.00014208976282936727 -0.00029443793648187147 0.0014519415340899543 0.0002334404187792241 -0.00017924339480725323 0.00013571577876062127
leaf_weight=3514 6103 1463 106 5904 787 2427
leaf_count=3514 6103 1463 106 5904 787 2427
internal_value=-5.29322e-05 0.00209243 -0.00744917 0.00328203 0.00691831 -0.00081147
internal_weight=20304 14201 1569 12632 6691 5941
internal_count=20304 14201 1569 12632 6691 5941
is_linear=0
shrinkage=0.05


Tree=8
num_leaves=7
num_cat=0
split_feature=0 39 41 35 44 52
split_gain=102.228 68.4678 83.1221 85.8121 87.1315 73.0699
threshold=-0.0066014695912599555 0.043403459712862975 0.063381329178810134 -0.208906315267086 0.10093469172716142 -0.00013557484635384751
decision_type=2 2 2 2 2 2
left_child=-1 2 -2 5 -5 -4
right_child=1 -3 3 4 -6 -7
leaf_value=-0.00013549374231252236 -8.2880963617914865e-05 -0.00022748958963279988 0.00020703768704599223 0.00042061974020864823 0.00015254364803875129 -0.00019743705173139766
leaf_weight=7688 2163 1449 2563 2550 2328 1525
leaf_count=7688 2163 1449 2563 2550 2328 1525
internal_value=-0.000102363 0.00254907 0.00388225 0.00600546 0.0104802 0.000653555
internal_weight=20266 12578 11129 8966 4878 4088
internal_count=20266 12578 11129 8966 4878 4088
is_linear=0
shrinkage=0.05


Tree=9
num_leaves=7
num_cat=0
split_feature=13 53 35 45 36 45
split_gain=74.4411 59.4228 58.271 52.8604 62.7503 57.2835
threshold=-0.0089120888151228411 0.90716445446014415 -0.81510189175605763 0.052842440083622939 -0.41058352589607233 0.15232665091753009
decision_type=2 2 2 2 2 2
left_child=1 2 -1 4 -2 -5
right_child=3 -3 -4 5 -6 -7
leaf_value=-0.00026517090097207495 0.00019091171183107498 -0.00028882185066291281 0.00019060908536144491 -2.5975079330159325e-05 -0.00035990191161027927 -0.00057889212089021192
leaf_weight=510 194 517 6556 11390 493 574
leaf_count=510 194 517 6556 11390 493 574
internal_value=-5.31153e-05 0.0037724 0.00497454 -0.00249091 -0.0159321 -0.00171067
internal_weight=20234 7583 7066 12651 687 11964
internal_count=20234 7583 7066 12651 687 11964
is_linear=0
shrinkage=0.05


Tree=10
num_leaves=7
num_cat=0
split_feature=20 53 55 55 55 20
split_gain=107.1 68.6681 66.9861 63.1727 89.0905 58.2029
threshold=0.72499999403953563 -0.17794221639633176 406795.79687500006 49836.833984375007 69843.496093750015 0.27500000596046453
decision_type=2 2 2 2 2 2
left_child=1 3 5 -1 -5 -3
right_child=-2 2 -4 4 -6 -7
leaf_value=0.00010881858126019202 -0.00013567516310950987 0.00015005605975722811 -0.00042586509983073546 0.00079033225692964686 0.00025245208391620354 -5.9553894336852497e-05
leaf_weight=3988 6051 2854 629 588 1132 5019
leaf_count=3988 6051 2854 629 588 1132 5019
internal_value=-4.81101e-05 0.00235491 -0.000490772 0.00659461 0.0145942 0.000764788
internal_weight=20261 14210 8502 5708 1720 7873
internal_count=20261 14210 8502 5708 1720 7873
is_linear=0
shrinkage=0.05


Tree=11
num_leaves=7
num_cat=0
split_feature=0 43 35 51 38 44
split_gain=83.3987 56.6304 63.9342 81.2912 71.7502 50.0071
threshold=-0.0066014695912599555 0.054185321554541595 -0.208906315267086 0.023077336139976982 0.0030201519839465622 0.050447857007384307
decision_type=2 2 2 2 2 2
left_child=5 -2 3 -3 -4 -1
right_child=1 2 4 -5 -6 -7
leaf_value=0.00033378017203309273 -0.00013982043392866619 7.0431370466820433e-05 0.00030895017014022163 -0.00035088211839184955 3.7109349392304341e-05 -0.00012731915130293866
leaf_weight=151 1071 4280 3395 738 3032 7552
leaf_count=151 1071 4280 3395 738 3032 7552
internal_value=-0.000107545 0.00248183 0.0035131 -0.000711726 0.00681359 -0.00412883
internal_weight=20219 12516 11445 5018 6427 7703
internal_count=20219 12516 11445 5018 6427 7703
is_linear=0
shrinkage=0.05


Tree=12
num_leaves=7
num_cat=0
split_feature=0 39 53 46 53 43
split_gain=95.522 57.5664 70.0424 67.892 57.2616 56.272
threshold=-0.0066014695912599555 0.043403459712862975 -0.23716993629932401 1.0849040746688845 -1.0981727242469785 0.15683683753013614
decision_type=2 2 2 2 2 2
left_child=-1 2 3 -2 -3 -6
right_child=1 4 -4 -5 5 -7
leaf_value=-0.00011538629457710867 0.00018767847519805684 0.00089169787189235573 3.4373549766320329e-05 0.00054161746906426626 -0.00035504616679655023 0.0004903348214062304
leaf_weight=7711 2768 89 7476 805 1166 156
leaf_count=7711 2768 89 7476 805 1166 156
internal_value=-5.32811e-05 0.00290213 0.00411842 0.00987283 -0.00658545 -0.00925019
internal_weight=20171 12460 11049 3573 1411 1322
internal_count=20171 12460 11049 3573 1411 1322
is_linear=0
shrinkage=0.05


Tree=13
num_leaves=7
num_cat=0
split_feature=17 45 22 21 39 43
split_gain=77.8715 71.4964 77.0336 48.0728 47.9504 66.1427
threshold=0.62500000000000011 0.052842440083622939 0.82500001788139354 0.87500000000000011 0.043403459712862975 0.15683683753013614
decision_type=2 2 2 2 2 2
left_child=4 -2 3 -3 -1 -6
right_child=1 2 -4 -5 5 -7
leaf_value=0.00011000817950231833 -0.00033251441003861982 -3.4783191879489289e-05 -0.00037579407249704118 0.00048863140090118823 -0.00028789147541686839 0.00078507888054629585
leaf_weight=10822 431 5956 1485 260 1196 155
leaf_count=10822 431 5956 1485 260 1196 155
internal_value=-7.26243e-05 -0.00374524 -0.00262458 -0.000172802 0.00257226 -0.00628687
internal_weight=20305 8132 7701 6216 12173 1351
internal_count=20305 8132 7701 6216 12173 1351
is_linear=0
shrinkage=0.05


Tree=14
num_leaves=7
num_cat=0
split_feature=17 53 55 46 55 3
split_gain=81.1493 57.9551 60.7493 59.6239 54.1523 52.5694
threshold=0.67499998211860668 -0.17794221639633176 49836.833984375007 0.93848550319671642 69843.496093750015 0.0050039815250784167
decision_type=2 2 2 2 2 2
left_child=1 2 -1 4 -4 -2
right_child=5 -3 3 -5 -6 -7
leaf_value=9.3988412879294266e-05 -0.00036169177518686785 -1.1137275390401538e-05 0.00061203729366715771 0.00064949978672536454 -0.00029071222821696046 -9.0086979655908036e-05
leaf_weight=3677 351 8063 177 924 432 6771
leaf_count=3677 351 8063 177 924 432 6771
internal_value=-6.7402e-05 0.00225373 0.00636146 0.0147107 0.00248371 -0.00436018
internal_weight=20395 13273 5210 1533 609 7122
internal_count=20395 13273 5210 1533 609 7122
is_linear=0
shrinkage=0.05


Tree=15
num_leaves=7
num_cat=0
split_feature=0 3 35 41 39 43
split_gain=74.6372 59.789 53.1341 59.2779 61.6322 57.7106
threshold=-0.0066014695912599555 0.012818402145057918 -0.81510189175605763 0.063381329178810134 0.043403459712862975 0.15683683753013614
decision_type=2 2 2 2 2 2
left_child=1 -1 -2 -4 -5 -6
right_child=2 -3 3 4 5 -7
leaf_value=-7.042010012798283e-05 -0.0002471721164558147 -0.00084085688588288415 -7.0583352840233307e-05 0.00018793461990046316 -0.00036395062418801967 0.00060758761353518558
leaf_weight=7305 732 430 2303 8459 979 150
leaf_count=7305 732 430 2303 8459 979 150
internal_value=-8.2257e-05 -0.00376292 0.00247268 0.00328051 0.00501147 -0.00593034
internal_weight=20358 7735 12623 11891 9588 1129
internal_count=20358 7735 12623 11891 9588 1129
is_linear=0
shrinkage=0.05


Tree=16
num_leaves=7
num_cat=0
split_feature=17 53 35 46 3 22
split_gain=80.6157 52.6039 57.3173 52.0982 51.1141 63.9765
threshold=0.62500000000000011 0.84754872322082531 -0.13634841889142987 0.71890482306480419 0.0050039815250784167 0.82500001788139354
decision_type=2 2 2 2 2 2
left_child=1 2 -1 -4 -2 -6
right_child=4 -3 3 -5 5 -7
leaf_value=-1.917923668768888e-06 -0.00028450103408410277 -0.00016366867539469021 -0.00035947179974266563 0.00022685843625899933 -1.3697840475650398e-05 -0.00032729772726280807
leaf_weight=5391 437 1146 352 5383 6207 1480
leaf_count=5391 437 1146 352 5383 6207 1480
internal_value=-0.000131121 0.00254745 0.00360031 0.00707753 -0.00387194 -0.00291537
internal_weight=20396 12272 11126 5735 8124 7687
internal_count=20396 12272 11126 5735 8124 7687
is_linear=0
shrinkage=0.05


Tree=17
num_leaves=7
num_cat=0
split_feature=27 3 53 12 43 38
split_gain=66.1436 95.8356 71.0874 53.5303 72.5094 55.0231
threshold=-0.018753956072032448 0.012818402145057918 0.90716445446014415 -0.024610578082501885 0.10129849612712861 0.0041425318922847518
decision_type=2 2 2 2 2 2
left_child=2 3 -1 -2 5 -5
right_child=1 -3 -4 4 -6 -7
leaf_value=0.00016500733316790158 0.0001913525397392409 -0.00063351523413932628 -0.00033675789429507487 -2.2373363441806121e-05 0.0002084731129563409 -0.00019012898889923005
leaf_weight=5765 2208 830 448 5415 1960 3623
leaf_count=5765 2208 830 448 5415 1960 3623
internal_value=-6.78878e-05 -0.00186418 0.00433017 -0.000823178 -0.00225166 -0.00414409
internal_weight=20249 14036 6213 13206 10998 9038
internal_count=20249 14036 6213 13206 10998 9038
is_linear=0
shrinkage=0.05


Tree=18
num_leaves=7
num_cat=0
split_feature=11 46 5 36 52 55
split_gain=61.1371 81.6022 58.0433 67.0669 70.3978 55.1372
threshold=0.0029306749347597365 0.87193831801414501 0.55978670716285717 -0.61063894629478443 -0.00013557484635384751 9.5834040641784686
decision_type=2 2 2 2 2 2
left_child=-1 -2 3 4 -3 -5
right_child=1 2 -4 5 -6 -7
leaf_value=5.0516810311790047e-05 -0.00030256418360721831 2.6992385613033694e-05 -0.00028507956182842665 -0.00014115439380793241 -0.00053434553780296501 0.00020842025568248011
leaf_weight=12387 1813 600 1211 911 348 3060
leaf_count=12387 1813 600 1211 911 348 3060
internal_value=-6.76174e-05 -0.00352604 -0.000762021 0.00165008 -0.0102571 0.0045083
internal_weight=20330 7943 6130 4919 948 3971
internal_count=20330 7943 6130 4919 948 3971
is_linear=0
shrinkage=0.05


Tree=19
num_leaves=7
num_cat=0
split_feature=0 53 46 55 21 17
split_gain=61.9044 52.0324 62.4949 48.6265 57.1415 46.1751
threshold=-0.0080709173344075662 -0.17794221639633176 0.99271246790885936 49836.833984375007 0.52500000596046459 0.17500000447034839
decision_type=2 2 2 2 2 2
left_child=-1 2 -2 4 -4 -3
right_child=1 5 3 -5 -6 -7
leaf_value=-9.8401199651418494e-05 2.0814414947359988e-05 0.00016813510448587473 -0.00020759112576769647 0.00062839692643586729 0.00040514917249960503 -5.8699075788011664e-05
leaf_weight=7383 2715 1714 501 799 993 6242
leaf_count=7383 2715 1714 501 799 993 6242
internal_value=-8.23015e-05 0.00204912 0.0060393 0.0121084 0.00672115 -0.000461625
internal_weight=20347 12964 5008 2293 1494 7956
internal_count=20347 12964 5008 2293 1494 7956
is_linear=0
shrinkage=0.05


Tree=20
num_leaves=7
num_cat=0
split_feature=0 35 4 12 55 52
split_gain=56.9428 48.3278 64.2782 87.9547 79.2147 89.5392
threshold=-0.0066014695912599555 -0.208906315267086 1.0000000180025095e-35 -0.021361805498600003 49836.833984375007 -0.00013557484635384751
decision_type=2 2 2 2 2 2
left_child=-1 2 3 -2 -4 -6
right_child=1 -3 4 -5 5 -7
leaf_value=-8.7343683709027321e-05 0.00021444167026796464 0.00012158321512549136 -0.00031225557487235892 -0.00035510611088959508 0.00056265798065461192 -0.0002967821162629552
leaf_weight=7733 2143 7360 1583 607 548 367
leaf_count=7733 2143 7360 1583 607 548 367
internal_value=-4.7921e-05 0.00216245 -0.00149914 0.00376588 -0.00730124 0.004375
internal_weight=20341 12608 5248 2750 2498 915
internal_count=20341 12608 5248 2750 2498 915
is_linear=0
shrinkage=0.05


Tree=21
num_leaves=7
num_cat=0
split_feature=12 3 51 3 11 53
split_gain=53.4652 69.0008 82.5278 74.8429 60.3612 53.9616
threshold=-0.026346651837229725 0.0093600726686418074 -0.0055957131553441277 0.0089134583249688166 -0.0047404544893652192 -0.4262325912714004
decision_type=2 2 2 2 2 2
left_child=1 2 3 -1 -3 -2
right_child=5 4 -4 -5 -6 -7
leaf_value=-4.7483011041834187e-06 0.00014672240547613136 0.00015486427034243512 0.00050599987454706316 0.0007585775388130818 -0.00025568674852351696 -7.5264663123031058e-05
leaf_weight=1629 2483 1848 931 252 1660 11552
leaf_count=1629 2483 1848 931 252 1660 11552
internal_value=-2.33301e-05 0.00385375 0.00968229 0.00361877 -0.000818389 -0.00168269
internal_weight=20355 6320 2812 1881 3508 14035
internal_count=20355 6320 2812 1881 3508 14035
is_linear=0
shrinkage=0.05


Tree=22
num_leaves=7
num_cat=0
split_feature=0 49 22 55 36 38
split_gain=56.13 43.8743 40.6229 47.3609 40.4988 55.7439
threshold=-0.0066014695912599555 0.16001860052347186 0.82500001788139354 45563.935546875007 0.60929808020591747 -0.0019272079807706175
decision_type=2 2 2 2 2 2
left_child=1 -1 3 -3 -2 -6
right_child=4 2 -4 -5 5 -7
leaf_value=-1.9603044987092463e-05 1.972113367141596e-05 6.4191621343453654e-05 -0.00062071792327795649 -0.00024976890533566395 0.00050665543881077001 3.6795204253880264e-05
leaf_weight=4979 10909 1107 463 1153 733 953
leaf_count=4979 10909 1107 463 1153 733 953
internal_value=-8.74298e-05 -0.00352602 -0.00862353 -0.00581678 0.00189087 0.00909225
internal_weight=20297 7702 2723 2260 12595 1686
internal_count=20297 7702 2723 2260 12595 1686
is_linear=0
shrinkage=0.05


Tree=23
num_leaves=7
num_cat=0
split_feature=27 3 42 46 0 53
split_gain=53.0732 86.3984 65.4227 100.286 77.8022 52.5535
threshold=-0.018753956072032448 0.012818402145057918 0.12988613545894626 0.83992335200309765 -0.027599576860666272 0.90716445446014415
decision_type=2 2 2 2 2 2
left_child=5 2 -2 -4 -5 -1
right_child=1 -3 3 4 -6 -7
leaf_value=0.00014965327888730572 -2.9947639222515766e-05 -0.00058251518075811478 -0.00035825453046674368 -0.00047482119886555938 0.0010714508611642654 -0.00027021583330457484
leaf_weight=5759 12340 812 257 158 518 439
leaf_count=5759 12340 812 257 158 518 439
internal_value=-2.83419e-05 -0.00120121 -0.00022782 0.0125 0.0225771 0.0043487
internal_weight=20283 14085 13273 933 676 6198
internal_count=20283 14085 13273 933 676 6198
is_linear=0
shrinkage=0.05


Tree=24
num_leaves=7
num_cat=0
split_feature=17 36 42 22 41 42
split_gain=64.2204 55.6919 58.5101 54.0063 63.9911 64.9843
threshold=0.32500000298023229 -0.89245477318763722 0.07201747223734857 0.27500000596046453 0.061877589672803886 0.081931866705417647
decision_type=2 2 2 2 2 2
left_child=1 2 -1 -3 -5 -6
right_child=-2 3 -4 4 5 -7
leaf_value=0.00042290934909202938 -4.8209348805279431e-05 -0.00013471263747097642 -0.00046662686708429601 -0.00031400344963344217 0.00039725664258670901 0.00019180947747505652
leaf_weight=59 14227 820 375 281 888 3630
leaf_count=59 14227 820 375 281 888 3630
internal_value=-2.83461e-05 0.00444454 -0.0126993 0.00578325 0.0078112 0.00925824
internal_weight=20280 6053 434 5619 4799 4518
internal_count=20280 6053 434 5619 4799 4518
is_linear=0
shrinkage=0.05


Tree=25
num_leaves=7
num_cat=0
split_feature=24 42 35 47 54 51
split_gain=49.3814 59.3292 53.2942 50.9166 56.585 46.3433
threshold=0.099303863942623152 0.098813608288764967 -0.81510189175605763 0.84940880537033092 0.07589807361364366 -0.031176511198282238
decision_type=2 2 2 2 2 2
left_child=2 -2 3 -1 5 -5
right_child=1 -3 -4 4 -6 -7
leaf_value=0.0013260422469780599 0.00018964174417505784 -0.00075287007941683183 2.7050404876948821e-05 -2.2003358078770451e-05 -0.00096621738664944869 -0.00060240721378937564
leaf_weight=86 199 451 18621 560 134 233
leaf_count=86 199 451 18621 560 134 233
internal_value=-0.000102272 -0.0135496 0.00040608 -0.0107318 -0.0141899 -0.00892857
internal_weight=20284 650 19634 1013 927 793
internal_count=20284 650 19634 1013 927 793
is_linear=0
shrinkage=0.05


Tree=26
num_leaves=7
num_cat=0
split_feature=7 3 42 46 47 55
split_gain=46.9324 66.0024 59.7859 91.5962 61.8988 54.0281
threshold=0.35170195996761328 0.012818402145057918 0.12988613545894626 0.8644639551639558 1.0733523368835451 12054.761230468752
decision_type=2 2 2 2 2 2
left_child=-1 2 4 -4 5 -2
right_child=1 -3 3 -5 -6 -7
leaf_value=7.6803225987226521e-05 -0.00028053514456275976 -0.00056024937805578077 -0.00034604493278047222 0.00081380063367257095 0.00011901137767851044 -4.0902879129809432e-05
leaf_weight=8335 2208 880 257 604 2232 5738
leaf_count=8335 2208 880 257 604 2232 5738
internal_value=-5.79989e-05 -0.00197291 -0.000916787 0.0116917 -0.00199106 -0.00405924
internal_weight=20254 11919 11039 861 10178 7946
internal_count=20254 11919 11039 861 10178 7946
is_linear=0
shrinkage=0.05


Tree=27
num_leaves=7
num_cat=0
split_feature=7 41 39 45 35 24
split_gain=43.6982 81.067 57.9085 51.4054 52.7779 101.539
threshold=0.4781851619482041 0.1429390832781792 0.054265286773443229 0.052842440083622939 -0.11557146906852721 0.017095104791224006
decision_type=2 2 2 2 2 2
left_child=-1 2 3 -2 -5 -6
right_child=1 -3 -4 4 5 -7
leaf_value=5.821716292160166e-05 -0.00022573907921900218 -0.00074028169777886103 -0.00049611913331948506 -0.00010231498085822779 0.00024041049828352011 -8.66797096079526e-05
leaf_weight=10030 446 542 417 3896 2562 2421
leaf_count=10030 446 542 417 3896 2562 2421
internal_value=-6.27492e-05 -0.00242735 -0.00137222 -0.000549303 0.000284219 0.00369387
internal_weight=20314 10284 9742 9325 8879 4983
internal_count=20314 10284 9742 9325 8879 4983
is_linear=0
shrinkage=0.05


Tree=28
num_leaves=7
num_cat=0
split_feature=4 46 36 34 45 32
split_gain=53.11 86.0399 56.6379 80.9248 56.4591 59.3601
threshold=1.0000000180025095e-35 0.89153632521629345 -0.61063894629478443 0.55978670716285717 0.067310057580471053 0.17381785809993747
decision_type=2 2 2 2 2 2
left_child=-1 -2 4 -4 5 -3
right_child=1 2 3 -5 -6 -7
leaf_value=5.9292144525027953e-05 -0.00023434781205496376 -0.00027730337672583782 0.0001313147544268985 -0.00026520749465836152 -0.00034768858203910628 0.00076981912269766565
leaf_weight=10440 2764 96 4663 1090 1128 102
leaf_count=10440 2764 96 4663 1090 1128 102
internal_value=-6.77741e-05 -0.00277468 0.000144692 0.0022968 -0.00914726 0.0151478
internal_weight=20283 9843 7079 5753 1326 198
internal_count=20283 9843 7079 5753 1326 198
is_linear=0
shrinkage=0.05


Tree=29
num_leaves=7
num_cat=0
split_feature=12 51 36 50 21 51
split_gain=53.0211 54.192 49.47 47.8633 47.3774 71.9028
threshold=0.012177652213722469 -0.0083598718047142011 -0.55417543649673451 1.3633748888969424 0.42499999701976782 -0.05881229601800441
decision_type=2 2 2 2 2 2
left_child=2 4 3 -1 -2 -6
right_child=1 -3 -4 -5 5 -7
leaf_value=-6.9726611745557588e-05 0.0002192092688409489 -0.00021699123368840533 7.3028359608697535e-05 -0.00050526234526002101 -0.00038307222864921629 0.00016241577720492266
leaf_weight=2827 1344 2710 10741 178 1350 1055
leaf_count=2827 1344 2710 10741 178 1350 1055
internal_value=-0.000122464 -0.00385597 0.00163443 -0.00402824 3.32978e-05 -0.00415975
internal_weight=20205 6459 13746 3005 3749 2405
internal_count=20205 6459 13746 3005 3749 2405
is_linear=0
shrinkage=0.05


Tree=30
num_leaves=7
num_cat=0
split_feature=11 3 42 38 35 29
split_gain=44.8085 70.7386 44.4432 46.6757 62.3699 79.835
threshold=0.00050664661102928232 0.012818402145057918 0.12988613545894626 -0.0044483898673206559 -0.18378837406635282 0.062449404969811446
decision_type=2 2 2 2 2 2
left_child=-1 2 3 4 -2 -6
right_child=1 -3 -4 -5 5 -7
leaf_value=5.6143085323082076e-05 -0.0001176902881691063 -0.00064591993989503572 0.00032873093433327189 -0.00010830061933302541 0.00034414478122852307 -0.00051222501513589443
leaf_weight=10750 1305 736 735 5242 1360 196
leaf_count=10750 1305 736 735 5242 1360 196
internal_value=-7.74755e-05 -0.00239848 -0.00115063 -0.00222311 0.00290475 0.00965727
internal_weight=20324 9574 8838 8103 2861 1556
internal_count=20324 9574 8838 8103 2861 1556
is_linear=0
shrinkage=0.05


Tree=31
num_leaves=7
num_cat=0
split_feature=7 41 45 39 35 32
split_gain=39.9244 63.6796 45.5868 49.6944 42.9563 82.2156
threshold=0.54868787527084362 0.1429390832781792 0.052842440083622939 0.054265286773443229 -0.18378837406635282 0.22670999914407733
decision_type=2 2 2 2 2 2
left_child=-1 2 -2 4 -4 -6
right_child=1 -3 3 -5 5 -7
leaf_value=4.7902797420464658e-05 -0.00022806151751694856 -0.00068763424212813775 -0.0001112669643511936 -0.00053790149502332466 0.00019982789896643186 -8.50146391756352e-05
leaf_weight=11174 392 467 3007 374 2575 2273
leaf_count=11174 392 467 3007 374 2575 2273
internal_value=6.78443e-05 -0.00250467 -0.00152156 -0.000719577 0.000130407 0.00304451
internal_weight=20262 9088 8621 8229 7855 4848
internal_count=20262 9088 8621 8229 7855 4848
is_linear=0
shrinkage=0.05


Tree=32
num_leaves=7
num_cat=0
split_feature=0 39 40 39 39 35
split_gain=55.3922 50.377 46.7088 52.7683 49.8382 48.799
threshold=-0.0066014695912599555 -0.056566674262285226 0.047120794653892524 -0.0070995271671563378 0.043403459712862975 -0.13634841889142987
decision_type=2 2 2 2 2 2
left_child=1 -1 3 -2 5 -4
right_child=2 -3 4 -5 -6 -7
leaf_value=-0.0010522708986806485 0.00024096448094866737 -6.9594439362407037e-05 1.7814420896186244e-05 -0.000187944163689379 -0.00016053499572141034 0.0001771869501975738
leaf_weight=145 189 7530 4881 880 1365 5242
leaf_count=145 189 7530 4881 880 1365 5242
internal_value=-3.82962e-05 -0.00345378 0.0019364 -0.00803073 0.00286914 0.00408027
internal_weight=20232 7675 12557 1069 11488 10123
internal_count=20232 7675 12557 1069 11488 10123
is_linear=0
shrinkage=0.05


Tree=33
num_leaves=7
num_cat=0
split_feature=24 21 35 21 20 51
split_gain=38.4566 62.4742 44.4911 44.1191 43.3579 35.9408
threshold=0.099303863942623152 0.57500001788139354 -0.81510189175605763 0.47499999403953558 0.12500000372529033 -0.024095966480672356
decision_type=2 2 2 2 2 2
left_child=2 -2 3 -1 -5 -4
right_child=1 -3 5 4 -6 -7
leaf_value=0.0001691119844609285 0.00012899799330779189 -0.00081229711795278612 7.903346726505247e-05 0.00028795706123798244 -0.0004531952547063517 -2.6234306664880308e-05
leaf_weight=220 290 347 8632 145 631 10053
leaf_count=220 290 347 8632 145 631 10053
internal_value=-6.27368e-05 -0.0120327 0.00040257 -0.00986513 -0.0154609 0.000953719
internal_weight=20318 637 19681 996 776 18685
internal_count=20318 637 19681 996 776 18685
is_linear=0
shrinkage=0.05


Tree=34
num_leaves=7
num_cat=0
split_feature=17 44 10 35 22 36
split_gain=39.535 52.5229 53.4658 36.2886 33.3388 83.8456
threshold=0.32500000298023229 0.13022792339324954 -0.11934746429324149 -0.83490771055221547 0.82500001788139354 -0.38760848343372339
decision_type=2 2 2 2 2 2
left_child=1 2 -1 -2 -5 -6
right_child=3 -3 -4 4 5 -7
leaf_value=-0.00053457101240177369 -0.00041320275182908932 0.00048180220204480686 7.7193196565211947e-05 2.4086261758702373e-06 -0.00067175070192394631 -3.2327799229572312e-05
leaf_weight=477 304 873 4733 11530 588 1739
leaf_count=477 304 873 4733 11530 588 1739
internal_value=8.6424e-06 0.00340424 0.00149089 -0.0014136 -0.0010334 -0.00648585
internal_weight=20244 6083 5210 14161 13857 2327
internal_count=20244 6083 5210 14161 13857 2327
is_linear=0
shrinkage=0.05


Tree=35
num_leaves=7
num_cat=0
split_feature=24 21 36 45 2 13
split_gain=40.4583 64.7712 30.7521 53.8654 60.9004 52.2776
threshold=0.099303863942623152 0.57500001788139354 0.73070722818374645 0.080116685479879393 0.011062951292842628 0.014120928943157198
decision_type=2 2 2 2 2 2
left_child=2 -2 -1 5 -5 -4
right_child=1 -3 3 4 -6 -7
leaf_value=-3.0636498371440088e-06 0.00018133809983310689 -0.00079845004399232739 9.0596140346714418e-05 0.00049161385767707445 -0.0014102006285572344 -0.00031166328996866621
leaf_weight=18240 289 355 641 584 50 179
leaf_count=18240 289 355 641 584 50 179
internal_value=-2.82653e-05 -0.0122881 0.000399766 0.0073852 0.0182707 -0.00106061
internal_weight=20338 644 19694 1454 634 820
internal_count=20338 644 19694 1454 634 820
is_linear=0
shrinkage=0.05


Tree=36
num_leaves=7
num_cat=0
split_feature=35 20 24 21 51 51
split_gain=48.5906 44.8674 44.4343 51.6186 41.1361 80.9547
threshold=-0.83490771055221547 0.12500000372529033 0.099303863942623152 0.57500001788139354 -0.027317646890878674 -0.062135998159646981
decision_type=2 2 2 2 2 2
left_child=1 -1 4 -4 5 -2
right_child=2 -3 3 -5 -6 -7
leaf_value=0.00034611513751556429 7.8358794561649061e-06 -0.0004055125923404521 6.6639692620308746e-05 -0.00075345166608327841 -2.9517582456727813e-05 0.00022939496981201217
leaf_weight=150 5884 536 292 344 10434 2585
leaf_count=150 5884 536 292 344 10434 2585
internal_value=-6.79684e-05 -0.0129884 0.000502712 -0.0124415 0.000942723 0.00353139
internal_weight=20225 686 19539 636 18903 8469
internal_count=20225 686 19539 636 18903 8469
is_linear=0
shrinkage=0.05


Tree=37
num_leaves=7
num_cat=0
split_feature=17 36 45 35 55 41
split_gain=33.2175 46.9951 74.3607 67.5499 85.2591 37.5029
threshold=0.32500000298023229 0.56486564874649059 0.071333695203065886 0.24088144302368167 61682.826171875007 0.1055583953857422
decision_type=2 2 2 2 2 2
left_child=1 3 -3 -1 -5 -4
right_child=-2 2 5 4 -6 -7
leaf_value=8.9424110849239946e-05 -3.3591981456468265e-05 -0.00040616119729228612 0.00064786652011481058 -0.00099095203477121241 0.00012871987150206484 -1.8230284979278072e-06
leaf_weight=4673 14257 147 504 313 269 151
leaf_count=4673 14257 147 504 313 269 151
internal_value=-2.33771e-05 0.00310541 0.0143432 0.00137357 -0.0146082 0.021553
internal_weight=20314 6057 802 5255 582 655
internal_count=20314 6057 802 5255 582 655
is_linear=0
shrinkage=0.05


Tree=38
num_leaves=7
num_cat=0
split_feature=12 3 47 29 21 48
split_gain=41.0368 61.5653 78.4341 77.0177 58.4775 51.326
threshold=-0.026346651837229725 0.0093600726686418074 0.82674679160118114 0.014892171137034895 0.57500001788139354 -1.0000000180025095e-35
decision_type=2 2 2 2 2 2
left_child=1 -1 -3 4 5 -4
right_child=-2 2 3 -5 -6 -7
leaf_value=0.00019699921538246951 -3.5782820583311896e-05 0.001031872635095869 -0.00045091168469761893 -0.00094303737908739632 0.00010539845483338228 0.00070769454295118459
leaf_weight=2795 14099 236 785 257 2082 110
leaf_count=2795 14099 236 785 257 2082 110
internal_value=-4.29574e-05 0.00338517 -0.00105755 -0.00311053 -0.000813213 -0.0114722
internal_weight=20364 6265 3470 3234 2977 895
internal_count=20364 6265 3470 3234 2977 895
is_linear=0
shrinkage=0.05


Tree=39
num_leaves=7
num_cat=0
split_feature=50 39 25 3 42 35
split_gain=35.7569 54.7309 74.0924 38.5999 63.8585 63.5068
threshold=-0.36307629942893976 0.043403459712862975 -0.061980972066521638 0.012818402145057918 0.12680058926343921 0.20734009146690371
decision_type=2 2 2 2 2 2
left_child=1 -1 -3 4 -2 -6
right_child=3 2 -4 -5 5 -7
leaf_value=9.9466738513353457e-05 -5.203964185427876e-05 0.0011373595089398257 -0.00031850589986901157 -0.00039008547582346356 0.00051481341145324531 -0.00037996083312516861
leaf_weight=7040 9906 113 1017 831 1029 250
leaf_count=7040 9906 113 1017 831 1029 250
internal_value=-1.36199e-05 0.00254128 -0.00764317 -0.00174486 -0.000967382 0.00952103
internal_weight=20186 8170 1130 12016 11185 1279
internal_count=20186 8170 1130 12016 11185 1279
is_linear=0
shrinkage=0.05


Tree=40
num_leaves=7
num_cat=0
split_feature=15 55 46 35 54 26
split_gain=32.9038 42.5362 43.7779 36.3828 44.4904 48.2514
threshold=0.97499999403953563 89813.296875000015 0.92222765088081371 -0.81510189175605763 0.07094809785485269 -0.066298730671405778
decision_type=2 2 2 2 2 2
left_child=3 2 -2 4 5 -1
right_child=1 -3 -4 -5 -6 -7
leaf_value=-0.00053831573005452425 -0.0003809889691150004 -0.00088784652519463862 0.000174692633661111 2.4429303688249576e-05 -0.00057565900089944844 8.5132071742394995e-05
leaf_weight=182 322 224 437 18356 209 607
leaf_count=182 322 224 437 18356 209 607
internal_value=3.80985e-05 -0.00893219 -0.00317408 0.000422284 -0.00884845 -0.00330605
internal_weight=20337 983 759 19354 998 789
internal_count=20337 983 759 19354 998 789
is_linear=0
shrinkage=0.05


Tree=41
num_leaves=7
num_cat=0
split_feature=35 24 42 18 43 39
split_gain=36.56 37.7235 44.7905 37.2396 36.8424 70.4049
threshold=-0.83490771055221547 0.099303863942623152 0.098813608288764967 0.57500001788139354 0.046930914744734771 1.0000000180025095e-35
decision_type=2 2 2 2 2 2
left_child=3 4 -3 -1 5 -2
right_child=1 2 -4 -5 -6 -7
leaf_value=-0.00012084302412854382 0.0001397022492763026 0.00020158951615379935 -0.00056648354395126056 -0.00079320561110364333 2.9659226979768912e-05 -0.00030345578079140766
leaf_weight=575 322 177 455 121 18251 331
leaf_count=575 322 177 455 121 18251 331
internal_value=-8.77106e-05 0.000387646 -0.0115777 -0.011234 0.000791951 -0.0108283
internal_weight=20232 19536 632 696 18904 653
internal_count=20232 19536 632 696 18904 653
is_linear=0
shrinkage=0.05


Tree=42
num_leaves=7
num_cat=0
split_feature=15 22 3 52 11 46
split_gain=32.2837 36.3903 52.3948 36.8863 28.4691 59.8735
threshold=0.97499999403953563 0.27500000596046453 0.0097418725490570086 -0.00029762166377622629 0.0014482620754279198 0.89153632521629345
decision_type=2 2 2 2 2 2
left_child=4 3 -3 -2 -1 -6
right_child=1 2 -4 -5 5 -7
leaf_value=4.7994606937911755e-05 0.00090527706431719449 -0.00054090892729167302 1.3972480323016559e-06 -6.1662542989128263e-05 -0.00019065931841868772 1.513757241020661e-05
leaf_weight=11011 64 417 359 193 2298 5980
leaf_count=11011 64 417 359 193 2298 5980
internal_value=3.32071e-05 -0.00879094 -0.0141805 0.00734733 0.000260444 -0.00195279
internal_weight=20322 1033 776 257 19289 8278
internal_count=20322 1033 776 257 19289 8278
is_linear=0
shrinkage=0.05


Tree=43
num_leaves=7
num_cat=0
split_feature=35 14 36 22 47 40
split_gain=33.0094 45.7498 38.7249 34.3714 30.7262 71.3989
threshold=-0.83490771055221547 0.12500000372529033 -0.93727743625640858 0.87500000000000011 1.0733523368835451 0.12805615365505221
decision_type=2 2 2 2 2 2
left_child=1 -1 -3 -4 -2 -6
right_child=4 2 3 -5 5 -7
leaf_value=0.00041898805530572991 -2.4392642389724554e-05 5.3278968356107107e-05 -0.00063428000350295496 0.00014691741216697079 0.0001631566008422619 -0.00022189018076787886
leaf_weight=146 14313 145 308 63 3852 1352
leaf_count=146 14313 145 308 63 3852 1352
internal_value=-6.31688e-05 -0.0112069 -0.0181862 -0.0266622 0.000103729 0.00339317
internal_weight=20179 662 516 371 19517 5204
internal_count=20179 662 516 371 19517 5204
is_linear=0
shrinkage=0.05


Tree=44
num_leaves=7
num_cat=0
split_feature=53 46 55 2 35 53
split_gain=46.5514 76.6761 61.3046 79.7731 64.6796 48.9214
threshold=-0.17794221639633176 0.96510434150695812 49836.833984375007 0.0076185436919331559 0.51787045598030101 -0.089328002184629426
decision_type=2 2 2 2 2 2
left_child=1 -1 -3 4 -4 -2
right_child=5 2 3 -5 -6 -7
leaf_value=-5.1073248125355749e-05 -0.00031747972172880022 0.00010669917977607714 -0.00032599196141046115 0.00073653783356753336 0.00027316557498649604 -2.303628403610208e-05
leaf_weight=3866 992 2677 169 890 270 11353
leaf_count=3866 992 2677 169 890 270 11353
internal_value=3.33795e-05 0.00282785 0.00767265 0.0164355 -0.000957207 -0.00209109
internal_weight=20217 7872 4006 1329 439 12345
internal_count=20217 7872 4006 1329 439 12345
is_linear=0
shrinkage=0.05


Tree=45
num_leaves=7
num_cat=0
split_feature=0 48 6 15 21 52
split_gain=31.1001 34.7548 49.0768 37.609 39.8434 37.8701
threshold=-0.0066014695912599555 -0.61863762140274037 0.52009856700897228 0.97499999403953563 0.37500000000000006 -0.00032098674273584033
decision_type=2 2 2 2 2 2
left_child=1 2 -1 -3 5 -5
right_child=-2 3 -4 4 -6 -7
leaf_value=-0.00010596085529643805 3.1290594391332215e-05 1.1148451095930257e-05 -0.00062264038777803119 0.00098484583952284125 -0.00048672462940370695 -0.00013837499971922342
leaf_weight=1195 12610 5389 425 62 483 178
leaf_count=1195 12610 5389 425 62 483 178
internal_value=-2.82597e-05 -0.00277562 -0.00927692 -0.00104218 -0.0117102 0.00479592
internal_weight=20342 7732 1620 6112 723 240
internal_count=20342 7732 1620 6112 723 240
is_linear=0
shrinkage=0.05


Tree=46
num_leaves=7
num_cat=0
split_feature=35 22 21 43 39 42
split_gain=35.6785 46.2466 43.0039 31.5548 65.4032 36.9529
threshold=-0.83490771055221547 0.92499998211860668 0.47499999403953558 0.046930914744734771 0.0046624629758298406 0.093496512621641173
decision_type=2 2 2 2 2 2
left_child=1 2 -1 4 -2 -5
right_child=3 -3 -4 5 -6 -7
leaf_value=0.00011982699165197691 3.4621638195478018e-05 0.00081212439766895073 -0.00036981257371574485 5.4990041037312492e-05 -0.00032491899816151118 -5.0444560372034332e-05
leaf_weight=154 416 62 454 9990 258 9110
leaf_count=154 416 62 454 9990 258 9110
internal_value=-6.72405e-05 -0.0115185 -0.015783 0.000170636 -0.0104197 0.000548286
internal_weight=20444 670 608 19774 674 19100
internal_count=20444 670 608 19774 674 19100
is_linear=0
shrinkage=0.05


Tree=47
num_leaves=7
num_cat=0
split_feature=43 39 35 15 39 44
split_gain=31.9201 45.2631 40.0781 85.7993 52.9823 53.9492
threshold=0.052085973322391517 -0.0009664641402196138 -0.11557146906852721 0.97499999403953563 -0.049111248925328248 0.14405981451272967
decision_type=2 2 2 2 2 2
left_child=1 -1 4 -4 -2 -6
right_child=2 -3 3 -5 5 -7
leaf_value=8.1023558810027589e-05 -0.00063746372603981302 -0.00020475074198438131 9.3379741830397229e-05 -0.00039411443883115505 -5.9063167556693367e-05 0.00050927473805079896
leaf_weight=505 288 829 9604 641 7859 585
leaf_count=505 288 829 9604 641 7859 585
internal_value=-3.3225e-05 -0.00737491 0.000612422 0.00273415 -0.00187421 -0.00114511
internal_weight=20311 1334 18977 10245 8732 8444
internal_count=20311 1334 18977 10245 8732 8444
is_linear=0
shrinkage=0.05


Tree=48
num_leaves=7
num_cat=0
split_feature=53 9 6 22 36 42
split_gain=42.1386 40.4787 67.0552 45.4015 52.0046 35.9151
threshold=0.84754872322082531 -0.036917686462402337 0.62319767475128185 0.82500001788139354 -0.41058352589607233 0.12988613545894626
decision_type=2 2 2 2 2 2
left_child=1 2 -1 5 -5 -3
right_child=-2 3 -4 4 -6 -7
leaf_value=0.00013669761511182405 -0.00017845124691226715 -1.4028951393643534e-05 -0.00058835459306998041 -0.00070441695743611891 -8.4594405943862845e-05 0.00048809546098641811
leaf_weight=6337 1968 9655 211 370 1317 516
leaf_count=6337 1968 9655 211 370 1317 516
internal_value=-3.31223e-05 0.000503775 0.00365863 -0.00123704 -0.00882092 2.21108e-05
internal_weight=20374 18406 6548 11858 1687 10171
internal_count=20374 18406 6548 11858 1687 10171
is_linear=0
shrinkage=0.05


Tree=49
num_leaves=7
num_cat=0
split_feature=0 3 45 39 53 53
split_gain=44.2895 45.3281 49.1626 42.6576 49.2141 48.1177
threshold=-0.0066014695912599555 0.012509107124060394 0.20069739967584613 0.043403459712862975 -0.23716993629932401 -1.0981727242469785
decision_type=2 2 2 2 2 2
left_child=1 -1 -3 4 -2 -5
right_child=3 2 -4 5 -6 -7
leaf_value=-5.2447609132771222e-05 0.00019408060378741919 -0.00073410538146142102 0.0011375847404890471 0.00081232582082155832 9.8366907607922652e-06 -0.00022654162102401512
leaf_weight=7204 3628 486 64 82 7579 1347
leaf_count=7204 3628 486 64 82 7579 1347
internal_value=-3.67737e-06 -0.00311574 -0.0168919 0.00168302 0.00272253 -0.00643305
internal_weight=20390 7754 550 12636 11207 1429
internal_count=20390 7754 550 12636 11207 1429
is_linear=0
shrinkage=0.05


Tree=50
num_leaves=7
num_cat=0
split_feature=4 46 47 51 22 43
split_gain=35.6177 59.9165 50.6339 73.6929 63.4518 64.1033
threshold=0.036375677213072784 0.90420120954513561 1.0956958532333376 -0.076798260211944566 0.77500000596046459 0.080587159842252745
decision_type=2 2 2 2 2 2
left_child=2 -2 3 4 -1 -6
right_child=1 -3 -4 -5 5 -7
leaf_value=-0.00033744279758152651 -0.00015566924799604359 6.4153854294533549e-06 0.0002152212769928909 6.9464390280964472e-05 -0.00073192267932974174 0.00029977817985570368
leaf_weight=1845 3016 6464 2461 5351 227 818
leaf_count=1845 3016 6464 2461 5351 227 818
internal_value=2.84837e-05 -0.00245387 0.00175353 -0.000124303 -0.0065544 0.0032619
internal_weight=20182 9480 10702 8241 2890 1045
internal_count=20182 9480 10702 8241 2890 1045
is_linear=0
shrinkage=0.05


Tree=51
num_leaves=7
num_cat=0
split_feature=25 5 35 22 2 36
split_gain=35.5441 34.3496 33.3855 49.3034 60.1064 41.0863
threshold=-0.023014495149254795 -0.86172220110893238 -0.83490771055221547 0.92499998211860668 0.006782728713005782 -0.93727743625640858
decision_type=2 2 2 2 2 2
left_child=-1 -2 3 4 -3 -6
right_child=1 2 -4 -5 5 -7
leaf_value=0.00010271843780855902 -0.0013229456578774731 0.00049637298250430895 -1.1711400468913063e-05 0.00083177417108505581 -4.4969353424827689e-05 -0.00058134660053889287
leaf_weight=3629 101 55 16094 61 135 295
leaf_count=3629 101 55 16094 61 135 295
internal_value=-2.82209e-05 -0.00110026 -0.000917693 -0.0130218 -0.0184184 -0.0247701
internal_weight=20370 16741 16640 546 485 430
internal_count=20370 16741 16640 546 485 430
is_linear=0
shrinkage=0.05


Tree=52
num_leaves=7
num_cat=0
split_feature=6 45 44 44 46 35
split_gain=29.3545 79.2287 43.3051 51.3367 50.2622 40.9751
threshold=0.26347695291042333 0.052842440083622939 0.13022792339324954 0.12697502970695498 0.87193831801414501 -0.83490771055221547
decision_type=2 2 2 2 2 2
left_child=2 -2 3 4 -1 -3
right_child=1 5 -4 -5 -6 -7
leaf_value=0.00019374632987074897 -0.00026006749992470754 -0.0003598097440745801 0.00041722738913184697 -0.00099407027910647697 -5.6625388578997576e-06 3.5085990241469793e-06
leaf_weight=1088 550 301 893 112 4663 12708
leaf_count=1088 550 301 893 112 4663 12708
internal_value=3.69094e-06 -0.00109297 0.00293965 0.00136759 0.002037 -0.000301598
internal_weight=20315 13559 6756 5863 5751 13009
internal_count=20315 13559 6756 5863 5751 13009
is_linear=0
shrinkage=0.05


Tree=53
num_leaves=7
num_cat=0
split_feature=38 47 47 36 24 21
split_gain=31.4999 73.0826 31.1788 38.7974 29.6575 59.6898
threshold=-0.03066541068255901 0.92813393473625194 0.98442605137825023 0.45699056982994085 0.099303863942623152 0.52500000596046459
decision_type=2 2 2 2 2 2
left_child=1 -1 -3 -4 -2 -6
right_child=4 2 3 -5 5 -7
leaf_value=-0.00066575843736003818 1.5800247896427301e-05 0.00049036590970560575 -0.000413973083000823 0.00064305423343913185 0.00022440843333539548 -0.00065098583061213764
leaf_weight=304 18889 136 212 72 248 359
leaf_count=304 18889 136 212 72 248 359
internal_value=-9.2707e-05 -0.0102538 0.00323529 -0.00614187 0.000332034 -0.0104984
internal_weight=20220 724 420 284 19496 607
internal_count=20220 724 420 284 19496 607
is_linear=0
shrinkage=0.05


Tree=54
num_leaves=7
num_cat=0
split_feature=7 45 41 26 13 51
split_gain=37.7901 45.8225 44.0426 44.0106 57.3654 42.9796
threshold=0.35170195996761328 0.11924136430025102 0.1429390832781792 -0.12331347912549971 -0.0033771531889215107 -0.05881229601800441
decision_type=2 2 2 2 2 2
left_child=1 5 -2 -4 -5 -1
right_child=2 -3 3 4 -6 -7
leaf_value=-9.2535420809452382e-05 -2.3036343836808798e-05 0.00034352390585664608 -0.00086246914912687278 0.00088629660934735628 -0.00038189645079496907 9.1927477303839996e-05
leaf_weight=3032 11286 1522 316 102 248 3735
leaf_count=3032 11286 1522 316 102 248 3735
internal_value=-3.33399e-05 0.00257114 -0.00182111 -0.0142697 -0.00190141 0.000801093
internal_weight=20241 8289 11952 666 350 6767
internal_count=20241 8289 11952 666 350 6767
is_linear=0
shrinkage=0.05


Tree=55
num_leaves=7
num_cat=0
split_feature=53 27 41 45 12 39
split_gain=29.5191 32.2485 40.3606 40.3975 58.9607 29.167
threshold=0.99201837182044994 -0.017395614646375176 0.20171542465686801 0.052842440083622939 -0.01661330088973045 -0.049111248925328248
decision_type=2 2 2 2 2 2
left_child=1 -1 3 4 -3 -5
right_child=-2 2 -4 5 -6 -7
leaf_value=8.0283157604235615e-05 -0.00024928169577935461 0.00011845469798708847 -0.00089704496575877921 -0.00044078722172936696 -0.00024708248627038087 1.1567821098253107e-05
leaf_weight=6287 964 190 111 443 591 11608
leaf_count=6287 964 190 111 443 591 11608
internal_value=-0.000122531 0.000404211 -0.00102139 -0.000753681 -0.0117366 -3.52522e-05
internal_weight=20194 19230 12943 12832 781 12051
internal_count=20194 19230 12943 12832 781 12051
is_linear=0
shrinkage=0.05


Tree=56
num_leaves=7
num_cat=0
split_feature=35 55 51 12 2 32
split_gain=33.9446 35.7751 57.6952 86.7515 74.7281 35.929
threshold=-0.83490771055221547 148592.86718750003 -0.0029040838126093145 -0.032529482617974274 0.0079977144487202185 0.6455044448375703
decision_type=2 2 2 2 2 2
left_child=-1 -2 4 -4 -3 -5
right_child=1 2 3 5 -6 -7
leaf_value=-0.00020141750795052969 3.3713871047583123e-05 -0.00060441528767683978 0.00059178783686281427 -2.0809919003602367e-06 -7.6583843881620868e-05 -0.0006751925430677104
leaf_weight=659 16272 512 156 1849 642 165
leaf_count=659 16272 512 156 1849 642 165
internal_value=-2.8381e-05 0.000462987 -0.00425804 0.00054023 -0.0132657 -0.00226597
internal_weight=20255 19596 3324 2170 1154 2014
internal_count=20255 19596 3324 2170 1154 2014
is_linear=0
shrinkage=0.05


Tree=57
num_leaves=7
num_cat=0
split_feature=53 48 36 17 3 41
split_gain=28.6939 39.2752 37.3771 30.9942 40.9721 40.3641
threshold=0.84754872322082531 -2.0452275276184078 0.42527873814105993 0.77500000596046459 0.0050039815250784167 0.056259021162986762
decision_type=2 2 2 2 2 2
left_child=3 -2 -3 -1 -5 -6
right_child=1 2 -4 4 5 -7
leaf_value=3.4203723400662863e-05 -0.0011827908784756017 -0.0001636355046402594 0.00026571647191921236 -0.00031066965666264214 0.00015268581788522347 -8.9924505922116499e-05
leaf_weight=13738 96 1512 331 185 334 3995
leaf_count=13738 96 1512 331 185 334 3995
internal_value=-6.31313e-05 -0.00597994 -0.00428842 0.000409432 -0.00318101 -0.00217467
internal_weight=20191 1939 1843 18252 4514 4329
internal_count=20191 1939 1843 18252 4514 4329
is_linear=0
shrinkage=0.05


Tree=58
num_leaves=7
num_cat=0
split_feature=38 15 1 41 44 53
split_gain=28.5577 28.989 35.463 45.8687 39.7792 39.6743
threshold=-0.03066541068255901 0.32500000298023229 0.024752423167228702 0.072909843176603331 0.07339931279420854 0.12623193860054019
decision_type=2 2 2 2 2 2
left_child=-1 2 3 4 -2 -4
right_child=1 -3 5 -5 -6 -7
leaf_value=-0.00025282104918032639 0.00011951701199869952 -2.1369968741256929e-05 9.598622039452068e-05 0.0002987523627609259 -0.00030067722296886739 -0.00019911012223571209
leaf_weight=712 402 13748 2324 1706 470 995
leaf_count=712 402 13748 2324 1706 470 995
internal_value=-6.75277e-05 0.000291349 0.00322348 0.00761711 -0.00168187 -0.000188026
internal_weight=20357 19645 5897 2578 872 3319
internal_count=20357 19645 5897 2578 872 3319
is_linear=0
shrinkage=0.05


Tree=59
num_leaves=7
num_cat=0
split_feature=53 43 43 51 47 36
split_gain=27.5956 34.3517 76.3379 40.3674 29.3411 68.2628
threshold=0.84754872322082531 0.063488591462373747 0.046930914744734771 3.0062167644500737 1.0733523368835451 0.82941195368766796
decision_type=2 2 2 2 2 2
left_child=4 2 -2 -3 -1 -6
right_child=1 3 -4 -5 5 -7
leaf_value=-1.8171281155143359e-05 -0.00024671248617799706 -0.00035357330585582638 0.00026202333130490897 0.00040583488210796576 7.0475595985007336e-05 0.00069211551953288078
leaf_weight=13680 150 1251 343 201 4480 146
leaf_count=13680 150 1251 343 201 4480 146
internal_value=-9.7502e-05 -0.00585897 0.00547189 -0.00972889 0.000397302 0.00383826
internal_weight=20251 1945 493 1452 18306 4626
internal_count=20251 1945 493 1452 18306 4626
is_linear=0
shrinkage=0.05


Tree=60
num_leaves=7
num_cat=0
split_feature=15 55 22 35 44 39
split_gain=24.6277 34.1028 49.101 31.9704 52.6784 55.4133
threshold=0.97499999403953563 89813.296875000015 0.52500000596046459 -0.11557146906852721 0.065542574971914305 -0.0078987614251673204
decision_type=2 2 2 2 2 2
left_child=3 2 -2 -1 5 -5
right_child=1 -3 -4 4 -6 -7
leaf_value=-5.2710262169367421e-05 0.00018463828104937774 -0.00077956894322585724 -0.00035910889326093356 0.00024457092390922175 9.0700124948676265e-05 -0.00013112629703116723
leaf_weight=8813 403 224 397 247 8948 1339
leaf_count=8813 403 224 397 247 8948 1339
internal_value=-9.202e-05 -0.00775024 -0.00282609 0.000187319 0.00204716 -0.0063325
internal_weight=20371 1024 800 19347 10534 1586
internal_count=20371 1024 800 19347 10534 1586
is_linear=0
shrinkage=0.05


Tree=61
num_leaves=7
num_cat=0
split_feature=35 18 2 51 10 53
split_gain=28.7152 41.7274 37.9576 38.8951 58.7107 29.2916
threshold=-0.83490771055221547 0.57500001788139354 0.006782728713005782 -0.05610344931483268 -0.046915670856833451 0.84754872322082531
decision_type=2 2 2 2 2 2
left_child=1 2 -1 -4 -5 -2
right_child=5 -3 3 4 -6 -7
leaf_value=0.00075784901507445135 2.5794025601535348e-05 -0.00068788690835925757 -0.0003148759400014404 -0.00033030867243707593 0.00043646853595351201 -0.00011570546720743536
leaf_weight=57 17655 115 204 136 152 1937
leaf_count=57 17655 115 204 136 152 1937
internal_value=-6.78644e-05 -0.0101271 -0.00419675 -0.00880282 0.00298635 0.00040695
internal_weight=20256 664 549 492 288 19592
internal_count=20256 664 549 492 288 19592
is_linear=0
shrinkage=0.05


Tree=62
num_leaves=7
num_cat=0
split_feature=0 39 41 22 39 50
split_gain=26.252 37.3095 34.7199 62.7627 57.8835 47.241
threshold=-0.0066014695912599555 -0.056566674262285226 0.063381329178810134 0.42499999701976782 0.029543035663664344 1.4855344891548159
decision_type=2 2 2 2 2 2
left_child=1 -1 3 -2 -4 -6
right_child=2 -3 4 -5 5 -7
leaf_value=-0.00076070847094077739 -9.9564877788880181e-06 -5.6232075956537744e-05 9.9842763206789146e-05 -0.00054128502490585317 -0.00015128912741252775 0.0010507548380752794
leaf_weight=150 1949 7599 7942 360 2219 70
leaf_count=150 1949 7599 7942 360 2219 70
internal_value=-4.80438e-05 -0.00263412 0.00106616 -0.00446197 0.0023178 -0.00467524
internal_weight=20289 7749 12540 2309 10231 2289
internal_count=20289 7749 12540 2309 10231 2289
is_linear=0
shrinkage=0.05


Tree=63
num_leaves=7
num_cat=0
split_feature=53 46 55 43 35 53
split_gain=27.4309 58.4166 54.0168 88.0076 63.3468 53.0457
threshold=-0.17794221639633176 0.96510434150695812 49836.833984375007 0.079621355980634703 0.51787045598030101 -0.089328002184629426
decision_type=2 2 2 2 2 2
left_child=1 -1 -3 4 -4 -2
right_child=5 2 3 -5 -6 -7
leaf_value=-4.8889500637651634e-05 -0.00032653530763733279 7.9231687671346923e-05 -0.00034754398759315294 0.00068050892701448083 0.00018286504666215964 -1.188734102536921e-05
leaf_weight=3946 985 2675 161 873 292 11297
leaf_count=3946 985 2675 161 873 292 11297
internal_value=-5.31284e-05 0.00221642 0.00647154 0.014707 -0.00311135 -0.00155245
internal_weight=20229 7947 4001 1326 453 12282
internal_count=20229 7947 4001 1326 453 12282
is_linear=0
shrinkage=0.05


Tree=64
num_leaves=7
num_cat=0
split_feature=24 42 55 10 44 42
split_gain=23.6965 43.2757 27.7293 23.1302 43.3607 35.0336
threshold=0.099303863942623152 0.098813608288764967 16975.004882812504 0.13677776604890826 0.12294011190533639 0.078168783336877837
decision_type=2 2 2 2 2 2
left_child=3 2 -2 -1 5 -5
right_child=1 -3 -4 4 -6 -7
leaf_value=1.0467167554922959e-06 0.00044728267318705777 -0.00046079265862483226 -0.00028451128897654337 -0.00045876546546752138 -0.0009042501106996852 0.00062734454245903532
leaf_weight=19122 96 431 82 57 50 353
leaf_count=19122 96 431 82 57 50 353
internal_value=-0.000122549 -0.00964984 0.0107923 0.000325471 0.0113441 0.0168072
internal_weight=20191 609 178 19582 460 410
internal_count=20191 609 178 19582 460 410
is_linear=0
shrinkage=0.05


Tree=65
num_leaves=7
num_cat=0
split_feature=35 22 36 51 43 11
split_gain=28.6361 37.1645 36.4896 29.2163 28.4372 38.0371
threshold=-0.83490771055221547 0.92499998211860668 -0.93727743625640858 -0.047763571143150323 0.073309957981109633 -0.013310836162418125
decision_type=2 2 2 2 2 2
left_child=1 2 3 -1 -4 -6
right_child=-2 -3 4 -5 5 -7
leaf_value=-0.00013856467472904711 8.8920904979481912e-06 0.00081292995594156548 7.1752702766090398e-05 0.00046487754815361976 9.9265414504818441e-05 -0.00058206641409574425
leaf_weight=126 19565 58 91 79 56 273
leaf_count=126 19565 58 91 79 56 273
internal_value=-0.000112329 -0.0100654 -0.0136905 0.00345238 -0.0220588 -0.0288174
internal_weight=20248 683 625 205 420 329
internal_count=20248 683 625 205 420 329
is_linear=0
shrinkage=0.05


Tree=66
num_leaves=7
num_cat=0
split_feature=53 47 36 51 51 38
split_gain=25.1481 30.064 52.34 52.764 49.5589 49.7161
threshold=0.99201837182044994 1.0851030945777895 0.82941195368766796 -0.038741581141948693 -0.076798260211944566 0.021425761282444004
decision_type=2 2 2 2 2 2
left_child=1 4 3 -3 5 -1
right_child=-2 2 -4 -5 -6 -7
leaf_value=-0.00010387476314051433 -0.00021503823422200558 0.00020593987954284064 0.00046186605884764986 -4.5908182689526242e-05 1.8041806418881605e-05 -0.00055667628207988992
leaf_weight=3316 968 1819 145 2665 11009 408
leaf_count=3316 968 1819 145 2665 11009 408
internal_value=-9.22056e-05 0.000246553 0.00376025 0.00277902 -0.000856629 -0.00583937
internal_weight=20330 19362 4629 4484 14733 3724
internal_count=20330 19362 4629 4484 14733 3724
is_linear=0
shrinkage=0.05


Tree=67
num_leaves=7
num_cat=0
split_feature=43 39 36 44 15 55
split_gain=24.654 55.4122 33.9459 33.8959 32.2263 29.9446
threshold=0.046930914744734771 0.0010937196784652772 0.39605963230133062 0.055840110406279571 0.37500000000000006 76366.199218750015
decision_type=2 2 2 2 2 2
left_child=1 2 5 4 -2 -1
right_child=3 -3 -4 -5 -6 -7
leaf_value=0.00046214664551540754 -0.00017863800566782448 -0.00023509242188623979 -0.00038563240303394732 -3.3452314714470742e-06 0.00027538623599964249 -0.00010667346644826284
leaf_weight=167 50 330 82 19416 233 94
leaf_count=167 50 330 82 19416 233 94
internal_value=-0.000116553 -0.00962389 0.00438218 7.23203e-05 0.0171007 0.0132519
internal_weight=20372 673 343 19699 283 261
internal_count=20372 673 343 19699 283 261
is_linear=0
shrinkage=0.05


Tree=68
num_leaves=7
num_cat=0
split_feature=45 6 48 44 35 32
split_gain=26.0569 71.0273 47.0675 35.8105 27.9633 67.1805
threshold=0.052842440083622939 0.26347695291042333 0.80707287788391124 0.050447857007384307 -0.11557146906852721 0.41182041168212896
decision_type=2 2 2 2 2 2
left_child=1 -1 -3 -2 -5 -6
right_child=3 2 -4 4 5 -7
leaf_value=0.0001100097320440272 0.00032322616535866824 -0.00028242262091251097 0.00010822548670260679 -5.5873013068582341e-05 0.0001025041813050835 -0.00010245350584954204
leaf_weight=434 74 405 147 8768 7595 2926
leaf_count=434 74 405 147 8768 7595 2926
internal_value=-7.73804e-05 -0.00804743 -0.0198833 0.000264612 0.000125687 0.00186443
internal_weight=20349 986 552 19363 19289 10521
internal_count=20349 986 552 19363 19289 10521
is_linear=0
shrinkage=0.05


Tree=69
num_leaves=7
num_cat=0
split_feature=3 42 23 46 29 2
split_gain=23.388 76.8209 57.7446 49.4099 44.9407 40.5895
threshold=0.012818402145057918 0.15352947264909747 -0.0058934192638844243 0.77391481399536144 -0.067131411284208284 0.011543211527168752
decision_type=2 2 2 2 2 2
left_child=1 -1 4 -3 -2 -6
right_child=2 3 -4 -5 5 -7
leaf_value=3.6827030702278127e-07 0.00058748696534394044 -0.0005432438444773715 -0.00044178847204460157 0.00083462681800349674 0.00079933616892294528 -0.0003359253686945605
leaf_weight=18183 297 76 904 452 58 356
leaf_count=18183 297 76 904 452 58 356
internal_value=-0.000116817 0.000567696 -0.00569444 0.0192777 0.00492318 -0.00566826
internal_weight=20326 18711 1615 528 711 414
internal_count=20326 18711 1615 528 711 414
is_linear=0
shrinkage=0.05


Tree=70
num_leaves=7
num_cat=0
split_feature=47 40 31 51 36 42
split_gain=23.1877 59.2853 68.7096 56.4105 59.1828 54.5817
threshold=1.0733523368835451 0.12805615365505221 43.378307342529304 -0.038741581141948693 0.35580416023731237 0.12680058926343921
decision_type=2 2 2 2 2 2
left_child=5 3 -3 -2 -5 -1
right_child=1 2 -4 4 -6 -7
leaf_value=-4.1244413633344854e-05 0.00024696700199089655 0.00024137987553353533 -0.00047709150943797115 -9.1846047492985267e-05 0.00027767249882309293 0.00029455025202308608
leaf_weight=13402 1433 570 833 1702 747 1670
leaf_count=13402 1433 570 833 1702 747 1670
internal_value=3.68333e-06 0.00308601 -0.00569957 0.0062709 0.00164018 -0.000761093
internal_weight=20357 5285 1403 3882 2449 15072
internal_count=20357 5285 1403 3882 2449 15072
is_linear=0
shrinkage=0.05


Tree=71
num_leaves=7
num_cat=0
split_feature=40 36 47 51 36 2
split_gain=24.4896 51.2025 42.2976 60.8718 53.8056 61.0608
threshold=0.12325851619243623 0.20037429034709933 1.0851030945777895 -0.047763571143150323 0.35580416023731237 0.010291813872754576
decision_type=2 2 2 2 2 2
left_child=2 -2 -1 -4 5 -5
right_child=1 -3 3 4 -6 -7
leaf_value=-1.8260606017310249e-05 -1.6963370504433777e-05 -0.00059551604163392128 0.00025709133965964073 -0.00024127739592261907 0.00025741550758931085 0.00026913895369434424
leaf_weight=14560 1658 619 1183 1042 696 549
leaf_count=14560 1658 619 1183 1042 696 549
internal_value=-6.27708e-05 -0.00513804 0.000359024 0.00531655 0.000534468 -0.00452694
internal_weight=20307 2277 18030 3470 2287 1591
internal_count=20307 2277 18030 3470 2287 1591
is_linear=0
shrinkage=0.05


Tree=72
num_leaves=7
num_cat=0
split_feature=4 29 46 38 44 5
split_gain=26.802 73.8797 49.3051 44.4224 42.2061 41.6218
threshold=1.0000000180025095e-35 -0.056289790198206895 0.88490545749664318 0.0071670410688966521 0.089965235441923155 0.66135558485984813
decision_type=2 2 2 2 2 2
left_child=-1 -2 3 -3 -5 -4
right_child=1 2 5 4 -6 -7
leaf_value=3.4280651573827252e-05 -0.00080380179039830305 -3.7813590102519324e-05 5.08472692311415e-05 -6.5905184086576779e-05 -0.00054621606088895434 -0.00022346408894429153
leaf_weight=10530 376 1459 6069 411 561 936
leaf_count=10530 376 1459 6069 411 561 936
internal_value=-3.68605e-06 -0.00222828 -0.00135314 -0.00748153 -0.0157369 0.000773894
internal_weight=20342 9812 9436 2431 972 7005
internal_count=20342 9812 9436 2431 972 7005
is_linear=0
shrinkage=0.05


Tree=73
num_leaves=7
num_cat=0
split_feature=49 39 0 40 47 42
split_gain=30.1411 36.3105 38.0644 31.4595 57.2288 52.0963
threshold=0.039682857692241676 0.054265286773443229 -0.014149460941553114 0.12325851619243623 1.2472339272499087 0.15352947264909747
decision_type=2 2 2 2 2 2
left_child=3 2 -2 5 -5 -1
right_child=1 -3 -4 4 -6 -7
leaf_value=4.9452661788327833e-05 -0.00014894715516692108 -0.00050521039178366592 1.1581105419575728e-05 -0.00045658850399125966 0.00026602613896910829 0.00083170848093823315
leaf_weight=9050 2174 423 7097 762 435 257
leaf_count=9050 2174 423 7097 762 435 257
internal_value=-8.66208e-06 -0.00193577 -0.0012748 0.0019293 -0.00567804 0.00291291
internal_weight=20198 9694 9271 10504 1197 9307
internal_count=20198 9694 9271 10504 1197 9307
is_linear=0
shrinkage=0.05


Tree=74
num_leaves=7
num_cat=0
split_feature=13 2 11 10 44 41
split_gain=22.0686 31.5218 26.1586 24.9676 31.5566 31.2416
threshold=-0.015058386139571665 0.017874909564852718 0.0014482620754279198 -0.16499559581279752 0.15562175214290622 0.12310042232275011
decision_type=2 2 2 2 2 2
left_child=2 3 -1 -2 -5 -6
right_child=1 -3 -4 4 5 -7
leaf_value=9.6490446781901371e-05 -0.00049028510030485538 -0.00088681701693199436 -0.00019277843459309703 -2.2068495756181552e-05 0.00073712603635174697 -0.00018732478434745612
leaf_weight=5086 310 74 506 13907 246 114
leaf_count=5086 310 74 506 13907 246 114
internal_value=-9.75405e-05 -0.00108659 0.00260407 -0.000913798 -0.00060433 0.0139041
internal_weight=20243 14651 5592 14577 14267 360
internal_count=20243 14651 5592 14577 14267 360
is_linear=0
shrinkage=0.05


Tree=75
num_leaves=7
num_cat=0
split_feature=24 42 53 35 2 32
split_gain=23.1792 39.563 27.4954 23.9028 38.1794 27.1724
threshold=0.099303863942623152 0.098813608288764967 0.12623193860054019 -0.81510189175605763 0.006782728713005782 -0.9303341507911681
decision_type=2 2 2 2 2 2
left_child=3 2 -2 4 -1 -5
right_child=1 -3 -4 5 -6 -7
leaf_value=0.00060850287171010419 0.00061313281939316038 -0.00041888733413458779 -0.00012657811674476405 0.00030907354516910928 -0.00022414939393410762 4.3880710863495289e-06
leaf_weight=101 71 458 115 877 876 17746
leaf_count=101 71 458 115 877 876 17746
internal_value=-8.27201e-05 -0.00936055 0.00981675 0.00024356 -0.00735743 0.000645534
internal_weight=20244 644 186 19600 977 18623
internal_count=20244 644 186 19600 977 18623
is_linear=0
shrinkage=0.05


Tree=76
num_leaves=7
num_cat=0
split_feature=42 44 24 47 26 24
split_gain=19.6551 42.0723 61.7555 47.1692 71.1667 55.9259
threshold=0.093496512621641173 0.11219469457864763 0.042870914563536651 0.74564814567565929 -0.04639176465570926 -0.012570426799356936
decision_type=2 2 2 2 2 2
left_child=1 3 -3 5 -5 -1
right_child=-2 2 -4 4 -6 -7
leaf_value=-0.00095029171355850192 -5.8830870359726474e-05 0.00058341551905069901 -0.00017474397779193487 0.00021210300306496075 -1.3589533466455695e-05 0.00010991801582035444
leaf_weight=212 9212 300 95 1824 8500 197
leaf_count=212 9212 300 95 1824 8500 197
internal_value=-1.8432e-05 0.00113851 0.0170625 0.000542466 0.00120776 -0.0160024
internal_weight=20340 11128 395 10733 10324 409
internal_count=20340 11128 395 10733 10324 409
is_linear=0
shrinkage=0.05


Tree=77
num_leaves=7
num_cat=0
split_feature=55 55 51 12 51 47
split_gain=21.377 66.0188 65.9017 69.645 63.7713 66.6649
threshold=102269.19140625001 61682.826171875007 -0.0029040838126093145 -0.032529482617974274 -0.062135998159646981 0.90800949931144725
decision_type=2 2 2 2 2 2
left_child=1 -1 -2 -4 5 -3
right_child=2 4 3 -5 -6 -7
leaf_value=-1.2824254058311916e-05 -0.00020121164386203419 -0.00052280754995087165 0.00048165248565880132 1.1338200261753719e-06 0.00029098704742400535 0.00015100174916293435
leaf_weight=12056 2564 340 290 2481 2014 612
leaf_count=12056 2564 340 290 2481 2014 612
internal_value=-8.22611e-05 0.00105643 -0.0026264 0.00271073 0.00773309 -0.00289969
internal_weight=20357 15022 5335 2771 2966 952
internal_count=20357 15022 5335 2771 2966 952
is_linear=0
shrinkage=0.05


Tree=78
num_leaves=7
num_cat=0
split_feature=35 14 18 46 24 44
split_gain=26.405 30.3691 27.9098 40.0812 21.5702 35.5541
threshold=-0.83490771055221547 0.12500000372529033 0.27500000596046453 0.90420120954513561 0.11849110573530199 0.10790035128593446
decision_type=2 2 2 2 2 2
left_child=1 -1 3 -3 -2 -6
right_child=4 2 -4 -5 5 -7
leaf_value=0.00028251906519782675 1.1831903687991316e-05 0.00037002264451438827 -0.00042235129029977495 -0.00024234528496240826 0.00012274911041038866 -0.00059866845302642725
leaf_weight=141 19234 87 252 183 131 195
leaf_count=141 19234 87 252 183 131 195
internal_value=-6.79751e-05 -0.00976796 -0.0153226 -0.00390909 0.00034117 -0.0123112
internal_weight=20223 663 522 270 19560 326
internal_count=20223 663 522 270 19560 326
is_linear=0
shrinkage=0.05


Tree=79
num_leaves=7
num_cat=0
split_feature=10 43 21 15 55 46
split_gain=21.4559 66.7697 29.4483 22.7745 35.6723 35.7176
threshold=-0.16499559581279752 0.14726231992244723 0.92499998211860668 0.97499999403953563 89813.296875000015 0.8644639551639558
decision_type=2 2 2 2 2 2
left_child=1 2 -1 -2 5 -5
right_child=3 -3 -4 4 -6 -7
leaf_value=-0.00040950546969082736 1.1919898600402154e-05 0.00061173589708843519 -0.0013228249758815624 -0.00036318684073017584 -0.00070851481298093088 7.14605204726083e-05
leaf_weight=326 18632 209 124 205 230 588
leaf_count=326 18632 209 124 205 230 588
internal_value=-9.22782e-05 -0.00892319 -0.0197253 0.000214903 -0.00702821 -0.00191103
internal_weight=20314 659 450 19655 1023 793
internal_count=20314 659 450 19655 1023 793
is_linear=0
shrinkage=0.05


Tree=80
num_leaves=7
num_cat=0
split_feature=47 51 43 51 44 44
split_gain=23.1953 51.6997 63.0317 48.413 52.9503 58.4264
threshold=1.0733523368835451 -0.076798260211944566 0.14726231992244723 -0.031176511198282238 0.085726849734783186 0.050447857007384307
decision_type=2 2 2 2 2 2
left_child=1 -1 3 4 5 -3
right_child=-2 2 -4 -5 -6 -7
leaf_value=-0.00018558055414802976 5.1810021834094361e-05 0.00072088914048018917 0.00077231909325457945 -4.8283237167218385e-05 0.00031028176154976762 -7.795856877570423e-05
leaf_weight=3719 5185 73 227 8196 1556 1312
leaf_count=3719 5185 73 227 8196 1556 1312
internal_value=-0.000112218 -0.00149954 0.000173718 -0.000361246 0.00513408 -0.00196043
internal_weight=20268 15083 11364 11137 2941 1385
internal_count=20268 15083 11364 11137 2941 1385
is_linear=0
shrinkage=0.05


Tree=81
num_leaves=7
num_cat=0
split_feature=11 46 45 50 0 27
split_gain=26.755 56.3133 44.7517 45.8055 43.3473 57.0859
threshold=0.0019196880748495462 0.87873294949531566 0.11924136430025102 1.1556104421615603 -0.020965646952390667 0.021525324322283271
decision_type=2 2 2 2 2 2
left_child=2 -2 3 -1 -3 -6
right_child=1 4 -4 -5 5 -7
leaf_value=-2.0223644427757006e-05 -0.00017828806539117739 -0.00016099645461263026 0.0002532441705571009 0.00028215741242222035 -2.6965234674722577e-05 0.00023512541050201398
leaf_weight=8971 2089 1512 2016 634 3510 1538
leaf_count=8971 2089 1512 2016 634 3510 1538
internal_value=-9.74106e-05 -0.00223307 0.00143859 1.30073e-05 4.18888e-05 0.00227093
internal_weight=20270 8649 11621 9605 6560 5048
internal_count=20270 8649 11621 9605 6560 5048
is_linear=0
shrinkage=0.05


Tree=82
num_leaves=7
num_cat=0
split_feature=53 48 21 21 31 55
split_gain=23.9956 56.9747 68.29 51.558 54.3041 65.1156
threshold=-0.38827444612979883 -0.0583900399506092 0.52500000596046459 0.87500000000000011 53.932035446166999 8588.2885742187518
decision_type=2 2 2 2 2 2
left_child=1 2 -1 4 5 -3
right_child=-2 3 -4 -5 -6 -7
leaf_value=-0.00029081188199312771 -1.8879177790841792e-05 -7.8512394919373594e-05 0.00015898218788365883 -0.0002079563790694293 2.7277232666008777e-05 0.00057748468523004194
leaf_weight=1012 15286 281 1268 405 972 1067
leaf_count=1012 15286 281 1268 405 972 1067
internal_value=-9.23827e-05 0.00311876 -0.00270241 0.00799451 0.010871 0.0173503
internal_weight=20291 5005 2280 2725 2320 1348
internal_count=20291 5005 2280 2725 2320 1348
is_linear=0
shrinkage=0.05


Tree=83
num_leaves=7
num_cat=0
split_feature=30 3 42 10 47 51
split_gain=20.3188 54.1151 45.635 38.6044 32.0666 55.8892
threshold=50.221099853515632 0.012818402145057918 0.17691445350646975 -0.14091888815164563 1.0956958532333376 -0.076798260211944566
decision_type=2 2 2 2 2 2
left_child=4 2 -2 -3 5 -1
right_child=1 3 -4 -5 -6 -7
leaf_value=-0.00014824450039876009 -1.9240190740625262e-05 -0.00085702081183207282 0.0013297382372105739 -0.00017518727223971898 0.00016700429496279516 6.2472636381173392e-05
leaf_weight=2844 8961 301 73 470 2377 5299
leaf_count=2844 8961 301 73 470 2377 5299
internal_value=-6.7634e-05 -0.00166412 -0.000572519 -0.0143363 0.00149881 3.06824e-06
internal_weight=20325 9805 9034 771 10520 8143
internal_count=20325 9805 9034 771 10520 8143
is_linear=0
shrinkage=0.05


Tree=84
num_leaves=7
num_cat=0
split_feature=40 43 36 0 47 10
split_gain=22.0352 54.9824 43.4792 43.0205 54.0916 38.4126
threshold=0.12325851619243623 0.14726231992244723 0.20037429034709933 0.071567777544260039 1.0851030945777895 -0.021357978694140908
decision_type=2 2 2 2 2 2
left_child=1 3 -2 4 -1 -5
right_child=2 -3 -4 5 -6 -7
leaf_value=-1.6100129438727188e-05 -1.3822052495374161e-05 0.00073692147678517945 -0.00053151589629714391 -0.00077140314347382184 0.00014555357979386044 0.0002856462720363923
leaf_weight=14379 1701 227 596 290 3057 81
leaf_count=14379 1701 227 596 290 3057 81
internal_value=-5.28619e-05 0.00049199 -0.00470243 0.000175444 0.000537527 -0.0165559
internal_weight=20331 18034 2297 17807 17436 371
internal_count=20331 18034 2297 17807 17436 371
is_linear=0
shrinkage=0.05


Tree=85
num_leaves=7
num_cat=0
split_feature=53 9 9 22 36 42
split_gain=23.9807 24.1394 22.9149 40.2603 47.8046 58.0055
threshold=0.99201837182044994 -0.0021730241132900114 -0.036917686462402337 0.82500001788139354 -0.20715090632438657 0.089421100914478316
decision_type=2 2 2 2 2 2
left_child=2 -2 -1 -4 -5 -6
right_child=1 -3 3 4 5 -7
leaf_value=7.1702912558457374e-05 -0.00029390419850776101 0.00014829249691363926 5.8113382939705164e-06 -0.00047927850636539685 0.00083356489081436386 -0.00014337259313481617
leaf_weight=6831 795 210 10706 745 131 858
leaf_count=6831 795 210 10706 745 131 858
internal_value=-1.84902e-05 -0.0075495 0.000354067 -0.000922057 -0.00797872 -0.000729376
internal_weight=20276 1005 19271 12440 1734 989
internal_count=20276 1005 19271 12440 1734 989
is_linear=0
shrinkage=0.05


Tree=86
num_leaves=7
num_cat=0
split_feature=25 34 17 55 32 48
split_gain=18.2126 27.7593 28.1665 40.6157 22.8136 28.2499
threshold=-0.023014495149254795 -0.86172220110893238 0.12500000372529033 406795.79687500006 0.099164355546236052 -0.88761281967163075
decision_type=2 2 2 2 2 2
left_child=4 -2 3 -3 -1 -6
right_child=1 2 -4 -5 5 -7
leaf_value=3.4407381351107957e-05 -0.0012287005133406297 0.0002373469126312366 -1.9954794280873084e-05 -0.00072154196619484865 -0.00055696316371065847 0.00034136108013061957
leaf_weight=2936 91 982 15545 108 52 648
leaf_count=2936 91 982 15545 108 52 648
internal_value=-1.35022e-05 -0.000530452 -0.000374099 0.00737443 0.00337133 0.0114539
internal_weight=20362 16726 16635 1090 3636 700
internal_count=20362 16726 16635 1090 3636 700
is_linear=0
shrinkage=0.05


Tree=87
num_leaves=7
num_cat=0
split_feature=15 12 35 22 9 36
split_gain=22.619 36.9839 33.9053 31.2763 61.9451 60.6093
threshold=0.22500000149011615 -0.0083416718989610655 -0.83490771055221547 0.87500000000000011 -0.081779208034276948 -0.28669075667858118
decision_type=2 2 2 2 2 2
left_child=1 -1 -2 -4 -5 -6
right_child=2 -3 3 4 5 -7
leaf_value=3.3554952858149857e-05 -0.00022309273229607961 0.00042764499598350821 3.8486899853997645e-06 0.0011819647660158729 -0.00054272722337681358 -2.4953933304421072e-05
leaf_weight=3596 381 428 13947 109 749 1064
leaf_count=3596 381 428 13947 109 749 1064
internal_value=-5.79417e-05 0.0032204 -0.000964319 -0.000606337 -0.00657758 -0.00881463
internal_weight=20274 4024 16250 15869 1922 1813
internal_count=20274 4024 16250 15869 1922 1813
is_linear=0
shrinkage=0.05


Tree=88
num_leaves=7
num_cat=0
split_feature=53 43 55 31 51 44
split_gain=28.9535 53.8318 98.132 68.6191 66.2206 59.929
threshold=-0.17794221639633176 0.068308413028717055 49836.833984375007 51.455411911010749 -0.071031119674444185 0.075999021530151381
decision_type=2 2 2 2 2 2
left_child=1 5 -3 4 -4 -1
right_child=-2 2 3 -5 -6 -7
leaf_value=8.8475610502604598e-06 -3.7703752327577177e-05 1.4672241266329261e-06 0.00028780856452630479 8.6593421488841268e-05 0.00084045977931632783 -0.00049960904897118305
leaf_weight=940 12353 4608 407 886 682 494
leaf_count=940 12353 4608 407 886 682 494
internal_value=-8.22086e-05 0.00217215 0.00408698 0.0133965 0.0217779 -0.00658443
internal_weight=20370 8017 6583 1975 1089 1434
internal_count=20370 8017 6583 1975 1089 1434
is_linear=0
shrinkage=0.05


Tree=89
num_leaves=7
num_cat=0
split_feature=11 46 44 5 13 22
split_gain=19.8126 50.5009 34.0052 33.2271 44.2711 33.9924
threshold=0.0014482620754279198 0.88490545749664318 0.093400225043296828 0.55978670716285717 0.0077609878499060878 0.87500000000000011
decision_type=2 2 2 2 2 2
left_child=-1 2 -2 4 -3 -6
right_child=1 3 -4 -5 5 -7
leaf_value=3.2026957631939324e-05 -9.0596498853476808e-06 -3.6921434256596856e-05 -0.00029623690706048403 -0.00014678587188256362 0.00020975894091852188 -0.00024665444773579328
leaf_weight=11457 1011 2652 1304 1269 2302 330
leaf_count=11457 1011 2652 1304 1269 2302 330
internal_value=-7.25529e-05 -0.0016877 -0.00802802 0.00055276 0.00230195 0.0068923
internal_weight=20325 8868 2315 6553 5284 2632
internal_count=20325 8868 2315 6553 5284 2632
is_linear=0
shrinkage=0.05


Tree=90
num_leaves=7
num_cat=0
split_feature=54 2 39 16 48 35
split_gain=20.0425 21.1327 45.0614 31.0508 34.3968 43.8845
threshold=-1.2074918150901792 0.0049908200744539508 -0.027347815223038193 0.17500000447034839 1.0231081247329714 0.093689657747745528
decision_type=2 2 2 2 2 2
left_child=-1 2 -2 -4 -5 -6
right_child=1 -3 3 4 5 -7
leaf_value=-0.00029295676543146201 0.0004751658070885543 1.3381296012409078e-05 0.00028240212614366139 -0.00018536661256269356 0.0004185035557110698 -0.00016232798766989645
leaf_weight=314 70 18632 89 969 125 56
leaf_count=314 70 18632 89 969 125 56
internal_value=-0.000122162 0.000171714 -0.0059551 -0.00821945 -0.0104545 0.00927419
internal_weight=20255 19941 1309 1239 1150 181
internal_count=20255 19941 1309 1239 1150 181
is_linear=0
shrinkage=0.05


Tree=91
num_leaves=7
num_cat=0
split_feature=55 32 44 53 40 48
split_gain=22.9657 50.415 34.3232 39.1818 54.1656 38.4638
threshold=148592.86718750003 0.44868214428424841 0.05959895811975003 -0.14835612475872037 0.054691860452294357 -2.0452275276184078
decision_type=2 2 2 2 2 2
left_child=-1 2 -2 -4 -5 -6
right_child=1 -3 3 4 5 -7
leaf_value=7.387710570699166e-06 -0.00033650365325417974 -0.00036665844717390051 0.00022102570424708653 0.00020472599328713343 -0.0010726004466101236 -0.00013714116633845011
leaf_weight=16925 139 549 776 387 88 1419
leaf_count=16925 139 549 776 387 88 1419
internal_value=-0.000112135 -0.00412578 -0.00139481 -0.000102804 -0.00398894 -0.00828373
internal_weight=20283 3358 2809 2670 1894 1507
internal_count=20283 3358 2809 2670 1894 1507
is_linear=0
shrinkage=0.05


Tree=92
num_leaves=7
num_cat=0
split_feature=32 10 21 45 39 53
split_gain=21.0081 47.8317 30.4951 23.8397 34.626 20.2962
threshold=-1.0070754885673521 -0.067118618637323366 0.72499999403953563 0.14418909698724749 0.013872306328266861 -0.38827444612979883
decision_type=2 2 2 2 2 2
left_child=1 2 -1 4 -4 -2
right_child=5 -3 3 -5 -6 -7
leaf_value=-0.00039760030692871819 5.7236401444135318e-05 0.00063178366653641289 -0.00084158131853834879 0.0010577447604793965 0.0008110497033240844 -2.4340987534567474e-05
leaf_weight=196 4760 270 54 56 90 14936
leaf_count=196 4760 270 54 56 90 14936
internal_value=-4.78716e-05 0.00860656 -0.00243142 0.0110976 0 -0.000389574
internal_weight=20362 666 396 200 144 19696
internal_count=20362 666 396 200 144 19696
is_linear=0
shrinkage=0.05


Tree=93
num_leaves=7
num_cat=0
split_feature=32 41 22 53 39 44
split_gain=21.1575 29.8348 51.3611 24.3196 55.8004 47.4339
threshold=-1.0070754885673521 0.079333707690238967 0.87500000000000011 -0.38827444612979883 -0.037529276683926575 0.064040817320346846
decision_type=2 2 2 2 2 2
left_child=1 -1 -3 4 -2 -6
right_child=3 2 -4 -5 5 -7
leaf_value=0.00057515142290686825 -0.00043001914768937989 -0.00015114033443189431 0.0010051726585024658 -3.1223976296252584e-05 -0.00027684149345613864 0.00013119808926612009
leaf_weight=138 406 414 144 14806 184 4216
leaf_count=138 406 414 144 14806 184 4216
internal_value=-9.23054e-05 0.00809558 0.00279751 -0.000742978 0.00234359 0.00398978
internal_weight=20308 696 558 19612 4806 4400
internal_count=20308 696 558 19612 4806 4400
is_linear=0
shrinkage=0.05


Tree=94
num_leaves=7
num_cat=0
split_feature=36 48 39 42 18 46
split_gain=19.9427 50.8009 37.8226 37.3884 43.4913 28.2068
threshold=-0.76295194029808033 2.0282082557678227 0.0081979082897305506 0.071149747818708434 0.62500000000000011 0.90420120954513561
decision_type=2 2 2 2 2 2
left_child=1 2 -1 -4 5 -5
right_child=-2 -3 3 4 -6 -7
leaf_value=-0.00025404132545069405 7.5100567045718361e-06 0.00090121893009093956 0.00028980061530778074 0.00033631517398351359 -0.00055454246388976394 -7.3500464674890713e-05
leaf_weight=1015 17912 103 121 188 156 752
leaf_count=1015 17912 103 121 188 156 752
internal_value=-0.000137024 -0.0045406 -0.0061578 -0.000184124 -0.00315622 0.000925926
internal_weight=20247 2335 2232 1217 1096 940
internal_count=20247 2335 2232 1217 1096 940
is_linear=0
shrinkage=0.05


Tree=95
num_leaves=7
num_cat=0
split_feature=36 45 45 9 22 45
split_gain=19.8056 53.8969 65.8338 43.0282 51.4817 48.6863
threshold=-0.76295194029808033 0.07592399045825006 0.089420862495899214 -0.014079816639423369 0.82500001788139354 0.10459265485405923
decision_type=2 2 2 2 2 2
left_child=1 -1 -3 4 -4 -6
right_child=-2 2 3 -5 5 -7
leaf_value=0.00014281338981751512 1.4071581003205665e-05 -0.00036928998534640161 0.0002608399620988083 -0.00036541621479707485 0.00036760860346095092 -0.00087539644353530188
leaf_weight=589 17962 691 643 215 78 138
leaf_count=589 17962 691 643 215 78 138
internal_value=-1.35328e-05 -0.00422849 -0.00860169 -0.000810936 0.0041956 -0.016629
internal_weight=20316 2354 1765 1074 859 216
internal_count=20316 2354 1765 1074 859 216
is_linear=0
shrinkage=0.05


Tree=96
num_leaves=7
num_cat=0
split_feature=15 21 2 24 38 29
split_gain=19.3665 28.0147 34.7606 23.975 20.2197 22.6091
threshold=0.97499999403953563 0.32500000298023229 0.01129265781491995 0.11849110573530199 -0.0062372884713113299 0.039096761494874961
decision_type=2 2 2 2 2 2
left_child=-1 -2 4 -4 5 -3
right_child=1 2 3 -5 -6 -7
leaf_value=7.9295343242415514e-06 0.00014707142614081692 0.00031450861173866956 0.00050843573037782387 -0.00030976860726732121 -0.00044817958496396761 -0.00034407325967879981
leaf_weight=19153 278 60 103 57 430 69
leaf_count=19153 278 60 103 57 430 69
internal_value=-0.000117837 -0.00671158 -0.011913 0.00833333 -0.0177748 -0.000186567
internal_weight=20150 997 719 160 559 129
internal_count=20150 997 719 160 559 129
is_linear=0
shrinkage=0.05


Tree=97
num_leaves=7
num_cat=0
split_feature=38 43 35 50 39 3
split_gain=20.7923 50.065 42.8521 49.5492 44.4005 57.5903
threshold=0.0064514181576669225 0.046930914744734771 -0.208906315267086 0.48734141886234289 0.017648831009864811 0.0069496119394898423
decision_type=2 2 2 2 2 2
left_child=2 -2 4 -4 -1 -6
right_child=1 -3 3 -5 5 -7
leaf_value=-9.741803759680266e-05 -0.0002848744846376692 -2.7172574799032376e-05 0.00013241752176981688 -5.8800291709150087e-05 0.00061015213219961636 4.989066746200911e-05
leaf_weight=4071 215 7494 5690 2123 119 662
leaf_count=4071 215 7494 5690 2123 119 662
internal_value=-7.23784e-05 -0.00205146 0.00124112 0.00353351 -0.00244492 0.00842875
internal_weight=20374 7709 12665 7813 4852 781
internal_count=20374 7709 12665 7813 4852 781
is_linear=0
shrinkage=0.05


Tree=98
num_leaves=7
num_cat=0
split_feature=43 39 44 43 35 35
split_gain=20.6179 37.9522 30.6734 24.9875 24.7923 36.5199
threshold=0.052085973322391517 0.0025969587732106452 0.055840110406279571 0.046930914744734771 0.44652305543422705 0.24088144302368167
decision_type=2 2 2 2 2 2
left_child=1 -1 -2 -3 5 -4
right_child=2 3 4 -5 -6 -7
leaf_value=3.5672781699278244e-05 0.00022814541626286949 -0.00023481279656959502 3.4087740586017712e-06 -8.1796055874146592e-05 0.00010591623466816186 -0.00015392142605579525
leaf_weight=625 165 285 14172 400 2683 2017
leaf_count=625 165 285 14172 400 2683 2017
internal_value=-0.00012161 -0.00629278 0.000179866 -0.0143841 -9.27054e-06 -0.000748734
internal_weight=20347 1310 19037 685 18872 16189
internal_count=20347 1310 19037 685 18872 16189
is_linear=0
shrinkage=0.05


Tree=99
num_leaves=7
num_cat=0
split_feature=4 36 51 32 21 26
split_gain=18.2971 17.1349 63.3262 51.4231 83.1082 56.2923
threshold=-1.2314929962158201 -0.30778922140598292 0.027172530069947246 0.41182041168212896 0.72499999403953563 0.099897865206003203
decision_type=2 2 2 2 2 2
left_child=-1 2 -2 4 -3 -5
right_child=1 3 -4 5 -6 -7
leaf_value=-0.00024200883783010883 -1.4952545444001272e-05 -3.4722976566021029e-06 -0.00066058421692013071 -0.00020602463852010676 0.0002632471513041678 0.00011900263101679242
leaf_weight=331 6310 7497 576 1992 2658 980
leaf_count=331 6310 7497 576 1992 2658 980
internal_value=-0.000126542 -0.00021106 -0.00223117 0.000847167 0.00254183 -0.00492946
internal_weight=20344 20013 6886 13127 10155 2972
internal_count=20344 20013 6886 13127 10155 2972
is_linear=0
shrinkage=0.05


Tree=100
num_leaves=7
num_cat=0
split_feature=36 22 6 40 3 22
split_gain=18.5423 52.276 81.4542 65.0878 48.4742 47.3811
threshold=-0.20715090632438657 0.72499999403953563 0.52009856700897228 0.12325851619243623 0.012509107124060394 0.97499999403953563
decision_type=2 2 2 2 2 2
left_child=5 3 -3 -2 -4 -1
right_child=1 2 4 -5 -6 -7
leaf_value=-1.0730751711198476e-05 1.3056733122273224e-05 0.00049187632504922617 7.2104473690028404e-05 -0.00039908358003229124 -0.00057910119654375571 -0.00047075985109301752
leaf_weight=7853 8360 1567 1275 546 242 485
leaf_count=7853 8360 1567 1275 546 242 485
internal_value=-2.82792e-05 0.00157357 0.0071787 -0.000367523 -0.00106767 -0.00149527
internal_weight=20328 11990 3084 8906 1517 8338
internal_count=20328 11990 3084 8906 1517 8338
is_linear=0
shrinkage=0.05


Tree=101
num_leaves=7
num_cat=0
split_feature=24 42 51 51 44 47
split_gain=20.3635 30.4862 23.0729 53.14 80.3779 77.5972
threshold=0.099303863942623152 0.098813608288764967 -0.021145598031580445 -0.062135998159646981 0.086575552821159377 1.0851030945777895
decision_type=2 2 2 2 2 2
left_child=2 -2 3 5 -5 -1
right_child=1 -3 -4 4 -6 -7
leaf_value=-9.729893288106286e-05 0.00015278262430813559 -0.00040313838603994658 -2.5974149370372827e-05 -1.5595806146723964e-06 0.00043053961269679073 0.00016463912160277527
leaf_weight=4488 180 450 9895 1859 1729 1678
leaf_count=4488 180 450 9895 1859 1729 1678
internal_value=-0.000107227 -0.00862205 0.000474458 0.00220053 0.00703451 -0.000611732
internal_weight=20279 630 19649 9754 3588 6166
internal_count=20279 630 19649 9754 3588 6166
is_linear=0
shrinkage=0.05


Tree=102
num_leaves=7
num_cat=0
split_feature=41 44 51 26 44 39
split_gain=19.4661 117.556 53.2399 54.4617 42.2072 48.1823
threshold=0.067778032273054137 0.077402021735906615 -0.086839362978935228 -0.057487430050969117 0.065542574971914305 -0.027347815223038193
decision_type=2 2 2 2 2 2
left_child=1 4 -3 -4 5 -1
right_child=-2 2 3 -5 -6 -7
leaf_value=0.00036491096005770068 9.9279518013670393e-06 -0.00072078231732681229 0.00017783278836527492 -0.00053213863374345185 8.3238605924018606e-05 -6.7134039425740706e-05
leaf_weight=115 15703 280 190 530 1804 1641
leaf_count=115 15703 280 190 530 1804 1641
internal_value=-6.2907e-05 -0.00328039 -0.0183831 -0.011 0.000974755 -0.00452868
internal_weight=20263 4560 1000 720 3560 1756
internal_count=20263 4560 1000 720 3560 1756
is_linear=0
shrinkage=0.05


Tree=103
num_leaves=7
num_cat=0
split_feature=15 52 48 22 53 44
split_gain=17.9054 25.5274 31.547 27.9576 33.477 23.6816
threshold=0.97499999403953563 -0.0002248195305583067 1.2699006795883181 0.42499999701976782 -0.38827444612979883 0.14405981451272967
decision_type=2 2 2 2 2 2
left_child=5 3 -3 -2 -5 -1
right_child=1 2 -4 4 -6 -7
leaf_value=-1.4331053742724703e-06 0.00069734511065110073 2.4102082161543205e-05 -0.00032191480078036326 0.00016543815921992458 -0.00072613537025248171 0.00016369009826793874
leaf_weight=18187 109 329 417 104 54 1206
leaf_count=18187 109 329 417 104 54 1206
internal_value=-6.73656e-05 -0.00640963 -0.0111518 0.00670956 -0.00659509 0.000393082
internal_weight=20406 1013 746 267 158 19393
internal_count=20406 1013 746 267 158 19393
is_linear=0
shrinkage=0.05


Tree=104
num_leaves=7
num_cat=0
split_feature=38 47 51 27 26 36
split_gain=21.4051 49.8501 30.0791 28.8702 27.3456 19.6574
threshold=-0.03066541068255901 0.92813393473625194 -0.05610344931483268 -0.0038861890789121385 0.057359470054507262 -0.76295194029808033
decision_type=2 2 2 2 2 2
left_child=1 3 -3 -1 -4 -2
right_child=5 2 4 -5 -6 -7
leaf_value=2.4572038753916662e-05 -7.2874545082322398e-05 -0.00044931498712006421 4.2154494462238756e-05 -0.00074295498074179245 0.00099594274504808756 2.2550296724891666e-05
leaf_weight=79 2305 105 225 211 71 17278
leaf_count=79 2305 105 225 211 71 17278
internal_value=-0.000122047 -0.00836925 0.00301724 -0.0239831 0.0112126 0.000552634
internal_weight=20274 691 401 290 296 19583
internal_count=20274 691 401 290 296 19583
is_linear=0
shrinkage=0.05


Tree=105
num_leaves=7
num_cat=0
split_feature=35 12 55 47 48 0
split_gain=18.7011 33.6273 49.228 66.4578 60.3536 56.9881
threshold=-0.38203036785125727 0.010318726301193239 111660.37109375001 0.86320689320564281 -0.46200834214687342 -0.042402597144246094
decision_type=2 2 2 2 2 2
left_child=-1 -2 3 -3 -5 -4
right_child=1 2 5 4 -6 -7
leaf_value=-6.3177195200011884e-05 4.7111788108640811e-05 -0.00022913088629759632 0.00041673670289261896 -0.00032082775706849262 0.00017986719530144397 -0.00026470240783738112
leaf_weight=5009 9529 1413 205 565 2449 1174
leaf_count=5009 9529 1413 205 565 2449 1174
internal_value=-7.73994e-05 0.000660039 -0.00233609 0.000231273 0.00443027 -0.0105672
internal_weight=20344 15335 5806 4427 3014 1379
internal_count=20344 15335 5806 4427 3014 1379
is_linear=0
shrinkage=0.05


Tree=106
num_leaves=7
num_cat=0
split_feature=41 42 42 35 12 17
split_gain=19.4923 100.612 54.4052 46.2 63.3565 43.4493
threshold=0.066433291882276549 0.07201747223734857 0.062056377530097968 0.074290368705987944 0.01954244822263718 0.97499999403953563
decision_type=2 2 2 2 2 2
left_child=1 3 -2 -1 -5 -3
right_child=2 5 -4 4 -6 -7
leaf_value=0.00012636534551745769 0.0004427412926039166 -0.00042503790713821976 1.1593543888425246e-05 2.3011121693588449e-06 -0.00040695366076417275 0.00036001765744765466
leaf_weight=1455 96 918 15918 1524 319 62
leaf_count=1455 96 918 15918 1524 319 62
internal_value=-0.000141647 -0.00300607 0.000791248 0.00117318 -0.00407197 -0.0170305
internal_weight=20292 4278 16014 3298 1843 980
internal_count=20292 4278 16014 3298 1843 980
is_linear=0
shrinkage=0.05


Tree=107
num_leaves=7
num_cat=0
split_feature=3 42 0 48 36 35
split_gain=19.0538 72.6415 71.4097 43.5323 44.4105 34.9662
threshold=0.012818402145057918 0.15352947264909747 -0.020965646952390667 -1.0026237368583677 0.42527873814105993 0.038131574168801315
decision_type=2 2 2 2 2 2
left_child=1 -1 -3 -2 5 -5
right_child=3 2 -4 4 -6 -7
leaf_value=-4.577058589153004e-06 0.00029863333557042076 -0.00032803198763394658 0.00086525276744528468 -0.00027144662346810679 0.00053435498659017524 -0.0012804085323380439
leaf_weight=18121 503 147 381 900 110 142
leaf_count=18121 503 147 381 900 110 142
internal_value=-6.7704e-05 0.000333709 0.0185272 -0.00525602 -0.0106093 -0.0138252
internal_weight=20304 18649 528 1655 1152 1042
internal_count=20304 18649 528 1655 1152 1042
is_linear=0
shrinkage=0.05


Tree=108
num_leaves=7
num_cat=0
split_feature=0 48 39 39 6 35
split_gain=21.3516 40.8503 39.917 38.2793 38.4967 35.5079
threshold=-0.0066014695912599555 -0.61863762140274037 -0.056566674262285226 0.01261896174401045 0.55603894591331493 0.83205384016036998
decision_type=2 2 2 2 2 2
left_child=1 3 -3 -1 -5 -2
right_child=5 2 -4 4 -6 -7
leaf_value=-0.00035849895441156037 2.9658333803565351e-05 -0.00066455481688881737 7.389062231573504e-06 0.00015439197000615697 -0.00052279396316320915 -0.00036886333129004974
leaf_weight=1008 12449 124 5968 467 137 212
leaf_count=1008 12449 124 5968 467 137 212
internal_value=-6.2592e-05 -0.00207225 -0.000192718 -0.00913729 0.000779967 0.0012652
internal_weight=20365 7704 6092 1612 604 12661
internal_count=20365 7704 6092 1612 604 12661
is_linear=0
shrinkage=0.05


Tree=109
num_leaves=7
num_cat=0
split_feature=35 44 35 35 42 22
split_gain=19.4238 41.017 25.7645 54.5751 68.0631 91.986
threshold=0.83205384016036998 0.084707058966159834 0.41761291027069097 0.24088144302368167 0.10408790037035943 0.17500000447034839
decision_type=2 2 2 2 2 2
left_child=2 -2 3 -1 5 -5
right_child=1 -3 -4 4 -6 -7
leaf_value=3.5516908930438489e-06 -0.00049100190960237814 9.8503685682433211e-05 8.4675460692990278e-05 -0.00028907892366265218 -0.00056143404784712771 0.00011122978883302231
leaf_weight=15302 134 178 2879 299 651 927
leaf_count=15302 134 178 2879 299 651 927
internal_value=-0.000111656 -0.0125394 -6.35498e-05 -0.000798708 -0.00883369 -0.00184809
internal_weight=20370 312 20058 17179 1877 1226
internal_count=20370 312 20058 17179 1877 1226
is_linear=0
shrinkage=0.05


Tree=110
num_leaves=7
num_cat=0
split_feature=54 36 13 1 23 45
split_gain=19.3338 46.0394 47.8973 34.6042 33.8328 35.8433
threshold=-0.02112224884331226 0.60929808020591747 0.01854762434959412 0.069169856607913985 0.0024623988429084425 0.13047692924737933
decision_type=2 2 2 2 2 2
left_child=1 4 3 -3 5 -1
right_child=-2 2 -4 -5 -6 -7
leaf_value=-0.00010313839472753079 1.9748346426351975e-05 0.00022542507951097128 -0.00026586781447152124 -0.00072069519336783849 -0.00021659086362362133 0.00025914399861777488
leaf_weight=2677 13633 1250 178 80 1809 677
leaf_count=2677 13633 1250 178 80 1809 677
internal_value=-6.278e-05 -0.00213077 0.00553536 0.00882022 -0.0043779 -0.00139178
internal_weight=20304 6671 1508 1330 5163 3354
internal_count=20304 6671 1508 1330 5163 3354
is_linear=0
shrinkage=0.05


Tree=111
num_leaves=7
num_cat=0
split_feature=38 45 35 25 35 10
split_gain=17.5247 18.1529 21.4825 18.2967 17.0124 30.4193
threshold=-0.033416893333196633 0.071333695203065886 0.18990075588226321 0.030750448815524582 0.83205384016036998 -0.008016140200197695
decision_type=2 2 2 2 2 2
left_child=1 -1 3 -3 -2 -6
right_child=4 2 -4 -5 5 -7
leaf_value=-0.00086588237508589756 6.2128071052334862e-06 -0.0008762857218871002 0.00045137383815114455 0.00010656628523693572 0.00037197454491619269 -0.00031700596103370615
leaf_weight=70 19662 110 98 78 68 256
leaf_count=70 19662 110 98 78 68 256
internal_value=-8.23217e-05 -0.0110111 -0.00506873 -0.0148964 0.000103797 -0.0111702
internal_weight=20342 356 286 188 19986 324
internal_count=20342 356 286 188 19986 324
is_linear=0
shrinkage=0.05


Tree=112
num_leaves=7
num_cat=0
split_feature=4 23 46 45 33 47
split_gain=16.2197 19.3936 36.784 40.2702 39.6259 33.0831
threshold=-1.2314929962158201 0.0031064575305208568 0.88490545749664318 0.087108299136161818 0.18161013722419742 1.126823961734772
decision_type=2 2 2 2 2 2
left_child=-1 5 3 -3 -5 -2
right_child=1 2 -4 4 -6 -7
leaf_value=-0.00023105779099150378 5.5027752029668065e-06 2.4563669776484334e-05 9.0752535447529845e-06 -0.0001270591504455331 -0.00048303802734901106 0.00013816132838035872
leaf_weight=337 9427 781 6251 740 586 2244
leaf_count=337 9427 781 6251 740 586 2244
internal_value=-9.20426e-05 0.000380603 -0.00145582 -0.00716146 -0.012453 0.00169793
internal_weight=20366 20029 8358 2107 1326 11671
internal_count=20366 20029 8358 2107 1326 11671
is_linear=0
shrinkage=0.05


Tree=113
num_leaves=7
num_cat=0
split_feature=7 45 42 55 10 29
split_gain=19.3001 32.9239 41.1138 57.0122 38.6877 28.7601
threshold=0.33301050961017614 0.11924136430025102 0.11305164545774461 12054.761230468752 0.032241998240351684 -0.056289790198206895
decision_type=2 2 2 2 2 2
left_child=1 2 -1 -4 -5 -2
right_child=5 -3 3 4 -6 -7
leaf_value=3.7109267461877509e-05 -0.00034412669801988136 0.000228240293049398 -0.00081988119215979996 0.00042024961142975723 -0.0005357735997375383 -1.2399720653038017e-05
leaf_weight=6000 605 1488 347 209 102 11589
leaf_count=6000 605 1488 347 209 102 11589
internal_value=-0.000121652 0.00204576 0.000536545 -0.0112745 0.00419304 -0.0010964
internal_weight=20340 8146 6658 658 311 12194
internal_count=20340 8146 6658 658 311 12194
is_linear=0
shrinkage=0.05


Tree=114
num_leaves=7
num_cat=0
split_feature=53 53 43 55 8 51
split_gain=16.9059 54.8815 51.4847 58.6589 67.6505 65.0222
threshold=-0.17794221639633176 -0.089328002184629426 0.0670590214431286 49836.833984375007 0.89391860365867626 -0.071031119674444185
decision_type=2 2 2 2 2 2
left_child=2 -2 -1 -4 5 -5
right_child=1 -3 3 4 -6 -7
leaf_value=-9.1237591782005636e-05 -0.00027041820762338016 2.249695128806817e-06 2.0913337139462423e-05 1.7032500036868191e-06 -0.00021704703078341019 0.00049239066585998205
leaf_weight=1295 1024 11433 4619 535 320 1197
leaf_count=1295 1024 11433 4619 535 320 1197
internal_value=-6.73096e-05 -0.000868641 0.00207941 0.00385336 0.0108775 0.0147812
internal_weight=20423 12457 7966 6671 2052 1732
internal_count=20423 12457 7966 6671 2052 1732
is_linear=0
shrinkage=0.05


Tree=115
num_leaves=7
num_cat=0
split_feature=35 22 36 51 43 30
split_gain=16.5838 34.7995 39.833 25.9473 25.8014 29.2827
threshold=-0.83490771055221547 0.92499998211860668 -0.93727743625640858 -0.052147520706057542 0.078617010265588774 35.161283493041999
decision_type=2 2 2 2 2 2
left_child=1 2 3 -1 -4 -6
right_child=-2 -3 4 -5 5 -7
leaf_value=-4.7445129845442989e-05 6.6660579255433735e-06 0.00072223161362720194 -3.6363213625758194e-05 0.00042313362354620438 2.9653506131831676e-05 -0.00051302947790634202
leaf_weight=111 19647 62 130 78 55 230
leaf_count=111 19647 62 130 78 55 230
internal_value=-5.78305e-05 -0.00771237 -0.0114532 0.00734536 -0.0200595 -0.0283621
internal_weight=20313 666 604 189 415 285
internal_count=20313 666 604 189 415 285
is_linear=0
shrinkage=0.05


Tree=116
num_leaves=7
num_cat=0
split_feature=6 42 44 42 44 24
split_gain=18.7825 42.39 32.7531 31.1567 58.1048 43.9768
threshold=0.91266551613807689 0.11020858958363534 0.10425433516502382 0.093496512621641173 0.10790035128593446 -0.080487988889217363
decision_type=2 2 2 2 2 2
left_child=3 2 -2 4 5 -1
right_child=1 -3 -4 -5 -6 -7
leaf_value=0.00052876103094748209 -8.1635720991150246e-05 0.00033101871507608719 -0.00044171395908667877 -4.7958244685533585e-05 0.00037790668417594892 1.2786912282808659e-05
leaf_weight=344 1242 354 264 8496 437 9213
leaf_count=344 1242 354 264 8496 437 9213
internal_value=-0.000116679 -0.00491957 -0.00858703 0.000344688 0.00223772 0.00141445
internal_weight=20350 1860 1506 18490 9994 9557
internal_count=20350 1860 1506 18490 9994 9557
is_linear=0
shrinkage=0.05


Tree=117
num_leaves=7
num_cat=0
split_feature=44 39 44 41 2 51
split_gain=18.2783 53.973 34.3337 74.9329 62.8075 54.1585
threshold=0.065542574971914305 -0.027347815223038193 0.071599468588829054 0.067778032273054137 0.0064285455737262973 -0.066479913890361772
decision_type=2 2 2 2 2 2
left_child=1 -1 4 5 -2 -4
right_child=2 -3 3 -5 -6 -7
leaf_value=0.00040009952406993784 0.00022190725278996436 -7.29698989814947e-05 -0.00048418553366649591 2.6016843111539673e-05 -0.00012274496113238447 -5.3295454684052796e-05
leaf_weight=106 1083 1860 543 14985 573 1034
leaf_count=106 1083 1860 543 14985 573 1034
internal_value=-9.28724e-05 -0.00435058 0.0007175 2.86715e-05 0.00757074 -0.0103192
internal_weight=20184 1966 18218 16562 1656 1577
internal_count=20184 1966 18218 16562 1656 1577
is_linear=0
shrinkage=0.05


Tree=118
num_leaves=7
num_cat=0
split_feature=24 21 53 10 45 11
split_gain=16.6474 49.5529 19.8 17.4032 36.9404 28.7858
threshold=0.11849110573530199 0.32500000298023229 0.12623193860054019 0.095513809472322478 0.09070035815238954 -0.011547203175723551
decision_type=2 2 2 2 2 2
left_child=3 -2 -3 -1 5 -5
right_child=1 2 -4 4 -6 -7
leaf_value=-3.7139491990767518e-06 0.000521742724138795 -3.5452219131758954e-05 -0.00086791811563030619 -0.00020574354321690558 -3.3921021491184642e-05 0.00043304417930329242
leaf_weight=18487 61 107 151 98 865 513
leaf_count=18487 61 107 151 98 865 513
internal_value=-7.27067e-05 -0.0111883 -0.0208175 0.000236629 0.0054524 0.0148133
internal_weight=20282 319 258 19963 1476 611
internal_count=20282 319 258 19963 1476 611
is_linear=0
shrinkage=0.05


Tree=119
num_leaves=7
num_cat=0
split_feature=36 51 32 32 21 40
split_gain=18.9741 47.8366 46.1092 37.7335 53.0364 74.2061
threshold=-0.20715090632438657 0.027172530069947246 -0.2686800062656402 0.41182041168212896 0.82500001788139354 0.1021646521985531
decision_type=2 2 2 2 2 2
left_child=1 -1 -3 4 5 -2
right_child=3 2 -4 -5 -6 -7
leaf_value=-1.322036653857297e-05 5.4534809026651366e-05 -5.8809466013280189e-05 -0.0008825207819902238 -0.00010035508518862675 0.00037894091254936325 -0.0002568413827957414
leaf_weight=7479 6409 436 392 2878 1463 1274
leaf_count=7479 6409 436 392 2878 1463 1274
internal_value=-0.000106953 -0.00192794 -0.0132953 0.0011784 0.00275107 0.00108286
internal_weight=20331 8307 828 12024 9146 7683
internal_count=20331 8307 828 12024 9146 7683
is_linear=0
shrinkage=0.05


Tree=120
num_leaves=7
num_cat=0
split_feature=36 22 18 22 40 32
split_gain=17.4346 42.4835 58.011 41.3873 54.0813 51.1949
threshold=-0.20715090632438657 0.92499998211860668 0.12500000372529033 0.72499999403953563 0.12325851619243623 0.17381785809993747
decision_type=2 2 2 2 2 2
left_child=1 -1 -3 4 -2 -5
right_child=3 2 -4 5 -6 -7
leaf_value=-6.9547051296948126e-06 9.6508877963118796e-06 0.00039300700996452575 -0.00045312461743940983 0.00033439805367286527 -0.0003450844282244688 -5.7027395228636461e-05
leaf_weight=7396 8250 216 766 1839 556 1222
leaf_count=7396 8250 216 766 1839 556 1222
internal_value=-3.82716e-05 -0.00167899 -0.0114235 0.00129928 -0.000439791 0.006303
internal_weight=20245 8378 982 11867 8806 3061
internal_count=20245 8378 982 11867 8806 3061
is_linear=0
shrinkage=0.05


Tree=121
num_leaves=7
num_cat=0
split_feature=42 12 47 39 42 32
split_gain=16.6323 60.5286 59.3408 48.0472 40.6081 43.8008
threshold=0.094666030257940306 -0.035056613385677331 0.76164785027503978 0.034024195745587356 0.11020858958363534 -0.86297026276588429
decision_type=2 2 2 2 2 2
left_child=1 2 -1 -4 5 -2
right_child=4 -3 3 -5 -6 -7
leaf_value=-0.00074725951607081099 -0.00064528576251973952 -3.8777101421665164e-06 0.00038939323295648877 -0.00010538304877427365 3.6789544993349545e-05 -0.00012400582283314198
leaf_weight=106 173 9838 1181 309 5190 3424
leaf_count=106 173 9838 1181 309 5190 3424
internal_value=-0.000127311 0.00127415 0.0102904 0.012893 -0.00161795 -0.00569822
internal_weight=20221 11434 1596 1490 8787 3597
internal_count=20221 11434 1596 1490 8787 3597
is_linear=0
shrinkage=0.05


Tree=122
num_leaves=7
num_cat=0
split_feature=40 39 36 1 46 2
split_gain=17.271 41.9193 35.1949 40.1227 34.7778 27.733
threshold=0.12325851619243623 -0.0089117735624313337 -0.20715090632438657 0.041289238259196288 0.87193831801414501 0.010480578057467939
decision_type=2 2 2 2 2 2
left_child=5 2 3 -2 -4 -1
right_child=1 -3 4 -5 -6 -7
leaf_value=-7.185256146342682e-06 0.00020436250141160663 5.4592567438625615e-06 0.00014654384698011466 -0.00065851253440816332 -0.0010927412836939999 0.00014603938809233877
leaf_weight=15551 223 1626 63 133 261 2373
leaf_count=15551 223 1626 63 133 261 2373
internal_value=-0.000107487 -0.0041865 -0.014562 -0.00353186 -0.0263678 0.000405767
internal_weight=20230 2306 680 356 324 17924
internal_count=20230 2306 680 356 324 17924
is_linear=0
shrinkage=0.05


Tree=123
num_leaves=7
num_cat=0
split_feature=10 53 51 24 42 47
split_gain=18.2427 36.078 41.6572 63.6417 19.0391 52.144
threshold=-0.16499559581279752 -0.96493321657180775 0.012952533084899189 -0.12270451337099074 0.12680058926343921 1.0449677705764773
decision_type=2 2 2 2 2 2
left_child=1 -1 -3 -4 -2 -6
right_child=4 2 3 -5 5 -7
leaf_value=0.00049224512028262467 -1.3065174087192942e-05 -0.0010915337774438352 0.0011498251763675678 -0.00058923515873705781 0.00038680315954640193 -8.5633533987660687e-05
leaf_weight=177 16847 228 101 155 1338 1347
leaf_count=177 16847 228 101 155 1338 1347
internal_value=-0.0001869 -0.00844595 -0.0154908 -0.00143678 -2.94313e-05 0.00387546
internal_weight=20193 661 484 256 19532 2685
internal_count=20193 661 484 256 19532 2685
is_linear=0
shrinkage=0.05


Tree=124
num_leaves=7
num_cat=0
split_feature=54 53 51 21 51 50
split_gain=18.7558 32.2062 54.4925 48.2133 53.0302 33.659
threshold=-0.02112224884331226 -0.4262325912714004 -0.024095966480672356 0.47499999403953558 -0.14156451821327207 1.1556104421615603
decision_type=2 2 2 2 2 2
left_child=-1 2 3 -2 -5 -3
right_child=1 5 -4 4 -6 -7
leaf_value=-4.6191262723554465e-05 1.9096632156491922e-05 -2.1385448152223061e-05 -9.6744748011226859e-05 0.0001434297780379075 0.00064726995298855093 0.0001010090598364705
leaf_weight=6665 612 9339 946 436 569 1701
leaf_count=6665 612 9339 946 436 569 1701
internal_value=-8.75549e-05 0.00111883 0.00616238 0.0117293 0.0184406 -5.20598e-05
internal_weight=20268 13603 2563 1617 1005 11040
internal_count=20268 13603 2563 1617 1005 11040
is_linear=0
shrinkage=0.05


Tree=125
num_leaves=7
num_cat=0
split_feature=4 23 46 42 49 50
split_gain=17.0054 23.3235 39.7026 35.7192 37.9977 33.0552
threshold=-1.0992394089698789 -0.00060089360340498377 0.89767920970916759 0.078964043408632292 0.11929900199174882 1.4855344891548159
decision_type=2 2 2 2 2 2
left_child=-1 5 3 -3 -5 -2
right_child=1 2 -4 4 -6 -7
leaf_value=-0.00014974705001962434 2.7021521513580487e-05 1.7182984962808664e-05 1.5130753650399726e-05 1.0411040103086859e-05 -0.00031345337292705994 0.00025396237231581006
leaf_weight=681 8887 894 7275 663 1427 415
leaf_count=681 8887 894 7275 663 1427 415
internal_value=-0.000146935 0.000246601 -0.00139565 -0.00624791 -0.009821 0.00206028
internal_weight=20242 19561 10259 2984 2090 9302
internal_count=20242 19561 10259 2984 2090 9302
is_linear=0
shrinkage=0.05


Tree=126
num_leaves=7
num_cat=0
split_feature=40 53 47 55 50 55
split_gain=15.5227 32.3019 48.4483 35.769 34.8522 39.2785
threshold=0.12325851619243623 -0.14835612475872037 1.2818518877029421 7.5448381900787362 1.0692772269248965 49836.833984375007
decision_type=2 2 2 2 2 2
left_child=-1 4 -3 -4 5 -2
right_child=1 2 3 -5 -6 -7
leaf_value=1.0202612827308039e-05 -1.2214912180060107e-05 -0.00045701503043460938 -0.00068314511564443469 0.00053587033539602392 -0.00037250060543283679 0.0006818051774933121
leaf_weight=17968 696 773 69 225 223 291
leaf_count=17968 696 773 69 225 223 291
internal_value=-0.00012716 -0.00386722 -0.0101912 0.0069398 0.00170782 0.00577117
internal_weight=20245 2277 1067 294 1210 987
internal_count=20245 2277 1067 294 1210 987
is_linear=0
shrinkage=0.05


Tree=127
num_leaves=7
num_cat=0
split_feature=36 51 1 51 55 45
split_gain=20.0566 47.2488 37.0246 36.9492 50.0408 65.4182
threshold=-0.20715090632438657 0.027172530069947246 0.0056411058176308879 1.0000000180025095e-35 89813.296875000015 0.06134466081857682
decision_type=2 2 2 2 2 2
left_child=1 3 -3 4 -1 -6
right_child=-2 2 -4 -5 5 -7
leaf_value=1.7272324648202757e-05 2.3758481423325709e-05 -0.0008332008407887254 -0.00018439120385162243 0.00021408267964524038 -0.00058384008228570523 -0.00013483758870804014
leaf_weight=4562 11976 226 606 953 115 1876
leaf_count=4562 11976 226 606 953 115 1876
internal_value=-8.73567e-05 -0.00184286 -0.0131123 -0.000582479 -0.00192513 -0.00852956
internal_weight=20314 8338 832 7506 6553 1991
internal_count=20314 8338 832 7506 6553 1991
is_linear=0
shrinkage=0.05


Tree=128
num_leaves=7
num_cat=0
split_feature=50 6 22 38 53 50
split_gain=19.242 31.135 38.5983 21.6794 30.5143 28.2149
threshold=1.9232535958290102 0.89545014500617992 0.82500001788139354 0.01869897730648518 -0.17794221639633176 -0.23051838576793668
decision_type=2 2 2 2 2 2
left_child=3 2 -2 5 -5 -1
right_child=1 -3 -4 4 -6 -7
leaf_value=4.4625762934409483e-05 0.0004629837811173425 -2.3680622422960192e-05 -0.00024463392483421286 4.117438743352692e-05 -0.00018877794461436145 -3.5537033880560469e-05
leaf_weight=7750 306 530 132 1269 1658 8581
leaf_count=7750 306 530 132 1269 1658 8581
internal_value=-0.000112451 0.00686023 0.0166479 -0.000346519 -0.00430593 0.000362696
internal_weight=20226 968 438 19258 2927 16331
internal_count=20226 968 438 19258 2927 16331
is_linear=0
shrinkage=0.05


Tree=129
num_leaves=7
num_cat=0
split_feature=41 44 42 44 27 42
split_gain=18.8494 89.6891 52.0291 45.3047 45.2188 42.2356
threshold=0.066433291882276549 0.077402021735906615 0.062056377530097968 0.10425433516502382 -0.025373187847435471 0.068806868046522154
decision_type=2 2 2 2 2 2
left_child=1 4 -2 5 -1 -3
right_child=2 3 -4 -5 -6 -7
leaf_value=0.00021705627313287255 0.00043023778162113639 0.00044512024291960204 1.1000453263825937e-05 0.00015371510585184231 -1.5317306842065651e-05 -0.00065284965047022613
leaf_weight=339 90 79 16003 140 3083 628
leaf_count=339 90 79 16003 140 3083 628
internal_value=-8.71508e-05 -0.0030007 0.000734563 -0.0175176 0.000605486 -0.0226475
internal_weight=20362 4269 16093 847 3422 707
internal_count=20362 4269 16093 847 3422 707
is_linear=0
shrinkage=0.05


Tree=130
num_leaves=7
num_cat=0
split_feature=0 2 15 42 47 23
split_gain=12.773 27.5318 21.1862 15.7958 44.0021 19.369
threshold=0.085878014564514174 0.012599034234881403 0.075000001117587103 0.17691445350646975 0.82674679160118114 0.013785761781036856
decision_type=2 2 2 2 2 2
left_child=3 -2 -3 -1 -5 -6
right_child=1 2 -4 4 5 -7
leaf_value=-5.6730284202641954e-06 -0.00071149361393826871 -0.0009385746772035148 0.00050054738582577276 0.0015893196138867202 0.00024570371102018815 -0.00052764745808348305
leaf_weight=19674 164 57 97 79 133 64
leaf_count=19674 164 57 97 79 133 64
internal_value=-0.000136882 -0.0101393 0.00487421 -0.000114007 0.0116548 -0.00111386
internal_weight=20268 318 154 19950 276 197
internal_count=20268 318 154 19950 276 197
is_linear=0
shrinkage=0.05


Tree=131
num_leaves=7
num_cat=0
split_feature=4 10 44 12 35 55
split_gain=19.491 18.7408 60.4033 30.1806 39.694 37.0378
threshold=-1.2314929962158201 0.095513809472322478 0.12494615465402605 0.023571135476231578 0.63534322381019603 89813.296875000015
decision_type=2 2 2 2 2 2
left_child=-1 3 -3 -2 5 -5
right_child=1 2 -4 4 -6 -7
leaf_value=-0.00018743101848662272 1.3107382251650456e-05 0.00020580585842233914 -0.00062708444983131952 1.2170984142301939e-05 -0.00038539633030857485 -0.00029080249213092162
leaf_weight=328 15073 1415 182 2155 248 813
leaf_count=328 15073 1415 182 2155 248 813
internal_value=-3.33844e-05 0.000260168 0.00544632 -0.000192686 -0.00458708 -0.00295156
internal_weight=20214 19886 1597 18289 3216 2968
internal_count=20214 19886 1597 18289 3216 2968
is_linear=0
shrinkage=0.05


Tree=132
num_leaves=7
num_cat=0
split_feature=57 6 48 12 22 0
split_gain=13.3772 18.1142 31.8188 44.7619 38.9159 29.3735
threshold=-7.1729992612290503e-08 0.26347695291042333 -0.72143396735191334 -0.0083416718989610655 0.82500001788139354 -0.027599576860666272
decision_type=2 2 2 2 2 2
left_child=-1 -2 3 -3 -4 -6
right_child=1 2 4 -5 5 -7
leaf_value=-2.794603320205894e-05 7.2504425988992313e-05 6.846198012554551e-05 5.6769244882128177e-05 -0.00027463917797199578 7.4466372851808701e-05 -0.00026696701626543996
leaf_weight=7077 4344 681 5933 852 469 930
leaf_count=7077 4344 681 5933 852 469 930
internal_value=-0.000126904 0.00112192 -0.000171928 -0.00671326 0.00119599 -0.00628561
internal_weight=20286 13209 8865 1533 7332 1399
internal_count=20286 13209 8865 1533 7332 1399
is_linear=0
shrinkage=0.05


Tree=133
num_leaves=7
num_cat=0
split_feature=38 47 55 12 15 44
split_gain=18.65 33.59 37.2577 36.8475 32.7417 28.6365
threshold=-0.02559235971421003 0.92813393473625194 66940.234375000015 0.031018036417663101 0.77500000596046459 0.10271986573934556
decision_type=2 2 2 2 2 2
left_child=1 2 4 -4 -1 -3
right_child=-2 5 3 -5 -6 -7
leaf_value=-0.00075498844267547945 9.2485236785416151e-06 0.00030020220678979802 0.00056295616063145235 -0.00039624361206353636 2.959761671954798e-05 -0.00021657707343917211
leaf_weight=238 19296 344 77 51 81 274
leaf_count=238 19296 344 77 51 81 274
internal_value=-0.000141167 -0.00628505 -0.0166482 0.00582707 -0.0256944 0.00124398
internal_weight=20361 1065 447 128 319 618
internal_count=20361 1065 447 128 319 618
is_linear=0
shrinkage=0.05


Tree=134
num_leaves=7
num_cat=0
split_feature=38 56 18 9 3 48
split_gain=19.1536 24.0805 23.2654 24.6015 25.5747 21.7925
threshold=-0.02559235971421003 0.0019433813286013903 0.57500001788139354 -0.020213837735354897 0.0090184994041919726 -1.1803832054138181
decision_type=2 2 2 2 2 2
left_child=2 -2 5 4 -4 -1
right_child=1 -3 3 -5 -6 -7
leaf_value=7.9349784524924125e-05 5.3256433036819847e-06 -0.0003481264005162568 0.00077253881437573083 -0.00019679430105633356 3.4183944584039588e-05 -0.00047694160801419264
leaf_weight=151 18951 231 63 287 120 434
leaf_count=151 18951 231 63 287 120 434
internal_value=-0.00010745 8.72987e-05 -0.00681604 0.00142105 0.0155585 -0.0134322
internal_weight=20237 19182 1055 470 183 585
internal_count=20237 19182 1055 470 183 585
is_linear=0
shrinkage=0.05


Tree=135
num_leaves=7
num_cat=0
split_feature=3 42 48 14 14 44
split_gain=15.0716 46.1309 43.8993 43.8105 31.6401 30.5557
threshold=0.012818402145057918 0.15352947264909747 -0.83022889494895924 0.77500000596046459 0.32500000298023229 0.15562175214290622
decision_type=2 2 2 2 2 2
left_child=1 -1 -2 -3 -4 -5
right_child=2 3 4 5 -6 -7
leaf_value=-1.8321834871138005e-07 0.00018733133776312945 0.00072932161774473417 -0.00095813499328107569 -0.00063720226899982146 -0.00017189021364439288 0.00041276030775361797
leaf_weight=18262 586 375 176 89 896 61
leaf_count=18262 586 375 176 89 896 61
internal_value=-0.000106357 0.000411079 -0.00455502 0.0149528 -0.0105617 -0.00758065
internal_weight=20445 18787 1658 525 1072 150
internal_count=20445 18787 1658 525 1072 150
is_linear=0
shrinkage=0.05


Tree=136
num_leaves=7
num_cat=0
split_feature=35 36 13 55 24 16
split_gain=18.9421 38.9007 43.0824 28.1444 27.4164 25.5341
threshold=0.83205384016036998 0.86825728416442882 0.012825071811676027 245538.13281250003 0.11849110573530199 0.57500001788139354
decision_type=2 2 2 2 2 2
left_child=1 4 -3 5 -1 -2
right_child=3 2 -4 -5 -6 -7
leaf_value=1.6134175793201833e-06 0.00037159802234514033 0.00040508659381470057 -9.4626464574696053e-05 -0.00047644389284884819 -0.00027383605177980479 -0.00060380840843760465
leaf_weight=19338 109 265 140 130 293 86
leaf_count=19338 109 265 140 130 293 86
internal_value=-5.27841e-05 0.000183374 0.0154268 -0.0118939 -0.000133683 0.000125
internal_weight=20361 20036 405 325 19631 195
internal_count=20361 20036 405 325 19631 195
is_linear=0
shrinkage=0.05


Tree=137
num_leaves=7
num_cat=0
split_feature=44 53 12 52 36 54
split_gain=18.2535 38.3891 43.4225 37.644 59.0736 33.1763
threshold=0.064040817320346846 -0.55890282988548268 -0.024610578082501885 -0.00010432169801788403 -0.41058352589607233 -0.047422548756003373
decision_type=2 2 2 2 2 2
left_child=1 -1 -3 4 -4 -5
right_child=-2 2 3 5 -6 -7
leaf_value=-0.0014103081902887818 7.4844508287191005e-06 0.00026251185404442171 0.00029631520277431048 0.00027341226511273326 -0.00011196046774727327 -0.00014207497713211744
leaf_weight=64 18661 182 162 68 153 1001
leaf_count=64 18661 182 162 68 153 1001
internal_value=-0.000112091 -0.00512232 -0.00348504 -0.00653348 0.00851563 -0.0110102
internal_weight=20291 1630 1566 1384 315 1069
internal_count=20291 1630 1566 1384 315 1069
is_linear=0
shrinkage=0.05


Tree=138
num_leaves=7
num_cat=0
split_feature=43 21 52 33 26 22
split_gain=15.6672 45.9561 40.0837 38.341 32.1266 26.5711
threshold=0.15683683753013614 0.87500000000000011 -0.023577470332384106 0.12796538323163989 -0.19643316417932508 0.92499998211860668
decision_type=2 2 2 2 2 2
left_child=4 2 -2 -4 5 -1
right_child=1 -3 3 -5 -6 -7
leaf_value=2.4979353436570134e-05 0.00066123821316549012 0.00048477389032664333 -0.00071142464823031263 0.00022212036216723765 -2.9457305375263367e-06 -0.0011505039680808824
leaf_weight=84 91 570 245 87 19102 112
leaf_count=84 91 570 245 87 19102 112
internal_value=-2.34036e-05 0.00603707 -0.00636682 -0.0144659 -0.000387246 -0.0202736
internal_weight=20291 993 423 332 19298 196
internal_count=20291 993 423 332 19298 196
is_linear=0
shrinkage=0.05


Tree=139
num_leaves=7
num_cat=0
split_feature=17 22 35 40 48 17
split_gain=17.7799 38.5761 49.1114 34.4192 33.6239 37.843
threshold=0.32500000298023229 0.27500000596046453 0.44652305543422705 0.11348918825387956 -0.23720906674861905 0.27500000596046453
decision_type=2 2 2 2 2 2
left_child=1 4 -3 -4 5 -1
right_child=-2 2 3 -5 -6 -7
leaf_value=-0.00039928498696729117 -1.1709205246939742e-05 5.088500380900585e-05 0.00056175220651606824 -0.00028542814066613402 0.00021755835203887024 0.0001198987158273519
leaf_weight=462 14132 4707 428 91 233 174
leaf_count=462 14132 4707 428 91 233 174
internal_value=-0.000112446 0.00259426 0.00422003 0.01875 -0.00712243 -0.0130655
internal_weight=20227 6095 5226 519 869 636
internal_count=20227 6095 5226 519 869 636
is_linear=0
shrinkage=0.05


Tree=140
num_leaves=7
num_cat=0
split_feature=36 3 3 1 41 55
split_gain=16.2143 43.3378 49.6444 47.268 39.6951 36.9532
threshold=-0.76295194029808033 0.0074126862455159434 0.0084243607707321661 0.0071258572861552247 0.068998310714960112 43433.005859375007
decision_type=2 2 2 2 2 2
left_child=1 3 -3 -1 -5 -6
right_child=-2 2 -4 4 5 -7
leaf_value=0.00036585741734161117 1.2833385348720388e-05 -0.00037311429555187347 -5.6231912696101135e-05 -0.00029458406678017077 0.00092824420202276966 -0.00014410105561508268
leaf_weight=319 17933 528 1162 169 71 73
leaf_count=319 17933 528 1162 169 71 73
internal_value=-8.76111e-05 -0.00377095 -0.00794985 0.00733909 -0.00636792 0.0125839
internal_weight=20255 2322 1690 632 313 144
internal_count=20255 2322 1690 632 313 144
is_linear=0
shrinkage=0.05


Tree=141
num_leaves=7
num_cat=0
split_feature=44 39 44 12 41 2
split_gain=15.692 47.642 34.6607 63.7017 52.0101 50.0167
threshold=0.065542574971914305 -0.027347815223038193 0.071599468588829054 0.01954244822263718 0.068998310714960112 0.0064285455737262973
decision_type=2 2 2 2 2 2
left_child=1 -1 3 5 -4 -2
right_child=2 -3 4 -5 -6 -7
leaf_value=0.00035700442508701204 0.00027290024186963231 -6.5811675138058453e-05 -0.00015844408761585803 -0.00011702062039196546 1.6558674507088905e-05 -2.9177522629659946e-05
leaf_weight=116 883 1872 1830 400 14861 365
leaf_count=116 883 1872 1830 400 14861 365
internal_value=-0.000116811 -0.00415203 0.000519243 0.00742589 -0.000163213 0.0129888
internal_weight=20327 1988 18339 1648 16691 1248
internal_count=20327 1988 18339 1648 16691 1248
is_linear=0
shrinkage=0.05


Tree=142
num_leaves=7
num_cat=0
split_feature=35 22 20 36 47 54
split_gain=17.5145 42.1216 33.1927 18.3686 24.4014 20.9776
threshold=-0.83490771055221547 0.92499998211860668 0.12500000372529033 -0.93727743625640858 0.90800949931144725 0.046758579090237624
decision_type=2 2 2 2 2 2
left_child=1 2 -1 5 -5 -4
right_child=-2 -3 3 4 -6 -7
leaf_value=0.00012324563666852871 2.2555234253387581e-06 0.00077328245870359434 0.00023948015464086487 5.3276457925065593e-06 -0.00044267655781361098 -0.00011750908578224145
leaf_weight=125 19757 62 74 78 258 64
leaf_count=125 19757 62 74 78 258 64
internal_value=-0.000160358 -0.00814565 -0.012293 -0.0183194 -0.0245601 -0.00262238
internal_weight=20418 661 599 474 336 138
internal_count=20418 661 599 474 336 138
is_linear=0
shrinkage=0.05


Tree=143
num_leaves=7
num_cat=0
split_feature=36 39 32 38 47 36
split_gain=20.1176 32.0731 28.5261 38.6354 54.7199 38.5486
threshold=-0.20715090632438657 -0.056566674262285226 0.41182041168212896 1.0000000180025095e-35 0.74564814567565929 1.0000000180025095e-35
decision_type=2 2 2 2 2 2
left_child=1 -1 -2 5 -5 -4
right_child=2 -3 3 4 -6 -7
leaf_value=-0.00059757712078555209 4.4607729045985672e-05 -3.2369294633940104e-05 -0.00037604343181981217 -0.00089841551526189257 -0.00011552384058066602 0.00015227814042139331
leaf_weight=129 9060 8216 193 169 1508 966
leaf_count=129 9060 8216 193 169 1508 966
internal_value=-0.000151882 -0.00202695 0.00117427 -0.0031943 -0.00804102 0.00380155
internal_weight=20241 8345 11896 2836 1677 1159
internal_count=20241 8345 11896 2836 1677 1159
is_linear=0
shrinkage=0.05


Tree=144
num_leaves=7
num_cat=0
split_feature=10 44 2 41 2 46
split_gain=19.3516 50.3667 29.2405 48.852 26.5189 21.6142
threshold=0.13677776604890826 0.11595705524086954 0.0076185436919331559 0.077535372227430358 0.010864129755645992 0.99880173802375805
decision_type=2 2 2 2 2 2
left_child=-1 2 3 -2 -3 -4
right_child=1 4 5 -5 -6 -7
leaf_value=-2.277409568205574e-06 0.00056079675515922727 -0.0010195874150743971 0.00085965283251257572 -0.00041182626212580203 0.000114781348580488 0.00019706745182173168
leaf_weight=19660 76 79 156 73 88 177
leaf_count=19660 76 79 156 73 88 177
internal_value=-0.000205523 0.00860092 0.0167864 -0.00146104 -0.0146802 0.024926
internal_weight=20309 649 482 149 167 333
internal_count=20309 649 482 149 167 333
is_linear=0
shrinkage=0.05


Tree=145
num_leaves=7
num_cat=0
split_feature=10 45 45 15 35 48
split_gain=22.4225 44.1422 42.0962 32.9801 36.3889 31.3148
threshold=0.028878453187644485 0.052842440083622939 0.056928636506199844 0.37500000000000006 -0.79896947741508473 2.0282082557678227
decision_type=2 2 2 2 2 2
left_child=-1 -2 -3 -4 -5 -6
right_child=1 2 3 4 5 -7
leaf_value=-2.342092244001174e-05 -0.00045714851696173698 0.0003689025466430281 0.00027070707317624178 -0.00031602741149369554 5.4327028319564416e-05 -0.00031223804358331101
leaf_weight=14502 104 155 829 263 4305 195
leaf_count=14502 104 155 829 263 4305 195
internal_value=-0.000151046 0.0023779 0.00297723 0.00224674 0.000634438 0.00170366
internal_weight=20353 5851 5747 5592 4763 4500
internal_count=20353 5851 5747 5592 4763 4500
is_linear=0
shrinkage=0.05


Tree=146
num_leaves=7
num_cat=0
split_feature=10 46 21 41 42 19
split_gain=16.7589 34.6594 27.2301 19.4037 70.7209 50.3992
threshold=-0.16499559581279752 1.1631091237068178 0.92499998211860668 0.067778032273054137 0.07201747223734857 0.12500000372529033
decision_type=2 2 2 2 2 2
left_child=1 2 -1 4 5 -2
right_child=3 -3 -4 -5 -6 -7
leaf_value=-0.00016485865645032177 0.00024206697332214284 0.0014843487908336311 -0.0010246811010587928 2.392224092761775e-05 -0.00027059438453464645 -8.702859728045161e-06
leaf_weight=393 332 80 177 15016 1153 3067
leaf_count=393 332 80 177 15016 1153 3067
internal_value=-0.000117441 -0.00774809 -0.0121304 0.000381904 -0.00247422 0.00115306
internal_weight=20218 650 570 19568 4552 3399
internal_count=20218 650 570 19568 4552 3399
is_linear=0
shrinkage=0.05


Tree=147
num_leaves=7
num_cat=0
split_feature=54 12 44 44 22 55
split_gain=14.9085 20.2811 60.8371 51.9604 40.2538 47.6728
threshold=-1.2074918150901792 -0.035056613385677331 0.10093469172716142 0.13022792339324954 0.27500000596046453 59050.550781250007
decision_type=2 2 2 2 2 2
left_child=-1 2 4 -4 5 -2
right_child=1 -3 3 -5 -6 -7
leaf_value=-0.00025829728210224244 -0.00042370436524569909 -1.5265609866096108e-05 -0.00022525916138979777 0.00015138913850718761 0.0002535066640538402 0.00048020045417408817
leaf_weight=337 265 15098 1502 1189 1755 107
leaf_count=337 265 15098 1502 1189 1755 107
internal_value=-0.000186346 -6.90226e-05 0.00275244 -0.00223479 0.00906426 -0.00576923
internal_weight=20253 19916 4818 2691 2127 372
internal_count=20253 19916 4818 2691 2127 372
is_linear=0
shrinkage=0.05


Tree=148
num_leaves=7
num_cat=0
split_feature=4 29 44 45 10 51
split_gain=17.2897 47.2919 37.1428 44.4544 30.2536 24.8145
threshold=-0.18472376465797422 -0.056289790198206895 0.14405981451272967 0.093068722635507597 0.0029385823290795092 -2.3694005012512203
decision_type=2 2 2 2 2 2
left_child=2 4 -1 -4 -2 -5
right_child=1 -3 3 5 -6 -7
leaf_value=1.4397598119909291e-05 -0.00065744147678916873 -9.8970107585943077e-06 -0.0010129058037920107 6.7924202492697207e-05 0.00012340055613793276 0.00071541936088407925
leaf_weight=8217 442 10964 50 174 97 326
leaf_count=8217 442 10964 50 174 97 326
internal_value=-0.000156597 -0.00127954 0.00166724 0.0141892 -0.015671 0.0187624
internal_weight=20270 11503 8767 550 539 500
internal_count=20270 11503 8767 550 539 500
is_linear=0
shrinkage=0.05


Tree=149
num_leaves=7
num_cat=0
split_feature=54 55 44 51 35 44
split_gain=17.5174 35.0729 48.9185 51.3501 45.3835 42.4186
threshold=-0.02112224884331226 148592.86718750003 0.05959895811975003 -0.0029040838126093145 0.093689657747745528 0.084707058966159834
decision_type=2 2 2 2 2 2
left_child=-1 -2 -3 -4 5 -5
right_child=1 2 3 4 -6 -7
leaf_value=-3.9923205231737811e-05 3.6726047088172398e-05 -0.00058216957244509773 -0.0003163701003419844 0.00078282730365939769 -3.5834597690403202e-05 5.7940292801287852e-05
leaf_weight=6677 11439 76 799 137 917 194
leaf_count=6677 11439 76 799 137 917 194
internal_value=-0.000156837 0.00113326 -0.00475799 -0.00322856 0.00309258 0.0188244
internal_weight=20239 13562 2123 2047 1248 331
internal_count=20239 13562 2123 2047 1248 331
is_linear=0
shrinkage=0.05


Tree=150
num_leaves=7
num_cat=0
split_feature=0 50 48 39 39 3
split_gain=14.6993 38.9076 41.3984 31.1736 27.2041 39.3696
threshold=-0.0066014695912599555 -1.2510650157928465 -0.40940193831920618 0.046431455761194236 0.01261896174401045 0.005232707830145956
decision_type=2 2 2 2 2 2
left_child=1 -1 4 -2 -3 -6
right_child=3 2 -4 -5 5 -7
leaf_value=0.00029636083808325738 2.8936114578069484e-05 -0.00031719196050603433 -5.2156076317631885e-06 -0.00015872341047476935 -0.0003376479647279168 9.129521559296343e-05
leaf_weight=172 11296 1248 5691 1236 82 579
leaf_count=172 11296 1248 5691 1236 82 579
internal_value=-0.000161259 -0.00183554 -0.00237673 0.000931244 -0.00873824 -0.000487988
internal_weight=20304 7772 7600 12532 1909 661
internal_count=20304 7772 7600 12532 1909 661
is_linear=0
shrinkage=0.05


Tree=151
num_leaves=7
num_cat=0
split_feature=45 6 24 48 55 51
split_gain=15.1208 63.015 32.8493 27.6059 28.1861 23.155
threshold=0.052842440083622939 0.27786409854888922 -0.014712864067405461 1.3574984669685366 158286.18750000003 0.0075090492609888324
decision_type=2 2 2 2 2 2
left_child=1 2 -1 4 -3 -6
right_child=-2 3 -4 -5 5 -7
leaf_value=0.00014831279933822473 1.6433067103751534e-06 -0.00026820896191311099 -0.00018154793863916067 0.00017494630411454766 -0.00052003024335990156 0.00020319900177662392
leaf_weight=318 19187 341 122 72 50 64
leaf_count=318 19187 341 122 72 50 64
internal_value=-0.000162458 -0.00630144 0.00758427 -0.0179041 -0.0224457 -0.000630252
internal_weight=20154 967 440 527 455 114
internal_count=20154 967 440 527 455 114
is_linear=0
shrinkage=0.05


Tree=152
num_leaves=7
num_cat=0
split_feature=51 51 53 10 17 42
split_gain=15.92 56.6384 45.7391 32.6364 34.0942 29.5549
threshold=-0.062135998159646981 -0.043863495811820023 0.65543115139007579 0.087915569543838515 0.42499999701976782 0.071149747818708434
decision_type=2 2 2 2 2 2
left_child=5 2 3 4 -2 -1
right_child=1 -3 -4 -5 -6 -7
leaf_value=0.00013699757071363334 0.00054656964110083876 -9.4568852358033726e-06 -0.00030631847208586311 0.00077781877143600427 6.2222139677673631e-05 -8.6398340982464156e-05
leaf_weight=687 405 12240 169 131 991 5714
leaf_count=687 405 12240 169 131 991 5714
internal_value=-0.000170829 0.000665304 0.00921517 0.0119615 0.00961813 -0.00234546
internal_weight=20337 13936 1696 1527 1396 6401
internal_count=20337 13936 1696 1527 1396 6401
is_linear=0
shrinkage=0.05


Tree=153
num_leaves=7
num_cat=0
split_feature=44 39 48 44 3 48
split_gain=14.2345 48.0163 26.9098 37.8723 28.5185 27.7989
threshold=0.065542574971914305 -0.027347815223038193 -1.7981454133987425 0.05959895811975003 0.0064781971741467723 1.0970698595046999
decision_type=2 2 2 2 2 2
left_child=1 -1 3 -3 5 -4
right_child=-2 2 4 -5 -6 -7
leaf_value=0.00032903827896090914 1.2190672800684055e-05 0.00029467420103708941 -9.0633793526322448e-05 -0.00032534394935283362 -0.00091150997409037782 0.00016858248472059485
leaf_weight=117 18309 81 1392 71 90 210
leaf_count=117 18309 81 1392 71 90 210
internal_value=-7.76819e-05 -0.0039293 -0.00593564 0.0138535 -0.0077637 -0.00614499
internal_weight=20270 1961 1844 152 1692 1602
internal_count=20270 1961 1844 152 1692 1602
is_linear=0
shrinkage=0.05


Tree=154
num_leaves=7
num_cat=0
split_feature=3 48 44 32 42 36
split_gain=15.0952 59.9124 51.1656 37.6489 31.8111 37.7045
threshold=0.012818402145057918 -1.0593140125274656 0.15562175214290622 0.14725951850414279 0.12988613545894626 0.42527873814105993
decision_type=2 2 2 2 2 2
left_child=2 -2 -1 -4 -3 -6
right_child=1 4 3 -5 5 -7
leaf_value=3.3003512960224846e-06 0.00032682260393710095 0.00070277637614237572 0.0016805813286623001 0.00010495700501957208 -0.00037626951779728751 0.00038169634888998288
leaf_weight=18306 461 100 107 198 962 123
leaf_count=18306 461 100 107 198 962 123
internal_value=-0.000161633 -0.00440642 0.000581489 0.0207258 -0.0103571 -0.012867
internal_weight=20257 1646 18611 305 1185 1085
internal_count=20257 1646 18611 305 1185 1085
is_linear=0
shrinkage=0.05


Tree=155
num_leaves=7
num_cat=0
split_feature=36 45 45 32 31 51
split_gain=18.6779 42.8998 53.7655 35.4441 34.5221 34.0759
threshold=-0.76295194029808033 0.07592399045825006 0.089420862495899214 0.60468149185180675 43.378307342529304 -0.027317646890878674
decision_type=2 2 2 2 2 2
left_child=1 3 -3 4 -1 -4
right_child=-2 2 5 -5 -6 -7
leaf_value=0.00033436816466632369 1.8147186893304609e-05 -0.00032210304616688592 0.0001914831008593146 0.00068331355773767468 -0.00011745806453027218 -0.00023890975773434991
leaf_weight=129 18040 671 539 131 324 505
leaf_count=129 18040 671 539 131 324 505
internal_value=-0.000106911 -0.00370009 -0.00768895 0.00793718 0.00114629 -0.000548141
internal_weight=20339 2299 1715 584 453 1044
internal_count=20339 2299 1715 584 453 1044
is_linear=0
shrinkage=0.05


Tree=156
num_leaves=7
num_cat=0
split_feature=38 37 38 50 25 51
split_gain=21.7051 16.6664 16.1969 44.7586 45.5485 32.5069
threshold=-0.033416893333196633 -0.0091514857485890371 0.0047274956014007339 1.1556104421615603 -0.010430932510644196 -0.031176511198282238
decision_type=2 2 2 2 2 2
left_child=-1 -2 5 4 -4 -3
right_child=1 2 3 -5 -6 -7
leaf_value=-0.00023600675543051922 -0.00025900198735473527 8.5379107799856834e-05 3.9244646871354962e-05 0.00015620111052729198 -0.00011888556185374949 -1.3406184927943301e-05
leaf_weight=349 304 5024 3267 1106 4125 6067
leaf_count=349 304 5024 3267 1106 4125 6067
internal_value=-0.000132118 0.00027264 0.000455497 -0.00118488 -0.00259227 0.00171458
internal_weight=20242 19893 19589 8498 7392 11091
internal_count=20242 19893 19589 8498 7392 11091
is_linear=0
shrinkage=0.05


Tree=157
num_leaves=7
num_cat=0
split_feature=58 12 55 48 47 47
split_gain=17.9686 32.1557 37.2259 41.7868 42.9262 37.8192
threshold=-0.0001004015139187686 0.012177652213722469 111660.37109375001 -0.72143396735191334 0.70420593023300182 0.76164785027503978
decision_type=2 2 2 2 2 2
left_child=-1 -2 3 -3 -5 -4
right_child=1 2 5 4 -6 -7
leaf_value=-3.5244897144820446e-05 5.788641831977685e-05 -0.00038874186348223424 0.00077075567146592597 -0.0007968708501724887 6.7988235594238929e-05 -0.00022713955074409042
leaf_weight=8061 8082 379 62 138 2734 829
leaf_count=8061 8082 379 62 138 2734 829
internal_value=-9.24101e-05 0.00141263 -0.00216422 0.000314803 0.00238964 -0.0111886
internal_weight=20285 12224 4142 3251 2872 891
internal_count=20285 12224 4142 3251 2872 891
is_linear=0
shrinkage=0.05


Tree=158
num_leaves=7
num_cat=0
split_feature=34 23 47 27 46 42
split_gain=13.3286 20.9276 20.586 20.3191 34.2173 38.7124
threshold=0.79666468501091015 0.0091793481260538119 1.0851030945777895 0.021525324322283271 0.8644639551639558 0.078168783336877837
decision_type=2 2 2 2 2 2
left_child=3 2 -2 -1 -5 -6
right_child=1 -3 -4 4 5 -7
leaf_value=-9.7089045030779535e-06 -6.7456537203059827e-05 -0.00027262979319265574 0.00033996316577677353 -9.0108429719269268e-05 -7.7574536557397416e-05 0.00019987980618887177
leaf_weight=15695 212 371 69 906 647 2405
leaf_count=15695 212 371 69 906 647 2405
internal_value=-6.2777e-05 -0.00696347 0.00323427 0.000275969 0.0034759 0.00601079
internal_weight=20305 652 281 19653 3958 3052
internal_count=20305 652 281 19653 3958 3052
is_linear=0
shrinkage=0.05


Tree=159
num_leaves=7
num_cat=0
split_feature=38 12 45 22 40 21
split_gain=16.5468 21.6889 47.4256 46.9584 76.7411 43.8951
threshold=-0.024140307679772374 -0.035056613385677331 0.099204272031784071 0.32500000298023229 0.061767360195517547 0.57500001788139354
decision_type=2 2 2 2 2 2
left_child=-1 2 3 4 -2 -4
right_child=1 -3 5 -5 -6 -7
leaf_value=-0.00010157342307668722 0.00047733177575777844 -4.7766839228539941e-06 -0.00028914618453498067 0.00035642705821426173 -0.00038889116648182956 6.4508042513382191e-05
leaf_weight=1388 93 14341 726 1301 339 2104
leaf_count=1388 93 14341 726 1301 339 2104
internal_value=-7.26708e-05 0.000638585 0.00363945 0.010141 -0.00406178 -0.000343915
internal_weight=20292 18904 4563 1733 432 2830
internal_count=20292 18904 4563 1733 432 2830
is_linear=0
shrinkage=0.05


Tree=160
num_leaves=7
num_cat=0
split_feature=42 12 31 32 42 44
split_gain=17.7731 39.1975 51.0655 31.8096 30.4466 55.8825
threshold=0.093496512621641173 -0.037544440478086465 38.416084289550788 0.80913382768630993 0.11020858958363534 0.10425433516502382
decision_type=2 2 2 2 2 2
left_child=1 -1 -3 4 -2 -6
right_child=3 2 -4 -5 5 -7
leaf_value=0.00020245073148461042 -0.00010854653295210878 -0.00044210056308162886 1.2652204115388923e-05 -0.00023304289952699419 0.00042053540309383862 -3.0258488530291328e-06
leaf_weight=1406 3724 242 9488 574 598 4300
leaf_count=1406 3724 242 9488 574 598 4300
internal_value=-1.35222e-05 0.00140697 0.000274782 -0.00156233 -0.000796917 0.00178972
internal_weight=20332 11136 9730 9196 8622 4898
internal_count=20332 11136 9730 9196 8622 4898
is_linear=0
shrinkage=0.05


Tree=161
num_leaves=7
num_cat=0
split_feature=55 0 12 16 10 41
split_gain=14.1211 36.0563 35.6302 67.1505 45.2316 30.4086
threshold=148592.86718750003 -0.057129174470901482 0.012177652213722469 0.47499999403953558 0.043825421482324607 0.12850306183099749
decision_type=2 2 2 2 2 2
left_child=-1 -2 3 4 -3 -5
right_child=1 2 -4 5 -6 -7
leaf_value=4.766442288059941e-06 0.00051510704415750914 -0.00026647313851484942 -0.00024605798991710141 0.00020125371306548386 0.0005693796750053826 -0.00097974744211279776
leaf_weight=16870 120 1107 918 992 126 61
leaf_count=16870 120 1107 918 992 126 61
internal_value=-8.29249e-05 -0.00332682 -0.00435494 -0.000993016 -0.00890549 0.00824669
internal_weight=20194 3324 3204 2286 1233 1053
internal_count=20194 3324 3204 2286 1233 1053
is_linear=0
shrinkage=0.05


Tree=162
num_leaves=7
num_cat=0
split_feature=36 54 6 0 45 3
split_gain=16.9525 26.1991 27.9996 29.508 34.204 43.5362
threshold=0.82941195368766796 -0.02112224884331226 0.12990956753492358 -0.0095545491203665716 0.13911798596382144 0.0094788474962115305
decision_type=2 2 2 2 2 2
left_child=1 2 3 -1 5 -5
right_child=-2 -3 -4 4 -6 -7
leaf_value=-0.00039416698717384906 7.9562280441215845e-05 1.5398656337548466e-05 -0.00010480321878929056 0.00018419764093399843 0.00051297648098403543 -0.00034157288616082989
leaf_weight=208 967 13186 4308 826 317 528
leaf_count=208 967 13186 4308 826 317 528
internal_value=-7.74146e-05 -0.000259315 -0.00294331 0.00213641 0.00437053 0.000864606
internal_weight=20340 19373 6187 1879 1671 1354
internal_count=20340 19373 6187 1879 1671 1354
is_linear=0
shrinkage=0.05


Tree=163
num_leaves=7
num_cat=0
split_feature=51 51 44 44 54 22
split_gain=16.777 56.7358 41.668 67.2858 77.5878 43.8314
threshold=-0.062135998159646981 -0.031176511198282238 0.074549842625856413 0.050447857007384307 0.03130858205258847 0.17500000447034839
decision_type=2 2 2 2 2 2
left_child=-1 2 3 -2 -5 -4
right_child=1 -3 5 4 -6 -7
leaf_value=-3.9940560655463611e-05 0.00056592024086249903 -1.1501148711214462e-05 -0.00015094005853712864 0.00016933529048755215 -0.00016302904024990297 0.00035196125137669022
leaf_weight=6363 83 11185 164 150 536 1770
leaf_count=6363 83 11185 164 150 536 1770
internal_value=-4.31971e-05 0.00108508 0.00757939 -0.00222868 -0.00748915 0.0114879
internal_weight=20251 13888 2703 769 686 1934
internal_count=20251 13888 2703 769 686 1934
is_linear=0
shrinkage=0.05


Tree=164
num_leaves=7
num_cat=0
split_feature=36 35 31 1 51 15
split_gain=18.671 37.3021 37.4791 31.9725 31.093 27.4042
threshold=0.82941195368766796 0.83205384016036998 53.570440292358406 -0.024767039343714711 0.015996621921658519 0.57500001788139354
decision_type=2 2 2 2 2 2
left_child=-1 2 -2 -4 -3 -6
right_child=1 4 3 -5 5 -7
leaf_value=-4.1427964084110635e-06 0.00039365077671609015 -0.00063739720625296853 0.0003525603656514814 -0.00014523961619179095 -0.00036509185941707505 0.00037122895373738912
leaf_weight=19262 402 105 59 217 55 104
leaf_count=19262 402 105 59 217 55 104
internal_value=-9.27804e-05 0.00694298 0.0131406 -0.000978648 -0.008829 0.00503049
internal_weight=20204 942 678 276 264 159
internal_count=20204 942 678 276 264 159
is_linear=0
shrinkage=0.05


Tree=165
num_leaves=7
num_cat=0
split_feature=51 47 11 50 51 36
split_gain=18.9406 48.3894 47.1717 40.9906 35.0076 33.9142
threshold=-0.062135998159646981 1.0956958532333376 0.010975870769470932 1.4855344891548159 -0.043863495811820023 -0.7259773015975951
decision_type=2 2 2 2 2 2
left_child=1 3 -3 -1 5 -2
right_child=4 2 -4 -5 -6 -7
leaf_value=-0.00013366341246755182 -5.1150659994110927e-05 0.00015616498375235733 -0.00031145218939434275 0.00045761530748325541 5.0939691878172386e-06 0.00023696831678226074
leaf_weight=4637 479 1401 191 139 12319 1195
leaf_count=4637 479 1401 191 139 12319 1195
internal_value=-7.73348e-05 -0.00203593 0.00549468 -0.00455449 0.00125196 0.00802561
internal_weight=20361 6368 1592 4776 13993 1674
internal_count=20361 6368 1592 4776 13993 1674
is_linear=0
shrinkage=0.05


Tree=166
num_leaves=7
num_cat=0
split_feature=36 48 9 43 6 27
split_gain=15.8384 35.3725 37.8873 40.6287 26.8067 31.9455
threshold=-0.76295194029808033 2.0282082557678227 -0.048302592709660523 0.065789401531219496 0.89545014500617992 0.02780676539987326
decision_type=2 2 2 2 2 2
left_child=1 2 -1 -4 5 -5
right_child=-2 -3 3 4 -6 -7
leaf_value=0.00012152572609583496 7.3921913470163022e-06 0.00085413618238755213 0.00011054603226538928 -0.00021925791152034167 -0.00051302832843333555 0.00012657712761110352
leaf_weight=578 17996 107 301 1061 98 191
leaf_count=578 17996 107 301 1061 98 191
internal_value=-6.26936e-05 -0.00396198 -0.00533796 -0.00919384 -0.0128967 -0.0107995
internal_weight=20332 2336 2229 1651 1350 1252
internal_count=20332 2336 2229 1651 1350 1252
is_linear=0
shrinkage=0.05


Tree=167
num_leaves=7
num_cat=0
split_feature=23 46 34 27 42 36
split_gain=17.4296 37.5725 40.3759 61.9631 38.4807 50.7737
threshold=0.0037270097527652983 0.88490545749664318 0.66135558485984813 0.0104469764046371 0.076398245990276351 -0.68796139955520619
decision_type=2 2 2 2 2 2
left_child=-1 -2 3 -3 -5 -6
right_child=1 2 -4 4 5 -7
leaf_value=2.5499306545729391e-05 -0.00013642576003653552 -4.5334953027757233e-05 -0.00018745761223541184 -7.1486815507742187e-05 -0.00012387993689141894 0.00040274984091388176
leaf_weight=12364 2029 3018 766 492 276 1479
leaf_count=12364 2029 3018 766 492 276 1479
internal_value=-7.70963e-05 -0.00150961 0.000468025 0.0020351 0.00831483 0.0117756
internal_weight=20424 8060 6031 5265 2247 1755
internal_count=20424 8060 6031 5265 2247 1755
is_linear=0
shrinkage=0.05


Tree=168
num_leaves=7
num_cat=0
split_feature=49 34 39 0 39 36
split_gain=18.4604 26.0396 36.2927 24.9102 29.5648 24.7537
threshold=0.039682857692241676 -0.52599483728408802 0.043403459712862975 -0.0095545491203665716 0.054265286773443229 -0.32729552686214441
decision_type=2 2 2 2 2 2
left_child=-1 2 -2 -3 5 -5
right_child=1 3 -4 4 -6 -7
leaf_value=2.7124534684394402e-05 -6.701736237342124e-05 -8.5965392840990729e-05 -0.001070319555767324 -5.809185135054068e-05 -0.00054983737663929122 5.5344422691032882e-05
leaf_weight=10585 270 2820 110 2140 177 4200
leaf_count=10585 270 2820 110 2140 177 4200
internal_value=-4.8013e-05 -0.00173061 -0.0144805 -0.00120156 0.00049448 0.00106777
internal_weight=20302 9717 380 9337 6517 6340
internal_count=20302 9717 380 9337 6517 6340
is_linear=0
shrinkage=0.05


Tree=169
num_leaves=7
num_cat=0
split_feature=40 35 43 47 51 35
split_gain=21.4726 43.5422 31.0407 25.4793 44.2438 47.901
threshold=0.12325851619243623 0.11272479966282846 0.15683683753013614 1.0733523368835451 -0.0055957131553441277 0.41761291027069097
decision_type=2 2 2 2 2 2
left_child=2 -2 3 -1 -5 -6
right_child=1 -3 -4 4 5 -7
leaf_value=-1.1969682292637882e-05 -1.0869401044165481e-05 -0.00047808787079490318 0.00058083360849191853 0.00016558484745939062 -0.00015023590209997626 0.00022116631640274931
leaf_weight=14188 1736 562 159 2122 1227 306
leaf_count=14188 1736 562 159 2122 1227 306
internal_value=-0.000102192 -0.00467868 0.000448437 0.000247927 0.00396858 -0.002487
internal_weight=20300 2298 18002 17843 3655 1533
internal_count=20300 2298 18002 17843 3655 1533
is_linear=0
shrinkage=0.05


Tree=170
num_leaves=7
num_cat=0
split_feature=41 44 45 26 27 43
split_gain=15.7302 79.285 49.381 46.1865 37.6365 39.4537
threshold=0.067778032273054137 0.077402021735906615 0.067310057580471053 -0.096365798264741884 -0.025373187847435471 0.086397387087345137
decision_type=2 2 2 2 2 2
left_child=1 4 -2 -3 -1 -6
right_child=2 3 -4 -5 5 -7
leaf_value=0.00018434754289514677 0.00037756458559127132 0.00029140029029634836 4.9396488070211595e-06 -0.00042525795475163069 -2.900351620876605e-06 -0.00043704752275058162
leaf_weight=382 238 89 15379 915 3205 60
leaf_count=382 238 89 15379 915 3205 60
internal_value=-0.000102353 -0.00273303 0.000577711 -0.0151388 0.000691402 -0.0010474
internal_weight=20268 4651 15617 1004 3647 3265
internal_count=20268 4651 15617 1004 3647 3265
is_linear=0
shrinkage=0.05


Tree=171
num_leaves=7
num_cat=0
split_feature=35 39 42 24 55 47
split_gain=19.8751 50.4746 72.3391 60.1915 41.1166 65.1383
threshold=-0.208906315267086 0.01261896174401045 0.07201747223734857 -0.014712864067405461 9.2504425048828143 1.1422283649444582
decision_type=2 2 2 2 2 2
left_child=1 4 -3 -4 5 -1
right_child=-2 2 3 -5 -6 -7
leaf_value=-0.0004201764546411191 1.8785974071202631e-05 0.0003598894415676601 0.00011822523518603935 -0.00024382286511111492 -4.9935464873632104e-05 0.00013081337756602564
leaf_weight=822 12650 384 1776 770 3701 215
leaf_count=822 12650 384 1776 770 3701 215
internal_value=-9.226e-05 -0.00216017 0.00298978 -6.86005e-05 -0.00534999 -0.0141315
internal_weight=20318 7668 2930 2546 4738 1037
internal_count=20318 7668 2930 2546 4738 1037
is_linear=0
shrinkage=0.05


Tree=172
num_leaves=7
num_cat=0
split_feature=35 51 15 36 13 42
split_gain=16.639 41.9208 32.2818 31.6898 44.2306 24.6099
threshold=0.83205384016036998 0.015996621921658519 0.57500001788139354 0.86825728416442882 0.014120928943157198 0.099904328584671034
decision_type=2 2 2 2 2 2
left_child=3 -2 -3 -1 5 -5
right_child=1 2 -4 4 -6 -7
leaf_value=-4.49792650921222e-06 -0.00067148247349147015 -0.00034072010650157192 0.00045416945053653579 0.00037710632028529578 -0.00015742312961388529 -5.7514322868530074e-05
leaf_weight=19494 142 57 119 214 120 65
leaf_count=19494 142 57 119 214 120 65
internal_value=-9.76949e-05 -0.0113777 0.00483425 6.1564e-05 0.0139233 0.0247359
internal_weight=20211 318 176 19893 399 279
internal_count=20211 318 176 19893 399 279
is_linear=0
shrinkage=0.05


Tree=173
num_leaves=7
num_cat=0
split_feature=15 55 41 44 46 5
split_gain=15.4978 27.6719 37.3904 30.1482 27.8824 30.1818
threshold=0.97499999403953563 89813.296875000015 0.092229094356298461 0.12697502970695498 0.91061332821846019 0.27316869795322424
decision_type=2 2 2 2 2 2
left_child=-1 3 -3 4 -2 -6
right_child=1 2 -4 -5 5 -7
leaf_value=3.5293700038793063e-06 -0.00020493023973977274 -0.00066881003059253441 0.00061385283084160061 -0.00048465412702544263 0.00068453654505189004 2.3714367059843675e-05
leaf_weight=19383 248 185 50 121 129 301
leaf_count=19383 248 185 50 121 129 301
internal_value=-0.000179953 -0.00603946 -0.0209375 -0.00152363 0.00259883 0.0102874
internal_weight=20417 1034 235 799 678 430
internal_count=20417 1034 235 799 678 430
is_linear=0
shrinkage=0.05


Tree=174
num_leaves=7
num_cat=0
split_feature=40 43 47 52 26 30
split_gain=20.3323 34.3227 32.7685 40.5899 49.8206 37.6302
threshold=0.12325851619243623 0.15683683753013614 1.2472339272499087 -9.5364681328646825e-05 -0.089369487017393098 50.221099853515632
decision_type=2 2 2 2 2 2
left_child=1 -1 3 4 -2 -4
right_child=2 -3 5 -5 -6 -7
leaf_value=9.5753712703874291e-07 -0.00030667834011115312 0.0005932105632132093 0.00029572211324903385 -0.00050066703455681411 0.00027982253505282436 -0.00022647449733825318
leaf_weight=17826 480 150 429 637 375 351
leaf_count=17826 480 150 429 637 375 351
internal_value=-0.000161704 0.000282242 -0.0047321 -0.00906814 -0.00188953 0.00353503
internal_weight=20248 17976 2272 1492 855 780
internal_count=20248 17976 2272 1492 855 780
is_linear=0
shrinkage=0.05


Tree=175
num_leaves=7
num_cat=0
split_feature=24 21 51 10 44 42
split_gain=15.8344 30.4868 25.5983 22.0103 31.0363 37.4825
threshold=0.099303863942623152 0.62500000000000011 -0.024095966480672356 0.13677776604890826 0.1178695857524872 0.077339995652437224
decision_type=2 2 2 2 2 2
left_child=3 2 -2 -1 5 -5
right_child=1 -3 -4 4 -6 -7
leaf_value=7.5100038525823849e-08 -0.0002010585661525858 -0.00042848699648808595 0.00016085888817767295 -0.00063225116125672294 -0.00043433618791573398 0.000563715534471417
leaf_weight=19257 154 285 203 59 88 305
leaf_count=19257 154 285 203 59 88 305
internal_value=-7.73728e-05 -0.00768934 0.00200276 0.000259968 0.011105 0.0175474
internal_weight=20351 642 357 19709 452 364
internal_count=20351 642 357 19709 452 364
is_linear=0
shrinkage=0.05


Tree=176
num_leaves=7
num_cat=0
split_feature=34 50 38 15 22 38
split_gain=13.3205 20.3726 30.5806 21.6668 25.9761 19.7831
threshold=0.79666468501091015 1.9232535958290102 -0.0019272079807706175 0.62500000000000011 0.77500000596046459 0.0064514181576669225
decision_type=2 2 2 2 2 2
left_child=1 5 -3 4 -4 -1
right_child=-2 2 3 -5 -6 -7
leaf_value=1.9268462245278413e-05 -8.569117708877026e-05 -0.00010771462069567295 0.0010851383244810389 8.5613722655701998e-05 5.3485965184222666e-05 -4.0394257023056247e-05
leaf_weight=11927 663 207 149 187 69 7088
leaf_count=11927 663 207 149 187 69 7088
internal_value=-0.000220498 0.00025596 0.00919773 0.0171341 0.0276906 -3.28601e-05
internal_weight=20290 19627 612 405 218 19015
internal_count=20290 19627 612 405 218 19015
is_linear=0
shrinkage=0.05


Tree=177
num_leaves=7
num_cat=0
split_feature=36 51 51 55 48 3
split_gain=14.2786 48.3235 44.4192 42.404 61.5481 49.1964
threshold=-0.20715090632438657 0.027172530069947246 1.0000000180025095e-35 89813.296875000015 0.74671220779418956 0.0060673118568956861
decision_type=2 2 2 2 2 2
left_child=1 2 3 -1 5 -5
right_child=-2 -3 -4 4 -6 -7
leaf_value=1.4998745117574789e-05 2.3285350684667315e-05 -0.00036430813809451589 0.00023134712709360684 -0.0004727969417055531 -0.00054541531618782814 -3.1203173825556711e-05
leaf_weight=4562 11951 858 942 110 318 1543
leaf_count=4562 11951 858 942 110 318 1543
internal_value=-0.000102272 -0.00151415 -0.000217246 -0.0016863 -0.00780617 -0.00387515
internal_weight=20284 8333 7475 6533 1971 1653
internal_count=20284 8333 7475 6533 1971 1653
is_linear=0
shrinkage=0.05


Tree=178
num_leaves=7
num_cat=0
split_feature=53 26 12 55 55 41
split_gain=17.0246 21.4571 29.6188 28.1453 27.7383 34.2294
threshold=0.99201837182044994 0.12573938071727755 0.054945219308137901 82752.664062500015 1979.1985945701601 0.078477807343006148
decision_type=2 2 2 2 2 2
left_child=1 2 -1 -4 5 -3
right_child=-2 4 3 -5 -6 -7
leaf_value=1.0337398333449693e-05 -0.00013874152194815053 0.00041281327524239061 -0.00011444306344102407 -0.00073627939555601053 0.00035587628350925338 -0.00023505948845498555
leaf_weight=17707 980 86 688 88 548 208
leaf_count=17707 980 86 688 88 548 208
internal_value=-8.24717e-05 0.000570357 0.0002123 -0.00931498 0.00835301 -0.00392977
internal_weight=20305 19325 18483 776 842 294
internal_count=20305 19325 18483 776 842 294
is_linear=0
shrinkage=0.05


Tree=179
num_leaves=7
num_cat=0
split_feature=51 51 22 44 8 44
split_gain=15.3833 51.8326 67.6671 66.8088 51.0295 50.1763
threshold=-0.05881229601800441 -0.031176511198282238 0.22500000149011615 0.050447857007384307 0.14120827615261081 0.081932757049798979
decision_type=2 2 2 2 2 2
left_child=-1 2 3 -2 -5 -4
right_child=1 -3 5 4 -6 -7
leaf_value=-3.7627897122756851e-05 0.00054698281831325397 -8.9552971053445836e-06 2.1945127430539205e-06 0.00010329164842753138 -0.00018259695087852217 0.0004893013178653994
leaf_weight=6725 68 11229 566 101 423 1200
leaf_count=6725 68 11229 566 101 423 1200
internal_value=-3.81454e-05 0.00100243 0.00773381 -0.0068258 -0.0129962 0.0126341
internal_weight=20312 13587 2358 592 524 1766
internal_count=20312 13587 2358 592 524 1766
is_linear=0
shrinkage=0.05


Tree=180
num_leaves=7
num_cat=0
split_feature=58 2 42 42 3 51
split_gain=16.2754 17.6811 36.4595 19.2851 26.3462 21.6037
threshold=-0.00012145537402830085 0.0078079116065055141 0.080897916108369841 0.074488651007413878 0.0067229291889816531 -0.076798260211944566
decision_type=2 2 2 2 2 2
left_child=1 2 3 4 5 -1
right_child=-2 -3 -4 -5 -6 -7
leaf_value=0.00031171264773008481 2.6351314899300495e-05 3.6308382446853139e-06 -0.00024777648124671615 0.00016505118111300322 -0.00022907096905278157 -3.3643953319427715e-05
leaf_weight=144 13090 4755 1011 442 251 627
leaf_count=144 13090 4755 1011 442 251 627
internal_value=-9.22509e-05 -0.00162751 -0.0050504 0 -0.00377313 0.000805412
internal_weight=20320 7230 2475 1464 1022 771
internal_count=20320 7230 2475 1464 1022 771
is_linear=0
shrinkage=0.05


Tree=181
num_leaves=7
num_cat=0
split_feature=43 39 19 39 40 36
split_gain=13.1384 44.7889 28.4849 39.0103 14.0795 38.2112
threshold=0.046930914744734771 0.016637183725833896 0.22500000149011615 -0.027347815223038193 0.12325851619243623 0.20037429034709933
decision_type=2 2 2 2 2 2
left_child=1 2 -1 -4 -2 -6
right_child=4 -3 3 -5 5 -7
leaf_value=0.00020953415405128539 9.4322128361852119e-06 -0.00026442208657581737 0.00039900182252840916 -0.00010607908864274584 8.7953746615110014e-06 -0.00044020643034577963
leaf_weight=87 17347 146 55 374 1678 593
leaf_count=87 17347 146 55 374 1678 593
internal_value=-0.000181168 -0.007009 0 -0.00535714 0.000126128 -0.00356986
internal_weight=20280 662 516 429 19618 2271
internal_count=20280 662 516 429 19618 2271
is_linear=0
shrinkage=0.05


Tree=182
num_leaves=7
num_cat=0
split_feature=30 50 45 42 29 24
split_gain=15.9211 35.8037 38.1001 36.4481 33.1018 26.9305
threshold=50.221099853515632 1.0692772269248965 0.11924136430025102 0.095668759196996703 -0.056289790198206895 0.087033580988645567
decision_type=2 2 2 2 2 2
left_child=1 2 5 -3 -2 -1
right_child=4 3 -4 -5 -6 -7
leaf_value=-1.2450341397685957e-05 -0.00048894052650594007 0.00041144055716747129 0.00022511760404857756 9.1797634561759061e-06 -1.2931807542036871e-05 -0.00036204668101448963
leaf_weight=7879 445 427 1584 415 9387 162
leaf_count=7879 445 427 1584 415 9387 162
internal_value=-9.72715e-05 0.00132974 0.000459502 0.0111865 -0.00147149 -0.000935247
internal_weight=20299 10467 9625 842 9832 8041
internal_count=20299 10467 9625 842 9832 8041
is_linear=0
shrinkage=0.05


Tree=183
num_leaves=7
num_cat=0
split_feature=6 50 50 35 36 3
split_gain=20.0315 32.4053 26.4263 42.9692 22.4888 53.1397
threshold=0.93248525261878978 -0.23051838576793668 1.9232535958290102 -0.36395591497421259 0.56486564874649059 0.0072642592713236817
decision_type=2 2 2 2 2 2
left_child=2 -2 4 -4 -1 -6
right_child=1 -3 3 -5 5 -7
leaf_value=-1.260808766936544e-05 0.00060707768645182781 -0.00013204183078651045 -0.00018471119219925594 0.00036431593383913583 -6.8697580602194655e-05 0.00023155418420616584
leaf_weight=15361 68 1491 151 393 1018 1788
leaf_count=15361 68 1491 151 393 1018 1788
internal_value=-7.76819e-05 -0.00545077 0.000439464 0.0112477 0.000111435 0.00422448
internal_weight=20270 1559 18711 544 18167 2806
internal_count=20270 1559 18711 544 18167 2806
is_linear=0
shrinkage=0.05


Tree=184
num_leaves=7
num_cat=0
split_feature=53 48 2 43 52 53
split_gain=14.3584 30.4594 22.4679 49.5077 31.1474 24.4715
threshold=0.84754872322082531 -2.2196438312530513 0.0045016645453870305 0.063488591462373747 0.00010830255996552297 0.90716445446014415
decision_type=2 2 2 2 2 2
left_child=-1 -2 -3 5 -5 -4
right_child=1 2 3 4 -6 -7
leaf_value=5.5577606199006806e-06 -0.0011585925612722604 -0.00015972322352106555 -6.4777141957889827e-05 -0.00068555902204891822 -7.385228913729856e-05 0.00029589509076226577
leaf_weight=18451 63 153 97 111 1254 241
leaf_count=18451 63 153 97 111 1254 241
internal_value=-7.73006e-05 -0.00422297 -0.0029957 -0.00130269 -0.00556569 0.0156706
internal_weight=20370 1919 1856 1703 1365 338
internal_count=20370 1919 1856 1703 1365 338
is_linear=0
shrinkage=0.05


Tree=185
num_leaves=7
num_cat=0
split_feature=44 43 22 7 41 36
split_gain=20.0513 39.0236 52.251 56.5526 27.6219 33.9373
threshold=0.14405981451272967 0.088820163160562529 0.87500000000000011 0.4781851619482041 0.1429390832781792 0.48116096854209905
decision_type=2 2 2 2 2 2
left_child=-1 -2 4 -4 5 -3
right_child=1 2 3 -5 -6 -7
leaf_value=-7.0468918253206296e-06 -0.00075967153612357811 0.0010055920584220192 0.00033670148003984122 -0.00033877227021434974 -0.00019447760788014057 -5.9422963688214678e-05
leaf_weight=18935 80 338 404 326 85 70
leaf_count=18935 80 338 404 326 85 70
internal_value=-4.81648e-05 0.00598242 0.00824511 -0.000238095 0.0207329 0.0260896
internal_weight=20238 1303 1223 730 493 408
internal_count=20238 1303 1223 730 493 408
is_linear=0
shrinkage=0.05


Tree=186
num_leaves=7
num_cat=0
split_feature=6 27 3 6 43 50
split_gain=17.4114 28.407 36.7034 36.1404 28.8303 27.26
threshold=0.91266551613807689 0.021525324322283271 0.012509107124060394 0.48331443965435034 0.11359031125903131 0.1898680925369263
decision_type=2 2 2 2 2 2
left_child=1 -1 4 -4 -3 -2
right_child=5 2 3 -5 -6 -7
leaf_value=-6.1091148441613053e-06 0.00029186910163960281 8.2832997333413984e-05 0.00022515098820306522 -0.00044308044201251258 0.00040802994177389337 -0.00012505953134547059
leaf_weight=15375 226 2195 208 257 430 1645
leaf_count=15375 226 2195 208 257 430 1645
internal_value=-3.81004e-05 0.000564429 0.00493538 -0.00792553 0.00723384 -0.00449094
internal_weight=20336 18465 3090 465 2625 1871
internal_count=20336 18465 3090 465 2625 1871
is_linear=0
shrinkage=0.05


Tree=187
num_leaves=7
num_cat=0
split_feature=40 35 0 0 21 12
split_gain=20.2813 37.1038 36.7562 32.6315 32.5877 29.9068
threshold=0.12325851619243623 0.11272479966282846 0.085878014564514174 -0.0080709173344075662 0.57500001788139354 -0.035056613385677331
decision_type=2 2 2 2 2 2
left_child=2 3 5 -2 -5 -1
right_child=1 -3 -4 4 -6 -7
leaf_value=0.00010963220763054096 -0.00025802227677816181 -0.000431622840410114 -0.00062666316390588633 -0.00031353775738078874 0.00018686005247839498 1.2237317127263643e-06
leaf_weight=3534 507 575 169 148 1057 14321
leaf_count=3534 507 575 169 148 1057 14321
internal_value=-8.73696e-05 -0.00411213 0.000880526 -0.000393128 0.00407025 0.00110442
internal_weight=20311 2287 18024 1712 1205 17855
internal_count=20311 2287 18024 1712 1205 17855
is_linear=0
shrinkage=0.05


Tree=188
num_leaves=7
num_cat=0
split_feature=36 22 18 32 22 51
split_gain=16.8364 38.5425 50.326 36.0533 46.9254 69.2961
threshold=-0.20715090632438657 0.92499998211860668 0.12500000372529033 0.41182041168212896 0.57500001788139354 0.0027259540511295204
decision_type=2 2 2 2 2 2
left_child=1 -1 -3 4 -2 -6
right_child=3 2 -4 -5 5 -7
leaf_value=-1.2568389211452952e-05 -4.2666816277707929e-06 0.00029014305287556295 -0.00043384179786363272 -8.961236573576262e-05 0.00033201766401898643 -1.6089757803358989e-05
leaf_weight=7391 5644 222 777 2855 1853 1602
leaf_count=7391 5644 222 777 2855 1853 1602
internal_value=-0.000141285 -0.0019863 -0.0111803 0.000934443 0.00247419 0.00705925
internal_weight=20344 8390 999 11954 9099 3455
internal_count=20344 8390 999 11954 9099 3455
is_linear=0
shrinkage=0.05


Tree=189
num_leaves=7
num_cat=0
split_feature=10 45 35 47 35 53
split_gain=14.432 43.7295 42.8066 44.2142 49.4017 48.5681
threshold=0.028878453187644485 0.052842440083622939 -0.074390649795532213 1.2472339272499087 -0.32337296009063715 0.76332163810729992
decision_type=2 2 2 2 2 2
left_child=-1 -2 3 4 -3 -6
right_child=1 2 -4 -5 5 -7
leaf_value=-1.5468151263049952e-05 -0.0003705922683177241 3.5641406948743915e-05 0.00011467576204437997 0.00040702108111330561 -0.00048608633187225287 0.0001214730686948772
leaf_weight=14515 110 916 3846 117 651 211
leaf_count=14515 110 916 3846 117 651 211
internal_value=-0.000106769 0.00203637 0.00264967 -0.00348684 -0.00548233 -0.0140427
internal_weight=20366 5851 5741 1895 1778 862
internal_count=20366 5851 5741 1895 1778 862
is_linear=0
shrinkage=0.05


Tree=190
num_leaves=7
num_cat=0
split_feature=43 39 51 35 22 10
split_gain=15.3136 37.0648 27.2438 22.9814 21.3221 28.6344
threshold=0.046930914744734771 -0.0009664641402196138 -0.047763571143150323 0.24088144302368167 0.075000001117587103 -0.067118618637323366
decision_type=2 2 2 2 2 2
left_child=1 3 -3 -1 5 -2
right_child=4 2 -4 -5 -6 -7
leaf_value=0.00021703811391583571 -0.00015905071975181925 -0.00050663600434236477 -7.3095004837680824e-05 -0.00018302650971700599 4.3943057474925821e-06 0.00014846173706348223
leaf_weight=234 82 75 280 86 19057 530
leaf_count=234 82 75 280 86 19057 530
internal_value=-9.70564e-05 -0.00709559 -0.018125 0.00515385 0.00053497 0.00968395
internal_weight=20344 675 355 320 19669 612
internal_count=20344 675 355 320 19669 612
is_linear=0
shrinkage=0.05


Tree=191
num_leaves=7
num_cat=0
split_feature=13 31 26 55 40 42
split_gain=15.5646 31.5389 31.1662 57.1132 31.7584 30.354
threshold=-0.015058386139571665 38.416084289550788 0.01142711052671075 79623.476562500015 0.058997593820095069 0.085183583199977889
decision_type=2 2 2 2 2 2
left_child=2 -2 -1 4 -4 -6
right_child=1 -3 3 -5 5 -7
leaf_value=9.0711903836649014e-06 -0.0010133359606868909 -8.0382678777253558e-06 -0.00027873896716887027 0.00054571135438106718 0.00039779404951046851 1.3387430820263517e-05
leaf_weight=4443 82 14691 103 383 132 539
leaf_count=4443 82 14691 103 383 132 539
internal_value=-0.000101825 -0.000725741 0.00236842 0.00966007 0.00176508 0.00580621
internal_weight=20373 14773 5600 1157 774 671
internal_count=20373 14773 5600 1157 774 671
is_linear=0
shrinkage=0.05


Tree=192
num_leaves=7
num_cat=0
split_feature=40 35 0 42 48 48
split_gain=14.382 30.4825 30.2093 38.4503 29.7503 34.0091
threshold=0.12325851619243623 0.11272479966282846 0.02626956440508366 0.11020858958363534 -1.606513977050781 0.80707287788391124
decision_type=2 2 2 2 2 2
left_child=-1 2 4 -4 -2 -6
right_child=1 -3 3 -5 5 -7
leaf_value=5.3745936107187656e-06 0.00058128718627539842 -0.00036371111723387123 -0.00051534504957130751 0.00032544692384641762 -0.00039509367265377188 2.1079299281147627e-05
leaf_weight=18035 86 567 95 685 476 374
leaf_count=18035 86 567 95 685 476 374
internal_value=-0.000175909 -0.00385708 -0.000508425 0.00671975 -0.00656217 -0.00944444
internal_weight=20318 2283 1716 780 936 850
internal_count=20318 2283 1716 780 936 850
is_linear=0
shrinkage=0.05


Tree=193
num_leaves=7
num_cat=0
split_feature=35 39 32 13 18 29
split_gain=15.4324 36.8461 56.8004 53.216 44.5831 43.4032
threshold=-0.208906315267086 0.01261896174401045 -0.17467033118009564 -0.035511493682861321 0.67499998211860668 -0.05228802748024463
decision_type=2 2 2 2 2 2
left_child=1 4 3 -3 5 -1
right_child=-2 2 -4 -5 -6 -7
leaf_value=0.00017991274823296141 2.4544878451206004e-05 -0.00027611434848024032 -0.00016468257686408288 0.00026393216486283419 4.6760883830245915e-05 -0.00019493564121523139
leaf_weight=401 12686 390 931 1644 1490 2867
leaf_count=401 12686 390 931 1644 1490 2867
internal_value=-9.67473e-05 -0.00136193 0.00300505 0.00768759 -0.00408881 -0.00735564
internal_weight=20409 7723 2965 2034 4758 3268
internal_count=20409 7723 2965 2034 4758 3268
is_linear=0
shrinkage=0.05


Tree=194
num_leaves=7
num_cat=0
split_feature=12 55 44 44 51 20
split_gain=15.7799 34.9911 51.6549 53.3072 43.4572 41.1198
threshold=0.01954244822263718 89813.296875000015 0.12697502970695498 0.15562175214290622 0.019389837048947815 0.72499999403953563
decision_type=2 2 2 2 2 2
left_child=-1 2 4 -4 5 -2
right_child=1 -3 3 -5 -6 -7
leaf_value=1.5460843892490326e-05 0.00034934182220617882 -0.00017168321597800602 -0.00047364716906077498 0.00030297032908305709 -0.00013265764553605075 2.4827881627167834e-05
leaf_weight=15118 813 1422 511 138 998 1367
leaf_count=15118 813 1422 511 138 998 1367
internal_value=-0.000116582 -0.0022697 0.000215292 -0.0125765 0.00285108 0.00680778
internal_weight=20367 5249 3827 649 3178 2180
internal_count=20367 5249 3827 649 3178 2180
is_linear=0
shrinkage=0.05


Tree=195
num_leaves=7
num_cat=0
split_feature=35 22 21 49 36 54
split_gain=15.6096 42.6975 28.0518 40.0738 26.4288 15.047
threshold=-0.83490771055221547 0.92499998211860668 0.47499999403953558 -0.93172353506088246 -0.93727743625640858 -0.01690172869712114
decision_type=2 2 2 2 2 2
left_child=1 2 -1 -4 -5 -2
right_child=5 -3 3 4 -6 -7
leaf_value=9.3371516502533598e-05 -3.6815708101364334e-05 0.00064760498010996799 9.7879118090672335e-05 -1.0181356822667065e-05 -0.00041989825205521821 1.6138338042752777e-05
leaf_weight=145 6929 63 100 94 258 12634
leaf_count=145 6929 63 100 94 258 12634
internal_value=-0.000127299 -0.00778195 -0.0120017 -0.0181072 -0.0259804 6.38798e-06
internal_weight=20223 660 597 452 352 19563
internal_count=20223 660 597 452 352 19563
is_linear=0
shrinkage=0.05


Tree=196
num_leaves=7
num_cat=0
split_feature=24 36 35 22 36 2
split_gain=15.5296 25.5663 15.5599 29.1073 25.0945 33.3302
threshold=0.11849110573530199 0.82941195368766796 -0.83490771055221547 0.92499998211860668 -0.93727743625640858 0.0071223666891455659
decision_type=2 2 2 2 2 2
left_child=2 -2 3 4 -1 -6
right_child=1 -3 -4 -5 5 -7
leaf_value=5.0734546372491716e-05 -0.00031519695572163249 0.00024347162384773225 1.0760757420788937e-05 0.00060004828740173072 0.0004632717089758932 -0.00035082808677211252
leaf_weight=199 260 53 19234 56 61 350
leaf_count=199 260 53 19234 56 61 350
internal_value=-0.000201553 -0.0107704 0.000365486 -0.00711624 -0.0103659 -0.0173678
internal_weight=20213 313 19900 666 610 411
internal_count=20213 313 19900 666 610 411
is_linear=0
shrinkage=0.05


Tree=197
num_leaves=7
num_cat=0
split_feature=40 35 35 1 43 51
split_gain=16.1253 29.8786 29.5054 30.0888 28.1725 23.7211
threshold=0.12325851619243623 0.11272479966282846 -0.021039686165750023 -0.012378649786114691 0.17135203629732135 0.012952533084899189
decision_type=2 2 2 2 2 2
left_child=4 2 3 -2 -1 -5
right_child=1 -3 -4 5 -6 -7
leaf_value=3.250236565321334e-06 0.00014827690163963191 -0.0003708412340388668 0.00065076113827402117 -0.00026751623164091172 0.00063849976106416769 0.00023307002136725588
leaf_weight=17779 454 574 246 802 91 220
leaf_count=17779 454 574 246 802 91 220
internal_value=-0.000167319 -0.00411777 -0.000796178 -0.00349426 0.000328671 -0.00825219
internal_weight=20166 2296 1722 1476 17870 1022
internal_count=20166 2296 1722 1476 17870 1022
is_linear=0
shrinkage=0.05


Tree=198
num_leaves=7
num_cat=0
split_feature=36 22 54 22 6 40
split_gain=17.0533 38.9013 37.8072 32.5919 60.1539 44.927
threshold=-0.20715090632438657 0.97499999403953563 0.017268974334001545 0.72499999403953563 0.52009856700897228 0.1002451814711094
decision_type=2 2 2 2 2 2
left_child=1 -1 -3 5 -5 -2
right_child=3 2 -4 4 -6 -7
leaf_value=-1.6646140911616319e-05 1.8105640910791093e-05 -0.001067364073114518 -7.0407916666049888e-05 0.00034786085455213968 -2.3261780283637602e-05 -0.00021377799116908646
leaf_weight=7863 7451 223 278 1537 1550 1442
leaf_count=7863 7451 223 278 1537 1550 1442
internal_value=-6.26566e-05 -0.00182519 -0.0152668 0.00111598 0.00553849 -0.000418633
internal_weight=20344 8364 501 11980 3087 8893
internal_count=20344 8364 501 11980 3087 8893
is_linear=0
shrinkage=0.05


Tree=199
num_leaves=7
num_cat=0
split_feature=32 52 52 50 34 55
split_gain=16.8885 22.3899 31.2344 29.4252 21.144 36.8827
threshold=-1.0070754885673521 -0.00051591705414466549 -0.023577470332384106 -0.91625961661338795 -0.86172220110893238 34907.058593750007
decision_type=2 2 2 2 2 2
left_child=1 2 3 -1 5 -2
right_child=4 -3 -4 -5 -6 -7
leaf_value=0.00061092486107199896 0.0003694669269416384 0.00033208882172894533 -0.0008634895182491831 -0.00049349981983716213 -1.5855119309814691e-06 -0.00069818471694729788
leaf_weight=116 60 382 121 66 19343 134
leaf_count=116 60 382 121 66 19343 134
internal_value=-9.76418e-05 0.00771739 -0.0023539 0.0105615 -0.000241787 -0.0164573
internal_weight=20222 685 303 182 19537 194
internal_count=20222 685 303 182 19537 194
is_linear=0
shrinkage=0.05


Tree=200
num_leaves=7
num_cat=0
split_feature=36 52 47 36 29 17
split_gain=14.096 32.52 43.6248 25.1836 21.9061 32.8929
threshold=-0.89245477318763722 -0.00018665698735276234 0.91433009505271923 -0.93727743625640858 0.013216619379818441 0.22500000149011615
decision_type=2 2 2 2 2 2
left_child=1 2 -1 -3 5 -4
right_child=-2 3 4 -5 -6 -7
leaf_value=0.00077510734946102807 2.1733699679737887e-06 -1.1459945486294414e-05 -0.00054828033900296573 -0.0004014065473468524 -0.00027184083843471085 0.00031586756168314547
leaf_weight=75 19397 192 98 275 87 269
leaf_count=75 19397 192 98 275 87 269
internal_value=-0.000111531 -0.00596903 0.00248127 -0.0155191 -0.00343137 0.00194892
internal_weight=20393 996 529 467 454 367
internal_count=20393 996 529 467 454 367
is_linear=0
shrinkage=0.05


Tree=201
num_leaves=7
num_cat=0
split_feature=44 44 41 2 51 35
split_gain=16.3963 32.663 56.0534 52.3889 46.706 43.3423
threshold=0.065542574971914305 0.071599468588829054 0.068998310714960112 0.0064285455737262973 -0.066479913890361772 -0.75206431746482838
decision_type=2 2 2 2 2 2
left_child=-1 3 4 5 -3 -2
right_child=1 2 -4 -5 -6 -7
leaf_value=-4.2978864705439658e-05 -0.00031303981109221784 -0.00047738280755845136 1.6917596857751425e-05 -7.9287458906485283e-05 -4.286492739233193e-05 0.00023253412828479268
leaf_weight=1963 63 605 14786 561 1253 1029
leaf_count=1963 63 605 14786 561 1253 1029
internal_value=-0.000112263 0.000318271 -0.000346868 0.00701146 -0.0085212 0.0133774
internal_weight=20260 18297 16644 1653 1858 1092
internal_count=20260 18297 16644 1653 1858 1092
is_linear=0
shrinkage=0.05


Tree=202
num_leaves=7
num_cat=0
split_feature=51 51 22 44 47 22
split_gain=15.6364 48.48 38.0904 62.0931 52.0163 35.7592
threshold=-0.062135998159646981 -0.031176511198282238 0.22500000149011615 0.050447857007384307 0.78893008828163158 0.82500001788139354
decision_type=2 2 2 2 2 2
left_child=-1 2 3 -2 -4 -3
right_child=1 5 4 -5 -6 -7
leaf_value=-4.2294811854677166e-05 0.00046911189842512382 1.2449293173253019e-05 0.00090000204382582731 -7.7440702307468221e-05 0.00014400446507980525 -0.00017360466755900647
leaf_weight=6388 80 9152 208 564 1802 2039
leaf_count=6388 80 9152 208 564 1802 2039
internal_value=-0.000166765 0.000803249 0.00687288 -0.00365948 0.0102605 -0.000636388
internal_weight=20233 13845 2654 644 2010 11191
internal_count=20233 13845 2654 644 2010 11191
is_linear=0
shrinkage=0.05


Tree=203
num_leaves=7
num_cat=0
split_feature=10 45 42 18 9 42
split_gain=14.5955 28.9424 35.962 29.8768 53.6092 44.8789
threshold=0.025472431443631652 0.052842440083622939 0.062056377530097968 0.32500000298023229 -0.075885489583015428 0.10119883343577386
decision_type=2 2 2 2 2 2
left_child=-1 -2 -3 -4 5 -5
right_child=1 2 3 4 -6 -7
leaf_value=-1.6058759770705034e-05 -0.0003272447666961145 0.00022156527553993523 0.00024801893551391565 -0.00031404145645284838 -1.6251393364383063e-05 0.00072496174663182113
leaf_weight=14104 114 289 682 56 4822 201
leaf_count=14104 114 289 682 56 4822 201
internal_value=-0.000131949 0.00192495 0.0024071 0.00153052 0.000201613 0.0222328
internal_weight=20268 6164 6050 5761 5079 257
internal_count=20268 6164 6050 5761 5079 257
is_linear=0
shrinkage=0.05


Tree=204
num_leaves=7
num_cat=0
split_feature=44 3 17 55 12 55
split_gain=20.4661 36.2999 36.4062 43.4417 42.3886 31.9763
threshold=0.065542574971914305 0.0064781971741467723 0.67499998211860668 89813.296875000015 -0.023085752502083775 460529.65625000006
decision_type=2 2 2 2 2 2
left_child=1 2 3 -1 -5 -4
right_child=-2 -3 5 4 -6 -7
leaf_value=0.0001229693966382455 1.0847504217817223e-05 -0.00073574877853505418 -0.0001634019755895924 0.00010936256892684363 -0.00018377161547217458 0.00013234436483808312
leaf_weight=576 18337 161 487 183 424 146
leaf_count=576 18337 161 487 183 424 146
internal_value=-9.22782e-05 -0.00485621 -0.00278693 0.00237795 -0.00690359 -0.0124216
internal_weight=20314 1977 1816 1183 607 633
internal_count=20314 1977 1816 1183 607 633
is_linear=0
shrinkage=0.05


Tree=205
num_leaves=7
num_cat=0
split_feature=36 22 44 0 53 41
split_gain=12.5218 49.3851 33.0903 31.0295 29.0319 25.8251
threshold=0.82941195368766796 0.22500000149011615 0.087639845907688155 -0.017548572272062298 0.22343092411756518 0.077535372227430358
decision_type=2 2 2 2 2 2
left_child=-1 2 -2 -4 5 -3
right_child=1 4 3 -5 -6 -7
leaf_value=-4.0453052776883206e-06 -0.00023485869504021994 0.0001236317493179919 -0.00050356767370335191 0.00061158875360047048 -2.93867966210672e-05 0.00062876071204733051
leaf_weight=19465 267 194 65 127 146 146
leaf_count=19465 267 194 65 127 146 146
internal_value=-0.000126133 0.00560526 -0.00608836 0.00951777 0.0166497 0.0245652
internal_weight=20410 945 459 192 486 340
internal_count=20410 945 459 192 486 340
is_linear=0
shrinkage=0.05


Tree=206
num_leaves=7
num_cat=0
split_feature=6 10 20 41 22 43
split_gain=15.1201 25.2563 22.7357 20.7176 28.2232 29.0427
threshold=0.93248525261878978 0.081119082868099227 0.97499999403953563 0.092229094356298461 0.37500000000000006 0.088820163160562529
decision_type=2 2 2 2 2 2
left_child=-1 3 -3 4 5 -2
right_child=1 2 -4 -5 -6 -7
leaf_value=7.128386867947287e-06 -0.00013251230003642872 0.00030169980633180238 -0.00025370638656758689 5.2914462733852688e-05 -0.00046063887061795314 0.00051977343932186379
leaf_weight=18825 433 265 96 345 334 51
leaf_count=18825 433 265 96 345 334 51
internal_value=-0.000126511 -0.00482341 0.00662568 -0.00841182 -0.0127278 -0.00485685
internal_weight=20349 1524 361 1163 818 484
internal_count=20349 1524 361 1163 818 484
is_linear=0
shrinkage=0.05


Tree=207
num_leaves=7
num_cat=0
split_feature=37 48 23 46 38 27
split_gain=16.8619 19.5158 14.2353 30.4004 35.7023 31.5074
threshold=-0.0091514857485890371 -0.120227113366127 0.007739722030237318 0.88490545749664318 0.0077777013648301372 -0.0092079020105302316
decision_type=2 2 2 2 2 2
left_child=1 -1 -2 4 -4 -5
right_child=2 -3 3 5 -6 -7
leaf_value=-0.00042758758478242566 2.5292834680253162e-05 4.0615452583579673e-05 -2.5840635079083137e-05 -0.00014721644606170849 -0.00029768371111369888 4.8003745438043162e-05
leaf_weight=188 13934 149 880 1147 576 3318
leaf_count=188 13934 149 880 1147 576 3318
internal_value=-9.77868e-05 -0.0105994 0.000595418 -0.00145545 -0.00771732 0.000587248
internal_weight=20192 337 19855 5921 1456 4465
internal_count=20192 337 19855 5921 1456 4465
is_linear=0
shrinkage=0.05


Tree=208
num_leaves=7
num_cat=0
split_feature=30 41 26 13 44 36
split_gain=17.6903 30.0183 27.4177 34.2479 26.7869 23.7703
threshold=50.221099853515632 0.17569898813962939 -0.11253272742033003 0.014120928943157198 0.14405981451272967 0.50500020384788524
decision_type=2 2 2 2 2 2
left_child=4 -2 -3 -4 -1 -6
right_child=1 2 3 -5 5 -7
leaf_value=1.5246378753062865e-05 -1.5061023281662619e-05 -0.00078701278801271445 0.0008069824386023564 -0.00035428277294252854 0.00050538194746070717 -0.00022479238565188372
leaf_weight=9852 9496 145 77 85 533 133
leaf_count=9852 9496 145 77 85 533 133
internal_value=-9.71662e-05 -0.00148093 -0.0167468 -0.00224551 0.00147059 0.0111401
internal_weight=20321 9803 307 162 10518 666
internal_count=20321 9803 307 162 10518 666
is_linear=0
shrinkage=0.05


Tree=209
num_leaves=7
num_cat=0
split_feature=4 51 4 51 36 45
split_gain=14.5472 20.4443 15.4236 39.6635 19.0589 42.8354
threshold=-1.0992394089698789 -0.071031119674444185 -0.21902517229318616 -5.3946244716644278 -0.76295194029808033 0.07592399045825006
decision_type=2 2 2 2 2 2
left_child=1 -1 -2 -4 5 -5
right_child=2 -3 3 4 -6 -7
leaf_value=-0.00031744221693776032 3.3949684918179968e-05 5.3566967599931068e-06 -0.0017784817645237227 0.00012096987503131306 -2.8495723454851925e-06 -0.00023435444302596529
leaf_weight=300 7773 368 54 368 10532 974
leaf_count=300 7773 368 54 368 10532 974
internal_value=-6.7488e-05 -0.00739227 8.24622e-05 -0.00104542 -0.000839717 -0.00644024
internal_weight=20369 668 19701 11928 11874 1342
internal_count=20369 668 19701 11928 11874 1342
is_linear=0
shrinkage=0.05


Tree=210
num_leaves=7
num_cat=0
split_feature=4 13 24 38 9 51
split_gain=16.5007 14.2729 26.5886 29.6359 54.3161 26.7679
threshold=-1.2314929962158201 -0.015058386139571665 0.01274514338001609 -0.0012530607637017963 -0.05821824632585048 -1.9640128016471861
decision_type=2 2 2 2 2 2
left_child=-1 2 5 -4 -5 -2
right_child=1 -3 3 4 -6 -7
leaf_value=-0.00014597760294223478 -8.9606343542689436e-05 -1.4014596115923071e-05 0.00065772516141132729 0.00058832394222935484 -0.00028945161679973323 7.3257559458298e-05
leaf_weight=338 1616 14547 280 160 260 3047
leaf_count=338 1616 14547 280 160 260 3047
internal_value=-0.000117267 5.39794e-05 0.00225876 0.0113121 0.00276471 0.000883676
internal_weight=20248 19910 5363 700 420 4663
internal_count=20248 19910 5363 700 420 4663
is_linear=0
shrinkage=0.05


Tree=211
num_leaves=7
num_cat=0
split_feature=0 39 42 55 1 27
split_gain=18.5381 28.1086 51.7543 40.8637 35.3415 35.368
threshold=-0.0080709173344075662 0.014838790055364372 0.098813608288764967 59050.550781250007 0.021085378713905815 -0.010540740098804234
decision_type=2 2 2 2 2 2
left_child=1 2 -1 -4 5 -3
right_child=-2 4 3 -5 -6 -7
leaf_value=-5.366324600276896e-06 2.1742449084401901e-05 0.00025663385860064526 -0.00051835353553695716 2.2222166348253919e-05 0.00025704068320096145 -7.9490574833460684e-05
leaf_weight=3150 12866 478 1118 496 790 1324
leaf_count=3150 12866 478 1118 496 790 1324
internal_value=-0.0001718 -0.00180342 -0.00408367 -0.0113496 0.00237774 -0.00148035
internal_weight=20222 7356 4764 1614 2592 1802
internal_count=20222 7356 4764 1614 2592 1802
is_linear=0
shrinkage=0.05


Tree=212
num_leaves=7
num_cat=0
split_feature=15 22 44 41 32 44
split_gain=18.5405 30.7127 30.1809 45.2099 24.7538 22.3809
threshold=0.97499999403953563 0.22500000149011615 0.070740640163421645 0.089950539171695723 0.88059809803962719 0.07339931279420854
decision_type=2 2 2 2 2 2
left_child=-1 5 -3 -4 -5 -2
right_child=1 2 3 4 -6 -7
leaf_value=4.1810533063344102e-07 -0.00015631139507702805 0.00028693886198038554 -0.00039144464992298957 0.00020722839200739484 -0.00032990191542174325 0.0006708062484581767
leaf_weight=19300 85 56 316 238 194 122
leaf_count=19300 85 56 316 238 194 122
internal_value=-0.000136592 -0.00691437 -0.0113412 -0.0140438 -0.00337529 0.0100236
internal_weight=20311 1011 804 748 432 207
internal_count=20311 1011 804 748 432 207
is_linear=0
shrinkage=0.05


Tree=213
num_leaves=7
num_cat=0
split_feature=6 42 42 44 50 22
split_gain=17.7498 29.5455 32.2561 31.5176 29.0424 30.4593
threshold=0.91266551613807689 0.11020858958363534 0.11880034953355791 0.10425433516502382 1.9232535958290102 0.82500001788139354
decision_type=2 2 2 2 2 2
left_child=4 3 -3 -2 -1 -6
right_child=1 2 -4 -5 5 -7
leaf_value=6.5086743853960097e-06 -5.5690621443523354e-05 0.0012122124330742072 7.8657218139299365e-06 -0.00039817479226526912 0.00036097300684728218 -0.00015049336684995682
leaf_weight=17933 1243 78 269 259 346 162
leaf_count=17933 1243 78 269 259 346 162
internal_value=-5.7896e-05 -0.00443635 0.00859375 -0.00748175 0.000695273 0.0124269
internal_weight=20290 1849 347 1502 18441 508
internal_count=20290 1849 347 1502 18441 508
is_linear=0
shrinkage=0.05


Tree=214
num_leaves=7
num_cat=0
split_feature=53 55 36 36 44 54
split_gain=14.1173 22.9496 26.9192 23.7202 20.1658 17.7727
threshold=0.99201837182044994 9.9638743400573748 0.27525654435157781 0.11832726001739503 0.095390073955059065 -1.0000000180025095e-35
decision_type=2 2 2 2 2 2
left_child=-1 -2 3 4 5 -3
right_child=1 2 -4 -5 -6 -7
leaf_value=5.4493346596472519e-06 2.1561868109582177e-05 0.00017883528910705789 -0.000756493766121474 0.0005869469309262138 -0.0005832316344602359 -0.00027721948030199326
leaf_weight=19315 528 71 116 57 96 82
leaf_count=19315 528 71 116 57 96 82
internal_value=-3.82338e-05 -0.0058377 -0.0144614 -0.00635048 -0.0130906 -0.00142405
internal_weight=20265 950 422 306 249 153
internal_count=20265 950 422 306 249 153
is_linear=0
shrinkage=0.05


Tree=215
num_leaves=7
num_cat=0
split_feature=36 45 45 9 32 0
split_gain=12.8972 42.669 47.8965 34.9571 34.9293 41.6095
threshold=-0.76295194029808033 0.07592399045825006 0.089420862495899214 -0.014916202984750269 0.60468149185180675 0.010243393480777742
decision_type=2 2 2 2 2 2
left_child=1 4 -3 -4 5 -1
right_child=-2 2 3 -5 -6 -7
leaf_value=-0.00019391612731025092 6.3842348073573161e-06 -0.00029251757808483657 7.4302349016532791e-05 -0.00031781581202838588 0.00060490602009040991 0.0002091910399478916
leaf_weight=247 17884 706 851 230 140 200
leaf_count=247 17884 706 851 230 140 200
internal_value=-0.000127079 -0.00347835 -0.00732422 -0.000667587 0.00815034 0.0011615
internal_weight=20258 2374 1787 1081 587 447
internal_count=20258 2374 1787 1081 587 447
is_linear=0
shrinkage=0.05


Tree=216
num_leaves=7
num_cat=0
split_feature=44 44 2 41 42 22
split_gain=13.4402 30.7381 46.1438 43.8057 42.2548 37.2651
threshold=0.065542574971914305 0.071599468588829054 0.0064285455737262973 0.068998310714960112 0.074488651007413878 0.12500000372529033
decision_type=2 2 2 2 2 2
left_child=-1 2 4 5 -2 -3
right_child=1 3 -4 -5 -6 -7
leaf_value=-3.8317530253990895e-05 0.00013660023768823318 0.00010416218549961264 -6.9727642328188189e-05 1.9717309171030182e-05 0.00055390643186634374 -0.00018701043157231818
leaf_weight=1968 994 360 548 14808 99 1495
leaf_count=1968 994 360 548 14808 99 1495
internal_value=-0.000122059 0.000604894 0.00712333 -3.7497e-05 0.0130464 -0.00727151
internal_weight=20272 18304 1641 16663 1093 1855
internal_count=20272 18304 1641 16663 1093 1855
is_linear=0
shrinkage=0.05


Tree=217
num_leaves=7
num_cat=0
split_feature=35 51 36 27 18 42
split_gain=16.0994 40.923 35.4508 46.0211 25.2486 23.1462
threshold=0.83205384016036998 0.015996621921658519 0.86825728416442882 0.030491260811686519 0.62500000000000011 0.10119883343577386
decision_type=2 2 2 2 2 2
left_child=2 -2 -1 5 -3 -4
right_child=1 4 3 -5 -6 -7
leaf_value=-1.8297983861471914e-07 -0.00055850817743687312 -0.00026815161510914163 0.00034713266548952156 -0.00038403251840248167 0.0004032514083815421 -0.00012241085871404322
leaf_weight=19544 145 84 261 85 95 58
leaf_count=19544 145 84 261 85 95 58
internal_value=-6.78108e-05 -0.0108663 0.000284418 0.0148533 0.00502717 0.023534
internal_weight=20272 324 19948 404 179 319
internal_count=20272 324 19948 404 179 319
is_linear=0
shrinkage=0.05


Tree=218
num_leaves=7
num_cat=0
split_feature=39 55 53 44 32 48
split_gain=15.9341 56.1334 54.6404 34.6434 46.0939 31.0966
threshold=-0.049111248925328248 8588.2885742187518 0.16225361824035647 0.092669460922479643 0.050493134185671813 -1.0000000180025095e-35
decision_type=2 2 2 2 2 2
left_child=1 -1 3 5 -5 -3
right_child=-2 2 -4 4 -6 -7
leaf_value=-0.00064009740665736713 1.1605348509515987e-06 -0.00022355753430678026 0.0006698006497734459 0.00030095967229481287 -0.00085660364759430722 0.00037658334639293088
leaf_weight=208 19648 68 143 51 113 103
leaf_count=208 19648 68 143 51 113 103
internal_value=-0.000116771 -0.00763386 0.00181159 -0.00919118 -0.0252959 0.00639205
internal_weight=20334 686 478 335 164 171
internal_count=20334 686 478 335 164 171
is_linear=0
shrinkage=0.05


Tree=219
num_leaves=7
num_cat=0
split_feature=4 29 44 2 42 45
split_gain=20.8534 34.8871 33.2747 36.1658 28.3627 44.9193
threshold=-0.1485631242394447 -0.056289790198206895 0.14405981451272967 0.0089037236757576483 0.06594369933009149 0.063325665891170516
decision_type=2 2 2 2 2 2
left_child=2 -2 4 -4 5 -1
right_child=1 -3 3 -5 -6 -7
leaf_value=4.3716912065985385e-05 -0.00045808581212245024 -1.4665928482049526e-05 -0.0010020446914414387 0.00047304667495985154 -3.8281815687905503e-06 0.00030375889067021261
leaf_weight=956 518 10715 59 516 7445 199
leaf_count=956 518 10715 59 516 7445 199
internal_value=-0.000126145 -0.00148825 0.00172386 0.013319 0.000938408 0.00821121
internal_weight=20408 11233 9175 575 8600 1155
internal_count=20408 11233 9175 575 8600 1155
is_linear=0
shrinkage=0.05


Tree=220
num_leaves=7
num_cat=0
split_feature=10 41 47 42 35 12
split_gain=16.259 40.5532 36.5429 23.9569 21.646 21.4062
threshold=0.13677776604890826 0.087766062468290343 0.91433009505271923 0.078168783336877837 0.25969050824642187 0.023571135476231578
decision_type=2 2 2 2 2 2
left_child=5 3 -3 -2 -4 -1
right_child=1 2 4 -5 -6 -7
leaf_value=1.2231139985057188e-05 -0.00023721988277754203 -0.00053942224386421345 0.00061338908965909199 0.00051051447632185229 -8.7620695841237174e-05 -6.1966707017801898e-05
leaf_weight=15692 53 102 112 227 134 3901
leaf_count=15692 53 102 112 227 134 3901
internal_value=-0.000171809 0.00801738 -0.00332861 0.0220175 0.00707171 -0.000123737
internal_weight=20221 628 348 280 246 19593
internal_count=20221 628 348 280 246 19593
is_linear=0
shrinkage=0.05


Tree=221
num_leaves=7
num_cat=0
split_feature=44 17 55 44 41 2
split_gain=15.197 27.3508 30.0748 26.3744 50.2919 46.0549
threshold=0.065542574971914305 0.72499999403953563 460529.65625000006 0.071599468588829054 0.067778032273054137 0.0064285455737262973
decision_type=2 2 2 2 2 2
left_child=1 -1 -3 5 -5 -2
right_child=3 2 -4 4 -6 -7
leaf_value=-5.3775114066326962e-06 0.00016368176705233272 -0.00021692555910286126 9.4306235758248469e-05 -0.00015521386805466685 1.3424188596942576e-05 -7.8257088874617673e-05
leaf_weight=1439 1075 384 128 1602 15178 558
leaf_count=1439 1075 384 128 1602 15178 558
internal_value=-0.000111689 -0.00420501 -0.0140716 0.000430286 -0.000159368 0.00648657
internal_weight=20364 1951 512 18413 16780 1633
internal_count=20364 1951 512 18413 16780 1633
is_linear=0
shrinkage=0.05


Tree=222
num_leaves=7
num_cat=0
split_feature=44 17 35 35 41 35
split_gain=14.3775 27.7144 25.3494 57.4537 36.4132 38.9541
threshold=0.065542574971914305 0.67499998211860668 -0.021039686165750023 0.093689657747745528 0.10208025574684144 0.24088144302368167
decision_type=2 2 2 2 2 2
left_child=1 -1 -2 -4 -5 -6
right_child=2 -3 3 4 5 -7
leaf_value=1.5174011553639598e-06 -2.0578311290273532e-05 -0.00011631526281304197 0.00021882838282497467 4.1935272200499192e-05 0.00020951978816194868 -0.00028989657922166053
leaf_weight=1319 10210 657 1604 4908 519 1036
leaf_count=1319 10210 657 1604 4908 519 1036
internal_value=-0.000206091 -0.00392479 0.000559293 0.00265424 0.000544991 -0.00610577
internal_weight=20253 1976 18277 8067 6463 1555
internal_count=20253 1976 18277 8067 6463 1555
is_linear=0
shrinkage=0.05


Tree=223
num_leaves=7
num_cat=0
split_feature=36 22 44 0 53 15
split_gain=16.0923 41.3943 32.1853 29.86 27.0493 19.0512
threshold=0.82941195368766796 0.22500000149011615 0.087639845907688155 -0.017548572272062298 0.35881887376308447 0.97499999403953563
decision_type=2 2 2 2 2 2
left_child=5 2 -2 -4 -3 -1
right_child=1 4 3 -5 -6 -7
leaf_value=4.2340246995242926e-06 -0.00018526832013484953 0.00026344661087400158 -0.00027055333398563573 0.00057725114756028201 -0.00010897687969687435 -0.00012906792298280267
leaf_weight=18502 278 395 60 132 87 911
leaf_count=18502 278 395 60 132 87 911
internal_value=-0.000150957 0.00655695 -0.00394737 0.0115482 0.0167864 -8.36852e-05
internal_weight=20365 952 470 192 482 19413
internal_count=20365 952 470 192 482 19413
is_linear=0
shrinkage=0.05


Tree=224
num_leaves=7
num_cat=0
split_feature=26 47 12 29 39 13
split_gain=12.8766 41.7883 26.1233 20.2438 20.267 19.7517
threshold=0.12573938071727755 0.87635803222656261 0.060492979362607009 0.056481288745999343 0.0081979082897305506 0.015515234321355821
decision_type=2 2 2 2 2 2
left_child=2 3 -1 4 -2 -4
right_child=1 -3 5 -5 -6 -7
leaf_value=5.0019549342739812e-06 0.00039609235808660774 0.0002086924183575918 -0.00053642316688790601 -0.0011291181683085456 -0.00066793572437022931 -0.00013525931880914059
leaf_weight=18580 67 786 111 53 60 541
leaf_count=18580 67 786 111 53 60 541
internal_value=-0.000117557 0.00584449 -5.58819e-05 -0.0155405 -0.00397727 -0.0098554
internal_weight=20198 966 19232 180 127 652
internal_count=20198 966 19232 180 127 652
is_linear=0
shrinkage=0.05


Tree=225
num_leaves=7
num_cat=0
split_feature=22 52 36 44 52 26
split_gain=16.8607 44.7293 55.4544 51.3051 66.6217 49.5207
threshold=0.17500000447034839 -0.00037593911110889161 -0.30778922140598292 0.062175305560231216 -9.5364681328646825e-05 -0.077311240136623369
decision_type=2 2 2 2 2 2
left_child=1 5 3 4 -3 -1
right_child=-2 2 -4 -5 -6 -7
leaf_value=6.2169959353512464e-05 1.3988956948512432e-05 0.00014364294978333326 -4.8674948452812668e-05 0.00055412397496461317 -0.00029287371473401787 -0.00046537658205430947
leaf_weight=186 17309 191 1895 259 82 379
leaf_count=186 17309 191 1895 259 82 379
internal_value=-9.23372e-05 -0.00322823 -0.00025699 0.0139199 -0.00116906 -0.0158333
internal_weight=20301 2992 2427 532 273 565
internal_count=20301 2992 2427 532 273 565
is_linear=0
shrinkage=0.05


Tree=226
num_leaves=7
num_cat=0
split_feature=39 35 20 32 52 51
split_gain=19.5187 51.1437 30.5485 27.7443 25.3477 22.3919
threshold=-0.049111248925328248 0.17113492637872699 0.22500000149011615 -0.51842582225799549 -0.00027479960408527399 0.033082118257880218
decision_type=2 2 2 2 2 2
left_child=1 3 5 -1 -4 -3
right_child=-2 2 4 -5 -6 -7
leaf_value=0.00020446750994019947 6.4259422641083259e-07 -0.00040416279358573501 -8.973193990625441e-07 -0.0005460782996892635 0.00099004692416779618 0.00081415982875618028
leaf_weight=57 19572 53 61 351 91 53
leaf_count=57 19572 53 61 351 91 53
internal_value=-7.28647e-05 -0.00860656 0.00865019 -0.0195521 0.0227707 -0.0114865
internal_weight=20238 666 258 408 152 106
internal_count=20238 666 258 408 152 106
is_linear=0
shrinkage=0.05


Tree=227
num_leaves=7
num_cat=0
split_feature=54 32 35 51 22 30
split_gain=19.1608 20.6098 20.651 20.8869 26.8129 23.2248
threshold=-1.2074918150901792 -1.0070754885673521 -0.81510189175605763 0.01022249646484852 0.67499998211860668 27.226843833923343
decision_type=2 2 2 2 2 2
left_child=-1 2 -2 4 5 -4
right_child=1 -3 3 -5 -6 -7
leaf_value=-0.00022189086557748906 -0.00030609776431928719 1.3880838683190574e-06 0.00038066208823495795 0.00080475955382708288 0.00051050847388016136 -0.00048876287388190153
leaf_weight=324 96 19372 66 173 204 102
leaf_count=324 96 19372 66 173 204 102
internal_value=-0.000106922 0.000385903 0.00917183 0.0129545 0.00603448 -0.00852601
internal_weight=20337 20013 641 545 372 168
internal_count=20337 20013 641 545 372 168
is_linear=0
shrinkage=0.05


Tree=228
num_leaves=7
num_cat=0
split_feature=26 44 51 2 42 14
split_gain=15.3465 33.3672 50.5696 45.9136 26.8956 27.5558
threshold=0.12573938071727755 0.11595705524086954 0.71275389194488536 0.01129265781491995 0.10408790037035943 0.97499999403953563
decision_type=2 2 2 2 2 2
left_child=-1 2 4 -3 5 -2
right_child=1 3 -4 -5 -6 -7
leaf_value=-9.9290011877022084e-06 0.00038878185244819199 -0.00055868992178054265 -7.9661135405546227e-05 0.000370139887728101 0.0012084318932083496 -0.00031158405330201428
leaf_weight=19264 268 146 263 103 117 93
leaf_count=19264 268 146 263 103 117 93
internal_value=-0.000141912 0.00570352 0.0110255 -0.00994094 0.0206522 0.0134563
internal_weight=20254 990 741 249 478 361
internal_count=20254 990 741 249 478 361
is_linear=0
shrinkage=0.05


Tree=229
num_leaves=7
num_cat=0
split_feature=53 43 41 36 46 21
split_gain=16.2415 37.4068 42.7069 40.8727 35.5424 29.786
threshold=-0.17794221639633176 0.065789401531219496 0.066433291882276549 -0.049511587247252457 0.96510434150695812 0.92499998211860668
decision_type=2 2 2 2 2 2
left_child=4 2 -2 -4 -1 -3
right_child=1 5 3 -5 -6 -7
leaf_value=-4.2298367512841632e-05 2.2203067330227051e-06 -7.7035326789351869e-05 0.00049777487663913279 4.4077677157362955e-06 9.0237809191316801e-05 0.00013521117565535066
leaf_weight=3897 2376 8388 385 284 4003 962
leaf_count=3897 2376 8388 385 284 4003 962
internal_value=-0.000200739 -0.00148589 0.00331967 0.0144288 0.00141366 -0.00305452
internal_weight=20295 12395 3045 669 7900 9350
internal_count=20295 12395 3045 669 7900 9350
is_linear=0
shrinkage=0.05


Tree=230
num_leaves=7
num_cat=0
split_feature=10 45 12 40 36 42
split_gain=16.3188 36.6076 30.8512 40.1914 53.1297 26.5106
threshold=0.018791223876178268 0.052842440083622939 0.023571135476231578 0.095759686082601561 -0.46406365931034083 0.075636420398950591
decision_type=2 2 2 2 2 2
left_child=2 -2 -1 4 5 -4
right_child=1 -3 3 -5 -6 -7
leaf_value=-2.7989143728727561e-06 -0.00024970968767172558 4.0931952403421839e-05 0.00059029386319187896 7.9270069000211569e-05 -0.00042694878228199945 -4.4301357566989799e-05
leaf_weight=12339 153 6672 54 414 594 101
leaf_count=12339 153 6672 54 414 594 101
internal_value=-0.000116811 0.00209736 -0.000901384 -0.00866866 -0.0155504 0.0101563
internal_weight=20327 6825 13502 1163 749 155
internal_count=20327 6825 13502 1163 749 155
is_linear=0
shrinkage=0.05


Tree=231
num_leaves=7
num_cat=0
split_feature=51 51 47 42 44 44
split_gain=15.046 48.986 46.1731 45.7237 67.7159 52.7112
threshold=-0.05881229601800441 -0.043863495811820023 1.0956958532333376 0.10408790037035943 0.11219469457864763 0.11433716118335725
decision_type=2 2 2 2 2 2
left_child=2 -2 3 4 -1 -5
right_child=1 -3 -4 5 -6 -7
leaf_value=-6.5783018022222512e-05 0.00015811404082038228 -4.7330773580342522e-06 8.2158975774540129e-05 -0.00083201176869266997 0.00039425759925360818 -0.00017391126194038215
leaf_weight=3378 1329 12162 1598 328 298 1038
leaf_count=3378 1329 12162 1598 328 298 1038
internal_value=-0.000157678 0.000742813 -0.00216328 -0.00451258 -0.00159603 -0.0123085
internal_weight=20131 13491 6640 5042 3676 1366
internal_count=20131 13491 6640 5042 3676 1366
is_linear=0
shrinkage=0.05


Tree=232
num_leaves=7
num_cat=0
split_feature=58 31 13 26 52 17
split_gain=16.7907 28.8849 25.4352 23.9462 25.2537 23.2546
threshold=0.0001452774595236406 54.339105606079109 0.034052077680826194 0.1444729492068291 0.00052665622206404816 0.97499999403953563
decision_type=2 2 2 2 2 2
left_child=-1 3 -3 4 -2 -4
right_child=1 2 5 -5 -6 -7
leaf_value=-1.1624789031588882e-05 9.5283237639130151e-05 -0.00012280102705998689 0.00038594043524914102 0.00096892468117775171 -0.00045937461563202932 -0.00012836108694396116
leaf_weight=16732 2481 735 113 65 103 89
leaf_count=16732 2481 735 113 65 103 89
internal_value=-9.226e-05 0.0030284 -0.00448514 0.00569894 0.00489571 0.0109903
internal_weight=20318 3586 937 2649 2584 202
internal_count=20318 3586 937 2649 2584 202
is_linear=0
shrinkage=0.05


Tree=233
num_leaves=7
num_cat=0
split_feature=3 42 29 47 55 33
split_gain=13.6703 45.7029 45.9609 42.1378 43.4402 35.5698
threshold=0.012818402145057918 0.15352947264909747 0.069197166711092009 1.2818518877029421 97498.828125000015 0.15403684973716739
decision_type=2 2 2 2 2 2
left_child=1 -1 -3 -2 5 -5
right_child=3 2 -4 4 -6 -7
leaf_value=-6.2589646019879135e-06 -0.00025225829392842153 0.00061718777484693981 -0.00034797726130561681 0.0004139593414106287 -0.0010512622934708406 -0.00015500416670581781
leaf_weight=18010 1005 431 81 388 92 152
leaf_count=18010 1005 431 81 388 92 152
internal_value=-9.79468e-05 -4.04815e-06 0.0146518 -0.00476553 0.00529827 0.0107798
internal_weight=20159 18522 512 1637 632 540
internal_count=20159 18522 512 1637 632 540
is_linear=0
shrinkage=0.05


Tree=234
num_leaves=7
num_cat=0
split_feature=36 45 45 41 42 47
split_gain=15.8667 29.7204 39.4375 36.405 43.925 40.745
threshold=-0.76295194029808033 0.07592399045825006 0.089420862495899214 0.063381329178810134 0.059945335611701019 0.91433009505271923
decision_type=2 2 2 2 2 2
left_child=1 3 -3 4 -1 -5
right_child=-2 2 -4 5 -6 -7
leaf_value=0.00020399659932049928 1.1597018933585295e-05 -0.00027426275337589541 -5.8876778336950472e-06 0.00077436290802984035 -0.00031584901232951153 -1.1856728224331985e-05
leaf_weight=58 17956 700 1027 202 87 260
leaf_count=58 17956 700 1027 202 87 260
internal_value=-7.76053e-05 -0.00353784 -0.0068851 0.0059232 -0.0155 0.0127944
internal_weight=20290 2334 1727 607 145 462
internal_count=20290 2334 1727 607 145 462
is_linear=0
shrinkage=0.05


Tree=235
num_leaves=7
num_cat=0
split_feature=48 41 21 55 55 21
split_gain=24.7312 32.143 40.372 45.1346 39.939 32.8381
threshold=-1.7981454133987425 0.060067715123295791 0.67499998211860668 32745.233398437504 111660.37109375001 0.27500000596046453
decision_type=2 2 2 2 2 2
left_child=1 -1 3 -3 -4 -5
right_child=-2 2 4 5 -6 -7
leaf_value=0.00027171484701137542 -5.6516324802038075e-06 -0.00048303647484012615 0.0004025710955547218 -0.00029642403008238574 -0.00017803512350181771 0.0002580610243956176
leaf_weight=179 18656 357 441 176 158 356
leaf_count=179 18656 357 441 176 158 356
internal_value=-7.74793e-05 0.005936 0.00346618 -0.00327181 0.013452 0.00591248
internal_weight=20323 1667 1488 889 599 532
internal_count=20323 1667 1488 889 599 532
is_linear=0
shrinkage=0.05


Tree=236
num_leaves=7
num_cat=0
split_feature=54 36 43 22 40 27
split_gain=14.7199 36.0657 30.6801 37.3328 32.4913 29.6574
threshold=-0.02112224884331226 0.82941195368766796 0.15683683753013614 0.82500001788139354 0.052953662350773818 -0.01335547538474202
decision_type=2 2 2 2 2 2
left_child=1 2 4 -4 -1 -5
right_child=-2 -3 3 5 -6 -7
leaf_value=8.2148415423603978e-05 1.5309666487070942e-05 0.00015230555639963986 -0.00019928803873034604 0.00061749885769545043 -0.00010806209264702578 -0.00019098658701468993
leaf_weight=552 13565 504 179 270 5081 62
leaf_count=552 13565 504 179 270 5081 62
internal_value=-0.0001422 -0.00183 -0.00289071 0.00876938 -0.00395974 0.0186202
internal_weight=20213 6648 6144 511 5633 332
internal_count=20213 6648 6144 511 5633 332
is_linear=0
shrinkage=0.05


Tree=237
num_leaves=7
num_cat=0
split_feature=44 47 35 51 4 33
split_gain=13.2107 53.0821 32.6893 27.6008 22.401 18.4255
threshold=0.15562175214290622 0.88209944963455211 0.25969050824642187 4.5605227947235116 -0.11061274260282515 -0.20103920996189115
decision_type=2 2 2 2 2 2
left_child=-1 2 3 -2 5 -3
right_child=1 4 -4 -5 -6 -7
leaf_value=-5.1646032248636461e-06 0.0010305430316410282 -0.00030139443213664658 -0.00013371776492949417 -1.9395112223345725e-05 -0.00044649114897937769 0.0002398179091962481
leaf_weight=19735 199 66 92 56 137 116
leaf_count=19735 199 66 92 56 137 116
internal_value=-0.000184995 0.00681818 0.0202415 0.0293269 -0.00779321 0.00360963
internal_weight=20401 666 347 255 319 182
internal_count=20401 666 347 255 319 182
is_linear=0
shrinkage=0.05


Tree=238
num_leaves=7
num_cat=0
split_feature=32 10 47 43 21 55
split_gain=15.349 27.4748 26.5995 22.0012 41.4261 41.9181
threshold=-0.9303341507911681 -0.18792875856161115 0.90147170424461376 0.086397387087345137 0.62500000000000011 97498.828125000015
decision_type=2 2 2 2 2 2
left_child=3 2 -2 -1 -5 -6
right_child=1 -3 -4 4 5 -7
leaf_value=0.00034201790534956172 0.00071510444555898103 -1.8919381675431766e-07 -0.00068913073039972598 -0.00033526285522432529 0.0006295791105337021 -0.00041044657769448477
leaf_weight=263 53 18934 210 258 336 142
leaf_count=263 53 18934 210 258 336 142
internal_value=-0.000117568 -0.00024086 -0.0161381 0.0061006 0.0015857 0.0103002
internal_weight=20196 19197 263 999 736 478
internal_count=20196 19197 263 999 736 478
is_linear=0
shrinkage=0.05


Tree=239
num_leaves=7
num_cat=0
split_feature=44 44 41 40 22 44
split_gain=13.4402 28.4474 41.1101 39.996 33.6211 41.9485
threshold=0.065542574971914305 0.071599468588829054 0.067778032273054137 0.042378956452012069 0.12500000372529033 0.077402021735906615
decision_type=2 2 2 2 2 2
left_child=-1 3 4 -2 -3 -6
right_child=1 2 -4 -5 5 -7
leaf_value=-3.8542582666936805e-05 0.00031738922885152492 0.00010227400229840159 4.4094282766790182e-06 4.7883786270262029e-05 -8.6842142858732391e-06 -0.00039741274344690341
leaf_weight=1955 167 328 15102 1482 494 751
leaf_count=1955 167 328 15102 1482 494 751
internal_value=-0.000136807 0.000107753 -0.000511091 0.00636336 -0.00819075 -0.01194
internal_weight=20279 18324 16675 1649 1573 1245
internal_count=20279 18324 16675 1649 1573 1245
is_linear=0
shrinkage=0.05


Tree=240
num_leaves=7
num_cat=0
split_feature=6 44 48 52 35 46
split_gain=15.2306 41.0741 31.0444 32.228 41.9111 31.5437
threshold=0.15729817003011706 0.13022792339324954 -0.66970542073249806 -0.0001190747643704526 0.074290368705987944 0.8644639551639558
decision_type=2 2 2 2 2 2
left_child=1 2 5 -4 -5 -1
right_child=-2 -3 3 4 -6 -7
leaf_value=0.00030827667177977754 -6.698529972504067e-06 0.00033936856164000858 -0.00038609018086438544 0.00012714268044578805 -0.00052675624937190948 1.9553907944251444e-05
leaf_weight=442 16010 561 402 245 173 2459
leaf_count=442 16010 561 402 245 173 2459
internal_value=-0.000117012 0.00286331 0.000946055 -0.00760606 0.00206856 0.00338094
internal_weight=20292 4282 3721 820 418 2901
internal_count=20292 4282 3721 820 418 2901
is_linear=0
shrinkage=0.05


Tree=241
num_leaves=7
num_cat=0
split_feature=27 35 2 50 43 3
split_gain=10.4306 28.5442 40.5585 37.5515 27.7734 28.8343
threshold=0.021525324322283271 -0.45787975192070002 0.0071223666891455659 1.253674387931824 0.080587159842252745 0.012509107124060394
decision_type=2 2 2 2 2 2
left_child=-1 2 -2 -4 -3 -6
right_child=1 4 3 -5 5 -7
leaf_value=-6.5375450380993788e-06 0.00098680426564124357 -8.0946362507909738e-05 0.00026522035423336306 -0.00010713532481482647 0.00011112494791111041 -0.00022647334399985054
leaf_weight=15753 118 1260 409 322 2111 349
leaf_count=15753 118 1260 409 322 2111 349
internal_value=-8.73223e-05 0.00232291 0.0105679 0.00601223 0.000422819 0.00351927
internal_weight=20322 4569 849 731 3720 2460
internal_count=20322 4569 849 731 3720 2460
is_linear=0
shrinkage=0.05


Tree=242
num_leaves=7
num_cat=0
split_feature=38 50 23 2 39 35
split_gain=16.8105 43.2776 39.2317 39.784 29.4984 45.1009
threshold=0.0047274956014007339 1.9232535958290102 0.012835188303142788 0.0040498867165297278 0.017648831009864811 0.28570356965065008
decision_type=2 2 2 2 2 2
left_child=4 2 3 -2 -1 -6
right_child=1 -3 -4 -5 5 -7
leaf_value=6.0798877981951827e-06 -0.00031477212247477815 0.00023896321739844416 -0.00018710300176230204 -1.9999498947436734e-06 0.00022696047071931876 -0.00013833992790539449
leaf_weight=9967 120 489 1392 6657 1435 333
leaf_count=9967 120 489 1392 6657 1435 333
internal_value=-7.2311e-05 -0.00135923 -0.00222963 -0.000652462 0.00154387 0.00748731
internal_weight=20393 8658 8169 6777 11735 1768
internal_count=20393 8658 8169 6777 11735 1768
is_linear=0
shrinkage=0.05


Tree=243
num_leaves=7
num_cat=0
split_feature=4 12 55 1 44 3
split_gain=12.9032 13.0392 33.0194 42.0483 40.9872 48.5701
threshold=-1.2314929962158201 0.023571135476231578 93657.011718750015 -0.014256585855036972 0.12697502970695498 0.010223016608506443
decision_type=2 2 2 2 2 2
left_child=-1 -2 4 -4 -3 -6
right_child=1 2 3 -5 5 -7
leaf_value=-0.00015071663909933529 8.8208275739901174e-06 4.1048404544531247e-05 -0.00046067622175816026 -1.4186351271695429e-05 -0.00084876268724344605 -6.6647557814558935e-05
leaf_weight=347 15434 2964 447 562 135 429
leaf_count=347 15434 2964 447 562 135 429
internal_value=-0.000156227 -7.13356e-05 -0.00242734 -0.0103797 -0.000134447 -0.0124341
internal_weight=20318 19971 4537 1009 3528 564
internal_count=20318 19971 4537 1009 3528 564
is_linear=0
shrinkage=0.05


Tree=244
num_leaves=7
num_cat=0
split_feature=34 18 3 2 27 39
split_gain=12.1019 15.5322 22.9942 18.4773 15.2605 39.1497
threshold=0.79666468501091015 0.62500000000000011 0.010729794856160881 0.010291813872754576 0.021525324322283271 -0.049111248925328248
decision_type=2 2 2 2 2 2
left_child=4 -2 3 -3 -1 -6
right_child=1 2 -4 -5 5 -7
leaf_value=-4.7527623386748371e-06 -0.00045116251347264159 -2.2603667863673124e-05 -0.00031473351062570316 0.00050792541489716838 -0.00048176605540734457 7.293822749294813e-05
leaf_weight=15615 96 405 107 56 203 3800
leaf_count=15615 96 405 107 56 203 3800
internal_value=-0.000112141 -0.00639013 -0.00309773 0.00177039 0.000447179 0.00319985
internal_weight=20282 664 568 461 19618 4003
internal_count=20282 664 568 461 19618 4003
is_linear=0
shrinkage=0.05


Tree=245
num_leaves=7
num_cat=0
split_feature=53 55 9 41 36 6
split_gain=14.1752 40.8011 45.4911 41.28 45.1911 24.2528
threshold=-0.38827444612979883 59050.550781250007 -0.0098393782973289472 0.1429390832781792 0.48116096854209905 0.60617235302925121
decision_type=2 2 2 2 2 2
left_child=1 -1 3 4 -3 -6
right_child=-2 2 -4 -5 5 -7
leaf_value=-9.4846772623816264e-06 -1.6387445915577379e-05 0.00055313398747836202 -8.6595426138742816e-05 -0.00084311431848024853 0.00039423495268308046 -0.00010763124361737108
leaf_weight=3939 15254 441 266 78 79 164
leaf_count=3939 15254 441 266 78 79 164
internal_value=-8.77583e-05 0.0018755 0.0107212 0.0169166 0.0208636 0.00332661
internal_weight=20221 4967 1028 762 684 243
internal_count=20221 4967 1028 762 684 243
is_linear=0
shrinkage=0.05


Tree=246
num_leaves=7
num_cat=0
split_feature=24 42 55 45 53 10
split_gain=14.9512 19.3257 22.1083 19.0228 24.3677 14.8006
threshold=0.099303863942623152 0.097755819559097304 16975.004882812504 0.13047692924737933 0.5131225883960725 0.13677776604890826
decision_type=2 2 2 2 2 2
left_child=5 2 -2 4 -3 -1
right_child=1 3 -4 -5 -6 -7
leaf_value=1.2748948254863448e-06 0.00035901782209975768 -0.00055202934630467861 -0.000176088789898766 3.749934224741582e-05 0.00016263491258093401 0.00018571361500347033
leaf_weight=19199 82 253 83 172 68 470
leaf_count=19199 82 253 83 172 68 470
internal_value=-0.000215178 -0.00735294 0.00720588 -0.0122992 -0.0194018 0.000280827
internal_weight=20327 658 165 493 321 19669
internal_count=20327 658 165 493 321 19669
is_linear=0
shrinkage=0.05


Tree=247
num_leaves=7
num_cat=0
split_feature=47 23 42 42 55 36
split_gain=12.1364 37.2437 34.2406 59.2239 65.2955 52.2659
threshold=1.0733523368835451 0.0037270097527652983 0.12680058926343921 0.10408790037035943 8588.2885742187518 -0.28669075667858118
decision_type=2 2 2 2 2 2
left_child=2 -2 3 -1 -5 -6
right_child=1 -3 -4 4 5 -7
leaf_value=-3.4252422780830822e-06 0.00010720016094933841 -5.0659274068743656e-05 0.00019769643012064743 -0.00053610506721430687 -0.0003804445636356726 0.00022318747260378224
leaf_weight=11599 3067 2150 1644 795 424 636
leaf_count=11599 3067 2150 1644 795 424 636
internal_value=-0.000151329 0.00216871 -0.000627359 -0.00146185 -0.00974462 -0.00157277
internal_weight=20315 5217 15098 13454 1855 1060
internal_count=20315 5217 15098 13454 1855 1060
is_linear=0
shrinkage=0.05


Tree=248
num_leaves=7
num_cat=0
split_feature=46 21 27 23 45 55
split_gain=13.1244 68.5754 44.0753 25.9605 24.7956 24.3865
threshold=1.2434928417205813 0.77500000596046459 0.032926511019468314 0.010026976466178896 0.085163556039333357 25607.137695312504
decision_type=2 2 2 2 2 2
left_child=-1 2 3 5 -3 -2
right_child=1 4 -4 -5 -6 -7
leaf_value=6.8062804790187757e-06 -4.3244084131722999e-05 0.0007454008784996926 0.00045463287374232839 -0.0010251768114752397 6.728391983380358e-05 -0.00040777819830644746
leaf_weight=18943 229 52 86 108 610 223
leaf_count=18943 229 52 86 108 610 223
internal_value=-0.000220922 -0.00470297 -0.0162442 -0.0213717 0.00655922 -0.0157002
internal_weight=20251 1308 646 560 662 452
internal_count=20251 1308 646 560 662 452
is_linear=0
shrinkage=0.05


Tree=249
num_leaves=7
num_cat=0
split_feature=51 47 42 55 39 38
split_gain=11.8583 40.5483 59.2404 48.2486 59.3791 58.7011
threshold=-0.076798260211944566 1.0851030945777895 0.099904328584671034 49836.833984375007 -0.013720045797526835 -0.0076962367165833703
decision_type=2 2 2 2 2 2
left_child=1 2 3 -1 5 -5
right_child=-2 -3 -4 4 -6 -7
leaf_value=6.2263643304824256e-05 8.936972038387209e-06 9.9049484016830935e-05 -0.00038085840239584779 -0.00057789681108787422 -0.00036462722615805508 0.00085786073269102092
leaf_weight=2008 14964 1516 1203 52 483 93
leaf_count=2008 14964 1516 1203 52 483 93
internal_value=-0.00017098 -0.0021875 -0.00492326 -0.000709958 -0.0127567 0.0148333
internal_weight=20319 5355 3839 2636 628 145
internal_count=20319 5355 3839 2636 628 145
is_linear=0
shrinkage=0.05


Tree=250
num_leaves=7
num_cat=0
split_feature=35 38 43 0 9 51
split_gain=13.9785 34.0891 46.8842 38.0503 49.1735 44.1846
threshold=-0.11557146906852721 0.0012602119822986426 0.042135829105973251 0.062522154301404967 -0.063792251050472246 -0.062135998159646981
decision_type=2 2 2 2 2 2
left_child=-1 -2 -3 4 -4 -6
right_child=1 2 3 -5 5 -7
leaf_value=-2.1888906661631004e-05 7.2581512652688518e-05 -0.00034026519586843689 0.00038666506402616253 -0.00048481730117551933 -0.00020617734183478142 1.5522119196607969e-05
leaf_weight=9029 5444 148 442 269 840 4037
leaf_count=9029 5444 148 442 269 840 4037
internal_value=-5.3181e-05 0.00140143 -0.00128462 -0.000531915 0.000399136 -0.00104977
internal_weight=20209 11180 5736 5588 5319 4877
internal_count=20209 11180 5736 5588 5319 4877
is_linear=0
shrinkage=0.05


Tree=251
num_leaves=7
num_cat=0
split_feature=36 45 45 22 45 10
split_gain=13.4661 33.027 39.9002 31.5033 53.1848 29.3961
threshold=-0.76295194029808033 0.07592399045825006 0.089420862495899214 0.82500001788139354 0.10459265485405923 -0.072034962475299821
decision_type=2 2 2 2 2 2
left_child=1 5 -3 -4 -5 -1
right_child=-2 2 3 4 -6 -7
leaf_value=-0.00026716440371954436 8.457779457772107e-06 -0.0002720091822758282 8.1405054963106953e-05 0.00023686160506445299 -0.00077539454620768585 0.00015654960128815441
leaf_weight=54 18036 701 791 107 152 533
leaf_count=54 18036 701 791 107 152 533
internal_value=-7.23784e-05 -0.00340376 -0.00684795 -0.00063981 -0.015625 0.00679899
internal_weight=20374 2338 1751 1050 259 587
internal_count=20374 2338 1751 1050 259 587
is_linear=0
shrinkage=0.05


Tree=252
num_leaves=7
num_cat=0
split_feature=13 10 55 0 44 31
split_gain=14.7592 37.3187 62.2055 30.4454 34.7606 29.9009
threshold=-0.01394048100337386 0.043825421482324607 79623.476562500015 0.012946495786309244 0.13022792339324954 38.416084289550788
decision_type=2 2 2 2 2 2
left_child=1 3 -3 -1 -5 -2
right_child=5 2 -4 4 -6 -7
leaf_value=-9.4245070536374908e-05 -0.0010351224245641704 3.3436740563482448e-05 0.00048537729681933533 1.1675029133934295e-05 0.00036356577571881903 -1.4279978768644129e-05
leaf_weight=1884 66 707 321 2514 509 14311
leaf_count=1884 66 707 321 2514 509 14311
internal_value=-0.000111975 0.00188973 0.0105276 6.61645e-05 0.00317867 -0.00107252
internal_weight=20312 5935 1028 4907 3023 14377
internal_count=20312 5935 1028 4907 3023 14377
is_linear=0
shrinkage=0.05


Tree=253
num_leaves=7
num_cat=0
split_feature=53 53 25 2 55 0
split_gain=14.9518 33.1998 49.5514 29.1253 48.8346 49.0671
threshold=-0.17794221639633176 -0.089328002184629426 0.008461825083941223 0.0065493669826537379 121751.89062500001 -0.042402597144246094
decision_type=2 2 2 2 2 2
left_child=-1 2 -2 -3 -5 -6
right_child=1 3 -4 4 5 -7
leaf_value=2.6699818136844594e-05 -0.00033600104028877302 4.7525877803994155e-05 7.8427387310539976e-05 6.7576919014335302e-07 0.00040067858032785799 -0.00023639978640252894
leaf_weight=7904 711 3111 305 6442 139 1722
leaf_count=7904 711 3111 305 6442 139 1722
internal_value=-0.000185604 -0.00122839 -0.00986778 -0.000453192 -0.00200108 -0.00912379
internal_weight=20334 12430 1016 11414 8303 1861
internal_count=20334 12430 1016 11414 8303 1861
is_linear=0
shrinkage=0.05


Tree=254
num_leaves=7
num_cat=0
split_feature=6 25 31 45 10 22
split_gain=17.0691 30.1814 30.5914 24.9057 39.2843 24.2556
threshold=0.14372611790895465 -0.039381008595228188 41.170818328857429 0.13519255071878436 -0.16499559581279752 0.62500000000000011
decision_type=2 2 2 2 2 2
left_child=1 2 5 4 -3 -1
right_child=-2 3 -4 -5 -6 -7
leaf_value=-0.00017626500935436547 -1.2867849632512046e-05 -0.0012555994442622141 -0.0004061428109091222 0.00039129626240863894 6.5578544767608019e-05 0.00021522523770586469
leaf_weight=242 16389 54 292 375 2674 293
leaf_count=242 16389 54 292 375 2674 293
internal_value=-0.00017098 0.00289072 -0.00555889 0.00515605 0.00346689 0.00152778
internal_weight=20319 3930 827 3103 2728 535
internal_count=20319 3930 827 3103 2728 535
is_linear=0
shrinkage=0.05


Tree=255
num_leaves=7
num_cat=0
split_feature=40 35 0 42 39 34
split_gain=11.7051 35.3373 29.3298 36.7932 34.92 39.8879
threshold=0.12325851619243623 0.11272479966282846 0.085878014564514174 0.12680058926343921 0.0075945234857499608 0.29808257520198828
decision_type=2 2 2 2 2 2
left_child=2 -2 3 -1 5 -5
right_child=1 -3 -4 4 -6 -7
leaf_value=-3.9595650903774798e-06 2.0095433929766606e-06 -0.0003997576231547254 -0.00056534618801838937 0.00017159511693407332 0.00040483978298753304 -0.0005014580086665398
leaf_weight=16174 1710 561 171 655 841 134
leaf_count=16174 1710 561 171 655 841 134
internal_value=-0.000176534 -0.00352592 0.000279477 0.000481498 0.00762997 3.14861e-05
internal_weight=20246 2271 17975 17804 1630 789
internal_count=20246 2271 17975 17804 1630 789
is_linear=0
shrinkage=0.05


Tree=256
num_leaves=7
num_cat=0
split_feature=33 38 1 39 21 43
split_gain=13.2036 24.4533 45.0935 51.4433 37.3793 40.1981
threshold=-0.091925855726003633 -0.0019272079807706175 0.0071258572861552247 -0.010307558346539734 0.37500000000000006 0.042135829105973251
decision_type=2 2 2 2 2 2
left_child=-1 -2 4 -4 5 -3
right_child=1 2 3 -5 -6 -7
leaf_value=2.3543399054665615e-05 2.2788653926186512e-05 -0.00046733461961742813 -0.00035401240229710157 5.2442753324074071e-05 -0.00020699306585110827 9.6264702316377796e-06
leaf_weight=7942 5209 82 379 3046 2133 1529
leaf_count=7942 5209 82 379 3046 2133 1529
internal_value=-0.000116851 -0.00121739 -0.00311193 0.0010277 -0.00690184 -0.00112933
internal_weight=20320 12378 7169 3425 3744 1611
internal_count=20320 12378 7169 3425 3744 1611
is_linear=0
shrinkage=0.05


Tree=257
num_leaves=7
num_cat=0
split_feature=54 39 55 35 42 39
split_gain=14.4953 13.7502 59.2969 39.6066 24.6616 18.6103
threshold=-1.2074918150901792 -0.049111248925328248 8588.2885742187518 0.17113492637872699 0.071149747818708434 -0.027347815223038193
decision_type=2 2 2 2 2 2
left_child=-1 2 -2 -4 -5 -3
right_child=1 5 3 4 -6 -7
leaf_value=-0.00020842520467177352 -0.00059968497159147574 8.7005938885453322e-05 -0.00014438295407259136 -7.9860753273248733e-05 0.00087691685986099202 -1.3361708876570002e-08
leaf_weight=351 192 1975 291 51 129 17355
leaf_count=351 192 1975 291 51 129 17355
internal_value=-8.72279e-05 0.000276278 -0.00677395 0.00278361 0.0209459 0.000521076
internal_weight=20344 19993 663 471 180 19330
internal_count=20344 19993 663 471 180 19330
is_linear=0
shrinkage=0.05


Tree=258
num_leaves=7
num_cat=0
split_feature=44 3 41 22 26 51
split_gain=12.7507 31.2545 41.7505 25.8501 40.4242 23.1407
threshold=0.065542574971914305 0.0064781971741467723 0.064887817949056639 0.075000001117587103 -0.040050564333796494 0.0049339241813868293
decision_type=2 2 2 2 2 2
left_child=1 2 3 -1 -5 -6
right_child=-2 -3 -4 4 5 -7
leaf_value=1.8709204090187221e-05 5.1280595490578521e-06 -0.00069001951378572723 0.00029630947568105685 0.00022624719481785968 -0.00027769881842402083 -5.3129201694211448e-05
leaf_weight=724 18301 149 90 108 333 562
leaf_count=724 18301 149 90 108 333 562
internal_value=-0.000146754 -0.00384323 -0.00198957 -0.00376732 -0.00895337 -0.0124722
internal_weight=20267 1966 1817 1727 1003 895
internal_count=20267 1966 1817 1727 1003 895
is_linear=0
shrinkage=0.05


Tree=259
num_leaves=7
num_cat=0
split_feature=54 36 1 6 26 35
split_gain=16.499 26.3629 27.2606 23.7985 31.2858 30.253
threshold=-0.02112224884331226 0.60929808020591747 0.069169856607913985 0.5735512673854829 0.031929394230246551 0.24088144302368167
decision_type=2 2 2 2 2 2
left_child=1 3 -3 4 5 -1
right_child=-2 2 -4 -5 -6 -7
leaf_value=-2.9346139583616797e-05 1.3053465467559047e-05 0.0001025531147457316 -0.00069095358434972639 -0.0002282267015898878 0.00023468263179105475 -0.00020411582908421889
leaf_weight=3124 13665 1369 100 992 394 634
leaf_count=3124 13665 1369 100 992 394 634
internal_value=-8.25815e-05 -0.00207389 0.00381615 -0.00376287 -0.00208684 -0.0035012
internal_weight=20278 6613 1469 5144 4152 3758
internal_count=20278 6613 1469 5144 4152 3758
is_linear=0
shrinkage=0.05


Tree=260
num_leaves=7
num_cat=0
split_feature=53 46 55 2 41 8
split_gain=12.2696 37.3931 28.6846 42.6692 28.9316 26.3848
threshold=-0.17794221639633176 0.96510434150695812 93657.011718750015 0.0060466930735856303 0.12850306183099749 0.72430789470672619
decision_type=2 2 2 2 2 2
left_child=1 -1 -3 -4 -5 -2
right_child=5 2 3 4 -6 -7
leaf_value=-3.123926130608833e-05 -3.6019629353503931e-05 6.626083974721761e-05 -0.00030467952823695296 0.00052814831496802018 -0.00073728642844947878 4.6060701147789354e-05
leaf_weight=3899 8597 3606 54 357 55 3824
leaf_count=3899 8597 3606 54 357 55 3824
internal_value=-6.25092e-05 0.00174586 0.00509566 0.0167197 0.0222422 -0.000766538
internal_weight=20392 7971 4072 466 412 12421
internal_count=20392 7971 4072 466 412 12421
is_linear=0
shrinkage=0.05


Tree=261
num_leaves=7
num_cat=0
split_feature=27 31 26 55 55 53
split_gain=21.6637 56.0072 24.7222 60.4096 23.0039 29.5096
threshold=-0.025373187847435471 38.416084289550788 1.0000000180025095e-35 73127.082031250015 580366.15625000012 -0.20255853980779645
decision_type=2 2 2 2 2 2
left_child=2 -2 4 -4 -1 -6
right_child=1 -3 3 -5 5 -7
leaf_value=3.3751317062346046e-05 -0.00053433822631260503 -8.1491912323108884e-06 3.3972674396140233e-06 0.00045129443734347283 -0.00010277175709814224 -0.0012071286561572715
leaf_weight=3405 176 15181 785 479 199 74
leaf_count=3405 176 15181 785 479 199 74
internal_value=-0.000176074 -0.000939005 0.00286537 0.00888495 0.000780614 -0.0130396
internal_weight=20299 15357 4942 1264 3678 273
internal_count=20299 15357 4942 1264 3678 273
is_linear=0
shrinkage=0.05


Tree=262
num_leaves=7
num_cat=0
split_feature=4 4 50 9 42 55
split_gain=13.2633 15.0501 32.0444 32.1995 28.7156 28.0239
threshold=-1.2314929962158201 0.25287492573261267 1.0692772269248965 -0.036917686462402337 0.093496512621641173 64330.496093750007
decision_type=2 2 2 2 2 2
left_child=-1 2 3 -2 -4 -6
right_child=1 -3 4 -5 5 -7
leaf_value=-0.00014448981091444427 5.8990298717254819e-05 -2.4691848227618076e-05 0.00031726842597140713 -3.1806559079413312e-05 -9.1453061733345913e-05 0.0003719206560439006
leaf_weight=344 5703 7628 517 5478 501 128
leaf_count=344 5703 7628 517 5478 501 128
internal_value=-0.000131747 0.000161573 0.0012427 0.000422403 0.00918766 0.00193218
internal_weight=20299 19955 12327 11181 1146 629
internal_count=20299 19955 12327 11181 1146 629
is_linear=0
shrinkage=0.05


Tree=263
num_leaves=7
num_cat=0
split_feature=9 6 31 22 36 51
split_gain=15.5601 38.7714 32.1023 28.4165 38.0994 33.4093
threshold=-0.038119325414299958 0.62319767475128185 39.980211257934577 0.82500001788139354 0.53037649393081676 -0.024095966480672356
decision_type=2 2 2 2 2 2
left_child=1 -1 -2 -4 5 -5
right_child=2 -3 3 4 -6 -7
leaf_value=5.6295295469167039e-05 -0.0004420942764288191 -0.00046465775089452456 3.5848033108219077e-06 1.459837827088176e-05 0.00049389244737487218 -0.00026573937009385869
leaf_weight=6633 117 183 11408 620 142 1169
leaf_count=6633 117 183 11408 620 142 1169
internal_value=-7.27425e-05 0.00203416 -0.000897036 -0.000661346 -0.00626291 -0.00826366
internal_weight=20272 6816 13456 13339 1931 1789
internal_count=20272 6816 13456 13339 1931 1789
is_linear=0
shrinkage=0.05


Tree=264
num_leaves=7
num_cat=0
split_feature=43 19 48 35 41 52
split_gain=16.7551 32.5322 43.3971 22.944 22.3284 17.4058
threshold=0.052085973322391517 0.17500000447034839 1.0231081247329714 0.093689657747745528 0.047576759010553367 -0.0001190747643704526
decision_type=2 2 2 2 2 2
left_child=1 4 -3 5 -1 -4
right_child=-2 2 3 -5 -6 -7
leaf_value=0.00022506053649763697 -2.2159303817187759e-06 -0.00013827378186857998 0.00059106012230473928 -0.00010145945894436224 -6.2642623803214895e-05 0.00017973017285379439
leaf_weight=98 18833 924 59 73 97 74
leaf_count=98 18833 924 59 73 97 74
internal_value=-0.00011283 -0.00595865 -0.00922907 0.0112559 0.012625 0.0233696
internal_weight=20158 1325 1130 206 195 133
internal_count=20158 1325 1130 206 195 133
is_linear=0
shrinkage=0.05


Tree=265
num_leaves=7
num_cat=0
split_feature=36 45 51 36 41 47
split_gain=14.5804 29.9228 31.0906 29.5863 28.852 42.4527
threshold=-0.76295194029808033 0.07592399045825006 -0.076798260211944566 -0.93727743625640858 0.063381329178810134 0.91433009505271923
decision_type=2 2 2 2 2 2
left_child=1 4 -3 -4 -1 -6
right_child=-2 2 3 -5 5 -7
leaf_value=-0.00014424002527568821 2.8047650528224399e-06 -0.00035086209795516955 0.00045122320565819506 -0.00012000891138457154 0.00070613337363250163 -1.3723781339831672e-05
leaf_weight=128 17868 233 155 1355 197 270
leaf_count=128 17868 233 155 1355 197 270
internal_value=-0.000112562 -0.00391592 -0.00722254 -0.00453795 0.00570833 0.0114936
internal_weight=20206 2338 1743 1510 595 467
internal_count=20206 2338 1743 1510 595 467
is_linear=0
shrinkage=0.05


Tree=266
num_leaves=7
num_cat=0
split_feature=5 12 41 44 22 42
split_gain=16.6293 14.5332 20.7496 26.5042 26.257 22.3311
threshold=0.79666468501091015 0.025886405259370807 0.072026971727609648 0.096084367483854308 0.32500000298023229 0.10119883343577386
decision_type=2 2 2 2 2 2
left_child=-1 -2 -3 4 -4 -5
right_child=1 2 3 5 -6 -7
leaf_value=5.6492400455890542e-06 0.00041257108057541567 -0.00023334790373107672 0.00049217184763060786 -0.00069916525214556123 -0.00019104708544622555 -7.9281705918001844e-05
leaf_weight=19709 66 116 138 82 110 141
leaf_count=19709 66 116 138 82 110 141
internal_value=-0.00010188 -0.00763678 -0.0101774 -0.00530462 0.00583004 -0.0176535
internal_weight=20362 653 587 471 248 223
internal_count=20362 653 587 471 248 223
is_linear=0
shrinkage=0.05


Tree=267
num_leaves=7
num_cat=0
split_feature=24 53 10 55 42 1
split_gain=17.8141 20.8507 14.926 27.5337 33.9058 22.3755
threshold=0.11849110573530199 0.12623193860054019 0.13677776604890826 19032.953125000004 0.097755819559097304 -0.030146092176437374
decision_type=2 2 2 2 2 2
left_child=2 -2 -1 4 -4 -5
right_child=1 -3 3 5 -6 -7
leaf_value=-2.2974493008933198e-06 6.5784427103487457e-05 -0.00038478894041589045 0.0002455467361332915 0.00087112602366325143 -0.00027109170439224082 0.00011735025313581402
leaf_weight=19534 145 176 132 124 144 140
leaf_count=19534 145 176 132 124 144 140
internal_value=-8.21078e-05 -0.0117331 4.85582e-05 0.00821101 -0.00275801 0.0196097
internal_weight=20395 321 20074 540 276 264
internal_count=20395 321 20074 540 276 264
is_linear=0
shrinkage=0.05


Tree=268
num_leaves=7
num_cat=0
split_feature=6 50 53 50 15 38
split_gain=12.393 23.1057 21.8379 20.3447 20.1862 17.7374
threshold=0.97413763403892528 1.9232535958290102 -0.85924157500267018 0.43876391649246221 0.52500000596046459 0.013933418318629267
decision_type=2 2 2 2 2 2
left_child=1 -1 -3 -2 -4 -6
right_child=3 2 4 -5 5 -7
leaf_value=1.6290165503722186e-06 0.00025464454303704821 -0.00046019385014161093 0.0006632996655439547 -0.00012977724261890015 -1.1768302254796737e-05 0.00042091337836079883
leaf_weight=18649 132 52 203 773 329 147
leaf_count=18649 132 52 203 773 329 147
internal_value=-7.76244e-05 0.000447511 0.00913723 -0.00552198 0.0115863 0.00576923
internal_weight=20285 19380 731 905 679 476
internal_count=20285 19380 731 905 679 476
is_linear=0
shrinkage=0.05


Tree=269
num_leaves=7
num_cat=0
split_feature=47 35 46 40 47 42
split_gain=15.8898 33.9034 35.2564 33.319 41.2654 36.7035
threshold=1.0733523368835451 -0.79896947741508473 1.0399020910263064 0.12805615365505221 1.126823961734772 0.074488651007413878
decision_type=2 2 2 2 2 2
left_child=-1 2 -2 5 -5 -3
right_child=1 3 -4 4 -6 -7
leaf_value=-1.0418012847281364e-05 -0.00057071877398709556 -4.556019761760772e-05 0.00016254335974854564 -0.00071036126362469332 -8.4385316930965612e-06 0.0001619102403694727
leaf_weight=15033 157 597 73 128 1182 3117
leaf_count=15033 157 597 73 128 1182 3117
internal_value=-8.74729e-05 0.00248621 -0.0160638 0.00335554 -0.00347909 0.0057744
internal_weight=20287 5254 230 5024 1310 3714
internal_count=20287 5254 230 5024 1310 3714
is_linear=0
shrinkage=0.05


Tree=270
num_leaves=7
num_cat=0
split_feature=51 47 42 44 32 55
split_gain=14.1373 39.1093 29.5501 80.3199 46.6259 42.8809
threshold=-0.14156451821327207 1.0083326101303103 0.094666030257940306 0.1196078769862652 -0.60457259416580189 5.0615632534027108
decision_type=2 2 2 2 2 2
left_child=1 2 4 -4 -1 -6
right_child=-2 -3 3 -5 5 -7
leaf_value=0.00038245097569316764 1.3475579303683788e-05 6.3142668363507225e-05 -0.00072325176280258353 2.2561251467424293e-06 0.0001943756348999968 -0.00037813735223859795
leaf_weight=220 16234 1956 479 541 213 625
leaf_count=220 16234 1956 479 541 213 625
internal_value=-5.79589e-05 -0.00232112 -0.00709313 -0.0131463 -0.00119944 -0.00661329
internal_weight=20268 4034 2078 1020 1058 838
internal_count=20268 4034 2078 1020 1058 838
is_linear=0
shrinkage=0.05


Tree=271
num_leaves=7
num_cat=0
split_feature=51 38 47 40 22 2
split_gain=11.9912 29.9713 30.2834 34.7513 26.3008 72.6207
threshold=-0.076798260211944566 0.01869897730648518 1.0851030945777895 0.14785471558570865 0.77500000596046459 0.0063127069734036931
decision_type=2 2 2 2 2 2
left_child=1 4 -3 -4 -1 -6
right_child=-2 2 3 -5 5 -7
leaf_value=-6.4490137835015578e-05 8.913081181295809e-06 -0.0003564947453323585 0.00028552164913869251 -0.0011194097934071839 -0.0010611998450785285 0.00014040318729762215
leaf_weight=2788 14987 586 179 50 86 1704
leaf_count=2788 14987 586 179 50 86 1704
internal_value=-0.000141035 -0.00207947 -0.0108841 0.00438034 -0.0004964 0.00422006
internal_weight=20380 5393 815 229 4578 1790
internal_count=20380 5393 815 229 4578 1790
is_linear=0
shrinkage=0.05


Tree=272
num_leaves=7
num_cat=0
split_feature=24 26 22 27 47 47
split_gain=16.4518 14.3845 36.2326 34.6478 35.2624 21.656
threshold=0.11849110573530199 0.12573938071727755 0.57500001788139354 0.013278520666062834 0.92097094655036937 0.86320689320564281
decision_type=2 2 2 2 2 2
left_child=1 -1 5 -4 -5 -3
right_child=-2 2 3 4 -6 -7
leaf_value=-2.5230579450424955e-06 -0.00011476838891087919 -0.00054378304573923873 -0.00047137407234413653 -0.00019396094375637515 0.0006071675437300686 0.00033848905568502238
leaf_weight=19159 315 67 93 121 75 467
leaf_count=19159 315 67 93 121 75 467
internal_value=-0.000185942 9.88142e-05 0.00655193 -0.00756803 0.00435323 0.0142393
internal_weight=20297 19982 823 289 196 534
internal_count=20297 19982 823 289 196 534
is_linear=0
shrinkage=0.05


Tree=273
num_leaves=7
num_cat=0
split_feature=32 3 22 51 50 31
split_gain=13.4354 30.5908 34 22.9559 23.1748 21.178
threshold=-0.9303341507911681 0.0080425711348652857 0.87500000000000011 0.0049339241813868293 -2.2971891164779659 36.232934951782234
decision_type=2 2 2 2 2 2
left_child=1 -1 3 4 -3 -2
right_child=5 2 -4 -5 -6 -7
leaf_value=0.00033075068370224384 -0.00023750059715006572 0.00025205088660714884 0.00054701017304303586 0.0001511081645297843 -0.00047045122400998915 -4.5641746516873943e-06
leaf_weight=240 385 54 195 224 287 18855
leaf_count=240 385 54 195 224 287 18855
internal_value=-0.00014695 0.00534826 0.000359477 -0.00583333 -0.0139451 -0.00058067
internal_weight=20240 1000 760 565 341 19240
internal_count=20240 1000 760 565 341 19240
is_linear=0
shrinkage=0.05


Tree=274
num_leaves=7
num_cat=0
split_feature=35 55 38 1 4 25
split_gain=11.6042 46.0213 50.0343 66.802 36.0424 34.3941
threshold=-0.11557146906852721 9.2504425048828143 0.0012602119822986426 -0.050768349319696419 0.35448575019836431 0.028280936181545261
decision_type=2 2 2 2 2 2
left_child=4 2 -2 -4 5 -1
right_child=1 -3 3 -5 -6 -7
leaf_value=4.5282005494461444e-06 0.00043899303309190654 2.6966989708588319e-06 -0.00048994738682066948 0.00026230641837832902 -0.0001033980895231318 0.00046676622889327578
leaf_weight=6039 510 10382 158 282 2703 183
leaf_count=6039 510 10382 158 282 2703 183
internal_value=-0.000102408 0.00119741 0.0117016 -0.000617978 -0.00121221 0.000879236
internal_weight=20257 11332 950 440 8925 6222
internal_count=20257 11332 950 440 8925 6222
is_linear=0
shrinkage=0.05


Tree=275
num_leaves=7
num_cat=0
split_feature=1 38 39 25 39 39
split_gain=16.2629 35.1839 38.7776 32.4878 32.8398 30.5358
threshold=-0.018161473795771595 -0.0012530607637017963 -0.029916793107986447 -0.04976855777204036 -0.03199432045221328 0.01261896174401045
decision_type=2 2 2 2 2 2
left_child=1 2 -1 -3 -5 -2
right_child=5 3 -4 4 -6 -7
leaf_value=-0.00018656313279087633 -1.6425805837586082e-05 0.00045250728872183398 0.00014777214440071511 0.00037560067011776501 -0.00011678176347835086 5.8620735374946685e-05
leaf_weight=614 8955 116 1783 160 3137 5492
leaf_count=614 8955 116 1783 160 3137 5492
internal_value=-0.00012215 -0.00254084 0.00209201 -0.00580018 -0.00673077 0.000589884
internal_weight=20257 5810 2397 3413 3297 14447
internal_count=20257 5810 2397 3413 3297 14447
is_linear=0
shrinkage=0.05


Tree=276
num_leaves=7
num_cat=0
split_feature=10 15 21 51 29 47
split_gain=13.8944 34.3305 38.6858 64.206 26.5874 26.0614
threshold=0.025472431443631652 0.37500000000000006 0.67499998211860668 0.023077336139976982 -0.05228802748024463 0.76164785027503978
decision_type=2 2 2 2 2 2
left_child=-1 2 3 -2 -3 -6
right_child=1 4 -4 -5 5 -7
leaf_value=-1.7031894492367495e-05 0.0001946458435383406 0.00031474063430590379 0.00054737180322438463 -0.00055643129770956601 -0.00034458971266678248 3.3087277468570803e-06
leaf_weight=14156 432 214 331 126 284 4835
leaf_count=14156 432 214 331 126 284 4835
internal_value=-0.000106707 0.00169825 0.0107662 0.00261989 0.000173286 -0.000551327
internal_weight=20378 6222 889 558 5333 5119
internal_count=20378 6222 889 558 5333 5119
is_linear=0
shrinkage=0.05


Tree=277
num_leaves=7
num_cat=0
split_feature=24 53 53 10 44 42
split_gain=13.5417 16.6773 16.0271 14.3876 29.3704 23.4285
threshold=0.11849110573530199 0.12623193860054019 -0.11676329746842383 0.13677776604890826 0.12494615465402605 0.078168783336877837
decision_type=2 2 2 2 2 2
left_child=3 2 -2 -1 5 -5
right_child=1 -3 -4 4 -6 -7
leaf_value=-3.1264105706742546e-06 -9.2793380418378091e-05 -0.00037198771383846338 0.0004616015124615798 -0.00053561976191308426 -0.00048989051683790102 0.00031915419378268173
leaf_weight=19507 96 179 51 62 50 443
leaf_count=19507 96 179 51 62 50 443
internal_value=-0.000111558 -0.0101964 0.00213816 0 0.00790179 0.0116176
internal_weight=20388 326 147 20062 555 505
internal_count=20388 326 147 20062 555 505
is_linear=0
shrinkage=0.05


Tree=278
num_leaves=7
num_cat=0
split_feature=51 47 28 36 46 38
split_gain=10.8069 43.0951 36.787 36.0531 39.9886 40.7217
threshold=-0.14156451821327207 1.0083326101303103 0.020763259381055835 -0.15212345123291013 0.97127422690391552 0.0018457497353665533
decision_type=2 2 2 2 2 2
left_child=1 3 -3 -1 5 -5
right_child=-2 2 -4 4 -6 -7
leaf_value=-0.00046068307095813426 7.1642689518860217e-06 8.9345101427643986e-05 -0.00056714360266820005 1.1124932063945933e-06 9.0629090732823289e-05 -0.00061508847873283133
leaf_weight=636 16215 1854 101 362 767 334
leaf_count=636 16215 1854 101 362 767 334
internal_value=-0.000156605 -0.00240823 0.00292092 -0.0073788 -0.00301431 -0.0116619
internal_weight=20269 4054 1955 2099 1463 696
internal_count=20269 4054 1955 2099 1463 696
is_linear=0
shrinkage=0.05


Tree=279
num_leaves=7
num_cat=0
split_feature=30 29 35 0 2 50
split_gain=13.8296 25.3528 24.7486 20.2595 48.6674 28.195
threshold=50.221099853515632 -0.056289790198206895 0.24088144302368167 0.021292265504598621 0.0064285455737262973 1.1556104421615603
decision_type=2 2 2 2 2 2
left_child=3 2 -2 5 -5 -1
right_child=1 -3 -4 4 -6 -7
leaf_value=-1.0979132149568287e-05 -0.0001856596182486777 -8.0030646572886897e-06 -0.0008538501604853949 -0.00021575242223779062 0.00019278699257915566 0.00015921348665380388
leaf_weight=7001 365 9350 76 333 2305 747
leaf_count=7001 365 9350 76 333 2305 747
internal_value=-7.30849e-05 -0.00118671 -0.0128363 0.00143153 0.00521188 0.000138656
internal_weight=20177 9791 441 10386 2638 7748
internal_count=20177 9791 441 10386 2638 7748
is_linear=0
shrinkage=0.05


Tree=280
num_leaves=7
num_cat=0
split_feature=27 31 12 6 53 22
split_gain=12.5771 53.9339 26.494 26.5822 23.9597 27.2079
threshold=-0.025373187847435471 38.416084289550788 -0.014911696314811705 0.62319767475128185 0.90716445446014415 0.72499999403953563
decision_type=2 2 2 2 2 2
left_child=2 -2 4 -4 -1 -6
right_child=1 -3 3 -5 5 -7
leaf_value=2.3683107794899089e-05 -0.00043455336390323953 -2.0944179245663838e-06 0.00020375364486034959 -0.00039216496379668593 -0.00053241741781329425 0.00010630669133118503
leaf_weight=3464 188 15209 1154 73 123 86
leaf_count=3464 188 15209 1154 73 123 86
internal_value=-0.000141612 -0.000547007 0.00235984 0.00870536 0.000224307 -0.0160047
internal_weight=20297 15397 4900 1227 3673 209
internal_count=20297 15397 4900 1227 3673 209
is_linear=0
shrinkage=0.05


Tree=281
num_leaves=7
num_cat=0
split_feature=34 27 47 47 1 41
split_gain=16.5677 16.4001 26.3122 24.8139 32.4435 43.5204
threshold=0.79666468501091015 0.021525324322283271 0.62552562355995189 0.81018429994583141 0.010000610258430244 0.095759432762861266
decision_type=2 2 2 2 2 2
left_child=1 -1 -3 4 -4 -6
right_child=-2 2 3 -5 5 -7
leaf_value=-8.6295919159945699e-06 -9.1179284336902861e-05 -0.00041980704419448392 1.6747354624369211e-05 3.3506794088723685e-05 0.00095516336884978619 -0.00017847740243909138
leaf_weight=15733 660 85 259 3409 198 58
leaf_count=15733 660 85 259 3409 198 58
internal_value=-8.20797e-05 0.000241809 0.00309542 0.0037096 0.0138942 0.026341
internal_weight=20402 19742 4009 3924 515 256
internal_count=20402 19742 4009 3924 515 256
is_linear=0
shrinkage=0.05


Tree=282
num_leaves=7
num_cat=0
split_feature=38 47 42 51 41 35
split_gain=13.9259 25.3899 15.1645 33.743 32.5537 30.6856
threshold=-0.033416893333196633 0.93402868509292614 0.093496512621641173 1.7951582670211794 0.091083191335201277 0.17113492637872699
decision_type=2 2 2 2 2 2
left_child=1 -1 3 4 -2 -5
right_child=2 -3 -4 5 -6 -7
leaf_value=-0.00053406442927788299 1.3632786413299174e-05 3.4690222112914915e-05 -2.9768823727858249e-05 -0.00066812075249775694 0.00024754717740118096 -5.8943565439184838e-06
leaf_weight=134 9643 218 9063 170 888 238
leaf_count=134 9643 218 9063 170 888 238
internal_value=-0.000165774 -0.00973389 0.00022867 0.00148255 0.0020335 -0.0125303
internal_weight=20354 352 20002 10939 10531 408
internal_count=20354 352 20002 10939 10531 408
is_linear=0
shrinkage=0.05


Tree=283
num_leaves=7
num_cat=0
split_feature=32 10 36 31 10 32
split_gain=17.6441 25.2459 21.2744 25.3455 17.5338 29.6403
threshold=-1.0070754885673521 -0.058718770742416375 -0.87026068568229664 42.126050949096687 -0.18792875856161115 -0.75416952371597279
decision_type=2 2 2 2 2 2
left_child=1 2 -1 -4 5 -2
right_child=4 -3 3 -5 -6 -7
leaf_value=-0.00030919058306001811 0.00024727083657492772 0.00038136628640961305 0.00042537880124257437 -0.00047986800408837606 2.0099133438774773e-06 -0.00067688771664414023
leaf_weight=145 128 221 197 90 19502 151
leaf_count=145 128 221 197 90 19502 151
internal_value=-0.000150448 0.00824468 0.00108696 0.00898973 -7.70747e-05 -0.012412
internal_weight=20434 653 432 287 19781 279
internal_count=20434 653 432 287 19781 279
is_linear=0
shrinkage=0.05


Tree=284
num_leaves=7
num_cat=0
split_feature=44 43 41 12 11 22
split_gain=13.8006 37.1509 42.3064 34.4353 24.3327 22.2266
threshold=0.14405981451272967 0.090161394327878966 0.10948589071631433 0.021433997899293903 0.0029306749347597365 0.97499999403953563
decision_type=2 2 2 2 2 2
left_child=-1 -2 3 -3 5 -4
right_child=1 2 4 -5 -6 -7
leaf_value=-6.6001314467854533e-06 -0.0006074290449549505 0.0017241850800635929 0.00031441456873978525 0.00018881199319540823 -0.00013663406927692576 -0.00023691705606184357
leaf_weight=18954 98 125 384 144 406 167
leaf_count=18954 98 125 384 144 406 167
internal_value=-0.000107233 0.00479684 0.00720959 0.0245438 0.00220894 0.00903777
internal_weight=20278 1324 1226 269 957 551
internal_count=20278 1324 1226 269 957 551
is_linear=0
shrinkage=0.05


Tree=285
num_leaves=7
num_cat=0
split_feature=34 12 39 15 47 41
split_gain=12.024 15.0367 16.825 16.4415 17.3909 15.0013
threshold=0.79666468501091015 0.028298215009272102 0.043403459712862975 0.82500001788139354 0.82674679160118114 0.087766062468290343
decision_type=2 2 2 2 2 2
left_child=-1 -2 3 -3 -5 -6
right_child=1 2 -4 4 5 -7
leaf_value=9.6049155652818733e-07 0.00036084378500112922 -0.00032729312081842963 8.9527784945918782e-05 0.00026639674754958264 -0.00027271824999225696 5.3585190564191498e-05
leaf_weight=19667 74 174 134 66 106 89
leaf_count=19667 74 174 134 66 106 89
internal_value=-0.000131676 -0.0068287 -0.00962544 -0.014375 -0.00610902 -0.013625
internal_weight=20310 643 569 435 261 195
internal_count=20310 643 569 435 261 195
is_linear=0
shrinkage=0.05


Tree=286
num_leaves=7
num_cat=0
split_feature=36 23 22 44 45 35
split_gain=13.3767 32.0023 21.4075 19.2146 30.949 18.2881
threshold=-0.89245477318763722 -0.0073497099801897994 0.72499999403953563 0.081932757049798979 0.099204272031784071 -0.79896947741508473
decision_type=2 2 2 2 2 2
left_child=1 5 3 -3 -5 -1
right_child=-2 2 -4 4 -6 -7
leaf_value=1.4385730969851062e-07 4.9738973216336853e-07 -0.0001470025777964972 -0.00043598182770355576 0.00059913972065530187 -0.00028785855785936563 0.00053600099629313015
leaf_weight=292 19381 296 216 79 52 76
leaf_count=292 19381 296 216 79 52 76
internal_value=-0.000136049 -0.00583169 -0.0125386 -0.00584491 0.00974265 0.0058311
internal_weight=20392 1011 643 427 131 368
internal_count=20392 1011 643 427 131 368
is_linear=0
shrinkage=0.05


Tree=287
num_leaves=7
num_cat=0
split_feature=35 55 32 15 51 38
split_gain=12.0534 39.629 51.3084 42.725 39.8888 35.0018
threshold=-0.11557146906852721 9.2504425048828143 0.20014710724353793 0.67499998211860668 -4.0675616264343253 0.013124389108270408
decision_type=2 2 2 2 2 2
left_child=-1 2 4 -4 -2 -5
right_child=1 -3 3 5 -6 -7
leaf_value=-2.0767066471007158e-05 -0.0004915024865860089 3.2187796183084885e-06 -0.00034918807536006162 0.00028195878578970567 0.00076054239449701623 -0.0002172741117121446
leaf_weight=9045 52 10356 119 346 310 146
leaf_count=9045 52 10356 119 346 310 146
internal_value=-0.00013617 0.00114037 0.0107618 0.0018263 0.025545 0.0084004
internal_weight=20374 11329 973 611 362 492
internal_count=20374 11329 973 611 362 492
is_linear=0
shrinkage=0.05


Tree=288
num_leaves=7
num_cat=0
split_feature=51 51 53 22 42 8
split_gain=13.0493 49.9004 30.2161 39.9645 36.2013 36.5149
threshold=-0.05881229601800441 -0.038741581141948693 0.65543115139007579 0.17500000447034839 0.049413029104471214 0.27538207173347479
decision_type=2 2 2 2 2 2
left_child=-1 2 3 4 -2 -6
right_child=1 -3 -4 -5 5 -7
leaf_value=-3.9593452049266474e-05 0.0003944903748808108 -7.3561019821029869e-06 -0.00013941145563903324 0.00035958571320649169 7.2528335599351241e-05 -0.00018032492770665124
leaf_weight=6682 60 11921 200 1103 98 190
leaf_count=6682 60 11921 200 1103 98 190
internal_value=-0.000176465 0.000697871 0.00883152 0.0113496 -0.00332861 -0.0108362
internal_weight=20254 13572 1651 1451 348 288
internal_count=20254 13572 1651 1451 348 288
is_linear=0
shrinkage=0.05


Tree=289
num_leaves=7
num_cat=0
split_feature=35 45 52 0 42 49
split_gain=14.0625 30.8407 36.227 30.9477 34.2832 25.0092
threshold=-0.81510189175605763 0.10829435661435129 -0.00013557484635384751 0.031991219148039825 0.085183583199977889 -0.99626323580741871
decision_type=2 2 2 2 2 2
left_child=1 2 3 4 -1 -4
right_child=-2 -3 5 -5 -6 -7
leaf_value=-0.00022818299977287165 6.6610657108955781e-06 -0.00053648807758533855 0.00031559230080975076 0.0008811627238290245 0.00036553945199904714 -0.00017767854271564607
leaf_weight=155 19208 163 60 97 174 354
leaf_count=155 19208 163 60 97 174 354
internal_value=-0.000157054 -0.00558036 -0.00162722 0.00852668 0.000973054 -0.0121122
internal_weight=20211 1003 840 426 329 414
internal_count=20211 1003 840 426 329 414
is_linear=0
shrinkage=0.05


Tree=290
num_leaves=7
num_cat=0
split_feature=42 12 47 22 35 55
split_gain=13.6867 47.507 47.3165 53.784 46.9444 46.4848
threshold=0.093496512621641173 -0.035056613385677331 0.74564814567565929 0.27500000596046453 -0.83490771055221547 133837.38281250003
decision_type=2 2 2 2 2 2
left_child=1 2 -1 5 -5 -4
right_child=-2 -3 3 4 -6 -7
leaf_value=-0.00090447503816510071 -3.0336012762340395e-05 -2.5049432185044016e-07 -0.0003545171385576217 -3.6527316379128019e-05 0.00040782365151860439 0.00072919019171709674
leaf_weight=92 9130 9523 297 214 907 54
leaf_count=92 9130 9523 297 214 907 54
internal_value=-0.000166897 0.00129147 0.00935309 0.0115606 0.0168961 -0.0054073
internal_weight=20217 11087 1564 1472 1121 351
internal_count=20217 11087 1564 1472 1121 351
is_linear=0
shrinkage=0.05


Tree=291
num_leaves=7
num_cat=0
split_feature=6 48 25 44 0 29
split_gain=12.333 34.6244 35.2612 29.6919 30.8933 26.363
threshold=0.14372611790895465 -0.83022889494895924 -0.039381008595228188 0.1196078769862652 0.004988729255273939 -0.056289790198206895
decision_type=2 2 2 2 2 2
left_child=1 2 5 4 -4 -1
right_child=-2 -3 3 -5 -6 -7
leaf_value=5.628264040136778e-05 -8.2940181009101688e-06 -8.5528217152444381e-05 0.00023884703640998344 0.0004434184478681466 4.0590289720142025e-05 -0.00034591104356801455
leaf_weight=458 16243 1108 360 342 1465 212
leaf_count=458 16243 1108 360 342 1465 212
internal_value=-0.000147328 0.00263924 0.00556826 0.00866713 0.00607923 -0.00440741
internal_weight=20188 3945 2837 2167 1825 670
internal_count=20188 3945 2837 2167 1825 670
is_linear=0
shrinkage=0.05


Tree=292
num_leaves=7
num_cat=0
split_feature=40 35 0 21 1 38
split_gain=12.5658 27.0324 26.2846 34.1636 25.8237 41.5615
threshold=0.12325851619243623 0.11272479966282846 -0.0052664936520159236 0.57500001788139354 0.010000610258430244 0.0041425318922847518
decision_type=2 2 2 2 2 2
left_child=4 2 -2 -4 5 -1
right_child=1 -3 3 -5 -6 -7
leaf_value=2.0033394833818068e-05 -0.00018213882602826769 -0.0003834737449347447 -0.00029195546481082876 0.00019319931763835542 4.2480286598475387e-05 -7.9361811430281841e-05
leaf_weight=5876 553 566 147 1060 7695 4451
leaf_count=5876 553 566 147 1060 7695 4451
internal_value=-0.000136344 -0.00363578 -0.000552408 0.00356848 0.00026488 -0.00136711
internal_weight=20348 2326 1760 1207 18022 10327
internal_count=20348 2326 1760 1207 18022 10327
is_linear=0
shrinkage=0.05


Tree=293
num_leaves=7
num_cat=0
split_feature=23 44 45 47 6 45
split_gain=12.9095 19.7098 29.2258 24.7817 25.2667 34.2273
threshold=0.007739722030237318 0.14405981451272967 0.093068722635507597 0.87635803222656261 0.64160576462745678 0.12647675722837451
decision_type=2 2 2 2 2 2
left_child=1 -1 -3 4 -4 -6
right_child=-2 2 3 -5 5 -7
leaf_value=6.4039455804052819e-06 -3.1307935757796408e-05 -0.0006913595887361899 0.0011482725905055788 8.7087049191659387e-05 -0.00029184915871070268 0.00052601024506977636
leaf_weight=13413 6143 64 169 436 85 81
leaf_count=13413 6143 64 169 436 85 81
internal_value=-0.000189988 0.000931383 0.0083631 0.0111147 0.02125 0.00687135
internal_weight=20391 14248 835 771 335 166
internal_count=20391 14248 835 771 335 166
is_linear=0
shrinkage=0.05


Tree=294
num_leaves=7
num_cat=0
split_feature=6 53 42 12 47 21
split_gain=13.3079 17.3471 13.2659 34.2602 39.9684 39.8062
threshold=0.99996218085289013 0.10268541052937509 0.093496512621641173 -0.037544440478086465 0.74564814567565929 0.27500000596046453
decision_type=2 2 2 2 2 2
left_child=2 -2 3 4 -1 -6
right_child=1 -3 -4 -5 5 -7
leaf_value=-0.00088816240402922507 -0.00026366811261674362 7.6238299730006615e-06 -3.8364349360874642e-05 1.3894675246442502e-06 -0.00024881710807141843 0.00026777668046791396
leaf_weight=83 266 320 8893 9352 236 1087
leaf_count=83 266 320 8893 9352 236 1087
internal_value=-0.000127211 -0.00757191 4.19719e-05 0.0012241 0.00848689 0.0106363
internal_weight=20237 586 19651 10758 1406 1323
internal_count=20237 586 19651 10758 1406 1323
is_linear=0
shrinkage=0.05


Tree=295
num_leaves=7
num_cat=0
split_feature=0 48 6 42 27 46
split_gain=11.5434 30.4337 29.0467 31.219 25.4161 34.1572
threshold=-0.0066014695912599555 -0.61863762140274037 0.52009856700897228 0.12358215078711511 0.023611329495906833 0.83992335200309765
decision_type=2 2 2 2 2 2
left_child=1 2 -1 -4 -2 -6
right_child=4 -3 3 -5 5 -7
leaf_value=-6.1851266577819296e-05 -3.3859682006528663e-07 -7.9272343120452651e-07 -0.00046170177555847065 0.00046018519337048277 -0.00017324096308276411 0.0002115810959510427
leaf_weight=1158 11093 6144 365 58 310 1220
leaf_count=1158 11093 6144 365 58 310 1220
internal_value=-0.000155997 -0.00165912 -0.00783417 -0.0189836 0.000793871 0.0068241
internal_weight=20348 7725 1581 423 12623 1530
internal_count=20348 7725 1581 423 12623 1530
is_linear=0
shrinkage=0.05


Tree=296
num_leaves=7
num_cat=0
split_feature=1 21 2 26 21 55
split_gain=12.3338 36.203 58.4763 48.6944 34.2757 56.7016
threshold=-0.018161473795771595 0.47499999403953558 0.0078079116065055141 -0.028959196060895916 0.57500001788139354 61682.826171875007
decision_type=2 2 2 2 2 2
left_child=1 -1 3 -3 5 -2
right_child=4 2 -4 -5 -6 -7
leaf_value=4.00750458181348e-05 -7.797004284299597e-05 -0.00074426853907550751 -4.0110234943695379e-05 -0.00015765255456356032 6.9824110148547307e-05 3.7007622590163445e-05
leaf_weight=2528 4198 202 2482 508 6565 3778
leaf_count=2528 4198 202 2482 508 6565 3778
internal_value=-0.00012706 -0.00186463 -0.0054035 -0.018007 0.000874811 -0.00132502
internal_weight=20261 5720 3192 710 14541 7976
internal_count=20261 5720 3192 710 14541 7976
is_linear=0
shrinkage=0.05


Tree=297
num_leaves=7
num_cat=0
split_feature=51 14 9 35 22 41
split_gain=11.2868 40.2337 42.0161 23.8295 24.7494 36.9076
threshold=-0.14156451821327207 0.72499999403953563 -0.03129769675433635 -0.38203036785125727 0.32500000298023229 0.061877589672803886
decision_type=2 2 2 2 2 2
left_child=1 3 -3 -1 -5 -6
right_child=-2 2 -4 4 5 -7
leaf_value=-0.00026142153236409185 6.1223041070207493e-06 0.00069734349147480823 -0.00012338115647376869 -0.00026801104137814507 -0.00038953550488994608 2.8245442703729e-05
leaf_weight=668 16294 174 128 460 124 2443
leaf_count=668 16294 174 128 460 124 2443
internal_value=-0.000185997 -0.00248001 0.0149023 -0.00392568 -0.00202012 -8.74806e-05
internal_weight=20291 3997 302 3695 3027 2567
internal_count=20291 3997 302 3695 3027 2567
is_linear=0
shrinkage=0.05


Tree=298
num_leaves=7
num_cat=0
split_feature=52 39 45 38 49 26
split_gain=12.6286 22.1204 18.8799 27.3056 24.811 23.3526
threshold=-0.2222761660814285 -0.020647400058805939 0.12647675722837451 -0.006844229530543088 -1.9367522597312925 -0.12331347912549971
decision_type=2 2 2 2 2 2
left_child=1 -1 4 -4 -3 -5
right_child=-2 2 3 5 -6 -7
leaf_value=-0.00048119187257704941 2.0271771619129794e-06 0.00050892991769612534 0.00078768501233567956 -0.0002837874134684135 -0.00017147352491541856 0.00036985349422142259
leaf_weight=266 18918 72 79 83 754 89
leaf_count=266 18918 72 79 83 754 89
internal_value=-0.000156666 -0.0048405 -0.00159427 0.0102539 -0.00526474 -0.000988701
internal_weight=20261 1343 1077 251 826 172
internal_count=20261 1343 1077 251 826 172
is_linear=0
shrinkage=0.05


Tree=299
num_leaves=7
num_cat=0
split_feature=26 47 53 12 21 29
split_gain=11.0255 27.1084 24.9652 23.7714 34.6284 23.7595
threshold=0.12573938071727755 0.87635803222656261 1.1058951616287234 0.054945219308137901 0.72499999403953563 0.046323396265506751
decision_type=2 2 2 2 2 2
left_child=3 5 -3 -1 -5 -2
right_child=1 2 -4 4 -6 -7
leaf_value=-1.3141785799558061e-06 7.4475427261633348e-05 0.00020775360718457061 -0.00048385093679808981 -2.9870926574189364e-05 -0.00041607004892433089 -0.00080859959326417858
leaf_weight=18249 107 713 83 598 265 75
leaf_count=18249 107 713 83 598 265 75
internal_value=-0.000162976 0.00495931 0.00895755 -0.000469477 -0.00855415 -0.0121658
internal_weight=20090 978 796 19112 863 182
internal_count=20090 978 796 19112 863 182
is_linear=0
shrinkage=0.05


Tree=300
num_leaves=7
num_cat=0
split_feature=35 51 32 35 42 1
split_gain=15.7895 34.8921 27.9883 14.2934 32.8236 41.3504
threshold=0.83205384016036998 0.015996621921658519 -0.076214212924242006 0.44652305543422705 0.12680058926343921 0.069169856607913985
decision_type=2 2 2 2 2 2
left_child=3 -2 -3 -1 5 -5
right_child=1 2 -4 4 -6 -7
leaf_value=-1.5689203883426411e-06 -0.00055578369861872669 -0.00022504758941384838 0.00047220162751780573 5.4566578533696568e-05 0.00068209422400936797 -0.00070260070114418368
leaf_weight=17413 146 99 75 2308 180 108
leaf_count=17413 146 99 75 2308 180 108
internal_value=-0.000151225 -0.0106923 0.00432961 0.000415959 0.00387351 0.00230277
internal_weight=20329 320 174 20009 2596 2416
internal_count=20329 320 174 20009 2596 2416
is_linear=0
shrinkage=0.05


Tree=301
num_leaves=7
num_cat=0
split_feature=10 45 42 9 41 26
split_gain=12.446 33.7088 33.0039 32.8393 23.4377 30.8105
threshold=0.015469625592231752 0.052842440083622939 0.062056377530097968 -0.10078116878867148 0.068998310714960112 0.11037142202258111
decision_type=2 2 2 2 2 2
left_child=-1 -2 -3 -4 5 -5
right_child=1 2 3 4 -6 -7
leaf_value=-1.5013161773454707e-05 -0.00019133514262536074 0.00016820057819346885 0.00066819330474991148 -0.00011698101538418528 4.8807580020024606e-05 0.00037393371412494159
leaf_weight=13082 158 365 94 1062 5298 90
leaf_count=13082 158 365 94 1062 5298 90
internal_value=-0.000127766 0.00175693 0.00228883 0.00146206 0.00101859 -0.00542351
internal_weight=20149 7067 6909 6544 6450 1152
internal_count=20149 7067 6909 6544 6450 1152
is_linear=0
shrinkage=0.05


Tree=302
num_leaves=7
num_cat=0
split_feature=41 42 35 12 42 43
split_gain=13.0271 56.8042 43.2695 54.7795 38.8142 35.9086
threshold=0.066433291882276549 0.07201747223734857 0.074290368705987944 0.01954244822263718 0.064225222915411009 0.065789401531219496
decision_type=2 2 2 2 2 2
left_child=1 2 4 -4 -1 -2
right_child=5 -3 3 -5 -6 -7
leaf_value=2.0077731066669729e-06 0.00017457842816985593 -0.00023374402026754326 -1.1374941926464456e-06 -0.00036415305463553387 0.00023005957734605889 3.4564115211691049e-06
leaf_weight=844 931 973 1496 322 616 15156
leaf_count=844 931 973 1496 322 616 15156
internal_value=-0.00017082 -0.002332 0.000814804 -0.0043198 0.00721843 0.000778337
internal_weight=20338 4251 3278 1818 1460 16087
internal_count=20338 4251 3278 1818 1460 16087
is_linear=0
shrinkage=0.05


Tree=303
num_leaves=7
num_cat=0
split_feature=36 22 41 55 22 53
split_gain=13.9544 43.3111 36.3312 56.9673 61.8019 81.8176
threshold=-0.20715090632438657 0.97499999403953563 0.091083191335201277 28135.630859375004 0.72499999403953563 -0.25709968805313105
decision_type=2 2 2 2 2 2
left_child=1 2 3 -1 -5 -6
right_child=-2 -3 -4 4 5 -7
leaf_value=-0.00028823569084884462 1.8748880721079603e-05 -0.00036867873694317174 8.9311479161808009e-05 3.2538109229960159e-05 0.00062687678550058098 -0.00041935153459486479
leaf_weight=1136 11884 484 2930 3189 72 519
leaf_count=1136 11884 484 2930 3189 72 519
internal_value=-0.000107572 -0.00125675 -0.000353458 -0.00298212 -1.98151e-05 -0.014807
internal_weight=20214 8330 7846 4916 3780 591
internal_count=20214 8330 7846 4916 3780 591
is_linear=0
shrinkage=0.05


Tree=304
num_leaves=7
num_cat=0
split_feature=38 47 55 22 51 12
split_gain=11.3393 36.5859 18.6525 23.3843 17.1424 29.8182
threshold=-0.03066541068255901 0.92813393473625194 25607.137695312504 0.32500000298023229 -0.05610344931483268 0.01954244822263718
decision_type=2 2 2 2 2 2
left_child=1 2 -1 -4 -3 -6
right_child=-2 4 3 -5 5 -7
leaf_value=-0.00073442935603145994 2.4348019566879143e-06 -0.00034059983649470567 0.00022722373980923636 -0.0003064960543688985 -3.4699310054184524e-05 0.00070902495481289232
leaf_weight=152 19609 110 58 74 219 107
leaf_count=152 19609 110 58 74 219 107
internal_value=-0.000244664 -0.00617241 -0.0199827 -0.00565693 0.00289116 0.0086858
internal_weight=20329 720 284 132 436 326
internal_count=20329 720 284 132 436 326
is_linear=0
shrinkage=0.05


Tree=305
num_leaves=7
num_cat=0
split_feature=39 55 24 21 24 52
split_gain=10.9626 45.5994 39.629 28.2641 22.1838 13.569
threshold=-0.049111248925328248 8588.2885742187518 -0.048888264223933213 0.62500000000000011 -0.064848091453313814 -0.00013557484635384751
decision_type=2 2 2 2 2 2
left_child=1 4 -3 -4 -1 -5
right_child=-2 2 3 5 -6 -7
leaf_value=4.2457279994059275e-07 -4.8037066141780331e-07 0.0012475356564649422 0.0001304578999924705 -0.00065301499727992796 -0.00082658850561355759 4.2377921821588983e-05
leaf_weight=59 19582 61 257 101 154 51
leaf_count=59 19582 61 257 101 154 51
internal_value=-0.000117168 -0.00643169 0.00226316 -0.00344203 -0.025344 -0.0202229
internal_weight=20265 683 470 409 213 152
internal_count=20265 683 470 409 213 152
is_linear=0
shrinkage=0.05


Tree=306
num_leaves=7
num_cat=0
split_feature=33 19 40 38 52 23
split_gain=12.9574 24.6574 23.4452 30.1614 40.6021 34.9623
threshold=-1.0000000180025095e-35 0.52500000596046459 0.11954455450177194 -0.0053452102001756421 -0.023577470332384106 -0.0031962415669113393
decision_type=2 2 2 2 2 2
left_child=1 2 -1 4 -4 -5
right_child=-2 -3 3 5 -6 -7
leaf_value=2.2540377996427406e-05 -1.8985644232341615e-05 0.00011076627778201656 4.3984600115778683e-05 0.00017703258661059455 -0.00061755062616970845 -0.00032734008582345107
leaf_weight=7582 9808 1620 169 486 324 307
leaf_count=7582 9808 1620 169 486 324 307
internal_value=-6.28048e-05 0.00139855 0.000357827 -0.00586754 -0.015512 0.000156642
internal_weight=20296 10488 8868 1286 493 793
internal_count=20296 10488 8868 1286 493 793
is_linear=0
shrinkage=0.05


Tree=307
num_leaves=7
num_cat=0
split_feature=57 12 3 27 21 47
split_gain=10.7151 15.1977 37.486 43.4379 30.8517 25.5222
threshold=-5.568287804180726e-07 -0.035056613385677331 0.0099014146253466623 -0.031119792722165581 0.12500000372529033 1.126823961734772
decision_type=2 2 2 2 2 2
left_child=-1 2 3 -2 -5 -4
right_child=1 -3 5 4 -6 -7
leaf_value=-4.2466465189305814e-05 -1.0132872626408569e-06 -3.9121693137887778e-06 -0.00020155103455619396 -0.00038174873374722515 0.00041050369010234533 6.3986057288193592e-05
leaf_weight=4019 814 12479 859 66 945 1085
leaf_count=4019 814 12479 859 66 945 1085
internal_value=-0.000181285 0.000564511 0.00334526 0.00848361 0.0153789 -0.00147512
internal_weight=20267 16248 3769 1825 1011 1944
internal_count=20267 16248 3769 1825 1011 1944
is_linear=0
shrinkage=0.05


Tree=308
num_leaves=7
num_cat=0
split_feature=8 45 3 6 6 21
split_gain=12.2191 33.9363 36.5606 35.1656 25.4639 37.5549
threshold=0.72430789470672619 0.052842440083622939 0.012254036962985994 0.87769797444343578 0.74886664748191845 0.47499999403953558
decision_type=2 2 2 2 2 2
left_child=4 -2 3 -3 -1 -6
right_child=1 2 -4 -5 5 -7
leaf_value=1.375734629458468e-07 -0.00015815643370944174 0.00011566578821471433 -0.00026890942567120218 -7.6385964494999063e-06 -6.2769497606324914e-07 -0.00040760520120405701
leaf_weight=13790 234 2905 427 2201 474 319
leaf_count=13790 234 2905 427 2201 474 319
internal_value=-0.000111766 0.00222193 0.00302004 0.00420172 -0.00049527 -0.0091792
internal_weight=20350 5767 5533 5106 14583 793
internal_count=20350 5767 5533 5106 14583 793
is_linear=0
shrinkage=0.05


Tree=309
num_leaves=7
num_cat=0
split_feature=46 21 33 42 39 3
split_gain=11.7958 61.0746 43.4409 41.8597 27.5558 26.6912
threshold=1.2434928417205813 0.77500000596046459 0.21075659245252612 0.064225222915411009 0.041007002815604217 0.011623790953308346
decision_type=2 2 2 2 2 2
left_child=-1 2 3 -2 5 -3
right_child=1 4 -4 -5 -6 -7
leaf_value=8.3847571900805313e-06 9.2942937651509325e-05 0.00012920536500596777 0.00029748554309876876 -0.00038987694319289785 0.00078979979147778933 -0.00029992534051846037
leaf_weight=18947 72 281 99 480 168 204
leaf_count=18947 72 281 99 480 168 204
internal_value=-0.000112312 -0.00433537 -0.0151296 -0.0206014 0.00642097 0.000255102
internal_weight=20251 1304 651 552 653 485
internal_count=20251 1304 651 552 653 485
is_linear=0
shrinkage=0.05


Tree=310
num_leaves=7
num_cat=0
split_feature=27 43 42 22 3 47
split_gain=12.6619 28.2082 57.5227 34.2977 34.7035 37.7825
threshold=0.021525324322283271 0.099763795733451857 0.11880034953355791 0.97499999403953563 0.0090184994041919726 0.83399197459220897
decision_type=2 2 2 2 2 2
left_child=-1 3 -3 4 5 -2
right_child=1 2 -4 -5 -6 -7
leaf_value=-6.3992937921127835e-06 0.00027317076254095176 0.00038177744335247455 1.1444043069079519e-06 0.00082951248999899073 -0.00025476099456357145 -2.6915091585669247e-05
leaf_weight=15763 615 682 963 90 570 1655
leaf_count=15763 615 682 963 90 570 1655
internal_value=-7.74222e-05 0.00260371 0.00783333 -0.000332198 -0.00132689 0.00143956
internal_weight=20338 4575 1645 2930 2840 2270
internal_count=20338 4575 1645 2930 2840 2270
is_linear=0
shrinkage=0.05


Tree=311
num_leaves=7
num_cat=0
split_feature=12 48 55 20 44 3
split_gain=13.0542 32.3507 33.2988 42.624 60.4037 48.126
threshold=0.023571135476231578 -0.72143396735191334 93657.011718750015 0.72499999403953563 0.10271986573934556 0.0094788474962115305
decision_type=2 2 2 2 2 2
left_child=-1 -2 3 4 -3 -6
right_child=1 2 -4 -5 5 -7
leaf_value=1.0551081464555921e-05 -0.00043791107974418736 0.00036797550472333126 -0.00016787673486593562 -4.653746594222288e-05 -0.0002746010348410167 0.00030978117089602852
leaf_weight=15788 301 605 940 2214 271 238
leaf_count=15788 301 605 940 2214 271 238
internal_value=-8.71722e-05 -0.00234477 -0.00121109 0.00113261 0.00909294 -0.00355058
internal_weight=20357 4569 4268 3328 1114 509
internal_count=20357 4569 4268 3328 1114 509
is_linear=0
shrinkage=0.05


Tree=312
num_leaves=7
num_cat=0
split_feature=36 22 52 29 51 42
split_gain=14.1585 28.2811 32.5198 30.7104 27.9854 27.7857
threshold=-0.89245477318763722 0.92499998211860668 -0.0001190747643704526 -0.067131411284208284 -0.017917808145284649 0.083166684955358519
decision_type=2 2 2 2 2 2
left_child=1 2 3 -1 -4 -5
right_child=-2 -3 4 5 -6 -7
leaf_value=-0.00095193299458713331 5.8584215916501238e-06 -0.00056047897545867509 -0.00028810994198069141 -6.8874619053762629e-05 0.00014211796096458236 0.00031508168056059078
leaf_weight=63 19346 85 216 259 73 299
leaf_count=63 19346 85 216 259 73 299
internal_value=-0.000131475 -0.005725 -0.00303279 0.00339457 -0.0167517 0.00723801
internal_weight=20341 995 910 621 289 558
internal_count=20341 995 910 621 289 558
is_linear=0
shrinkage=0.05


Tree=313
num_leaves=7
num_cat=0
split_feature=53 55 41 9 53 27
split_gain=12.4007 36.4053 36.269 60.0261 31.8665 29.4344
threshold=-0.38827444612979883 59050.550781250007 0.16117154806852343 -0.027972243726253506 -0.64289936423301686 0.030491260811686519
decision_type=2 2 2 2 2 2
left_child=1 -1 3 -3 -5 -6
right_child=-2 2 -4 4 5 -7
leaf_value=-1.2524842643097963e-06 -1.0393917116423725e-05 0.00073610129290207756 -0.0011233953854010075 0.00071762365017767724 8.5334820977569462e-05 -0.00014210765579954145
leaf_weight=3915 15382 305 60 87 428 166
leaf_count=3915 15382 305 60 87 428 166
internal_value=-0.000224838 0.00217982 0.0104424 0.0127901 0.00440962 0.000125209
internal_weight=20343 4961 1046 986 681 594
internal_count=20343 4961 1046 986 681 594
is_linear=0
shrinkage=0.05


Tree=314
num_leaves=7
num_cat=0
split_feature=4 38 47 48 21 55
split_gain=13.4844 13.1645 22.691 31.9949 37.6282 27.9376
threshold=-1.0992394089698789 -0.024140307679772374 0.92813393473625194 -1.0000000180025095e-35 0.22500000149011615 66940.234375000015
decision_type=2 2 2 2 2 2
left_child=-1 2 5 -4 -5 -2
right_child=1 -3 3 4 -6 -7
leaf_value=-0.00010457502032377894 -0.00031032891281859883 9.8163985026182218e-06 -0.00012848489850816495 -0.0006617957645499667 0.00033356262909717385 9.029645940138872e-05
leaf_weight=662 360 18215 449 57 281 169
leaf_count=662 360 18215 449 57 281 169
internal_value=-0.000127488 0.00036983 -0.00444739 0.000915404 0.0124636 -0.0124064
internal_weight=20193 19531 1316 787 338 529
internal_count=20193 19531 1316 787 338 529
is_linear=0
shrinkage=0.05


Tree=315
num_leaves=7
num_cat=0
split_feature=53 48 6 22 3 41
split_gain=12.9459 30.609 31.3127 31.7811 38.8369 32.7034
threshold=-0.38827444612979883 -0.0583900399506092 0.55603894591331493 0.97499999403953563 0.011944937519729139 0.10031357407569887
decision_type=2 2 2 2 2 2
left_child=1 2 3 4 5 -1
right_child=-2 -3 -4 -5 -6 -7
leaf_value=3.225078814100979e-05 -1.1867255260490283e-05 0.00010825152715063838 -0.0003357390134437466 -0.0006259391428771571 0.00033937871163156378 -0.00043630695132666688
leaf_weight=1008 15382 2707 207 200 451 400
leaf_count=1008 15382 2707 207 200 451 400
internal_value=-0.000111739 0.00217457 -0.0021026 -0.000205911 0.00183745 -0.00224699
internal_weight=20355 4973 2266 2059 1859 1408
internal_count=20355 4973 2266 2059 1859 1408
is_linear=0
shrinkage=0.05


Tree=316
num_leaves=7
num_cat=0
split_feature=1 45 22 43 38 55
split_gain=10.5107 32.4828 42.7542 35.3702 38.7476 47.1885
threshold=-0.020460912026464936 0.13047692924737933 0.37500000000000006 0.088820163160562529 0.013124389108270408 47701.111328125007
decision_type=2 2 2 2 2 2
left_child=1 2 -1 4 5 -4
right_child=-2 -3 3 -5 -6 -7
leaf_value=4.3238692795322028e-05 9.6101993518426078e-06 0.00020541637141657218 9.3271744349252274e-05 -2.7127093775199662e-05 -0.00038249573499861108 -0.0003259977074053709
leaf_weight=1752 14924 597 486 1643 373 624
leaf_count=1752 14924 597 486 1643 373 624
internal_value=-7.22897e-05 -0.00193887 -0.00329203 -0.00679495 -0.0123824 -0.0076009
internal_weight=20399 5475 4878 3126 1483 1110
internal_count=20399 5475 4878 3126 1483 1110
is_linear=0
shrinkage=0.05


Tree=317
num_leaves=7
num_cat=0
split_feature=10 15 40 35 9 42
split_gain=15.1693 27.6293 53.6275 34.3288 32.3976 42.2043
threshold=0.025472431443631652 0.37500000000000006 0.080842476338148131 0.57522341609001171 -0.075885489583015428 0.10119883343577386
decision_type=2 2 2 2 2 2
left_child=-1 2 3 -2 5 -3
right_child=1 4 -4 -5 -6 -7
leaf_value=-1.27236375547732e-05 0.00010426699929644329 -0.00026108871308259122 0.00050305749735769561 -0.0005428977410182346 -1.9959135496347815e-06 0.00051885477953760365
leaf_weight=14100 356 59 449 89 5025 192
leaf_count=14100 356 59 449 89 5025 192
internal_value=-0.000102343 0.00210121 0.0102058 -0.00205556 0.000714827 0.0180664
internal_weight=20270 6170 894 445 5276 251
internal_count=20270 6170 894 445 5276 251
is_linear=0
shrinkage=0.05


Tree=318
num_leaves=7
num_cat=0
split_feature=46 21 49 28 51 25
split_gain=12.7205 63.9123 29.4242 23.3832 23.558 18.2326
threshold=1.2434928417205813 0.82500001788139354 1.687649726867676 0.012096885591745378 -0.038741581141948693 0.05743216164410115
decision_type=2 2 2 2 2 2
left_child=5 2 3 4 -2 -1
right_child=1 -3 -4 -5 -6 -7
leaf_value=1.1039792515664978e-05 -4.2982573574121307e-05 0.00016196633689591943 0.0003967394841227045 -0.00064623818199454122 -0.00052666144439405161 -0.00026539766072393775
leaf_weight=18775 345 571 56 101 237 258
leaf_count=18775 345 571 56 101 237 258
internal_value=-3.31728e-05 -0.00446768 -0.0141465 -0.0170422 -0.0129046 0.000615874
internal_weight=20343 1310 739 683 582 19033
internal_count=20343 1310 739 683 582 19033
is_linear=0
shrinkage=0.05


Tree=319
num_leaves=7
num_cat=0
split_feature=49 31 48 29 58 23
split_gain=12.4383 33.0491 26.5796 26.9492 27.2926 19.8145
threshold=0.080557607114315047 40.544315338134773 2.2400039434432988 0.046323396265506751 5.8625651945476427e-05 -0.0080512575805187208
decision_type=2 2 2 2 2 2
left_child=2 5 3 -1 -5 -2
right_child=1 -3 -4 4 -6 -7
leaf_value=1.5970151525929649e-05 5.9813982049262953e-05 -7.6004314853631085e-06 -0.00032685136940172093 0.00035844597228682103 -8.8246743985260126e-05 -0.0005718738554498676
leaf_weight=10183 97 8999 74 358 177 266
leaf_count=10183 97 8999 74 358 177 266
internal_value=-0.000137656 -0.00113964 0.00134991 0.00156439 0.0124537 -0.0158288
internal_weight=20154 9362 10792 10718 535 363
internal_count=20154 9362 10792 10718 535 363
is_linear=0
shrinkage=0.05


Tree=320
num_leaves=7
num_cat=0
split_feature=36 35 51 35 36 41
split_gain=11.9712 27.2136 30.1262 27.6072 68.0674 37.0618
threshold=-0.76295194029808033 -0.65752446651458729 -0.10005338862538336 -0.50427722930908192 -0.43400788307189936 0.089950539171695723
decision_type=2 2 2 2 2 2
left_child=-1 2 -2 4 5 -3
right_child=1 3 -4 -5 -6 -7
leaf_value=-5.1245441642440753e-05 -0.00023507356643710415 -0.00081666531914774583 0.000193865239601074 3.5271502337596307e-06 0.00041258028077023596 0.00021201883788748863
leaf_weight=2349 53 229 889 16556 156 67
leaf_count=2349 53 229 889 16556 156 67
internal_value=-0.000136673 0.000382902 0.00863252 -7.49427e-05 -0.0121991 -0.0261628
internal_weight=20299 17950 942 17008 452 296
internal_count=20299 17950 942 17008 452 296
is_linear=0
shrinkage=0.05


Tree=321
num_leaves=7
num_cat=0
split_feature=51 42 2 30 22 48
split_gain=12.2037 25.8309 52.7233 39.6957 29.6647 51.656
threshold=-0.076798260211944566 0.080897916108369841 0.0063127069734036931 39.633697509765632 0.77500000596046459 -1.0026237368583677
decision_type=2 2 2 2 2 2
left_child=1 3 -3 -1 -4 -6
right_child=-2 2 4 -5 5 -7
leaf_value=-7.7270283822185057e-05 1.2245437231674952e-05 -0.00060306185228308927 -0.00017041958054063325 0.00017679765881222382 0.00029816826067497317 -6.1055794043552377e-05
leaf_weight=501 14966 176 2045 806 635 1191
leaf_count=501 14966 176 2045 806 635 1191
internal_value=-0.000141451 -0.00188001 -0.00385612 0.00421113 -0.00261223 0.0020071
internal_weight=20320 5354 4047 1307 3871 1826
internal_count=20320 5354 4047 1307 3871 1826
is_linear=0
shrinkage=0.05


Tree=322
num_leaves=7
num_cat=0
split_feature=27 22 3 15 10 21
split_gain=11.621 26.3869 46.6226 44.3372 48.9138 35.2332
threshold=-0.061197143048048012 0.82500001788139354 0.0071796204429119834 0.22500000149011615 -0.15234382450580594 0.92499998211860668
decision_type=2 2 2 2 2 2
left_child=-1 -2 -3 4 5 -4
right_child=1 2 3 -5 -6 -7
leaf_value=0.00012249093890417048 8.6335886534351022e-06 -0.0014447372358308318 6.8268793869227494e-05 -0.00013519370447508027 0.00025730857515785855 -0.00090478874650488862
leaf_weight=1004 15604 76 165 2488 760 124
leaf_count=1004 15604 76 165 2488 760 124
internal_value=-9.76466e-05 -0.000277026 -0.00412521 -0.00325381 0.00533681 -0.0119898
internal_weight=20221 19217 3613 3537 1049 289
internal_count=20221 19217 3613 3537 1049 289
is_linear=0
shrinkage=0.05


Tree=323
num_leaves=7
num_cat=0
split_feature=0 43 15 39 12 3
split_gain=10.1806 39.093 22.6726 17.986 11.8924 36.6691
threshold=0.085878014564514174 0.13293412327766421 0.075000001117587103 -0.0070995271671563378 -0.026346651837229725 0.0096020204946398752
decision_type=2 2 2 2 2 2
left_child=4 3 -3 -2 5 -1
right_child=1 2 -4 -5 -6 -7
leaf_value=0.00010041189227983006 -9.8188144276836926e-06 -0.00059705478932581778 0.00048863160262529375 -0.00080062451641777291 -9.9813036188207637e-06 -4.934310327212923e-05
leaf_weight=3037 60 54 95 120 13931 2940
leaf_count=3037 60 54 95 120 13931 2940
internal_value=-7.28683e-05 -0.00875749 0.0099026 -0.0241892 4.39411e-05 0.0019099
internal_weight=20237 329 149 180 19908 5977
internal_count=20237 329 149 180 19908 5977
is_linear=0
shrinkage=0.05


Tree=324
num_leaves=7
num_cat=0
split_feature=46 21 54 52 21 42
split_gain=11.2139 42.7655 28.0698 19.8993 21.1185 21.4464
threshold=1.2434928417205813 0.87500000000000011 0.0068009858950972566 -2.836736621247837e-05 0.47499999403953558 0.093496512621641173
decision_type=2 2 2 2 2 2
left_child=-1 3 -3 4 -2 -6
right_child=1 2 -4 -5 5 -7
leaf_value=1.4383790157026264e-06 -0.00031415813850770307 0.00038925007596312127 -0.00012926823910373045 -0.00034536693556227446 0.00018519394585110821 -0.00016818129246871854
leaf_weight=18879 164 264 181 348 155 202
leaf_count=18879 164 264 181 348 155 202
internal_value=-0.000176998 -0.00468158 0.00783333 -0.011127 -0.00480038 0.00200276
internal_weight=20193 1314 445 869 521 357
internal_count=20193 1314 445 869 521 357
is_linear=0
shrinkage=0.05


Tree=325
num_leaves=7
num_cat=0
split_feature=7 29 44 48 46 39
split_gain=14.8575 23.5183 23.5882 22.571 21.3363 21.0325
threshold=0.35170195996761328 -0.10292407497763632 0.064040817320346846 1.452826261520386 1.0940898060798647 0.066567633301019682
decision_type=2 2 2 2 2 2
left_child=5 -2 3 4 -3 -1
right_child=1 2 -4 -5 -6 -7
leaf_value=2.1970044842685996e-05 -0.00056776605046296349 -0.00013887468665300736 -1.4174680164407481e-06 0.00018767054027480474 3.663098215991984e-05 0.00035982021934902691
leaf_weight=8160 81 640 10932 127 167 181
leaf_count=8160 81 640 10932 127 167 181
internal_value=-0.000136747 -0.000972641 -0.000781316 -0.00838658 -0.011484 0.0017763
internal_weight=20288 11947 11866 934 807 8341
internal_count=20288 11947 11866 934 807 8341
is_linear=0
shrinkage=0.05


Tree=326
num_leaves=7
num_cat=0
split_feature=10 38 47 56 37 48
split_gain=13.9712 25.2212 40.9511 24.7543 23.6824 21.8626
threshold=0.015469625592231752 0.021425761282444004 1.0733523368835451 9.5870053229418786e-08 0.0015224429662339391 1.2699006795883181
decision_type=2 2 2 2 2 2
left_child=3 5 -3 4 -1 -2
right_child=1 2 -4 -5 -6 -7
leaf_value=8.8122235251940061e-05 7.1694281846995566e-05 -0.00022604546314573422 0.0001856167452239235 -5.6866938353696429e-05 -2.1356199212545399e-05 -4.5902236670003835e-05
leaf_weight=2539 5430 647 233 6093 4468 843
leaf_count=2539 5430 647 233 6093 4468 843
internal_value=-0.000136983 0.00159612 -0.00629944 -0.00115032 0.000873503 0.00271185
internal_weight=20253 7153 880 13100 7007 6273
internal_count=20253 7153 880 13100 7007 6273
is_linear=0
shrinkage=0.05


Tree=327
num_leaves=7
num_cat=0
split_feature=23 49 36 34 27 46
split_gain=11.8892 32.558 22.9009 19.7234 24.9762 38.2058
threshold=-0.0019392493413761256 0.78708094358444225 -0.89245477318763722 0.66135558485984813 0.021525324322283271 0.88490545749664318
decision_type=2 2 2 2 2 2
left_child=1 -1 -2 4 -4 -6
right_child=2 -3 3 -5 5 -7
leaf_value=5.7310793289538316e-06 -0.00015666345535241596 0.00022117452023513381 -2.3467688481216937e-05 -9.9771512810048268e-05 -8.8759598687353756e-05 0.0001632262751088437
leaf_weight=8797 494 503 6904 1007 746 1779
leaf_count=8797 494 503 6904 1007 746 1779
internal_value=-0.000147022 0.00112574 -0.00130544 -0.000802126 -8.74497e-05 0.00416008
internal_weight=20230 9300 10930 10436 9429 2525
internal_count=20230 9300 10930 10436 9429 2525
is_linear=0
shrinkage=0.05


Tree=328
num_leaves=7
num_cat=0
split_feature=23 60 54 38 31 11
split_gain=13.0581 16.2491 14.7671 25.0882 11.6902 18.92
threshold=-0.043637784197926514 -2.122089028358459 0.042541576549410827 -0.0062372884713113299 36.232934951782234 -0.0084687457419931871
decision_type=2 2 2 2 2 2
left_child=2 -2 3 -1 5 -3
right_child=1 4 -4 -5 -6 -7
leaf_value=-0.00033389718865356439 -0.00024913136262762935 -4.2803909853280503e-06 -0.00016267531293413735 0.00047935723964353253 -8.6326809612957693e-07 -0.00050433560165098572
leaf_weight=68 283 348 104 178 18988 203
leaf_count=68 283 348 104 178 18988 203
internal_value=-0.000117708 -0.000447622 0.00922535 0.0158367 -0.000272462 -0.00741906
internal_weight=20172 19822 350 246 19539 551
internal_count=20172 19822 350 246 19539 551
is_linear=0
shrinkage=0.05


Tree=329
num_leaves=7
num_cat=0
split_feature=36 22 35 55 1 9
split_gain=10.2528 47.262 52.7056 64.6116 44.8372 34.7219
threshold=-0.20715090632438657 0.92499998211860668 -0.83490771055221547 34907.058593750007 0.075892288237810149 -0.039427768439054482
decision_type=2 2 2 2 2 2
left_child=1 5 -3 -4 -5 -1
right_child=-2 2 3 4 -6 -7
leaf_value=0.00011013532290476128 1.7490254519451258e-05 0.00058860807150632258 -5.5736058928667118e-05 -0.00098940718371034043 0.0003237547741614751 -3.3671085415407586e-05
leaf_weight=2396 11960 53 617 271 56 5007
leaf_count=2396 11960 53 617 271 56 5007
internal_value=-0.000106801 -0.00121059 -0.0114022 -0.0141992 -0.032003 0.000165362
internal_weight=20360 8400 997 944 327 7403
internal_count=20360 8400 997 944 327 7403
is_linear=0
shrinkage=0.05


Tree=330
num_leaves=7
num_cat=0
split_feature=49 39 40 39 53 42
split_gain=9.86239 23.4078 26.2201 23.3671 34.0227 34.4205
threshold=-0.36943295598030085 0.066567633301019682 0.12325851619243623 0.041007002815604217 -0.20255853980779645 0.13776639103889468
decision_type=2 2 2 2 2 2
left_child=1 2 -1 4 5 -4
right_child=-2 -3 3 -5 -6 -7
leaf_value=3.1115730630727593e-05 -1.2757563730544931e-05 0.00039042488232249816 0.00030792500843626494 0.00015456309960259923 -0.00045662030117466336 -0.00046725141197099173
leaf_weight=6223 12980 153 176 203 363 172
leaf_count=6223 12980 153 176 203 363 172
internal_value=-0.000156597 0.00136737 0.000941613 -0.00693689 -0.0112081 0
internal_weight=20270 7290 7137 914 711 348
internal_count=20270 7290 7137 914 711 348
is_linear=0
shrinkage=0.05


Tree=331
num_leaves=7
num_cat=0
split_feature=44 44 41 2 10 44
split_gain=10.3453 26.6537 38.7649 37.6401 32.2714 30.392
threshold=0.065542574971914305 0.071599468588829054 0.068998310714960112 0.0064285455737262973 -0.10957053303718566 0.069176204502582564
decision_type=2 2 2 2 2 2
left_child=-1 3 4 5 -3 -2
right_child=1 2 -4 -5 -6 -7
leaf_value=-2.7804437728045566e-05 7.0411140727114763e-05 0.00062965432115315387 7.2786898803641801e-06 -6.2660395961338262e-05 -0.00013203992211921877 0.0003144875972724759
leaf_weight=1973 661 50 14761 556 1776 373
leaf_count=1973 661 50 14761 556 1776 373
internal_value=-0.000117837 0.000204873 -0.000387235 0.00637931 -0.00725014 0.0120067
internal_weight=20150 18177 16587 1590 1826 1034
internal_count=20150 18177 16587 1590 1826 1034
is_linear=0
shrinkage=0.05


Tree=332
num_leaves=7
num_cat=0
split_feature=36 22 26 22 6 15
split_gain=10.749 49.669 42.3495 28.9221 42.8775 35.0444
threshold=-0.20715090632438657 0.97499999403953563 -0.037488579750061028 0.72499999403953563 0.48331443965435034 0.075000001117587103
decision_type=2 2 2 2 2 2
left_child=1 -1 -3 -2 5 -5
right_child=3 2 -4 4 -6 -7
leaf_value=-7.2983800642998395e-06 -5.6340405074569153e-06 -0.00067543324377879123 5.3338689449098137e-05 -0.00014271925250668546 -3.5888365239086947e-06 0.00034986531961909653
leaf_weight=7857 8951 325 167 272 1657 1177
leaf_count=7857 8951 325 167 272 1657 1177
internal_value=-0.000150654 -0.00131973 -0.0166499 0.00101351 0.00516715 0.011434
internal_weight=20406 8349 492 12057 3106 1449
internal_count=20406 8349 492 12057 3106 1449
is_linear=0
shrinkage=0.05


Tree=333
num_leaves=7
num_cat=0
split_feature=39 24 0 21 56 37
split_gain=12.336 27.0012 38.6611 37.1348 29.7732 26.9755
threshold=0.014838790055364372 -0.014712864067405461 0.071567777544260039 0.075000001117587103 1.2873501020749248e-07 0.0015224429662339391
decision_type=2 2 2 2 2 2
left_child=-1 2 4 -3 5 -2
right_child=1 3 -4 -5 -6 -7
leaf_value=-1.7620194634576137e-05 0.00032417278785280167 -0.00015405197735421825 -0.00035819453193809193 -8.8993414826950782e-07 -6.1657713899725808e-06 8.7912515592787805e-05
leaf_weight=12950 695 262 271 3807 1095 1178
leaf_count=12950 695 262 271 3807 1095 1178
internal_value=-0.000151754 0.00135034 0.00475493 -0.00135616 0.00641608 0.010237
internal_weight=20258 7308 3239 4069 2968 1873
internal_count=20258 7308 3239 4069 2968 1873
is_linear=0
shrinkage=0.05


Tree=334
num_leaves=7
num_cat=0
split_feature=55 17 2 51 25 41
split_gain=12.1183 36.3878 24.8178 57.786 44.4325 28.7762
threshold=406795.79687500006 0.82500001788139354 0.0078079116065055141 -0.0029040838126093145 0.00090477123740129184 0.1429390832781792
decision_type=2 2 2 2 2 2
left_child=-1 2 3 -2 -5 -4
right_child=1 -3 5 4 -6 -7
leaf_value=1.6143610928320668e-06 -0.00051278554250524058 0.00014287520038597169 8.22906443572048e-05 0.00018347524929459414 -0.00030665987665040795 -0.0011668772482784557
leaf_weight=18656 250 300 604 188 138 104
leaf_count=18656 250 300 604 188 138 104
internal_value=-0.00014201 -0.00445249 -0.00812645 -0.0157917 -0.00173716 -0.00178822
internal_weight=20240 1584 1284 576 326 708
internal_count=20240 1584 1284 576 326 708
is_linear=0
shrinkage=0.05


Tree=335
num_leaves=7
num_cat=0
split_feature=32 36 39 31 31 55
split_gain=12.847 21.8908 21.5459 31.3648 21.4176 24.9774
threshold=-1.0070754885673521 -0.87026068568229664 0.01111077703535557 41.170818328857429 36.232934951782234 43433.005859375007
decision_type=2 2 2 2 2 2
left_child=1 -1 3 -3 5 -2
right_child=4 2 -4 -5 -6 -7
leaf_value=-0.00020037083939049196 4.6984396282827133e-05 0.00028563049833080326 0.00058294205037741906 -0.00055384320650263144 -3.7115628214106063e-06 -0.00034591296058202623
leaf_weight=169 190 202 200 90 19250 241
leaf_count=169 190 202 200 90 19250 241
internal_value=-0.000259252 0.00649399 0.0118209 0.00294613 -0.000565122 -0.0115252
internal_weight=20342 661 492 292 19681 431
internal_count=20342 661 492 292 19681 431
is_linear=0
shrinkage=0.05


Tree=336
num_leaves=7
num_cat=0
split_feature=42 47 36 7 35 55
split_gain=11.7042 52.1346 26.3327 26.3045 23.777 30.7813
threshold=0.16122262924909594 0.81859585642814647 0.39605963230133062 0.51306515932083141 -0.27640862762928003 47701.111328125007
decision_type=2 2 2 2 2 2
left_child=-1 -2 3 -3 -5 -6
right_child=1 2 -4 4 5 -7
leaf_value=-4.8768629485603222e-06 0.0012950957018692589 0.00018367552529840274 0.00082713104368552573 -0.00055997480402087947 0.00021701882657573798 -0.00073862330632932724
leaf_weight=19250 115 429 62 177 141 56
leaf_count=19250 115 429 62 177 141 56
internal_value=-0.000142081 0.00515228 0.000833333 -0.00163985 -0.0112797 0.000618812
internal_weight=20230 980 865 803 374 197
internal_count=20230 980 865 803 374 197
is_linear=0
shrinkage=0.05


Tree=337
num_leaves=7
num_cat=0
split_feature=38 36 12 36 22 1
split_gain=12.8405 13.8599 14.2316 10.801 37.1016 34.1541
threshold=-0.033416893333196633 -0.28669075667858118 0.023571135476231578 0.82941195368766796 0.22500000149011615 -0.030146092176437374
decision_type=2 2 2 2 2 2
left_child=1 -1 -3 -2 5 -5
right_child=3 2 -4 4 -6 -7
leaf_value=-0.00026427594415233369 -5.9994337588434271e-07 -0.00021159183006927383 0.0003659176679237951 0.00038915957036116957 0.00017888711479853881 -0.00018843994230032299
leaf_weight=148 19068 134 76 111 472 362
leaf_count=148 19068 134 76 111 472 362
internal_value=-0.000101835 -0.00929752 -0.000813953 0.000191078 0.00539474 -0.00444561
internal_weight=20371 358 210 20013 945 473
internal_count=20371 358 210 20013 945 473
is_linear=0
shrinkage=0.05


Tree=338
num_leaves=7
num_cat=0
split_feature=32 39 9 50 53 0
split_gain=10.9288 31.5327 38.7538 37.6666 36.6033 29.3924
threshold=-0.33801139891147608 0.0098792579956352728 -0.09013658761978148 -2.2971891164779659 -0.77969416975975026 -0.012621082365512846
decision_type=2 2 2 2 2 2
left_child=1 5 3 -3 -4 -1
right_child=-2 2 4 -5 -6 -7
leaf_value=-0.00029499215632722503 -1.0893990141959327e-05 0.00035856213226232727 0.00056535555462164844 -0.00044939926612642088 8.3422592796758419e-05 6.6489387344196304e-06
leaf_weight=524 13595 84 372 285 2285 3108
leaf_count=524 13595 84 372 285 2285 3108
internal_value=-9.74923e-05 0.00160213 0.00536952 -0.00969251 0.00748497 -0.00153286
internal_weight=20253 6658 3026 369 2657 3632
internal_count=20253 6658 3026 369 2657 3632
is_linear=0
shrinkage=0.05


Tree=339
num_leaves=7
num_cat=0
split_feature=10 45 45 46 46 39
split_gain=11.7391 27.3324 28.5886 24.6352 21.8929 23.5034
threshold=0.018791223876178268 0.052842440083622939 0.056928636506199844 1.3561724424362185 1.2434928417205813 0.035962931811809547
decision_type=2 2 2 2 2 2
left_child=-1 -2 -3 4 5 -4
right_child=1 2 3 -5 -6 -7
leaf_value=-1.2148557672524729e-05 -0.00017892221009693158 0.00025163270165792984 5.848457010046852e-05 0.00045804609016707252 -0.00021348206212571812 -7.6037862633886703e-05
leaf_weight=13525 147 196 5101 122 211 1076
leaf_count=13525 147 196 5101 122 211 1076
internal_value=-0.000126331 0.00170968 0.00218671 0.00160783 0.00116925 0.0017187
internal_weight=20378 6853 6706 6510 6388 6177
internal_count=20378 6853 6706 6510 6388 6177
is_linear=0
shrinkage=0.05


Tree=340
num_leaves=7
num_cat=0
split_feature=6 50 47 51 20 44
split_gain=10.9917 13.2798 14.6531 20.9369 15.8361 14.751
threshold=0.99996218085289013 0.59383815526962291 0.91433009505271923 -0.05610344931483268 0.97499999403953563 0.091017346829175963
decision_type=2 2 2 2 2 2
left_child=-1 -2 -3 -4 5 -5
right_child=1 2 3 4 -6 -7
leaf_value=5.0448475620124699e-06 0.00017531962901198893 -0.00024529963786098602 -0.00044448203267734553 3.8635671758459424e-05 -0.00032140607117463307 0.00063454533330031316
leaf_weight=19672 93 276 54 66 69 56
leaf_count=19672 93 276 54 66 69 56
internal_value=-0.000200828 -0.00642165 -0.00955323 -0.0005 0.00727041 0.0179134
internal_weight=20286 614 521 245 191 122
internal_count=20286 614 521 245 191 122
is_linear=0
shrinkage=0.05


Tree=341
num_leaves=7
num_cat=0
split_feature=6 25 48 45 41 15
split_gain=10.3164 24.3448 28.9603 28.2865 32.766 25.9046
threshold=0.14372611790895465 -0.039381008595228188 -0.66970542073249806 0.12647675722837451 0.10031357407569887 0.12500000372529033
decision_type=2 2 2 2 2 2
left_child=1 -1 3 4 -3 -5
right_child=-2 2 -4 5 -6 -7
leaf_value=-9.2687063068505824e-05 -8.1430985285258293e-06 9.5200440122339056e-05 -6.0439607068705359e-05 0.00018159021493067618 -0.00032945114538115907 0.00053012474380436986
leaf_weight=831 16322 1759 770 163 273 191
leaf_count=831 16322 1759 770 163 273 191
internal_value=-0.00018091 0.00228582 0.00429453 0.00701589 0.00470054 0.0199861
internal_weight=20309 3987 3156 2386 2032 354
internal_count=20309 3987 3156 2386 2032 354
is_linear=0
shrinkage=0.05


Tree=342
num_leaves=7
num_cat=0
split_feature=44 33 36 41 12 42
split_gain=10.5242 30.4486 28.8407 37.1187 32.5892 29.4455
threshold=0.14405981451272967 0.34773781895637518 0.63113021850585949 0.10948589071631433 0.028298215009272102 0.16625604033470157
decision_type=2 2 2 2 2 2
left_child=-1 2 3 4 -2 -5
right_child=1 -3 -4 5 -6 -7
leaf_value=-7.139674340065231e-06 0.0014414755035063638 -0.00027598823934129918 -0.00056369481017092102 0.0002391263014523198 6.2629614935874912e-05 -0.00015338739437025691
leaf_weight=18995 144 157 69 510 108 342
leaf_count=18995 144 157 69 510 108 342
internal_value=-0.000141417 0.00410112 0.00689728 0.00890442 0.0255837 0.00382147
internal_weight=20325 1330 1173 1104 252 852
internal_count=20325 1330 1173 1104 252 852
is_linear=0
shrinkage=0.05


Tree=343
num_leaves=7
num_cat=0
split_feature=35 38 3 35 35 36
split_gain=11.4793 37.3744 46.4365 54.9912 35.7029 35.3895
threshold=-0.021039686165750023 0.0037818537093698983 0.0069496119394898423 0.34000444412231451 0.074290368705987944 0.23424459248781207
decision_type=2 2 2 2 2 2
left_child=-1 2 3 -2 5 -3
right_child=1 4 -4 -5 -6 -7
leaf_value=-1.6555666254585874e-05 5.0105802507571289e-05 0.00019892443686595873 0.00015659610270088738 -0.00017823905713918828 -5.7875827279133161e-05 -0.00026387292519382434
leaf_weight=10678 964 616 3534 781 3488 151
leaf_count=10678 964 616 3534 781 3488 151
internal_value=-0.000132314 0.00143359 0.00424394 -0.00241429 -0.00204812 0.00767487
internal_weight=20212 9534 5279 1745 4255 767
internal_count=20212 9534 5279 1745 4255 767
is_linear=0
shrinkage=0.05


Tree=344
num_leaves=7
num_cat=0
split_feature=21 44 22 55 15 9
split_gain=11.0393 40.556 30.8055 63.6152 37.8733 35.7423
threshold=0.37500000000000006 0.12697502970695498 0.17500000447034839 25607.137695312504 0.27500000596046453 -0.09013658761978148
decision_type=2 2 2 2 2 2
left_child=1 2 3 4 -1 -4
right_child=-2 -3 5 -5 -6 -7
leaf_value=0.0001380515757471597 -1.710017440799028e-05 -0.00040906115820700165 -0.00064425293249965789 1.9341403671061665e-05 -0.00040017761796247008 9.0727395623832699e-05
leaf_weight=104 13167 242 57 2422 417 3891
leaf_count=104 13167 242 57 2422 417 3891
internal_value=-0.000136666 0.00137644 0.00209179 -0.00177239 -0.017538 0.00497723
internal_weight=20300 7133 6891 2943 521 3948
internal_count=20300 7133 6891 2943 521 3948
is_linear=0
shrinkage=0.05


Tree=345
num_leaves=7
num_cat=0
split_feature=24 21 3 46 21 27
split_gain=14.0265 14.5849 15.6288 12.1789 52.7028 26.3909
threshold=0.11849110573530199 0.32500000298023229 0.0093600726686418074 1.2434928417205813 0.77500000596046459 0.035921897739171989
decision_type=2 2 2 2 2 2
left_child=3 -2 -3 -1 5 -5
right_child=1 2 -4 4 -6 -7
leaf_value=4.5381115954206082e-06 0.00019639941481721076 -0.0006053795086698446 -0.00011332612571503774 -0.00028489434239948935 0.00011741701806603135 0.00033915631423358432
leaf_weight=18649 62 51 192 548 630 64
leaf_count=18649 62 51 192 548 630 64
internal_value=-0.00015222 -0.0107258 -0.0162298 -6.28267e-06 -0.0047915 -0.0151945
internal_weight=20196 305 243 19891 1242 612
internal_count=20196 305 243 19891 1242 612
is_linear=0
shrinkage=0.05


Tree=346
num_leaves=7
num_cat=0
split_feature=54 42 45 39 42 35
split_gain=16.3228 19.7413 25.5694 40.4755 41.1961 32.7471
threshold=-0.02112224884331226 0.06594369933009149 0.071333695203065886 -0.0089117735624313337 0.071149747818708434 0.41761291027069097
decision_type=2 2 2 2 2 2
left_child=1 -1 3 -3 -5 -4
right_child=-2 2 5 4 -6 -7
leaf_value=7.1026544508280052e-05 1.559896714054583e-05 -0.00089599578869173498 -8.4175097650114258e-05 0.00021145246206023577 -0.00035321540260331059 9.6614898418081284e-05
leaf_weight=633 13656 121 4326 147 191 1255
leaf_count=633 13656 121 4326 147 191 1255
internal_value=-0.000126635 -0.00189054 -0.00277502 -0.0140625 -0.00488338 -0.00183047
internal_weight=20329 6673 6040 459 338 5581
internal_count=20329 6673 6040 459 338 5581
is_linear=0
shrinkage=0.05


Tree=347
num_leaves=7
num_cat=0
split_feature=36 22 36 0 2 26
split_gain=12.3795 30.4607 28.1713 31.1084 30.6861 22.3129
threshold=0.82941195368766796 0.22500000149011615 0.90532210469245922 -0.032667215913534157 0.0059185558930039414 0.044550698250532157
decision_type=2 2 2 2 2 2
left_child=-1 2 3 -2 -5 -3
right_child=1 5 -4 4 -6 -7
leaf_value=-7.3873430830128648e-06 -0.00057376636555749678 0.00022217283038004589 -0.00030420467787809342 -0.00025501084818770433 0.00035161080281951944 -7.592591734366696e-05
leaf_weight=19296 50 400 136 80 208 86
leaf_count=19296 50 400 136 80 208 86
internal_value=-9.25423e-05 0.00525907 -0.00370564 0.00400875 0.0104949 0.014002
internal_weight=20256 960 474 338 288 486
internal_count=20256 960 474 338 288 486
is_linear=0
shrinkage=0.05


Tree=348
num_leaves=7
num_cat=0
split_feature=35 51 36 27 48 38
split_gain=11.0239 29.6478 22.0731 28.864 28.2722 17.2569
threshold=0.83205384016036998 0.015996621921658519 0.86825728416442882 0.02780676539987326 -1.1167309284210203 -0.0076962367165833703
decision_type=2 2 2 2 2 2
left_child=2 5 -1 4 -4 -2
right_child=1 -3 3 -5 -6 -7
leaf_value=-5.695984116448928e-06 -4.892026828663462e-05 8.1513745161964282e-05 -3.0511195811292283e-05 -0.00025154527196203665 0.00027424115548836615 -0.00070298375484159419
leaf_weight=19622 54 181 96 89 216 87
leaf_count=19622 54 181 96 89 216 87
internal_value=-0.000126536 -0.00940367 -0.000146046 0.0113916 0.0185331 -0.0261986
internal_weight=20345 322 20023 401 312 141
internal_count=20345 322 20023 401 312 141
is_linear=0
shrinkage=0.05


Tree=349
num_leaves=7
num_cat=0
split_feature=36 52 41 14 36 23
split_gain=12.5138 24.8832 38.5865 22.3114 20.0497 28.6712
threshold=-0.89245477318763722 -0.00029762166377622629 0.0756259821355343 0.17500000447034839 -0.93727743625640858 -0.00060089360340498377
decision_type=2 2 2 2 2 2
left_child=1 2 -1 -4 -3 -6
right_child=-2 4 3 -5 5 -7
leaf_value=0.00068977592160104299 2.4680054318719677e-06 -7.2807453672040184e-06 -0.00063316812588997805 3.7118830706119147e-05 -5.8514077707828551e-05 -0.00044958904988801258
leaf_weight=55 19196 207 61 328 166 155
leaf_count=55 19196 207 61 328 166 155
internal_value=-8.30318e-05 -0.00560389 0.00306236 -0.00260152 -0.0128987 -0.0206288
internal_weight=20168 972 444 389 528 321
internal_count=20168 972 444 389 528 321
is_linear=0
shrinkage=0.05


Tree=350
num_leaves=7
num_cat=0
split_feature=56 53 12 51 39 45
split_gain=12.7185 18.5483 25.3353 27.411 24.8403 24.3909
threshold=1.2873501020749248e-07 -0.4262325912714004 -0.026346651837229725 -0.0055957131553441277 -0.013720045797526835 0.099204272031784071
decision_type=2 2 2 2 2 2
left_child=1 -1 3 4 -3 -5
right_child=-2 2 -4 5 -6 -7
leaf_value=7.9049760124711446e-05 -1.9297579833614359e-05 -0.00031551260087252773 -2.1514049798878645e-05 0.00033707701230360505 4.3562959017897505e-05 7.3965088485673867e-05
leaf_weight=2491 8627 178 6809 470 1262 405
leaf_count=2491 8627 178 6809 470 1262 405
internal_value=-0.000156813 0.00119836 0.000150619 0.00466595 0.000397924 0.0116193
internal_weight=20242 11615 9124 2315 1440 875
internal_count=20242 11615 9124 2315 1440 875
is_linear=0
shrinkage=0.05


Tree=351
num_leaves=7
num_cat=0
split_feature=41 44 27 45 19 44
split_gain=11.8152 49.8399 41.1154 39.7692 35.2782 32.4894
threshold=0.066433291882276549 0.075999021530151381 -0.025373187847435471 0.067310057580471053 0.22500000149011615 0.10425433516502382
decision_type=2 2 2 2 2 2
left_child=1 2 -1 4 -2 -3
right_child=3 5 -4 -5 -6 -7
leaf_value=0.0001705352124224249 -0.00011765224993360417 -0.00028983089120891004 -7.8851795327942469e-06 4.194912308621383e-06 0.00034032155841323859 0.0001208566907299123
leaf_weight=304 66 858 2973 15667 258 145
leaf_count=304 66 858 2973 15667 258 145
internal_value=-0.000196045 -0.00230455 0.00067794 0.000651725 0.0178571 -0.0120288
internal_weight=20271 4280 3277 15991 324 1003
internal_count=20271 4280 3277 15991 324 1003
is_linear=0
shrinkage=0.05


Tree=352
num_leaves=7
num_cat=0
split_feature=23 47 46 21 39 3
split_gain=12.3888 16.9654 13.29 33.6444 33.2444 22.3763
threshold=-0.043637784197926514 0.95798778533935558 1.2434928417205813 0.87500000000000011 0.041007002815604217 0.011623790953308346
decision_type=2 2 2 2 2 2
left_child=1 -1 -2 -4 5 -5
right_child=2 -3 3 4 -6 -7
leaf_value=-0.00027033356818496093 1.1433156766216691e-06 0.00026467742875288292 -0.00016066574769194771 0.00010355449971129313 0.0010930673507947263 -0.00037873805161590864
leaf_weight=76 18798 265 781 183 84 123
leaf_count=76 18798 265 781 183 84 123
internal_value=-0.000215358 0.00932081 -0.000221538 -0.0053784 0.00651899 -0.00120579
internal_weight=20310 341 19969 1171 390 306
internal_count=20310 341 19969 1171 390 306
is_linear=0
shrinkage=0.05


Tree=353
num_leaves=7
num_cat=0
split_feature=44 22 51 36 43 2
split_gain=14.0677 25.0031 24.695 24.8019 39.3559 24.5375
threshold=0.065542574971914305 0.075000001117587103 0.0049339241813868293 -0.7259773015975951 0.054185321554541595 0.0060466930735856303
decision_type=2 2 2 2 2 2
left_child=1 -1 3 -3 -5 -4
right_child=-2 2 5 4 -6 -7
leaf_value=2.7536607002766639e-05 5.2723219378612027e-06 0.00016444816421814807 1.3739175896828575e-05 -0.0004915122160687981 -8.6588810510807902e-05 -0.00021835617794573991
leaf_weight=772 18383 78 553 179 178 197
leaf_count=772 18383 78 553 179 178 197
internal_value=-0.000190464 -0.00403925 -0.00859244 -0.0180114 -0.0235497 -0.00301325
internal_weight=20340 1957 1185 435 357 750
internal_count=20340 1957 1185 435 357 750
is_linear=0
shrinkage=0.05


Tree=354
num_leaves=7
num_cat=0
split_feature=30 49 55 0 55 51
split_gain=11.6192 26.365 23.2748 46.9595 30.7982 44.504
threshold=54.029964447021491 0.91559165716171276 148592.86718750003 -0.051125772297382348 61682.826171875007 -0.05610344931483268
decision_type=2 2 2 2 2 2
left_child=1 2 4 -4 -1 -6
right_child=-2 -3 3 -5 5 -7
leaf_value=-8.0206081973030124e-06 -2.4306600099612984e-05 0.00023615342490593771 0.00041471337852992814 -0.000106250994962014 -5.4177733037092174e-05 0.00015131489116862985
leaf_weight=7048 8133 414 109 1886 845 1879
leaf_count=7048 8133 414 109 1886 845 1879
internal_value=-0.000141493 0.000740604 0.000299439 -0.0046125 0.00130664 0.00581715
internal_weight=20314 12181 11767 1995 9772 2724
internal_count=20314 12181 11767 1995 9772 2724
is_linear=0
shrinkage=0.05


Tree=355
num_leaves=7
num_cat=0
split_feature=35 41 41 42 39 55
split_gain=9.49582 44.715 53.5028 46.3907 40.4312 47.3935
threshold=0.22411520034074786 0.10208025574684144 0.07653966918587686 0.099904328584671034 -0.037529276683926575 69843.496093750015
decision_type=2 2 2 2 2 2
left_child=-1 2 -2 -4 -3 -6
right_child=1 4 3 -5 5 -7
leaf_value=7.6398273162866983e-06 -4.7285702009825568e-05 0.00090442557685041589 0.00023593781611752699 -6.6936059256080075e-05 -0.00051832411552105932 0.00016225755958350235
leaf_weight=14871 2581 92 1141 655 816 256
leaf_count=14871 2581 92 1141 655 816 256
internal_value=-0.000135916 -0.00189776 0.000416476 0.00703776 -0.010586 -0.0133473
internal_weight=20412 5541 4377 1796 1164 1072
internal_count=20412 5541 4377 1796 1164 1072
is_linear=0
shrinkage=0.05


Tree=356
num_leaves=7
num_cat=0
split_feature=39 2 3 40 26 45
split_gain=10.5535 35.445 55.9167 36.3378 43.9917 40.3474
threshold=0.017648831009864811 0.0040498867165297278 0.0066009124275296935 0.08548880368471147 0.014577186200767757 0.1142154671251774
decision_type=2 2 2 2 2 2
left_child=-1 -2 -3 4 -4 -6
right_child=1 2 3 -5 5 -7
leaf_value=-1.3431564413275828e-05 -0.00032528420477265533 0.00012712921088252829 8.4675828656333867e-06 6.9907863743965979e-05 -0.00020665516375945378 0.00046873904245185781
leaf_weight=13499 69 1020 1644 3092 850 61
leaf_count=13499 69 1020 1644 3092 850 61
internal_value=-0.000151927 0.0016281 0.00201214 5.75018e-05 -0.0043457 -0.0131277
internal_weight=20235 6736 6667 5647 2555 911
internal_count=20235 6736 6667 5647 2555 911
is_linear=0
shrinkage=0.05


Tree=357
num_leaves=7
num_cat=0
split_feature=44 3 45 46 50 55
split_gain=10.8792 30.1714 27.7283 24.6997 28.7404 21.9885
threshold=0.065542574971914305 0.0064781971741467723 0.059223435819149024 1.1038091182708742 1.6154478192329409 49836.833984375007
decision_type=2 2 2 2 2 2
left_child=1 2 3 4 5 -1
right_child=-2 -3 -4 -5 -6 -7
leaf_value=-0.00039343721805062856 5.7751595454904121e-06 -0.00064604635055409395 7.6563522516992936e-05 4.7956802901044891e-05 0.00034275229873873919 -5.8478160296025549e-05
leaf_weight=125 18466 154 352 285 74 967
leaf_count=125 18466 154 352 285 74 967
internal_value=-0.000135843 -0.00347859 -0.00161781 -0.0046875 -0.00792058 -0.0100046
internal_weight=20423 1957 1803 1451 1166 1092
internal_count=20423 1957 1803 1451 1166 1092
is_linear=0
shrinkage=0.05


Tree=358
num_leaves=7
num_cat=0
split_feature=35 45 52 54 49 27
split_gain=10.9127 33.6907 27.496 35.1787 21.8575 23.127
threshold=-0.81510189175605763 0.10459265485405923 -0.00013557484635384751 0.07094809785485269 -0.99626323580741871 -0.0012502096360549329
decision_type=2 2 2 2 2 2
left_child=1 2 3 -1 -4 -6
right_child=-2 -3 4 -5 5 -7
leaf_value=0.00038336782663201839 -3.3694291766211638e-07 -0.00043501565562082577 0.00029203960195421414 -0.00013584794200593997 -0.0002432744133806761 6.4996576741784429e-05
leaf_weight=271 19263 185 60 145 242 104
leaf_count=271 19263 185 60 145 242 104
internal_value=-0.000245376 -0.00536067 -0.000937122 0.00801663 -0.0101582 -0.0150285
internal_weight=20270 1007 822 416 406 346
internal_count=20270 1007 822 416 406 346
is_linear=0
shrinkage=0.05


Tree=359
num_leaves=7
num_cat=0
split_feature=7 50 0 44 40 44
split_gain=12.4281 20.6635 27.5998 36.4771 26.7753 24.1297
threshold=0.35170195996761328 1.1556104421615603 0.01562661956995726 0.13022792339324954 0.047120794653892524 0.093400225043296828
decision_type=2 2 2 2 2 2
left_child=1 2 -1 4 -4 -3
right_child=-2 5 3 -5 -6 -7
leaf_value=-1.8745686871541897e-05 -1.4653257543133064e-05 0.00037082105910175319 -0.00018105351979401298 0.00045119494925638322 7.7865148190472345e-05 5.0280883796251528e-05
leaf_weight=5364 11895 163 118 394 2099 243
leaf_count=5364 11895 163 118 394 2099 243
internal_value=-0.000176273 0.00141009 0.000842732 0.00505543 0.0025315 0.0123479
internal_weight=20276 8381 7975 2611 2217 406
internal_count=20276 8381 7975 2611 2217 406
is_linear=0
shrinkage=0.05


Tree=360
num_leaves=7
num_cat=0
split_feature=9 22 44 35 32 21
split_gain=11.308 21.0741 30.1089 27.8464 24.2176 19.7122
threshold=-0.038119325414299958 0.82500001788139354 0.15562175214290622 -0.40325506031513209 0.3121121227741242 0.82500001788139354
decision_type=2 2 2 2 2 2
left_child=-1 2 5 -3 -4 -2
right_child=1 3 4 -5 -6 -7
leaf_value=2.6736016083789651e-05 -1.1098671496363191e-05 -0.00034196707212489394 0.0014367033623596431 -2.9589228325151718e-05 7.3993295679545417e-05 0.00016103028781479318
leaf_weight=6847 10716 536 66 1387 92 616
leaf_count=6847 10716 536 66 1387 92 616
internal_value=-0.000112263 -0.00082911 -1.5224e-05 -0.00566649 0.021319 -0.00032416
internal_weight=20260 13413 11490 1923 158 11332
internal_count=20260 13413 11490 1923 158 11332
is_linear=0
shrinkage=0.05


Tree=361
num_leaves=7
num_cat=0
split_feature=51 21 32 46 6 36
split_gain=9.42566 28.646 40.616 44.9349 33.0035 32.2099
threshold=-0.14156451821327207 0.52500000596046459 0.099164355546236052 0.8069085180759431 0.73069322109222423 -0.30778922140598292
decision_type=2 2 2 2 2 2
left_child=1 2 3 -1 5 -3
right_child=-2 4 -4 -5 -6 -7
leaf_value=0.00012133538398998106 4.2085221027919796e-06 -0.00015372779028709882 0.00014572957872826045 -0.00034998113905804348 -0.00065165697596431948 9.5768889033789019e-05
leaf_weight=139 16299 804 332 871 68 1838
leaf_count=139 16299 804 332 871 68 1838
internal_value=-0.000190362 -0.00233547 -0.00829621 -0.0132759 0.000616943 0.00153948
internal_weight=20351 4052 1342 1010 2710 2642
internal_count=20351 4052 1342 1010 2710 2642
is_linear=0
shrinkage=0.05


Tree=362
num_leaves=7
num_cat=0
split_feature=51 47 28 42 47 24
split_gain=13.9051 45.3178 38.6205 36.3109 50.8621 30.4543
threshold=-0.14156451821327207 1.0083326101303103 0.015553657431155445 0.094666030257940306 0.82674679160118114 -0.036872418597340577
decision_type=2 2 2 2 2 2
left_child=1 3 -3 5 -5 -1
right_child=-2 2 -4 4 -6 -7
leaf_value=0.00018372827358303828 7.2021613322452094e-06 8.9826877032197751e-05 -0.00038205351003245576 -4.525771107206215e-05 -0.00049882184858835864 -0.00014060622046718139
leaf_weight=362 16150 1764 183 461 533 691
leaf_count=362 16150 1764 183 461 533 691
internal_value=-0.00019728 -0.00266942 0.0027792 -0.00785819 -0.0146897 -0.00134688
internal_weight=20144 3994 1947 2047 994 1053
internal_count=20144 3994 1947 2047 994 1053
is_linear=0
shrinkage=0.05


Tree=363
num_leaves=7
num_cat=0
split_feature=48 22 1 38 38 39
split_gain=8.63034 57.3973 70.0485 71.5548 55.7909 54.5936
threshold=-0.18088978528976438 0.82500001788139354 0.038832800462841995 -0.006844229530543088 0.01869897730648518 -0.015411057509481905
decision_type=2 2 2 2 2 2
left_child=4 2 5 -4 -1 -2
right_child=1 -3 3 -5 -6 -7
leaf_value=6.102856129520246e-06 0.00018211780078811321 -0.00012165902727701277 -0.00011373476854744872 0.00063573849859763372 -0.00017254168599647692 -1.2533692914290909e-05
leaf_weight=8644 1543 1986 221 507 1616 5835
leaf_count=8644 1543 1986 221 507 1616 5835
internal_value=-0.000146141 0.00108696 0.00295586 0.0177012 -0.000971749 0.00148652
internal_weight=20352 10092 8106 728 10260 7378
internal_count=20352 10092 8106 728 10260 7378
is_linear=0
shrinkage=0.05


Tree=364
num_leaves=7
num_cat=0
split_feature=26 47 46 0 43 12
split_gain=16.616 32.8994 25.1141 26.449 23.3409 18.0128
threshold=0.12573938071727755 0.87005406618118297 0.88490545749664318 -0.065203592181205736 0.092846389859914794 0.054945219308137901
decision_type=2 2 2 2 2 2
left_child=5 -2 4 -4 -3 -1
right_child=1 2 3 -5 -6 -7
leaf_value=2.8922188965653911e-06 -0.00029911388117093607 0.00010936691067904709 -9.7153263003775276e-05 0.00030675257033876936 -0.00044620557460652407 -0.00010744019443174885
leaf_weight=18324 162 118 86 534 59 898
leaf_count=18324 162 118 86 534 59 898
internal_value=-0.000162241 0.0065612 0.0107544 0.01548 -0.00563187 -0.000165132
internal_weight=20181 959 797 620 177 19222
internal_count=20181 959 797 620 177 19222
is_linear=0
shrinkage=0.05


Tree=365
num_leaves=7
num_cat=0
split_feature=57 12 27 9 0 38
split_gain=8.96552 15.4079 20.9808 26.3031 31.2863 35.458
threshold=-5.568287804180726e-07 -0.028144697658717629 -0.033129336312413209 -0.023859232664108273 -0.017548572272062298 0.016842477023601535
decision_type=2 2 2 2 2 2
left_child=-1 -2 -3 4 -4 -6
right_child=1 2 3 -5 5 -7
leaf_value=-3.1040774961602913e-05 5.8782589452234182e-05 0.00012141941800173987 3.7439273256690643e-05 9.0671225606681418e-06 -8.3736002160124441e-05 -0.00037962442490141186
leaf_weight=4029 4567 926 1102 7184 2176 397
leaf_count=4029 4567 926 1102 7184 2176 397
internal_value=-0.000106691 0.000493672 -0.000460136 -0.00107925 -0.00451766 -0.00753491
internal_weight=20381 16352 11785 10859 3675 2573
internal_count=20381 16352 11785 10859 3675 2573
is_linear=0
shrinkage=0.05


Tree=366
num_leaves=7
num_cat=0
split_feature=34 11 12 55 36 55
split_gain=15.0894 18.685 17.0266 32.7785 21.483 21.8924
threshold=0.66135558485984813 0.0019196880748495462 0.038056638091802604 89813.296875000015 0.35580416023731237 37050.644531250007
decision_type=2 2 2 2 2 2
left_child=-1 -2 -3 4 5 -4
right_child=1 2 3 -5 -6 -7
leaf_value=9.6857144432556136e-06 6.2943946689847157e-05 4.3441122858412821e-05 0.00020737869814013962 -0.00040922350677788594 -0.00032751570953920843 -0.00010317900739902128
leaf_weight=18927 289 283 152 156 252 154
leaf_count=18927 289 283 152 156 252 154
internal_value=-0.000196607 -0.00486057 -0.00810878 -0.0122045 -0.00634991 0.00249196
internal_weight=20213 1286 997 714 558 306
internal_count=20213 1286 997 714 558 306
is_linear=0
shrinkage=0.05


Tree=367
num_leaves=7
num_cat=0
split_feature=57 35 41 55 56 30
split_gain=9.80784 17.8131 25.1197 20.9212 20.3446 14.7157
threshold=-5.568287804180726e-07 -0.074390649795532213 0.067778032273054137 9.9638743400573748 4.7205477304856921e-09 71.826808929443374
decision_type=2 2 2 2 2 2
left_child=1 2 -1 4 -4 -5
right_child=-2 -3 3 5 -6 -7
leaf_value=-0.00023678104525719026 6.8076757327421293e-06 7.8690596221664674e-06 0.00023067655507897174 -5.4417726434691383e-05 -0.00031502104952194299 0.00031053620463718272
leaf_weight=179 16187 2194 73 1086 393 113
leaf_count=179 16187 2194 73 1086 393 113
internal_value=-0.000201434 -0.00231882 -0.00593564 -0.00396707 -0.0128981 -0.000436047
internal_weight=20225 4038 1844 1665 466 1199
internal_count=20225 4038 1844 1665 466 1199
is_linear=0
shrinkage=0.05


Tree=368
num_leaves=7
num_cat=0
split_feature=27 4 22 55 28 0
split_gain=10.9386 37.7743 51.075 31.9464 17.5772 23.2189
threshold=-0.061197143048048012 -0.38973870873451227 0.82500001788139354 19032.953125000004 -0.017140260897576805 0.016935498453676704
decision_type=2 2 2 2 2 2
left_child=1 -1 -3 -4 5 -2
right_child=4 2 3 -5 -6 -7
leaf_value=0.00023825340355052881 -0.00023690014169862824 -0.00079845472121527726 0.00079386057574790331 -0.00015832628183091204 2.2558076843243353e-06 6.7919447408134004e-05
leaf_weight=709 924 136 81 78 17951 389
leaf_count=709 924 136 81 78 17951 389
internal_value=-8.75549e-05 0.00512884 -0.00975 0.00929878 -0.00021148 -0.00578528
internal_weight=20268 1004 295 159 19264 1313
internal_count=20268 1004 295 159 19264 1313
is_linear=0
shrinkage=0.05


Tree=369
num_leaves=7
num_cat=0
split_feature=10 15 55 21 39 42
split_gain=15.9471 24.3351 27.5184 53.919 24.5626 39.9421
threshold=0.025472431443631652 0.37500000000000006 61682.826171875007 0.67499998211860668 0.027064568363130096 0.11880034953355791
decision_type=2 2 2 2 2 2
left_child=-1 2 3 -2 5 -3
right_child=1 4 -4 -5 -6 -7
leaf_value=-1.284202267106531e-05 -0.0001993218171583936 7.786145632016093e-05 0.00040943460538796634 0.00048833438795085828 -6.9515869011962597e-05 -0.00019452547211422732
leaf_weight=14063 289 3164 417 214 1442 658
leaf_count=14063 289 3164 417 214 1442 658
internal_value=-0.000220966 0.00211262 0.00959459 0.00162402 0.00079237 0.00289391
internal_weight=20247 6184 920 503 5264 3822
internal_count=20247 6184 920 503 5264 3822
is_linear=0
shrinkage=0.05


Tree=370
num_leaves=7
num_cat=0
split_feature=10 38 41 45 26 48
split_gain=11.741 29.2196 36.2786 22.3835 22.1767 21.8216
threshold=0.018791223876178268 0.023291214369237426 0.1136310137808323 0.052842440083622939 0.048612209036946304 1.2699006795883181
decision_type=2 2 2 2 2 2
left_child=-1 3 -3 -2 -4 -5
right_child=1 2 4 5 -6 -7
leaf_value=-1.4219629396204983e-05 -0.00015547169525824986 -0.00025611992085774516 0.0005836265102580581 8.007933565787277e-05 -0.00013623789255108438 -4.2732995250385249e-05
leaf_weight=13400 132 588 60 5166 68 814
leaf_count=13400 132 588 60 5166 68 814
internal_value=-0.000236001 0.00150373 -0.00800971 0.00262792 0.0156015 0.00308688
internal_weight=20228 6828 716 6112 128 5980
internal_count=20228 6828 716 6112 128 5980
is_linear=0
shrinkage=0.05


Tree=371
num_leaves=7
num_cat=0
split_feature=42 51 35 55 44 36
split_gain=11.4112 30.2405 34.0576 29.3028 46.6296 44.0683
threshold=0.093496512621641173 1.7951582670211794 0.17113492637872699 47701.111328125007 0.064040817320346846 -0.12665252387523648
decision_type=2 2 2 2 2 2
left_child=1 3 -3 4 -1 -6
right_child=-2 2 -4 -5 5 -7
leaf_value=-0.00053431296233335797 -2.2787555557886828e-05 -0.00066783739359476942 1.642477949293954e-05 -5.6556195254558275e-06 6.5201992748514286e-06 0.00016838230705732975
leaf_weight=158 9203 181 240 6635 1873 2063
leaf_count=158 9203 181 240 6635 1873 2063
internal_value=-0.000146134 0.00102869 -0.0120305 0.00154882 0.00487314 0.00595661
internal_weight=20353 11150 421 10729 4094 3936
internal_count=20353 11150 421 10729 4094 3936
is_linear=0
shrinkage=0.05


Tree=372
num_leaves=7
num_cat=0
split_feature=32 43 36 12 42 44
split_gain=17.3102 22.2583 23.6755 17.5243 24.7745 17.7715
threshold=-1.0070754885673521 0.086397387087345137 -0.83009639382362355 -0.12533438950777051 0.090549305081367507 0.095390073955059065
decision_type=2 2 2 2 2 2
left_child=1 -1 -3 -4 5 -5
right_child=-2 2 3 4 -6 -7
leaf_value=0.00038317704082309876 -5.7565566514558939e-06 -0.00034989415650033814 0.00068354204649130601 7.4727876664551843e-06 -0.00040117949075530373 0.0011877906741038641
leaf_weight=164 19682 113 112 70 140 55
leaf_count=164 19682 113 112 70 140 55
internal_value=-0.000190502 0.00785281 0.00237374 0.00844241 0.0012037 0.0171154
internal_weight=20336 654 490 377 265 125
internal_count=20336 654 490 377 265 125
is_linear=0
shrinkage=0.05


Tree=373
num_leaves=7
num_cat=0
split_feature=25 19 40 4 38 10
split_gain=10.1196 22.3952 24.6585 24.4609 32.1439 20.191
threshold=-0.0064728793222457162 0.47499999403953558 0.11954455450177194 -0.38973870873451227 0.0077777013648301372 -0.072034962475299821
decision_type=2 2 2 2 2 2
left_child=1 2 -1 4 -4 -6
right_child=-2 -3 3 -5 5 -7
leaf_value=2.1828687982209849e-05 -1.2568162827012462e-05 0.00012059979948608933 -0.00017550415033758916 -0.00032752651850796944 -2.2757929066792062e-05 0.0005127118396588597
leaf_weight=5991 12122 1081 396 478 104 140
leaf_count=5991 12122 1081 396 478 104 140
internal_value=-0.000230103 0.00125381 0.000228423 -0.00656723 -0.000116279 0.0139558
internal_weight=20312 8190 7109 1118 640 244
internal_count=20312 8190 7109 1118 640 244
is_linear=0
shrinkage=0.05


Tree=374
num_leaves=7
num_cat=0
split_feature=34 8 48 50 38 1
split_gain=10.3274 16.1872 34.7208 25.3123 29.3036 34.7743
threshold=0.79666468501091015 0.72430789470672619 -0.35433647036552424 0.43876391649246221 0.011740411631762983 0.032556319609284408
decision_type=2 2 2 2 2 2
left_child=1 -1 -3 -4 -5 -6
right_child=-2 2 3 4 5 -7
leaf_value=-1.2773981447991231e-05 -8.326677772344375e-05 -7.5055446996439475e-05 0.00020669557162065482 -5.1343771475765784e-06 5.1860466048354763e-05 0.00055736355062396955
leaf_weight=14533 670 1150 952 2290 510 234
leaf_count=14533 670 1150 952 2290 510 234
internal_value=-0.000126573 -4.19335e-05 0.00236822 0.00457905 0.00232807 0.0109146
internal_weight=20339 19669 5136 3986 3034 744
internal_count=20339 19669 5136 3986 3034 744
is_linear=0
shrinkage=0.05


Tree=375
num_leaves=7
num_cat=0
split_feature=46 21 27 42 51 53
split_gain=12.0013 46.0679 43.2616 29.0443 17.5702 25.0353
threshold=1.2434928417205813 0.77500000596046459 0.032926511019468314 0.064225222915411009 -0.086839362978935228 -0.25709968805313105
decision_type=2 2 2 2 2 2
left_child=-1 2 3 -2 5 -5
right_child=1 -3 -4 4 -6 -7
leaf_value=4.0067332879813523e-06 6.131802325110632e-05 0.00010919546806131956 0.00031617540206330238 0.00012697963651187231 -0.00055976997891822177 -0.00040103296535791834
leaf_weight=19024 78 663 91 86 250 137
leaf_count=19024 78 663 91 86 250 137
internal_value=-0.000200403 -0.00467557 -0.0141808 -0.0194694 -0.0241109 -0.0132675
internal_weight=20329 1305 642 551 473 223
internal_count=20329 1305 642 551 473 223
is_linear=0
shrinkage=0.05


Tree=376
num_leaves=7
num_cat=0
split_feature=54 36 6 38 47 43
split_gain=12.7632 12.591 10.1963 14.5427 20.3405 10.6931
threshold=-1.2074918150901792 0.45699056982994085 0.99996218085289013 0.015767783857882026 0.86320689320564281 0.064618334174156203
decision_type=2 2 2 2 2 2
left_child=1 -1 -2 5 -5 -4
right_child=2 -3 3 4 -6 -7
leaf_value=-0.00030415890822705358 6.3366461452290695e-06 0.00024909137865138369 2.2065588704855155e-05 -0.00017470218794087236 0.00027844906700076974 -0.00022966267965480563
leaf_weight=261 19339 79 103 65 101 343
leaf_count=261 19339 79 103 65 101 343
internal_value=-6.77473e-05 -0.00949275 0.000206705 -0.00611831 0.00628655 -0.0108093
internal_weight=20291 340 19951 612 166 446
internal_count=20291 340 19951 612 166 446
is_linear=0
shrinkage=0.05


Tree=377
num_leaves=7
num_cat=0
split_feature=54 40 12 21 15 16
split_gain=15.5382 30.1949 20.6168 23.1445 17.42 23.1807
threshold=-0.02112224884331226 0.052953662350773818 -0.0017980882548727093 0.17500000447034839 0.075000001117587103 0.47499999403953558
decision_type=2 2 2 2 2 2
left_child=1 2 4 -4 -1 -6
right_child=-2 -3 3 -5 5 -7
leaf_value=-0.00026725942597313019 1.2030944161400186e-05 -5.3522509191558831e-05 -0.00017197716182200699 0.00017782192954027899 0.00023817752427553984 6.5106835382265556e-05
leaf_weight=52 13575 6009 104 91 190 199
leaf_count=52 13575 6009 104 91 190 199
internal_value=-0.000122373 -0.00207895 0.00822933 -0.005125 0.0141816 0.0178299
internal_weight=20220 6645 636 195 441 389
internal_count=20220 6645 636 195 441 389
is_linear=0
shrinkage=0.05


Tree=378
num_leaves=7
num_cat=0
split_feature=35 22 3 42 33 1
split_gain=10.2677 36.2684 22.3229 26.3477 14.9782 17.2177
threshold=-0.83490771055221547 0.92499998211860668 0.0078488434664905089 0.078168783336877837 -0.34633207321166987 1.0000000180025095e-35
decision_type=2 2 2 2 2 2
left_child=1 2 3 -1 -4 -6
right_child=-2 -3 4 -5 5 -7
leaf_value=-4.5950476828894497e-05 4.8340517566629116e-06 0.00046177886622231771 0.00019862898702255558 0.00054694978386458221 -0.00058350449653128222 -0.00015623663879094877
leaf_weight=164 19505 61 54 51 89 232
leaf_count=164 19505 61 54 51 89 232
internal_value=-0.000177323 -0.00598323 -0.00987395 0.00284091 -0.0171711 -0.0212423
internal_weight=20156 651 590 215 375 321
internal_count=20156 651 590 215 375 321
is_linear=0
shrinkage=0.05


Tree=379
num_leaves=7
num_cat=0
split_feature=25 31 3 12 41 51
split_gain=11.075 19.5961 21.2046 17.0595 29.7325 41.0785
threshold=-0.011548610869795082 37.437227249145515 0.0071796204429119834 -0.011648167856037615 0.082041930407285704 0.71275389194488536
decision_type=2 2 2 2 2 2
left_child=-1 2 -2 4 5 -3
right_child=1 3 -4 -5 -6 -7
leaf_value=2.3939633326748503e-05 -0.00071083688317438135 6.4084708462116939e-05 -0.00016296771322830731 -2.2717421329858039e-05 -3.4173939075012128e-05 0.00055839951530909672
leaf_weight=6610 71 1925 130 8685 2803 139
leaf_count=6610 71 1925 130 8685 2803 139
internal_value=-0.000106785 -0.000830426 -0.0161408 -0.000595633 0.00177032 0.00631948
internal_weight=20363 13753 201 13552 4867 2064
internal_count=20363 13753 201 13552 4867 2064
is_linear=0
shrinkage=0.05


Tree=380
num_leaves=7
num_cat=0
split_feature=44 3 41 38 30 42
split_gain=13.4383 25.9308 36.9754 24.8462 23.7567 27.4604
threshold=0.14405981451272967 0.0094788474962115305 0.10948589071631433 -0.0012530607637017963 46.550767898559577 0.16625604033470157
decision_type=2 2 2 2 2 2
left_child=-1 3 -3 -2 -4 -6
right_child=1 2 4 -5 5 -7
leaf_value=-1.5343388061102477e-06 0.00019222041476595192 0.00069239822571631922 0.00023880760909705985 -0.00087821515008170564 4.6282068300461805e-05 -0.00044085592688657453
leaf_weight=19004 51 247 394 60 375 170
leaf_count=19004 51 247 394 60 375 170
internal_value=-0.000136659 0.00508833 0.0072838 -0.0174569 0.00267479 -0.00404545
internal_weight=20301 1297 1186 111 939 545
internal_count=20301 1297 1186 111 939 545
is_linear=0
shrinkage=0.05


Tree=381
num_leaves=7
num_cat=0
split_feature=5 35 11 8 41 46
split_gain=10.3133 12.2491 11.771 10.9684 42.6209 28.2227
threshold=0.79666468501091015 -0.30147607624530787 0.015963827259838585 0.72430789470672619 0.047576759010553367 0.95951974391937267
decision_type=2 2 2 2 2 2
left_child=3 2 -2 -1 -5 -6
right_child=1 -3 -4 4 5 -7
leaf_value=-8.3223667431020508e-06 0.00044038838441932694 -0.00011434514792066789 -0.00013662609663676054 -0.00014647237742019203 -8.3103671802588152e-06 0.00012315120261855857
leaf_weight=14588 85 527 53 249 2425 2444
leaf_count=14588 85 527 53 249 2425 2444
internal_value=-0.000185267 -0.00615672 0.00681818 0.000150931 0.0021423 0.00318527
internal_weight=20371 665 138 19706 5118 4869
internal_count=20371 665 138 19706 5118 4869
is_linear=0
shrinkage=0.05


Tree=382
num_leaves=7
num_cat=0
split_feature=36 47 55 34 41 51
split_gain=9.3032 32.2526 36.3553 59.2161 44.13 36.2742
threshold=-0.20715090632438657 1.2818518877029421 19032.953125000004 -0.5921996235847472 0.063381329178810134 -0.14156451821327207
decision_type=2 2 2 2 2 2
left_child=1 2 3 -1 -5 -4
right_child=-2 -3 5 4 -6 -7
leaf_value=0.00043127004543121482 9.3636290625445831e-06 0.00016504995903195171 -0.00038099051545019359 0.00042319105097865615 -0.00026440003357155643 5.1800373498575237e-06
leaf_weight=160 11943 630 233 66 1721 5562
leaf_count=160 11943 630 233 66 1721 5562
internal_value=-0.000141486 -0.00141757 -0.00230734 -0.00820953 -0.0108398 -0.000314655
internal_weight=20315 8372 7742 1947 1787 5795
internal_count=20315 8372 7742 1947 1787 5795
is_linear=0
shrinkage=0.05


Tree=383
num_leaves=7
num_cat=0
split_feature=25 16 53 55 40 35
split_gain=12.6271 21.1488 17.0576 50.0616 33.7609 32.6416
threshold=-0.0064728793222457162 0.57500001788139354 -0.35737708210945124 49836.833984375007 0.061767360195517547 -0.40325506031513209
decision_type=2 2 2 2 2 2
left_child=1 2 3 4 -1 -5
right_child=-2 -3 -4 5 -6 -7
leaf_value=0.00031192353610965794 -1.7162067788017837e-05 0.00020270342616079506 -1.0608609182737387e-05 0.0010133387341938959 -3.0243140814993643e-05 0.00016011203397854761
leaf_weight=194 12118 397 5452 120 1671 376
leaf_count=194 12118 397 5452 120 1671 376
internal_value=-0.000215167 0.00131163 0.000732284 0.00427937 0.000494652 0.0183134
internal_weight=20328 8210 7813 2361 1865 496
internal_count=20328 8210 7813 2361 1865 496
is_linear=0
shrinkage=0.05


Tree=384
num_leaves=7
num_cat=0
split_feature=54 36 36 54 3 10
split_gain=11.7677 27.409 19.4256 25.0323 18.986 24.4786
threshold=-0.02112224884331226 0.82941195368766796 0.90532210469245922 -0.053814601153135293 0.0084243607707321661 0.074306506663560881
decision_type=2 2 2 2 2 2
left_child=1 -1 -3 -4 5 -2
right_child=4 2 3 -5 -6 -7
leaf_value=-3.973977359076782e-05 -2.2132059890553987e-05 0.00027881815036569365 0.00017834043643182658 -0.00029318763506073315 4.612616479423796e-05 0.00013021639533163654
leaf_weight=6181 6510 329 108 72 6313 786
leaf_count=6181 6510 329 108 72 6313 786
internal_value=-0.000136673 -0.00169903 0.00938716 -0.00364865 0.000861246 -0.000873168
internal_weight=20299 6690 509 180 13609 7296
internal_count=20299 6690 509 180 13609 7296
is_linear=0
shrinkage=0.05


Tree=385
num_leaves=7
num_cat=0
split_feature=1 39 9 10 3 21
split_gain=10.9916 49.8631 39.2096 33.1471 34.6093 67.2504
threshold=0.010000610258430244 0.01261896174401045 -0.09013658761978148 -0.1008186601102352 0.010729794856160881 0.67499998211860668
decision_type=2 2 2 2 2 2
left_child=-1 -2 -3 4 -4 -6
right_child=1 2 3 -5 5 -7
leaf_value=-1.3477539432292021e-05 -2.4721538901135684e-05 -0.00045142687530144439 0.00072268656631730387 6.0020770044239221e-05 -0.00061085087763834657 0.00047712947760823206
leaf_weight=11380 5586 174 261 2515 101 341
leaf_count=11380 5586 174 261 2515 101 341
internal_value=-0.000146098 0.00136647 0.00614513 0.00740769 0.0169845 0.00822148
internal_weight=20358 8978 3392 3218 703 442
internal_count=20358 8978 3392 3218 703 442
is_linear=0
shrinkage=0.05


Tree=386
num_leaves=7
num_cat=0
split_feature=43 17 45 1 8 42
split_gain=11.0779 25.4534 25.6465 43.8622 44.4715 30.0801
threshold=0.064618334174156203 0.97499999403953563 0.059223435819149024 -0.012378649786114691 0.77376016974449169 0.068806868046522154
decision_type=2 2 2 2 2 2
left_child=1 2 -1 4 -4 -5
right_child=-2 -3 3 5 -6 -7
leaf_value=-2.7986289587913398e-05 -6.9152343842373256e-06 0.00025683480467565489 -0.00015999641370094606 0.00019922739907357446 0.0002728539155690541 5.8162165293544256e-05
leaf_weight=1769 16324 155 587 500 107 789
leaf_count=1769 16324 155 587 500 107 789
internal_value=-0.000186549 0.00248594 0.0016436 0.00554577 -0.0045422 0.010993
internal_weight=20231 3907 3752 1983 694 1289
internal_count=20231 3907 3752 1983 694 1289
is_linear=0
shrinkage=0.05


Tree=387
num_leaves=7
num_cat=0
split_feature=24 43 36 51 41 44
split_gain=14.4198 32.3912 26.704 15.5597 11.0793 53.8492
threshold=-0.14341852068901059 0.13978426903486255 0.17033806443214419 0.0027259540511295204 0.067778032273054137 0.075999021530151381
decision_type=2 2 2 2 2 2
left_child=1 3 -3 -1 5 -2
right_child=4 2 -4 -5 -6 -7
leaf_value=-0.00078750508649994596 5.870975550586327e-06 0.0008837859243319853 -0.00032299789588821799 0.00033357398549752949 1.1578386864422377e-05 -0.00017321637985062279
leaf_weight=69 3449 152 58 52 15270 1131
leaf_count=69 3449 152 58 52 15270 1131
internal_value=-9.78401e-05 0.0104911 0.0222093 -0.00972222 4.40695e-05 -0.00211014
internal_weight=20181 331 210 121 19850 4580
internal_count=20181 331 210 121 19850 4580
is_linear=0
shrinkage=0.05


Tree=388
num_leaves=7
num_cat=0
split_feature=25 46 55 39 1 45
split_gain=15.5503 29.2988 30.4685 42.8419 30.5452 52.9003
threshold=0.0046787376049906024 0.87193831801414501 353009.10937500006 -0.0061831860803067675 -0.01045706309378147 0.093068722635507597
decision_type=2 2 2 2 2 2
left_child=1 2 4 -4 5 -1
right_child=-2 -3 3 -5 -6 -7
leaf_value=-0.00015717103423107718 -1.9488105174511563e-05 -9.1493495210821795e-08 0.00060806796706718545 -0.00035930376316863858 0.00019031811535375517 0.00021057869895765464
leaf_weight=435 8185 9500 82 166 1546 429
leaf_count=435 8185 9500 82 166 1546 429
internal_value=-0.000141292 0.00128874 0.00592377 -0.0105731 0.0076501 8.63061e-05
internal_weight=20343 12158 2658 248 2410 864
internal_count=20343 12158 2658 248 2410 864
is_linear=0
shrinkage=0.05


Tree=389
num_leaves=7
num_cat=0
split_feature=13 24 48 35 22 7
split_gain=12.7225 23.2534 28.4566 37.5725 37.3545 37.8152
threshold=-0.016288856044411656 0.01274514338001609 -0.88761281967163075 -0.65752446651458729 0.77500000596046459 0.37131956219673162
decision_type=2 2 2 2 2 2
left_child=1 2 4 -4 5 -1
right_child=-2 -3 3 -5 -6 -7
leaf_value=5.0364566948117543e-05 -9.090335270531887e-06 0.00027331347953274209 0.00030643538651412271 -0.00013008221934863884 0.00023633309255168016 -0.00026291074915012137
leaf_weight=1766 15057 631 236 1346 924 348
leaf_count=1766 15057 631 236 1346 924 348
internal_value=-0.000146458 0.00207858 0.000837838 -0.00458412 0.00367236 0
internal_weight=20308 5251 4620 1582 3038 2114
internal_count=20308 5251 4620 1582 3038 2114
is_linear=0
shrinkage=0.05


Tree=390
num_leaves=7
num_cat=0
split_feature=36 54 3 9 22 19
split_gain=15.8669 26.4952 37.1607 28.1042 28.3694 31.243
threshold=-0.76295194029808033 0.11241813376545907 0.0071796204429119834 -0.043593974784016602 0.67499998211860668 0.57500001788139354
decision_type=2 2 2 2 2 2
left_child=1 3 -3 -1 -5 -6
right_child=-2 2 -4 4 5 -7
leaf_value=4.3331337443161537e-05 4.1855342050036341e-06 0.00049298902445778627 -0.00018876196551542083 -3.7841604073194575e-05 -0.00037438946178145599 -9.5070508548542832e-05
leaf_weight=736 17865 102 83 928 253 246
leaf_count=736 17865 102 83 928 253 246
internal_value=-0.000196607 -0.00406927 0.0138158 -0.00563884 -0.00972416 -0.0192956
internal_weight=20213 2348 185 2163 1427 499
internal_count=20213 2348 185 2163 1427 499
is_linear=0
shrinkage=0.05


Tree=391
num_leaves=7
num_cat=0
split_feature=12 48 24 35 47 46
split_gain=13.1319 34.292 43.583 38.6347 33.7575 45.4357
threshold=0.012177652213722469 -0.66970542073249806 0.010475365445017816 0.48364156484603887 0.70420593023300182 1.0104392766952517
decision_type=2 2 2 2 2 2
left_child=-1 -2 3 -3 5 -4
right_child=1 2 4 -5 -6 -7
leaf_value=9.378257374279289e-06 -0.00030307316061175415 0.0003108368825421258 -0.00063288934463943828 -8.7926112152712056e-05 -1.6098470029895889e-05 0.00013621845725084655
leaf_weight=13753 671 448 212 156 4853 123
leaf_count=13753 671 448 212 156 4853 123
internal_value=-0.000176796 -0.00195192 -0.00070295 0.0119458 -0.00219045 -0.0174265
internal_weight=20216 6463 5792 604 5188 335
internal_count=20216 6463 5792 604 5188 335
is_linear=0
shrinkage=0.05


Tree=392
num_leaves=7
num_cat=0
split_feature=35 55 12 22 15 12
split_gain=7.94547 28.477 44.8249 33.4104 35.2771 49.5658
threshold=0.44652305543422705 28135.630859375004 0.034442400559782989 0.42499999701976782 0.37500000000000006 -0.0048051648773252955
decision_type=2 2 2 2 2 2
left_child=-1 -2 3 4 -3 -6
right_child=1 2 -4 -5 5 -7
leaf_value=-8.3431080152440367e-06 0.00016151901114612032 -0.00038142964386356329 -0.00040839210215626092 0.00020651315415898481 0.00036246088583219774 -5.9882987484986048e-05
leaf_weight=17476 1036 212 146 398 240 799
leaf_count=17476 1036 212 146 398 240 799
internal_value=-0.000136619 0.00223025 -0.00156944 0.000801088 -0.00320462 0.000598659
internal_weight=20307 2831 1795 1649 1251 1039
internal_count=20307 2831 1795 1649 1251 1039
is_linear=0
shrinkage=0.05


Tree=393
num_leaves=7
num_cat=0
split_feature=46 21 10 52 0 27
split_gain=9.24277 36.7739 16.4561 20.5832 17.4142 15.8427
threshold=1.2434928417205813 0.82500001788139354 0.052908455953001983 -0.00048706062079872931 -0.014149460941553114 0.030491260811686519
decision_type=2 2 2 2 2 2
left_child=-1 2 3 -2 -4 -5
right_child=1 -3 4 5 -6 -7
leaf_value=4.3371353636650183e-06 -8.5679284431700822e-06 0.00010433092615184364 -0.00010594113014365064 -0.00031703087341405732 0.00018819792630124613 7.5992744712366793e-05
leaf_weight=18962 189 570 75 354 72 51
leaf_count=18962 189 570 75 354 72 51
internal_value=-0.000161505 -0.00397036 -0.0112936 -0.0149833 0.00345395 -0.0212805
internal_weight=20273 1311 741 594 147 405
internal_count=20273 1311 741 594 147 405
is_linear=0
shrinkage=0.05


Tree=394
num_leaves=7
num_cat=0
split_feature=46 21 33 42 3 10
split_gain=9.7134 35.2308 36.5952 22.8035 15.3287 17.6039
threshold=1.2434928417205813 0.77500000596046459 0.21075659245252612 0.064225222915411009 0.0081318309530615824 -0.10957053303718566
decision_type=2 2 2 2 2 2
left_child=-1 2 3 -2 -3 -6
right_child=1 4 -4 -5 5 -7
leaf_value=3.0508335335275013e-06 5.8350711511880049e-05 0.00046417022160525744 0.00029413467481022841 -0.00030176999437904191 0.00031500843239211601 -6.5071353131603875e-05
leaf_weight=19037 69 86 91 469 161 434
leaf_count=19037 69 86 91 469 161 434
internal_value=-0.00012161 -0.0041635 -0.0126577 -0.0176335 0.00368076 0.000708333
internal_weight=20347 1310 629 538 681 595
internal_count=20347 1310 629 538 681 595
is_linear=0
shrinkage=0.05


Tree=395
num_leaves=7
num_cat=0
split_feature=36 22 41 0 42 22
split_gain=10.616 24.1251 26.1414 27.1079 27.4167 24.8678
threshold=-0.89245477318763722 0.82500001788139354 0.1114105060696602 0.036136858165264137 0.083166684955358519 0.72499999403953563
decision_type=2 2 2 2 2 2
left_child=1 2 3 4 -1 -6
right_child=-2 -3 -4 -5 5 -7
leaf_value=-6.6279414356096926e-05 4.8725870499612726e-07 -0.00038435284265372899 0.0006549365081012714 -0.00033901634872824684 0.00042549958266996742 -0.00015813729467423646
leaf_weight=359 19261 154 70 174 150 99
leaf_count=359 19261 154 70 174 150 99
internal_value=-0.000176352 -0.00521761 -0.00183781 -0.00454257 0.000448613 0.0130906
internal_weight=20267 1006 852 782 608 249
internal_count=20267 1006 852 782 608 249
is_linear=0
shrinkage=0.05


Tree=396
num_leaves=7
num_cat=0
split_feature=6 26 24 50 38 47
split_gain=11.5724 13.5996 14.2829 11.0505 27.7579 18.6053
threshold=0.99996218085289013 0.099897865206003203 0.078444227576255812 1.9232535958290102 0.0030201519839465622 1.1789618730545046
decision_type=2 2 2 2 2 2
left_child=3 -2 -3 -1 -5 -6
right_child=1 2 -4 4 5 -7
leaf_value=-2.4859210630838632e-07 -0.000187084941827064 0.00020649468080482792 -0.00012593407802532876 -4.3228013641759767e-05 0.00034638020807487707 -8.6771997339127029e-05
leaf_weight=18725 427 98 95 399 349 76
leaf_count=18725 427 98 95 399 349 76
internal_value=-0.000271389 -0.00668 0.00416667 0.00023141 0.00588058 0.0147093
internal_weight=20169 620 193 19549 824 425
internal_count=20169 620 193 19549 824 425
is_linear=0
shrinkage=0.05


Tree=397
num_leaves=7
num_cat=0
split_feature=10 36 0 0 35 41
split_gain=12.6705 20.5226 39.9165 31.2136 19.4832 44.6595
threshold=0.13677776604890826 0.60929808020591747 -0.039038708433508866 -0.046507559716701501 0.24088144302368167 0.10208025574684144
decision_type=2 2 2 2 2 2
left_child=4 2 -2 -3 -1 -6
right_child=1 3 -4 -5 5 -7
leaf_value=1.0526981548909407e-05 0.00028892986029760659 -0.00025456952475090127 -0.00021567504966072613 0.00047764509176517219 -3.5487585197019597e-06 -0.00029380845530894067
leaf_weight=14956 184 62 212 187 3798 966
leaf_count=14956 184 62 212 187 3798 966
internal_value=-0.000160776 0.00711538 0 0.0182087 1.90114e-05 -0.00276263
internal_weight=20365 645 396 249 19720 4764
internal_count=20365 645 396 249 19720 4764
is_linear=0
shrinkage=0.05


Tree=398
num_leaves=7
num_cat=0
split_feature=38 36 12 49 23 29
split_gain=13.2069 21.3405 21.7153 10.7459 8.66195 26.5169
threshold=-0.033416893333196633 -0.28669075667858118 0.023571135476231578 1.4156150221824648 -0.0037935870932415123 -0.05228802748024463
decision_type=2 2 2 2 2 2
left_child=1 3 -3 -1 -2 -6
right_child=4 2 -4 -5 5 -7
leaf_value=-0.00047753068277351117 2.0458121239382879e-05 -0.00019248117761945852 0.00045954915252175311 -1.3884151341859303e-05 -0.00020874400219170831 2.7929165391662279e-08
leaf_weight=89 8232 121 68 52 771 10981
leaf_count=89 8232 121 68 52 771 10981
internal_value=-0.000102121 -0.00977612 0.00115979 -0.0241438 0.000233879 -0.000635791
internal_weight=20314 330 189 141 19984 11752
internal_count=20314 330 189 141 19984 11752
is_linear=0
shrinkage=0.05


Tree=399
num_leaves=7
num_cat=0
split_feature=44 41 35 4 38 3
split_gain=11.3008 48.1477 32.6187 25.6768 23.7733 22.6936
threshold=0.15562175214290622 0.13480215519666675 0.18990075588226321 -0.21902517229318616 1.0000000180025095e-35 0.01600917894393206
decision_type=2 2 2 2 2 2
left_child=5 2 -2 -3 -4 -1
right_child=1 3 4 -5 -6 -7
leaf_value=-2.5654935650454858e-06 0.00067555084268518814 0.00013716898839457155 0.0004535337276623459 -0.00041178218964233566 -0.00046544049653901093 0.00046191802955309588
leaf_weight=19504 223 149 85 143 54 127
leaf_count=19504 223 149 85 143 54 127
internal_value=-0.00016141 0.00663885 0.018733 -0.00833333 -0.000173611 -1.65512e-05
internal_weight=20285 654 362 292 139 19631
internal_count=20285 654 362 292 139 19631
is_linear=0
shrinkage=0.05


Tree=400
num_leaves=7
num_cat=0
split_feature=39 1 39 43 3 35
split_gain=10.214 40.0683 30.7174 30.6039 39.0702 42.0715
threshold=0.018613087944686416 0.047280134633183486 0.054265286773443229 0.042135829105973251 0.0066009124275296935 -0.24852388352155683
decision_type=2 2 2 2 2 2
left_child=-1 3 -3 -2 5 -5
right_child=1 2 -4 4 -6 -7
leaf_value=-1.0158309719414849e-05 -0.00038055178380777695 0.00033920989131134709 -0.00020136751667524874 0.00050058250052945443 -2.1346309975834265e-05 5.2707817930533195e-05
leaf_weight=13957 55 709 126 142 4607 755
leaf_count=13957 55 709 126 142 4607 755
internal_value=-0.000195274 0.00163697 0.0118155 9.43566e-05 0.000485569 0.0100055
internal_weight=20351 6394 835 5559 5504 897
internal_count=20351 6394 835 5559 5504 897
is_linear=0
shrinkage=0.05


Tree=401
num_leaves=7
num_cat=0
split_feature=36 22 1 35 9 53
split_gain=13.1005 33.3317 41.5808 21.0353 33.7859 30.7071
threshold=0.82941195368766796 0.22500000149011615 -0.033079739660024636 0.74762967228889476 -0.014079816639423369 -0.33007830381393427
decision_type=2 2 2 2 2 2
left_child=3 2 -2 -1 5 -5
right_child=1 -3 -4 4 -6 -7
leaf_value=-1.355621255396582e-06 0.00036806884427431825 0.00015948983868410181 -0.00016755020552016461 0.00041538140786983956 -0.0011443502713615176 -0.00046937286502171313
leaf_weight=18973 99 481 375 68 63 169
leaf_count=18973 99 481 375 68 63 169
internal_value=-0.000245885 0.00565104 -0.00370564 -0.000333281 -0.0133607 -0.00423554
internal_weight=20228 955 474 19273 300 237
internal_count=20228 955 474 19273 300 237
is_linear=0
shrinkage=0.05


Tree=402
num_leaves=7
num_cat=0
split_feature=5 4 36 44 36 2
split_gain=10.4242 25.4144 29.4216 23.3718 28.4676 25.485
threshold=0.55978670716285717 0.036375677213072784 -0.049511587247252457 0.12697502970695498 0.42527873814105993 0.010864129755645992
decision_type=2 2 2 2 2 2
left_child=-1 2 -2 5 -5 -3
right_child=1 3 -4 4 -6 -7
leaf_value=5.4581580055127469e-06 0.00032402201295716738 -9.7229562331140271e-05 -4.3545578911470713e-05 -0.000488699373480298 0.00016036759982435012 0.0002944915755920556
leaf_weight=18363 157 1141 246 151 56 182
leaf_count=18363 157 1141 246 151 56 182
internal_value=-0.000112063 -0.00341847 0.00765931 -0.00636808 -0.021816 -0.00385919
internal_weight=20296 1933 403 1530 207 1323
internal_count=20296 1933 403 1530 207 1323
is_linear=0
shrinkage=0.05


Tree=403
num_leaves=7
num_cat=0
split_feature=40 38 31 43 51 18
split_gain=9.89611 23.7271 19.305 13.0621 18.3852 14.5732
threshold=0.035451162606477744 0.0023641326697543268 47.963293075561531 0.046930914744734771 0.033082118257880218 0.52500000596046459
decision_type=2 2 2 2 2 2
left_child=1 2 -1 4 5 -2
right_child=3 -3 -4 -5 -6 -7
leaf_value=-1.0239890180703017e-06 -1.804158413817145e-05 -5.3204781022776618e-05 0.0003624158341795864 3.6241759582365113e-07 0.00019878564281538294 -0.00023274715479020314
leaf_weight=67 170 147 111 19550 61 193
leaf_count=67 170 147 111 19550 61 193
internal_value=-0.000185924 0.00856061 0.0206284 -0.000168927 -0.00879953 -0.0131114
internal_weight=20299 325 178 19974 424 363
internal_count=20299 325 178 19974 424 363
is_linear=0
shrinkage=0.05


Tree=404
num_leaves=7
num_cat=0
split_feature=44 45 33 3 30 26
split_gain=18.0763 32.8155 27.8417 37.345 28.6125 19.555
threshold=0.14405981451272967 0.096320737153291716 0.34773781895637518 0.012254036962985994 51.014442443847663 -0.11253272742033003
decision_type=2 2 2 2 2 2
left_child=-1 -2 3 -3 -5 -6
right_child=1 2 -4 4 5 -7
leaf_value=-7.822295097356799e-06 -0.00040569460266977591 0.00060154446073885687 -0.00022221359135721054 0.00025353731858182961 -0.00049694263271515501 5.8112592494124044e-05
leaf_weight=19031 97 379 142 417 167 125
leaf_count=19031 97 379 142 417 167 125
internal_value=-0.000146098 0.00542417 0.00767206 0.0104071 0.00353641 -0.00833333
internal_weight=20358 1327 1230 1088 709 292
internal_count=20358 1327 1230 1088 709 292
is_linear=0
shrinkage=0.05


Tree=405
num_leaves=7
num_cat=0
split_feature=34 20 41 52 43 51
split_gain=11.7699 13.9139 14.4398 12.8885 13.7387 13.6985
threshold=0.79666468501091015 0.92499998211860668 0.077535372227430358 -0.00029762166377622629 0.12175380438566209 0.0049339241813868293
decision_type=2 2 2 2 2 2
left_child=-1 2 -2 -3 5 -5
right_child=1 3 -4 4 -6 -7
leaf_value=6.5659964860181583e-06 4.2352771967283775e-05 0.0002383747124700974 -0.00034884298330585187 -0.00019822562737615375 0.00033319121478989316 3.4027562065283918e-07
leaf_weight=19623 51 90 105 157 60 173
leaf_count=19623 51 90 105 157 60 173
internal_value=-0.000107333 -0.00635725 -0.0190994 -0.00201031 -0.00601266 -0.0100746
internal_weight=20259 636 156 480 390 330
internal_count=20259 636 156 480 390 330
is_linear=0
shrinkage=0.05


Tree=406
num_leaves=7
num_cat=0
split_feature=60 50 47 55 53 51
split_gain=9.53545 18.6611 16.133 24.0477 34.9748 57.7588
threshold=0.1097729615867138 1.9232535958290102 1.1105282306671145 14697.803710937502 -0.4262325912714004 -0.024095966480672356
decision_type=2 2 2 2 2 2
left_child=1 2 3 -1 5 -5
right_child=-2 -3 -4 4 -6 -7
leaf_value=-8.1772047265779414e-05 -1.7621480936717622e-05 0.00012921866186392151 6.3969706314345346e-05 0.00039839511208594747 -6.5390158949286486e-06 -2.9205531042375383e-05
leaf_weight=2695 8988 457 2192 534 4884 527
leaf_count=2695 8988 457 2192 534 4884 527
internal_value=-0.000166404 0.000816805 0.000394482 -0.000575477 0.00119748 0.00940432
internal_weight=20277 11289 10832 8640 5945 1061
internal_count=20277 11289 10832 8640 5945 1061
is_linear=0
shrinkage=0.05


Tree=407
num_leaves=7
num_cat=0
split_feature=30 38 50 51 47 48
split_gain=14.1827 19.1674 34.3507 35.2716 34.3635 30.5241
threshold=51.014442443847663 -0.0012530607637017963 1.0692772269248965 -0.031176511198282238 0.90800949931144725 -0.23720906674861905
decision_type=2 2 2 2 2 2
left_child=-1 2 -2 4 -4 -3
right_child=1 5 3 -5 -6 -7
leaf_value=2.3156326869472007e-05 6.7301682220850895e-05 -0.0001087083840146187 0.00037590529969680459 -0.00022960620908092722 -6.1105957536807242e-05 2.4242229063838485e-06
leaf_weight=10666 3042 2260 150 628 284 3182
leaf_count=10666 3042 2260 150 628 284 3182
internal_value=-0.00019167 -0.00102345 0.00155147 -0.00616214 0.00472665 -0.00296952
internal_weight=20212 9546 4104 1062 434 5442
internal_count=20212 9546 4104 1062 434 5442
is_linear=0
shrinkage=0.05


Tree=408
num_leaves=7
num_cat=0
split_feature=24 43 51 36 10 24
split_gain=11.9855 36.6663 24.158 13.2125 12.901 15.9803
threshold=-0.14341852068901059 0.13978426903486255 0.0027259540511295204 0.17033806443214419 -0.18792875856161115 -0.094552077353000627
decision_type=2 2 2 2 2 2
left_child=1 2 -1 -3 5 -2
right_child=4 3 -4 -5 -6 -7
leaf_value=-0.00088851589269103772 3.5296763598052697e-05 0.00091023722524752034 0.00032223968180369037 7.6922627578434119e-05 1.0696123291608186e-06 -0.00052169585858765017
leaf_weight=75 104 157 54 60 19743 91
leaf_count=75 104 157 54 60 19743 91
internal_value=-0.000181133 0.00933048 -0.0113806 0.0217342 8.77501e-06 -0.012625
internal_weight=20284 346 129 217 19938 195
internal_count=20284 346 129 217 19938 195
is_linear=0
shrinkage=0.05


Tree=409
num_leaves=7
num_cat=0
split_feature=36 22 52 0 22 38
split_gain=9.75544 27.4903 21.5719 32.6774 37.5497 14.2653
threshold=-0.89245477318763722 0.82500001788139354 -0.00029762166377622629 0.028164962306618694 0.62500000000000011 0.011106115300208332
decision_type=2 2 2 2 2 2
left_child=1 2 3 -1 -5 -4
right_child=-2 -3 5 4 -6 -7
leaf_value=0.00043468865107623624 4.3908444066750877e-06 -0.00038515627177097822 -0.00013221366167710485 -0.00057505325457782742 0.00034252543902604657 4.0281428285574021e-05
leaf_weight=227 19192 149 328 92 62 146
leaf_count=227 19192 149 328 92 62 146
internal_value=-0.000251225 -0.00473241 -0.00119186 0.00757772 -0.00990566 -0.00829854
internal_weight=20196 1004 855 381 154 474
internal_count=20196 1004 855 381 154 474
is_linear=0
shrinkage=0.05


Tree=410
num_leaves=7
num_cat=0
split_feature=24 21 26 47 11 43
split_gain=10.4575 17.2249 15.4011 26.5953 16.4669 15.9306
threshold=0.11849110573530199 0.32500000298023229 0.12573938071727755 0.87005406618118297 -0.0014812339795753358 0.091513354331254973
decision_type=2 2 2 2 2 2
left_child=2 -2 -1 -4 -5 -6
right_child=1 -3 3 4 5 -7
leaf_value=-3.4868224463161564e-06 0.00025022874234271081 -0.00015708865122206141 -0.00020612123646451209 0.00029943153335551184 0.00023401874699234272 -7.4924109696775131e-05
leaf_weight=19235 63 265 147 187 256 201
leaf_count=19235 63 265 147 187 256 201
internal_value=-0.000136303 -0.00893393 0 0.00681533 0.0112096 0.00589827
internal_weight=20354 328 20026 791 644 457
internal_count=20354 328 20026 791 644 457
is_linear=0
shrinkage=0.05


Tree=411
num_leaves=7
num_cat=0
split_feature=49 48 19 34 8 46
split_gain=13.0267 21.8396 22.5212 18.5019 26.5412 47.1293
threshold=0.080557607114315047 2.2400039434432988 0.52500000596046459 0.55978670716285717 0.74114224314689647 0.89153632521629345
decision_type=2 2 2 2 2 2
left_child=1 2 -1 4 -2 -6
right_child=3 -3 -4 -5 5 -7
leaf_value=3.0240628643029027e-06 -3.8895985982364757e-05 -0.00026062133147505606 0.00010058940536470836 -8.2023730973620023e-05 -8.2990165209690346e-05 0.00012477394764173172
leaf_weight=8809 4747 74 2025 1479 902 2185
leaf_count=8809 4747 74 2025 1479 902 2185
internal_value=-0.000107535 0.00117979 0.00137236 -0.00136564 -0.000392269 0.0032099
internal_weight=20221 10908 10834 9313 7834 3087
internal_count=20221 10908 10834 9313 7834 3087
is_linear=0
shrinkage=0.05


Tree=412
num_leaves=7
num_cat=0
split_feature=22 1 47 55 55 44
split_gain=8.79296 28.051 37.6433 31.35 28.8078 25.978
threshold=0.075000001117587103 0.011554595082998277 1.0083326101303103 76366.199218750015 56424.085937500007 0.062175305560231216
decision_type=2 2 2 2 2 2
left_child=1 2 3 -1 -3 -2
right_child=5 4 -4 -5 -6 -7
leaf_value=2.2635335801926538e-05 -9.3377522077547559e-05 -0.00032921406771194335 0.00012949096206136643 -0.00016943390865962755 0.0002059533736362343 1.296098534754077e-06
leaf_weight=344 612 63 197 205 210 18530
leaf_count=344 612 63 197 205 210 18530
internal_value=-0.000162402 0.0045166 -0.000499334 -0.00726534 0.0180755 -0.000238941
internal_weight=20161 1019 746 549 273 19142
internal_count=20161 1019 746 549 273 19142
is_linear=0
shrinkage=0.05


Tree=413
num_leaves=7
num_cat=0
split_feature=35 3 7 36 10 50
split_gain=10.2007 25.7677 26.9425 22.9243 22.7193 19.3062
threshold=0.83205384016036998 0.0063393767923116693 0.21493838727474215 0.86825728416442882 -0.0025641991524025794 0.65024989843368541
decision_type=2 2 2 2 2 2
left_child=3 -2 -3 -1 -4 -5
right_child=1 2 4 5 -6 -7
leaf_value=8.6630506032226841e-07 -0.00054187558248892638 0.0003482634464699132 0.00032270122843837905 0.000243233656154814 -0.00028552720851797659 -3.5383232033315206e-05
leaf_weight=19597 70 69 60 299 126 115
leaf_count=19597 70 69 60 299 126 115
internal_value=-0.000165921 -0.00856061 -0.000865385 0.000301009 -0.0108639 0.0118735
internal_weight=20336 325 255 20011 186 414
internal_count=20336 325 255 20011 186 414
is_linear=0
shrinkage=0.05


Tree=414
num_leaves=7
num_cat=0
split_feature=35 22 20 1 41 52
split_gain=11.1687 34.1698 23.6646 19.3445 13.5704 19.404
threshold=-0.83490771055221547 0.92499998211860668 0.17500000447034839 -0.0051162103191018096 0.084142535924911513 -0.0001190747643704526
decision_type=2 2 2 2 2 2
left_child=1 2 -1 -4 5 -5
right_child=-2 -3 3 4 -6 -7
leaf_value=7.5614151204753645e-05 3.2643411312443475e-06 0.00054214991650697298 -0.00062111863885260085 7.8953051907677214e-05 -0.0002447947930778117 -0.0002796382859953109
leaf_weight=184 19611 54 81 132 163 62
leaf_count=184 19611 54 81 132 163 62
internal_value=-0.000176178 -0.00627753 -0.009689 -0.0159707 -0.0105663 -0.00138191
internal_weight=20287 676 622 438 357 194
internal_count=20287 676 622 438 357 194
is_linear=0
shrinkage=0.05


Tree=415
num_leaves=7
num_cat=0
split_feature=36 52 53 36 40 23
split_gain=12.0295 19.9698 39.8917 19.9301 25.4732 24.9455
threshold=-0.89245477318763722 -0.00029762166377622629 1.0000000180025095e-35 -0.93727743625640858 0.079701285809278502 -0.00060089360340498377
decision_type=2 2 2 2 2 2
left_child=1 2 -1 4 -3 -5
right_child=-2 3 -4 5 -6 -7
leaf_value=-8.3314052337840451e-05 3.7904469643068422e-06 -5.4694099085295492e-05 0.00059102672326855499 -8.877260024132272e-05 0.00087598194976215473 -0.00039897175253579461
leaf_weight=368 19302 155 79 184 52 166
leaf_count=368 19302 155 79 184 52 166
internal_value=-0.00017109 -0.00532706 0.00248894 -0.0116103 0.000589623 -0.0188028
internal_weight=20306 1004 447 557 207 350
internal_count=20306 1004 447 557 207 350
is_linear=0
shrinkage=0.05


Tree=416
num_leaves=7
num_cat=0
split_feature=55 55 32 53 39 47
split_gain=11.8593 34.0369 41.9207 35.3735 32.7824 41.9444
threshold=61682.826171875007 89813.296875000015 0.6926138997077943 -0.55890282988548268 0.0018418143736198547 1.1422283649444582
decision_type=2 2 2 2 2 2
left_child=-1 3 -3 -2 -5 -6
right_child=1 2 -4 4 5 -7
leaf_value=-1.5169617823731575e-05 0.00053721288237830434 5.6570552539060006e-06 -0.00028508333420280404 0.0001808918189920102 -4.6256137383744327e-05 0.00070943151161824761
leaf_weight=11954 187 5673 382 948 1033 80
leaf_count=11954 187 5673 382 948 1033 80
internal_value=-0.000166568 0.00139925 -0.00054868 0.00664669 0.00470716 -0.00109571
internal_weight=20257 8303 6055 2248 2061 1113
internal_count=20257 8303 6055 2248 2061 1113
is_linear=0
shrinkage=0.05


Tree=417
num_leaves=7
num_cat=0
split_feature=56 56 32 21 40 30
split_gain=10.4122 16.6628 13.8842 17.9979 16.6042 13.4105
threshold=7.5360846452099411e-09 3.9162324494412823e-09 0.37836943566799169 0.52500000596046459 0.089188419282436385 51.014442443847663
decision_type=2 2 2 2 2 2
left_child=1 2 -1 -4 -5 -2
right_child=5 -3 3 4 -6 -7
leaf_value=2.0466927478723865e-05 7.9600315213044892e-06 6.9875732553446049e-05 1.4676852980227066e-06 -0.00054443780071818722 -8.1921971161170407e-05 -3.0992442460234552e-05
leaf_weight=1545 8784 1663 266 91 117 7770
leaf_count=1545 8784 1663 266 91 117 7770
internal_value=-0.000235907 0.00219013 -0.000852273 -0.00829854 -0.0191315 -0.000747328
internal_weight=20236 3682 2019 474 208 16554
internal_count=20236 3682 2019 474 208 16554
is_linear=0
shrinkage=0.05


Tree=418
num_leaves=7
num_cat=0
split_feature=36 52 32 32 0 4
split_gain=8.75508 43.1415 86.6728 33.7775 31.3868 31.3236
threshold=-0.30778922140598292 -0.019152454100549218 -0.29100592434406275 0.41182041168212896 -0.0095545491203665716 0.35448575019836431
decision_type=2 2 2 2 2 2
left_child=1 2 4 -2 -1 -3
right_child=3 5 -4 -5 -6 -7
leaf_value=-0.0005576147201425271 2.9552693526825321e-05 2.5095731277464387e-05 -0.00078116660747993844 -6.1841417597945271e-05 0.0001440953269227661 -7.2277064684709723e-05
leaf_weight=109 10299 4196 289 2984 392 2079
leaf_count=109 10299 4196 289 2984 392 2079
internal_value=-0.000259176 -0.00157355 -0.0125472 0.000603928 4.94071e-05 -0.00017914
internal_weight=20348 7065 790 13283 501 6275
internal_count=20348 7065 790 13283 501 6275
is_linear=0
shrinkage=0.05


Tree=419
num_leaves=7
num_cat=0
split_feature=44 3 2 44 41 22
split_gain=9.47304 43.5804 24.1928 26.6396 38.1718 47.4389
threshold=0.085726849734783186 0.010729794856160881 0.0056056000757962474 0.092669460922479643 0.092229094356298461 0.37500000000000006
decision_type=2 2 2 2 2 2
left_child=1 -1 -2 4 5 -4
right_child=2 -3 3 -5 -6 -7
leaf_value=-9.719869786579159e-06 -0.00074641879453584922 -0.0010325346461660171 0.00027835628287569851 -3.255219283279567e-06 0.00029774775420670052 -8.4912924075715784e-05
leaf_weight=7769 53 92 529 10074 640 1092
leaf_count=7769 53 92 529 10074 640 1092
internal_value=-0.000156759 -0.00147788 0.000740337 0.000893436 0.00579214 0.00167589
internal_weight=20249 7861 12388 12335 2261 1621
internal_count=20249 7861 12388 12335 2261 1621
is_linear=0
shrinkage=0.05


Tree=420
num_leaves=7
num_cat=0
split_feature=59 26 43 34 1 22
split_gain=8.91757 12.1389 15.3612 11.3985 19.3428 19.8729
threshold=-0.00035735359415411944 -0.19643316417932508 0.14726231992244723 -0.3995524793863296 -0.016116727143526074 0.67499998211860668
decision_type=2 2 2 2 2 2
left_child=1 2 -1 4 -3 -6
right_child=-2 3 -4 -5 5 -7
leaf_value=-0.00055204952894451046 -1.5065574267004269e-05 -1.8324933904849124e-05 0.00013375564638827848 4.7088836877889728e-06 5.1311655894457443e-05 0.00033890860590061583
leaf_weight=89 10931 769 75 7270 795 419
leaf_count=89 10931 769 75 7270 795 419
internal_value=-0.000200216 0.000989705 -0.0122781 0.00123407 0.00459004 0.00851107
internal_weight=20348 9417 164 9253 1983 1214
internal_count=20348 9417 164 9253 1983 1214
is_linear=0
shrinkage=0.05


Tree=421
num_leaves=7
num_cat=0
split_feature=34 10 47 26 38 55
split_gain=11.0605 13.0681 31.3478 40.8892 34.5813 25.4873
threshold=0.79666468501091015 0.025472431443631652 1.3480275273323061 0.082342449575662627 0.01869897730648518 1979.1985945701601
decision_type=2 2 2 2 2 2
left_child=1 -1 4 -4 -3 -6
right_child=-2 2 3 -5 5 -7
leaf_value=-1.0311827101557991e-05 -6.1561750308101459e-05 5.054303382915626e-05 0.00049292481949170263 -8.6729823266400001e-05 -0.00038889357831348403 -3.1398685035521601e-05
leaf_weight=13680 639 4674 108 84 238 703
leaf_count=13680 639 4674 108 84 238 703
internal_value=-0.000217327 9.87585e-05 0.0020862 0.0217005 0.00139235 -0.0073203
internal_weight=20126 19487 5807 192 5615 941
internal_count=20126 19487 5807 192 5615 941
is_linear=0
shrinkage=0.05


Tree=422
num_leaves=7
num_cat=0
split_feature=57 1 35 35 48 52
split_gain=12.1615 14.0709 12.3782 15.2343 17.031 15.183
threshold=-5.568287804180726e-07 -0.033079739660024636 1.0000000180025095e-35 0.24088144302368167 -1.1167309284210203 6.20847786194645e-05
decision_type=2 2 2 2 2 2
left_child=1 -1 -3 4 -4 -6
right_child=-2 2 3 -5 5 -7
leaf_value=5.0754796988997966e-05 7.2740564155744217e-06 -0.00010991189120487609 0.00032111186603744652 -7.272767675282187e-05 -5.9828156141851372e-05 0.00032113969817449566
leaf_weight=764 16298 1802 139 808 407 95
leaf_count=764 16298 1802 139 808 407 95
internal_value=-0.0002547 -0.00259328 -0.00403102 -0.0005674 0.00514706 0.000739645
internal_weight=20313 4015 3251 1449 641 502
internal_count=20313 4015 3251 1449 641 502
is_linear=0
shrinkage=0.05


Tree=423
num_leaves=7
num_cat=0
split_feature=35 51 36 27 42 22
split_gain=9.93509 28.3783 23.5615 33.7054 21.0404 15.7797
threshold=0.83205384016036998 0.015996621921658519 0.86825728416442882 0.02780676539987326 0.074488651007413878 0.12500000372529033
decision_type=2 2 2 2 2 2
left_child=2 -2 -1 -4 -3 -6
right_child=1 4 3 -5 5 -7
leaf_value=-2.8947004688021707e-06 -0.00044862033340099876 -0.00017293942443315989 0.00019206132245121944 -0.00025072441287382678 -0.00013182883584269271 0.00055189259141219689
leaf_weight=19634 143 69 318 90 56 76
leaf_count=19634 143 69 318 90 56 76
internal_value=-0.000155706 -0.00852436 -1.37178e-05 0.0118039 0.00351942 0.015146
internal_weight=20386 344 20042 408 201 132
internal_count=20386 344 20042 408 201 132
is_linear=0
shrinkage=0.05


Tree=424
num_leaves=7
num_cat=0
split_feature=40 22 13 12 51 42
split_gain=10.5292 38.5154 77.0614 41.1065 33.222 45.2771
threshold=0.061767360195517547 0.67499998211860668 0.012825071811676027 -0.011648167856037615 -0.0083598718047142011 0.057519234716892249
decision_type=2 2 2 2 2 2
left_child=1 3 -3 4 -1 -6
right_child=-2 2 -4 -5 5 -7
leaf_value=1.9140677698500849e-05 -1.1204065618661188e-05 -0.0004036524235691651 0.00054068464815447154 -2.7674056530921161e-06 7.8693478667627144e-07 0.00038782956468081406
leaf_weight=827 15728 362 95 2579 232 460
leaf_count=827 15728 362 95 2579 232 460
internal_value=-0.000230432 0.00193531 -0.0117424 0.00347916 0.00999016 0.0180416
internal_weight=20283 4555 457 4098 1519 692
internal_count=20283 4555 457 4098 1519 692
is_linear=0
shrinkage=0.05


Tree=425
num_leaves=7
num_cat=0
split_feature=35 40 43 43 39 19
split_gain=10.618 15.3909 12.4431 9.22542 34.4192 17.1991
threshold=-0.86016520857810963 0.087938502430915846 0.081535924226045622 0.046930914744734771 0.016637183725833896 0.22500000149011615
decision_type=2 2 2 2 2 2
left_child=1 2 -1 4 5 -2
right_child=3 -3 -4 -5 -6 -7
leaf_value=-5.1078352875533774e-05 0.00013312376130804074 0.00014876004351490365 -0.00042954577295748234 7.5818568211087626e-06 -0.000219973405006377 -2.2714816903330923e-05
leaf_weight=206 95 64 69 19416 141 429
leaf_count=206 95 64 69 19416 141 429
internal_value=-0.000126071 -0.00850291 -0.0136607 0.000354725 -0.00541045 0.000519849
internal_weight=20420 339 275 20081 665 524
internal_count=20420 339 275 20081 665 524
is_linear=0
shrinkage=0.05


Tree=426
num_leaves=7
num_cat=0
split_feature=23 38 57 29 2 48
split_gain=12.1889 23.6063 36.1094 23.3721 19.5904 21.9232
threshold=0.010026976466178896 1.0000000180025095e-35 2.0575616765938779e-08 0.03591438569128514 0.0080896420404315012 -0.18088978528976438
decision_type=2 2 2 2 2 2
left_child=-1 3 4 -2 -3 -6
right_child=1 2 -4 -5 5 -7
leaf_value=9.4404326061645321e-06 8.458625411398511e-05 -7.6533261773305812e-05 -0.00018938060965806449 -8.9053670107482662e-05 -7.0557896703801106e-05 0.00019597236286928891
leaf_weight=15181 1782 640 1111 678 383 583
leaf_count=15181 1782 640 1111 678 383 583
internal_value=-0.00015592 -0.00208896 -0.00529941 0.0014503 -0.000481068 0.00399073
internal_weight=20358 5177 2717 2460 1606 966
internal_count=20358 5177 2717 2460 1606 966
is_linear=0
shrinkage=0.05


Tree=427
num_leaves=7
num_cat=0
split_feature=6 44 48 44 26 36
split_gain=10.7606 25.3841 20.486 21.6729 21.0714 20.2293
threshold=0.14372611790895465 0.13022792339324954 -0.83022889494895924 0.12096147611737253 0.057359470054507262 -0.7259773015975951
decision_type=2 2 2 2 2 2
left_child=1 2 4 5 -1 -4
right_child=-2 -3 3 -5 -6 -7
leaf_value=4.1514772910539874e-05 -5.3436424378780408e-06 0.00025456299237350824 0.00013048948985951481 -0.00082557411433209081 0.00064345495414412472 -0.00010132321474849273
leaf_weight=2459 16332 502 138 104 56 672
leaf_count=2459 16332 502 138 104 56 672
internal_value=-0.000210924 0.0025216 0.000968259 -0.00541349 0.00330357 -0.00254601
internal_weight=20263 3931 3429 914 2515 810
internal_count=20263 3931 3429 914 2515 810
is_linear=0
shrinkage=0.05


Tree=428
num_leaves=7
num_cat=0
split_feature=51 36 12 26 51 1
split_gain=9.27896 31.1233 34.5056 25.7118 29.3761 30.0852
threshold=0.027172530069947246 -0.32729552686214441 -0.013185038696974514 -0.008274769410490988 0.43194624781608587 0.030624914914369587
decision_type=2 2 2 2 2 2
left_child=-1 2 -2 4 -3 -6
right_child=1 3 -4 -5 5 -7
leaf_value=5.4167726079038187e-06 -0.00012561229248717507 -2.0934698845333619e-05 -0.00084093151667722222 -5.3668226030939898e-05 1.1127273452453706e-06 0.00035985787512229629
leaf_weight=15302 371 1343 156 2199 442 510
leaf_count=15302 371 1343 156 2199 442 510
internal_value=-0.000190624 -0.00195483 -0.0133929 -0.000594577 0.00309783 0.00979624
internal_weight=20323 5021 527 4494 2295 952
internal_count=20323 5021 527 4494 2295 952
is_linear=0
shrinkage=0.05


Tree=429
num_leaves=7
num_cat=0
split_feature=10 47 51 8 36 38
split_gain=10.0458 23.457 43.8671 41.0555 29.9105 23.8503
threshold=0.0090168407186865824 1.2818518877029421 0.027172530069947246 0.89391860365867626 0.60929808020591747 0.016842477023601535
decision_type=2 2 2 2 2 2
left_child=-1 5 3 4 -3 -2
right_child=1 2 -4 -5 -6 -7
leaf_value=-1.4487241169111684e-05 2.3924622814610991e-05 0.00054332768767932085 -0.00021417932528995103 -0.00011492409334108527 4.3920872505840912e-05 -7.6182168794074458e-05
leaf_weight=12516 5966 229 90 63 98 1381
leaf_count=12516 5966 229 90 63 98 1381
internal_value=-0.000160949 0.00125447 0.0119072 0.0191772 0.0262801 0.00054747
internal_weight=20343 7827 480 390 327 7347
internal_count=20343 7827 480 390 327 7347
is_linear=0
shrinkage=0.05


Tree=430
num_leaves=7
num_cat=0
split_feature=44 3 45 26 39 48
split_gain=15.7033 28.8428 29.6047 30.918 33.5506 29.6068
threshold=0.065542574971914305 0.0064781971741467723 0.059223435819149024 -0.040050564333796494 -0.011868483852595089 -1.6937528848648069
decision_type=2 2 2 2 2 2
left_child=1 2 3 -1 -5 -6
right_child=-2 -3 -4 4 5 -7
leaf_value=0.00016420557958671161 8.9190029928375812e-06 -0.00064755712412395416 6.5682398064689703e-05 0.00016165263150850982 7.505746898545107e-05 -0.00011859142433740299
leaf_weight=166 18388 149 363 155 86 1034
leaf_count=166 18388 149 363 155 86 1034
internal_value=-0.000116731 -0.0040475 -0.00225263 -0.00548064 -0.00814453 -0.0111778
internal_weight=20341 1953 1804 1441 1275 1120
internal_count=20341 1953 1804 1441 1275 1120
is_linear=0
shrinkage=0.05


Tree=431
num_leaves=7
num_cat=0
split_feature=6 50 55 22 55 21
split_gain=9.23429 11.7353 23.1503 32.9022 23.2382 17.8896
threshold=0.99996218085289013 1.9232535958290102 43433.005859375007 0.82500001788139354 64330.496093750007 0.37500000000000006
decision_type=2 2 2 2 2 2
left_child=1 -1 3 -3 -4 -6
right_child=-2 2 4 -5 5 -7
leaf_value=1.5890777999940256e-06 -8.0365783279781443e-05 0.00038219131726115055 -0.00050247091931769096 -0.00035789415570920018 -6.8718920935339044e-05 0.00022798738995539366
leaf_weight=18898 604 317 70 96 102 187
leaf_count=18898 604 317 70 96 102 187
internal_value=-0.000146703 0.000379924 0.00640283 0.0144139 -0.00281593 0.00348639
internal_weight=20274 19670 772 413 359 289
internal_count=20274 19670 772 413 359 289
is_linear=0
shrinkage=0.05


Tree=432
num_leaves=7
num_cat=0
split_feature=46 55 35 55 35 42
split_gain=11.3793 19.5896 23.6685 29.1968 24.0508 22.1557
threshold=1.2434928417205813 22871.445312500004 -0.24852388352155683 7.5448381900787362 0.20734009146690371 0.087493512779474272
decision_type=2 2 2 2 2 2
left_child=-1 2 5 -4 -5 -2
right_child=1 -3 3 4 -6 -7
leaf_value=4.8436901875780229e-07 0.00016663489970922707 -0.00015237768022070212 -0.00064728085407572136 0.00041387147768191812 -4.6138560105530171e-05 -0.00033777004278267452
leaf_weight=18974 85 614 73 242 115 192
leaf_count=18974 85 614 73 242 115 192
internal_value=-0.000269704 -0.00476998 0.000877809 0.00821839 0.0141575 -0.0103723
internal_weight=20295 1321 707 430 357 277
internal_count=20295 1321 707 430 357 277
is_linear=0
shrinkage=0.05


Tree=433
num_leaves=7
num_cat=0
split_feature=54 36 36 54 55 51
split_gain=9.02718 15.7333 29.7279 24.5516 14.7213 38.2052
threshold=-0.02112224884331226 0.82941195368766796 0.90532210469245922 -0.075066611170768724 158286.18750000003 1.0000000180025095e-35
decision_type=2 2 2 2 2 2
left_child=1 -1 -3 -4 -2 -6
right_child=4 2 3 -5 5 -7
leaf_value=-3.7732599760442249e-05 1.5460745408193575e-05 0.00022603645917575318 0.00018911282527122363 -0.00021215097267386512 -0.00022701097256840752 2.1331636114156225e-05
leaf_weight=6193 11669 335 69 121 774 1172
leaf_count=6193 11669 335 69 121 774 1172
internal_value=-0.00019053 -0.00179607 0.00646226 -0.00910256 0.000442364 -0.00357509
internal_weight=20333 6718 525 190 13615 1946
internal_count=20333 6718 525 190 13615 1946
is_linear=0
shrinkage=0.05


Tree=434
num_leaves=7
num_cat=0
split_feature=41 42 45 15 19 44
split_gain=11.3571 52.7892 35.9835 30.4504 29.5247 26.0123
threshold=0.066433291882276549 0.07201747223734857 0.067310057580471053 0.62500000000000011 0.22500000149011615 0.062175305560231216
decision_type=2 2 2 2 2 2
left_child=1 5 4 -3 -2 -1
right_child=2 3 -4 -5 -6 -7
leaf_value=-3.3058539616649596e-05 -0.00012188153052688317 -0.00033092090835151945 3.8386131918984479e-06 -5.4726019493205256e-07 0.00032628347245696311 3.960966619715245e-05
leaf_weight=1229 62 646 15753 335 265 2073
leaf_count=1229 62 646 15753 335 265 2073
internal_value=-0.000214798 -0.00224464 0.000651228 -0.0123986 0.0169428 0.000778651
internal_weight=20363 4283 16080 981 327 3302
internal_count=20363 4283 16080 981 327 3302
is_linear=0
shrinkage=0.05


Tree=435
num_leaves=7
num_cat=0
split_feature=9 6 28 7 5 38
split_gain=9.64215 35.682 22.9265 20.0961 24.8975 25.5607
threshold=-0.038119325414299958 0.60617235302925121 -0.017140260897576805 0.6941664218902589 -0.17278590053319928 -0.0012530607637017963
decision_type=2 2 2 2 2 2
left_child=1 3 -2 -1 5 -5
right_child=2 -3 -4 4 -6 -7
leaf_value=6.0563642213942253e-05 -0.00029628584595256367 -0.00038074875144632827 -2.6245559911209457e-06 2.8660925947071333e-05 0.00034965455484647977 -0.000377831208139205
leaf_weight=5740 400 235 13039 342 118 385
leaf_count=5740 400 235 13039 342 118 385
internal_value=-0.000186291 0.00173993 -0.000567168 0.00243171 -0.00473529 -0.00823087
internal_weight=20259 6820 13439 6585 845 727
internal_count=20259 6820 13439 6585 845 727
is_linear=0
shrinkage=0.05


Tree=436
num_leaves=7
num_cat=0
split_feature=49 42 44 42 42 47
split_gain=10.6256 25.0391 51.7463 35.2325 33.9945 46.9465
threshold=-0.28091460466384882 0.11305164545774461 0.10425433516502382 0.11880034953355791 0.12680058926343921 0.81859585642814647
decision_type=2 2 2 2 2 2
left_child=-1 -2 3 -3 -4 -6
right_child=1 2 4 -5 5 -7
leaf_value=1.6631269340781561e-05 -3.0466183329793389e-05 0.00097757944955990982 -0.00018161341340723901 8.3859648792083098e-05 0.00056033683891634821 -1.5861049284417087e-06
leaf_weight=7910 9143 178 627 168 385 1784
leaf_count=7910 9143 178 627 168 385 1784
internal_value=-0.000226485 -0.0012144 0.00262949 0.0207265 0.00034809 0.00332337
internal_weight=20195 12285 3142 346 2796 2169
internal_count=20195 12285 3142 346 2796 2169
is_linear=0
shrinkage=0.05


Tree=437
num_leaves=7
num_cat=0
split_feature=41 42 9 31 40 12
split_gain=9.60044 43.7811 27.9797 27.7974 26.564 26.1513
threshold=0.066433291882276549 0.07201747223734857 -0.038119325414299958 39.260833740234382 0.061767360195517547 -0.024610578082501885
decision_type=2 2 2 2 2 2
left_child=1 2 -1 -4 -2 -5
right_child=4 -3 3 5 -6 -7
leaf_value=0.00023702996228851605 0.00011099380345412635 -0.00015132381090863245 -0.00032248990223966549 0.00015873084956781003 -3.3786886181720082e-06 -1.4788786696053957e-05
leaf_weight=276 1290 973 80 236 14680 2642
leaf_count=276 1290 973 80 236 14680 2642
internal_value=-0.000201913 -0.00230888 0.000486261 -0.000936551 0.000374022 -9.53867e-05
internal_weight=20177 4207 3234 2958 15970 2878
internal_count=20177 4207 3234 2958 15970 2878
is_linear=0
shrinkage=0.05


Tree=438
num_leaves=7
num_cat=0
split_feature=12 47 39 29 35 35
split_gain=9.35851 29.5814 24.1118 32.7857 29.6934 51.8867
threshold=-0.037544440478086465 0.70420593023300182 -0.0089117735624313337 -0.074377268552780137 0.20734009146690371 0.51787045598030101
decision_type=2 2 2 2 2 2
left_child=1 -1 3 -3 -4 -6
right_child=-2 2 4 -5 5 -7
leaf_value=0.00056827316017808802 -3.7384161738041263e-06 0.00016725235677766457 0.00010022754027686271 -0.00017584769223627492 -0.00050091452086558242 0.00077691351564969965
leaf_weight=112 15672 224 3152 811 249 67
leaf_count=112 15672 224 3152 811 249 67
internal_value=-0.000117041 0.00229978 0.00164707 -0.00502404 0.00364958 -0.0108255
internal_weight=20287 4615 4503 1035 3468 316
internal_count=20287 4615 4503 1035 3468 316
is_linear=0
shrinkage=0.05


Tree=439
num_leaves=7
num_cat=0
split_feature=42 44 55 26 47 36
split_gain=10.8244 27.617 38.0345 25.8282 72.3643 32.411
threshold=0.093496512621641173 0.10790035128593446 32745.233398437504 -0.04639176465570926 0.74564814567565929 -0.89245477318763722
decision_type=2 2 2 2 2 2
left_child=1 3 -3 4 -1 -6
right_child=-2 2 -4 -5 5 -7
leaf_value=-0.00089858020186360369 -1.7496063850339085e-05 0.00043459752383639608 -4.5611562669690145e-05 -5.9622093695320229e-06 -5.3416182157928096e-05 0.00018599153282788011
leaf_weight=96 9170 310 224 8668 363 1479
leaf_count=96 9170 310 224 8668 363 1479
internal_value=-0.000131676 0.00115523 0.0121985 0.000591367 0.00580288 0.0080536
internal_weight=20310 11140 534 10606 1938 1842
internal_count=20310 11140 534 10606 1938 1842
is_linear=0
shrinkage=0.05


Tree=440
num_leaves=7
num_cat=0
split_feature=56 48 28 47 2 53
split_gain=13.5575 16.3827 12.2281 17.9023 10.1027 34.3721
threshold=7.5360846452099411e-09 -1.7981454133987425 -0.0066244096960872403 1.1105282306671145 0.0066651001106947669 -0.055809605866670602
decision_type=2 2 2 2 2 2
left_child=1 -1 3 -3 5 -2
right_child=4 2 -4 -5 -6 -7
leaf_value=0.00016145588490527738 -5.3098682370410616e-05 -0.0001050249777331528 4.8749923196589329e-05 0.00013251821825326386 -1.9207829918100437e-05 5.3203945782534252e-05
leaf_weight=327 1399 756 2409 210 12549 2568
leaf_count=327 1399 756 2409 210 12549 2568
internal_value=-0.000152055 0.00271783 0.0016642 -0.00306385 -0.000627989 0.00156722
internal_weight=20218 3702 3375 966 16516 3967
internal_count=20218 3702 3375 966 16516 3967
is_linear=0
shrinkage=0.05


Tree=441
num_leaves=7
num_cat=0
split_feature=55 21 48 6 35 24
split_gain=11.1335 39.0166 77.4804 46.5341 50.4658 40.7554
threshold=61682.826171875007 0.57500001788139354 -0.23720906674861905 0.31932525336742407 -0.24852388352155683 -0.034251051023602479
decision_type=2 2 2 2 2 2
left_child=1 2 -1 4 -3 -4
right_child=-2 3 5 -5 -6 -7
leaf_value=-0.00013332986817999015 1.438453401185641e-05 1.7872360510145592e-05 0.00084083437795363133 -3.2882205384972668e-05 0.00029457313281962754 9.358346213717235e-06
leaf_weight=3106 8323 1512 128 3418 1150 2665
leaf_count=3106 8323 1512 128 3418 1150 2665
internal_value=-0.000166199 -0.00102011 -0.00391684 0.00178718 0.00673978 0.00211758
internal_weight=20302 11979 5899 6080 2662 2793
internal_count=20302 11979 5899 6080 2662 2793
is_linear=0
shrinkage=0.05


Tree=442
num_leaves=7
num_cat=0
split_feature=40 36 47 55 53 35
split_gain=11.6386 25.674 31.8387 28.7262 37.8948 33.9804
threshold=0.12325851619243623 0.20037429034709933 1.2818518877029421 49836.833984375007 -0.14835612475872037 -0.40325506031513209
decision_type=2 2 2 2 2 2
left_child=-1 2 3 5 -5 -2
right_child=1 -3 -4 4 -6 -7
leaf_value=5.6225681381885728e-06 -0.00040445653679135229 -0.00029229634175949418 0.00021936452593154652 0.00059458094427932101 -0.00037131238431285124 -3.2750133997228559e-05
leaf_weight=18074 304 591 428 268 122 584
leaf_count=18074 304 591 428 268 122 584
internal_value=-0.000180359 -0.00335578 -0.00021917 -0.0041894 0.00702532 -0.00915454
internal_weight=20371 2297 1706 1278 390 888
internal_count=20371 2297 1706 1278 390 888
is_linear=0
shrinkage=0.05


Tree=443
num_leaves=7
num_cat=0
split_feature=40 39 53 42 0 40
split_gain=11.6455 28.1332 28.6901 36.6105 20.5623 31.3591
threshold=0.12325851619243623 -0.0089117735624313337 -0.22084816545248029 0.13776639103889468 0.062522154301404967 0.1021646521985531
decision_type=2 2 2 2 2 2
left_child=4 2 -2 -4 -1 -6
right_child=1 -3 3 -5 5 -7
leaf_value=1.1128022800949557e-05 -2.6988471504836403e-07 4.4217244883621018e-06 -0.00086630402169011957 -0.00016372066242388887 -0.00034411817295974942 0.00012151465498933582
leaf_weight=17360 304 1667 185 185 369 230
leaf_count=17360 304 1667 185 185 369 230
internal_value=-0.000156365 -0.00316496 -0.0117452 -0.021 0.000580327 -0.0084851
internal_weight=20300 2341 674 370 17959 599
internal_count=20300 2341 674 370 17959 599
is_linear=0
shrinkage=0.05


Tree=444
num_leaves=7
num_cat=0
split_feature=10 44 42 2 55 51
split_gain=11.4089 35.0083 34.4783 30.6636 12.8325 40.0126
threshold=0.13677776604890826 0.11595705524086954 0.10266723856329919 0.01129265781491995 61682.826171875007 -0.05881229601800441
decision_type=2 2 2 2 2 2
left_child=4 2 -2 -3 -1 -6
right_child=1 3 -4 -5 5 -7
leaf_value=-1.5382424493935055e-05 0.00010391928350001038 -0.00051010187122462727 0.00090016419273953414 0.00016075489955303659 -9.2602020380462609e-05 4.1241974966645463e-05
leaf_weight=11449 385 101 86 69 1760 6370
leaf_count=11449 385 101 86 69 1760 6370
internal_value=-0.000161928 0.00669505 0.013708 -0.0124286 -5.74449e-05 0.00145974
internal_weight=20220 641 471 170 19579 8130
internal_count=20220 641 471 170 19579 8130
is_linear=0
shrinkage=0.05


Tree=445
num_leaves=7
num_cat=0
split_feature=36 33 29 47 47 54
split_gain=8.25318 21.3616 16.1705 25.8471 14.6566 19.3251
threshold=-0.89245477318763722 -0.37093339860439295 -0.061426691710948937 1.3480275273323061 0.92097094655036937 0.050498601049184806
decision_type=2 2 2 2 2 2
left_child=1 -1 -3 4 5 -4
right_child=-2 2 3 -5 -6 -7
leaf_value=0.00025302591510378548 1.6659218736307095e-06 -0.00061881821298531464 -0.00016637670122959417 0.00063972711484673898 -0.00010918421378629282 0.00049481973373481116
leaf_weight=84 19146 91 52 60 636 70
leaf_count=84 19146 91 52 60 636 70
internal_value=-0.000217186 -0.00453407 -0.00681072 -0.00446537 -0.00704456 0.00846457
internal_weight=20139 993 909 818 758 122
internal_count=20139 993 909 818 758 122
is_linear=0
shrinkage=0.05


Tree=446
num_leaves=7
num_cat=0
split_feature=33 19 42 17 42 55
split_gain=8.36331 20.7191 21.619 28.171 21.8702 23.4012
threshold=0.080515258014202132 0.52500000596046459 0.12680058926343921 0.77500000596046459 0.099904328584671034 9.5834040641784686
decision_type=2 2 2 2 2 2
left_child=1 -1 4 -4 -3 -6
right_child=-2 2 3 -5 5 -7
leaf_value=-6.4184830011691255e-06 -1.8257047923086111e-05 6.5289313425121514e-05 0.00041576639648548879 -0.0001277811854756115 -0.00040403967761931203 -3.8339432479943757e-05
leaf_weight=9783 7503 2014 426 120 115 442
leaf_count=9783 7503 2014 426 120 115 442
internal_value=-0.000199677 0.000656722 0.00420404 0.0132033 0.00226126 -0.00645018
internal_weight=20403 12900 3117 546 2571 557
internal_count=20403 12900 3117 546 2571 557
is_linear=0
shrinkage=0.05


Tree=447
num_leaves=7
num_cat=0
split_feature=56 50 38 24 10 35
split_gain=9.40133 19.9096 27.0322 18.8487 16.8471 25.6339
threshold=1.1316888404167004e-07 1.7512533068656924 0.0030201519839465622 0.024485796689987186 0.015469625592231752 -0.021039686165750023
decision_type=2 2 2 2 2 2
left_child=1 -1 -3 -4 -2 -6
right_child=4 2 3 -5 5 -7
leaf_value=4.0331703523252901e-06 -4.6388027824065633e-05 -1.3473970730912191e-05 0.00065389227120070989 5.8882424405166646e-05 -6.4155547736944544e-05 7.0507591389882507e-05
leaf_weight=10568 5759 352 185 213 1218 1963
leaf_count=10568 5759 352 185 213 1218 1963
internal_value=-0.000201105 0.000863287 0.00870861 0.0175558 -0.0013052 0.0016086
internal_weight=20258 11318 750 398 8940 3181
internal_count=20258 11318 750 398 8940 3181
is_linear=0
shrinkage=0.05


Tree=448
num_leaves=7
num_cat=0
split_feature=44 35 22 26 48 22
split_gain=13.0855 22.11 22.0603 27.9804 23.4915 26.2582
threshold=0.065542574971914305 0.57522341609001171 0.075000001117587103 -0.037488579750061028 -1.7981454133987425 0.17500000447034839
decision_type=2 2 2 2 2 2
left_child=1 2 -1 -4 -5 -6
right_child=-2 -3 3 4 5 -7
leaf_value=9.9670790728142495e-06 5.5523035755061057e-06 0.00011718070196605363 5.499854673098443e-05 9.8216371529743625e-05 -0.00028010269863089251 -0.0001363843526344398
leaf_weight=729 18349 133 251 60 263 536
leaf_count=729 18349 133 251 60 263 536
internal_value=-0.000220161 -0.00388214 -0.00532809 -0.00975336 -0.0140336 -0.0163246
internal_weight=20321 1972 1839 1110 859 799
internal_count=20321 1972 1839 1110 859 799
is_linear=0
shrinkage=0.05


Tree=449
num_leaves=7
num_cat=0
split_feature=46 22 39 2 53 4
split_gain=10.7608 31.4658 36.753 21.6517 32.1928 28.5836
threshold=1.2434928417205813 0.62500000000000011 0.041007002815604217 0.015541183296591045 -1.0981727242469785 -0.42435660958290095
decision_type=2 2 2 2 2 2
left_child=-1 -2 3 5 -5 -3
right_child=1 2 -4 4 -6 -7
leaf_value=4.3233418086843088e-07 -0.00017980941203045179 -0.00022623075431462146 0.00059269030365065203 0.00039120125239061463 -0.00044795069514888362 0.00018871773156250093
leaf_weight=18960 571 108 180 52 206 208
leaf_count=18960 571 108 180 52 206 208
internal_value=-0.000215623 -0.00460526 0.0020751 -0.0041019 -0.0147338 0.00459502
internal_weight=20285 1325 754 574 258 316
internal_count=20285 1325 754 574 258 316
is_linear=0
shrinkage=0.05


Tree=450
num_leaves=7
num_cat=0
split_feature=35 51 18 36 13 48
split_gain=10.1542 28.1816 26.5914 15.1366 23.1546 15.4397
threshold=0.83205384016036998 0.015996621921658519 0.62500000000000011 0.86825728416442882 0.015515234321355821 -1.0026237368583677
decision_type=2 2 2 2 2 2
left_child=3 -2 -3 -1 5 -5
right_child=1 2 -4 4 -6 -7
leaf_value=-2.6323798383523436e-06 -0.00043372720154231047 -0.00023461304812235313 0.00035322173134108798 -5.5214304731165264e-06 -0.00020206455543041394 0.00023901068027692318
leaf_weight=19537 143 92 101 88 103 211
leaf_count=19537 143 92 101 88 103 211
internal_value=-0.00021573 -0.00872434 0.00366162 -2.13097e-05 0.00952088 0.0165296
internal_weight=20275 336 193 19939 402 299
internal_count=20275 336 193 19939 402 299
is_linear=0
shrinkage=0.05


Tree=451
num_leaves=7
num_cat=0
split_feature=39 35 50 38 36 24
split_gain=9.78223 44.191 35.1987 41.3402 34.7093 31.9569
threshold=0.014838790055364372 0.093689657747745528 0.77432632446289074 -0.0053452102001756421 0.11832726001739503 -0.042746547609567635
decision_type=2 2 2 2 2 2
left_child=-1 2 3 -2 -3 -4
right_child=1 4 5 -5 -6 -7
leaf_value=-1.2575228604529884e-05 0.00062606338098031517 -0.00023757917938118132 0.00087685516025883404 1.4914417738009872e-05 -1.4014469055878033e-05 0.0002120904001372586
leaf_weight=12935 272 458 96 3911 2106 496
leaf_count=12935 272 458 96 3911 2106 496
internal_value=-0.000191084 0.00132421 0.00416841 0.00253701 -0.00396069 0.015536
internal_weight=20274 7339 4775 4183 2564 592
internal_count=20274 7339 4775 4183 2564 592
is_linear=0
shrinkage=0.05


Tree=452
num_leaves=7
num_cat=0
split_feature=47 46 1 22 47 12
split_gain=10.7011 54.2523 33.4855 27.9341 26.7693 26.3328
threshold=0.78893008828163158 0.97127422690391552 -0.0086526414379477484 0.67499998211860668 0.74564814567565929 0.045851694419980056
decision_type=2 2 2 2 2 2
left_child=1 2 4 -4 -1 -3
right_child=-2 5 3 -5 -6 -7
leaf_value=-0.0004050163137405128 -1.7363493138177676e-06 0.00021234481521975287 -4.2855494351533093e-05 0.00044205798046739042 5.8727418167185166e-05 -0.0002177297847947562
leaf_weight=411 17578 1219 554 217 168 50
leaf_count=411 17578 1219 554 217 168 50
internal_value=-0.000181913 0.00328697 -0.00367159 0.003125 -0.012714 0.0106947
internal_weight=20197 2619 1350 771 579 1269
internal_count=20197 2619 1350 771 579 1269
is_linear=0
shrinkage=0.05


Tree=453
num_leaves=7
num_cat=0
split_feature=10 45 39 12 2 48
split_gain=10.7504 32.6894 52.6539 25.811 23.3507 22.7331
threshold=0.074306506663560881 0.087108299136161818 0.035962931811809547 0.0066410298459231862 0.0075227841734886178 1.2699006795883181
decision_type=2 2 2 2 2 2
left_child=-1 2 5 -3 -5 -2
right_child=1 3 -4 4 -6 -7
leaf_value=-7.5753897481532147e-06 0.00023750616316721668 0.00029403194506795764 -0.0003283721225643898 -0.00045540139811938086 -3.3359549394697437e-05 -9.6864613262589311e-05
leaf_weight=17621 863 204 105 84 1299 58
leaf_count=17621 863 204 105 84 1299 58
internal_value=-0.000186521 0.00283613 0.00977207 -0.00164887 -0.00412464 0.0136339
internal_weight=20234 2613 1026 1587 1383 921
internal_count=20234 2613 1026 1587 1383 921
is_linear=0
shrinkage=0.05


Tree=454
num_leaves=7
num_cat=0
split_feature=26 51 39 36 27 2
split_gain=9.70417 21.3302 23.5605 45.6708 28.6695 23.2836
threshold=0.12573938071727755 2.285955667495728 0.017648831009864811 0.42527873814105993 0.011835420038551094 0.011062951292842628
decision_type=2 2 2 2 2 2
left_child=-1 2 3 4 -2 -4
right_child=1 -3 5 -5 -6 -7
leaf_value=-1.2051759975915002e-07 -0.00029189597262129489 -8.6393451163772721e-05 -0.00015127893401765906 0.00087118257877182763 0.0001899377887754892 0.00033300221111918203
leaf_weight=19320 112 170 256 111 211 112
leaf_count=19320 112 170 256 111 211 112
internal_value=-0.000225403 0.00509212 0.00851921 0.016344 0.00647866 -0.000737265
internal_weight=20292 972 802 434 323 368
internal_count=20292 972 802 434 323 368
is_linear=0
shrinkage=0.05


Tree=455
num_leaves=7
num_cat=0
split_feature=35 39 55 44 27 22
split_gain=10.1097 21.7835 31.1117 28.2473 23.1479 21.2182
threshold=0.24088144302368167 -0.049111248925328248 14697.803710937502 0.097090031951665892 0.013278520666062834 0.17500000447034839
decision_type=2 2 2 2 2 2
left_child=1 2 -1 -4 -5 -2
right_child=5 -3 3 4 -6 -7
leaf_value=-0.00074881432108620232 -9.9162883908776275e-05 1.3062967654435803e-05 0.00012444352015639456 0.00023960892691187827 -0.00063761225195616813 -5.3859118078515567e-06
leaf_weight=142 1013 14702 188 57 91 4130
leaf_count=142 1013 14702 188 57 91 4130
internal_value=-0.000170946 0.000558117 -0.00988613 -0.00139296 -0.0174837 -0.00200563
internal_weight=20323 15180 478 336 148 5143
internal_count=20323 15180 478 336 148 5143
is_linear=0
shrinkage=0.05


Tree=456
num_leaves=7
num_cat=0
split_feature=6 44 48 25 55 3
split_gain=8.90863 29.6513 21.0958 28.1409 28.1095 40.2209
threshold=0.15729817003011706 0.13022792339324954 -0.66970542073249806 -0.039381008595228188 460529.65625000006 0.012254036962985994
decision_type=2 2 2 2 2 2
left_child=1 2 3 -1 5 -5
right_child=-2 -3 -4 4 -6 -7
leaf_value=-0.00012336850018981581 -7.3605617861482057e-06 0.00022791662937115371 -0.00011889491410242384 5.6258444029862882e-05 -0.00030451520615356643 0.00065105752417777337
leaf_weight=581 16008 586 820 2022 171 154
leaf_count=581 16008 586 820 2022 171 154
internal_value=-0.000175702 0.00206845 0.000419664 0.00241221 0.00485757 0.00640761
internal_weight=20342 4334 3748 2928 2347 2176
internal_count=20342 4334 3748 2928 2347 2176
is_linear=0
shrinkage=0.05


Tree=457
num_leaves=7
num_cat=0
split_feature=42 41 22 40 44 10
split_gain=10.7792 36.9706 28.6288 23.7924 22.5119 33.0717
threshold=0.090549305081367507 0.091083191335201277 0.92499998211860668 0.11626520380377771 0.095390073955059065 -0.02676425967365503
decision_type=2 2 2 2 2 2
left_child=1 2 4 -3 -1 -6
right_child=-2 3 -4 -5 5 -7
leaf_value=-3.0793721578750844e-06 -2.2118999820521711e-05 0.00037514504115903957 -0.00041729393394459658 -4.4973235311201586e-05 -6.0526973997709122e-05 0.00029156939338716007
leaf_weight=8571 10073 485 119 143 264 587
leaf_count=8571 10073 485 119 143 264 587
internal_value=-0.000191386 0.00105416 0.000274984 0.0127567 0.000591386 0.0083236
internal_weight=20242 10169 9541 628 9422 851
internal_count=20242 10169 9541 628 9422 851
is_linear=0
shrinkage=0.05


Tree=458
num_leaves=7
num_cat=0
split_feature=12 47 38 38 3 2
split_gain=8.7882 25.2 41.1515 28.2485 28.8184 27.7212
threshold=0.01954244822263718 0.92813393473625194 0.00082819280214607726 -0.03066541068255901 0.0058935654815286407 0.014397910796105863
decision_type=2 2 2 2 2 2
left_child=-1 2 3 -2 -5 -3
right_child=1 5 -4 4 -6 -7
leaf_value=7.7556877347283796e-06 -0.00038460413249704343 4.203518779715022e-05 -0.00015657976337937803 -0.00033649632424950717 9.9412172991970103e-05 -0.00035487852677636541
leaf_weight=15137 146 2472 1255 81 1159 139
leaf_count=15137 146 2472 1255 81 1159 139
internal_value=-0.00015078 -0.00178334 -0.00522487 0.000700935 0.00319277 0.00169151
internal_weight=20389 5252 2641 1386 1240 2611
internal_count=20389 5252 2641 1386 1240 2611
is_linear=0
shrinkage=0.05


Tree=459
num_leaves=7
num_cat=0
split_feature=9 31 2 22 45 44
split_gain=12.4765 22.4678 20.7903 30.563 33.5765 29.1966
threshold=-0.036917686462402337 39.260833740234382 0.0063127069734036931 0.77500000596046459 0.059223435819149024 0.072468344122171416
decision_type=2 2 2 2 2 2
left_child=-1 -2 3 4 -3 -4
right_child=1 2 5 -5 -6 -7
leaf_value=2.3372385658135546e-05 -0.00029765373039585831 -9.4412602093709518e-06 -0.0001439644520368012 -0.00062076655708503525 7.492943112873349e-05 -1.3984755235259273e-05
leaf_weight=7115 68 1722 832 88 1653 8776
leaf_count=7115 68 1722 832 88 1653 8776
internal_value=-0.000240634 -0.000755097 -0.000598425 0.0027177 0.00349852 -0.00179705
internal_weight=20254 13139 13071 3463 3375 9608
internal_count=20254 13139 13071 3463 3375 9608
is_linear=0
shrinkage=0.05


Tree=460
num_leaves=7
num_cat=0
split_feature=42 51 51 6 51 32
split_gain=9.35973 34.8348 26.5317 37.7913 24.9019 26.7576
threshold=0.093496512621641173 1.7951582670211794 1.3610090017318728 0.50088155269622814 0.060539470985531814 -0.75416952371597279
decision_type=2 2 2 2 2 2
left_child=1 -1 4 -4 -2 -6
right_child=2 -3 3 -5 5 -7
leaf_value=1.5082527774461708e-05 -1.7977080208017692e-05 -0.00020342731317825829 0.00059823048038035512 2.2184972603434192e-05 0.00018449467876553946 -0.00024089244758461402
leaf_weight=10703 6987 432 171 825 149 1043
leaf_count=10703 6987 432 171 825 149 1043
internal_value=-0.000175978 0.00084605 -0.00130991 0.00636863 -0.00225134 -0.00891813
internal_weight=20310 11135 9175 996 8179 1192
internal_count=20310 11135 9175 996 8179 1192
is_linear=0
shrinkage=0.05


Tree=461
num_leaves=7
num_cat=0
split_feature=36 2 9 36 35 41
split_gain=10.7753 32.5974 36.526 29.4343 24.1903 29.364
threshold=-0.76295194029808033 0.006782728713005782 -0.043593974784016602 -0.79324603080749501 -0.65752446651458729 0.12850306183099749
decision_type=2 2 2 2 2 2
left_child=1 -1 -3 -4 5 -2
right_child=4 2 3 -5 -6 -7
leaf_value=0.00011077876620419672 6.9724850927775289e-05 4.5118199247563487e-05 -9.0528997941555317e-05 -0.00036320786569134651 -4.6313612537797372e-06 0.00063174428457306222
leaf_weight=414 832 669 1062 182 17021 99
leaf_count=414 832 669 1062 182 17021 99
internal_value=-0.000146667 -0.00361278 -0.00637383 -0.0114291 0 0.00782585
internal_weight=20279 2327 1913 1244 17952 931
internal_count=20279 2327 1913 1244 17952 931
is_linear=0
shrinkage=0.05


Tree=462
num_leaves=7
num_cat=0
split_feature=24 55 41 55 40 44
split_gain=12.0951 25.018 25.0938 15.0437 13.4092 27.6344
threshold=-0.14341852068901059 28135.630859375004 0.1429390832781792 49836.833984375007 0.12325851619243623 0.15562175214290622
decision_type=2 2 2 2 2 2
left_child=1 -1 3 -3 5 -2
right_child=4 2 -4 -5 -6 -7
leaf_value=0.00047829133086173714 -9.8147971883976769e-07 -0.00010382818613311661 -0.00063182039977997492 0.0018473258799783265 -5.8995985818134299e-05 0.00024717317655823515
leaf_weight=144 17547 52 91 53 2087 350
leaf_count=144 17547 52 91 53 2087 350
internal_value=-0.000141424 0.0092029 -0.00236318 0.0138636 -0.000238881 0.000202491
internal_weight=20324 340 196 105 19984 17897
internal_count=20324 340 196 105 19984 17897
is_linear=0
shrinkage=0.05


Tree=463
num_leaves=7
num_cat=0
split_feature=10 44 42 46 44 13
split_gain=8.836 35.7723 23.9018 24.4392 20.1387 19.7928
threshold=0.13677776604890826 0.11595705524086954 0.077339995652437224 1.0521184802055361 0.08374537900090219 -0.0079341223463416082
decision_type=2 2 2 2 2 2
left_child=-1 2 -2 4 -4 -3
right_child=1 5 3 -5 -6 -7
leaf_value=-3.5595180842814927e-06 -0.00051238272679341823 7.8509084439884043e-05 7.1947986681425875e-05 -2.0034788190394142e-05 0.00050208419510700062 -0.00054320902701954037
leaf_weight=19647 57 67 94 110 220 108
leaf_count=19647 57 67 94 110 220 108
internal_value=-0.00014157 0.00555976 0.0126029 0.0167249 0.0237461 -0.0134722
internal_weight=20303 656 481 424 314 175
internal_count=20303 656 481 424 314 175
is_linear=0
shrinkage=0.05


Tree=464
num_leaves=7
num_cat=0
split_feature=39 55 24 55 35 46
split_gain=9.92898 37.2228 38.7078 23.3072 26.9045 20.3793
threshold=-0.049111248925328248 8588.2885742187518 -0.048888264223933213 193767.03906250003 0.18990075588226321 1.0521184802055361
decision_type=2 2 2 2 2 2
left_child=1 -1 -3 4 5 -4
right_child=-2 2 3 -5 -6 -7
leaf_value=-0.00034754571965859345 2.6362940098559592e-06 0.001198377007549694 -0.00031403872979219233 -0.00063615403424434932 0.00050650025410667082 3.0502056631238636e-05
leaf_weight=200 19648 62 143 76 96 107
leaf_count=200 19648 62 143 76 96 107
internal_value=-0.000126617 -0.00591437 0.00158487 -0.00392272 0.00163818 -0.00696078
internal_weight=20332 684 484 422 346 250
internal_count=20332 684 484 422 346 250
is_linear=0
shrinkage=0.05


Tree=465
num_leaves=7
num_cat=0
split_feature=46 21 42 27 21 28
split_gain=8.31001 50.2466 48.7059 25.1698 22.879 22.0984
threshold=1.1631091237068178 0.82500001788139354 0.062056377530097968 0.032926511019468314 0.72499999403953563 0.01427698601037264
decision_type=2 2 2 2 2 2
left_child=-1 2 -2 4 -4 -3
right_child=1 5 3 -5 -6 -7
leaf_value=9.1173674901397907e-06 0.00015793778211234188 0.00014868302103956295 -0.00027390473583159888 5.7843991504814885e-05 -7.1778148751132822e-06 -0.0001274052668465698
leaf_weight=17893 197 666 810 192 229 193
leaf_count=17893 197 666 810 192 229 193
internal_value=-0.000177112 -0.00254145 -0.00828681 -0.0119943 -0.0150623 0.00697338
internal_weight=20180 2287 1428 1231 1039 859
internal_count=20180 2287 1428 1231 1039 859
is_linear=0
shrinkage=0.05


Tree=466
num_leaves=7
num_cat=0
split_feature=5 49 44 21 46 44
split_gain=15.674 29.908 17.308 28.8068 18.0815 30.4602
threshold=0.55978670716285717 -0.36943295598030085 0.050447857007384307 0.075000001117587103 0.77391481399536144 0.12697502970695498
decision_type=2 2 2 2 2 2
left_child=-1 -2 -3 -4 -5 -6
right_child=1 2 3 4 5 -7
leaf_value=3.8671538189176272e-06 0.00016331345212696843 0.0001807777462671434 -0.00029226128467226166 0.00022439275840368899 -5.746373361624909e-05 -0.0004237250899471892
leaf_weight=18449 196 61 54 108 1328 208
leaf_count=18449 196 61 54 108 1328 208
internal_value=-0.000175168 -0.00445153 -0.00653345 -0.00750147 -0.00623105 -0.00764114
internal_weight=20404 1955 1759 1698 1644 1536
internal_count=20404 1955 1759 1698 1644 1536
is_linear=0
shrinkage=0.05


Tree=467
num_leaves=7
num_cat=0
split_feature=55 31 12 35 35 31
split_gain=7.51119 29.7253 29.8036 35.4492 37.5402 35.7433
threshold=61682.826171875007 36.232934951782234 0.038056638091802604 -0.037358934059739106 -0.79896947741508473 60.456644058227546
decision_type=2 2 2 2 2 2
left_child=-1 -2 -3 4 -4 -5
right_child=1 2 3 5 -6 -7
leaf_value=-1.0046894956032559e-05 -0.00026470780464569598 3.5878212325265332e-05 -0.00050412350214422267 -0.0001372588140141523 9.754135127354059e-05 -0.0004153588272459085
leaf_weight=12015 220 6895 57 399 516 112
leaf_count=12015 220 6895 57 399 516 112
internal_value=-0.000201543 0.00113664 0.00164391 -0.00603765 0.0024654 -0.0155523
internal_weight=20214 8199 7979 1084 573 511
internal_count=20214 8199 7979 1084 573 511
is_linear=0
shrinkage=0.05


Tree=468
num_leaves=7
num_cat=0
split_feature=0 44 22 44 40 39
split_gain=8.75786 26.5037 38.3988 33.3856 26.3322 21.6395
threshold=0.018237733282148842 0.13022792339324954 0.42499999701976782 0.14010039716959002 0.061767360195517547 0.043403459712862975
decision_type=2 2 2 2 2 2
left_child=4 5 -3 -4 -1 -2
right_child=1 2 3 -5 -6 -7
leaf_value=2.5715283043698966e-05 1.6737296195958042e-05 -0.00045482849476015467 0.00043202354497255024 0.00010763152835418346 -3.1394439810840509e-05 -0.00015090791460317419
leaf_weight=3567 4653 94 342 604 10301 792
leaf_count=3567 4653 94 342 604 10301 792
internal_value=-0.000141222 0.0013906 0.00868421 0.0117508 -0.000834355 -4.58716e-06
internal_weight=20353 6485 1040 946 13868 5445
internal_count=20353 6485 1040 946 13868 5445
is_linear=0
shrinkage=0.05


Tree=469
num_leaves=7
num_cat=0
split_feature=6 44 48 55 25 3
split_gain=8.64668 21.5749 21.3954 23.8931 28.4202 39.5599
threshold=0.14372611790895465 0.13022792339324954 -0.66970542073249806 460529.65625000006 -0.039381008595228188 0.012254036962985994
decision_type=2 2 2 2 2 2
left_child=1 2 3 4 -1 -6
right_child=-2 -3 -4 -5 5 -7
leaf_value=-9.8511477782178749e-05 -4.3220232514739692e-06 0.00017838503288977042 -0.00011890864154325459 -0.00025090563734944313 5.5431087309264878e-05 0.00067977201214760902
leaf_weight=524 16273 530 710 216 1877 139
leaf_count=524 16273 530 710 216 1877 139
internal_value=-0.000176334 0.0021932 0.000741861 0.00274357 0.00411591 0.00681593
internal_weight=20269 3996 3466 2756 2540 2016
internal_count=20269 3996 3466 2756 2540 2016
is_linear=0
shrinkage=0.05


Tree=470
num_leaves=7
num_cat=0
split_feature=51 47 17 40 21 6
split_gain=10.4489 37.7948 34.3926 28.9766 32.418 48.0855
threshold=-0.14156451821327207 1.0083326101303103 0.67499998211860668 0.09048947319388391 0.77500000596046459 0.14372611790895465
decision_type=2 2 2 2 2 2
left_child=1 -1 3 -3 5 -5
right_child=-2 2 -4 4 -6 -7
leaf_value=-0.00014364848802763007 6.4203284274425705e-06 0.0001562810388911305 0.0004475490066834679 3.8581697546453144e-05 5.2444169758198663e-05 -0.00044151758787538227
leaf_weight=2106 16251 535 254 247 696 252
leaf_count=2106 16251 535 254 247 696 252
internal_value=-0.000151135 -0.00233822 0.00260181 4.32277e-05 -0.00427083 -0.0139385
internal_weight=20341 4090 1984 1730 1195 499
internal_count=20341 4090 1984 1730 1195 499
is_linear=0
shrinkage=0.05


Tree=471
num_leaves=7
num_cat=0
split_feature=36 23 36 40 55 47
split_gain=10.1634 19.2151 12.3841 36.8307 20.4016 28.7098
threshold=-0.89245477318763722 -0.012182055972516535 -0.93727743625640858 0.083077814429998412 39168.892578125007 0.91433009505271923
decision_type=2 2 2 2 2 2
left_child=1 -1 3 -3 5 -4
right_child=-2 2 4 -5 -6 -7
leaf_value=7.1480225396705193e-05 3.5018403067247925e-06 -9.7187100257646209e-05 0.00039646298980006525 0.00049420909761364602 -0.00033453934681362856 -0.00021254341327808682
leaf_weight=261 19307 165 70 89 232 150
leaf_count=261 19307 165 70 89 232 150
internal_value=-0.000205878 -0.00496399 -0.00924754 -0.000289575 -0.0141685 -0.003
internal_weight=20274 967 706 254 452 220
internal_count=20274 967 706 254 452 220
is_linear=0
shrinkage=0.05


Tree=472
num_leaves=7
num_cat=0
split_feature=26 47 46 0 0 25
split_gain=14.36 21.4939 25.4495 31.3167 18.103 18.4844
threshold=0.12573938071727755 0.87005406618118297 0.88490545749664318 -0.065203592181205736 -0.014149460941553114 0.010470055043697359
decision_type=2 2 2 2 2 2
left_child=-1 4 -3 -4 5 -2
right_child=1 2 3 -5 -6 -7
leaf_value=-1.4224490133380461e-06 1.3355189359190359e-05 -7.4650018072450788e-05 -8.0404804728540259e-05 0.00020224545620891219 0.0003561529329256072 -0.00072886678171606319
leaf_weight=19406 52 190 96 544 55 56
leaf_count=19406 52 190 96 544 55 56
internal_value=-0.000214419 0.00603707 0.00931138 0.0140698 -0.0102679 -0.0219027
internal_weight=20399 993 830 640 163 108
internal_count=20399 993 830 640 163 108
is_linear=0
shrinkage=0.05


Tree=473
num_leaves=7
num_cat=0
split_feature=22 55 15 26 48 51
split_gain=8.79486 69.5919 34.5333 27.8731 20.4494 29.6474
threshold=0.17500000447034839 25607.137695312504 0.27500000596046453 0.11037142202258111 1.0231081247329714 -0.0029040838126093145
decision_type=2 2 2 2 2 2
left_child=1 2 -1 4 5 -3
right_child=-2 3 -4 -5 -6 -7
leaf_value=0.0001310027893576831 7.0449254766229671e-06 -7.1892720772031519e-05 -0.00035751941206288142 0.00047007576017677052 0.00010287944091053768 3.4640853412960201e-05
leaf_weight=107 17205 980 434 60 389 1085
leaf_count=107 17205 980 434 60 389 1085
internal_value=-0.000176413 -0.00236111 -0.018544 0.00114133 0.000274502 -0.0017029
internal_weight=20260 3055 541 2514 2454 2065
internal_count=20260 3055 541 2514 2454 2065
is_linear=0
shrinkage=0.05


Tree=474
num_leaves=7
num_cat=0
split_feature=35 55 48 44 43 22
split_gain=12.7065 38.6514 41.2779 29.3806 41.0085 26.5329
threshold=-0.074390649795532213 7.5448381900787362 1.3574984669685366 0.088703822344541564 0.070934884250164046 0.12500000372529033
decision_type=2 2 2 2 2 2
left_child=5 2 3 4 -2 -1
right_child=1 -3 -4 -5 -6 -7
leaf_value=-0.00015363344431432318 0.00025054241965889311 6.1027642725426223e-06 -9.2526411975594428e-05 0.00092349320580403262 -0.00047542234334206081 -7.3718571817982253e-06
leaf_weight=381 110 9880 189 261 85 9295
leaf_count=381 110 9880 189 261 85 9295
internal_value=-0.000280857 0.00130342 0.0131154 0.0212039 0.006125 -0.00120597
internal_weight=20201 10525 645 456 195 9676
internal_count=20201 10525 645 456 195 9676
is_linear=0
shrinkage=0.05


Tree=475
num_leaves=7
num_cat=0
split_feature=51 51 44 10 44 8
split_gain=11.4677 54.9728 55.0995 44.3512 27.6342 32.3751
threshold=-0.031176511198282238 -0.05881229601800441 0.092669460922479643 0.081119082868099227 0.050447857007384307 0.19867399334907535
decision_type=2 2 2 2 2 2
left_child=1 -1 3 4 -3 -6
right_child=-2 2 -4 -5 5 -7
leaf_value=-1.1498639331096331e-05 -1.3756906190368134e-05 0.00033701080180954476 0.00043124129052814794 0.00055027659531403617 0.00010760321674789862 -6.3744725613383484e-05
leaf_weight=6714 11185 78 855 130 312 1004
leaf_count=6714 11185 78 855 130 312 1004
internal_value=-0.000122023 0.00128874 0.0078125 0.00207652 -0.000553967 -0.00232778
internal_weight=20278 9093 2379 1524 1394 1316
internal_count=20278 9093 2379 1524 1394 1316
is_linear=0
shrinkage=0.05


Tree=476
num_leaves=7
num_cat=0
split_feature=51 11 52 52 47 12
split_gain=12.4345 26.758 14.9256 12.5506 18.0656 15.6587
threshold=-5.3946244716644278 -0.0084687457419931871 -0.055000113323330872 -0.2222761660814285 0.99163237214088451 0.041785797104239471
decision_type=2 2 2 2 2 2
left_child=1 2 -1 4 5 -2
right_child=3 -3 -4 -5 -6 -7
leaf_value=9.8906474043304778e-05 -0.00029682372329475166 -0.0012029234110073712 -0.00022556353206390603 4.916414351581185e-06 2.9854949906295135e-05 7.2892858734416657e-05
leaf_weight=146 568 54 129 18814 551 104
leaf_count=146 568 54 129 18814 551 104
internal_value=-0.000175495 -0.00965569 -0.00294643 7.11007e-05 -0.00482492 -0.0103028
internal_weight=20366 329 275 20037 1223 672
internal_count=20366 329 275 20037 1223 672
is_linear=0
shrinkage=0.05


Tree=477
num_leaves=7
num_cat=0
split_feature=51 51 12 36 3 51
split_gain=13.1393 31.8568 42.5451 38.6643 34.9333 49.7061
threshold=-0.021145598031580445 -0.0055957131553441277 -0.0048051648773252955 -0.34487745165824885 0.0089134583249688166 0.0075090492609888324
decision_type=2 2 2 2 2 2
left_child=-1 -2 4 -4 5 -3
right_child=1 2 3 -5 -6 -7
leaf_value=1.964870190508577e-05 -0.0001063707547978523 0.00031624253042075636 -0.00066712386927889283 -3.1361789395490205e-05 -2.1999221536593714e-05 4.2505603713497874e-05
leaf_weight=10083 1702 569 172 3867 2193 1715
leaf_count=10083 1702 569 172 3867 2193 1715
internal_value=-0.000171132 -0.00107356 0.000173102 -0.00354228 0.00353079 0.00785277
internal_weight=20301 10218 8516 4039 4477 2284
internal_count=20301 10218 8516 4039 4477 2284
is_linear=0
shrinkage=0.05


Tree=478
num_leaves=7
num_cat=0
split_feature=23 38 0 3 47 53
split_gain=12.9135 23.2214 27.9635 21.8615 18.7203 23.1568
threshold=0.0063993826042860755 0.0023641326697543268 0.028164962306618694 0.012254036962985994 1.063051760196686 -0.4262325912714004
decision_type=2 2 2 2 2 2
left_child=4 -2 -3 -4 5 -1
right_child=1 2 3 -5 -6 -7
leaf_value=5.954208968316265e-05 2.0095644807630494e-05 -1.9415073112002969e-05 -0.00029785706378298904 9.6724366993019166e-06 5.460042551342537e-05 -1.6466579064728078e-05
leaf_weight=2380 3555 2337 563 224 3635 7624
leaf_count=2380 3555 2337 563 224 3635 7624
internal_value=-0.000161147 -0.00151481 -0.00465804 -0.0127841 0.00116718 4.74573e-05
internal_weight=20318 6679 3124 787 13639 10004
internal_count=20318 6679 3124 787 13639 10004
is_linear=0
shrinkage=0.05


Tree=479
num_leaves=7
num_cat=0
split_feature=9 6 28 17 16 7
split_gain=9.53687 22.9657 21.3872 18.8681 18.7392 19.9851
threshold=-0.036917686462402337 0.64160576462745678 -0.017140260897576805 0.57500001788139354 0.12500000372529033 0.58658578991889965
decision_type=2 2 2 2 2 2
left_child=1 4 -2 -3 -1 -6
right_child=2 3 -4 -5 5 -7
leaf_value=-5.6662292576680786e-05 -0.00032666667771890636 -0.00061489613438502023 -6.2895911848140818e-06 -9.436510121273502e-05 7.541558183647636e-05 -5.4818795633105809e-05
leaf_weight=1543 368 60 12748 106 4193 1196
leaf_count=1543 368 60 12748 106 4193 1196
internal_value=-0.000206489 0.00127763 -0.000996494 -0.0168129 0.00172625 0.00311921
internal_weight=20214 7098 13116 166 6932 5389
internal_count=20214 7098 13116 166 6932 5389
is_linear=0
shrinkage=0.05


Tree=480
num_leaves=7
num_cat=0
split_feature=51 50 21 47 50 50
split_gain=8.27701 28.4396 27.1144 26.6965 29.0193 25.0868
threshold=-0.062135998159646981 -0.41001638770103449 0.17500000447034839 0.97731596231460582 -0.70556050539016713 0.98541995882987987
decision_type=2 2 2 2 2 2
left_child=1 2 -1 4 -4 -3
right_child=-2 5 3 -5 -6 -7
leaf_value=0.00026101751246299256 4.7720661300928308e-06 -0.00014953971670753714 -0.00013185730417490188 6.0541409108940737e-05 0.00015431084933103387 4.5424795147375343e-05
leaf_weight=207 13924 2249 1280 1759 389 537
leaf_count=207 13924 2249 1280 1759 389 537
internal_value=-0.000224816 -0.00174681 0.00116071 8.01049e-05 -0.00443548 -0.00554461
internal_weight=20345 6421 3635 3428 1669 2786
internal_count=20345 6421 3635 3428 1669 2786
is_linear=0
shrinkage=0.05


Tree=481
num_leaves=7
num_cat=0
split_feature=34 55 47 49 55 12
split_gain=8.89893 32.9728 26.1778 14.838 10.4006 31.7203
threshold=-0.86172220110893238 41304.572265625007 1.2818518877029421 -1.0674930810928343 61682.826171875007 0.034442400559782989
decision_type=2 2 2 2 2 2
left_child=1 2 -1 -3 -2 -6
right_child=4 3 -4 -5 5 -7
leaf_value=0.00052086953974815955 -1.1512097157714841e-05 -6.1576234161593403e-05 -0.00025141796758844733 -0.00065495634422441074 3.4545885035619304e-05 -7.6922407112242782e-05
leaf_weight=79 11868 82 72 90 6865 1295
leaf_count=79 11868 82 72 90 6865 1295
internal_value=-0.000180536 -0.00830793 0.00849359 -0.0230226 -3.74382e-06 0.00136865
internal_weight=20351 323 151 172 20028 8160
internal_count=20351 323 151 172 20028 8160
is_linear=0
shrinkage=0.05


Tree=482
num_leaves=7
num_cat=0
split_feature=23 47 50 38 51 48
split_gain=8.47271 19.2756 30.205 28.1779 28.3268 27.0073
threshold=0.0063993826042860755 1.0851030945777895 1.1556104421615603 -0.00058811489725485433 -0.031176511198282238 1.5613363385200503
decision_type=2 2 2 2 2 2
left_child=1 2 -1 4 -4 -5
right_child=-2 -3 3 5 -6 -7
leaf_value=-1.3179142804157834e-05 -1.710397891732619e-05 5.4297532433980591e-05 0.00024441988176382488 0.00041210528134113367 -0.00011500756867950787 1.0979295136191031e-07
leaf_weight=9472 6682 3144 156 297 330 145
leaf_count=9472 6682 3144 156 297 330 145
internal_value=-0.000151994 0.000787881 -0.000247477 0.00833333 0 0.0173937
internal_weight=20226 13544 10400 928 486 442
internal_count=20226 13544 10400 928 486 442
is_linear=0
shrinkage=0.05


Tree=483
num_leaves=7
num_cat=0
split_feature=51 4 2 17 53 36
split_gain=10.5967 25.1292 15.4806 13.5289 11.7998 10.2559
threshold=-5.3946244716644278 -0.35761675238609308 0.010864129755645992 0.22500000149011615 -0.96493321657180775 -0.89245477318763722
decision_type=2 2 2 2 2 2
left_child=1 2 -1 4 -4 -2
right_child=5 -3 3 -5 -6 -7
leaf_value=-0.00017090558899897565 -5.1792465552715026e-05 -0.00091708969662221006 0.00023613023441196418 0.00053658834049709933 -0.00032433355974757614 5.3324462247815979e-06
leaf_weight=72 1032 70 68 53 71 18952
leaf_count=72 1032 70 68 53 71 18952
internal_value=-0.00018083 -0.00877581 -0.00139405 0.00596447 -0.00225694 0.000138826
internal_weight=20318 334 264 192 139 19984
internal_count=20318 334 264 192 139 19984
is_linear=0
shrinkage=0.05


Tree=484
num_leaves=7
num_cat=0
split_feature=46 21 27 42 49 12
split_gain=9.11604 19.8867 26.8264 24.7677 17.6806 16.6806
threshold=1.2434928417205813 0.77500000596046459 0.032926511019468314 0.064225222915411009 -1.7109757065773008 0.023571135476231578
decision_type=2 2 2 2 2 2
left_child=-1 2 3 -2 -5 -3
right_child=1 5 -4 4 -6 -7
leaf_value=5.3032244619332558e-06 6.2407748362270618e-05 8.9212968087306309e-05 0.00034138185415436549 -1.6333636728763523e-05 -0.00038697170196242276 -0.00021256730340464081
leaf_weight=18855 77 566 90 137 340 105
leaf_count=18855 77 566 90 137 340 105
internal_value=-8.79802e-05 -0.00388258 -0.010131 -0.0142665 -0.0185166 0.00210799
internal_weight=20170 1315 644 554 477 671
internal_count=20170 1315 644 554 477 671
is_linear=0
shrinkage=0.05


Tree=485
num_leaves=7
num_cat=0
split_feature=56 37 43 39 35 1
split_gain=10.5081 17.188 15.1076 14.5026 35.0332 26.2898
threshold=1.2873501020749248e-07 -0.0018447932088747618 0.072116978466510787 0.020102025941014293 0.093689657747745528 0.0015630687703378501
decision_type=2 2 2 2 2 2
left_child=3 -2 -3 -1 5 -5
right_child=1 2 -4 4 -6 -7
leaf_value=-7.5475281224388498e-06 -1.8450567981252189e-06 2.5366156380410809e-05 -0.00013180108270290577 1.5197993781705514e-05 -3.1441736728907588e-05 0.00020832399274645932
leaf_weight=7785 6057 498 2110 1241 1304 1313
leaf_count=7785 6057 498 2110 1241 1304 1313
internal_value=-0.000195687 -0.00165225 -0.0050421 0.000646034 0.0031517 0.0065553
internal_weight=20308 8665 2608 11643 3858 2554
internal_count=20308 8665 2608 11643 3858 2554
is_linear=0
shrinkage=0.05


Tree=486
num_leaves=7
num_cat=0
split_feature=49 48 53 53 36 52
split_gain=10.4647 17.0873 18.3807 38.8593 36.6656 40.5274
threshold=0.11929900199174882 2.2400039434432988 -0.23716993629932401 -0.055809605866670602 -0.30778922140598292 7.6599721069214879e-05
decision_type=2 2 2 2 2 2
left_child=1 2 -1 4 -4 -6
right_child=-2 -3 3 -5 5 -7
leaf_value=6.066214907314197e-05 -1.5967352195861344e-05 -0.00025617913194623518 -0.00036112165071013752 1.7181388039482501e-05 2.1593987233007608e-05 -0.00044517818337374909
leaf_weight=3939 8986 81 494 5878 709 131
leaf_count=3939 8986 81 494 5878 709 131
internal_value=-0.000241062 0.000967785 0.00114064 -0.000356796 -0.00804705 -0.00162722
internal_weight=20218 11232 11151 7212 1334 840
internal_count=20218 11232 11151 7212 1334 840
is_linear=0
shrinkage=0.05


Tree=487
num_leaves=7
num_cat=0
split_feature=53 47 54 16 1 32
split_gain=8.15773 24.027 26.4108 18.676 18.6938 16.7203
threshold=0.84754872322082531 0.90800949931144725 0.07589807361364366 0.92499998211860668 0.026556191034615043 0.60468149185180675
decision_type=2 2 2 2 2 2
left_child=-1 5 3 4 -3 -2
right_child=1 2 -4 -5 -6 -7
leaf_value=9.1309830756784685e-07 0.00010662846816215724 -0.00016826953607849114 2.9594721893920128e-05 0.00014032667883699765 -0.00030056408365448299 -0.00014815348092281946
leaf_weight=18419 532 556 487 90 165 129
leaf_count=18419 532 556 487 90 165 129
internal_value=-0.000195015 -0.0033223 -0.00727168 -0.0127757 -0.0154614 0.00439189
internal_weight=20378 1959 1298 811 721 661
internal_count=20378 1959 1298 811 721 661
is_linear=0
shrinkage=0.05


Tree=488
num_leaves=7
num_cat=0
split_feature=35 53 51 36 27 42
split_gain=13.8559 27.7482 18.9188 16.5217 27.7286 16.5162
threshold=0.83205384016036998 0.05336147919297219 0.012952533084899189 0.86825728416442882 0.02780676539987326 0.099904328584671034
decision_type=2 2 2 2 2 2
left_child=3 -2 -3 -1 5 -5
right_child=1 2 -4 4 -6 -7
leaf_value=-2.0988479973700431e-07 -0.00040749236264631214 -0.00030947532449332547 0.00025906341083311213 0.00021799278530505199 -0.00020045477889672568 -7.4766722405229842e-05
leaf_weight=19429 112 87 122 241 86 63
leaf_count=19429 112 87 122 241 86 63
internal_value=-0.000157607 -0.0101994 0.000584112 0.000192948 0.0103165 0.0173948
internal_weight=20140 321 209 19819 390 304
internal_count=20140 321 209 19819 390 304
is_linear=0
shrinkage=0.05


Tree=489
num_leaves=7
num_cat=0
split_feature=36 36 3 40 35 30
split_gain=9.97679 19.841 43.3439 38.5117 25.16 19.7076
threshold=-0.89245477318763722 -0.93727743625640858 0.0071796204429119834 0.082015573978424086 -0.79896947741508473 33.211702346801765
decision_type=2 2 2 2 2 2
left_child=1 3 -3 -1 5 -4
right_child=-2 2 4 -5 -6 -7
leaf_value=-6.9141661145639518e-05 2.851346065838338e-06 0.00025437932418727918 -1.3797686011521229e-05 0.00052811969056927057 4.91756273881195e-05 -0.00035890246040474653
leaf_weight=191 19255 115 102 140 139 330
leaf_count=191 19255 115 102 140 139 330
internal_value=-0.000250284 -0.00481898 -0.00965991 0.00513393 -0.0153212 -0.0212243
internal_weight=20272 1017 686 331 571 432
internal_count=20272 1017 686 331 571 432
is_linear=0
shrinkage=0.05


Tree=490
num_leaves=7
num_cat=0
split_feature=59 43 53 44 3 52
split_gain=9.23365 10.1575 17.825 31.6275 24.1314 18.6697
threshold=-0.00035735359415411944 0.075558219105005278 -0.055809605866670602 0.071599468588829054 0.0072642592713236817 -0.00041334895649924869
decision_type=2 2 2 2 2 2
left_child=1 2 3 -1 5 -5
right_child=-2 -3 -4 4 -6 -7
leaf_value=3.7712222979712942e-05 -1.0462025691247323e-05 3.673842345920291e-05 2.710398413993693e-05 -0.00012569318331870878 -3.4338949967713483e-05 -0.00049854664801205438
leaf_weight=470 10910 6210 1840 200 403 220
leaf_count=470 10910 6210 1840 200 403 220
internal_value=-8.76197e-05 0.00131846 -0.000995857 -0.00548921 -0.0113829 -0.0197059
internal_weight=20253 9343 3133 1293 823 420
internal_count=20253 9343 3133 1293 823 420
is_linear=0
shrinkage=0.05


Tree=491
num_leaves=7
num_cat=0
split_feature=39 35 44 24 16 55
split_gain=10.3672 33.2571 22.8792 29.5251 19.7065 19.324
threshold=-0.049111248925328248 0.17113492637872699 0.093400225043296828 -0.064848091453313814 0.37500000000000006 76366.199218750015
decision_type=2 2 2 2 2 2
left_child=1 2 5 -4 -3 -1
right_child=-2 4 3 -5 -6 -7
leaf_value=-0.00024924457029771311 6.4618417522710645e-06 -7.4997690284325102e-05 0.00016358891109892785 -0.00070147424608138899 0.00045733695617673227 0.00018556904542653828
leaf_weight=110 19612 114 56 175 136 79
leaf_count=110 19612 114 56 175 136 79
internal_value=-0.000166363 -0.00574074 -0.0142941 -0.0246822 0.00852941 -0.00115979
internal_weight=20282 670 420 231 250 189
internal_count=20282 670 420 231 250 189
is_linear=0
shrinkage=0.05


Tree=492
num_leaves=7
num_cat=0
split_feature=36 35 45 21 8 53
split_gain=10.1233 25.8337 20.5809 21.4229 19.6761 29.7367
threshold=0.82941195368766796 0.74762967228889476 0.071333695203065886 0.42499999701976782 0.70560756325721752 -0.33007830381393427
decision_type=2 2 2 2 2 2
left_child=1 -1 -2 -4 5 -3
right_child=2 4 3 -5 -6 -7
leaf_value=1.4646035169678689e-06 -3.9696412788425031e-05 0.00040041953251211112 0.00018661096852145946 -4.4985844681459405e-05 -0.00083066925884822326 -0.00039013733971884906
leaf_weight=19045 335 54 475 154 63 168
leaf_count=19045 335 54 475 154 63 168
internal_value=-0.000166264 -0.000102146 0.00513416 0.0104495 -0.0149138 -0.00737885
internal_weight=20294 19330 964 629 285 222
internal_count=20294 19330 964 629 285 222
is_linear=0
shrinkage=0.05


Tree=493
num_leaves=7
num_cat=0
split_feature=25 43 20 55 41 22
split_gain=10.8426 15.4738 14.4564 9.64112 9.19906 50.0011
threshold=0.05743216164410115 0.14726231992244723 0.87500000000000011 8588.2885742187518 0.066433291882276549 0.62500000000000011
decision_type=2 2 2 2 2 2
left_child=4 2 -2 -3 5 -1
right_child=1 3 -4 -5 -6 -7
leaf_value=-4.4470022219391269e-06 -0.00044979880360303498 -0.00019845782959122878 -6.0581248492099559e-05 0.00033699340050412504 1.1796000867008393e-05 -0.00058100411015166165
leaf_weight=4034 103 60 96 63 15685 211
leaf_count=4034 103 60 96 63 15685 211
internal_value=-0.000127117 -0.00879205 -0.0172794 0.00488281 0.000385001 -0.00167647
internal_weight=20252 322 199 123 19930 4245
internal_count=20252 322 199 123 19930 4245
is_linear=0
shrinkage=0.05


Tree=494
num_leaves=7
num_cat=0
split_feature=26 47 46 21 0 44
split_gain=13.4904 28.6626 18.8825 26.5695 25.7962 23.1832
threshold=0.12573938071727755 0.87005406618118297 0.88490545749664318 0.47499999403953558 -0.065203592181205736 0.087639845907688155
decision_type=2 2 2 2 2 2
left_child=-1 -2 3 5 -4 -3
right_child=1 2 4 -5 -6 -7
leaf_value=-2.5974261266164528e-06 -0.00019564455613577635 -9.7955126931529706e-05 -7.2039389498373529e-05 -0.00046243646376158273 0.00021165898858536557 0.00081147802133806405
leaf_weight=19281 168 55 86 67 528 58
leaf_count=19281 168 55 86 67 528 58
internal_value=-0.000151867 0.00586867 0.00985607 -0.00418919 0.0140145 0.0103814
internal_weight=20243 962 794 180 614 113
internal_count=20243 962 794 180 614 113
is_linear=0
shrinkage=0.05


Tree=495
num_leaves=7
num_cat=0
split_feature=35 45 15 1 21 12
split_gain=9.49691 41.1455 56.2335 25.7098 22.7964 26.8592
threshold=0.44652305543422705 0.071333695203065886 0.42499999701976782 0.069169856607913985 0.37500000000000006 -0.0048051648773252955
decision_type=2 2 2 2 2 2
left_child=-1 2 -2 -3 5 -4
right_child=1 3 4 -5 -6 -7
leaf_value=-7.6716747407696607e-07 -0.00051935062338975726 0.00014323662690379681 0.00032486080836433446 -0.00033394675930396942 -0.00019866198774134001 1.1301471575098523e-05
leaf_weight=17315 238 1759 52 138 100 540
leaf_count=17315 238 1759 52 138 100 540
internal_value=-0.000172482 0.00304555 -0.00553476 0.00726866 0.0016858 0.00548576
internal_weight=20142 2827 930 1897 692 592
internal_count=20142 2827 930 1897 692 592
is_linear=0
shrinkage=0.05


Tree=496
num_leaves=7
num_cat=0
split_feature=51 22 36 42 43 45
split_gain=9.2752 27.148 38.6251 42.296 40.223 35.0209
threshold=-0.14156451821327207 0.77500000596046459 -0.17923704534769055 0.09675780683755876 0.054185321554541595 0.12277229130268098
decision_type=2 2 2 2 2 2
left_child=1 2 -1 4 -4 -5
right_child=-2 -3 3 5 -6 -7
leaf_value=-0.00030669205064711867 5.8007532985253699e-06 5.0030702574147515e-05 -0.00021159758239913966 -0.00040410950052843509 0.00015848399834514828 0.0001337042097168373
leaf_weight=657 16362 1692 130 587 740 239
leaf_count=657 16362 1692 130 587 740 239
internal_value=-0.00018494 -0.00217901 -0.00565098 -0.00163139 0.00602857 -0.00971721
internal_weight=20407 4045 2353 1696 870 826
internal_count=20407 4045 2353 1696 870 826
is_linear=0
shrinkage=0.05


Tree=497
num_leaves=7
num_cat=0
split_feature=22 36 49 35 36 53
split_gain=7.92225 41.5791 53.7965 42.4069 31.0638 28.2462
threshold=0.92499998211860668 -0.17923704534769055 0.11929900199174882 -0.83490771055221547 -0.76295194029808033 -0.7001340091228484
decision_type=2 2 2 2 2 2
left_child=-1 3 5 -2 -5 -3
right_child=1 2 -4 4 -6 -7
leaf_value=3.5145106370808462e-06 0.00035287219247700846 -0.00010301724764512806 -8.172872093736936e-05 -0.00089207209858231803 -0.00017848066718111774 0.00064861017332907471
leaf_weight=18319 60 96 546 111 827 388
leaf_count=18319 60 96 546 111 827 388
internal_value=-0.000146177 -0.00298819 0.00403382 -0.0102443 -0.0129109 0.0161043
internal_weight=20347 2028 1030 998 938 484
internal_count=20347 2028 1030 998 938 484
is_linear=0
shrinkage=0.05


Tree=498
num_leaves=7
num_cat=0
split_feature=43 0 48 35 19 46
split_gain=8.81362 27.0774 20.9448 28.4997 20.957 25.4007
threshold=0.052085973322391517 0.02626956440508366 1.0970698595046999 0.093689657747745528 0.12500000372529033 0.75138464570045482
decision_type=2 2 2 2 2 2
left_child=1 2 4 -4 -1 -6
right_child=-2 -3 3 -5 5 -7
leaf_value=0.00013786257762893629 -1.2862357950601764e-06 -0.00038737943341007625 0.00032577172395593728 -7.2747097006099225e-05 7.1924154204442832e-05 -0.00010418010604778513
leaf_weight=121 18895 65 122 69 129 792
leaf_count=121 18895 65 122 69 129 792
internal_value=-0.000172047 -0.00435533 -0.00260501 0.0123724 -0.00542025 -0.00801836
internal_weight=20193 1298 1233 191 1042 921
internal_count=20193 1298 1233 191 1042 921
is_linear=0
shrinkage=0.05


Tree=499
num_leaves=7
num_cat=0
split_feature=12 21 35 8 3 43
split_gain=7.16284 32.0415 26.4762 21.8437 23.5783 29.9017
threshold=0.060492979362607009 0.42499999701976782 0.28570356965065008 0.74114224314689647 0.0094788474962115305 0.14726231992244723
decision_type=2 2 2 2 2 2
left_child=-1 -2 3 -3 -5 -6
right_child=1 2 -4 4 5 -7
leaf_value=2.9672141054470064e-06 7.6392376293902243e-05 -0.00036436266852770392 -0.00056953190947453861 -0.00026137382136696513 0.00035709531526137011 -0.00021022049739492459
leaf_weight=18963 507 130 204 134 236 84
leaf_count=18963 507 130 204 134 236 84
internal_value=-0.000201105 -0.00363462 -0.00993064 -0.00437182 0.000816993 0.00823077
internal_weight=20258 1295 788 584 454 320
internal_count=20258 1295 788 584 454 320
is_linear=0
shrinkage=0.05


end of trees

feature_importances:
usd_beta_21d=161
usd_beta_63d=152
vol_gk_252d=148
kalman_trend=139
kalman_smoothness=136
vol_gk_126d=131
rank_vol_63d=119
vol_ratio_63_252=107
usd_factor_63d=102
kalman_slope_zscore=89
vol_cc_63d=83
vol_gk_63d=79
avg_range_63d=74
rank_vol_21d=74
price_to_ma_252d=72
usd_factor_21d=71
vol_gk_21d=71
zscore_126d=68
vol_ratio_21_63=67
accel_21_63=62
mom_skip_recent=60
avg_range_21d=53
vol_cc_21d=52
channel_pos_126d=47
ret_126d=46
sharpe_126d=44
zscore_63d=44
ret_252d=43
ret_42d=42
kalman_slope=39
accel_63_126=38
rank_ret_126d=36
max_dd_63d=31
kalman_innovation=31
bollinger_pctb_21d=28
rank_ret_63d=28
ret_10d=25
rsi_63d=25
ret_63d=24
ret_21d=22
zscore_21d=21
sharpe_63d=20
price_to_ma_63d=19
price_to_ma_21d=16
channel_pos_21d=15
rank_sharpe_63d=15
rsi_14d=15
channel_pos_63d=13
rank_sharpe_126d=13
sharpe_21d=13
rank_sharpe_21d=12
carry_proxy=10
hmm_regime_prob_risk_off=10
rank_carry_proxy=9
rank_ret_21d=8
ret_5d=8
hmm_regime_transition_5d=6
usd_factor_1d=5
arima_forecast=5
arima_residual=2
arima_residual_zscore=2

parameters:
[boosting: gbdt]
[objective: regression_l1]
[metric: custom]
[tree_learner: serial]
[device_type: cuda]
[data_sample_strategy: bagging]
[data: ]
[valid: ]
[num_iterations: 500]
[learning_rate: 0.05]
[num_leaves: 7]
[num_threads: 0]
[seed: 42]
[deterministic: 0]
[force_col_wise: 0]
[force_row_wise: 1]
[histogram_pool_size: -1]
[max_depth: -1]
[min_data_in_leaf: 50]
[min_sum_hessian_in_leaf: 0.001]
[bagging_fraction: 0.8]
[pos_bagging_fraction: 1]
[neg_bagging_fraction: 1]
[bagging_freq: 1]
[bagging_seed: 400]
[bagging_by_query: 0]
[feature_fraction: 0.7]
[feature_fraction_bynode: 1]
[feature_fraction_seed: 30056]
[extra_trees: 0]
[extra_seed: 12879]
[early_stopping_round: 0]
[early_stopping_min_delta: 0]
[first_metric_only: 0]
[max_delta_step: 0]
[lambda_l1: 0.5]
[lambda_l2: 5]
[linear_lambda: 0]
[min_gain_to_split: 0]
[drop_rate: 0.1]
[max_drop: 50]
[skip_drop: 0.5]
[xgboost_dart_mode: 0]
[uniform_drop: 0]
[drop_seed: 17869]
[top_rate: 0.2]
[other_rate: 0.1]
[min_data_per_group: 100]
[max_cat_threshold: 32]
[cat_l2: 10]
[cat_smooth: 10]
[max_cat_to_onehot: 4]
[top_k: 20]
[monotone_constraints: ]
[monotone_constraints_method: basic]
[monotone_penalty: 0]
[feature_contri: ]
[forcedsplits_filename: ]
[refit_decay_rate: 0.9]
[cegb_tradeoff: 1]
[cegb_penalty_split: 0]
[cegb_penalty_feature_lazy: ]
[cegb_penalty_feature_coupled: ]
[path_smooth: 0]
[interaction_constraints: ]
[verbosity: -1]
[saved_feature_importance_type: 0]
[use_quantized_grad: 0]
[num_grad_quant_bins: 4]
[quant_train_renew_leaf: 0]
[stochastic_rounding: 1]
[linear_tree: 0]
[max_bin: 63]
[max_bin_by_feature: ]
[min_data_in_bin: 3]
[bin_construct_sample_cnt: 200000]
[data_random_seed: 175]
[is_enable_sparse: 1]
[enable_bundle: 1]
[use_missing: 1]
[zero_as_missing: 0]
[feature_pre_filter: 1]
[pre_partition: 0]
[two_round: 0]
[header: 0]
[label_column: ]
[weight_column: ]
[group_column: ]
[ignore_column: ]
[categorical_feature: ]
[forcedbins_filename: ]
[precise_float_parser: 0]
[parser_config_file: ]
[objective_seed: 16083]
[num_class: 1]
[is_unbalance: 0]
[scale_pos_weight: 1]
[sigmoid: 1]
[boost_from_average: 1]
[reg_sqrt: 0]
[alpha: 0.9]
[fair_c: 1]
[poisson_max_delta_step: 0.7]
[tweedie_variance_power: 1.5]
[lambdarank_truncation_level: 30]
[lambdarank_norm: 1]
[label_gain: ]
[lambdarank_position_bias_regularization: 0]
[eval_at: ]
[multi_error_top_k: 1]
[auc_mu_weights: ]
[num_machines: 1]
[local_listen_port: 12400]
[time_out: 120]
[machine_list_filename: ]
[machines: ]
[gpu_platform_id: -1]
[gpu_device_id: -1]
[gpu_device_id_list: ]
[gpu_use_dp: 0]
[num_gpu: 1]

end of parameters

pandas_categorical:null
