tree
version=v4
num_class=1
num_tree_per_iteration=1
label_index=0
max_feature_idx=60
objective=regression_l1
feature_names=accel_21_63 accel_63_126 avg_range_21d avg_range_63d bollinger_pctb_21d carry_proxy channel_pos_126d channel_pos_21d channel_pos_63d max_dd_63d mom_skip_recent price_to_ma_21d price_to_ma_252d price_to_ma_63d rank_carry_proxy rank_ret_126d rank_ret_21d rank_ret_63d rank_sharpe_126d rank_sharpe_21d rank_sharpe_63d rank_vol_21d rank_vol_63d ret_10d ret_126d ret_21d ret_252d ret_42d ret_5d ret_63d rsi_14d rsi_63d sharpe_126d sharpe_21d sharpe_63d usd_beta_21d usd_beta_63d usd_factor_1d usd_factor_21d usd_factor_63d vol_cc_21d vol_cc_63d vol_gk_126d vol_gk_21d vol_gk_252d vol_gk_63d vol_ratio_21_63 vol_ratio_63_252 zscore_126d zscore_21d zscore_63d kalman_trend kalman_slope kalman_slope_zscore kalman_innovation kalman_smoothness hmm_regime_prob_risk_off hmm_regime_transition_5d arima_forecast arima_residual arima_residual_zscore
feature_infos=[-0.15642635524272919:0.19240662455558777] [-0.21014240384101868:0.20013248920440674] [0.0025495814625173807:0.035107351839542389] [0.0030369104351848364:0.021271631121635437] [-1.8278230428695679:1.8254753351211548] [-1.6097584962844849:1.5932354927062988] [0:1] [0:1] [0:1] [-0.18370869755744934:0] [-0.23517374694347382:0.34722661972045898] [-0.10609178990125656:0.10174737125635147] [-0.16633027791976929:0.18374019861221313] [-0.14576289057731628:0.14521500468254089] [0.05000000074505806:1] [0.05000000074505806:1] [0.05000000074505806:1] [0.05000000074505806:1] [0.05000000074505806:1] [0.05000000074505806:1] [0.05000000074505806:1] [0.05000000074505806:1] [0.05000000074505806:1] [-0.13126853108406067:0.12504760921001434] [-0.19061939418315887:0.26885315775871277] [-0.15063758194446564:0.17170728743076324] [-0.22473126649856567:0.35592925548553467] [-0.17552411556243896:0.17195422947406769] [-0.10952777415513992:0.087763510644435883] [-0.16894806921482086:0.19848896563053131] [0:100] [22.617733001708984:74.758338928222656] [-1.6901857852935791:2.3111269474029541] [-0.91558325290679932:1.0504312515258789] [-1.6097584962844849:1.5932354927062988] [-0.94402116537094116:0.910622239112854] [-0.96908104419708252:0.96482306718826294] [-0.025414949283003807:0.021198883652687073] [-0.063750952482223511:0.06927645206451416] [-0.085077568888664246:0.087879091501235962] [0.017814457416534424:0.324739009141922] [0.024848569184541702:0.21544218063354492] [0.034960795193910599:0.20880496501922607] [0.025944724678993225:0.41148775815963745] [0.036809258162975311:0.16229553520679474] [0.030589032918214798:0.26608303189277649] [0.43870788812637329:1.6809812784194946] [0.48082762956619263:1.8213596343994141] [-5.3293304443359375:5.6418161392211914] [-5.8585982322692871:7.0633125305175781] [-5.941831111907959:6.3973064422607422] none none none none none none none none none none
tree_sizes=814 813 806 813 800 786 810 811 806 808 803 788 802 796 810 798 804 813 815 807 790 801 794 818 805 800 787 798 808 811 799 810 807 802 798 802 803 804 816 791 802 813 804 793 814 794 801 802 815 800 807 796 806 817 809 790 799 805 780 801 795 783 799 806 787 791 801 798 801 809 789 800 795 806 795 805 791 804 794 802 807 820 808 785 808 807 811 810 792 800 793 803 783 793 809 798 803 801 801 808 820 816 809 795 802 809 796 801 794 809 795 795 802 792 800 799 796 796 803 811 810 791 806 795 795 793 812 798 810 795 803 802 779 800 809 801 804 802 811 792 794 785 802 807 808 807 805 800 794 810 797 800 816 806 811 807 786 810 803 799 802 796 808 797 802 804 819 801 792 789 798 802 805 806 793 794 795 807 803 803 802 795 799 807 799 812 815 812 807 803 806 784 809 789 795 788 790 811 802 802 788 803 795 807 806 807 805 792 796 801 815 799 791 793 807 798 809 798 798 802 794 802 807 795 801 790 777 813 810 805 804 810 804 811 801 800 803 797 795 799 796 801 787 801 804 798 809 801 808 791 810 798 797 791 813 792 803 803 808 792 801 803 777 804 798 785 810 813 801 791 791 783 804 803 795 797 810 810 786 797 793 801 807 790 789 804 799 800 804 789 800 790 793 794 780 800 792 800 808 798 804 796 806 789 787 790 811 818 802 780 795 796 807 810 808 790 805 809 812 792 796 793 815 794 805 813 796 796 793 792 806 802 808 802 793 806 788 810 806 806 797 797 805 789 791 803 799 795 777 798 808 796 807 795 804 785 791 805 784 803 801 813 811 813 799 807 804 801 808 787 791 783 802 788 802 794 800 803 810 795 782 793 802 787 778 793 791 805 791 795 788 793 786 801 808 781 798 801 803 813 799 790 784 789 800 790 783 790 796 796 802 808 787 795 801 798 809 814 809 788 796 804 785 804 799 803 799 795 798 778 794 783 798 796 800 788 809 785 799 811 805 795 811 795 804 808 792 806 796 797 797 800 786 804 786 786 795 805 797 806 812 786 789 812 807 807 800 800 786 810 805 813 799 794 793 807 795 793 802 787 810 798 798 787 808 794 805 798 803 800 793 802 809 819 791 809 797 810 791 795

Tree=0
num_leaves=7
num_cat=0
split_feature=44 36 35 24 4 47
split_gain=179.414 241.97 154.145 128.905 117.296 91.8177
threshold=0.09916637092828752 -0.70298779010772694 -0.72178032994270314 -0.031939664855599396 0.44416695833206182 1.0124127864837649
decision_type=2 2 2 2 2 2
left_child=2 -2 -1 -4 -3 -5
right_child=1 4 3 5 -6 -7
leaf_value=-0.00069562248245347291 0.00040315026126336306 -0.00014604274474550039 -0.00015509978693444281 -0.00047317224380094558 -0.00082638615567702804 -0.00027938723069382833
leaf_weight=2303 1567 1458 2931 7092 568 4269
leaf_count=2303 1567 1458 2931 7092 568 4269
internal_value=-0.000254647 0.00969775 -0.00261815 -0.000680032 -0.00170887 -0.00309418
internal_weight=20188 3593 16595 14292 2026 11361
internal_count=20188 3593 16595 14292 2026 11361
is_linear=0
shrinkage=1


Tree=1
num_leaves=7
num_cat=0
split_feature=3 47 9 35 15 48
split_gain=142.404 99.2596 120.182 95.0392 92.9763 77.5598
threshold=0.0090112718753516691 0.94596788287162792 -0.029303194023668763 -0.79759240150451649 0.97499999403953563 -1.7041618227958677
decision_type=2 2 2 2 2 2
left_child=3 -2 -3 -1 5 -5
right_child=1 2 -4 4 -6 -7
leaf_value=-0.00035376722444198095 0.00064127457808353942 0.00037039919421658855 -0.00014062486105103744 0.00028039691169396975 -0.00040588035288237736 -2.712765395699535e-05
leaf_weight=1515 668 2340 1867 1172 645 11996
leaf_count=1515 668 2340 1867 1172 645 11996
internal_value=5.81453e-05 0.00738217 0.00451686 -0.00242451 -0.0011163 -0.000203067
internal_weight=20203 4875 4207 15328 13813 13168
internal_count=20203 4875 4207 15328 13813 13168
is_linear=0
shrinkage=0.05


Tree=2
num_leaves=7
num_cat=0
split_feature=45 35 35 9 20 45
split_gain=125.308 103.429 87.0912 98.1473 78.48 69.7725
threshold=0.089829079806804671 -0.79759240150451649 -0.53366965055465687 -0.029303194023668763 0.72499999403953563 0.18452720344066623
decision_type=2 2 2 2 2 2
left_child=1 -1 -2 5 -3 -4
right_child=2 4 3 -5 -6 -7
leaf_value=-0.00038887040605914083 0.00042283509382650661 2.7285609619866595e-05 0.00028605698014143858 -0.00020049461855887785 -0.00015521493275809917 -0.0013260136779063032
leaf_weight=1302 2618 9025 1599 1906 3783 79
leaf_count=1302 2618 9025 1599 1906 3783 79
internal_value=7.25993e-05 -0.00264789 0.00587643 0.000801059 -0.001278 0.00961081
internal_weight=20312 14110 6202 3584 12808 1678
internal_count=20312 14110 6202 3584 12808 1678
is_linear=0
shrinkage=0.05


Tree=3
num_leaves=7
num_cat=0
split_feature=44 35 35 9 48 12
split_gain=155.605 198.246 142.378 148.262 78.3408 77.9767
threshold=0.10146093741059305 -0.40075103938579554 -0.72178032994270314 -0.036827895790338509 2.3106207847595219 -0.026617909781634804
decision_type=2 2 2 2 2 2
left_child=2 4 5 -4 -2 -1
right_child=1 -3 3 -5 -6 -7
leaf_value=-8.7168438496519236e-05 0.00063219020692968121 -0.00016103678594263328 0.00023781592196210115 -5.1835399303308809e-05 -0.00063502520122228818 -0.00044917063614957446
leaf_weight=1083 2018 1109 3124 11622 111 1278
leaf_count=1083 2018 1109 3124 11622 111 1278
internal_value=4.79115e-05 0.0102606 -0.00168449 0.000140668 0.0191776 -0.0130706
internal_weight=20345 3238 17107 14746 2129 2361
internal_count=20345 3238 17107 14746 2129 2361
is_linear=0
shrinkage=0.05


Tree=4
num_leaves=7
num_cat=0
split_feature=44 12 43 48 44 21
split_gain=164.405 107.993 94.5815 71.6589 63.8919 80.1471
threshold=0.13945521414279941 -0.038130981847643845 0.13011036813259128 2.6575546264648442 0.045715603977441795 0.37500000000000006
decision_type=2 2 2 2 2 2
left_child=1 2 -1 -2 -3 -6
right_child=3 4 -4 -5 5 -7
leaf_value=0.00011647569996859602 0.00083987873690301524 -0.00032093736181721397 0.0011004766369515234 -0.00084790649074508579 4.0455143184062763e-05 -0.00012717554935109547
leaf_weight=2556 587 296 377 52 6274 10079
leaf_count=2556 587 296 377 52 6274 10079
internal_value=1.35964e-05 -0.0011015 0.00773485 0.024573 -0.00266152 -0.00223897
internal_weight=20221 19582 2933 639 16649 16353
internal_count=20221 19582 2933 639 16649 16353
is_linear=0
shrinkage=0.05


Tree=5
num_leaves=7
num_cat=0
split_feature=12 47 2 47 41 47
split_gain=112.719 95.9541 92.7362 105.772 62.7667 54.6457
threshold=-0.038130981847643845 0.6775178611278535 0.012977438513189556 1.1197297573089602 0.090069685131311431 1.4411059617996218
decision_type=2 2 2 2 2 2
left_child=2 4 3 -1 -2 -5
right_child=1 -3 -4 5 -6 -7
leaf_value=0.00027511139829473815 0.00020986484918716875 -5.5696946217292172e-05 0.0012207270691522055 -0.00045847720852429212 0.0011484226848076113 0.001483752088406249
leaf_weight=1866 425 16701 369 704 181 58
leaf_count=1866 425 16701 369 704 181 58
internal_value=2.83126e-05 -0.00165925 0.00883578 0.00549753 0.0177987 -0.0101369
internal_weight=20304 17307 2997 2628 606 762
internal_count=20304 17307 2997 2628 606 762
is_linear=0
shrinkage=0.05


Tree=6
num_leaves=7
num_cat=0
split_feature=3 35 26 48 22 21
split_gain=126.41 104.86 87.8268 79.3025 88.9212 75.5246
threshold=0.0088846115395426768 -0.79759240150451649 0.075104545801877989 -1.7041618227958677 0.87500000000000011 0.82500001788139354
decision_type=2 2 2 2 2 2
left_child=1 -1 5 -3 -5 -2
right_child=2 3 -4 4 -6 -7
leaf_value=-0.00032897015986178043 9.229843526386071e-05 0.0002743004991231695 -0.00015670509848919178 -2.3860466800573153e-05 -0.00058388174063464906 0.00053184218336134752
leaf_weight=1413 2056 1129 1239 11951 552 1950
leaf_count=1413 2056 1129 1239 11951 552 1950
internal_value=2.83321e-05 -0.00216777 0.00684286 -0.000819462 -0.00196874 0.01044
internal_weight=20290 15045 5245 13632 12503 4006
internal_count=20290 15045 5245 13632 12503 4006
is_linear=0
shrinkage=0.05


Tree=7
num_leaves=7
num_cat=0
split_feature=29 0 47 36 27 35
split_gain=100.544 64.1899 60.4808 84.3683 73.7161 98.6815
threshold=-0.065982151776552186 -0.074294645339250551 0.6775178611278535 0.79444327950477611 0.033702434971928603 -0.77135702967643727
decision_type=2 2 2 2 2 2
left_child=-1 -2 3 -3 5 -4
right_child=1 2 4 -5 -6 -7
leaf_value=0.00064677615955818367 0.00074370049378042868 0.00056306459019055154 -0.00026132367939021167 -0.00066517083589954411 -0.00023651353823864836 2.0732483887770775e-05
leaf_weight=677 340 563 2025 75 2196 14428
leaf_count=677 340 563 2025 75 2196 14428
internal_value=8.61687e-06 -0.000576864 -0.000960243 0.0141135 -0.00148092 -0.000329627
internal_weight=20304 19627 19287 638 18649 16453
internal_count=20304 19627 19287 638 18649 16453
is_linear=0
shrinkage=0.05


Tree=8
num_leaves=7
num_cat=0
split_feature=44 36 35 9 6 7
split_gain=138.498 174.39 104.126 126.11 77.5789 77.2824
threshold=0.09916637092828752 -0.70298779010772694 -0.72178032994270314 -0.036827895790338509 0.017317772842943672 0.84466567635536205
decision_type=2 2 2 2 2 2
left_child=2 -2 4 -4 -1 -3
right_child=1 5 3 -5 -6 -7
leaf_value=0.00028388221016828398 0.00058186849467251999 0.00014871315870108558 0.00020491698207701541 -5.3481155472408404e-05 -0.0003503992517561547 -0.00042159341340361023
leaf_weight=240 1554 1508 3029 11365 2074 496
leaf_count=240 1554 1508 3029 11365 2074 496
internal_value=7.2764e-05 0.00905838 -0.0017995 -0.000213556 -0.0116322 -0.00068442
internal_weight=20266 3558 16708 14394 2314 2004
internal_count=20266 3558 16708 14394 2314 2004
is_linear=0
shrinkage=0.05


Tree=9
num_leaves=7
num_cat=0
split_feature=44 35 35 32 27 4
split_gain=140.438 162.107 98.1137 82.0002 74.5272 54.8282
threshold=0.09916637092828752 -0.53366965055465687 -0.72178032994270314 -0.82402318716049183 -0.019181960262358185 0.28100225329399114
decision_type=2 2 2 2 2 2
left_child=2 -2 -1 -3 -4 -5
right_child=1 3 4 5 -6 -7
leaf_value=-0.00026472016714834071 0.00051653217973730533 0.0010123163294965133 0.00015945672853893403 4.8009759238029035e-05 -5.352805062173454e-05 -0.00040733756799854557
leaf_weight=2312 1940 94 3185 994 11171 538
leaf_count=2312 1940 94 3185 994 11171 538
internal_value=7.28791e-05 0.00870204 -0.00222366 -0.00292765 -0.000680663 -0.00577424
internal_weight=20234 3566 16668 1626 14356 1532
internal_count=20234 3566 16668 1626 14356 1532
is_linear=0
shrinkage=0.05


Tree=10
num_leaves=7
num_cat=0
split_feature=12 42 44 48 44 27
split_gain=102.072 86.4249 81.049 71.7533 59.6981 58.2649
threshold=-0.040463898330926888 0.13858171552419665 0.13945521414279941 2.3106207847595219 0.045715603977441795 0.033702434971928603
decision_type=2 2 2 2 2 2
left_child=1 -1 4 -4 -2 -6
right_child=2 -3 3 -5 5 -7
leaf_value=0.00015871580921722437 -0.00027955188528524529 0.0017146871628645197 0.00059112882202667525 -0.00085628181221996573 -4.9223398402907279e-06 -0.00021342423248140558
leaf_weight=2420 299 213 495 86 14486 2262
leaf_count=2420 299 213 495 86 14486 2262
internal_value=3.3307e-05 0.00937263 -0.00117252 0.0171075 -0.00180184 -0.00140124
internal_weight=20261 2633 17628 581 17047 16748
internal_count=20261 2633 17628 581 17047 16748
is_linear=0
shrinkage=0.05


Tree=11
num_leaves=7
num_cat=0
split_feature=44 24 43 47 47 36
split_gain=103.636 85.9489 89.2653 99.4535 81.3016 66.6434
threshold=0.13945521414279941 -0.031939664855599396 0.13011036813259128 1.1657232642173769 1.4411059617996218 0.79444327950477611
decision_type=2 2 2 2 2 2
left_child=1 2 3 5 -5 -1
right_child=-2 -3 -4 4 -6 -7
leaf_value=0.00017525066888730473 0.00054599635780836419 -5.2473734317199099e-05 0.00081498457184105253 -0.00046055687802736922 0.00068341478219921764 -0.00039064513895180949
leaf_weight=3401 662 14642 463 735 143 173
leaf_count=3401 662 14642 463 735 143 173
internal_value=0 -0.000589152 0.00512703 0.00293359 -0.0120895 0.00664292
internal_weight=20219 19557 4915 4452 878 3574
internal_count=20219 19557 4915 4452 878 3574
is_linear=0
shrinkage=0.05


Tree=12
num_leaves=7
num_cat=0
split_feature=44 47 42 10 47 25
split_gain=107.991 85.3515 93.484 82.8187 79.9024 67.8701
threshold=0.09916637092828752 1.0124127864837649 0.07885585725307466 0.030642056837677959 1.3260803222656252 0.0022549738641828303
decision_type=2 2 2 2 2 2
left_child=1 2 -1 -2 5 -5
right_child=3 -3 -4 4 -6 -7
leaf_value=-2.8760135468098252e-05 0.0003757099500647768 7.132186719665062e-05 -0.00032700981008996203 0.00046547877632018887 -0.0015472741263548528 -0.00021821148673864792
leaf_weight=7467 2278 6540 2574 522 124 666
leaf_count=7467 2278 6540 2574 522 124 666
internal_value=-6.31939e-05 -0.00152689 -0.00442216 0.00803199 -0.0019552 0.0020746
internal_weight=20171 16581 10041 3590 1312 1188
internal_count=20171 16581 10041 3590 1312 1188
is_linear=0
shrinkage=0.05


Tree=13
num_leaves=7
num_cat=0
split_feature=12 42 47 9 47 36
split_gain=93.1583 76.8627 69.7932 77.7215 64.4586 63.2721
threshold=-0.038130981847643845 0.13858171552419665 1.1481909751892092 -0.078148335218429552 0.6775178611278535 0.74453172087669384
decision_type=2 2 2 2 2 2
left_child=1 2 5 -4 -2 -1
right_child=4 -3 3 -5 -6 -7
leaf_value=0.00029827665928051136 0.00034447252838167518 0.0013103554266114977 0.00066161097777278676 -0.00047286066793789349 -3.841040393064223e-05 -0.00033489530563913573
leaf_weight=1692 625 234 246 605 16742 161
leaf_count=1692 625 234 246 605 16742 161
internal_value=2.83112e-05 0.00824839 0.00582318 -0.00598715 -0.00137146 0.0112621
internal_weight=20305 2938 2704 851 17367 1853
internal_count=20305 2938 2704 851 17367 1853
is_linear=0
shrinkage=0.05


Tree=14
num_leaves=7
num_cat=0
split_feature=12 44 44 3 44 21
split_gain=91.0799 78.4903 68.4054 67.6496 61.1772 75.7928
threshold=-0.040463898330926888 0.081563942134380354 0.13945521414279941 0.0082778725773096102 0.045715603977441795 0.47499999403953558
decision_type=2 2 2 2 2 2
left_child=1 3 4 -1 -2 -6
right_child=2 -3 -4 -5 5 -7
leaf_value=0.00014965151419790102 -0.00024221166307170371 0.00044263388538591574 0.00042253971482683964 -0.00050469629076180245 3.8739764651889417e-05 -0.00012431429663116211
leaf_weight=642 309 1665 593 350 8127 8709
leaf_count=642 309 1665 593 350 8127 8709
internal_value=-3.30882e-05 0.00872464 -0.00119343 -0.00238215 -0.00177405 -0.00136423
internal_weight=20395 2657 17738 992 17145 16836
internal_count=20395 2657 17738 992 17145 16836
is_linear=0
shrinkage=0.05


Tree=15
num_leaves=7
num_cat=0
split_feature=3 26 21 15 46 3
split_gain=94.2319 71.5877 74.2206 60.7992 59.6383 75.4072
threshold=0.0088846115395426768 0.075104545801877989 0.82500001788139354 0.97499999403953563 1.046805799007416 0.013475562911480667
decision_type=2 2 2 2 2 2
left_child=3 2 -2 -1 5 -4
right_child=1 -3 4 -5 -6 -7
leaf_value=-2.606741386969202e-05 6.8051901632780226e-05 -0.00016172983105732191 6.0293057808447855e-05 -0.00034807929933961218 0.00061932335909027571 0.0011193024652060264
leaf_weight=14403 2049 1259 870 684 895 198
leaf_count=14403 2049 1259 870 684 895 198
internal_value=-5.27918e-05 0.00576668 0.00903037 -0.00199609 0.015968 0.00789842
internal_weight=20358 5271 4012 15087 1963 1068
internal_count=20358 5271 4012 15087 1963 1068
is_linear=0
shrinkage=0.05


Tree=16
num_leaves=7
num_cat=0
split_feature=44 36 35 26 48 11
split_gain=91.9618 137.761 98.2714 81.998 86.6038 76.357
threshold=0.09916637092828752 -0.7866915464401244 -0.72178032994270314 0.096244838088750853 2.0779649019241337 0.008271193131804468
decision_type=2 2 2 2 2 2
left_child=2 3 -1 4 -2 -3
right_child=1 5 -4 -5 -6 -7
leaf_value=-0.00024932578434212581 0.00074688264017952466 0.00016724294514570008 -1.9132816650162689e-07 -0.00019732682301601149 -0.0006092034530682935 -0.00031506589545320356
leaf_weight=2318 1013 1659 14414 232 113 647
leaf_count=2318 1013 1659 14414 232 113 647
internal_value=-6.73987e-05 0.00718861 -0.00155195 0.0197909 0.0253537 -0.00024881
internal_weight=20396 3664 16732 1358 1126 2306
internal_count=20396 3664 16732 1358 1126 2306
is_linear=0
shrinkage=0.05


Tree=17
num_leaves=7
num_cat=0
split_feature=44 36 35 9 10 12
split_gain=80.4631 136.565 80.2522 77.9676 70.024 65.1468
threshold=0.09916637092828752 -0.70298779010772694 -0.72178032994270314 -0.035659341141581528 0.045439159497618682 -0.026617909781634804
decision_type=2 2 2 2 2 2
left_child=2 4 5 -4 -2 -1
right_child=1 -3 3 -5 -6 -7
leaf_value=-2.4209703456093653e-05 0.00058175651653839626 -6.3411819955929319e-05 0.0001604486110554729 -4.5201992118595018e-05 -4.178360635268474e-06 -0.00036836066169922198
leaf_weight=1073 1185 2008 3276 11007 418 1282
leaf_count=1073 1185 2008 3276 11007 418 1282
internal_value=-8.7637e-05 0.00650581 -0.00172295 -0.0003097 0.0173663 -0.0102648
internal_weight=20249 3611 16638 14283 1603 2355
internal_count=20249 3611 16638 14283 1603 2355
is_linear=0
shrinkage=0.05


Tree=18
num_leaves=7
num_cat=0
split_feature=29 44 35 44 20 35
split_gain=90.3996 62.1859 59.3591 55.9222 65.5594 96.022
threshold=-0.079184323549270616 0.045715603977441795 0.84038782119750988 0.13945521414279941 0.62500000000000011 -0.77135702967643727
decision_type=2 2 2 2 2 2
left_child=-1 -2 3 4 5 -3
right_child=1 2 -4 -5 -6 -7
leaf_value=0.00084534312330879322 -0.0002502483547571109 -0.00021536642897731275 -0.00032731318116158582 0.00040846629721556245 -8.0340920589652449e-05 9.7449228629236157e-05
leaf_weight=339 321 1880 324 614 7515 9337
leaf_count=339 321 1880 324 614 7515 9337
internal_value=-1.84411e-05 -0.000196289 0.000161372 0.000520645 3.06879e-05 0.00245277
internal_weight=20330 19991 19670 19346 18732 11217
internal_count=20330 19991 19670 19346 18732 11217
is_linear=0
shrinkage=0.05


Tree=19
num_leaves=7
num_cat=0
split_feature=44 36 11 36 32 35
split_gain=69.3584 111.684 76.4113 92.9219 75.2727 74.9663
threshold=0.09916637092828752 -0.80929842591285694 0.008271193131804468 0.67819464206695568 0.92933890223503124 -0.72178032994270314
decision_type=2 2 2 2 2 2
left_child=5 4 3 -3 -2 -1
right_child=1 2 -4 -5 -6 -7
leaf_value=-0.00023836139407287465 0.00057692919259594755 0.00027076348148852476 -0.00031804786658421326 -0.00058530670462044051 -0.00019461538795829747 -4.204664304066879e-06
leaf_weight=2316 997 1507 699 206 200 14422
leaf_count=2316 997 1507 699 206 200 14422
internal_value=-3.80798e-05 0.00612203 -7.24038e-05 0.00560244 0.0185732 -0.00151556
internal_weight=20347 3609 2412 1713 1197 16738
internal_count=20347 3609 2412 1713 1197 16738
is_linear=0
shrinkage=0.05


Tree=20
num_leaves=7
num_cat=0
split_feature=44 12 48 42 47 47
split_gain=72.1447 65.327 56.9742 52.5113 95.355 71.2275
threshold=0.13945521414279941 -0.043062331154942506 2.3106207847595219 0.12834376841783526 1.1657232642173769 0.79713368415832531
decision_type=2 2 2 2 2 2
left_child=1 3 -2 4 5 -1
right_child=2 -3 -4 -5 -6 -7
leaf_value=-0.00024558949592376949 0.000531664458588702 -2.919708325982434e-05 -0.00084631914070756918 0.0013618009248037802 -0.00035613690456765164 0.00038274034068853555
leaf_weight=235 572 17422 78 184 653 1197
leaf_count=235 572 17422 78 184 653 1197
internal_value=-6.75809e-05 -0.000569913 0.0162977 0.00739886 0.00508373 0.0122999
internal_weight=20341 19691 650 2269 2085 1432
internal_count=20341 19691 650 2269 2085 1432
is_linear=0
shrinkage=0.05


Tree=21
num_leaves=7
num_cat=0
split_feature=3 22 9 35 10 36
split_gain=63.5326 94.3426 58.9068 68.6198 70.4436 58.743
threshold=0.0088846115395426768 0.87500000000000011 -0.024522967636585232 -0.79759240150451649 0.04979140684008599 -0.029596433974802491
decision_type=2 2 2 2 2 2
left_child=1 -1 -2 4 -4 -3
right_child=2 5 3 -5 -6 -7
leaf_value=-1.432114944420423e-05 0.00025012782502901852 -0.00060263091190555329 0.00051895265827942971 -0.00017620863536262391 -0.00041726490041175734 0.00023186315998313309
leaf_weight=14342 3065 604 400 1669 143 132
leaf_count=14342 3065 604 400 1669 143 132
internal_value=-7.2446e-05 -0.00159617 0.00477565 -0.00143212 0.0139142 -0.0189946
internal_weight=20355 15078 5277 2212 543 736
internal_count=20355 15078 5277 2212 543 736
is_linear=0
shrinkage=0.05


Tree=22
num_leaves=7
num_cat=0
split_feature=12 43 47 36 47 38
split_gain=60.2325 54.1667 106.152 64.0564 63.4332 55.3557
threshold=-0.038130981847643845 0.13011036813259128 1.1197297573089602 0.74453172087669384 1.4411059617996218 -1.0000000180025095e-35
decision_type=2 2 2 2 2 2
left_child=1 2 3 5 -4 -1
right_child=-2 -3 4 -5 -6 -7
leaf_value=-3.3811872630259632e-06 -2.2411417041716745e-05 0.00073517842807239206 -0.00050017162459457234 -0.00037230234095417085 0.0010967599573175829 0.00043879237768284216
leaf_weight=536 17312 445 646 140 64 1154
leaf_count=536 17312 445 646 140 64 1154
internal_value=-9.72811e-05 0.00649666 0.0036444 0.0100136 -0.0126923 0.0127286
internal_weight=20297 2985 2540 1830 710 1690
internal_count=20297 2985 2540 1830 710 1690
is_linear=0
shrinkage=0.05


Tree=23
num_leaves=7
num_cat=0
split_feature=3 22 3 48 42 44
split_gain=66.1688 69.6941 55.5985 50.4095 49.7569 51.417
threshold=0.0090112718753516691 0.87500000000000011 0.0045753722079098233 -1.8153655529022215 0.12834376841783526 0.10146093741059305
decision_type=2 2 2 2 2 2
left_child=1 2 -1 -4 5 -5
right_child=-2 -3 3 4 -6 -7
leaf_value=-0.00016451627002970253 0.00015606791611070463 -0.00039035980674729365 0.00022378227189007191 -1.7993410670287407e-05 -0.00073922306715074851 0.00025605357377170518
leaf_weight=990 4918 842 1100 11509 102 822
leaf_count=990 4918 842 1100 11509 102 822
internal_value=-6.2845e-05 -0.00114021 -0.000325234 0.000511523 -0.000395964 -9.93029e-05
internal_weight=20283 15365 14523 13533 12433 12331
internal_count=20283 15365 14523 13533 12433 12331
is_linear=0
shrinkage=0.05


Tree=24
num_leaves=7
num_cat=0
split_feature=3 32 35 15 41 0
split_gain=62.0723 61.1984 56.5105 44.5711 62.2681 38.4824
threshold=0.0045753722079098233 -1.0849426388740537 0.84038782119750988 0.97499999403953563 0.087551891803741469 -0.074294645339250551
decision_type=2 2 2 2 2 2
left_child=-1 -2 3 5 -5 -3
right_child=1 2 -4 4 -6 -7
leaf_value=-0.00016716480913321109 0.00059615436065462617 0.00054294191652207288 -0.00031602508826136338 -0.00038241407561280495 0.00018344469049242347 1.9714610620859955e-05
leaf_weight=995 307 276 307 612 383 17400
leaf_count=995 307 276 307 612 383 17400
internal_value=-0.000122011 0.000550804 0.000188326 0.00054214 -0.009725 0.00112409
internal_weight=20280 19285 18978 18671 995 17676
internal_count=20280 19285 18978 18671 995 17676
is_linear=0
shrinkage=0.05


Tree=25
num_leaves=7
num_cat=0
split_feature=29 48 44 38 26 44
split_gain=70.5455 56.611 81.0495 54.891 48.9378 46.6711
threshold=-0.079184323549270616 2.0779649019241337 0.13945521414279941 -0.011121390387415884 0.11735404655337335 0.045715603977441795
decision_type=2 2 2 2 2 2
left_child=-1 2 5 -3 -4 -2
right_child=1 3 4 -5 -6 -7
leaf_value=0.00076908633220273937 -0.00017485530684845519 0.00014019563111654563 0.00061522636422979538 -0.00031444466262691871 -0.00034358144252846513 5.5175105177814049e-06
leaf_weight=336 336 198 425 761 76 18152
leaf_count=336 336 198 425 761 76 18152
internal_value=-0.000166346 -0.000134065 0.00046462 -0.0119554 0.0202075 -7.43525e-05
internal_weight=20284 19948 18989 959 501 18488
internal_count=20284 19948 18989 959 501 18488
is_linear=0
shrinkage=0.05


Tree=26
num_leaves=7
num_cat=0
split_feature=24 46 26 45 36 36
split_gain=51.1212 80.1496 59.8317 46.9767 48.6842 43.5565
threshold=-0.080486238002777086 1.1269442439079287 -0.063298191875219331 0.045723354443907745 0.47748665511608129 -0.51571574807167042
decision_type=2 2 2 2 2 2
left_child=1 2 -1 4 5 -2
right_child=3 -3 -4 -5 -6 -7
leaf_value=-0.0002535802026292929 4.974369559805185e-05 0.0010912865552292334 0.00099213984230875525 1.9084102093103879e-06 0.00078591376743848999 -0.00032646140155344919
leaf_weight=357 168 239 80 18906 61 443
leaf_count=357 168 239 80 18906 61 443
internal_value=-0.000112296 0.0136197 0.000735294 -0.000315325 -0.013257 -0.0175731
internal_weight=20254 676 437 19578 672 611
internal_count=20254 676 437 19578 672 611
is_linear=0
shrinkage=0.05


Tree=27
num_leaves=7
num_cat=0
split_feature=24 44 3 35 35 12
split_gain=71.5144 69.3132 51.706 50.6502 50.9022 72.102
threshold=-0.080486238002777086 0.092093393206596388 0.0081638135015964525 0.84038782119750988 0.77042999863624584 0.014632016886025669
decision_type=2 2 2 2 2 2
left_child=1 2 -1 4 -2 -6
right_child=3 -3 -4 -5 5 -7
leaf_value=0.00089628485631301465 -1.7236874092519837e-05 0.00096090816946333671 -0.00039066538690538805 -0.00032011153105769395 0.00059208748637204316 -0.00011389910945925502
leaf_weight=74 18706 376 224 316 383 235
leaf_count=74 18706 376 224 316 383 235
internal_value=-0.000254688 0.0157216 -0.00222772 -0.000782642 -0.000453981 0.0136035
internal_weight=20314 674 298 19640 19324 618
internal_count=20314 674 298 19640 19324 618
is_linear=0
shrinkage=0.05


Tree=28
num_leaves=7
num_cat=0
split_feature=35 17 35 47 38 42
split_gain=46.3607 45.4763 81.1908 57.7827 50.2653 40.3208
threshold=0.84038782119750988 0.57500001788139354 0.77042999863624584 1.6064773201942446 -0.0097525776363909227 0.048496088013052947
decision_type=2 2 2 2 2 2
left_child=1 2 3 5 -3 -1
right_child=-2 4 -4 -5 -6 -7
leaf_value=-0.00013752184483127559 -0.00027072632772102474 8.3086990956761023e-05 0.0007527076913708561 0.0011029935840074459 -9.9217010351521393e-05 3.5389121847977525e-05
leaf_weight=488 305 2097 279 178 6945 9991
leaf_count=488 305 2097 279 178 6945 9991
internal_value=-0.000161425 4.87915e-05 0.00221872 0.00151238 -0.00257268 0.00102299
internal_weight=20283 19978 10936 10657 9042 10479
internal_count=20283 19978 10936 10657 9042 10479
is_linear=0
shrinkage=0.05


Tree=29
num_leaves=7
num_cat=0
split_feature=9 48 12 15 6 35
split_gain=58.2013 40.5239 83.9354 60.6845 75.7228 53.6914
threshold=-0.036827895790338509 -0.30843418836593622 0.038283528760075576 0.37500000000000006 0.42557486891746527 0.054534535855054862
decision_type=2 2 2 2 2 2
left_child=-1 2 3 -2 -5 -3
right_child=1 5 -4 4 -6 -7
leaf_value=0.00011531108147878129 -0.0001701258513900208 -4.7598339293369822e-05 -0.00099295158603643916 0.00024003210456291382 -9.7808753463129517e-05 0.00011043809318376862
leaf_weight=5197 2787 6011 255 1051 1216 3688
leaf_count=5197 2787 6011 255 1051 1216 3688
internal_value=-0.000127412 -0.00155698 -0.0050668 -0.00363214 0.00243178 0.000363252
internal_weight=20205 15008 5309 5054 2267 9699
internal_count=20205 15008 5309 5054 2267 9699
is_linear=0
shrinkage=0.05


Tree=30
num_leaves=7
num_cat=0
split_feature=35 24 42 35 30 42
split_gain=46.9147 49.9044 50.3364 60.2784 50.7794 55.5005
threshold=0.84038782119750988 -0.031939664855599396 0.14718103408813479 -0.74617716670036305 28.637774467468265 0.12834376841783526
decision_type=2 2 2 2 2 2
left_child=1 2 3 4 -1 -6
right_child=-2 -3 -4 -5 5 -7
leaf_value=0.00034782904261086652 -0.00034919859492784603 -2.5179337947944728e-05 0.00092802575163238206 0.00013772289699531077 -0.00047871092741979106 0.001240096526573066
leaf_weight=214 303 15104 221 3508 862 112
leaf_count=214 303 15104 221 3508 862 112
internal_value=-0.000175857 0.000101119 0.00447481 0.00335567 -0.00634954 -0.0112104
internal_weight=20324 20021 4917 4696 1188 974
internal_count=20324 20021 4917 4696 1188 974
is_linear=0
shrinkage=0.05


Tree=31
num_leaves=7
num_cat=0
split_feature=17 38 44 10 47 12
split_gain=48.8665 50.707 45.9793 44.0358 41.3246 37.047
threshold=0.67499998211860668 -0.0097525776363909227 0.045715603977441795 0.12412478774785997 1.6064773201942446 0.011245159432291986
decision_type=2 2 2 2 2 2
left_child=2 -2 -1 4 5 -4
right_child=1 -3 3 -5 -6 -7
leaf_value=-0.00017044757862221395 9.4378303531749211e-05 -0.00011906005545129984 2.3709632282991419e-05 -0.00045212911395360448 0.00082661410982946501 0.00017017266905928411
leaf_weight=340 1655 5461 9974 317 188 2327
leaf_count=340 1655 5461 9974 317 188 2327
internal_value=-0.000141856 -0.00329659 0.00184587 0.00233198 0.00280335 0.00243987
internal_weight=20262 7116 13146 12806 12489 12301
internal_count=20262 7116 13146 12806 12489 12301
is_linear=0
shrinkage=0.05


Tree=32
num_leaves=7
num_cat=0
split_feature=32 3 21 2 39 39
split_gain=50.5818 49.1351 81.9818 57.8402 63.7899 51.2456
threshold=-0.97244736552238453 0.0090112718753516691 0.47499999403953558 0.0049722269177436837 -0.02703957166522741 0.05103601515293122
decision_type=2 2 2 2 2 2
left_child=-1 2 3 4 -2 -5
right_child=1 -3 -4 5 -6 -7
leaf_value=0.00025716820280104056 0.00018994483838605594 0.0001030721300619199 -0.00014055771914403133 9.0594918426707021e-05 -0.00013883170818953727 -0.00016732602732618383
leaf_weight=675 269 4701 6733 5506 1879 469
leaf_count=675 269 4701 6733 5506 1879 469
internal_value=-0.000117359 -0.000599376 -0.0020103 0.00136873 -0.0056549 0.0039005
internal_weight=20232 19557 14856 8123 2148 5975
internal_count=20232 19557 14856 8123 2148 5975
is_linear=0
shrinkage=0.05


Tree=33
num_leaves=7
num_cat=0
split_feature=29 39 24 15 3 36
split_gain=55.729 50.3444 47.3341 41.3945 46.491 35.873
threshold=-0.065982151776552186 0.06002625264227391 -0.061394898220896714 0.97499999403953563 0.008573991712182762 0.33278840780258184
decision_type=2 2 2 2 2 2
left_child=2 3 -1 5 -5 -2
right_child=1 -3 -4 4 -6 -7
leaf_value=0.00073060670056331013 -1.6150052982504427e-05 -0.00026330232794897004 -5.3033984194579687e-05 -0.00035103901658078729 0.00013860824819206924 8.755930797821012e-05
leaf_weight=425 13746 809 258 624 344 4112
leaf_count=425 13746 809 258 624 344 4112
internal_value=-0.000116863 -0.000632637 0.0138445 -0.00010488 -0.010149 0.000440855
internal_weight=20318 19635 683 18826 968 17858
internal_count=20318 19635 683 18826 968 17858
is_linear=0
shrinkage=0.05


Tree=34
num_leaves=7
num_cat=0
split_feature=48 44 48 46 26 31
split_gain=40.8534 73.4975 39.117 62.644 67.4735 37.1438
threshold=2.0779649019241337 0.13945521414279941 -1.7041618227958677 1.1078406572341921 -0.067173428833484636 39.831697463989265
decision_type=2 2 2 2 2 2
left_child=1 2 3 4 -1 -5
right_child=-2 -3 -4 5 -6 -7
leaf_value=-0.00034166907821436523 -0.00018913367246704726 0.00043188966752714312 -1.6389172864797189e-05 0.00078267630416000821 0.00017606959478677701 0.00018169343735521175
leaf_weight=359 984 548 16787 202 1055 309
leaf_count=359 984 548 16787 202 1055 309
internal_value=-0.000151859 0.000434726 -9.48336e-05 0.00664508 0.00118041 0.0215601
internal_weight=20244 19260 18712 1925 1414 511
internal_count=20244 19260 18712 1925 1414 511
is_linear=0
shrinkage=0.05


Tree=35
num_leaves=7
num_cat=0
split_feature=12 0 36 21 43 44
split_gain=41.8347 45.6063 60.9582 52.237 61.0715 62.2791
threshold=-0.043062331154942506 -0.061599999666213982 0.64951458573341381 0.47499999403953558 0.098077349364757552 0.10146093741059305
decision_type=2 2 2 2 2 2
left_child=-1 2 -2 -3 5 -5
right_child=1 3 -4 4 -6 -7
leaf_value=0.00015415761522853997 0.0004400289866883162 2.4184838273096361e-05 -0.00068226481844828454 -0.00022576139715859789 7.130810284876732e-05 8.2266186606960571e-05
leaf_weight=2358 576 8447 95 5149 2524 1189
leaf_count=2358 576 8447 95 5149 2524 1189
internal_value=-0.00020523 -0.000865999 0.0118713 -0.0013645 -0.0040459 -0.00666483
internal_weight=20338 17980 671 17309 8862 6338
internal_count=20338 17980 671 17309 8862 6338
is_linear=0
shrinkage=0.05


Tree=36
num_leaves=7
num_cat=0
split_feature=15 50 35 3 44 12
split_gain=40.8347 40.8055 50.5821 35.9255 57.9262 34.2135
threshold=0.97499999403953563 0.52674466371536266 0.17752967029809955 0.0045753722079098233 0.053278120234608657 -0.081652142107486711
decision_type=2 2 2 2 2 2
left_child=3 2 -2 -1 -5 -6
right_child=1 -3 -4 4 5 -7
leaf_value=-0.0001208381117234854 -0.00029091513273164261 -0.00033135762216750177 0.00037340896196546712 0.00022172676033072942 0.00063201022063689928 4.6920641138210012e-06
leaf_weight=973 256 570 205 548 318 17355
leaf_count=973 256 570 205 548 318 17355
internal_value=-0.000231092 -0.00967664 0.0013412 0.00051435 0.00101641 0.000516178
internal_weight=20225 1031 461 19194 18221 17673
internal_count=20225 1031 461 19194 18221 17673
is_linear=0
shrinkage=0.05


Tree=37
num_leaves=7
num_cat=0
split_feature=27 26 48 30 39 10
split_gain=35.3908 42.1985 43.4563 50.5369 43.3869 39.8525
threshold=0.036799980327486999 -0.041491001844406121 -0.53047460317611683 46.409893035888679 0.0081448494456708449 0.091093506664037718
decision_type=2 2 2 2 2 2
left_child=-1 -2 -3 -4 -5 -6
right_child=1 2 3 4 5 -7
leaf_value=6.4150543127908764e-06 0.00079065350102810366 -0.00096791534694292726 0.00055206109759761474 -3.5107059830774281e-05 -0.0005889225894693818 -2.3623830157399614e-05
leaf_weight=18082 140 141 189 1071 466 225
leaf_count=18082 140 141 189 1071 466 225
internal_value=-0.000185787 -0.00624721 -0.00804721 -0.0060455 -0.00870119 -0.0184267
internal_weight=20314 2232 2092 1951 1762 691
internal_count=20314 2232 2092 1951 1762 691
is_linear=0
shrinkage=0.05


Tree=38
num_leaves=7
num_cat=0
split_feature=29 24 27 27 3 24
split_gain=46.6978 38.6238 32.7653 35.5233 42.1008 38.4568
threshold=-0.051972335204482072 -0.080486238002777086 -0.047653984278440469 0.036799980327486999 0.0045753722079098233 -0.0057494801003485909
decision_type=2 2 2 2 2 2
left_child=1 -1 -2 4 -4 -5
right_child=2 -3 3 5 -6 -7
leaf_value=0.0007674715575970789 -0.00038404501216265604 5.3728282536904576e-05 -0.00012399965361620057 0.00015993707329864618 1.610737532655878e-05 -0.00019998404794863484
leaf_weight=366 373 958 996 364 15423 1884
leaf_count=366 373 958 996 364 15423 1884
internal_value=-0.000180421 0.00886005 -0.000833552 -0.0005369 0.000269423 -0.00642477
internal_weight=20364 1324 19040 18667 16419 2248
internal_count=20364 1324 19040 18667 16419 2248
is_linear=0
shrinkage=0.05


Tree=39
num_leaves=7
num_cat=0
split_feature=48 44 38 47 2 38
split_gain=36.449 61.984 48.1146 33.6241 46.6937 31.11
threshold=2.0779649019241337 0.13945521414279941 -0.0085829561576247198 1.0048641562461855 0.0069731092080473909 0.05250773765146733
decision_type=2 2 2 2 2 2
left_child=1 5 -2 -4 -5 -1
right_child=2 -3 3 4 -6 -7
leaf_value=-4.8003265801461944e-06 0.00014502772914639649 0.00039781881311080989 -0.0003985740493238954 0.00051603062202411343 -0.00030308081711182856 0.00051254825044809709
leaf_weight=18391 237 538 369 75 306 270
leaf_count=18391 237 538 369 75 306 270
internal_value=-0.000147343 0.000428296 -0.0094002 -0.015596 -0.00498705 -5.49127e-05
internal_weight=20186 19199 987 750 381 18661
internal_count=20186 19199 987 750 381 18661
is_linear=0
shrinkage=0.05


Tree=40
num_leaves=7
num_cat=0
split_feature=24 43 15 34 21 39
split_gain=43.2521 49.5208 54.1792 60.2995 40.5795 59.508
threshold=-0.031939664855599396 0.13011036813259128 0.37500000000000006 -0.61666950583457936 0.47499999403953558 0.06002625264227391
decision_type=2 2 2 2 2 2
left_child=1 2 3 -1 5 -2
right_child=4 -3 -4 -5 -6 -7
leaf_value=0.00021492816637938428 3.385156716847159e-05 0.00051711180401201615 0.00038752017536348413 -5.8407396615498011e-05 -9.9698514222426203e-05 -0.00035610182982547239
leaf_weight=825 7075 545 456 3237 7915 284
leaf_count=825 7075 545 456 3237 7915 284
internal_value=-0.000102006 0.00387234 0.00213907 0.000288911 -0.00145788 0.00121198
internal_weight=20337 5063 4518 4062 15274 7359
internal_count=20337 5063 4518 4062 15274 7359
is_linear=0
shrinkage=0.05


Tree=41
num_leaves=7
num_cat=0
split_feature=48 3 35 47 42 39
split_gain=34.4824 37.8578 81.17 64.8887 56.2518 77.8265
threshold=2.0779649019241337 0.0088846115395426768 0.054534535855054862 0.9404503107070924 0.07885585725307466 0.017067288048565391
decision_type=2 2 2 2 2 2
left_child=1 2 4 -4 5 -1
right_child=-2 -3 3 -5 -6 -7
leaf_value=-7.8390121269948185e-05 -0.00015457120960259984 0.00012752598245561642 -2.0292379912690532e-05 0.00020244307266837383 -0.00021988746826014538 0.00017534409321141924
leaf_weight=3684 979 4867 2988 2702 3423 1589
leaf_count=3684 979 4867 2988 2702 3423 1589
internal_value=-0.000226071 0.000525756 -0.000762629 0.00387621 -0.00380129 -0.000554187
internal_weight=20232 19253 14386 5690 8696 5273
internal_count=20232 19253 14386 5690 8696 5273
is_linear=0
shrinkage=0.05


Tree=42
num_leaves=7
num_cat=0
split_feature=12 46 39 35 42 21
split_gain=39.1472 62.2428 42.8479 42.4429 33.6225 48.6021
threshold=-0.081652142107486711 1.1171851158142092 0.06002625264227391 -0.17432327568531034 0.050416877493262298 0.37500000000000006
decision_type=2 2 2 2 2 2
left_child=1 -1 4 -4 -2 -6
right_child=2 -3 3 -5 5 -7
leaf_value=-0.00035321355292920102 -0.00011360565773373779 0.0010618336076208708 0.00010153161019961939 -0.0004784381959440677 7.3400163749109428e-05 -2.7097154167734997e-05
leaf_weight=128 963 205 317 502 5840 12367
leaf_count=128 963 205 317 502 5840 12367
internal_value=-6.27245e-05 0.016642 -0.000516405 -0.0116808 -3.52021e-05 0.000446134
internal_weight=20322 333 19989 819 19170 18207
internal_count=20322 333 19989 819 19170 18207
is_linear=0
shrinkage=0.05


Tree=43
num_leaves=7
num_cat=0
split_feature=44 48 27 26 32 11
split_gain=39.7771 38.3131 36.9271 44.3815 68.3035 48.018
threshold=0.13945521414279941 2.3106207847595219 0.036799980327486999 0.055732127279043205 0.73644933104515087 0.0012799142859876158
decision_type=2 2 2 2 2 2
left_child=2 -2 -1 -4 -5 -6
right_child=1 -3 3 4 5 -7
leaf_value=5.9866155065817826e-06 0.00034974829583770285 -0.00076716161339627272 1.154987657137228e-05 -0.00084808541227849839 0.00065194594069139416 -0.00019906518798791276
leaf_weight=17581 563 77 936 379 89 554
leaf_count=17581 563 77 936 379 89 554
internal_value=-0.000152348 0.0122093 -0.000410612 -0.00691544 -0.0140944 -0.00405093
internal_weight=20179 640 19539 1958 1022 643
internal_count=20179 640 19539 1958 1022 643
is_linear=0
shrinkage=0.05


Tree=44
num_leaves=7
num_cat=0
split_feature=44 35 42 48 36 42
split_gain=32.7647 46.2019 89.3276 52.1532 61.6742 97.6892
threshold=0.13945521414279941 -0.77135702967643727 0.12834376841783526 -1.7041618227958677 -0.70298779010772694 0.091868363320827498
decision_type=2 2 2 2 2 2
left_child=1 2 -1 -3 5 -5
right_child=-2 3 -4 4 -6 -7
leaf_value=-0.00022494007692456703 0.00025790850289565941 0.0002140498392976439 0.00063714143153532725 0.00027958000929844122 -2.1301243760384932e-05 -0.00025021924161121415
leaf_weight=2250 645 1349 317 1160 14109 387
leaf_count=2250 645 1349 317 1160 14109 387
internal_value=-0.000107556 -0.000294989 -0.0065416 0.000648148 -0.000164421 0.00929446
internal_weight=20217 19572 2567 17005 15656 1547
internal_count=20217 19572 2567 17005 15656 1547
is_linear=0
shrinkage=0.05


Tree=45
num_leaves=7
num_cat=0
split_feature=44 35 42 9 35 10
split_gain=31.0624 96.5077 103.05 98.0246 70.5072 67.0405
threshold=0.09916637092828752 0.20688697695732119 0.1060854382812977 -0.014855727553367613 -0.79759240150451649 0.066358283162117018
decision_type=2 2 2 2 2 2
left_child=-1 2 5 -4 -5 -2
right_child=1 -3 3 4 -6 -7
leaf_value=-1.9151820028520284e-05 0.00054161133264762158 -0.0003881110483931286 0.00021714755367630934 0.00016619666751945087 -0.00086540139196965922 8.2818638873670569e-06
leaf_weight=16702 814 433 1502 205 347 339
leaf_count=16702 814 433 1502 205 347 339
internal_value=-7.7407e-05 0.00391632 0.00691936 0.000182127 -0.0177289 0.0188472
internal_weight=20342 3640 3207 2054 552 1153
internal_count=20342 3640 3207 2054 552 1153
is_linear=0
shrinkage=0.05


Tree=46
num_leaves=7
num_cat=0
split_feature=3 22 41 43 21 3
split_gain=31.8729 73.8851 51.8279 51.3391 40.8607 61.2601
threshold=0.0090112718753516691 0.87500000000000011 0.092836070805788054 0.10452476516366006 0.82500001788139354 0.012401974759995939
decision_type=2 2 2 2 2 2
left_child=1 -1 3 -3 5 -2
right_child=4 2 -4 -5 -6 -7
leaf_value=-5.9046900566562937e-06 5.5527296383446898e-05 -0.00060659919803753611 0.00046369650951690305 0.00032610904680963927 0.00021939436570076769 -0.00039410474460917591
leaf_weight=14624 2094 672 102 109 2415 428
leaf_count=14624 2094 672 102 109 2415 428
internal_value=-0.000223727 -0.00122647 -0.0152309 -0.0196247 0.00338426 -0.00105857
internal_weight=20444 15507 883 781 4937 2522
internal_count=20444 15507 883 781 4937 2522
is_linear=0
shrinkage=0.05


Tree=47
num_leaves=7
num_cat=0
split_feature=42 16 44 35 8 29
split_gain=35.3017 52.9138 44.8567 58.5056 54.7999 37.534
threshold=0.050416877493262298 0.17500000447034839 0.056074006482958801 0.054534535855054862 0.75366282463073742 -0.010799603071063755
decision_type=2 2 2 2 2 2
left_child=1 -1 3 4 -2 -4
right_child=2 -3 5 -5 -6 -7
leaf_value=0.00033843695768357752 8.6413687895308194e-05 -0.00014887075019902123 6.023006425901577e-05 0.00030741812667107852 -0.00041509129662665518 -4.1365038837226473e-05
leaf_weight=97 454 887 7014 509 112 11238
leaf_count=97 454 887 7014 509 112 11238
internal_value=-0.000235036 -0.00937816 0.000306487 0.0102083 -0.000831874 -0.000277976
internal_weight=20311 984 19327 1075 566 18252
internal_count=20311 984 19327 1075 566 18252
is_linear=0
shrinkage=0.05


Tree=48
num_leaves=7
num_cat=0
split_feature=27 10 0 36 47 10
split_gain=31.9478 43.4992 42.1114 34.1266 136.518 53.382
threshold=0.039950370788574226 -0.076486591249704347 -0.04226721636950969 0.29837115108966833 1.0048641562461855 -0.044142914935946458
decision_type=2 2 2 2 2 2
left_child=2 -2 -1 -4 5 -5
right_child=1 -3 3 4 -6 -7
leaf_value=0.00024267156571242308 0.00057175991816109503 -0.00015603304805297108 -2.2465551070072356e-05 0.00018731780222545604 0.00035742142766156178 -0.00010000428957432621
leaf_weight=1049 123 1856 13002 449 1393 2502
leaf_count=1049 123 1856 13002 449 1393 2502
internal_value=-0.000273566 -0.00611139 0.000566576 -2.16126e-05 0.00381122 -0.00227503
internal_weight=20374 1979 18395 17346 4344 2951
internal_count=20374 1979 18395 17346 4344 2951
is_linear=0
shrinkage=0.05


Tree=49
num_leaves=7
num_cat=0
split_feature=43 43 36 48 46 10
split_gain=28.1842 37.0723 36.1896 36.1851 43.3124 67.8941
threshold=0.044868307188153274 0.039075627923011787 -0.28780040144920344 -1.7041618227958677 1.1269442439079287 -0.044142914935946458
decision_type=2 2 2 2 2 2
left_child=1 2 -1 4 5 -2
right_child=3 -3 -4 -5 -6 -7
leaf_value=0.00042087415796089204 -0.00033062283059295388 -0.0001874352860326288 -8.6386070111628291e-05 -7.2159053220020484e-06 0.00040262350013637785 0.00018928691165061979
leaf_weight=111 359 651 220 17561 439 1049
leaf_count=111 359 651 220 17561 439 1049
internal_value=-0.00022432 -0.00838399 0.00513393 0.000276876 0.00692495 0.00260085
internal_weight=20390 982 331 19408 1847 1408
internal_count=20390 982 331 19408 1847 1408
is_linear=0
shrinkage=0.05


Tree=50
num_leaves=7
num_cat=0
split_feature=35 35 6 45 43 44
split_gain=27.1156 33.8153 71.6823 36.6187 41.9099 39.9228
threshold=0.84038782119750988 0.77042999863624584 0.51394060254096996 0.045723354443907745 0.039075627923011787 0.056074006482958801
decision_type=2 2 2 2 2 2
left_child=1 3 -3 4 -1 -5
right_child=-2 2 -4 5 -6 -7
leaf_value=5.1915872844293946e-05 -0.00024578235419336241 0.00071770847863911148 -1.6953651593030605e-05 0.00011591653476790022 -0.00031596556500450474 -1.2348631974775943e-05
leaf_weight=232 310 222 390 1341 375 17312
leaf_count=232 310 222 390 1341 375 17312
internal_value=-0.000241492 -5.40826e-05 0.0114668 -0.000424345 -0.0124592 -2.81381e-05
internal_weight=20182 19872 612 19260 607 18653
internal_count=20182 19872 612 19260 607 18653
is_linear=0
shrinkage=0.05


Tree=51
num_leaves=7
num_cat=0
split_feature=29 32 2 36 47 47
split_gain=34.2781 32.8998 33.4739 28.7427 73.2178 76.773
threshold=-0.065982151776552186 -0.36346313357353205 0.0077964535448700198 -0.20146576315164563 1.501953721046448 0.9404503107070924
decision_type=2 2 2 2 2 2
left_child=1 2 -1 -2 5 -5
right_child=3 -3 -4 4 -6 -7
leaf_value=-0.00036204302604557226 -4.9787369059286796e-05 -0.00019537536980884689 0.00064774931170469177 -5.6766016921119587e-05 -0.00051916670098651758 0.00013274950531331104
leaf_weight=84 9683 133 467 4367 253 5383
leaf_count=84 9683 133 467 4367 253 5383
internal_value=-0.000253988 0.0108491 0.016232 -0.00049642 0.00138139 0.00207842
internal_weight=20370 684 551 19686 10003 9750
internal_count=20370 684 551 19686 10003 9750
is_linear=0
shrinkage=0.05


Tree=52
num_leaves=7
num_cat=0
split_feature=9 48 31 36 17 35
split_gain=30.203 56.5386 62.0241 51.2039 48.1734 61.2796
threshold=-0.035659341141581528 -0.30843418836593622 49.574666976928718 0.47748665511608129 0.62500000000000011 0.11548724770545961
decision_type=2 2 2 2 2 2
left_child=-1 2 3 -2 5 -3
right_child=1 4 -4 -5 -6 -7
leaf_value=8.7850494494296077e-05 3.6640159320227612e-05 2.1037512130170762e-05 -0.00025416367293564846 -0.00036598377972512687 -2.9911152471375198e-05 0.00031242644604876708
leaf_weight=5566 2649 2339 2073 426 6040 1222
leaf_count=5566 2649 2339 2073 426 6040 1222
internal_value=-0.000205463 -0.00095059 -0.0051766 -0.000657468 0.00131428 0.005924
internal_weight=20315 14749 5148 3075 9601 3561
internal_count=20315 14749 5148 3075 9601 3561
is_linear=0
shrinkage=0.05


Tree=53
num_leaves=7
num_cat=0
split_feature=35 2 17 42 36 44
split_gain=31.7531 30.4417 64.1556 47.3471 38.9372 75.8328
threshold=0.84038782119750988 0.0049722269177436837 0.72499999403953563 0.0617445856332779 0.33278840780258184 0.09916637092828752
decision_type=2 2 2 2 2 2
left_child=1 2 -1 -3 5 -5
right_child=-2 3 -4 4 -6 -7
leaf_value=-2.0940444056102804e-05 -0.00027310887369034234 0.00012887723118750998 -0.00034013039916792312 -9.2110504175948858e-05 9.1296630607228966e-05 0.00014184111804273872
leaf_weight=1848 317 2286 439 8987 3235 3108
leaf_count=1848 317 2286 439 8987 3235 3108
internal_value=-0.000285538 -8.66486e-05 -0.00550829 0.000617161 -0.000383111 -0.00168802
internal_weight=20220 19903 2287 17616 15330 12095
internal_count=20220 19903 2287 17616 15330 12095
is_linear=0
shrinkage=0.05


Tree=54
num_leaves=7
num_cat=0
split_feature=0 48 44 0 35 44
split_gain=31.1833 32.6162 34.6764 40.3841 31.9514 64.4006
threshold=-0.074294645339250551 2.0779649019241337 0.13945521414279941 -0.019791760481894013 0.49846634268760687 0.075777288526296629
decision_type=2 2 2 2 2 2
left_child=-1 2 4 -4 -2 -6
right_child=1 -3 3 -5 5 -7
leaf_value=0.00044957546004073534 -2.0758205642421881e-05 -0.00015058428903024854 -3.5376245414843119e-05 0.00071551332570876625 0.00019680833839786491 -0.00018144754566521885
leaf_weight=325 16313 903 224 246 1547 683
leaf_count=325 16313 903 224 246 1547 683
internal_value=-0.000245728 -0.000571005 -0.000127511 0.0132105 -0.000470401 0.00513423
internal_weight=20241 19916 19013 470 18543 2230
internal_count=20241 19916 19013 470 18543 2230
is_linear=0
shrinkage=0.05


Tree=55
num_leaves=7
num_cat=0
split_feature=48 44 50 46 0 47
split_gain=30.3909 41.1761 38.7011 42.4132 33.4119 36.7668
threshold=-1.7041618227958677 0.11929344758391382 -1.1081079244613645 0.87667474150657665 -0.061599999666213982 1.501953721046448
decision_type=2 2 2 2 2 2
left_child=1 2 -1 -4 5 -2
right_child=4 -3 3 -5 -6 -7
leaf_value=0.00016786649801482821 0.00036139746235515358 0.00063374670662894907 0.00044946066316768656 -0.00018194975221245418 -2.1880135986596079e-05 -0.00054340400507948473
leaf_weight=1209 623 91 82 602 17527 60
leaf_count=1209 623 91 82 602 17527 60
internal_value=-0.000221546 0.00576923 0.00412276 -0.00533382 -0.000739775 0.0100654
internal_weight=20194 1984 1893 684 18210 683
internal_count=20194 1984 1893 684 18210 683
is_linear=0
shrinkage=0.05


Tree=56
num_leaves=7
num_cat=0
split_feature=27 26 11 3 47 48
split_gain=30.7518 36.7951 31.3586 28.6111 63.3943 60.2189
threshold=0.048460833728313453 -0.036659413948655122 0.0030474364757537846 0.0088846115395426768 0.90364047884941112 2.3106207847595219
decision_type=2 2 2 2 2 2
left_child=3 -2 -3 -1 5 -5
right_child=1 2 -4 4 -6 -7
leaf_value=-1.5503361348372828e-05 0.00069731921516867472 0.0001039189750174733 -0.00026682942259117934 0.00049160340292743866 3.6986017162557563e-05 -0.00061773129358137519
leaf_weight=14500 86 179 1003 507 3903 77
leaf_count=14500 86 179 1003 507 3903 77
internal_value=-0.000250494 -0.00783582 -0.0101727 0.00019087 0.00367876 0.0189728
internal_weight=20255 1268 1182 18987 4487 584
internal_count=20255 1268 1182 18987 4487 584
is_linear=0
shrinkage=0.05


Tree=57
num_leaves=7
num_cat=0
split_feature=12 46 47 47 13 18
split_gain=28.3522 48.195 67.5095 68.8064 68.0362 37.3685
threshold=-0.031879551708698266 0.80984607338905346 1.1332138776779177 0.75763496756553661 -0.037783734500408166 0.37500000000000006
decision_type=2 2 2 2 2 2
left_child=1 -1 3 -3 -4 -2
right_child=5 2 4 -5 -6 -7
leaf_value=0.00054786720670786692 -0.00011099122717789291 -0.00025737559399928678 0.00039781197474709541 0.00018953161356699094 -0.0003695802230051502 7.2310135072583237e-06
leaf_weight=276 3718 274 315 2290 780 12538
leaf_count=276 3718 274 315 2290 780 12538
internal_value=-0.000276045 0.00378807 0.00224481 0.00668548 -0.00811364 -0.000939364
internal_weight=20191 3935 3659 2564 1095 16256
internal_count=20191 3935 3659 2564 1095 16256
is_linear=0
shrinkage=0.05


Tree=58
num_leaves=7
num_cat=0
split_feature=12 46 39 50 44 26
split_gain=28.19 53.3786 38.5939 28.872 27.5066 36.883
threshold=-0.081652142107486711 1.1269442439079287 0.05103601515293122 -1.6116912961006162 0.091004084795713439 0.11735404655337335
decision_type=2 2 2 2 2 2
left_child=1 3 -2 -1 5 -4
right_child=2 -3 4 -5 -6 -7
leaf_value=0.00025481717559165711 4.3960181637128416e-06 0.00089483561593011504 -0.00036657631704052081 -0.001030251777955421 2.0748245933145933e-06 0.00067500935125939826
leaf_weight=62 18625 201 771 74 548 76
leaf_count=62 18625 201 771 74 548 76
internal_value=-0.000185394 0.0141082 -0.00036829 -0.00975177 -0.008375 -0.0139965
internal_weight=20357 337 20020 136 1395 847
internal_count=20357 337 20020 136 1395 847
is_linear=0
shrinkage=0.05


Tree=59
num_leaves=7
num_cat=0
split_feature=48 44 46 39 10 45
split_gain=27.7665 39.7284 35.0241 32.1682 40.4817 38.0719
threshold=-1.7041618227958677 0.11929344758391382 1.4984344244003298 -0.030765987932682034 -0.059560017660260194 0.045723354443907745
decision_type=2 2 2 2 2 2
left_child=1 3 -2 -1 -5 -6
right_child=2 -3 -4 4 5 -7
leaf_value=-0.00028510190559958507 -5.1697075832222376e-06 0.00068567754548625511 -0.00024870375428086636 -0.00018288300531548327 -0.00036539501915580332 0.00023062086915999231
leaf_weight=124 18029 89 271 397 85 1256
leaf_count=124 18029 89 271 397 85 1256
internal_value=-0.00027029 0.00573875 -0.000528544 0.00411087 0.00589501 0.0100483
internal_weight=20251 1951 18300 1862 1738 1341
internal_count=20251 1951 18300 1862 1738 1341
is_linear=0
shrinkage=0.05


Tree=60
num_leaves=7
num_cat=0
split_feature=34 46 1 40 10 13
split_gain=23.2555 51.5308 32.4701 28.4762 27.2144 25.0329
threshold=-0.66839089989662159 1.1171851158142092 0.0038858843035995965 0.062770318239927306 -0.018289682455360886 -0.03356609866023063
decision_type=2 2 2 2 2 2
left_child=1 2 3 4 -1 -2
right_child=5 -3 -4 -5 -6 -7
leaf_value=-0.0004606502481643408 -0.00025932960645894798 0.00057904583879010653 0.00031725518865753622 0.00010797356074590203 3.4430509869753616e-05 3.35512408479677e-06
leaf_weight=169 590 217 228 303 108 18756
leaf_count=169 590 217 228 303 108 18756
internal_value=-0.000249068 0.00759709 0.00169127 -0.00457265 -0.0160461 -0.000112397
internal_weight=20371 1025 808 580 277 19346
internal_count=20371 1025 808 580 277 19346
is_linear=0
shrinkage=0.05


Tree=61
num_leaves=7
num_cat=0
split_feature=15 43 45 38 31 34
split_gain=24.6436 38.4845 37.3783 29.664 27.2643 24.3712
threshold=0.97499999403953563 0.084517475217580809 0.062870267778635039 -0.0040371741633862248 59.947740554809577 0.33304710686206823
decision_type=2 2 2 2 2 2
left_child=-1 2 5 -4 -3 -2
right_child=1 4 3 -5 -6 -7
leaf_value=4.9595464799669883e-06 0.00026625297836954426 0.0002870265289797817 -7.537020527400643e-05 -0.00064282361115310734 -0.0002643641103687487 -0.00010536404975548543
leaf_weight=19225 82 224 127 295 212 91
leaf_count=19225 82 224 127 295 212 91
internal_value=-0.000235674 -0.00764961 -0.015875 -0.023829 0.00357143 0.00351124
internal_weight=20256 1031 595 422 436 173
internal_count=20256 1031 595 422 436 173
is_linear=0
shrinkage=0.05


Tree=62
num_leaves=7
num_cat=0
split_feature=44 15 17 35 44 47
split_gain=23.915 25.0829 23.099 39.7375 81.622 55.7412
threshold=0.045715603977441795 0.32500000298023229 0.62500000000000011 -0.77135702967643727 0.1144806817173958 1.0364001989364626
decision_type=2 2 2 2 2 2
left_child=1 -1 3 4 5 -2
right_child=2 -3 -4 -5 -6 -7
leaf_value=-0.00027715853320658902 -3.4281034510083579e-05 3.3186919300619031e-05 -4.7772295565261084e-05 5.8938058404543514e-05 0.0007915238245694014 -0.00065609660328651504
leaf_weight=196 1192 149 8129 9735 230 658
leaf_count=196 1192 149 8129 9735 230 658
internal_value=-0.000230364 -0.0132143 -2.88235e-05 0.00138113 -0.0048801 -0.00839623
internal_weight=20289 345 19944 11815 2080 1850
internal_count=20289 345 19944 11815 2080 1850
is_linear=0
shrinkage=0.05


Tree=63
num_leaves=7
num_cat=0
split_feature=32 35 12 39 35 13
split_gain=26.2643 35.7166 28.2207 42.8328 37.3645 32.0466
threshold=-0.97244736552238453 -0.83658623695373524 -0.081652142107486711 0.06002625264227391 -0.35414297878742212 -0.03356609866023063
decision_type=2 2 2 2 2 2
left_child=1 -1 -2 5 -5 -4
right_child=2 -3 3 4 -6 -7
leaf_value=-0.00017785839707597055 0.0010855519111682655 0.00032623310608534439 -0.00025125431416109402 0.00017995230808978113 -0.00036094759714283867 9.5050131330002665e-06
leaf_weight=189 142 482 589 221 600 18006
leaf_count=189 142 482 589 221 600 18006
internal_value=-0.000191509 0.0098003 -0.000223636 -0.000390042 -0.0115315 0.000103495
internal_weight=20229 671 19558 19416 821 18595
internal_count=20229 671 19558 19416 821 18595
is_linear=0
shrinkage=0.05


Tree=64
num_leaves=7
num_cat=0
split_feature=3 44 13 35 35 46
split_gain=33.6719 42.5431 31.5002 30.3382 33.049 39.6381
threshold=0.0045753722079098233 0.053278120234608657 0.016429815441370014 -0.35414297878742212 0.11548724770545961 0.92418015003204357
decision_type=2 2 2 2 2 2
left_child=3 2 -2 -1 -5 -6
right_child=1 -3 -4 4 5 -7
leaf_value=0.00013486918761719825 0.00022858338942662341 -1.3487385220415369e-07 -0.00017356653059577643 -0.0002168683393692872 -0.00029352849229072369 0.00038870765309011591
leaf_weight=207 500 18661 55 548 67 153
leaf_count=207 500 18661 55 548 67 153
internal_value=-0.000271093 0.0003941 0.0139732 -0.00910714 -0.0136805 0.00255556
internal_weight=20191 19216 555 975 768 220
internal_count=20191 19216 555 975 768 220
is_linear=0
shrinkage=0.05


Tree=65
num_leaves=7
num_cat=0
split_feature=42 16 2 36 22 3
split_gain=24.6215 49.5202 32.8717 52.007 26.1408 34.8035
threshold=0.050416877493262298 0.17500000447034839 0.0037544054212048654 -0.20146576315164563 0.27500000596046453 0.0097089167684316652
decision_type=2 2 2 2 2 2
left_child=1 -1 3 -3 5 -2
right_child=4 2 -4 -5 -6 -7
leaf_value=0.00031144297152818455 5.2331826359537572e-05 0.00043230533017258791 -0.00019782916023700897 -0.00010521857827353425 -1.092480976121047e-05 0.00079756239719652212
leaf_weight=91 4008 94 605 171 15194 85
leaf_count=91 4008 94 605 171 15194 85
internal_value=-0.000240705 -0.00778986 -0.0115143 0.00305556 0.000390058 0.00393485
internal_weight=20248 961 870 265 19287 4093
internal_count=20248 961 870 265 19287 4093
is_linear=0
shrinkage=0.05


Tree=66
num_leaves=7
num_cat=0
split_feature=24 44 3 13 27 9
split_gain=27.7351 51.592 52.7024 42.4668 28.5298 33.4009
threshold=-0.080486238002777086 0.092093393206596388 0.0081638135015964525 -0.037783734500408166 -0.047653984278440469 -0.035659341141581528
decision_type=2 2 2 2 2 2
left_child=1 2 -1 -4 -2 -6
right_child=4 -3 3 -5 5 -7
leaf_value=0.00076505210351198003 -0.00026131445006205583 0.00062606721117929335 0.00040515706000860888 -0.00065456809030093027 0.00010001241059872896 -1.6752357620054787e-05
leaf_weight=78 743 361 58 156 4238 14696
leaf_count=78 743 361 58 156 4238 14696
internal_value=-0.00024957 0.0102204 -0.00530303 -0.0181507 -0.000214663 0.000162363
internal_weight=20330 653 292 214 19677 18934
internal_count=20330 653 292 214 19677 18934
is_linear=0
shrinkage=0.05


Tree=67
num_leaves=7
num_cat=0
split_feature=15 50 35 35 43 33
split_gain=32.8351 34.0714 60.9913 23.9623 23.8216 23.3653
threshold=0.97499999403953563 0.52674466371536266 0.17752967029809955 0.085450131446123137 0.084517475217580809 0.031798796728253372
decision_type=2 2 2 2 2 2
left_child=5 2 4 -3 -2 -1
right_child=1 3 -4 -5 -6 -7
leaf_value=4.1048131590637073e-05 -0.00075562931620854954 -7.7376424300474149e-05 0.00037519925092092038 -0.00046100041538970715 1.4843055531693737e-05 -3.2956170219170127e-05
leaf_weight=10923 128 248 213 315 127 8418
leaf_count=10923 128 248 213 315 127 8418
internal_value=-0.00029813 -0.00871139 0.00121564 -0.0169454 -0.0150962 0.000425152
internal_weight=20372 1031 468 563 255 19341
internal_count=20372 1031 468 563 255 19341
is_linear=0
shrinkage=0.05


Tree=68
num_leaves=7
num_cat=0
split_feature=13 3 36 42 35 47
split_gain=23.7654 31.8688 56.5623 26.8413 60.2472 70.3498
threshold=0.051146253943443305 0.015121629461646082 -0.80929842591285694 0.1205490678548813 -0.13932936638593671 0.8074445128440858
decision_type=2 2 2 2 2 2
left_child=1 3 -3 -1 5 -5
right_child=-2 2 -4 4 -6 -7
leaf_value=5.5154564936532204e-06 -0.00032319655918321155 0.0011478840128566466 -0.00019999830933614831 -0.00079529643338739685 -0.00068818576327230637 0.00010533155434028289
leaf_weight=18450 318 164 123 158 261 875
leaf_count=18450 318 164 123 158 261 875
internal_value=-0.000278815 0.000126023 0.016524 -0.000115196 -0.00706313 -0.00156551
internal_weight=20349 20031 287 19744 1294 1033
internal_count=20349 20031 287 19744 1294 1033
is_linear=0
shrinkage=0.05


Tree=69
num_leaves=7
num_cat=0
split_feature=27 26 24 15 39 42
split_gain=22.517 34.8244 75.235 33.3379 81.7016 60.0774
threshold=0.036799980327486999 0.055732127279043205 0.048001948744058616 0.37500000000000006 0.011911937966942789 0.1205490678548813
decision_type=2 2 2 2 2 2
left_child=3 -2 -3 4 -1 -5
right_child=1 2 -4 5 -6 -7
leaf_value=-0.00011742297521502321 2.8050900866530185e-05 -0.00079483890814789041 -8.6001994167051815e-05 6.4501977906073404e-05 0.00010641190892670214 -0.00031183668577972355
leaf_weight=4045 1125 250 905 10494 2862 645
leaf_count=4045 1125 250 905 10494 2862 645
internal_value=-0.000303723 -0.00471554 -0.0107974 0.000552601 -0.00217376 0.0022456
internal_weight=20326 2280 1155 18046 6907 11139
internal_count=20326 2280 1155 18046 6907 11139
is_linear=0
shrinkage=0.05


Tree=70
num_leaves=7
num_cat=0
split_feature=24 46 47 27 34 1
split_gain=25.059 48.61 51.9212 31.8778 32.5077 30.0406
threshold=-0.080486238002777086 1.1269442439079287 1.0948344469070437 -0.047653984278440469 -0.57720616459846485 0.042721578851342208
decision_type=2 2 2 2 2 2
left_child=1 2 -1 4 -2 -4
right_child=3 -3 5 -5 -6 -7
leaf_value=0.00046856648189218323 3.224820894887723e-05 0.00072088660262031141 0.00015282521515053716 -1.1568535654605031e-06 -0.00045824942942097657 -0.00088045210998926888
leaf_weight=207 315 217 96 18939 437 146
leaf_count=207 315 217 96 18939 437 146
internal_value=-0.000273794 0.00935171 -5.50661e-05 -0.000473446 -0.010535 -0.0156883
internal_weight=20357 666 449 19691 752 242
internal_count=20357 666 449 19691 752 242
is_linear=0
shrinkage=0.05


Tree=71
num_leaves=7
num_cat=0
split_feature=47 41 36 39 44 35
split_gain=27.3772 80.8568 57.3392 91.9457 91.8118 61.554
threshold=1.0124127864837649 0.092836070805788054 0.37379772961139685 0.06002625264227391 0.10649646818637849 0.22886496782302859
decision_type=2 2 2 2 2 2
left_child=1 -1 5 4 -4 -2
right_child=2 -3 3 -5 -6 -7
leaf_value=-5.2628996972390045e-05 2.8453699463166647e-05 0.00030840778571726823 0.00035596496829693445 -0.00036797333546887036 -0.00084785819261998295 -0.00036044773739307148
leaf_weight=11304 6054 805 1279 233 70 562
leaf_count=11304 6054 805 1279 233 70 562
internal_value=-0.000205544 -0.00176861 0.00197184 0.0105072 0.0155281 -7.17414e-05
internal_weight=20307 12109 8198 1582 1349 6616
internal_count=20307 12109 8198 1582 1349 6616
is_linear=0
shrinkage=0.05


Tree=72
num_leaves=7
num_cat=0
split_feature=24 50 36 27 34 1
split_gain=30.5443 52.5715 54.7362 31.0181 37.3477 26.2118
threshold=-0.080486238002777086 -1.2511577010154722 -0.087592456489801393 -0.054505711421370499 -0.57720616459846485 0.046579603105783469
decision_type=2 2 2 2 2 2
left_child=1 -1 5 4 -2 -3
right_child=3 2 -4 -5 -6 -7
leaf_value=0.0005974102024654134 3.7612210234188455e-05 0.00041085577223388134 0.00059793831900136494 -7.8198355629372226e-06 -0.00057358023596992011 -0.00050387657483505531
leaf_weight=279 192 71 107 19225 256 212
leaf_count=279 192 71 107 19225 256 212
internal_value=-0.000234678 0.0101261 -0.00170886 -0.000697479 -0.0136313 -0.0132813
internal_weight=20342 669 390 19673 448 283
internal_count=20342 669 390 19673 448 283
is_linear=0
shrinkage=0.05


Tree=73
num_leaves=7
num_cat=0
split_feature=13 44 42 35 9 35
split_gain=30.6433 27.3895 84.5381 79.4316 64.8463 78.3416
threshold=0.051146253943443305 0.09916637092828752 0.11179019138216974 0.54790696501731884 -0.019091430120170113 0.026911166496574882
decision_type=2 2 2 2 2 2
left_child=1 -1 3 -3 5 -4
right_child=-2 2 4 -5 -6 -7
leaf_value=-1.6390315421434354e-05 -0.00032610945784142953 0.00035018389747049002 0.00023803978541314655 -0.00034164646201355987 -0.00042928629368448593 -0.00060820313182012413
leaf_weight=16430 314 1338 1170 103 615 228
leaf_count=16430 314 1338 1170 103 615 228
internal_value=-0.000295748 2.38825e-05 0.0040691 0.0132953 -0.00253964 0.00340342
internal_weight=20198 19884 3454 1441 2013 1398
internal_count=20198 19884 3454 1441 2013 1398
is_linear=0
shrinkage=0.05


Tree=74
num_leaves=7
num_cat=0
split_feature=35 35 6 45 35 27
split_gain=26.9522 29.5081 71.0147 36.0754 32.4883 33.0515
threshold=0.84038782119750988 0.77042999863624584 0.53146526217460643 0.045723354443907745 -0.17432327568531034 -0.003261824836954474
decision_type=2 2 2 2 2 2
left_child=1 3 -3 4 -1 -6
right_child=-2 2 -4 -5 5 -7
leaf_value=6.2094614159119481e-05 -0.00024493416398309987 0.00069280575828027061 -5.0270277675446098e-05 5.4203246880165131e-06 -9.9610105959715289e-05 -0.00051044305625442773
leaf_weight=192 314 239 381 18695 286 136
leaf_count=192 314 239 381 18695 286 136
internal_value=-0.000245703 0.000307264 0.011 -3.75375e-05 -0.0119144 -0.0196136
internal_weight=20243 19929 620 19309 614 422
internal_count=20243 19929 620 19309 614 422
is_linear=0
shrinkage=0.05


Tree=75
num_leaves=7
num_cat=0
split_feature=48 44 38 28 12 48
split_gain=30.6125 29.2689 30.5143 44.694 30.7743 121.727
threshold=2.0779649019241337 0.13945521414279941 0.05250773765146733 0.0049180774949491033 0.038283528760075576 0.58609214425086986
decision_type=2 2 2 2 2 2
left_child=1 2 4 -4 -1 -6
right_child=-2 -3 3 -5 5 -7
leaf_value=7.8487071869332774e-06 -0.00014062375984393353 0.00020598930556582344 0.00075479750155828858 -0.00066212201382768998 -0.00051042084827524826 5.3485915270095581e-05
leaf_weight=16075 969 553 214 57 869 1507
leaf_count=16075 969 553 214 57 869 1507
internal_value=-0.000176552 0.000229512 -0.000105463 0.0163949 -0.000353544 -0.00565939
internal_weight=20244 19275 18722 271 18451 2376
internal_count=20244 19275 18722 271 18451 2376
is_linear=0
shrinkage=0.05


Tree=76
num_leaves=7
num_cat=0
split_feature=48 1 39 42 32 21
split_gain=20.7755 37.4656 29.6919 35.3432 29.2426 26.2145
threshold=2.0779649019241337 -0.090434335172176347 -0.063188947737216936 0.1205490678548813 1.3922903537750246 0.17500000447034839
decision_type=2 2 2 2 2 2
left_child=1 -1 -2 4 5 -4
right_child=2 -3 3 -5 -6 -7
leaf_value=0.00054159572439859858 0.00028017740836072295 9.8173958226581426e-07 8.8585979232374407e-05 -0.00080153459331144816 0.00044662494929539507 -0.00025132404936562767
leaf_weight=254 50 19090 156 119 121 550
leaf_count=254 50 19090 156 119 121 550
internal_value=-0.000219956 0.000319138 -0.00706793 -0.00912198 -0.00531851 -0.00924754
internal_weight=20340 19344 996 946 827 706
internal_count=20340 19344 996 946 827 706
is_linear=0
shrinkage=0.05


Tree=77
num_leaves=7
num_cat=0
split_feature=35 36 31 47 42 44
split_gain=29.7579 28.6071 59.5354 71.5891 72.2052 50.211
threshold=0.84038782119750988 0.29837115108966833 55.307857513427741 0.97589758038520824 0.1205490678548813 0.09916637092828752
decision_type=2 2 2 2 2 2
left_child=1 5 3 -3 -5 -1
right_child=-2 2 -4 4 -6 -7
leaf_value=-4.4199609897631389e-05 -0.00025905129101845748 2.1898910598334088e-05 -8.8455743842722151e-05 0.00039582278439978562 -0.00062284361546444448 0.00010333072590734926
leaf_weight=12094 313 2119 1331 1354 59 3087
leaf_count=12094 313 2119 1331 1354 59 3087
internal_value=-0.000249239 0.000243154 0.0035795 0.00697625 0.0156735 -0.000824773
internal_weight=20357 20044 4863 3532 1413 15181
internal_count=20357 20044 4863 3532 1413 15181
is_linear=0
shrinkage=0.05


Tree=78
num_leaves=7
num_cat=0
split_feature=42 2 36 19 21 43
split_gain=21.433 30.6938 44.1199 30.9458 28.4366 47.3073
threshold=0.050416877493262298 0.0037544054212048654 -0.28780040144920344 0.12500000372529033 0.47499999403953558 0.096180036664009108
decision_type=2 2 2 2 2 2
left_child=1 2 -1 -3 -2 -6
right_child=4 3 -4 -5 5 -7
leaf_value=0.00040355334525544665 4.0814557293393412e-05 0.00020216279563411033 -8.9944610786411145e-05 -0.00015231418674726643 -9.1086260552608516e-05 6.4475031424116857e-05
leaf_weight=84 8134 98 203 597 7062 4045
leaf_count=84 8134 98 203 597 7062 4045
internal_value=-0.000255833 -0.00737082 0.00625 -0.0130357 0.000183155 -0.00146013
internal_weight=20223 982 287 695 19241 11107
internal_count=20223 982 287 695 19241 11107
is_linear=0
shrinkage=0.05


Tree=79
num_leaves=7
num_cat=0
split_feature=45 36 36 21 12 46
split_gain=23.0236 36.9802 41.9993 31.4557 40.5853 44.9303
threshold=0.045723354443907745 0.47748665511608129 -0.51571574807167042 0.37500000000000006 -0.035942742601037019 0.80984607338905346
decision_type=2 2 2 2 2 2
left_child=1 2 -1 -2 5 -5
right_child=3 -3 -4 4 -6 -7
leaf_value=9.5793523182662269e-05 5.4969080507009603e-05 0.00069999972325868274 -0.0002296050660883695 0.00072462791355981529 -6.0529465199724509e-05 5.3330679271124814e-05
leaf_weight=166 6430 66 441 157 10490 2564
leaf_count=166 6430 66 441 157 10490 2564
internal_value=-0.000166101 -0.00918142 -0.0131127 0.000189606 -0.00120498 0.00422781
internal_weight=20314 673 607 19641 13211 2721
internal_count=20314 673 607 19641 13211 2721
is_linear=0
shrinkage=0.05


Tree=80
num_leaves=7
num_cat=0
split_feature=0 36 35 3 36 24
split_gain=21.6332 26.9498 25.801 52.2436 48.4453 39.2969
threshold=-0.074294645339250551 0.6135961413383485 -0.77135702967643727 0.013475562911480667 -0.82543691992759693 -0.095608927309513078
decision_type=2 2 2 2 2 2
left_child=1 -1 3 -2 -4 -6
right_child=2 -3 4 -5 5 -7
leaf_value=0.00049776989040616927 -0.00017031919720917246 -0.00047041518962001247 0.00022991402288264075 0.00064329132643348912 0.00071348523724182485 -4.3763675137038856e-06
leaf_weight=276 2706 50 633 229 142 16232
leaf_count=276 2706 50 633 229 142 16232
internal_value=-0.000284862 0.0126133 -0.000274477 -0.00460034 0.000471726 -5.34221e-05
internal_weight=20268 326 19942 2935 17007 16374
internal_count=20268 326 19942 2935 17007 16374
is_linear=0
shrinkage=0.05


Tree=81
num_leaves=7
num_cat=0
split_feature=13 3 22 35 36 47
split_gain=22.669 27.7935 85.7743 45.4224 60.8113 59.322
threshold=0.051146253943443305 0.0088846115395426768 0.87500000000000011 -0.79759240150451649 -0.73302480578422535 0.9404503107070924
decision_type=2 2 2 2 2 2
left_child=1 2 3 -1 -5 -6
right_child=-2 -3 -4 4 5 -7
leaf_value=-0.00019161932182743029 -0.00027148373969927144 7.7092739660815845e-05 -0.00040707044280163861 0.00019266637881773508 -6.0296939335933547e-05 7.0242680907822065e-05
leaf_weight=1290 319 5013 719 1321 5939 5669
leaf_count=1290 319 5013 719 1321 5939 5669
internal_value=-0.000309494 0.000291892 -0.000787994 6.50309e-05 0.000960646 -0.000195901
internal_weight=20270 19951 14938 14219 12929 11608
internal_count=20270 19951 14938 14219 12929 11608
is_linear=0
shrinkage=0.05


Tree=82
num_leaves=7
num_cat=0
split_feature=5 47 18 48 39 38
split_gain=22.8584 43.8407 39.5625 35.9994 83.7813 79.9165
threshold=-0.61666950583457936 0.73772358894348156 0.42499999701976782 -0.30843418836593622 0.0081448494456708449 0.0076545237097889194
decision_type=2 2 2 2 2 2
left_child=1 -1 -3 4 -2 -5
right_child=3 2 -4 5 -6 -7
leaf_value=-0.0013108693274166659 -0.00016793014812717375 0.00020981468651763677 -0.00016302000208557243 7.522222784209234e-05 3.2327954656066605e-05 -9.7338807889311421e-05
leaf_weight=66 3742 1066 209 7597 4203 3408
leaf_count=66 3742 1066 209 7597 4203 3408
internal_value=-0.000289466 0.00618499 0.00830078 -0.0005579 -0.00312264 0.00129201
internal_weight=20291 1341 1275 18950 7945 11005
internal_count=20291 1341 1275 18950 7945 11005
is_linear=0
shrinkage=0.05


Tree=83
num_leaves=7
num_cat=0
split_feature=32 35 35 44 22 46
split_gain=25.3731 29.8288 26.461 22.2048 22.0694 21.9705
threshold=-0.97244736552238453 -0.83658623695373524 0.84038782119750988 0.071147490292787566 0.57500001788139354 1.1269442439079287
decision_type=2 2 2 2 2 2
left_child=1 5 -2 -4 -3 -1
right_child=2 4 3 -5 -6 -7
leaf_value=-0.00049707142932859923 -2.9683385140647207e-06 5.2149488323923973e-05 3.8203983075656714e-05 -0.00038655990427980357 0.00069938589194639539 0.00013030897971664458
leaf_weight=107 19359 243 84 221 230 81
leaf_count=107 19359 243 84 221 230 81
internal_value=-0.00025455 0.009497 -0.000425797 -0.0149194 0.0161611 -0.00712435
internal_weight=20325 661 19664 305 473 188
internal_count=20325 661 19664 305 473 188
is_linear=0
shrinkage=0.05


Tree=84
num_leaves=7
num_cat=0
split_feature=27 10 11 35 44 10
split_gain=26.7793 33.5898 28.8684 27.2114 71.6359 58.7614
threshold=0.036799980327486999 -0.08248023688793181 -0.0025257052620872851 -0.77135702967643727 0.10896204411983491 0.058313678950071342
decision_type=2 2 2 2 2 2
left_child=3 -2 -3 4 -1 -6
right_child=1 2 -4 -5 5 -7
leaf_value=-0.00019842677709201118 0.00054580032084468484 0.00016217121381101025 -0.00015086615246125848 2.2737339523910959e-05 0.00059313432863888947 -0.00032405998256230552
leaf_weight=2000 120 268 1863 15536 421 123
leaf_count=2000 120 268 1863 15536 421 123
internal_value=-0.000274144 -0.00537456 -0.00684691 0.000402267 -0.00438407 0.011612
internal_weight=20331 2251 2131 18080 2544 544
internal_count=20331 2251 2131 18080 2544 544
is_linear=0
shrinkage=0.05


Tree=85
num_leaves=7
num_cat=0
split_feature=25 39 36 44 26 47
split_gain=23.9278 45.8317 39.8329 73.1308 47.5854 41.0468
threshold=0.0022549738641828303 0.010836019646376373 -0.20146576315164563 0.10146093741059305 -0.0027046529576182361 1.0739685297012331
decision_type=2 2 2 2 2 2
left_child=1 2 3 4 5 -1
right_child=-2 -3 -4 -5 -6 -7
leaf_value=-0.0003586042336266367 -3.3433885297434831e-05 0.00010726120943193787 5.063862012331614e-05 0.00023784697784010064 -1.2273723339035298e-05 6.2636578172883554e-05
leaf_weight=1132 9042 5128 3317 465 940 252
leaf_count=1132 9042 5128 3317 465 940 252
internal_value=-0.000279819 0.00173281 -0.00119048 -0.00559234 -0.0092207 -0.0151008
internal_weight=20276 11234 6106 2789 2324 1384
internal_count=20276 11234 6106 2789 2324 1384
is_linear=0
shrinkage=0.05


Tree=86
num_leaves=7
num_cat=0
split_feature=44 3 12 48 39 10
split_gain=22.9882 58.6154 50.6943 64.4421 81.2666 59.9293
threshold=0.076536636799573912 0.0087794526480138319 -0.049542492255568497 0.12925903499126437 -0.0041411535348743192 0.011200350243598224
decision_type=2 2 2 2 2 2
left_child=-1 2 -2 -4 -5 -6
right_child=1 -3 3 4 5 -7
leaf_value=2.8459603913543701e-05 0.00019804266428707568 5.4134992483148529e-05 -0.00021713279536234129 0.00017432427609655353 -0.00064034077713286531 6.4921982750100696e-05
leaf_weight=9196 552 5144 2887 1482 645 456
leaf_count=9196 552 5144 2887 1482 645 456
internal_value=-0.000308096 -0.00172545 -0.005073 -0.00653425 -0.000782457 -0.0110533
internal_weight=20362 11166 6022 5470 2583 1101
internal_count=20362 11166 6022 5470 2583 1101
is_linear=0
shrinkage=0.05


Tree=87
num_leaves=7
num_cat=0
split_feature=2 21 47 47 17 12
split_gain=22.0692 48.7185 58.4791 51.172 46.0517 38.1939
threshold=0.0049722269177436837 0.37500000000000006 1.1197297573089602 1.0555042028427126 0.72499999403953563 -0.040463898330926888
decision_type=2 2 2 2 2 2
left_child=4 2 3 -2 -1 -3
right_child=1 5 -4 -5 -6 -7
leaf_value=-1.5195287718329716e-05 7.9936477350303614e-05 0.00011636239505754312 -0.00010504584360340106 0.00040641992695104726 -0.00027670132859657987 -5.390646308733147e-05
leaf_weight=1851 3322 2203 1080 534 429 10855
leaf_count=1851 3322 2203 1080 534 429 10855
internal_value=-0.000265053 0.000237513 0.00446772 0.00734913 -0.00497812 -0.00136071
internal_weight=20274 17994 4936 3856 2280 13058
internal_count=20274 17994 4936 3856 2280 13058
is_linear=0
shrinkage=0.05


Tree=88
num_leaves=7
num_cat=0
split_feature=27 32 0 36 32 43
split_gain=19.1264 30.3414 28.6015 28.5564 27.1382 26.167
threshold=0.048460833728313453 -0.052419157698750489 -0.061599999666213982 0.64951458573341381 1.3922903537750246 0.11094567179679872
decision_type=2 2 2 2 2 2
left_child=2 5 3 -1 -3 -2
right_child=1 4 -4 -5 -6 -7
leaf_value=0.00056524536911459623 -0.00038368203437449738 -0.00025250988415448085 -6.7388823830934719e-06 -0.00033620382192522822 0.0003118853798386972 0.00030521949914653315
leaf_weight=331 65 960 18674 67 127 146
leaf_count=331 65 960 18674 67 127 146
internal_value=-0.00027362 -0.00635073 -8.78021e-05 0.0130893 -0.00972985 0.0107639
internal_weight=20370 1298 19072 398 1087 211
internal_count=20370 1298 19072 398 1087 211
is_linear=0
shrinkage=0.05


Tree=89
num_leaves=7
num_cat=0
split_feature=42 35 47 6 10 35
split_gain=23.3634 81.5564 71.39 45.9732 35.65 54.0095
threshold=0.1205490678548813 -0.13932936638593671 0.8074445128440858 0.094066973775625243 0.013741362839937212 0.026911166496574882
decision_type=2 2 2 2 2 2
left_child=4 2 -2 -3 5 -1
right_child=1 3 -4 -5 -6 -7
leaf_value=-7.3911877707048606e-05 -0.00063905768232063939 0.00019059051049655703 0.00010341276122948651 -0.00083471943458443944 6.1266959824105306e-05 6.0710156385908109e-05
leaf_weight=7057 171 71 1174 233 7385 4234
leaf_count=7057 171 71 1174 233 7385 4234
internal_value=-0.000249631 -0.00587969 -0.000537037 -0.0290453 0.000319844 -0.0014452
internal_weight=20325 1649 1345 304 18676 11291
internal_count=20325 1649 1345 304 18676 11291
is_linear=0
shrinkage=0.05


Tree=90
num_leaves=7
num_cat=0
split_feature=15 43 42 8 0 10
split_gain=24.4788 28.7636 31.7944 26.9488 23.5585 36.112
threshold=0.97499999403953563 0.084517475217580809 0.063650995492935195 0.88273942470550548 -0.035367207601666444 0.12412478774785997
decision_type=2 2 2 2 2 2
left_child=4 2 3 -2 -1 -6
right_child=1 -3 -4 -5 5 -7
leaf_value=0.00013084117203411919 0.000185211868705286 6.3876648665352981e-05 -0.00039408747632724322 -0.0001480592275813976 2.7067953319847954e-06 -0.0003558361027077176
leaf_weight=2016 111 416 411 50 16798 453
leaf_count=2016 111 416 411 50 16798 453
internal_value=-0.000270237 -0.0076284 -0.0148614 0.00376506 0.000421596 -0.000175301
internal_weight=20255 988 572 161 19267 17251
internal_count=20255 988 572 161 19267 17251
is_linear=0
shrinkage=0.05


Tree=91
num_leaves=7
num_cat=0
split_feature=27 26 35 44 36 6
split_gain=19.4235 40.1577 25.8907 60.9489 76.1869 68.8851
threshold=0.048460833728313453 -0.034045517444610589 0.49846634268760687 0.076536636799573912 0.71412360668182384 0.86540293693542492
decision_type=2 2 2 2 2 2
left_child=2 -2 -1 5 -5 -4
right_child=1 -3 3 4 -6 -7
leaf_value=-7.5132481715105473e-06 0.00059221401265253091 -0.00014697890885822208 0.00023584862006120595 0.00042051303849583436 -0.00029982980529450913 -0.00017449904542654802
leaf_weight=16587 105 1204 1514 205 432 236
leaf_count=16587 105 1204 1514 205 432 236
internal_value=-0.000220574 -0.0059551 0.000330629 0.0051944 -0.00798287 0.0100142
internal_weight=20283 1309 18974 2387 637 1750
internal_count=20283 1309 18974 2387 637 1750
is_linear=0
shrinkage=0.05


Tree=92
num_leaves=7
num_cat=0
split_feature=15 41 34 42 13 42
split_gain=23.4249 32.4204 22.6147 26.248 23.3287 21.0855
threshold=0.97499999403953563 0.087551891803741469 0.33304710686206823 0.063650995492935195 0.0065187045838683852 0.1158958710730076
decision_type=2 2 2 2 2 2
left_child=-1 2 3 -2 -5 -3
right_child=1 5 -4 4 -6 -7
leaf_value=8.6172965602122672e-06 0.0002730642657098518 0.00026955350450644846 -0.00028697386311952051 -0.00069398675563731309 7.796641385765216e-05 -0.00070576623800432928
leaf_weight=19355 73 322 329 119 77 87
leaf_count=19355 73 322 329 119 77 87
internal_value=-0.000239358 -0.00733696 -0.0147181 -0.00374088 -0.0133085 0.00344203
internal_weight=20362 1007 598 269 196 409
internal_count=20362 1007 598 269 196 409
is_linear=0
shrinkage=0.05


Tree=93
num_leaves=7
num_cat=0
split_feature=15 50 3 44 34 15
split_gain=22.7801 30.3017 32.0229 48.4831 21.8169 20.1552
threshold=0.97499999403953563 0.37128229439258581 0.0083744819276034849 0.071147490292787566 0.94116106629371654 0.37500000000000006
decision_type=2 2 2 2 2 2
left_child=5 2 3 -2 -3 -1
right_child=1 4 -4 -5 -6 -7
leaf_value=-2.8059774766069548e-05 0.00035718043177337445 -0.00027994710065765204 0.00039254083640851323 -0.00072662522756091678 0.00015897704342683619 3.092760387386008e-05
leaf_weight=7123 79 521 173 149 95 12168
leaf_count=7123 79 521 173 149 95 12168
internal_value=-0.000269532 -0.00736301 0.00326355 -0.00890558 -0.0142915 0.000296694
internal_weight=20308 1017 401 228 616 19291
internal_count=20308 1017 401 228 616 19291
is_linear=0
shrinkage=0.05


Tree=94
num_leaves=7
num_cat=0
split_feature=5 46 48 24 39 18
split_gain=19.9116 41.2649 38.2905 83.5297 70.1007 60.6795
threshold=-0.61666950583457936 1.1171851158142092 -0.47691541910171503 0.030010217800736431 0.011911937966942789 0.47499999403953558
decision_type=2 2 2 2 2 2
left_child=1 -1 3 4 5 -2
right_child=2 -3 -4 -5 -6 -7
leaf_value=2.0645908003857483e-05 -0.00019771912564358818 0.00044227550262615863 2.2462850493048105e-05 -0.00075962828678017647 5.9195335548825655e-05 0.00014461968791770597
leaf_weight=1072 2803 280 11892 163 3337 700
leaf_count=1072 2803 280 11892 163 3337 700
internal_value=-0.000339473 0.00580324 -0.000466931 -0.00339969 -0.00253835 -0.00747577
internal_weight=20247 1352 18895 7003 6840 3503
internal_count=20247 1352 18895 7003 6840 3503
is_linear=0
shrinkage=0.05


Tree=95
num_leaves=7
num_cat=0
split_feature=3 44 39 36 27 46
split_gain=21.6887 44.3709 26.8531 28.0735 44.2441 33.2283
threshold=0.0045753722079098233 0.053278120234608657 -0.02703957166522741 -0.11129488050937651 -0.0087443036027252657 0.86900916695594799
decision_type=2 2 2 2 2 2
left_child=2 -2 -1 5 -5 -4
right_child=1 -3 3 4 -6 -7
leaf_value=0.00024513908090816766 0.00015302294878234235 -1.7158092408825006e-06 0.00035628879410783284 0.00025085666723725686 -0.00017836873798287751 -0.00021710793487794559
leaf_weight=106 560 18752 70 135 204 489
leaf_count=106 560 18752 70 135 204 489
internal_value=-0.000220216 0.000309313 -0.00721011 -0.0100498 0.00123547 -0.0168883
internal_weight=20316 19312 1004 898 339 559
internal_count=20316 19312 1004 898 339 559
is_linear=0
shrinkage=0.05


Tree=96
num_leaves=7
num_cat=0
split_feature=35 28 39 11 22 26
split_gain=20.6564 24.5966 22.2318 40.3045 40.7289 45.0627
threshold=0.84038782119750988 -0.0023123277351260181 0.036141235381364829 -0.023447738029062744 0.17500000447034839 0.039361068978905685
decision_type=2 2 2 2 2 2
left_child=2 -2 -1 -4 5 -5
right_child=1 -3 3 4 -6 -7
leaf_value=1.7071647306863275e-05 2.8202146107211777e-05 -0.00027389444437526722 0.00049910049753807263 0.00034175462121839497 -0.00016071066732931355 -0.00029756915073225911
leaf_weight=16739 155 158 253 323 2371 151
leaf_count=16739 155 158 253 323 2371 151
internal_value=-0.000212106 -0.0126572 0.000187733 -0.00369803 -0.00541228 0.007881
internal_weight=20150 313 19837 3098 2845 474
internal_count=20150 313 19837 3098 2845 474
is_linear=0
shrinkage=0.05


Tree=97
num_leaves=7
num_cat=0
split_feature=12 48 36 10 48 42
split_gain=22.1836 117.864 74.3702 52.385 68.2911 51.1648
threshold=0.038283528760075576 1.0000000180025095e-35 -0.55239969491958607 0.10930109024047853 1.0593641400337221 0.1158958710730076
decision_type=2 2 2 2 2 2
left_child=-1 -2 5 -4 -5 -3
right_child=1 2 3 4 -6 -7
leaf_value=6.3040265250259036e-06 -0.00063515516190885632 0.00028871435888171506 -0.00025871421287372196 -0.00033358880048654375 0.00061419969514146312 -0.00052301950882351447
leaf_weight=17067 470 900 1198 216 389 134
leaf_count=17067 470 900 1198 216 389 134
internal_value=-0.000268659 -0.00405344 -0.000184729 -0.00631914 0.00561475 0.0104668
internal_weight=20374 3307 2837 1803 605 1034
internal_count=20374 3307 2837 1803 605 1034
is_linear=0
shrinkage=0.05


Tree=98
num_leaves=7
num_cat=0
split_feature=25 47 42 35 38 36
split_gain=22.9777 43.4508 66.6778 53.1741 46.1539 46.0916
threshold=0.0022549738641828303 0.71447846293449413 0.1205490678548813 0.026911166496574882 -0.012050096411257981 -0.26006716489791865
decision_type=2 2 2 2 2 2
left_child=-1 2 -2 4 -3 -5
right_child=1 3 -4 5 -6 -7
leaf_value=2.8051948690296188e-05 0.00034366461054220705 1.1916935709401371e-05 -0.00054306699961065904 0.00059894715006584979 -0.00018173074370453921 2.3750980123454261e-05
leaf_weight=11264 508 1755 52 87 3661 3020
leaf_count=11264 508 1755 52 87 3661 3020
internal_value=-0.000273929 -0.00196138 0.0114602 -0.00285237 -0.00584302 0.00235379
internal_weight=20347 9083 560 8523 5416 3107
internal_count=20347 9083 560 8523 5416 3107
is_linear=0
shrinkage=0.05


Tree=99
num_leaves=7
num_cat=0
split_feature=27 12 43 3 42 47
split_gain=19.3882 31.7072 28.9628 25.8124 58.0717 50.7541
threshold=0.033702434971928603 0.0081171505153179186 0.11433644220232965 0.0088846115395426768 0.07885585725307466 0.90364047884941112
decision_type=2 2 2 2 2 2
left_child=3 2 -2 4 -1 -5
right_child=1 -3 -4 5 -6 -7
leaf_value=2.4058330135428132e-05 -1.058175225215844e-05 -0.00012410073041018658 0.00057613340223096516 0.00034070315952421158 -0.00012759869703365444 5.7213958855504296e-05
leaf_weight=9878 282 2140 131 458 3878 3577
leaf_count=9878 282 2140 131 458 3878 3577
internal_value=-0.000254312 -0.00415364 0.00843301 0.000501517 -0.000528668 0.00401609
internal_weight=20344 2553 413 17791 13756 4035
internal_count=20344 2553 413 17791 13756 4035
is_linear=0
shrinkage=0.05


Tree=100
num_leaves=7
num_cat=0
split_feature=0 39 11 39 24 48
split_gain=26.0979 26.6588 43.6828 39.4242 102.831 62.9255
threshold=-0.074294645339250551 0.038298837840557105 -0.028973956592380997 0.011911937966942789 -0.012844014912843702 -0.30843418836593622
decision_type=2 2 2 2 2 2
left_child=-1 3 -3 5 -5 -2
right_child=1 2 -4 4 -6 -7
leaf_value=0.00041336689920123249 -0.0001027044604708715 0.00073510216304800008 -0.00011680545836833339 0.00022581585672704947 -5.0090341789579789e-05 3.0702363398503223e-05
leaf_weight=335 4670 130 2612 2581 2850 7150
leaf_count=335 4670 130 2612 2581 2850 7150
internal_value=-0.000284021 -0.000366287 -0.00494175 0.000360744 0.00388613 -0.00125793
internal_weight=20328 19993 2742 17251 5431 11820
internal_count=20328 19993 2742 17251 5431 11820
is_linear=0
shrinkage=0.05


Tree=101
num_leaves=7
num_cat=0
split_feature=35 44 25 36 12 24
split_gain=19.7657 58.3336 53.794 40.6248 55.1459 55.2952
threshold=-0.77135702967643727 0.10896204411983491 -0.0069276534486562005 -0.55239969491958607 0.041766576468944556 0.074354279786348357
decision_type=2 2 2 2 2 2
left_child=1 2 -1 -2 -5 -6
right_child=3 -3 -4 4 5 -7
leaf_value=-3.0223987887373319e-06 0.00011017739774928922 0.00018333535275135684 -0.00039831774539507956 1.1885473823566299e-05 -0.0003690815780711716 1.8984971559125735e-06
leaf_weight=1079 3356 883 1032 12116 885 928
leaf_count=1079 3356 883 1032 12116 885 928
internal_value=-0.000279777 -0.00362621 -0.00814036 0.000770677 -0.000418042 -0.0085396
internal_weight=20279 2994 2111 17285 13929 1813
internal_count=20279 2994 2111 17285 13929 1813
is_linear=0
shrinkage=0.05


Tree=102
num_leaves=7
num_cat=0
split_feature=17 10 39 10 45 40
split_gain=20.2789 39.8348 67.3447 40.6235 37.7327 43.7117
threshold=0.67499998211860668 0.12412478774785997 0.0056631355546414861 0.011200350243598224 0.052129268646240241 0.055892633274197585
decision_type=2 2 2 2 2 2
left_child=1 3 -3 -1 -2 -6
right_child=4 2 -4 -5 5 -7
leaf_value=-6.6640369959827697e-06 -0.00019707615787873222 -0.00070378618482165763 0.00038784397663364729 0.0001144847307889756 0.00013474302136496066 -6.8298887231347787e-05
leaf_weight=8653 487 192 120 4163 1255 5393
leaf_count=8653 487 192 120 4163 1255 5393
internal_value=-0.000250395 0.00117833 -0.0163249 0.00161259 -0.00213235 -0.00113858
internal_weight=20263 13128 312 12816 7135 6648
internal_count=20263 13128 312 12816 7135 6648
is_linear=0
shrinkage=0.05


Tree=103
num_leaves=7
num_cat=0
split_feature=35 44 0 47 6 47
split_gain=20.7676 60.714 43.7945 45.4445 38.0379 41.9007
threshold=-0.77135702967643727 0.10896204411983491 -0.018179519101977345 0.83155649900436412 0.017317772842943672 1.1481909751892092
decision_type=2 2 2 2 2 2
left_child=1 4 3 -3 -1 -6
right_child=-2 2 -4 -5 5 -7
leaf_value=0.00021572015878099473 7.3294768189954749e-06 -0.00028930866708161212 0.00049819911996862168 0.00028009196773364013 -0.00015736606845636789 -0.00090656030667540701
leaf_weight=237 17396 328 406 181 1537 321
leaf_count=237 17396 328 406 181 1537 321
internal_value=-0.000273137 -0.00393864 0.0067663 -0.00296693 -0.00863095 -0.011044
internal_weight=20406 3010 915 509 2095 1858
internal_count=20406 3010 915 509 2095 1858
is_linear=0
shrinkage=0.05


Tree=104
num_leaves=7
num_cat=0
split_feature=43 35 26 21 39 17
split_gain=21.9835 42.2264 26.2871 26.0254 48.6119 34.6846
threshold=0.044868307188153274 -0.25041809678077692 -0.021578204818069931 0.47499999403953558 0.06002625264227391 0.12500000372529033
decision_type=2 2 2 2 2 2
left_child=1 2 -1 4 -2 -5
right_child=3 -3 -4 5 -6 -7
leaf_value=0.00044551868247342803 6.100988551089467e-05 -0.00016428407319304874 -1.5837045016375601e-05 0.00011704842515714828 -0.00026731277785585743 -4.5479349571318557e-05
leaf_weight=99 7668 706 196 1360 421 9824
leaf_count=99 7668 706 196 1360 421 9824
internal_value=-0.000314365 -0.0069831 0.00875 0.000597832 0.00275822 -0.000962999
internal_weight=20274 1001 295 19273 8089 11184
internal_count=20274 1001 295 19273 8089 11184
is_linear=0
shrinkage=0.05


Tree=105
num_leaves=7
num_cat=0
split_feature=25 39 35 38 15 10
split_gain=24.3889 39.7095 34.4166 52.0328 34.1425 54.8795
threshold=0.0014800459030084314 0.011911937966942789 0.49846634268760687 -0.013917458709329365 0.57500001788139354 -0.044142914935946458
decision_type=2 2 2 2 2 2
left_child=1 2 -1 -4 5 -3
right_child=-2 4 3 -5 -6 -7
leaf_value=-5.0468119614790815e-05 -3.9479405505275489e-05 -2.9052869345158475e-06 -0.00018578776589603109 0.0002922629980443253 -1.6482805742208305e-05 0.00024033319665395068
leaf_weight=5226 9434 1228 368 535 1731 1822
leaf_count=5226 9434 1228 368 535 1731 1822
internal_value=-0.00023957 0.00141777 -0.00124307 0.00773678 0.0048318 0.00801146
internal_weight=20344 10910 6129 903 4781 3050
internal_count=20344 10910 6129 903 4781 3050
is_linear=0
shrinkage=0.05


Tree=106
num_leaves=7
num_cat=0
split_feature=42 44 35 15 36 35
split_gain=20.2786 52.9018 31.1602 36.7809 32.831 31.6663
threshold=0.051416309550404556 0.053278120234608657 0.54790696501731884 0.57500001788139354 0.47748665511608129 -0.10390888899564742
decision_type=2 2 2 2 2 2
left_child=2 -2 3 5 -4 -1
right_child=1 -3 4 -5 -6 -7
leaf_value=7.1253235753499476e-05 0.00021004358765211998 -9.4553799396381386e-07 -7.6130852436110568e-05 -0.00034773934093302016 0.00083544184730368449 -0.00012349923072189773
leaf_weight=401 318 18658 85 212 68 550
leaf_count=401 318 18658 85 212 68 550
internal_value=-0.000309159 0.000293715 -0.00611279 -0.00892551 0.0147152 -0.00462866
internal_weight=20292 18976 1316 1163 153 951
internal_count=20292 18976 1316 1163 153 951
is_linear=0
shrinkage=0.05


Tree=107
num_leaves=7
num_cat=0
split_feature=12 46 45 22 30 41
split_gain=21.2235 43.1061 32.7444 38.4759 40.2059 37.767
threshold=-0.031879551708698266 0.67859628796577465 0.15266656875610354 0.87500000000000011 66.653762817382827 0.092836070805788054
decision_type=2 2 2 2 2 2
left_child=1 -1 5 -4 -5 -2
right_child=2 -3 3 4 -6 -7
leaf_value=0.001191681027646313 -2.5537223556057716e-05 5.1237973458992828e-05 -0.00073663210809367776 0.00047460673416176353 -0.00035904626207565427 0.00010513535693773888
leaf_weight=128 12896 3812 193 106 63 3106
leaf_count=128 12896 3812 193 106 63 3106
internal_value=-0.000205574 0.00339037 -0.000694911 -0.0154632 0.00186782 -0.000354532
internal_weight=20304 3940 16364 362 169 16002
internal_count=20304 3940 16364 362 169 16002
is_linear=0
shrinkage=0.05


Tree=108
num_leaves=7
num_cat=0
split_feature=25 42 44 47 26 44
split_gain=16.3313 36.6576 78.8435 73.7467 71.2091 42.9788
threshold=0.0022549738641828303 0.1158958710730076 0.10649646818637849 0.8074445128440858 0.11735404655337335 0.1230062134563923
decision_type=2 2 2 2 2 2
left_child=-1 2 -2 -3 -4 -5
right_child=1 3 4 5 -6 -7
leaf_value=2.7847244547247964e-05 -3.5445532824918183e-05 -0.00072046594326870099 0.0003820085624534615 -0.00032699387573608297 -0.00040825336922274414 0.00024449175011825186
leaf_weight=11313 7409 174 534 479 93 363
leaf_count=11313 7409 174 534 479 93 363
internal_value=-0.000352234 -0.00143259 -0.000295361 -0.0103575 0.0166535 -0.00410272
internal_weight=20365 9052 8036 1016 627 842
internal_count=20365 9052 8036 1016 627 842
is_linear=0
shrinkage=0.05


Tree=109
num_leaves=7
num_cat=0
split_feature=34 48 48 39 42 44
split_gain=16.937 35.3655 30.7589 80.015 48.784 55.5086
threshold=-0.61666950583457936 -0.30843418836593622 -0.47691541910171503 0.011911937966942789 0.1205490678548813 0.10146093741059305
decision_type=2 2 2 2 2 2
left_child=1 -1 3 -2 5 -4
right_child=2 -3 4 -5 -6 -7
leaf_value=0.0001348900325998592 -0.00015106266148463658 -0.00026587046138340677 1.0225331987575232e-05 5.7504798511597553e-05 -0.00023969782967449686 0.00022261522337547329
leaf_weight=1207 3602 159 9687 3460 934 1321
leaf_count=1207 3602 159 9687 3460 934 1321
internal_value=-0.00027362 0.00516047 -0.00059314 -0.00320858 0.000952122 0.00188641
internal_weight=20370 1366 19004 7062 11942 11008
internal_count=20370 1366 19004 7062 11942 11008
is_linear=0
shrinkage=0.05


Tree=110
num_leaves=7
num_cat=0
split_feature=0 35 33 42 44 6
split_gain=15.4646 24.7342 17.7439 44.1127 65.7619 64.1341
threshold=-0.074294645339250551 0.3334194570779801 0.031798796728253372 0.1158958710730076 0.10649646818637849 0.86540293693542492
decision_type=2 2 2 2 2 2
left_child=1 -1 -2 4 -4 -5
right_child=2 -3 3 5 -6 -7
leaf_value=0.0004264670675252028 1.5533319250821815e-05 -0.00039311293294071441 -4.318393696295254e-05 -7.0517591149201817e-05 0.00023418215956293506 -0.0007276720808656028
leaf_weight=272 11029 53 7434 653 598 265
leaf_count=272 11029 53 7434 653 598 265
internal_value=-0.000279433 0.0103788 -0.000531675 -0.00218593 -0.000992286 -0.0125406
internal_weight=20304 325 19979 8950 8032 918
internal_count=20304 325 19979 8950 8032 918
is_linear=0
shrinkage=0.05


Tree=111
num_leaves=7
num_cat=0
split_feature=42 44 27 36 35 46
split_gain=20.4057 36.5231 33.093 38.6492 32.293 24.3862
threshold=0.050416877493262298 0.053278120234608657 -0.0020968093303963538 -0.11129488050937651 -0.35414297878742212 0.87667474150657665
decision_type=2 2 2 2 2 2
left_child=2 -2 3 5 -4 -1
right_child=1 -3 4 -5 -6 -7
leaf_value=0.00025097459771896709 0.00013896990784767184 -3.2299000327325038e-06 2.9299912721069505e-05 0.00021551710988543506 -0.00031361073358163817 -0.0001226049272923979
leaf_weight=64 468 18885 138 184 305 298
leaf_count=64 468 18885 138 184 305 298
internal_value=-0.000259252 0.000176929 -0.00716801 0.00104356 -0.0172433 -0.00837875
internal_weight=20342 19353 989 546 443 362
internal_count=20342 19353 989 546 443 362
is_linear=0
shrinkage=0.05


Tree=112
num_leaves=7
num_cat=0
split_feature=10 38 46 38 35 1
split_gain=15.7008 45.8531 45.0958 54.6701 41.4686 49.5727
threshold=0.0055081730242818603 -0.039281519129872315 0.85951223969459545 -0.025114567950367924 -0.30154854059219355 -0.025752176530659195
decision_type=2 2 2 2 2 2
left_child=2 -2 3 -1 5 -5
right_child=1 -3 -4 4 -6 -7
leaf_value=-0.00026419541503587925 -0.00077508151112124337 4.2289672867953515e-05 -4.599039415017002e-05 -0.00058432202757523893 2.6796721569888915e-05 0.00041393698632962475
leaf_weight=221 185 8867 9402 63 900 728
leaf_count=221 185 8867 9402 63 900 728
internal_value=-0.000312945 0.00153196 -0.00126115 0.00572509 0.00880012 0.0171168
internal_weight=20366 9052 11314 1912 1691 791
internal_count=20366 9052 11314 1912 1691 791
is_linear=0
shrinkage=0.05


Tree=113
num_leaves=7
num_cat=0
split_feature=0 35 36 35 35 44
split_gain=19.5584 23.9022 29.3857 31.9641 22.3563 37.0272
threshold=-0.074294645339250551 0.44205504655838018 -0.16162944585084912 -0.79759240150451649 -0.77135702967643727 0.10896204411983491
decision_type=2 2 2 2 2 2
left_child=1 2 3 -1 5 -2
right_child=4 -3 -4 -5 -6 -7
leaf_value=0.00028090482603468169 -0.00018232697991502671 -0.00037541027493543972 0.0014990113007131664 -0.00049855229345957834 3.2914405973153077e-06 0.00011428558420932414
leaf_weight=86 2094 51 129 65 17111 804
leaf_count=86 2094 51 129 65 17111 804
internal_value=-0.000313345 0.0116815 0.0174561 0.00208333 -0.000480913 -0.00453841
internal_weight=20340 331 280 151 20009 2898
internal_count=20340 331 280 151 20009 2898
is_linear=0
shrinkage=0.05


Tree=114
num_leaves=7
num_cat=0
split_feature=3 30 26 44 24 39
split_gain=20.5526 42.8952 38.7288 38.0739 36.2343 36.0145
threshold=0.0088846115395426768 47.082052230834968 0.08814286440610887 0.10146093741059305 0.074354279786348357 0.03058036603033543
decision_type=2 2 2 2 2 2
left_child=-1 -2 5 4 -4 -3
right_child=1 2 3 -5 -6 -7
leaf_value=-1.3367222577171438e-05 0.00022349079334157818 0.00012103481997024282 -0.0004340275773118154 -0.00054897088540431505 0.00039318710064397766 -0.0001580828715556004
leaf_weight=15107 2137 1753 150 321 281 674
leaf_count=15107 2137 1753 150 321 281 674
internal_value=-0.000233748 0.00275794 -0.000918656 -0.0107992 -0.000974771 0.00214844
internal_weight=20423 5316 3179 752 431 2427
internal_count=20423 5316 3179 752 431 2427
is_linear=0
shrinkage=0.05


Tree=115
num_leaves=7
num_cat=0
split_feature=47 41 22 43 12 41
split_gain=21.1982 60.7862 48.067 34.1733 34.055 31.9316
threshold=0.95137661695480358 0.092836070805788054 0.87500000000000011 0.1022569313645363 -0.059066966176033013 0.070878762751817717
decision_type=2 2 2 2 2 2
left_child=1 2 4 -4 -1 -2
right_child=5 -3 3 -5 -6 -7
leaf_value=0.00055500934341391848 8.9202220966912198e-05 0.0002773232584859354 -0.00053257642815323595 0.00011560927870674595 -3.5372193514451892e-05 -3.5600538737511199e-06
leaf_weight=103 3328 529 505 73 7944 7831
leaf_count=103 3328 529 505 73 7944 7831
internal_value=-0.000235013 -0.00171143 -0.00272596 -0.0165952 -0.00171696 0.00153395
internal_weight=20313 9154 8625 578 8047 11159
internal_count=20313 9154 8625 578 8047 11159
is_linear=0
shrinkage=0.05


Tree=116
num_leaves=7
num_cat=0
split_feature=43 48 17 44 35 12
split_gain=19.5733 35.3803 27.0919 24.5602 59.1222 30.2543
threshold=0.044868307188153274 -0.30843418836593622 0.72499999403953563 0.056074006482958801 0.026911166496574882 -0.0031533179571852084
decision_type=2 2 2 2 2 2
left_child=1 -1 -3 4 -2 -6
right_child=3 2 -4 -5 5 -7
leaf_value=-0.0002230214785525204 -5.6360760419083044e-05 8.2473743424818147e-05 -0.00029274622605118659 -3.3311872295848247e-06 9.270721415739507e-05 0.00032535214136855542
leaf_weight=432 575 487 73 18130 342 311
leaf_count=432 575 487 73 18130 342 311
internal_value=-0.000323016 -0.00689569 0.00137168 0.00028792 0.00711679 0.0173632
internal_weight=20350 992 560 19358 1228 653
internal_count=20350 992 560 19358 1228 653
is_linear=0
shrinkage=0.05


Tree=117
num_leaves=7
num_cat=0
split_feature=35 3 47 49 39 35
split_gain=22.2567 43.863 74.2094 37.9384 30.4171 62.7413
threshold=-0.77135702967643727 0.013475562911480667 1.0364001989364626 -1.9840337634086607 0.06002625264227391 -0.35414297878742212
decision_type=2 2 2 2 2 2
left_child=1 2 -1 -4 -2 -6
right_child=4 -3 3 -5 5 -7
leaf_value=-1.5339758625187365e-05 2.1174488591673997e-05 0.00046656858638049136 0.0002300615714648199 -0.00065305475127141229 0.00051443738521101616 -0.0003267974796821913
leaf_weight=2033 16361 259 76 657 195 603
leaf_count=2033 16361 259 76 657 195 603
internal_value=-0.000335579 -0.00383663 -0.00569289 -0.0192751 0.000811291 -0.00868618
internal_weight=20184 3025 2766 733 17159 798
internal_count=20184 3025 2766 733 17159 798
is_linear=0
shrinkage=0.05


Tree=118
num_leaves=7
num_cat=0
split_feature=0 27 6 42 35 36
split_gain=21.2577 23.3543 27.0541 26.7301 24.9771 60.1284
threshold=-0.074294645339250551 0.043744565919041641 0.88263106346130382 0.1205490678548813 0.49846634268760687 0.71412360668182384
decision_type=2 2 2 2 2 2
left_child=-1 4 -3 -4 -2 -6
right_child=1 2 3 -5 5 -7
leaf_value=0.0003155351250489685 -6.8547651466182184e-06 7.4593220859441151e-05 -0.00013994954027970425 -0.00079035261797808269 0.00026905738621722043 -2.0309053285598134e-05
leaf_weight=335 16237 492 849 104 962 1303
leaf_count=335 16237 492 849 104 962 1303
internal_value=-0.000260019 -0.000181686 -0.0062931 -0.0111952 0.000295834 0.00520925
internal_weight=20282 19947 1445 953 18502 2265
internal_count=20282 19947 1445 953 18502 2265
is_linear=0
shrinkage=0.05


Tree=119
num_leaves=7
num_cat=0
split_feature=13 43 22 40 22 24
split_gain=15.4455 17.2257 50.3536 56.863 45.4056 47.54
threshold=0.051146253943443305 0.10009118914604188 0.77500000596046459 0.092389769852161421 0.87500000000000011 -0.066204201430082307
decision_type=2 2 2 2 2 2
left_child=1 4 -3 -4 -1 -6
right_child=-2 2 3 -5 5 -7
leaf_value=4.8685887908217791e-06 -0.00024465053143881755 -7.1646583095065218e-05 0.00060108041568778599 0.00011933228489476245 0.00056671464281043873 -0.00027776887286081446
leaf_weight=14726 321 1687 288 1748 103 1458
leaf_count=14726 321 1687 288 1748 103 1458
internal_value=-0.000298731 0.000158631 0.00322559 0.00851298 -0.000541677 -0.00863665
internal_weight=20331 20010 3723 2036 16287 1561
internal_count=20331 20010 3723 2036 16287 1561
is_linear=0
shrinkage=0.05


Tree=120
num_leaves=7
num_cat=0
split_feature=38 46 31 24 39 42
split_gain=17.9285 53.567 36.1893 35.4749 79.9025 56.7921
threshold=0.0076545237097889194 0.90609285235404979 41.073692321777351 0.0056233268696814784 0.011911937966942789 0.1205490678548813
decision_type=2 2 2 2 2 2
left_child=3 -2 -3 4 -1 -5
right_child=1 2 -4 5 -6 -7
leaf_value=-7.8116177032243759e-05 -0.00023105062575933379 0.00019215787835943215 -3.4646492852482851e-05 9.3714326481635513e-05 0.00012840389577621861 -0.00030720650165855321
leaf_weight=5377 1295 814 4586 5245 2465 463
leaf_count=5377 1295 814 4586 5245 2465 463
internal_value=-0.000388889 -0.00213806 5.08788e-05 0.00102361 -0.00115649 0.00402153
internal_weight=20245 6695 5400 13550 7842 5708
internal_count=20245 6695 5400 13550 7842 5708
is_linear=0
shrinkage=0.05


Tree=121
num_leaves=7
num_cat=0
split_feature=35 44 38 10 42 47
split_gain=20.1678 42.7377 37.6816 34.833 37.903 42.0317
threshold=-0.77135702967643727 0.10896204411983491 0.0083307358436286467 0.058313678950071342 0.1158958710730076 0.81553712487220775
decision_type=2 2 2 2 2 2
left_child=1 2 -1 4 -3 -6
right_child=-2 3 -4 -5 5 -7
leaf_value=-0.00029550762533617377 9.7264819423437208e-06 0.00040792279175578817 1.988516581813908e-05 -0.00027258933497930872 -0.00044636104539685147 0.00031387494811122431
leaf_weight=1303 17192 206 817 212 97 394
leaf_count=1303 17192 206 817 212 97 394
internal_value=-0.000354741 -0.00386454 -0.00775294 0.00516958 0.0105769 0.00287298
internal_weight=20221 3029 2120 909 697 491
internal_count=20221 3029 2120 909 697 491
is_linear=0
shrinkage=0.05


Tree=122
num_leaves=7
num_cat=0
split_feature=36 47 47 36 40 1
split_gain=20.6232 66.2823 57.3933 49.6459 51.9484 46.6757
threshold=-0.20146576315164563 1.501953721046448 0.8074445128440858 -0.55239969491958607 0.040323257446289069 0.022839634679257873
decision_type=2 2 2 2 2 2
left_child=3 2 -2 4 -1 -6
right_child=1 -3 -4 -5 5 -7
leaf_value=0.00030506343597203403 -0.00011900485126511854 -0.00045566520638798543 6.7572371408721428e-05 -0.00011490652833421815 6.2204953601032641e-05 -0.00014629336307482311
leaf_weight=200 1393 247 8353 3964 4212 1861
leaf_count=200 1393 247 8353 3964 4212 1861
internal_value=-0.00029528 0.00140278 0.00205876 -0.0017892 0.000975629 0.000135735
internal_weight=20230 9993 9746 10237 6273 6073
internal_count=20230 9993 9746 10237 6273 6073
is_linear=0
shrinkage=0.05


Tree=123
num_leaves=7
num_cat=0
split_feature=13 32 39 3 47 39
split_gain=18.4248 28.4516 25.8202 19.2682 26.8993 40.054
threshold=0.043505819514393813 1.3922903537750246 0.022869834676384929 0.0045753722079098233 0.8786216974258424 0.0074302619323134431
decision_type=2 2 2 2 2 2
left_child=3 2 -2 4 5 -1
right_child=1 -3 -4 -5 -6 -7
leaf_value=0.00013228378710339911 -5.0453809656164792e-05 0.0004911076439962879 -0.00070373273241258001 1.0061247720702577e-05 -0.00014038479204338782 -0.00022685835546155253
leaf_weight=361 351 107 176 18570 473 155
leaf_count=361 351 107 176 18570 473 155
internal_value=-0.000365135 -0.00841158 -0.0132049 0.000215958 -0.00656439 0.00129559
internal_weight=20193 634 527 19559 989 516
internal_count=20193 634 527 19559 989 516
is_linear=0
shrinkage=0.05


Tree=124
num_leaves=7
num_cat=0
split_feature=21 44 40 12 22 46
split_gain=18.4165 36.4148 44.7507 34.1407 35.4174 32.2276
threshold=0.47499999403953558 0.085376117378473296 0.10801828280091287 0.038283528760075576 0.57500001788139354 1.0820028185844424
decision_type=2 2 2 2 2 2
left_child=1 2 -1 4 -3 -2
right_child=5 3 -4 -5 -6 -7
leaf_value=1.7754101954268368e-05 -7.0490152287802944e-05 0.00054268647124104728 -0.00038150176737826024 -0.0001523577368324764 -1.8934255640134419e-05 5.116681037360049e-05
leaf_weight=8278 7872 349 223 109 159 3278
leaf_count=8278 7872 349 223 109 159 3278
internal_value=-0.000378582 0.0015428 0.000684811 0.0132235 0.0186647 -0.00148588
internal_weight=20268 9118 8501 617 508 11150
internal_count=20268 9118 8501 617 508 11150
is_linear=0
shrinkage=0.05


Tree=125
num_leaves=7
num_cat=0
split_feature=32 39 48 38 27 6
split_gain=18.0222 32.2485 27.8406 19.7315 18.3233 37.054
threshold=1.3922903537750246 -0.0065834026318043462 2.3106207847595219 -0.011121390387415884 0.048460833728313453 0.91438457369804393
decision_type=2 2 2 2 2 2
left_child=2 -2 4 -4 -1 -6
right_child=1 -3 3 -5 5 -7
leaf_value=1.3048872919135466e-05 -0.00050314741912644765 0.00052555752543435039 4.8150598110445392e-05 -0.00025188156567998356 5.3409518967354086e-05 -0.00029791830721635309
leaf_weight=18390 54 264 134 425 499 476
leaf_count=18390 54 264 134 425 499 476
internal_value=-0.000275349 0.0119969 8.90662e-05 -0.0108599 0.000409138 -0.00625
internal_weight=20242 318 19924 559 19365 975
internal_count=20242 318 19924 559 19365 975
is_linear=0
shrinkage=0.05


Tree=126
num_leaves=7
num_cat=0
split_feature=37 29 47 17 0 24
split_gain=19.9256 27.0259 27.5754 24.2748 23.7843 23.073
threshold=-0.00060395107720978547 -0.010799603071063755 0.9569990634918214 0.37500000000000006 -0.0042412802577018729 0.025044989772140983
decision_type=2 2 2 2 2 2
left_child=-1 2 3 4 -2 -4
right_child=1 -3 5 -5 -6 -7
leaf_value=-2.7539253295759708e-05 -0.00044633972653056311 -4.5297939631188527e-06 0.00019404136934055702 0.00016668826921802405 -1.8559666895123438e-05 -0.00015221856864810283
leaf_weight=8661 112 7068 2454 441 1384 125
leaf_count=8661 112 7068 2454 441 1384 125
internal_value=-0.000344444 0.00162007 0.00463946 0.00011586 -0.00291472 0.00802051
internal_weight=20245 11584 4516 1937 1496 2579
internal_count=20245 11584 4516 1937 1496 2579
is_linear=0
shrinkage=0.05


Tree=127
num_leaves=7
num_cat=0
split_feature=35 45 47 41 12 30
split_gain=16.7778 33.1495 69.0712 40.698 31.8064 30.4281
threshold=-0.77135702967643727 0.13920214027166369 1.1197297573089602 0.090069685131311431 -0.043062331154942506 27.054121017456058
decision_type=2 2 2 2 2 2
left_child=1 2 3 4 -1 -4
right_child=-2 -3 5 -5 -6 -7
leaf_value=0.00020290545123109673 5.9708920662818372e-06 0.00036727352948268685 0.00018528323883458555 0.00017351996395907873 -0.00016707211138759263 -0.00091722449674318468
leaf_weight=235 17291 280 75 626 1433 374
leaf_count=235 17291 280 75 626 1433 374
internal_value=-0.000348196 -0.00367404 -0.00535844 -0.00181601 -0.00590257 -0.0231828
internal_weight=20314 3023 2743 2294 1668 449
internal_count=20314 3023 2743 2294 1668 449
is_linear=0
shrinkage=0.05


Tree=128
num_leaves=7
num_cat=0
split_feature=39 25 50 39 45 0
split_gain=15.4507 37.8465 33.4348 37.975 30.2061 28.8485
threshold=0.038298837840557105 -0.032060511410236352 -0.48794497549533838 0.072379264980554595 0.1177729368209839 0.0095389992929995077
decision_type=2 2 2 2 2 2
left_child=5 -2 -3 4 -4 -1
right_child=1 2 3 -5 -6 -7
leaf_value=-1.7801326557887181e-05 0.0003313559835302648 -0.00026642084911796519 0.00010045514627039024 -0.00050387041247211886 -0.00031525529333675974 5.2861306324578239e-05
leaf_weight=11235 430 917 1047 168 351 6078
leaf_count=11235 430 917 1047 168 351 6078
internal_value=-0.000423854 -0.00353838 -0.00591841 -0.00144812 0.00126515 0.000394099
internal_weight=20226 2913 2483 1566 1398 17313
internal_count=20226 2913 2483 1566 1398 17313
is_linear=0
shrinkage=0.05


Tree=129
num_leaves=7
num_cat=0
split_feature=27 12 42 0 32 35
split_gain=16.3639 26.1847 27.4243 25.7517 27.409 24.3017
threshold=0.054624613374471671 0.011245159432291986 0.1060854382812977 -0.047140454873442643 1.166241526603699 0.49846634268760687
decision_type=2 2 2 2 2 2
left_child=3 -2 -3 4 -1 -5
right_child=1 2 -4 5 -6 -7
leaf_value=8.729780697582766e-05 0.000268038451460268 -5.2831190603035413e-05 -0.00052481027310234826 -1.1606114857392942e-05 0.00092961519491083049 8.1290440391097941e-05
leaf_weight=851 116 590 253 16141 153 2258
leaf_count=851 116 590 253 16141 153 2258
internal_value=-0.000337556 -0.00625 -0.00934552 0.000423794 0.00820119 -1.3584e-06
internal_weight=20362 959 843 19403 1004 18399
internal_count=20362 959 843 19403 1004 18399
is_linear=0
shrinkage=0.05


Tree=130
num_leaves=7
num_cat=0
split_feature=2 39 21 12 16 41
split_gain=18.3444 48.5162 37.5686 47.7418 29.1541 29.0183
threshold=0.0050946758128702649 -0.02703957166522741 0.17500000447034839 -0.038130981847643845 0.17500000447034839 0.08433989062905313
decision_type=2 2 2 2 2 2
left_child=1 -1 3 -2 -3 -5
right_child=2 4 -4 5 -6 -7
leaf_value=0.00015271026988619395 -0.00041300150030154224 0.0001521027419001638 3.4239089251504335e-07 0.00022594837930399998 -0.00011344207665485244 -0.00016088433529418087
leaf_weight=324 70 215 16200 1255 2113 91
leaf_count=324 70 215 16200 1255 2113 91
internal_value=-0.000344054 -0.00375423 0.000702287 0.00849754 -0.00629018 0.0106403
internal_weight=20268 2652 17616 1416 2328 1346
internal_count=20268 2652 17616 1416 2328 1346
is_linear=0
shrinkage=0.05


Tree=131
num_leaves=7
num_cat=0
split_feature=2 20 35 36 38 10
split_gain=17.9637 41.3082 34.1291 39.1376 38.8525 35.9958
threshold=0.0049722269177436837 0.77500000596046459 -0.27607540786266321 -0.13576689362525937 0.0024510257644578819 -0.023091337643563744
decision_type=2 2 2 2 2 2
left_child=1 2 -1 5 -5 -4
right_child=-2 -3 3 4 -6 -7
leaf_value=0.0001307278524978715 8.6685457341585919e-06 -0.00023143665547628334 -3.4052107821211247e-05 0.00014799811157888916 -0.00015956203412687052 -0.00034802676449973184
leaf_weight=513 17921 433 277 466 383 221
leaf_count=513 17921 433 277 466 383 221
internal_value=-0.000285622 -0.00427546 -0.00100536 -0.00519601 0.00131733 -0.0162525
internal_weight=20214 2293 1860 1347 849 498
internal_count=20214 2293 1860 1347 849 498
is_linear=0
shrinkage=0.05


Tree=132
num_leaves=7
num_cat=0
split_feature=42 15 15 46 16 34
split_gain=14.2746 28.9765 26.107 29.178 18.5097 18.3625
threshold=0.050416877493262298 0.62500000000000011 0.37500000000000006 1.0021930932998659 0.32500000298023229 -0.57720616459846485
decision_type=2 2 2 2 2 2
left_child=1 2 3 -1 -4 -5
right_child=-2 -3 4 5 -6 -7
leaf_value=3.8639582044267689e-05 8.2351184474506561e-06 -0.00050548197412801903 0.00052441733447452924 1.5174123063370696e-05 8.535265015084866e-06 -0.00034200647898217852
leaf_weight=193 19305 95 79 58 395 161
leaf_count=193 19305 95 79 58 395 161
internal_value=-0.000200828 -0.00570487 -0.00277778 -0.0119305 0.00516701 -0.0242188
internal_weight=20286 981 886 412 474 219
internal_count=20286 981 886 412 474 219
is_linear=0
shrinkage=0.05


Tree=133
num_leaves=7
num_cat=0
split_feature=35 28 36 40 36 3
split_gain=17.7044 25.2063 20.6305 68.7691 28.5404 31.2348
threshold=0.84038782119750988 -0.0031264754943549629 0.83544835448265087 0.058866865932941444 0.79444327950477611 0.007281551370397211
decision_type=2 2 2 2 2 2
left_child=2 -2 4 -4 -1 -6
right_child=1 -3 3 -5 5 -7
leaf_value=7.6441620395121132e-06 4.0525454137805089e-05 -0.00029134016238587955 -0.00010736273419517512 0.00044675679510548674 -9.5088849628498925e-05 -0.00045043349449905529
leaf_weight=19342 145 167 218 186 202 101
leaf_count=19342 145 167 218 186 202 101
internal_value=-0.000204999 -0.0115931 0.000315398 0.0114303 8.26972e-05 -0.0150162
internal_weight=20361 312 20049 404 19645 303
internal_count=20361 312 20049 404 19645 303
is_linear=0
shrinkage=0.05


Tree=134
num_leaves=7
num_cat=0
split_feature=48 24 38 42 34 39
split_gain=20.2312 74.4219 53.8046 48.4884 48.3785 43.579
threshold=-0.47691541910171503 0.025044989772140983 -0.019879053346812722 0.12834376841783526 0.03455676697194577 0.038298837840557105
decision_type=2 2 2 2 2 2
left_child=1 2 -1 4 5 -4
right_child=-2 -3 3 -5 -6 -7
leaf_value=-0.00031705631257414682 2.3064182944054526e-05 -0.00056273739652090476 5.4811288274423119e-05 0.00054071358324414977 -0.00023793735805954292 -0.00015702045829708291
leaf_weight=577 12081 244 4947 354 1127 907
leaf_count=577 12081 244 4947 354 1127 907
internal_value=-0.000216135 -0.00189621 -0.00104522 0.000112398 -0.000805182 0.0010198
internal_weight=20237 8156 7912 7335 6981 5854
internal_count=20237 8156 7912 7335 6981 5854
is_linear=0
shrinkage=0.05


Tree=135
num_leaves=7
num_cat=0
split_feature=12 47 47 38 3 10
split_gain=20.1451 37.6613 47.9024 46.6569 63.5849 44.967
threshold=-0.030010652728378769 1.1481909751892092 0.79713368415832531 0.035283237695693977 0.013475562911480667 -0.046704977750778191
decision_type=2 2 2 2 2 2
left_child=1 2 -1 4 5 -3
right_child=-2 3 -4 -5 -6 -7
leaf_value=-0.00010838798296151377 -1.9758045089919489e-05 -0.00049766334307189237 0.00014677559358739487 0.00031161371460824896 0.00045670865456197976 6.6533179119119325e-05
leaf_weight=492 16127 590 2517 265 247 207
leaf_count=492 16127 590 2517 265 247 207
internal_value=-0.000385086 0.00270067 0.00578135 -0.00435693 -0.00912774 -0.0159913
internal_weight=20445 4318 3009 1309 1044 797
internal_count=20445 4318 3009 1309 1044 797
is_linear=0
shrinkage=0.05


Tree=136
num_leaves=7
num_cat=0
split_feature=47 41 36 31 22 39
split_gain=16.3921 72.1329 43.9678 79.6693 37.2804 35.9922
threshold=0.95137661695480358 0.092836070805788054 0.33278840780258184 50.497884750366218 0.87500000000000011 0.066393889486789717
decision_type=2 2 2 2 2 2
left_child=1 4 -2 -4 -1 -5
right_child=2 -3 3 5 -6 -7
leaf_value=-2.8883631571538528e-05 -5.3178826417408112e-06 0.00029194212829122644 0.00033329670186675277 5.9936729816833205e-05 -0.00033018492271059312 -0.00035762456237551418
leaf_weight=8132 8819 540 896 1230 561 183
leaf_count=8132 8819 540 896 1230 561 183
internal_value=-0.00024428 -0.00153984 0.00130917 0.00744382 -0.00264716 1.76305e-05
internal_weight=20361 9233 11128 2309 8693 1413
internal_count=20361 9233 11128 2309 8693 1413
is_linear=0
shrinkage=0.05


Tree=137
num_leaves=7
num_cat=0
split_feature=47 36 50 35 47 44
split_gain=19.1409 67.3264 63.7461 48.849 62.7685 41.1879
threshold=1.0124127864837649 0.29837115108966833 0.57855102419853222 0.22886496782302859 1.0844383239746096 0.10146093741059305
decision_type=2 2 2 2 2 2
left_child=5 3 -3 -2 -5 -1
right_child=1 2 -4 4 -6 -7
leaf_value=-4.5715860628447257e-05 5.3160459505493623e-06 0.00034787325075420045 -1.9100792845604965e-05 0.00024822318994591078 -0.00063945237499673103 7.5858184455396233e-05
leaf_weight=10205 5851 1098 807 106 309 1915
leaf_count=10205 5851 1098 807 106 309 1915
internal_value=-0.000254976 0.00153192 0.00975131 -0.000968745 -0.0174405 -0.00159794
internal_weight=20291 8171 1905 6266 415 12120
internal_count=20291 8171 1905 6266 415 12120
is_linear=0
shrinkage=0.05


Tree=138
num_leaves=7
num_cat=0
split_feature=42 9 35 44 35 47
split_gain=16.8884 59.3896 58.0908 42.8937 43.1222 47.0267
threshold=0.1205490678548813 -0.01982144825160503 0.026911166496574882 0.09916637092828752 -0.72178032994270314 1.0124127864837649
decision_type=2 2 2 2 2 2
left_child=3 2 -2 4 -1 -6
right_child=1 -3 -4 -5 5 -7
leaf_value=-0.00013825602443718753 0.0001979591985578348 -0.00036977003349326654 -0.00048211671092672536 0.00013690632790328672 -2.9247140106094559e-05 7.2786389885056874e-05
leaf_weight=2332 874 575 210 1977 8623 5700
leaf_count=2332 874 575 210 1977 8623 5700
internal_value=-0.000328883 -0.00488281 0.00199725 0.000374256 -0.000451681 0.000574051
internal_weight=20291 1659 1084 18632 16655 14323
internal_count=20291 1659 1084 18632 16655 14323
is_linear=0
shrinkage=0.05


Tree=139
num_leaves=7
num_cat=0
split_feature=15 41 45 0 35 3
split_gain=19.6358 21.7334 31.5261 23.5742 17.4056 65.509
threshold=0.97499999403953563 0.094573576003313078 0.1177729368209839 -0.035367207601666444 0.026911166496574882 0.010522825177758934
decision_type=2 2 2 2 2 2
left_child=4 -2 -3 -4 -1 -6
right_child=1 2 3 -5 5 -7
leaf_value=-1.5808699651972946e-05 -0.00017893396227147831 0.00064237670552866289 -0.0015851419916933238 0.00022617583097191696 6.0880549917196035e-05 -0.00033991330303592964
leaf_weight=12620 729 133 55 61 6281 348
leaf_count=12620 729 133 55 61 6281 348
internal_value=-0.000359579 -0.0069939 0.00561024 -0.0130165 0.000250597 0.00232514
internal_weight=20227 978 249 116 19249 6629
internal_count=20227 978 249 116 19249 6629
is_linear=0
shrinkage=0.05


Tree=140
num_leaves=7
num_cat=0
split_feature=43 48 39 47 6 21
split_gain=19.1927 30.0506 30.8941 29.4589 25.3606 19.8634
threshold=0.044868307188153274 -0.30843418836593622 0.0094173126854002493 0.96898320317268383 0.29168052971363073 0.47499999403953558
decision_type=2 2 2 2 2 2
left_child=1 4 3 -3 -1 -2
right_child=5 2 -4 -5 -6 -7
leaf_value=-7.5424027882403514e-05 3.3429137430570485e-05 0.00012034265827308472 -0.00023840653260262117 -0.00017706214923016324 -0.00033502465380234821 -2.4021082997053006e-05
leaf_weight=262 8104 400 93 66 168 11162
leaf_count=262 8104 400 93 66 168 11162
internal_value=-0.000275173 -0.0068662 0.000753546 0.00610403 -0.0167241 0.00025816
internal_weight=20255 989 559 466 430 19266
internal_count=20255 989 559 466 430 19266
is_linear=0
shrinkage=0.05


Tree=141
num_leaves=7
num_cat=0
split_feature=35 35 12 43 48 26
split_gain=20.5161 21.1501 59.9433 40.9829 38.3482 25.6469
threshold=0.84038782119750988 0.77042999863624584 0.012903006747365 0.061463352292776115 1.2900286912918093 0.051322728395462043
decision_type=2 2 2 2 2 2
left_child=1 -1 4 -4 -3 -5
right_child=-2 2 3 5 -6 -7
leaf_value=-1.1965385313446933e-06 -0.00018451947059598095 0.00055048535024730108 -0.00042563156710126167 0.0004032079079532801 -6.2638870179244829e-05 -0.00034768628598544414
leaf_weight=19379 308 290 87 103 87 73
leaf_count=19379 308 290 87 103 87 73
internal_value=-0.000323382 0.000201009 0.00910853 -0.00904851 0.0217932 0.00483425
internal_weight=20327 20019 640 263 377 176
internal_count=20327 20019 640 263 377 176
is_linear=0
shrinkage=0.05


Tree=142
num_leaves=7
num_cat=0
split_feature=16 3 35 43 35 25
split_gain=15.8181 31.9236 54.977 43.6107 32.0213 25.9893
threshold=0.12500000372529033 0.0090112718753516691 0.36351627111434942 0.077976744621992125 -0.72178032994270314 -0.024859867990016934
decision_type=2 2 2 2 2 2
left_child=1 3 4 -1 -3 -2
right_child=5 2 -4 -5 -6 -7
leaf_value=-1.0180097409948936e-05 0.00017683019329686541 1.2976452676712676e-05 -0.00047330315579185512 -0.00035616626245001283 0.00069569129383858792 6.0107773341886411e-07
leaf_weight=865 1111 217 134 610 211 17270
leaf_count=865 1111 217 134 610 211 17270
internal_value=-0.000258287 -0.00412586 0.00595238 -0.00798986 0.0147229 0.000512618
internal_weight=20418 2037 562 1475 428 18381
internal_count=20418 2037 562 1475 428 18381
is_linear=0
shrinkage=0.05


Tree=143
num_leaves=7
num_cat=0
split_feature=10 27 48 46 30 36
split_gain=16.8388 36.2818 61.0093 31.386 30.0875 29.5948
threshold=0.0055081730242818603 0.028800045140087608 -0.53047460317611683 0.84966114163398754 46.409893035888679 -0.68056920170783985
decision_type=2 2 2 2 2 2
left_child=3 -2 -3 5 -4 -1
right_child=1 2 4 -5 -6 -7
leaf_value=0.00028464482150051575 5.9156904591276323e-05 -0.0008037546574179603 0.00029928196785930153 -4.0410867565030505e-05 -9.1721905395442753e-05 1.6017244701196957e-05
leaf_weight=506 7181 177 236 9407 1526 1208
leaf_count=506 7181 177 236 9407 1526 1208
internal_value=-0.000304999 0.00161918 -0.00443673 -0.00127854 -0.00157046 0.00493019
internal_weight=20241 9120 1939 11121 1762 1714
internal_count=20241 9120 1939 11121 1762 1714
is_linear=0
shrinkage=0.05


Tree=144
num_leaves=7
num_cat=0
split_feature=10 27 41 35 21 39
split_gain=16.5638 35.9922 34.143 43.4662 33.2488 42.7698
threshold=0.0055081730242818603 0.031126393005251888 0.047943986952304847 -0.41547058522701258 0.32500000298023229 -0.0076212184503674498
decision_type=2 2 2 2 2 2
left_child=-1 2 3 -2 -4 -6
right_child=1 -3 4 -5 5 -7
leaf_value=-2.1511061438014803e-05 0.00033894159738037514 -0.00011834024636145193 0.00016292530310709882 -0.00021695362694990842 -9.9663301495551978e-05 9.7410838389574837e-05
leaf_weight=11248 92 1726 1906 449 1470 3418
leaf_count=11248 92 1726 1906 449 1470 3418
internal_value=-0.000377818 0.00146978 0.00300068 -0.00902015 0.0039675 0.00177294
internal_weight=20309 9061 7335 541 6794 4888
internal_count=20309 9061 7335 541 6794 4888
is_linear=0
shrinkage=0.05


Tree=145
num_leaves=7
num_cat=0
split_feature=42 35 47 12 44 15
split_gain=16.6912 52.2019 76.6009 51.3932 42.4256 44.1879
threshold=0.1205490678548813 -0.13932936638593671 0.8074445128440858 -0.0065590469166636458 0.10146093741059305 0.42499999701976782
decision_type=2 2 2 2 2 2
left_child=4 2 -2 -3 -1 -6
right_child=1 3 -4 -5 5 -7
leaf_value=-9.6980530581188939e-06 -0.00051243085508338032 3.5619059880412775e-05 9.1938725180526956e-05 -0.00091701464034362693 -7.0619415702848971e-05 0.00028977021912026535
leaf_weight=17073 178 111 1173 186 533 1099
leaf_count=17073 178 111 1173 186 533 1099
internal_value=-0.000283672 -0.00512704 -0.000903392 -0.0239238 0.000113576 0.00780391
internal_weight=20353 1648 1351 297 18705 1632
internal_count=20353 1648 1351 297 18705 1632
is_linear=0
shrinkage=0.05


Tree=146
num_leaves=7
num_cat=0
split_feature=48 38 27 26 27 39
split_gain=15.4456 40.5453 34.9081 34.609 42.3391 33.6521
threshold=-1.6153085231781004 -0.019879053346812722 -0.054505711421370499 -0.063298191875219331 -0.047653984278440469 0.023963462561368946
decision_type=2 2 2 2 2 2
left_child=1 -1 -2 4 -3 -5
right_child=2 3 -4 5 -6 -7
leaf_value=-0.00040941202050678193 -0.0003951502940406108 0.00020615395785505421 -2.2399303303824265e-06 6.6478106625645145e-05 -0.00021705562042644862 0.00030805022116895753
leaf_weight=95 355 237 17573 1006 380 572
leaf_count=95 355 237 17573 1006 380 572
internal_value=-0.000369629 0.0038671 -0.000489321 0.00528409 -0.00470257 0.0092072
internal_weight=20218 2290 17928 2195 617 1578
internal_count=20218 2290 17928 2195 617 1578
is_linear=0
shrinkage=0.05


Tree=147
num_leaves=7
num_cat=0
split_feature=37 12 39 39 47 46
split_gain=16.6431 25.8667 42.2664 49.2593 31.9118 45.8396
threshold=-0.0007812898838892578 -0.023648334667086598 0.017067288048565391 0.033000957220792777 1.0739685297012331 1.1500262618064883
decision_type=2 2 2 2 2 2
left_child=-1 2 -2 -4 -5 -6
right_child=1 -3 3 4 5 -7
leaf_value=-3.0544496158969654e-05 -1.1160739746787231e-06 -3.6827670029586521e-06 0.0003923842522454916 0.00029346647650144555 -0.00041515812421530563 0.00043304968379158875
leaf_weight=8271 1841 8530 776 261 371 203
leaf_count=8271 1841 8530 776 261 371 203
internal_value=-0.000354181 0.00123259 0.0048814 0.0107828 0.00229167 -0.00427461
internal_weight=20253 11982 3452 1611 835 574
internal_count=20253 11982 3452 1611 835 574
is_linear=0
shrinkage=0.05


Tree=148
num_leaves=7
num_cat=0
split_feature=0 32 36 12 36 12
split_gain=16.1748 32.5773 24.907 29.4829 27.6414 22.3091
threshold=-0.047140454873442643 1.166241526603699 0.56821760535240184 0.035310352221131332 -0.23550545424222943 0.041766576468944556
decision_type=2 2 2 2 2 2
left_child=1 2 4 -4 -1 -2
right_child=5 -3 3 -5 -6 -7
leaf_value=-2.5495629291444768e-05 3.3049222432167996e-06 0.00050077354573275959 9.1574739730678053e-05 -0.00091973393583841289 0.00035246126738756531 -0.00010781679429241599
leaf_weight=616 16767 239 89 96 305 2158
leaf_count=616 16767 239 89 96 305 2158
internal_value=-0.000304562 0.00527778 0.00159766 -0.0148684 0.0049946 -0.000386952
internal_weight=20270 1345 1106 185 921 18925
internal_count=20270 1345 1106 185 921 18925
is_linear=0
shrinkage=0.05


Tree=149
num_leaves=7
num_cat=0
split_feature=44 35 44 2 26 36
split_gain=19.4786 46.3875 42.7494 69.9164 38.9341 35.0637
threshold=0.076536636799573912 -0.72178032994270314 0.0657009892165661 0.0064021707512438306 -0.039089599624276154 0.79444327950477611
decision_type=2 2 2 2 2 2
left_child=1 4 -3 -4 -1 -2
right_child=5 2 3 -5 -6 -7
leaf_value=-0.00031033159270510782 -1.8574757102960446e-05 -6.6957448126212119e-06 0.00021470453573825736 8.0024176487328168e-06 -1.0552903863724795e-06 -0.00023238347132903544
leaf_weight=364 10813 4212 1840 2157 500 353
leaf_count=364 10813 4212 1840 2157 500 353
internal_value=-0.000290209 0.00168815 0.00285184 0.00655297 -0.00929229 -0.00143004
internal_weight=20239 9073 8209 3997 864 11166
internal_count=20239 9073 8209 3997 864 11166
is_linear=0
shrinkage=0.05


Tree=150
num_leaves=7
num_cat=0
split_feature=24 27 14 34 35 40
split_gain=20.6779 39.3237 36.1033 35.2597 29.9882 25.9994
threshold=-0.080486238002777086 -0.054505711421370499 0.17500000447034839 -0.57720616459846485 -0.74617716670036305 0.082639209926128401
decision_type=2 2 2 2 2 2
left_child=2 3 -1 5 -4 -2
right_child=1 -3 4 -5 -6 -7
leaf_value=0.00044712860361795627 -0.00025535153337125408 4.3994858479705617e-06 -0.0006892329142056925 -0.00050186420369828348 0.00016504725849052676 0.00051278282488661771
leaf_weight=337 92 19196 125 255 197 102
leaf_count=337 92 19196 125 255 197 102
internal_value=-0.000244965 -4.70738e-05 0.00892319 -0.0145925 -0.00298165 0.00138191
internal_weight=20304 19645 659 449 322 194
internal_count=20304 19645 659 449 322 194
is_linear=0
shrinkage=0.05


Tree=151
num_leaves=7
num_cat=0
split_feature=0 48 48 49 21 39
split_gain=19.2786 31.7162 21.4707 29.5586 19.034 16.9979
threshold=-0.074294645339250551 1.0593641400337221 2.0779649019241337 0.69524675607681286 0.17500000447034839 0.038298837840557105
decision_type=2 2 2 2 2 2
left_child=1 -1 5 -4 -5 -2
right_child=2 -3 3 4 -6 -7
leaf_value=-9.5822849115786613e-05 1.4993652788556842e-05 0.00060733867627452544 -0.00021456569835168538 0.0001994314527357731 -0.00013085781964921648 -6.8564210335169152e-05
leaf_weight=137 16394 203 363 130 425 2502
leaf_count=137 16394 203 363 130 425 2502
internal_value=-0.000296394 0.0118116 -0.000109743 -0.00755688 -0.000223214 0.000252632
internal_weight=20154 340 19814 918 555 18896
internal_count=20154 340 19814 918 555 18896
is_linear=0
shrinkage=0.05


Tree=152
num_leaves=7
num_cat=0
split_feature=10 27 48 35 48 0
split_gain=13.7826 39.1641 51.1611 44.6908 37.9985 49.4802
threshold=0.0082502956502139586 0.031126393005251888 -0.58884191513061512 -0.30154854059219355 0.12925903499126437 -0.0064286235719919196
decision_type=2 2 2 2 2 2
left_child=-1 3 -3 -2 5 -5
right_child=1 2 -4 4 -6 -7
leaf_value=-2.2293065291596099e-05 0.00014414872134451076 -0.00078347870838446913 -5.5602776417895641e-05 -0.00026655906729233239 9.4869704342398278e-05 2.3027113735542663e-05
leaf_weight=11540 2955 145 1576 933 1707 1481
leaf_count=11540 2955 145 1576 933 1707 1481
internal_value=-0.000283895 0.00117303 -0.00557648 0.00282093 -0.000539263 -0.00457834
internal_weight=20337 8797 1721 7076 4121 2414
internal_count=20337 8797 1721 7076 4121 2414
is_linear=0
shrinkage=0.05


Tree=153
num_leaves=7
num_cat=0
split_feature=2 38 36 21 0 47
split_gain=13.7112 38.2619 49.5809 33.8757 41.4392 33.1968
threshold=0.0050946758128702649 0.0024510257644578819 -0.73302480578422535 0.17500000447034839 0.0053022303618490705 0.85819506645202648
decision_type=2 2 2 2 2 2
left_child=1 -1 -3 4 -2 -6
right_child=3 2 -4 -5 5 -7
leaf_value=2.6531001955007452e-05 0.00025371462317804171 0.00021078087357031796 -0.00020652217162720027 -4.5700005726416387e-06 0.00045029734454288159 -0.00010520191218464075
leaf_weight=1435 862 113 1050 16273 85 452
leaf_count=1435 862 113 1050 16273 85 452
internal_value=-0.000368681 -0.00348636 -0.0102098 0.000400238 0.00785256 -0.00299815
internal_weight=20270 2598 1163 17672 1399 537
internal_count=20270 2598 1163 17672 1399 537
is_linear=0
shrinkage=0.05


Tree=154
num_leaves=7
num_cat=0
split_feature=47 44 42 12 35 12
split_gain=14.7615 50.0365 64.5423 54.6937 78.5457 45.5519
threshold=1.0124127864837649 0.10146093741059305 0.07885585725307466 -0.038130981847643845 0.054534535855054862 0.019951547496020797
decision_type=2 2 2 2 2 2
left_child=1 2 5 -4 -5 -1
right_child=-2 -3 3 4 -6 -7
leaf_value=3.4842650959036792e-05 3.1552857052919362e-05 0.00011668755296551396 0.00015462806987876626 -0.00042136332356949028 9.437555681863336e-05 -0.00010160432686692018
leaf_weight=5692 8170 1878 490 1761 498 1768
leaf_count=5692 8170 1878 490 1761 498 1768
internal_value=-0.000423206 -0.00112678 -0.00250881 -0.00905047 -0.0123344 -9.0422e-05
internal_weight=20257 12087 10209 2749 2259 7460
internal_count=20257 12087 10209 2749 2259 7460
is_linear=0
shrinkage=0.05


Tree=155
num_leaves=7
num_cat=0
split_feature=44 35 29 44 43 35
split_gain=13.7143 41.0935 49.0085 40.7735 48.6997 41.4863
threshold=0.076536636799573912 -0.79759240150451649 0.0051890923641622075 0.0657009892165661 0.06471221894025804 -0.30154854059219355
decision_type=2 2 2 2 2 2
left_child=1 2 -1 -3 -5 -6
right_child=-2 3 -4 4 5 -7
leaf_value=-7.1306338678804726e-05 -2.7665173711839882e-05 -1.4725517921061174e-05 -0.00077178416408550188 0.00017624095205134301 0.00026801682723137383 -5.6841330512844883e-05
leaf_weight=536 11117 4320 106 1825 526 1909
leaf_count=536 11117 4320 106 1825 526 1909
internal_value=-0.000357599 0.00121112 -0.0109351 0.00212871 0.00559789 0.000952869
internal_weight=20339 9222 642 8580 4260 2435
internal_count=20339 9222 642 8580 4260 2435
is_linear=0
shrinkage=0.05


Tree=156
num_leaves=7
num_cat=0
split_feature=43 17 44 44 35 21
split_gain=17.2118 30.0974 40.11 28.9527 24.876 23.6565
threshold=0.052476609125733382 0.72499999403953563 0.067851986736059203 0.054683927446603782 0.14782751351594928 0.32500000298023229
decision_type=2 2 2 2 2 2
left_child=1 5 3 4 -3 -1
right_child=-2 2 -4 -5 -6 -7
leaf_value=1.3783716475639124e-05 1.6272921290241134e-05 -0.00032533970791125545 0.00080825299560074223 -0.000359866460129917 0.00021201464131848235 -0.00030507698899910081
leaf_weight=1881 17626 58 60 329 67 221
leaf_count=1881 17626 58 60 329 67 221
internal_value=-0.000324739 -0.00342427 -0.01421 -0.0193355 0.000961538 -0.000747508
internal_weight=20242 2616 514 454 125 2102
internal_count=20242 2616 514 454 125 2102
is_linear=0
shrinkage=0.05


Tree=157
num_leaves=7
num_cat=0
split_feature=39 0 35 0 48 38
split_gain=16.0747 30.1637 33.5363 27.2535 55.3683 62.2577
threshold=0.038298837840557105 -0.061599999666213982 0.29607862234115606 0.011829208116978409 -0.58884191513061512 0.0065012488048523673
decision_type=2 2 2 2 2 2
left_child=3 2 -2 4 -1 -6
right_child=1 -3 -4 -5 5 -7
leaf_value=-0.00011631635361580893 0.00095448110113682404 -9.3901141215131339e-05 -0.00031826089713005861 5.5776717742959578e-05 5.6305186032173509e-05 -0.00012574316292285895
leaf_weight=3302 157 2656 62 5478 6330 2300
leaf_count=3302 157 2656 62 5478 6330 2300
internal_value=-0.000373337 -0.00365451 0.0139509 0.000377548 -0.000961297 0.0011436
internal_weight=20285 2875 219 17410 11932 8630
internal_count=20285 2875 219 17410 11932 8630
is_linear=0
shrinkage=0.05


Tree=158
num_leaves=7
num_cat=0
split_feature=42 35 47 12 44 36
split_gain=18.5193 43.5516 55.6298 45.4916 39.1874 62.793
threshold=0.1205490678548813 -0.13932936638593671 0.8074445128440858 -0.004908020142465829 0.09916637092828752 0.67819464206695568
decision_type=2 2 2 2 2 2
left_child=4 2 -2 -3 -1 -6
right_child=1 3 -4 -5 5 -7
leaf_value=-2.8126872124075494e-06 -0.00043285156505150617 2.8982427584874908e-05 6.8659415602215709e-05 -0.0008787337321777668 0.00017038678220305162 -0.00048339016708440002
leaf_weight=16722 159 121 1160 182 1846 115
leaf_count=16722 159 121 1160 182 1846 115
internal_value=-0.00029419 -0.00490166 -0.000925227 -0.0218344 0.000659514 0.00733723
internal_weight=20305 1622 1319 303 18683 1961
internal_count=20305 1622 1319 303 18683 1961
is_linear=0
shrinkage=0.05


Tree=159
num_leaves=7
num_cat=0
split_feature=32 3 9 12 13 34
split_gain=18.8061 33.9429 25.4322 15.989 23.0717 21.2111
threshold=-0.97244736552238453 0.0099394856952130812 -0.078148335218429552 -0.081652142107486711 -0.03356609866023063 -0.61666950583457936
decision_type=2 2 2 2 2 2
left_child=1 -1 -3 -2 5 -5
right_child=3 2 -4 4 -6 -7
leaf_value=0.00022455433557992089 0.00058426254954947851 0.00045892577013545904 -0.00087435243131503296 1.7163149346414303e-05 -1.7245230704805021e-06 -0.0003727171148013434
leaf_weight=532 149 63 74 296 18792 386
leaf_count=532 149 63 74 296 18792 386
internal_value=-0.000309159 0.00819733 -0.0135563 -0.00029677 -0.000424816 -0.00942504
internal_weight=20292 669 137 19623 19474 682
internal_count=20292 669 137 19623 19474 682
is_linear=0
shrinkage=0.05


Tree=160
num_leaves=7
num_cat=0
split_feature=42 35 47 12 30 44
split_gain=16.4963 48.2392 65.6226 43.7644 38.4164 31.2019
threshold=0.1205490678548813 -0.13932936638593671 0.8074445128440858 -0.0065590469166636458 62.80145454406739 0.10426354408264162
decision_type=2 2 2 2 2 2
left_child=5 2 -2 -3 -4 -1
right_child=1 3 4 -5 -6 -7
leaf_value=-2.3452548496784431e-06 -0.00045391462510432809 3.0344914763562668e-05 0.00030157782772390968 -0.00064877331293974145 -0.00017235354055457534 0.00015053129558372408
leaf_weight=17280 171 118 813 191 375 1384
leaf_count=17280 171 118 813 191 375 1384
internal_value=-0.000387225 -0.00470711 -0.000604839 -0.0223726 0.0035834 0.000475387
internal_weight=20332 1668 1359 309 1188 18664
internal_count=20332 1668 1359 309 1188 18664
is_linear=0
shrinkage=0.05


Tree=161
num_leaves=7
num_cat=0
split_feature=43 3 22 44 35 6
split_gain=16.3137 19.9905 40.8128 28.2251 34.5238 38.1682
threshold=0.039075627923011787 0.0045753722079098233 0.22500000149011615 0.053278120234608657 0.026911166496574882 0.45963636040687567
decision_type=2 2 2 2 2 2
left_child=-1 2 -2 4 5 -3
right_child=1 3 -4 -5 -6 -7
leaf_value=0.00010599310895003729 -0.00012879403090390904 0.00011340035392862777 0.00026177783194145917 -4.6401999822749505e-06 0.00023503461868308411 -0.0001284994489287257
leaf_weight=316 606 151 79 18640 317 85
leaf_count=316 606 151 79 18640 317 85
internal_value=-0.000370068 -0.000225067 -0.00858696 7.42265e-05 0.0111559 -0.00321577
internal_weight=20194 19878 685 19193 553 236
internal_count=20194 19878 685 19193 553 236
is_linear=0
shrinkage=0.05


Tree=162
num_leaves=7
num_cat=0
split_feature=37 48 38 13 31 6
split_gain=16.5514 21.3099 30.279 31.9497 28.5511 28.5214
threshold=-0.0007812898838892578 -0.53047460317611683 0.0076545237097889194 0.0050244247540831575 41.685937881469734 0.49587951600551611
decision_type=2 2 2 2 2 2
left_child=1 5 4 -4 -3 -1
right_child=-2 2 3 -5 -6 -7
leaf_value=-4.7950722045467768e-05 2.3753201818049683e-05 -0.00039141654346830016 -0.00023912076067279895 3.1196839894697977e-05 5.6081871704773611e-05 -0.00034574558324025379
leaf_weight=2611 12007 164 581 608 3900 469
leaf_count=2611 12007 164 581 608 3900 469
internal_value=-0.000283854 -0.00149017 0.000442183 -0.0065536 0.00250061 -0.0047893
internal_weight=20340 8333 5253 1189 4064 3080
internal_count=20340 8333 5253 1189 4064 3080
is_linear=0
shrinkage=0.05


Tree=163
num_leaves=7
num_cat=0
split_feature=12 47 35 1 47 27
split_gain=15.9156 38.6014 45.16 40.6268 34.08 33.8314
threshold=-0.030010652728378769 0.75763496756553661 -0.13932936638593671 0.051220847293734557 1.0844383239746096 -0.033715739846229546
decision_type=2 2 2 2 2 2
left_child=1 2 -1 5 -5 -3
right_child=-2 3 -4 4 -6 -7
leaf_value=-0.00057155760341828343 -1.136054555025076e-05 -3.4464642409915849e-06 5.8620270218994693e-05 3.9842846477096732e-05 -0.00053953145827305763 0.00015708187219908072
leaf_weight=150 15936 1391 155 244 237 2138
leaf_count=150 15936 1391 155 244 237 2138
internal_value=-0.000354216 0.00271412 -0.0142742 0.00402864 -0.00951646 0.00589276
internal_weight=20251 4315 305 4010 481 3529
internal_count=20251 4315 305 4010 481 3529
is_linear=0
shrinkage=0.05


Tree=164
num_leaves=7
num_cat=0
split_feature=12 15 46 47 39 35
split_gain=19.4934 38.835 31.5098 51.6493 40.2061 47.2314
threshold=-0.030010652728378769 0.37500000000000006 0.67859628796577465 1.1481909751892092 0.05103601515293122 -0.69301089644432057
decision_type=2 2 2 2 2 2
left_child=2 -2 -1 -4 5 -5
right_child=1 -3 3 4 -6 -7
leaf_value=0.0009272163415352104 -9.8862005878624088e-05 9.380811606303497e-06 9.1347840740051476e-05 -0.00079137173131778359 7.6187083784114853e-05 -4.8450135472177522e-05
leaf_weight=146 3334 12578 2989 302 476 379
leaf_count=146 3334 12578 2989 302 476 379
internal_value=-0.000369885 -0.000588993 0.00320572 0.00237894 -0.00656196 -0.0143222
internal_weight=20204 15912 4292 4146 1157 681
internal_count=20204 15912 4292 4146 1157 681
is_linear=0
shrinkage=0.05


Tree=165
num_leaves=7
num_cat=0
split_feature=10 27 35 41 44 26
split_gain=12.1132 36.3048 47.3851 43.9625 52.2002 36.8324
threshold=0.011200350243598224 0.028800045140087608 -0.30154854059219355 0.047943986952304847 0.093853615224361434 0.15711338818073275
decision_type=2 2 2 2 2 2
left_child=-1 2 -2 -4 5 -5
right_child=1 -3 3 4 -6 -7
leaf_value=-1.3759560183839045e-05 0.00016751884938409362 -8.0722319325559678e-05 -0.00025093473429606202 5.948416268366276e-05 -0.00023753979961622592 0.0017351854273911435
leaf_weight=11831 2793 1871 289 2874 646 57
leaf_count=11831 2793 1871 289 2874 646 57
internal_value=-0.000406314 0.00164909 0.0033801 -0.000200207 0.0013191 0.00416383
internal_weight=20361 8530 6659 3866 3577 2931
internal_count=20361 8530 6659 3866 3577 2931
is_linear=0
shrinkage=0.05


Tree=166
num_leaves=7
num_cat=0
split_feature=45 22 11 9 29 12
split_gain=16.7869 65.0885 39.0737 28.7683 32.1869 31.1692
threshold=0.089829079806804671 0.87500000000000011 0.008271193131804468 -0.057435363531112664 -0.051972335204482072 -0.030010652728378769
decision_type=2 2 2 2 2 2
left_child=1 3 -2 4 -1 -5
right_child=2 -3 -4 5 -6 -7
leaf_value=-8.7376729504169754e-06 0.00011316526859753498 -0.00050850496859530629 -6.6410961136017369e-05 7.5583932298434794e-05 -0.00036933687663887613 -1.4653909697619673e-05
leaf_weight=376 4203 411 2012 2082 247 11001
leaf_count=376 4203 411 2012 2082 247 11001
internal_value=-0.000338054 -0.00100729 0.00211013 -0.000413901 -0.0108678 8.59566e-05
internal_weight=20332 14117 6215 13706 623 13083
internal_count=20332 14117 6215 13706 623 13083
is_linear=0
shrinkage=0.05


Tree=167
num_leaves=7
num_cat=0
split_feature=38 48 3 22 35 17
split_gain=18.0619 53.2674 17.2982 50.6346 46.546 33.9066
threshold=-0.039281519129872315 0.12925903499126437 0.0088846115395426768 0.87500000000000011 -0.13932936638593671 0.12500000372529033
decision_type=2 2 2 2 2 2
left_child=1 -1 3 -2 -5 -4
right_child=2 -3 5 4 -6 -7
leaf_value=-0.0007915317520764501 -8.8944403812807179e-07 0.00033223715481818506 0.00024478046208020965 -0.00041496119881687999 0.00016800542638576799 2.5501416850160508e-05
leaf_weight=173 14336 164 554 604 130 4463
leaf_count=173 14336 164 554 604 130 4463
internal_value=-0.000365901 -0.0114766 0.000110741 -0.00073466 -0.013498 0.00265333
internal_weight=20424 337 20087 15070 734 5017
internal_count=20424 337 20087 15070 734 5017
is_linear=0
shrinkage=0.05


Tree=168
num_leaves=7
num_cat=0
split_feature=45 22 14 26 47 43
split_gain=17.8721 56.2126 36.1359 36.1169 34.893 29.4593
threshold=0.12329383566975595 0.87500000000000011 0.22500000149011615 0.019497520290315155 1.2566551566123965 0.1077995151281357
decision_type=2 2 2 2 2 2
left_child=5 3 -3 -2 -5 -1
right_child=1 2 -4 4 -6 -7
leaf_value=-8.3730096418335523e-07 -9.3556511298200525e-05 0.00075326943121412798 1.49064701686751e-05 -0.00014213615902714528 -0.00096061720106741042 0.00014739450162761493
leaf_weight=16973 603 122 611 153 171 1669
leaf_count=16973 603 122 611 153 171 1669
internal_value=-0.000328704 -0.00484985 0.00545393 -0.0130097 -0.0263678 0.00055639
internal_weight=20302 1660 733 927 324 18642
internal_count=20302 1660 733 927 324 18642
is_linear=0
shrinkage=0.05


Tree=169
num_leaves=7
num_cat=0
split_feature=15 50 3 44 35 36
split_gain=15.8628 26.0444 33.0842 35.9675 23.0626 15.7428
threshold=0.97499999403953563 0.37128229439258581 0.0083744819276034849 0.071147490292787566 0.085450131446123137 -0.26006716489791865
decision_type=2 2 2 2 2 2
left_child=-1 2 3 -2 5 -3
right_child=1 4 -4 -5 -6 -7
leaf_value=6.4515813809262839e-06 0.00027291182096320381 -0.00012213735969403305 0.00034397482970893625 -0.00067379167880471976 -0.00031236073038723504 0.00018247926431232318
leaf_weight=19284 73 184 172 157 347 83
leaf_count=19284 73 184 172 157 347 83
internal_value=-0.00039276 -0.00595005 0.00386978 -0.00840426 -0.012399 -0.00119485
internal_weight=20300 1016 402 230 614 267
internal_count=20300 1016 402 230 614 267
is_linear=0
shrinkage=0.05


Tree=170
num_leaves=7
num_cat=0
split_feature=15 42 22 44 26 39
split_gain=15.1684 42.048 67.5158 49.2886 56.5115 39.5398
threshold=0.37500000000000006 0.1205490678548813 0.92499998211860668 0.10649646818637849 0.11735404655337335 0.011911937966942789
decision_type=2 2 2 2 2 2
left_child=5 3 -3 -2 -5 -1
right_child=1 2 -4 4 -6 -7
leaf_value=-8.1393150935606215e-05 1.1136904323348979e-05 -0.00039001172457474417 0.00014006709895908511 0.00033841919023072653 -0.0002586467017857594 5.3297793423985111e-05
leaf_weight=4182 11428 555 373 684 152 2894
leaf_count=4182 11428 555 373 684 152 2894
internal_value=-0.00039338 0.000824051 -0.00940514 0.00160364 0.0132878 -0.0020442
internal_weight=20268 13192 928 12264 836 7076
internal_count=20268 13192 928 12264 836 7076
is_linear=0
shrinkage=0.05


Tree=171
num_leaves=7
num_cat=0
split_feature=35 44 38 36 0 1
split_gain=17.2646 32.9192 37.8159 32.2952 31.9118 32.6627
threshold=-0.77135702967643727 0.10896204411983491 0.00088683009380474697 -0.82543691992759693 -0.018179519101977345 0.057350778952240951
decision_type=2 2 2 2 2 2
left_child=1 2 -1 -2 -3 -6
right_child=3 4 -4 -5 5 -7
leaf_value=-0.0003970497141831092 0.00017621763328088368 -6.3197988786043317e-05 -2.7955035114215435e-05 4.1925787827743963e-06 0.00048479919018557709 -0.00043643289836637727
leaf_weight=795 648 487 1310 16660 352 66
leaf_count=795 648 487 1310 16660 352 66
internal_value=-0.000357969 -0.00340796 -0.00683649 0.000691677 0.00453297 0.0145981
internal_weight=20318 3010 2105 17308 905 418
internal_count=20318 3010 2105 17308 905 418
is_linear=0
shrinkage=0.05


Tree=172
num_leaves=7
num_cat=0
split_feature=35 3 22 48 15 44
split_gain=20.8802 66.3331 57.7939 53.0466 68.513 48.5897
threshold=0.026911166496574882 0.012401974759995939 0.77500000596046459 -0.30843418836593622 0.67499998211860668 0.056074006482958801
decision_type=2 2 2 2 2 2
left_child=-1 2 3 -2 -5 -6
right_child=1 -3 -4 4 5 -7
leaf_value=-1.5966752614010355e-05 -5.0351280372307015e-05 -0.00088704894574158247 0.0004102623097483936 0.00021750597050937569 0.0002249131711759072 -4.2626517199707014e-05
leaf_weight=12986 2798 104 253 1810 206 2054
leaf_count=12986 2798 104 253 1810 206 2054
internal_value=-0.000399436 0.00223029 0.00282417 0.00194602 0.00558896 -0.000209713
internal_weight=20211 7225 7121 6868 4070 2260
internal_count=20211 7225 7121 6868 4070 2260
is_linear=0
shrinkage=0.05


Tree=173
num_leaves=7
num_cat=0
split_feature=28 38 39 3 0 44
split_gain=13.6432 38.4456 25.7594 30.6669 21.4636 25.3492
threshold=-0.0043743907008320084 0.05250773765146733 0.066393889486789717 0.012401974759995939 -0.0075150823686271897 0.059481915086507804
decision_type=2 2 2 2 2 2
left_child=1 4 -2 -4 5 -1
right_child=2 -3 3 -5 -6 -7
leaf_value=0.00016262059390190873 -8.3943209575957665e-06 0.00082633898435602998 -0.00040229716584192908 0.00031774823764759824 6.6309940024056213e-05 -6.0640949547640517e-05
leaf_weight=172 13436 169 306 59 3917 2358
leaf_count=172 13436 169 306 59 3917 2358
internal_value=-0.000424787 0.0016576 -0.00110278 -0.0141216 0.00102681 -0.00255424
internal_weight=20417 6616 13801 365 6447 2530
internal_count=20417 6616 13801 365 6447 2530
is_linear=0
shrinkage=0.05


Tree=174
num_leaves=7
num_cat=0
split_feature=47 46 35 1 46 36
split_gain=14.8293 33.7955 32.9891 36.2735 42.5656 30.6808
threshold=1.3260803222656252 1.2703724503517153 -0.023764542303979393 0.042721578851342208 1.1815239787101748 0.33278840780258184
decision_type=2 2 2 2 2 2
left_child=1 -1 3 4 -2 -4
right_child=2 -3 5 -5 -6 -7
leaf_value=2.6972975300775579e-06 0.00033831615714439148 0.00025714038258539137 -0.00044335892168606648 -0.00032439038243383219 -0.00024800350236698965 -4.5517125939360819e-05
leaf_weight=18104 560 533 272 152 278 349
leaf_count=18104 560 533 272 152 278 349
internal_value=-0.000299956 0.000521671 -0.00447092 0.0011809 0.00530842 -0.0134585
internal_weight=20248 18637 1611 990 838 621
internal_count=20248 18637 1611 990 838 621
is_linear=0
shrinkage=0.05


Tree=175
num_leaves=7
num_cat=0
split_feature=12 48 47 9 41 42
split_gain=17.6434 84.2836 40.9743 38.7257 32.1533 29.5408
threshold=0.038283528760075576 -0.1231584958732128 1.501953721046448 -0.040671227499842637 0.049428824335336692 0.1060854382812977
decision_type=2 2 2 2 2 2
left_child=-1 -2 3 -3 -5 -6
right_child=1 2 -4 4 5 -7
leaf_value=1.2503935468791357e-05 -0.00055930961425312202 0.00098144811761813051 -0.0010821587889661103 -0.00061002605634448035 8.2839498135562554e-05 -0.00014957465875634773
leaf_weight=17140 396 59 93 74 2005 584
leaf_count=17140 396 59 93 74 2005 584
internal_value=-0.000377039 -0.00317942 -0.000115248 0.0010176 8.43328e-05 0.0010505
internal_weight=20351 3211 2815 2722 2663 2589
internal_count=20351 3211 2815 2722 2663 2589
is_linear=0
shrinkage=0.05


Tree=176
num_leaves=7
num_cat=0
split_feature=29 24 10 39 35 36
split_gain=14.8838 33.7943 18.7372 17.0136 27.5717 16.873
threshold=-0.079184323549270616 -0.095608927309513078 -0.034553373232483857 0.066393889486789717 -0.20414041727781293 -0.20146576315164563
decision_type=2 2 2 2 2 2
left_child=1 -1 -3 5 -5 -2
right_child=3 2 -4 4 -6 -7
leaf_value=0.001121522627916414 -2.2544727088454565e-05 -0.00018627834788821526 0.0002627779121231246 0.00013045367091353346 -0.00035420577960189071 2.146010130684639e-05
leaf_weight=71 9790 172 90 204 346 9617
leaf_count=71 9790 172 90 204 346 9617
internal_value=-0.000457009 0.010429 0.00177903 -0.000151538 -0.00878378 9.4014e-05
internal_weight=20290 333 262 19957 550 19407
internal_count=20290 333 262 19957 550 19407
is_linear=0
shrinkage=0.05


Tree=177
num_leaves=7
num_cat=0
split_feature=35 45 48 10 38 44
split_gain=15.8713 54.3186 50.2085 51.9377 50.8037 49.8353
threshold=0.026911166496574882 0.15266656875610354 -0.30843418836593622 -0.038909763097763055 -0.022661903873085972 0.05796597711741925
decision_type=2 2 2 2 2 2
left_child=-1 2 4 -4 -2 -5
right_child=1 -3 3 5 -6 -7
leaf_value=-1.7919539679008296e-05 -0.00035377261582468278 -0.00072090175920990125 0.0003623814272261079 0.00020609584849743835 -8.3687830476133114e-06 1.5792661060699938e-05
leaf_weight=13061 254 111 674 522 2627 3035
leaf_count=13061 254 111 674 522 2627 3035
internal_value=-0.000358569 0.00181586 0.00237108 0.00583687 -0.00271137 0.00340399
internal_weight=20284 7223 7112 4231 2881 3557
internal_count=20284 7223 7112 4231 2881 3557
is_linear=0
shrinkage=0.05


Tree=178
num_leaves=7
num_cat=0
split_feature=11 39 35 46 35 36
split_gain=17.8016 27.803 29.2741 41.6832 37.8112 47.4072
threshold=-0.0016702323919162152 0.017067288048565391 -0.27607540786266321 0.91250610351562511 -0.72178032994270314 -0.82543691992759693
decision_type=2 2 2 2 2 2
left_child=1 -1 4 -4 5 -3
right_child=-2 2 3 -5 -6 -7
leaf_value=-3.90045909109521e-06 -1.9579757690817592e-05 0.00017417907126219097 -0.00026970131588707861 8.5632105856543836e-05 0.0003309297227291235 -0.00031463858725198424
leaf_weight=5495 11386 521 401 1201 986 315
leaf_count=5495 11386 521 401 1201 986 315
internal_value=-0.000338503 0.00165004 0.00518373 0.000233354 0.00951013 0.00163496
internal_weight=20305 8919 3424 1602 1822 836
internal_count=20305 8919 3424 1602 1822 836
is_linear=0
shrinkage=0.05


Tree=179
num_leaves=7
num_cat=0
split_feature=35 36 24 3 47 50
split_gain=13.8318 33.6393 32.2202 30.5259 54.646 42.5084
threshold=-0.77135702967643727 -0.82543691992759693 -0.095608927309513078 0.013475562911480667 1.1197297573089602 -1.6116912961006162
decision_type=2 2 2 2 2 2
left_child=3 -2 -3 4 -1 -6
right_child=1 2 -4 -5 5 -7
leaf_value=-2.5242827801171519e-05 0.00019084585427042277 0.00053713044312956345 -3.7274321506311929e-06 0.00042054116499243543 0.00010211684533347697 -0.00086738082736339747
leaf_weight=2301 638 138 16510 259 124 342
leaf_count=2301 638 138 16510 259 124 342
internal_value=-0.000441748 0.000403389 -2.85234e-05 -0.003258 -0.004807 -0.0203291
internal_weight=20312 17286 16648 3026 2767 466
internal_count=20312 17286 16648 3026 2767 466
is_linear=0
shrinkage=0.05


Tree=180
num_leaves=7
num_cat=0
split_feature=35 42 22 10 48 15
split_gain=13.4306 41.1986 46.1184 42.6278 37.9603 50.2436
threshold=0.026911166496574882 0.1158958710730076 0.77500000596046459 0.053860669955611236 -0.24717239290475843 0.67499998211860668
decision_type=2 2 2 2 2 2
left_child=-1 2 4 -3 -2 -6
right_child=1 3 -4 -5 5 -7
leaf_value=-1.3418958010694995e-05 -4.3772497297619141e-05 1.3159785468595289e-05 0.0004565551269517965 -0.00099809577419773788 0.00021590478038474397 -9.4370148076301097e-08
leaf_weight=13000 2882 168 223 122 1735 2190
leaf_count=13000 2882 168 223 122 1735 2190
internal_value=-0.000353014 0.00177133 0.00254087 -0.0165254 0.00179463 0.00499364
internal_weight=20320 7320 7030 290 6807 3925
internal_count=20320 7320 7030 290 6807 3925
is_linear=0
shrinkage=0.05


Tree=181
num_leaves=7
num_cat=0
split_feature=0 17 42 9 47 30
split_gain=23.8348 19.6882 26.5535 36.5346 32.7498 30.0555
threshold=-0.074294645339250551 0.62500000000000011 0.1205490678548813 -0.040671227499842637 1.0844383239746096 47.082052230834968
decision_type=2 2 2 2 2 2
left_child=-1 -2 3 4 -3 -4
right_child=1 2 5 -5 -6 -7
leaf_value=0.00028753523875259024 1.220317282299225e-05 -0.00010359066019394951 7.4531329850785502e-05 -4.0127363858413496e-05 0.00065358626781339033 -0.0004147510831626444
leaf_weight=329 12109 105 125 7092 155 365
leaf_count=329 12109 105 125 7092 155 365
internal_value=-0.000412867 -0.000517388 -0.0024691 -0.00170926 0.0165094 -0.0136869
internal_weight=20280 19951 7842 7352 260 490
internal_count=20280 19951 7842 7352 260 490
is_linear=0
shrinkage=0.05


Tree=182
num_leaves=7
num_cat=0
split_feature=24 46 36 3 36 36
split_gain=17.0139 27.9404 39.2748 32.2432 28.6808 32.5656
threshold=-0.034057782962918275 0.87667474150657665 -0.70298779010772694 0.011388815008103849 -0.73302480578422535 0.64951458573341381
decision_type=2 2 2 2 2 2
left_child=1 2 -1 -4 -3 -6
right_child=-2 4 3 -5 5 -7
leaf_value=0.0005784364125805138 -1.2058267399319237e-05 -0.00011092672512674154 0.00012293213020769591 -0.00035161232635367001 9.7802049283613984e-05 -0.00019428139410695327
leaf_weight=217 15649 1120 483 114 2426 290
leaf_count=217 15649 1120 483 114 2426 290
internal_value=-0.000338603 0.0025725 0.0109585 0.00419435 0.000774538 0.00355568
internal_weight=20299 4650 814 597 3836 2716
internal_count=20299 4650 814 597 3836 2716
is_linear=0
shrinkage=0.05


Tree=183
num_leaves=7
num_cat=0
split_feature=0 18 47 35 48 26
split_gain=19.0703 28.6394 27.3452 22.9085 48.8674 52.2028
threshold=-0.04226721636950969 0.47499999403953558 1.501953721046448 0.026911166496574882 -0.30843418836593622 -0.044383259490132325
decision_type=2 2 2 2 2 2
left_child=1 -1 -3 -2 -5 -6
right_child=3 2 -4 4 5 -7
leaf_value=-0.00024677630738173772 -3.5998687825767639e-05 0.00017029298213304107 -0.00030429325577552529 -5.9291035122299029e-05 0.00048773909051472375 4.7709627948558962e-05
leaf_weight=175 11856 1342 125 2887 474 3411
leaf_count=175 11856 1342 125 2887 474 3411
internal_value=-0.00041307 0.00478142 0.0070822 -0.000830516 0.00148665 0.00514781
internal_weight=20270 1642 1467 18628 6772 3885
internal_count=20270 1642 1467 18628 6772 3885
is_linear=0
shrinkage=0.05


Tree=184
num_leaves=7
num_cat=0
split_feature=11 42 44 26 9 43
split_gain=17.0522 23.3257 38.0463 53.2287 32.3981 31.9059
threshold=-0.0004021734202979132 0.1158958710730076 0.09916637092828752 0.08814286440610887 -0.014855727553367613 0.088307995349168791
decision_type=2 2 2 2 2 2
left_child=-1 2 -2 -4 -3 -5
right_child=1 4 3 5 -6 -7
leaf_value=2.0923539075108601e-05 -3.1780192077998388e-05 -1.54768644341146e-05 0.00021873467445883825 8.933512168802783e-05 -0.00034747735058270068 -0.00036276988669326692
leaf_weight=9987 8217 632 782 94 486 172
leaf_count=9987 8217 632 782 94 486 172
internal_value=-0.000474847 -0.00162928 -0.000800971 0.0081434 -0.00843722 -0.0109779
internal_weight=20370 10383 9265 1048 1118 266
internal_count=20370 10383 9265 1048 1118 266
is_linear=0
shrinkage=0.05


Tree=185
num_leaves=7
num_cat=0
split_feature=45 44 1 44 2 24
split_gain=14.0569 31.6038 49.6212 47.4831 70.8129 40.2295
threshold=0.087441891431808486 0.077339719980955138 -0.057512115687131875 0.0657009892165661 0.0064932443201541909 -0.047483080998063081
decision_type=2 2 2 2 2 2
left_child=1 2 -1 -4 -5 -3
right_child=-2 5 3 4 -6 -7
leaf_value=-0.00068382434556417838 3.1392119652957735e-05 8.6482811973529012e-05 -2.6492404237414717e-05 0.00017054991087452496 -3.2850158080378566e-05 -0.00013273778637448136
leaf_weight=95 6824 859 4527 2237 1997 3699
leaf_count=95 6824 859 4527 2237 1997 3699
internal_value=-0.000398903 -0.000974365 0.000764586 0.00116644 0.00497169 -0.00435569
internal_weight=20238 13414 8856 8761 4234 4558
internal_count=20238 13414 8856 8761 4234 4558
is_linear=0
shrinkage=0.05


Tree=186
num_leaves=7
num_cat=0
split_feature=24 39 42 38 39 48
split_gain=13.1469 57.5216 44.2964 42.1335 44.8467 42.6154
threshold=-0.014613345731049774 0.012997390236705543 0.07885585725307466 0.0076545237097889194 -0.02703957166522741 0.062596462666988387
decision_type=2 2 2 2 2 2
left_child=1 -1 -3 5 -5 -2
right_child=3 2 -4 4 -6 -7
leaf_value=-3.8356209128799859e-05 -7.6050754273560852e-05 0.00021392313844061548 3.4862013769419754e-05 0.00067548879978598974 -0.00012353794857447557 5.2879077216169961e-05
leaf_weight=4449 2709 1416 2205 111 3775 5671
leaf_count=4449 2709 1416 2205 111 3775 5671
internal_value=-0.000362568 0.00150774 0.0061845 -0.00108997 -0.00539065 0.000903399
internal_weight=20336 8070 3621 12266 3886 8380
internal_count=20336 8070 3621 12266 3886 8380
is_linear=0
shrinkage=0.05


Tree=187
num_leaves=7
num_cat=0
split_feature=10 27 48 12 42 49
split_gain=15.9924 32.8899 45.2047 42.5354 40.3753 33.6113
threshold=0.0055081730242818603 -0.012318769935518501 -0.24717239290475843 0.038283528760075576 0.11179019138216974 -2.3547326326370235
decision_type=2 2 2 2 2 2
left_child=-1 5 3 -3 -4 -2
right_child=1 2 4 -5 -6 -7
leaf_value=-1.8114046985223048e-05 -0.00032595334488203295 -7.0196976062038977e-05 7.7523266245226234e-05 -0.00050997119043648138 -0.00015852818929536704 0.00015438203043813153
leaf_weight=11243 142 1758 4030 294 736 2108
leaf_count=11243 142 1758 4030 294 736 2108
internal_value=-0.000417159 0.00171663 -1.09922e-05 -0.0062105 0.00265668 0.00695122
internal_weight=20311 9068 6818 2052 4766 2250
internal_count=20311 9068 6818 2052 4766 2250
is_linear=0
shrinkage=0.05


Tree=188
num_leaves=7
num_cat=0
split_feature=10 36 44 24 9 44
split_gain=17.3644 42.7921 51.1962 49.2972 69.5334 49.0371
threshold=0.0082502956502139586 -0.13576689362525937 0.10649646818637849 -0.010917020495980976 -0.02365578897297382 0.095751855522394194
decision_type=2 2 2 2 2 2
left_child=1 2 3 -1 5 -5
right_child=-2 -3 -4 4 -6 -7
leaf_value=-3.8844035331937215e-05 2.9371031490071835e-05 2.9535315115886277e-05 0.00014490823361002094 -0.00071578125313527161 -8.4609889670603019e-05 0.00020570544681586145
leaf_weight=3589 8766 5104 950 532 1324 79
leaf_count=3589 8766 5104 950 532 1324 79
internal_value=-0.000342769 -0.00131011 -0.00400911 -0.00585549 -0.0122809 -0.0261769
internal_weight=20344 11578 6474 5524 1935 611
internal_count=20344 11578 6474 5524 1935 611
is_linear=0
shrinkage=0.05


Tree=189
num_leaves=7
num_cat=0
split_feature=35 36 26 47 44 44
split_gain=15.7544 26.5755 43.8447 41.721 61.96 40.3126
threshold=-0.77135702967643727 -0.70298779010772694 -0.087466482073068605 0.9191967546939851 0.085376117378473296 0.080951709300279631
decision_type=2 2 2 2 2 2
left_child=-1 3 5 -2 -5 -3
right_child=1 2 -4 4 -6 -7
leaf_value=-5.7891593529340109e-05 0.00021305689717593331 -5.1166621758187095e-05 -1.2666819232258959e-05 0.00020392987819656109 -0.00033171220170854398 0.00050537257275347271
leaf_weight=3072 930 265 14809 423 446 421
leaf_count=3072 930 265 14809 423 446 421
internal_value=-0.000342399 0.000478351 -0.00018871 0.00622228 -0.00163043 0.0121201
internal_weight=20366 17294 15495 1799 869 686
internal_count=20366 17294 15495 1799 869 686
is_linear=0
shrinkage=0.05


Tree=190
num_leaves=7
num_cat=0
split_feature=47 36 27 41 22 36
split_gain=17.5821 54.4216 64.4233 40.8954 38.5732 38.883
threshold=0.95137661695480358 0.33278840780258184 0.017758124507963661 0.094573576003313078 0.87500000000000011 -0.68056920170783985
decision_type=2 2 2 2 2 2
left_child=3 -2 -3 4 5 -1
right_child=1 2 -4 -5 -6 -7
leaf_value=8.2746813555495578e-05 -1.2666623300051726e-05 0.00022190889930252136 -4.5725370014744823e-05 0.00023187374755040204 -0.0002913854525715137 -6.147172959474109e-05
leaf_weight=1919 8783 1506 860 488 586 6202
leaf_count=1919 8783 1506 860 488 586 6202
internal_value=-0.000357511 0.00106912 0.00779207 -0.00188315 -0.00267734 -0.00177517
internal_weight=20344 11149 2366 9195 8707 8121
internal_count=20344 11149 2366 9195 8707 8121
is_linear=0
shrinkage=0.05


Tree=191
num_leaves=7
num_cat=0
split_feature=38 30 47 42 27 12
split_gain=13.2362 34.6235 17.5621 16.6654 13.8364 25.3639
threshold=0.05250773765146733 36.315538406372077 1.3260803222656252 0.084788199514150633 0.054624613374471671 0.011245159432291986
decision_type=2 2 2 2 2 2
left_child=4 -2 3 -3 -1 -6
right_child=1 2 -4 -5 5 -7
leaf_value=1.130591535919743e-06 0.0010970097106775497 -7.6344711811015579e-05 -0.0003726563782706866 0.00064613171770120943 0.00024043951166967436 -0.00017283633829229467
leaf_weight=19139 113 57 98 51 115 800
leaf_count=19139 113 57 98 51 115 800
internal_value=-0.000479684 0.0099537 -0.00225118 0.0112832 -0.000233062 -0.00622283
internal_weight=20373 319 206 108 20054 915
internal_count=20373 319 206 108 20054 915
is_linear=0
shrinkage=0.05


Tree=192
num_leaves=7
num_cat=0
split_feature=47 36 27 47 2 35
split_gain=14.0516 38.6429 58.4949 29.4512 39.549 38.1882
threshold=0.95137661695480358 0.33278840780258184 0.014785235747694971 0.88635879755020153 0.0064021707512438306 -0.35414297878742212
decision_type=2 2 2 2 2 2
left_child=3 -2 -3 5 -5 -1
right_child=1 2 -4 4 -6 -7
leaf_value=8.636042245182292e-05 -4.1681641062882582e-06 0.00023227312286731427 -3.725099429691261e-05 4.4658713182456821e-06 -0.00022585839027549983 -4.4761242703691977e-05
leaf_weight=2688 8761 1417 928 1386 1569 3569
leaf_count=2688 8761 1417 928 1386 1569 3569
internal_value=-0.000387492 0.00116776 0.0068617 -0.00147282 -0.00558277 0.000467103
internal_weight=20318 11106 2345 9212 2955 6257
internal_count=20318 11106 2345 9212 2955 6257
is_linear=0
shrinkage=0.05


Tree=193
num_leaves=7
num_cat=0
split_feature=0 48 47 36 35 47
split_gain=17.7687 22.1732 32.5938 20.7836 47.6691 16.9287
threshold=-0.061599999666213982 2.3106207847595219 1.0048641562461855 -0.20146576315164563 0.47215265035629278 1.0282784700393679
decision_type=2 2 2 2 2 2
left_child=3 -2 -3 5 -5 -1
right_child=1 2 -4 4 -6 -7
leaf_value=8.4500843017459341e-05 6.0839623941769895e-06 -0.00028872983052704459 1.6930706470749159e-06 0.00095492192875761732 -0.00018926930413716713 -0.00041828904335548502
leaf_weight=228 19143 247 331 254 111 95
leaf_count=228 19143 247 331 254 111 95
internal_value=-0.000434751 4.1823e-05 -0.00956261 0.00818903 0.0162838 -0.000990854
internal_weight=20409 19721 578 688 365 323
internal_count=20409 19721 578 688 365 323
is_linear=0
shrinkage=0.05


Tree=194
num_leaves=7
num_cat=0
split_feature=38 11 39 1 45 43
split_gain=17.3539 35.5087 17.1528 25.7402 21.2133 26.3685
threshold=0.05250773765146733 0.018834914080798629 0.04156057536602021 0.00765514886006713 0.079223286360502257 0.1077995151281357
decision_type=2 2 2 2 2 2
left_child=2 -2 -1 -4 -5 -6
right_child=1 -3 3 4 5 -7
leaf_value=2.7487427567188067e-06 0.00042444803383662259 -0.00055217739054052521 -0.00013996774268511557 0.00017093222412764079 -0.00020534537789605752 0.00018442516513412878
leaf_weight=17789 276 53 1379 183 351 336
leaf_count=17789 276 53 1379 183 351 336
internal_value=-0.000406195 0.0111527 -0.000338023 -0.00444765 0.00225714 -0.00177023
internal_weight=20367 329 20038 2249 870 687
internal_count=20367 329 20038 2249 870 687
is_linear=0
shrinkage=0.05


Tree=195
num_leaves=7
num_cat=0
split_feature=0 36 35 36 17 43
split_gain=13.5921 24.9903 24.8364 21.0784 14.7101 25.1724
threshold=-0.074294645339250551 -0.16162944585084912 0.44205504655838018 -0.88011160492897023 0.67499998211860668 0.19437129795551303
decision_type=2 2 2 2 2 2
left_child=1 3 -3 -1 -2 -6
right_child=4 2 -4 -5 5 -7
leaf_value=0.0001167357768118731 1.3838710663117462e-05 0.001131749710953452 -8.7398435417069241e-05 -0.00050160724337260868 -3.0201923674274234e-05 -0.0010384118352582596
leaf_weight=95 13122 123 51 54 6722 56
leaf_count=95 13122 123 51 54 6722 56
internal_value=-0.000453579 0.0101372 0.0227654 -0.00470779 -0.000124341 -0.00201607
internal_weight=20223 323 174 149 19900 6778
internal_count=20223 323 174 149 19900 6778
is_linear=0
shrinkage=0.05


Tree=196
num_leaves=7
num_cat=0
split_feature=1 41 27 15 14 34
split_gain=11.4697 26.4253 16.2107 12.5334 22.8549 24.1399
threshold=-0.090434335172176347 0.090069685131311431 0.043744565919041641 0.97499999403953563 0.77500000596046459 -0.019582328386604782
decision_type=2 2 2 2 2 2
left_child=1 -1 -3 -2 5 -5
right_child=3 2 -4 4 -6 -7
leaf_value=-0.00016558302641455814 1.8503696918520732e-06 0.00064542985467528746 -8.051262634466597e-05 -0.00032059617851095827 -0.00017480957226006429 0.00022611875370502166
leaf_weight=86 18977 189 57 92 651 161
leaf_count=86 18977 189 57 92 651 161
internal_value=-0.000429073 0.00912463 0.0174303 -0.00017726 -0.00591309 0.00668605
internal_weight=20213 332 246 19881 904 253
internal_count=20213 332 246 19881 904 253
is_linear=0
shrinkage=0.05


Tree=197
num_leaves=7
num_cat=0
split_feature=15 24 39 35 35 38
split_gain=13.3145 50.814 43.2246 42.8942 48.8757 37.9293
threshold=0.37500000000000006 -0.014613345731049774 0.011911937966942789 0.49846634268760687 0.3334194570779801 0.0076545237097889194
decision_type=2 2 2 2 2 2
left_child=2 3 -1 4 -2 -3
right_child=1 5 -4 -5 -6 -7
leaf_value=-7.6563859864629401e-05 0.00014781620344612252 3.0126029458515426e-05 4.6486565170182737e-05 0.00063454951341738964 -0.00048834627239549913 -8.7791396931793925e-05
leaf_weight=4101 1535 7720 2912 93 104 3701
leaf_count=4101 1535 7720 2912 93 104 3701
internal_value=-0.000444946 0.000883493 -0.00181319 0.00885147 0.00688869 -0.000326011
internal_weight=20166 13153 7013 1732 1639 11421
internal_count=20166 13153 7013 1732 1639 11421
is_linear=0
shrinkage=0.05


Tree=198
num_leaves=7
num_cat=0
split_feature=0 39 22 41 44 21
split_gain=14.0778 21.959 25.7476 33.3615 29.1082 38.0786
threshold=-0.061599999666213982 0.038298837840557105 0.17500000447034839 0.047943986952304847 0.092093393206596388 0.52500000596046459
decision_type=2 2 2 2 2 2
left_child=-1 -2 3 -3 -4 -6
right_child=1 2 4 -5 5 -7
leaf_value=0.00011648604446175783 1.915394867125879e-07 -0.00018328689008529345 -0.00020988324308929089 0.00020220912615244338 0.00064362119000514826 -8.9800811296700692e-05
leaf_weight=673 16994 57 1268 378 142 832
leaf_count=673 16994 57 1268 378 142 832
internal_value=-0.000396825 -0.000651809 -0.00485645 0.00619318 -0.00702047 -0.000485189
internal_weight=20344 19671 2677 435 2242 974
internal_count=20344 19671 2677 435 2242 974
is_linear=0
shrinkage=0.05


Tree=199
num_leaves=7
num_cat=0
split_feature=47 40 20 44 1 43
split_gain=13.5432 26.9509 26.0182 23.6793 23.0751 36.5484
threshold=0.95137661695480358 0.088889021426439299 0.97499999403953563 0.045715603977441795 0.057350778952240951 0.091222371906042113
decision_type=2 2 2 2 2 2
left_child=-1 2 3 -2 5 -5
right_child=1 -3 -4 4 -6 -7
leaf_value=-1.7790343399617851e-05 -0.0001762911091630575 -2.9983868755034173e-05 0.00028066018685266286 4.0778715722026088e-05 -0.00028617638344052317 0.0004013058863253481
leaf_weight=9084 182 4539 338 5157 181 741
leaf_count=9084 182 4539 338 5157 181 741
internal_value=-0.000414051 0.00137082 0.00341081 0.00266917 0.00320924 0.00375656
internal_weight=20222 11138 6599 6261 6079 5898
internal_count=20222 11138 6599 6261 6079 5898
is_linear=0
shrinkage=0.05


Tree=200
num_leaves=7
num_cat=0
split_feature=38 13 47 45 26 47
split_gain=15.7526 23.8168 30.3473 31.1076 40.3134 29.6666
threshold=-0.02872685436159372 -0.010291486512869595 1.3687249422073366 0.086501341313123717 0.08814286440610887 0.93367663025856029
decision_type=2 2 2 2 2 2
left_child=1 -1 3 5 -5 -3
right_child=-2 2 -4 4 -6 -7
leaf_value=-0.00039081781222060908 2.7504363756636887e-06 -0.0006690233877021663 -0.00022550181376889498 0.00042064232253431912 -0.00075774931655231642 0.00021509589519333103
leaf_weight=227 19407 132 150 270 70 137
leaf_count=227 19407 132 150 270 70 137
internal_value=-0.000435092 -0.00633199 -0.00199607 0.00297231 0.012971 -0.00958029
internal_weight=20393 986 759 609 340 269
internal_count=20393 986 759 609 340 269
is_linear=0
shrinkage=0.05


Tree=201
num_leaves=7
num_cat=0
split_feature=0 32 15 5 46 50
split_gain=15.9722 21.468 18.1149 27.5758 24.5795 37.0187
threshold=-0.061599999666213982 1.166241526603699 0.82500001788139354 -0.25903825461864466 0.88442590832710277 0.37128229439258581
decision_type=2 2 2 2 2 2
left_child=1 -1 -2 -4 -5 -6
right_child=2 -3 3 4 5 -7
leaf_value=5.0347310882183431e-05 7.9261693328237012e-06 0.00086595484202498484 -0.00025523120649750786 -0.00019539392228096558 0.00013551060247993035 -0.00010124657476407264
leaf_weight=502 15996 143 210 714 1241 1454
leaf_count=502 15996 143 210 714 1241 1454
internal_value=-0.000437947 0.00773077 -0.000235729 -0.00342853 -0.00232132 -0.00012037
internal_weight=20260 645 19615 3619 3409 2695
internal_count=20260 645 19615 3619 3409 2695
is_linear=0
shrinkage=0.05


Tree=202
num_leaves=7
num_cat=0
split_feature=1 48 21 44 47 40
split_gain=12.5629 28.9815 14.7177 36.6892 35.7498 32.6926
threshold=-0.090434335172176347 2.3106207847595219 0.52500000596046459 0.085376117378473296 1.1838236451148989 0.10801828280091287
decision_type=2 2 2 2 2 2
left_child=1 -1 3 5 -5 -2
right_child=2 -3 -4 4 -6 -7
leaf_value=0.00038203199651765915 6.9123024330469643e-06 -0.00047220164548094213 -3.3063438154974452e-05 0.00031972227463371913 -8.203776279017529e-05 -0.00025456320466734554
leaf_weight=279 8933 53 9855 633 230 250
leaf_count=279 8933 53 9855 633 230 250
internal_value=-0.000418767 0.00942136 -0.00031272 0.00103224 0.0108583 0.000100675
internal_weight=20233 332 19901 10046 863 9183
internal_count=20233 332 19901 10046 863 9183
is_linear=0
shrinkage=0.05


Tree=203
num_leaves=7
num_cat=0
split_feature=21 43 39 36 47 38
split_gain=12.7886 38.7955 37.0199 35.0148 63.0269 45.0819
threshold=0.47499999403953558 0.089597418904304518 0.066393889486789717 -0.33568854629993433 1.501953721046448 -0.022661903873085972
decision_type=2 2 2 2 2 2
left_child=2 -2 -1 -3 5 -5
right_child=1 3 -4 4 -6 -7
leaf_value=2.5942803152329734e-05 -8.1723425353282412e-05 -3.0807974787003901e-05 -0.0003206479718510202 -0.00030317329692962965 -0.00075775399086996974 0.00021391869145336896
leaf_weight=8874 5930 2947 294 167 115 1941
leaf_count=8874 5930 2947 294 167 115 1941
internal_value=-0.000383515 -0.00119541 0.00132726 0.00196618 0.00669883 0.00869617
internal_weight=20268 11100 9168 5170 2223 2108
internal_count=20268 11100 9168 5170 2223 2108
is_linear=0
shrinkage=0.05


Tree=204
num_leaves=7
num_cat=0
split_feature=10 27 35 18 35 32
split_gain=16.7742 40.8308 43.9268 40.4827 38.7574 69.3586
threshold=0.011200350243598224 0.028800045140087608 -0.30154854059219355 0.37500000000000006 -0.74617716670036305 -0.02541907504200935
decision_type=2 2 2 2 2 2
left_child=-1 2 4 -4 -2 -6
right_child=1 -3 3 -5 5 -7
leaf_value=-2.4652166712291982e-05 -8.5305452434751929e-06 -9.8202424017173945e-05 -0.00019115716285161746 3.253875870211202e-05 0.00064485514171401482 0.00014531735628603359
leaf_weight=11865 920 1887 617 3215 374 1436
leaf_count=11865 920 1887 617 3215 374 1436
internal_value=-0.000422019 0.00132777 0.003194 -0.000254105 0.00803473 0.0122727
internal_weight=20314 8449 6562 3832 2730 1810
internal_count=20314 8449 6562 3832 2730 1810
is_linear=0
shrinkage=0.05


Tree=205
num_leaves=7
num_cat=0
split_feature=47 50 46 27 38 32
split_gain=14.5566 21.2908 48.0509 31.5714 28.4446 57.7104
threshold=0.95137661695480358 1.0280747413635256 0.88442590832710277 0.01940557919442654 0.0038627624744549398 0.1463444456458092
decision_type=2 2 2 2 2 2
left_child=1 3 -3 4 5 -1
right_child=-2 2 -4 -5 -6 -7
leaf_value=-3.6057039310611993e-05 1.7347153959565259e-05 0.00035291947796844687 -1.5763723486122253e-05 -0.0001347859467883573 -8.2738685845436805e-05 0.00017522304612978525
leaf_weight=2583 11205 354 929 1182 2979 1178
leaf_count=2583 11205 354 929 1182 2979 1178
internal_value=-0.000459221 -0.00151194 0.00444488 -0.00248202 -0.00115271 0.00173261
internal_weight=20410 9205 1283 7922 6740 3761
internal_count=20410 9205 1283 7922 6740 3761
is_linear=0
shrinkage=0.05


Tree=206
num_leaves=7
num_cat=0
split_feature=10 27 2 35 47 9
split_gain=15.7889 33.5496 26.3585 24.6401 47.1714 31.2433
threshold=0.016692224889993671 0.028800045140087608 0.0052066682837903508 0.14782751351594928 1.1332138776779177 -0.047050008550286286
decision_type=2 2 2 2 2 2
left_child=-1 3 -3 4 -2 -5
right_child=1 2 -4 5 -6 -7
leaf_value=-2.0495994675105322e-05 6.2952816424450157e-05 -0.00049572496222451828 -6.9612541070656998e-05 -0.0003762130782946232 0.00046995198966945758 1.6022978440879347e-05
leaf_weight=12576 3670 55 1720 205 519 1604
leaf_count=12576 3670 55 1720 205 519 1604
internal_value=-0.000455684 0.00157174 -0.00445225 0.00336082 0.00546614 -0.00150221
internal_weight=20349 7773 1775 5998 4189 1809
internal_count=20349 7773 1775 5998 4189 1809
is_linear=0
shrinkage=0.05


Tree=207
num_leaves=7
num_cat=0
split_feature=28 38 44 26 41 48
split_gain=15.821 28.0418 18.3045 38.3688 35.4959 26.5337
threshold=0.0049180774949491033 0.05250773765146733 0.1230062134563923 0.10575031116604806 0.082021500915288939 -0.9772738218307494
decision_type=2 2 2 2 2 2
left_child=1 2 -1 4 5 -4
right_child=-2 -3 3 -5 -6 -7
leaf_value=5.6914030483463334e-06 -3.0023575166209071e-05 0.0004696185358267946 0.0004516435520767715 -0.00024029222088928432 0.00033256631178421613 -0.00024895629744891873
leaf_weight=13120 6139 223 50 99 456 105
leaf_count=13120 6139 223 50 99 456 105
internal_value=-0.000439422 0.00113281 0.000843874 0.00863636 0.0133523 -0.00703125
internal_weight=20192 14053 13830 710 611 155
internal_count=20192 14053 13830 710 611 155
is_linear=0
shrinkage=0.05


Tree=208
num_leaves=7
num_cat=0
split_feature=3 48 39 44 35 12
split_gain=13.8953 27.7481 31.8672 22.0513 28.3742 37.3159
threshold=0.0045753722079098233 -0.24717239290475843 0.012997390236705543 0.053278120234608657 0.026911166496574882 -1.0000000180025095e-35
decision_type=2 2 2 2 2 2
left_child=1 -1 -3 4 5 -2
right_child=3 2 -4 -5 -6 -7
leaf_value=-0.00017673740368383394 6.9691287571241146e-05 5.6241061513366923e-05 -0.00021068330300048855 3.1621930887506634e-06 0.00019032432433444921 -0.00034632838224690993
leaf_weight=411 182 495 67 18804 302 60
leaf_count=411 182 495 67 18804 302 60
internal_value=-0.000397274 -0.00564928 0.00154321 0.000458585 0.010337 -0.00232794
internal_weight=20321 973 562 19348 544 242
internal_count=20321 973 562 19348 544 242
is_linear=0
shrinkage=0.05


Tree=209
num_leaves=7
num_cat=0
split_feature=12 47 46 41 42 38
split_gain=17.6061 34.9618 52.6947 40.2992 67.3465 40.1613
threshold=-0.030010652728378769 1.1332138776779177 0.67859628796577465 0.063086889684200301 0.076311875134706511 0.035283237695693977
decision_type=2 2 2 2 2 2
left_child=1 3 -3 4 -1 -4
right_child=-2 2 5 -5 -6 -7
leaf_value=3.6259217555276873e-05 -9.7829630063435413e-06 0.00086795458048936436 -0.00023233260492624576 0.00015282587325614788 -0.00086354930035273066 0.0001695509154327528
leaf_weight=589 16035 131 996 2231 133 254
leaf_count=589 16035 131 996 2231 133 254
internal_value=-0.00042088 0.00292118 -0.00362554 0.00599222 -0.00422971 -0.00683267
internal_weight=20369 4334 1381 2953 722 1250
internal_count=20369 4334 1381 2953 722 1250
is_linear=0
shrinkage=0.05


Tree=210
num_leaves=7
num_cat=0
split_feature=36 26 24 44 46 13
split_gain=14.8749 37.6247 67.5241 85.3996 39.5113 36.5349
threshold=-0.20146576315164563 -0.013027510605752466 -0.010917020495980976 0.10146093741059305 0.80984607338905346 -0.0085188564844429476
decision_type=2 2 2 2 2 2
left_child=1 2 4 -4 -1 -3
right_child=-2 5 3 -5 -6 -7
leaf_value=0.0003388913628608448 1.7773065149132878e-05 0.00016695179534890133 -0.00047122600577480543 0.00020617841583562549 -4.4970042946217544e-05 -1.087060738876089e-05
leaf_weight=340 10078 1098 1010 243 3194 4285
leaf_count=340 10078 1098 1010 243 3194 4285
internal_value=-0.000443144 -0.00139312 -0.00461707 -0.0145668 -0.00106669 0.00147086
internal_weight=20248 10170 4787 1253 3534 5383
internal_count=20248 10170 4787 1253 3534 5383
is_linear=0
shrinkage=0.05


Tree=211
num_leaves=7
num_cat=0
split_feature=38 10 45 45 10 13
split_gain=14.9484 25.7258 16.2686 23.5874 14.1145 33.2035
threshold=-0.039281519129872315 0.099205929785966887 0.084666304290294661 0.10842557251453401 0.0055081730242818603 -0.0060950936749577514
decision_type=2 2 2 2 2 2
left_child=1 2 -1 -4 -2 -6
right_child=4 -3 3 -5 5 -7
leaf_value=-0.0005823182435218706 -1.7930913864551154e-05 -0.001051950870948732 0.00042464192160793338 -0.00013600943146317601 0.00011558286278461794 -6.6202139039464093e-06
leaf_weight=50 11023 75 60 144 2601 6269
leaf_count=50 11023 75 60 144 2601 6269
internal_value=-0.000512928 -0.0105539 -0.00260618 0.00370813 0.00011182 0.00159718
internal_weight=20222 329 254 204 19893 8870
internal_count=20222 329 254 204 19893 8870
is_linear=0
shrinkage=0.05


Tree=212
num_leaves=7
num_cat=0
split_feature=39 49 47 38 47 29
split_gain=12.6586 30.783 32.3588 28.8902 28.5398 48.8059
threshold=0.036141235381364829 -0.96459820866584767 0.85819506645202648 0.05250773765146733 1.6064773201942446 0.032211663201451309
decision_type=2 2 2 2 2 2
left_child=4 3 -3 -2 -1 -6
right_child=1 2 -4 -5 5 -7
leaf_value=6.026493688068933e-06 4.2436887902015277e-05 0.00035939024337328665 -9.7273387727724522e-05 0.00078302296793448557 0.00083450938003470573 -0.0002524031051122125
leaf_weight=16896 608 66 2403 124 152 62
leaf_count=16896 608 66 2403 124 152 62
internal_value=-0.000407314 -0.00275265 -0.00542643 0.0062076 0.000670465 0.0186073
internal_weight=20311 3201 2469 732 17110 214
internal_count=20311 3201 2469 732 17110 214
is_linear=0
shrinkage=0.05


Tree=213
num_leaves=7
num_cat=0
split_feature=38 13 46 47 42 2
split_gain=14.2155 27.6021 24.8552 25.7221 37.4103 33.6263
threshold=-0.025114567950367924 -0.015629825182259079 0.72695234417915355 0.93367663025856029 0.070285301655530943 0.008707044646143915
decision_type=2 2 2 2 2 2
left_child=1 -1 -3 -4 -5 -6
right_child=-2 2 3 4 5 -7
leaf_value=-0.00036972447312269021 5.6161737365435149e-06 -0.00023365528674443824 -0.00013779685308722673 -0.00031110308725870251 0.0005313826479190106 4.3119362826755048e-05
leaf_weight=246 18921 163 399 69 196 296
leaf_count=246 18921 163 399 69 196 296
internal_value=-0.000432373 -0.00482169 -0.0014406 0.00163212 0.00852473 0.0134306
internal_weight=20290 1369 1123 960 561 492
internal_count=20290 1369 1123 960 561 492
is_linear=0
shrinkage=0.05


Tree=214
num_leaves=7
num_cat=0
split_feature=23 50 43 0 26 21
split_gain=13.2742 26.8271 33.5369 21.2885 26.4879 35.983
threshold=-0.002202976960688829 0.94606691598892223 0.060629548504948623 0.015707023441791538 -0.024014148861169812 0.92499998211860668
decision_type=2 2 2 2 2 2
left_child=1 3 -3 4 5 -1
right_child=-2 2 -4 -5 -6 -7
leaf_value=-4.1925704570890186e-05 -1.9260432170522918e-05 0.00026351872180355634 8.3253964125362212e-05 6.3317543476928883e-05 2.4129151087584147e-05 -0.00060373334037447433
leaf_weight=1842 11382 159 700 2426 3528 228
leaf_count=1842 11382 159 700 2426 3528 228
internal_value=-0.000452639 0.00126294 0.00963542 0.000358077 -0.00133411 -0.00581928
internal_weight=20265 8883 859 8024 5598 2070
internal_count=20265 8883 859 8024 5598 2070
is_linear=0
shrinkage=0.05


Tree=215
num_leaves=7
num_cat=0
split_feature=24 31 35 47 22 47
split_gain=13.6058 33.4545 32.181 40.1393 43.597 41.103
threshold=-0.034057782962918275 39.027219772338874 0.72678983211517345 1.1657232642173769 0.87500000000000011 1.2305950522422793
decision_type=2 2 2 2 2 2
left_child=2 -2 3 -1 -5 -6
right_child=1 -3 -4 4 5 -7
leaf_value=9.9607289067951024e-05 -0.00019140621378481071 -3.3532859430511312e-06 -0.00021016693128120907 -0.00020788571569773035 -0.00093252899725879482 0.00054392894026500155
leaf_weight=3212 403 15164 160 1008 57 254
leaf_count=3212 403 15164 160 1008 57 254
internal_value=-0.000363964 -0.000637362 0.00243292 0.00322421 -0.00409743 0.0121044
internal_weight=20258 15567 4691 4531 1319 311
internal_count=20258 15567 4691 4531 1319 311
is_linear=0
shrinkage=0.05


Tree=216
num_leaves=7
num_cat=0
split_feature=35 36 2 26 17 36
split_gain=13.9385 26.5688 41.3004 38.8199 27.4238 26.3496
threshold=-0.77135702967643727 -0.70298779010772694 0.014435815159231426 -0.087466482073068605 0.87500000000000011 -0.84776607155799855
decision_type=2 2 2 2 2 2
left_child=-1 2 4 -3 -2 -6
right_child=1 3 -4 -5 5 -7
leaf_value=-5.6627839621494406e-05 0.00017959598858110188 0.00029081651494707267 -0.00046187063816329529 -8.5161383243081313e-06 0.00010261134009953763 -0.00060606659975794431
leaf_weight=2985 1461 687 77 14807 150 105
leaf_count=2985 1461 687 77 14807 150 105
internal_value=-0.000447551 0.00054505 0.00629867 -0.000120976 0.00794596 -0.00701923
internal_weight=20272 17287 1793 15494 1716 255
internal_count=20272 17287 1793 15494 1716 255
is_linear=0
shrinkage=0.05


Tree=217
num_leaves=7
num_cat=0
split_feature=12 46 47 38 1 36
split_gain=14.0659 32.8713 41.6106 48.8065 31.1001 41.0916
threshold=-0.031879551708698266 0.80984607338905346 1.1481909751892092 0.035283237695693977 -0.017307723872363564 0.41174221038818365
decision_type=2 2 2 2 2 2
left_child=1 -1 4 -4 5 -3
right_child=-2 2 3 -5 -6 -7
leaf_value=0.00027854498809818046 -1.3798488974567348e-05 -0.00041805408735422179 -0.00031417828309961431 0.00024317589672910738 0.00010136368616420582 0.00017045230883595822
leaf_weight=279 16346 185 790 246 2350 76
leaf_count=279 16346 185 790 246 2350 76
internal_value=-0.000462347 0.00235945 0.00107475 -0.00737272 0.00444381 -0.0117481
internal_weight=20272 3926 3647 1036 2611 261
internal_count=20272 3926 3647 1036 2611 261
is_linear=0
shrinkage=0.05


Tree=218
num_leaves=7
num_cat=0
split_feature=45 22 4 35 42 46
split_gain=16.2087 33.3161 29.7243 28.8833 52.7291 27.6417
threshold=0.089829079806804671 0.87500000000000011 0.47709405422210699 -0.55287638306617726 0.086599331349134459 1.052723288536072
decision_type=2 2 2 2 2 2
left_child=1 -1 -2 -3 -5 -4
right_child=2 3 5 4 -6 -7
leaf_value=-4.8921810018556951e-06 8.6133440121456868e-05 -0.0006371450102858119 -0.00012974350297013403 -0.0010534275507080527 0.00025133302914339875 0.00011299101948969689
leaf_weight=13726 4327 152 1241 90 174 624
leaf_count=13726 4327 152 1241 90 174 624
internal_value=-0.00041177 -0.000811126 0.00225512 -0.0146675 -0.00436803 -0.00300802
internal_weight=20334 14142 6192 416 264 1865
internal_count=20334 14142 6192 416 264 1865
is_linear=0
shrinkage=0.05


Tree=219
num_leaves=7
num_cat=0
split_feature=12 47 46 38 47 19
split_gain=15.871 34.1492 49.5793 40.9844 35.4865 41.8591
threshold=-0.030010652728378769 1.1657232642173769 0.67859628796577465 0.035283237695693977 0.75763496756553661 0.12500000372529033
decision_type=2 2 2 2 2 2
left_child=1 4 -3 -4 -1 -6
right_child=-2 2 3 -5 5 -7
leaf_value=-0.00016782158047521213 -8.7234758246093089e-06 0.00081762303466001169 -0.00027626612951173678 0.00023351287920157218 -5.7790467545598531e-05 0.00015752082859033062
leaf_weight=314 16070 135 875 231 595 2188
leaf_count=314 16070 135 875 231 595 2188
internal_value=-0.000449468 0.00271126 -0.00427368 -0.00780828 0.00552063 0.00732604
internal_weight=20408 4338 1241 1106 3097 2783
internal_count=20408 4338 1241 1106 3097 2783
is_linear=0
shrinkage=0.05


Tree=220
num_leaves=7
num_cat=0
split_feature=9 32 27 5 35 3
split_gain=13.0854 37.3617 17.2189 22.9922 20.7206 26.7655
threshold=-0.094751399010419832 -0.46848520636558527 -0.047653984278440469 -0.57720616459846485 -0.47038590908050532 0.0090112718753516691
decision_type=2 2 2 2 2 2
left_child=1 -1 3 -2 -5 -6
right_child=2 -3 -4 4 5 -7
leaf_value=0.00067727649001831888 5.2036202032547255e-05 -0.00016392779181124384 -2.1792155150337266e-06 -0.00055785370333750843 -0.0002598522383774535 0.0002832169259981836
leaf_weight=175 328 120 19175 219 115 89
leaf_count=175 328 120 19175 219 115 89
internal_value=-0.000433848 0.0100833 -0.000435252 -0.0078373 -0.015479 -0.00370813
internal_weight=20221 295 19926 751 423 204
internal_count=20221 295 19926 751 423 204
is_linear=0
shrinkage=0.05


Tree=221
num_leaves=7
num_cat=0
split_feature=45 11 22 48 45 36
split_gain=10.9998 38.0516 34.991 42.0125 34.4951 34.3403
threshold=0.089829079806804671 0.0095822946168482321 0.37500000000000006 -0.80638191103935231 0.1177729368209839 -0.20146576315164563
decision_type=2 2 2 2 2 2
left_child=-1 2 3 -2 5 -4
right_child=1 -3 4 -5 -6 -7
leaf_value=-1.5176280130336249e-05 -0.00079307997655937495 -8.6263368741721724e-05 9.6617320525425293e-05 3.1633415254136666e-05 -2.9292468800093746e-05 0.00032265499386627256
leaf_weight=14092 132 1802 1979 284 1286 789
leaf_count=14092 132 1802 1979 284 1286 789
internal_value=-0.000352251 0.0013183 0.0037933 -0.00991686 0.0052168 0.00835737
internal_weight=20364 6272 4470 416 4054 2768
internal_count=20364 6272 4470 416 4054 2768
is_linear=0
shrinkage=0.05


Tree=222
num_leaves=7
num_cat=0
split_feature=12 15 1 3 3 44
split_gain=12.1301 31.0136 27.3278 36.5522 58.204 28.6621
threshold=-0.031879551708698266 0.075000001117587103 -0.018839227966964241 0.013475562911480667 0.011831978335976602 0.080180671066045775
decision_type=2 2 2 2 2 2
left_child=2 -2 -1 4 5 -4
right_child=1 -3 3 -5 -6 -7
leaf_value=-0.0001667584154075001 -0.00034023234624048164 -8.5856794223638285e-06 -1.8585397088479383e-05 0.00084209354450617531 -0.00060518093392535803 0.00015207076007286684
leaf_weight=431 197 16039 1441 188 163 1794
leaf_count=431 197 16039 1441 188 163 1794
internal_value=-0.00055657 -0.000946678 0.00211959 0.0035575 0.00234352 0.00383488
internal_weight=20253 16236 4017 3586 3398 3235
internal_count=20253 16236 4017 3586 3398 3235
is_linear=0
shrinkage=0.05


Tree=223
num_leaves=7
num_cat=0
split_feature=5 13 1 35 46 36
split_gain=9.80783 32.907 29.7965 29.7604 35.5799 27.2488
threshold=-0.61666950583457936 -0.03356609866023063 0.0063946670852601537 -0.32548312842845911 0.93949425220489513 0.47748665511608129
decision_type=2 2 2 2 2 2
left_child=2 -2 3 -1 5 -5
right_child=1 -3 -4 4 -6 -7
leaf_value=0.00014972536748362553 -0.0002565512133974837 -3.0171086836249787e-06 0.00018200051526221243 -0.00043491563260921368 1.9986392868749314e-05 5.6556268300434792e-05
leaf_weight=367 518 18495 404 165 352 64
leaf_count=367 518 18495 404 165 352 64
internal_value=-0.000479872 -0.000584972 0.00381356 -0.00102308 -0.00806314 -0.0231838
internal_weight=20365 19013 1352 948 581 229
internal_count=20365 19013 1352 948 581 229
is_linear=0
shrinkage=0.05


Tree=224
num_leaves=7
num_cat=0
split_feature=44 35 44 43 35 43
split_gain=12.6156 32.0868 38.9373 58.387 44.8534 33.0962
threshold=0.076536636799573912 -0.72178032994270314 0.0657009892165661 0.06471221894025804 -0.30154854059219355 0.11433644220232965
decision_type=2 2 2 2 2 2
left_child=1 -1 -3 -4 5 -5
right_child=-2 2 3 4 -6 -7
leaf_value=-0.00010566731637941669 -2.3653455298832404e-05 -1.1885035201946761e-05 0.00018363940365166687 0.00041633246740409069 -4.3248932419649212e-05 -0.00029188334333668579
leaf_weight=850 11139 4213 1694 366 1876 60
leaf_count=850 11139 4213 1694 366 1876 60
internal_value=-0.000493739 0.00117222 0.00213355 0.00566733 0.000465973 0.0150232
internal_weight=20198 9059 8209 3996 2302 426
internal_count=20198 9059 8209 3996 2302 426
is_linear=0
shrinkage=0.05


Tree=225
num_leaves=7
num_cat=0
split_feature=32 39 45 26 1 23
split_gain=13.9907 63.7327 22.3114 18.8802 31.7007 17.0368
threshold=1.166241526603699 -0.0048545261379331342 0.11292036250233652 0.15711338818073275 -0.064798016101121889 0.016128540970385078
decision_type=2 2 2 2 2 2
left_child=3 -2 -3 -1 -5 -4
right_child=1 2 5 4 -6 -7
leaf_value=-2.8699636391882149e-06 -0.00028845925165734879 0.0003778055750927075 0.00061417070325298843 0.00016553034492017293 -0.00048065118241266382 -0.0007298640751233201
leaf_weight=19345 130 398 59 116 203 50
leaf_count=19345 130 398 59 116 203 50
internal_value=-0.000491234 0.00704829 0.0150879 -0.000451218 -0.0124228 -0.00460526
internal_weight=20301 637 507 19664 319 109
internal_count=20301 637 507 19664 319 109
is_linear=0
shrinkage=0.05


Tree=226
num_leaves=7
num_cat=0
split_feature=0 13 35 42 45 35
split_gain=16.8158 17.4525 23.9352 16.9966 24.4106 22.1692
threshold=-0.061599999666213982 0.03790602274239064 -0.91888070106506337 0.080192185938358321 0.097215659916400923 0.47215265035629278
decision_type=2 2 2 2 2 2
left_child=1 3 -3 -1 -5 -6
right_child=-2 2 -4 4 5 -7
leaf_value=0.0012446482829110627 -5.3351041084323536e-06 0.00039683535015767169 -0.00029798230923603741 -0.00013258316995340557 0.00047205053319987575 -0.00010499772958053668
leaf_weight=53 19576 52 138 113 219 87
leaf_count=53 19576 52 138 113 219 87
internal_value=-0.000473003 0.0076087 -0.005 0.0127358 0.00902123 0.0163183
internal_weight=20238 662 190 472 419 306
internal_count=20238 662 190 472 419 306
is_linear=0
shrinkage=0.05


Tree=227
num_leaves=7
num_cat=0
split_feature=15 0 47 24 38 46
split_gain=21.0081 34.2135 35.675 33.7024 36.3581 37.3071
threshold=0.37500000000000006 0.021387233398854736 0.73772358894348156 -0.016459395177662369 0.011556086596101524 0.91250610351562511
decision_type=2 2 2 2 2 2
left_child=1 -1 -3 -2 -5 -6
right_child=3 2 -4 4 5 -7
leaf_value=-8.1519640941263432e-05 0.00013061102696144402 -0.00066640999918941455 6.1228482501299918e-05 2.3476691218604737e-05 -0.00033056606369642527 -3.3336152091905436e-05
leaf_weight=4333 1515 116 2642 8822 588 2321
leaf_count=4333 1515 116 2642 8822 588 2321
internal_value=-0.000470701 -0.00239924 0.00194535 0.000971625 6.17757e-05 -0.00477865
internal_weight=20337 7091 2758 13246 11731 2909
internal_count=20337 7091 2758 13246 11731 2909
is_linear=0
shrinkage=0.05


Tree=228
num_leaves=7
num_cat=0
split_feature=48 6 18 39 1 26
split_gain=16.1589 74.1728 40.7176 51.426 46.1175 35.5441
threshold=-0.58884191513061512 0.53146526217460643 0.42499999701976782 0.011911937966942789 -0.017307723872363564 -0.063298191875219331
decision_type=2 2 2 2 2 2
left_child=1 2 3 -1 -4 -5
right_child=-2 -3 4 5 -6 -7
leaf_value=-0.00010168041192085256 1.3287456745419503e-05 -0.00031522228304056948 -7.3133119515218258e-05 -7.4963835554384139e-05 0.00026690776929794413 0.00013115013847553582
leaf_weight=2656 12691 776 577 1142 892 1520
leaf_count=2656 12691 776 577 1142 892 1520
internal_value=-0.000462757 -0.00189284 -0.000209806 -0.00224967 0.00714043 0.00265279
internal_weight=20254 7563 6787 5318 1469 2662
internal_count=20254 7563 6787 5318 1469 2662
is_linear=0
shrinkage=0.05


Tree=229
num_leaves=7
num_cat=0
split_feature=43 22 35 45 30 45
split_gain=15.0016 49.5914 49.3222 51.3187 45.6081 30.4845
threshold=0.10009118914604188 0.82500001788139354 0.085450131446123137 0.086501341313123717 47.082052230834968 0.11292036250233652
decision_type=2 2 2 2 2 2
left_child=1 -1 3 -3 -5 -2
right_child=5 2 -4 4 -6 -7
leaf_value=2.9363353887686542e-06 0.00013029351907483389 -0.00052053455402897419 0.0007413681236617235 0.00010668694290419147 -0.00020283704099534981 -4.4868855629055331e-05
leaf_weight=14161 2060 425 81 660 1049 1859
leaf_count=14161 2060 425 81 660 1049 1859
internal_value=-0.000511084 -0.00081039 -0.00775901 -0.00924497 -0.0053238 0.00263124
internal_weight=20295 16376 2215 2134 1709 3919
internal_count=20295 16376 2215 2134 1709 3919
is_linear=0
shrinkage=0.05


Tree=230
num_leaves=7
num_cat=0
split_feature=21 44 39 15 39 12
split_gain=12.5032 27.8666 33.1365 34.5441 27.7313 41.8887
threshold=0.47499999403953558 0.0657009892165661 0.06002625264227391 0.27500000596046453 -0.021782554686069485 0.019951547496020797
decision_type=2 2 2 2 2 2
left_child=1 -1 3 -3 -5 -6
right_child=-2 2 -4 4 5 -7
leaf_value=-2.2322041597904311e-05 -2.061837815468355e-05 -3.8049736124959377e-05 -0.0002463660711466665 -3.1081788368482989e-06 0.00022452690651429973 1.0504275552027314e-06
leaf_weight=4043 11167 1149 310 912 1930 816
leaf_count=4043 11167 1149 310 912 1930 816
internal_value=-0.000480769 0.00126296 0.00371437 0.00474335 0.00711848 0.00962377
internal_weight=20327 9160 5117 4807 3658 2746
internal_count=20327 9160 5117 4807 3658 2746
is_linear=0
shrinkage=0.05


Tree=231
num_leaves=7
num_cat=0
split_feature=36 2 22 40 36 34
split_gain=15.4184 33.4598 51.214 45.8795 29.0834 36.6927
threshold=-0.20146576315164563 0.0037544054212048654 0.12500000372529033 0.043633814901113517 -1.0000000180025095e-35 0.16851525753736499
decision_type=2 2 2 2 2 2
left_child=1 -1 -3 -4 5 -2
right_child=4 2 3 -5 -6 -7
leaf_value=0.00029538414399946474 1.877149291118108e-05 -0.00015048409099547138 0.00020346684047834298 -3.0976257608378703e-05 -2.9576134427411277e-06 0.00027453410362804782
leaf_weight=116 1650 522 367 9183 7645 648
leaf_count=116 1650 522 367 9183 7645 648
internal_value=-0.000505314 -0.00153782 -0.00185323 -0.00101256 0.00122889 0.00615502
internal_weight=20131 10188 10072 9550 9943 2298
internal_count=20131 10188 10072 9550 9943 2298
is_linear=0
shrinkage=0.05


Tree=232
num_leaves=7
num_cat=0
split_feature=21 22 44 44 41 48
split_gain=15.5446 32.9621 29.8816 26.5394 40.0693 26.2245
threshold=0.32500000298023229 0.37500000000000006 0.060641214251518256 0.094732534140348448 0.08433989062905313 -1.036872863769531
decision_type=2 2 2 2 2 2
left_child=3 2 -2 4 -1 -4
right_child=1 -3 5 -5 -6 -7
leaf_value=2.8869237016147632e-05 6.1625177298369678e-05 -9.2328118946557501e-07 -0.0002874862613159875 0.00035239179365865732 -0.00020620393539958588 -8.2781341391085044e-05
leaf_weight=5614 344 12448 392 145 381 994
leaf_count=5614 344 12448 392 145 381 994
internal_value=-0.000476062 -0.000964182 -0.00742075 0.00204638 0.00152083 -0.0106937
internal_weight=20318 14178 1730 6140 5995 1386
internal_count=20318 14178 1730 6140 5995 1386
is_linear=0
shrinkage=0.05


Tree=233
num_leaves=7
num_cat=0
split_feature=26 15 27 48 46 42
split_gain=10.6425 45.9475 44.1148 42.5242 41.6966 36.6492
threshold=-0.016041488386690613 0.67499998211860668 -0.009906906168907879 -0.69490608572959889 0.88442590832710277 0.076311875134706511
decision_type=2 2 2 2 2 2
left_child=1 4 -2 -4 5 -1
right_child=2 -3 3 -5 -6 -7
leaf_value=0.00017808183600555335 0.00011754716360623506 -0.00022938456921543058 -0.00014329668555435043 1.0312505106679519e-05 -2.6552073940002212e-05 1.8826661509441668e-05
leaf_weight=626 2793 973 1621 7258 5996 892
leaf_count=626 2793 973 1621 7258 5996 892
internal_value=-0.000420304 -0.00118052 0.00114541 -0.00057688 0.000142971 0.00753447
internal_weight=20159 8487 11672 8879 7514 1518
internal_count=20159 8487 11672 8879 7514 1518
is_linear=0
shrinkage=0.05


Tree=234
num_leaves=7
num_cat=0
split_feature=0 12 47 47 0 41
split_gain=13.89 13.4002 30.5162 36.8958 43.6869 32.7045
threshold=-0.074294645339250551 -0.030010652728378769 1.1481909751892092 0.79713368415832531 0.024553762748837474 0.1394712030887604
decision_type=2 2 2 2 2 2
left_child=-1 2 3 -2 -5 -4
right_child=1 -3 5 4 -6 -7
leaf_value=0.00022326449941011329 -0.00010546718307560661 -7.2844441177570195e-06 -0.00014274654880729235 2.8001088501789818e-05 0.00023795611570112996 0.00028304361453414901
leaf_weight=341 479 15665 987 1521 982 315
leaf_count=341 479 15665 987 1521 982 315
internal_value=-0.000392954 8.14373e-05 0.00255887 0.00534818 0.00778509 -0.00380643
internal_weight=20290 19949 4284 2982 2503 1302
internal_count=20290 19949 4284 2982 2503 1302
is_linear=0
shrinkage=0.05


Tree=235
num_leaves=7
num_cat=0
split_feature=0 18 13 35 0 17
split_gain=15.3159 28.2737 20.2563 19.788 19.1717 23.7388
threshold=-0.047140454873442643 0.47499999403953558 0.03790602274239064 -0.91888070106506337 -0.0099412226118147356 0.17500000447034839
decision_type=2 2 2 2 2 2
left_child=1 -1 -3 -4 5 -2
right_child=4 2 3 -5 -6 -7
leaf_value=-0.0003689363340196792 -0.00037543606813815206 0.00018442540034352677 0.00043409180798099662 -0.00022851429264924241 4.8803201580308584e-06 -3.933850646522094e-05
leaf_weight=134 89 963 54 187 13262 5634
leaf_count=134 89 963 54 187 13262 5634
internal_value=-0.000446429 0.00497022 0.00742349 -0.00538618 -0.000554239 -0.00297224
internal_weight=20323 1338 1204 241 18985 5723
internal_count=20323 1338 1204 241 18985 5723
is_linear=0
shrinkage=0.05


Tree=236
num_leaves=7
num_cat=0
split_feature=45 26 1 39 39 41
split_gain=11.2971 28.9056 42.554 29.4634 42.7482 26.6684
threshold=0.1177729368209839 0.11735404655337335 -0.075497139245271669 0.05103601515293122 0.036141235381364829 0.094573576003313078
decision_type=2 2 2 2 2 2
left_child=5 3 -3 4 -2 -1
right_child=1 2 -4 -5 -6 -7
leaf_value=-6.4263682545117005e-06 -4.9468519491683572e-06 7.3348015993847255e-05 -0.0012267821370759244 0.00020427831063087252 -0.00054590336322755777 0.00011788247378670192
leaf_weight=15939 948 127 160 480 256 2303
leaf_count=15939 948 127 160 480 256 2303
internal_value=-0.000508211 -0.00370698 -0.0182363 -0.00116933 -0.00535567 0.000272648
internal_weight=20213 1971 287 1684 1204 18242
internal_count=20213 1971 287 1684 1204 18242
is_linear=0
shrinkage=0.05


Tree=237
num_leaves=7
num_cat=0
split_feature=36 26 41 35 44 49
split_gain=14.1826 37.9902 37.4411 22.4477 29.9254 43.1572
threshold=-0.93706035614013661 0.10575031116604806 0.061516964808106429 -0.77135702967643727 0.10896204411983491 -0.72314700484275807
decision_type=2 2 2 2 2 2
left_child=1 2 -1 4 5 -2
right_child=3 -3 -4 -5 -6 -7
leaf_value=-0.000125957578682976 3.2273088681819877e-05 -0.00043989542775008263 0.00024454886557227545 2.8127505567071143e-06 0.00010546318454599532 -0.00036540238251801615
leaf_weight=88 659 80 513 17313 572 1176
leaf_count=88 659 80 513 17313 572 1176
internal_value=-0.000434921 0.00688776 0.0112624 -0.000424588 -0.00494403 -0.00805707
internal_weight=20401 681 601 19720 2407 1835
internal_count=20401 681 601 19720 2407 1835
is_linear=0
shrinkage=0.05


Tree=238
num_leaves=7
num_cat=0
split_feature=21 10 17 39 50 38
split_gain=12.793 28.1824 49.2082 48.537 31.2551 29.1203
threshold=0.32500000298023229 0.034056805074214942 0.87500000000000011 0.044914796948432929 0.88050791621208202 -0.02872685436159372
decision_type=2 2 2 2 2 2
left_child=1 4 3 5 -1 -3
right_child=-2 2 -4 -5 -6 -7
leaf_value=-2.6792154504099602e-05 -1.3208465130799863e-05 -0.00024952752770123084 -0.00026207584768164315 -0.00039005092427798669 8.0187590701148731e-05 0.00031321983264564015
leaf_weight=3734 14127 95 177 143 964 956
leaf_count=3734 14127 95 177 143 964 956
internal_value=-0.000449235 0.0018645 0.0081577 0.0118224 1.59473e-05 0.015554
internal_weight=20196 6069 1371 1194 4698 1051
internal_count=20196 6069 1371 1194 4698 1051
is_linear=0
shrinkage=0.05


Tree=239
num_leaves=7
num_cat=0
split_feature=35 11 21 12 0 48
split_gain=14.9333 31.4048 31.8786 32.2262 40.14 35.0832
threshold=0.026911166496574882 -0.013582787942141293 0.87500000000000011 0.038283528760075576 -0.019791760481894013 -0.30843418836593622
decision_type=2 2 2 2 2 2
left_child=-1 -2 3 5 -5 -3
right_child=1 2 -4 4 -6 -7
leaf_value=-1.2781528356239372e-05 -0.00018183836340801085 -5.1778662103749722e-06 0.00088804899079150332 -0.0003138662684524032 7.8219650329980966e-05 0.0001055779796016649
leaf_weight=12997 648 2465 82 402 388 3297
leaf_count=12997 648 2465 82 402 388 3297
internal_value=-0.000403027 0.0019178 0.00294849 0.00254308 -0.00688679 0.00384515
internal_weight=20279 7282 6634 6552 790 5762
internal_count=20279 7282 6634 6552 790 5762
is_linear=0
shrinkage=0.05


Tree=240
num_leaves=7
num_cat=0
split_feature=38 28 39 42 42 6
split_gain=12.3424 30.17 19.7947 27.228 13.5466 51.166
threshold=0.05250773765146733 0.010863640345633032 0.066393889486789717 0.1158958710730076 0.11179019138216974 0.73476442694664013
decision_type=2 2 2 2 2 2
left_child=2 -2 4 -4 -1 -6
right_child=1 -3 3 -5 5 -7
leaf_value=5.9024221843357889e-06 0.00040741770626765507 -0.00037965383322277564 -0.00031566427755537235 0.00025280269710472176 2.6234451132782023e-05 -0.00026439183502922859
leaf_weight=17466 255 66 364 102 1364 675
leaf_count=17466 255 66 364 102 1364 675
internal_value=-0.000402769 0.00958589 -0.000221516 -0.0103503 2.17837e-05 -0.00382828
internal_weight=20292 321 19971 466 19505 2039
internal_count=20292 321 19971 466 19505 2039
is_linear=0
shrinkage=0.05


Tree=241
num_leaves=7
num_cat=0
split_feature=21 45 48 0 48 36
split_gain=11.059 30.112 30.3098 25.4731 25.2847 27.3534
threshold=0.77500000596046459 0.1282836124300957 0.45530736446380621 -0.074294645339250551 2.3106207847595219 -0.28780040144920344
decision_type=2 2 2 2 2 2
left_child=1 3 -3 -1 5 -2
right_child=4 2 -4 -5 -6 -7
leaf_value=0.00080378607943165474 -1.7300123951056925e-06 -0.00035263194951313197 0.00018441963428791257 -7.120326356122468e-06 -0.00038515611623244223 0.00014668014794448704
leaf_weight=91 3370 403 104 14627 148 1579
leaf_count=91 3370 403 104 14627 148 1579
internal_value=-0.000431692 -0.00082239 -0.0127441 -0.000405828 0.00186691 0.00248789
internal_weight=20322 15225 507 14718 5097 4949
internal_count=20322 15225 507 14718 5097 4949
is_linear=0
shrinkage=0.05


Tree=242
num_leaves=7
num_cat=0
split_feature=32 39 31 43 10 39
split_gain=15.2485 59.6713 19.2723 17.7262 17.05 32.4391
threshold=1.166241526603699 -0.0076212184503674498 56.991672515869148 0.11433644220232965 0.12412478774785997 -0.00072382207144983102
decision_type=2 2 2 2 2 2
left_child=4 -2 -3 -4 -1 -6
right_child=1 2 3 -5 5 -7
leaf_value=-1.7185385263313296e-06 -0.00035137654748644814 -7.3452457410449904e-05 0.00041876392090380043 6.002899147088776e-06 -0.00035644110846582815 4.590467508112193e-05
leaf_weight=19136 115 95 332 94 280 341
leaf_count=19136 115 95 332 94 280 341
internal_value=-0.000361555 0.0074493 0.0146863 0.0191995 -0.000385842 -0.00850639
internal_weight=20393 636 521 426 19757 621
internal_count=20393 636 521 426 19757 621
is_linear=0
shrinkage=0.05


Tree=243
num_leaves=7
num_cat=0
split_feature=36 46 1 1 1 39
split_gain=12.4112 39.2795 37.7897 37.3072 28.3063 27.9036
threshold=-0.70298779010772694 0.91250610351562511 -0.0067013581283390513 0.021111606620252136 0.057350778952240951 0.055750869214534766
decision_type=2 2 2 2 2 2
left_child=1 2 -1 -3 -4 -5
right_child=-2 3 4 5 -6 -7
leaf_value=-2.3945171744935417e-05 -9.8666592156344335e-06 5.0620314356945646e-05 0.00035881377360222138 -0.000198186724114636 -8.0490888897149758e-05 0.00063726650259176513
leaf_weight=480 15677 2264 648 996 150 103
leaf_count=480 15677 2264 648 996 150 103
internal_value=-0.000485903 0.00220082 0.00964536 -0.000630938 0.0162827 -0.00817482
internal_weight=20318 4641 1278 3363 798 1099
internal_count=20318 4641 1278 3363 798 1099
is_linear=0
shrinkage=0.05


Tree=244
num_leaves=7
num_cat=0
split_feature=4 39 35 26 40 48
split_gain=15.5144 25.0912 25.5926 34.8896 37.6501 32.1217
threshold=-0.034619048237800591 0.017067288048565391 -0.27607540786266321 -0.036659413948655122 0.065712060779333129 -0.24717239290475843
decision_type=2 2 2 2 2 2
left_child=1 -1 3 4 -3 -6
right_child=-2 2 -4 -5 5 -7
leaf_value=-7.7228710884939392e-06 -1.9534829099223165e-05 0.00050700177891465921 2.0868370134617024e-06 0.00027204418922023289 2.7780462061176445e-05 -0.00051517312920993069
leaf_weight=6230 10358 134 1752 1000 725 83
leaf_count=6230 10358 134 1752 1000 725 83
internal_value=-0.000412826 0.00140749 0.00467018 0.00861582 0.00166315 -0.00242927
internal_weight=20282 9924 3694 1942 942 808
internal_count=20282 9924 3694 1942 942 808
is_linear=0
shrinkage=0.05


Tree=245
num_leaves=7
num_cat=0
split_feature=47 36 12 45 35 0
split_gain=13.578 47.7906 53.1275 54.663 45.5056 43.6177
threshold=1.0124127864837649 0.29837115108966833 -1.0000000180025095e-35 0.084666304290294661 0.22886496782302859 0.0010336678824387493
decision_type=2 2 2 2 2 2
left_child=-1 4 3 -3 -2 -6
right_child=1 2 -4 -5 5 -7
leaf_value=-1.5465682098995787e-05 9.9555781544052394e-06 0.00041477802162742715 4.668203544883334e-05 -6.7158151773644321e-06 -0.0007630886856805478 -3.7368064196494419e-05
leaf_weight=12110 5851 401 1256 187 174 242
leaf_count=12110 5851 401 1256 187 174 242
internal_value=-0.000458568 0.0016295 0.00869389 0.0210371 -0.000450415 -0.0163302
internal_weight=20221 8111 1844 588 6267 416
internal_count=20221 8111 1844 588 6267 416
is_linear=0
shrinkage=0.05


Tree=246
num_leaves=7
num_cat=0
split_feature=12 5 9 29 36 40
split_gain=12.2447 25.7401 37.5142 31.6579 31.5747 24.6998
threshold=-0.030010652728378769 -0.037213323637843125 -0.049154328182339661 -0.046883782371878617 0.74453172087669384 0.058866865932941444
decision_type=2 2 2 2 2 2
left_child=1 2 3 5 -4 -1
right_child=-2 -3 4 -5 -6 -7
leaf_value=-0.00032047316705284567 -9.5950204927645208e-06 -0.00017354555944447595 0.00012649065145721133 -0.00026066420660376504 -0.00026917599788701176 6.9341238654723221e-05
leaf_weight=141 16030 291 2031 499 122 1213
leaf_count=141 16030 291 2031 499 122 1213
internal_value=-0.00038732 0.00230707 0.00335951 -0.00184338 0.00784291 0.00211553
internal_weight=20327 4297 4006 1853 2153 1354
internal_count=20327 4297 4006 1853 2153 1354
is_linear=0
shrinkage=0.05


Tree=247
num_leaves=7
num_cat=0
split_feature=27 10 42 38 43 40
split_gain=14.6154 17.1195 24.7626 21.1511 16.697 50.3991
threshold=0.054624613374471671 -0.059560017660260194 0.097386859357357039 -0.025114567950367924 0.091222371906042113 0.088889021426439299
decision_type=2 2 2 2 2 2
left_child=4 3 -3 -2 -1 -6
right_child=1 2 -4 -5 5 -7
leaf_value=-6.9136671403164212e-06 -0.00014920381780618346 -3.5914657725996777e-05 -0.00030705120223951547 0.00032713602138704009 0.00029289506607609012 5.4239509355559014e-06
leaf_weight=14448 60 518 326 69 1007 3887
leaf_count=14448 60 518 326 69 1007 3887
internal_value=-0.000426919 -0.00595603 -0.0085689 0.0106343 0.000308833 0.00283221
internal_weight=20315 973 844 129 19342 4894
internal_count=20315 973 844 129 19342 4894
is_linear=0
shrinkage=0.05


Tree=248
num_leaves=7
num_cat=0
split_feature=15 24 35 35 38 39
split_gain=13.6206 29.8588 39.8599 39.9157 38.4025 32.4859
threshold=0.37500000000000006 -0.014613345731049774 0.49846634268760687 0.3334194570779801 0.0076545237097889194 -0.02703957166522741
decision_type=2 2 2 2 2 2
left_child=-1 2 3 -2 -3 -6
right_child=1 4 -4 -5 5 -7
leaf_value=-2.4182746698659654e-05 0.00011758567784688739 2.7994764526125093e-05 0.00046455663099868362 -0.00050956850682149651 0.00062460808193443929 -8.8975795400081351e-05
leaf_weight=7089 1502 7756 94 107 102 3601
leaf_count=7089 1502 7756 94 107 102 3601
internal_value=-0.000497383 0.00110693 0.00727459 0.00534387 0.000185363 -0.00399811
internal_weight=20251 13162 1703 1609 11459 3703
internal_count=20251 13162 1703 1609 11459 3703
is_linear=0
shrinkage=0.05


Tree=249
num_leaves=7
num_cat=0
split_feature=32 39 38 31 12 4
split_gain=11.5749 41.2089 32.0733 19.6694 16.1761 18.6189
threshold=1.166241526603699 -0.0076212184503674498 0.0083307358436286467 56.53496170043946 0.089821770787239089 0.57495978474617015
decision_type=2 2 2 2 2 2
left_child=4 -2 -3 -4 -1 -6
right_child=1 2 3 -5 5 -7
leaf_value=-2.5185375229978108e-07 -0.00028802988391301876 0.0005367439835413933 -0.00024104689259828879 0.00015540134222492992 -5.4606218683745434e-05 -0.00046490694443418885
leaf_weight=19387 112 260 52 220 181 107
leaf_count=19387 112 260 52 220 181 107
internal_value=-0.00050064 0.00658706 0.0124302 0.000270758 -0.000199441 -0.0118601
internal_weight=20319 644 532 272 19675 288
internal_count=20319 644 532 272 19675 288
is_linear=0
shrinkage=0.05


Tree=250
num_leaves=7
num_cat=0
split_feature=4 39 41 44 1 10
split_gain=13.7925 29.4069 25.4048 30.5247 42.5868 39.2832
threshold=0.28100225329399114 0.023963462561368946 0.088818956166505827 0.076536636799573912 -0.051030173897743218 -0.08248023688793181
decision_type=2 2 2 2 2 2
left_child=2 -2 3 4 -1 -5
right_child=1 -3 -4 5 -6 -7
leaf_value=-0.00077636003708130008 2.0519521626841802e-06 -0.00011752800251525046 0.00010991075776186984 0.00026507519025347224 3.1258402163341804e-05 -9.7156561374628968e-05
leaf_weight=66 5643 1728 3307 190 5467 3808
leaf_count=66 5643 1728 3307 190 5467 3808
internal_value=-0.000429158 -0.00161673 0.00109593 -0.000212353 0.00218942 -0.00354109
internal_weight=20209 7371 12838 9531 5533 3998
internal_count=20209 7371 12838 9531 5533 3998
is_linear=0
shrinkage=0.05


Tree=251
num_leaves=7
num_cat=0
split_feature=44 44 43 26 35 26
split_gain=12.6443 37.6957 54.8681 42.4787 28.3589 40.805
threshold=0.0657009892165661 0.071147490292787566 0.06471221894025804 0.10575031116604806 -0.72178032994270314 -0.016041488386690613
decision_type=2 2 2 2 2 2
left_child=-1 2 4 -4 5 -2
right_child=1 -3 3 -5 -6 -7
leaf_value=-2.5917802629512288e-05 -0.00031655036219511447 -7.7218471372741622e-06 -9.4201606456576176e-05 0.00072901204927063674 0.00022998523925131021 0.00068977677280506128
leaf_weight=4572 87 13468 943 69 1179 56
leaf_count=4572 87 13468 943 69 1179 56
internal_value=-0.000440404 0.000542481 0.00640231 -0.0023353 0.0130934 -0.00760135
internal_weight=20374 15802 2334 1012 1322 143
internal_count=20374 15802 2334 1012 1322 143
is_linear=0
shrinkage=0.05


Tree=252
num_leaves=7
num_cat=0
split_feature=0 36 36 36 10 36
split_gain=13.7782 26.2028 18.1308 14.5433 11.6277 29.8045
threshold=-0.074294645339250551 -0.16162944585084912 -0.88011160492897023 0.6135961413383485 0.013741362839937212 -0.16162944585084912
decision_type=2 2 2 2 2 2
left_child=1 2 -1 -3 5 -2
right_child=4 3 -4 -5 -6 -7
leaf_value=7.4471625090076799e-05 -6.0571203896933009e-05 0.00077280038965710902 -0.00057461578518538253 5.2152163623144308e-06 1.6984979689095916e-05 1.5847474074246479e-05
leaf_weight=101 6487 125 57 50 7888 5604
leaf_count=101 6487 125 57 50 7888 5604
internal_value=-0.000510656 0.00983728 -0.0047546 0.0229167 -0.000341523 -0.00131655
internal_weight=20312 333 158 175 19979 12091
internal_count=20312 333 158 175 19979 12091
is_linear=0
shrinkage=0.05


Tree=253
num_leaves=7
num_cat=0
split_feature=15 0 39 34 26 36
split_gain=11.5401 16.2005 29.6379 18.9932 12.9696 18.0616
threshold=0.97499999403953563 -0.008763194549828766 0.0081448494456708449 -0.019582328386604782 0.15711338818073275 0.079591963440179839
decision_type=2 2 2 2 2 2
left_child=-1 4 -3 -4 5 -2
right_child=1 2 3 -5 -6 -7
leaf_value=7.5379372176181249e-06 -3.3672997724613884e-05 0.00029641296410078377 -0.00060950875136730272 4.760420680879108e-05 0.00010999521889026647 -0.00027737445932783162
leaf_weight=19293 249 154 59 95 162 322
leaf_count=19293 249 154 59 95 162 322
internal_value=-0.000446187 -0.00480402 0.00471246 -0.0105346 -0.00884146 -0.0123698
internal_weight=20334 1041 308 154 733 571
internal_count=20334 1041 308 154 733 571
is_linear=0
shrinkage=0.05


Tree=254
num_leaves=7
num_cat=0
split_feature=24 31 40 43 32 2
split_gain=10.451 33.1435 30.3626 62.396 43.9389 35.652
threshold=-0.034057782962918275 39.027219772338874 0.088889021426439299 0.094439152628183379 0.79672503471374523 0.010332333855330946
decision_type=2 2 2 2 2 2
left_child=-1 -2 3 -3 5 -4
right_child=1 2 4 -5 -6 -7
leaf_value=3.2906218890790679e-05 -0.00018132073156800258 8.0076462217067254e-06 -0.00020122176065467002 0.00042717386876782963 0.00011753373834485136 -8.6472425330676042e-06
leaf_weight=4696 402 10925 1647 462 834 1353
leaf_count=4696 402 10925 1647 462 834 1353
internal_value=-0.000441596 -0.000353532 2.13451e-05 0.00131891 -0.00382261 -0.00664725
internal_weight=20319 15623 15221 11387 3834 3000
internal_count=20319 15623 15221 11387 3834 3000
is_linear=0
shrinkage=0.05


Tree=255
num_leaves=7
num_cat=0
split_feature=44 21 44 0 17 19
split_gain=9.90701 33.3647 32.0038 33.7025 37.8308 44.3151
threshold=0.0657009892165661 0.17500000447034839 0.059481915086507804 0.0042153357062488803 0.57500001788139354 0.27500000596046453
decision_type=2 2 2 2 2 2
left_child=2 -2 -1 4 5 -4
right_child=1 -3 3 -5 -6 -7
leaf_value=1.3884198509254032e-05 0.00013045437357167211 2.1056206207958409e-06 -0.00022238531289782697 2.0535556137336397e-05 -0.00022640278065651204 0.00032542803100351757
leaf_weight=2627 997 14635 234 730 805 218
leaf_count=2627 997 14635 234 730 805 218
internal_value=-0.000398746 0.000778602 -0.00185646 -0.00663906 -0.0115887 0
internal_weight=20246 15632 4614 1987 1257 452
internal_count=20246 15632 4614 1987 1257 452
is_linear=0
shrinkage=0.05


Tree=256
num_leaves=7
num_cat=0
split_feature=21 44 47 46 44 17
split_gain=11.9313 30.6085 40.9876 36.0081 30.9781 36.0679
threshold=0.47499999403953558 0.0657009892165661 1.0364001989364626 1.1652351021766665 0.056074006482958801 0.57500001788139354
decision_type=2 2 2 2 2 2
left_child=1 2 4 -3 -1 -6
right_child=-2 3 -4 -5 5 -7
leaf_value=5.8461836606181575e-06 -2.117977991767937e-05 7.9278615419748591e-05 6.4723616685811178e-05 -0.00026812427328686694 -1.4304505061441919e-05 -0.00019098263522218366
leaf_weight=1321 11192 4767 1161 299 735 845
leaf_count=1321 11192 4767 1161 299 735 845
internal_value=-0.000466175 0.00116884 -0.00205926 0.00376159 -0.00523916 -0.00995268
internal_weight=20320 9128 4062 5066 2901 1580
internal_count=20320 9128 4062 5066 2901 1580
is_linear=0
shrinkage=0.05


Tree=257
num_leaves=7
num_cat=0
split_feature=38 28 37 35 44 42
split_gain=11.6459 31.2404 14.7805 12.4174 31.0907 27.1753
threshold=0.05250773765146733 0.012724376283586027 -0.00060395107720978547 0.026911166496574882 0.056074006482958801 0.059597676619887359
decision_type=2 2 2 2 2 2
left_child=3 2 -2 -1 -5 -6
right_child=1 -3 -4 4 5 -7
leaf_value=-1.6955920108614221e-05 -6.5522648827546012e-05 -0.00039722334219542986 0.00054061195403697613 0.00011820148158917968 -0.00013033488417216744 1.7900731275558328e-05
leaf_weight=12896 60 61 197 841 829 5460
leaf_count=12896 60 61 197 841 829 5460
internal_value=-0.000465625 0.00921053 0.0168893 -0.000358195 0.00131395 9.93009e-05
internal_weight=20344 318 257 20026 7130 6289
internal_count=20344 318 257 20026 7130 6289
is_linear=0
shrinkage=0.05


Tree=258
num_leaves=7
num_cat=0
split_feature=33 27 3 22 2 3
split_gain=12.7248 29.0891 21.6556 35.7408 28.9677 21.9346
threshold=0.031798796728253372 -0.03918048366904258 0.0090112718753516691 0.82500001788139354 0.0084479092620313185 0.0071747284382581719
decision_type=2 2 2 2 2 2
left_child=2 -2 3 5 -5 -1
right_child=1 -3 -4 4 -6 -7
leaf_value=3.6553481369338183e-05 -0.00047638642385148508 -1.1481735073284699e-05 0.00011420610759105981 -0.00036648175185980325 7.074662530959643e-06 -5.2322060843904484e-05
leaf_weight=5396 157 8939 2478 440 365 2492
leaf_count=5396 157 8939 2478 440 365 2492
internal_value=-0.000418064 -0.00137073 0.00114755 -2.5868e-05 -0.0100309 0.000997719
internal_weight=20267 9096 11171 8693 805 7888
internal_count=20267 9096 11171 8693 805 7888
is_linear=0
shrinkage=0.05


Tree=259
num_leaves=7
num_cat=0
split_feature=15 41 0 32 48 12
split_gain=12.3367 16.9816 22.0756 18.9579 15.373 62.853
threshold=0.97499999403953563 0.0914197973906994 -0.021504472009837624 1.3922903537750246 -0.24717239290475843 0.038283528760075576
decision_type=2 2 2 2 2 2
left_child=4 -2 3 -3 5 -1
right_child=1 2 -4 -5 -6 -7
leaf_value=-5.7195110581337746e-06 -0.00013747305880154175 -0.00043718407407559377 0.0003350096898541136 0.00092602622547802616 2.3245473299993658e-05 -0.00044352356826503011
leaf_weight=9167 688 124 120 65 9783 331
leaf_count=9167 688 124 120 65 9783 331
internal_value=-0.000457279 -0.00541417 0.00421975 -0.00631443 0.000276107 -0.0011549
internal_weight=20278 997 309 189 19281 9498
internal_count=20278 997 309 189 19281 9498
is_linear=0
shrinkage=0.05


Tree=260
num_leaves=7
num_cat=0
split_feature=12 22 48 3 35 40
split_gain=14.5268 25.2266 44.3454 36.8722 26.783 24.2335
threshold=-0.031879551708698266 0.37500000000000006 -0.58884191513061512 0.0082778725773096102 0.44205504655838018 0.088889021426439299
decision_type=2 2 2 2 2 2
left_child=1 2 3 4 -1 -2
right_child=5 -3 -4 -5 -6 -7
leaf_value=2.0262040536508846e-05 6.8227030989761673e-06 7.4816507920342284e-05 0.00026173926465488626 -0.0006547568257077494 -0.00028539418335219759 -6.9031883451299811e-05
leaf_weight=412 12298 3176 146 145 140 4075
leaf_count=412 12298 3176 146 145 140 4075
internal_value=-0.0004106 0.00278951 -0.00486439 -0.0101496 -0.00408438 -0.000563256
internal_weight=20392 4019 843 697 552 16373
internal_count=20392 4019 843 697 552 16373
is_linear=0
shrinkage=0.05


Tree=261
num_leaves=7
num_cat=0
split_feature=36 39 39 41 27 22
split_gain=13.1604 33.0491 29.6226 28.5681 35.2798 29.7022
threshold=0.29837115108966833 -0.063188947737216936 -0.063188947737216936 0.047943986952304847 0.033702434971928603 0.67499998211860668
decision_type=2 2 2 2 2 2
left_child=1 -1 -2 -4 -5 -6
right_child=2 -3 3 4 5 -7
leaf_value=0.00020209156718275167 -0.00027851937036721934 -1.2851219844577279e-05 -0.00015759599000768392 8.4000113989523667e-05 -2.8671850517004712e-05 -0.00062016404595385008
leaf_weight=238 91 14931 469 3927 546 97
leaf_count=238 91 14931 469 3927 546 97
internal_value=-0.00041248 -0.000693621 0.00223466 0.00276071 0.00397268 -0.0068287
internal_weight=20299 15169 5130 5039 4570 643
internal_count=20299 15169 5130 5039 4570 643
is_linear=0
shrinkage=0.05


Tree=262
num_leaves=7
num_cat=0
split_feature=32 39 42 22 21 36
split_gain=13.0262 32.1861 18.5173 16.4128 19.5156 34.7906
threshold=1.166241526603699 -0.0076212184503674498 0.075497794896364226 0.67499998211860668 0.52500000596046459 0.64951458573341381
decision_type=2 2 2 2 2 2
left_child=-1 2 -2 4 5 -3
right_child=1 3 -4 -5 -6 -7
leaf_value=-3.4022880481517865e-06 -0.00039728499814510582 0.00057086616887634439 4.4584389451820909e-05 4.028325590542636e-05 0.00083198381221364346 -0.00032249685063182786
leaf_weight=19654 62 93 54 217 154 65
leaf_count=19654 62 93 54 217 154 65
internal_value=-0.000461732 0.00696154 -0.0163223 0.0122191 0.0194795 0.00659509
internal_weight=20299 645 116 529 312 158
internal_count=20299 645 116 529 312 158
is_linear=0
shrinkage=0.05


Tree=263
num_leaves=7
num_cat=0
split_feature=36 47 50 38 42 47
split_gain=13.1346 50.8615 42.5598 33.5116 30.3793 33.6811
threshold=0.29837115108966833 1.0048641562461855 0.37128229439258581 -0.022661903873085972 0.090832501649856581 0.71447846293449413
decision_type=2 2 2 2 2 2
left_child=-1 3 -3 -2 5 -5
right_child=1 2 -4 4 -6 -7
leaf_value=-9.2075675412195412e-06 -0.00033962160226217201 0.00028735129225732417 7.0116228547544989e-06 -0.00035957306428006811 0.0002306991005175948 6.6303698374177264e-07
leaf_weight=15144 257 1045 939 167 166 2554
leaf_count=15144 257 1045 939 167 166 2554
internal_value=-0.000462347 0.0022745 0.00853444 -0.00167513 -0.000112379 -0.00140315
internal_weight=20272 5128 1984 3144 2887 2721
internal_count=20272 5128 1984 3144 2887 2721
is_linear=0
shrinkage=0.05


Tree=264
num_leaves=7
num_cat=0
split_feature=12 22 48 42 1 35
split_gain=11.3587 26.9246 38.0802 37.5304 34.7923 27.952
threshold=-0.035942742601037019 0.37500000000000006 -0.69490608572959889 0.066783551126718535 -0.018839227966964241 -0.85708025097846974
decision_type=2 2 2 2 2 2
left_child=1 2 3 -1 -3 -6
right_child=-2 4 -4 -5 5 -7
leaf_value=6.6943479633500762e-05 -7.8719995732482249e-06 -0.00015439516969411546 0.00052661928956643212 -0.00045241389001582014 -8.3299150292003726e-05 0.00014669496052298494
leaf_weight=167 16890 360 95 329 487 1830
leaf_count=167 16890 360 95 329 487 1830
internal_value=-0.000460001 0.00268103 -0.00692114 -0.012525 0.00481916 0.00707364
internal_weight=20158 3268 591 496 2677 2317
internal_count=20158 3268 591 496 2677 2317
is_linear=0
shrinkage=0.05


Tree=265
num_leaves=7
num_cat=0
split_feature=36 42 1 28 44 44
split_gain=11.853 21.2667 14.9134 20.2634 14.6836 14.3416
threshold=0.8737131953239442 0.062752153724432005 -0.032692397013306611 0.0026984502328559761 0.079213861376047148 0.0657009892165661
decision_type=2 2 2 2 2 2
left_child=5 -2 -3 4 -4 -1
right_child=1 2 3 -5 -6 -7
leaf_value=-2.3283528155513299e-05 0.00016684462233557861 -0.00077603001198473193 0.00015550971335387301 -0.00027998203804775718 -0.0001568336448680009 1.399900978997906e-05
leaf_weight=4568 92 53 57 57 52 15327
leaf_count=4568 92 53 57 57 52 15327
internal_value=-0.00043417 -0.00957278 -0.0179688 -0.00979532 0.00285088 0.000187186
internal_weight=20206 311 219 166 109 19895
internal_count=20206 311 219 166 109 19895
is_linear=0
shrinkage=0.05


Tree=266
num_leaves=7
num_cat=0
split_feature=37 27 24 35 48 27
split_gain=9.89969 23.476 15.2096 15.149 14.1847 23.9635
threshold=-0.0010353854158893225 -0.042774988338351243 -0.066204201430082307 -0.47038590908050532 -0.58884191513061512 -0.004383737687021493
decision_type=2 2 2 2 2 2
left_child=1 2 -1 -4 5 -3
right_child=-2 4 3 -5 -6 -7
leaf_value=1.3128017389093519e-05 9.7582106232342623e-06 -1.7904072946163796e-06 -0.00059078847776283534 -0.00011343458642976519 6.0869743448657096e-06 -0.00017619267272039012
leaf_weight=153 12655 1509 141 194 4836 874
leaf_count=153 12655 1509 141 194 4836 874
internal_value=-0.000435754 -0.00155926 -0.0121197 -0.0180147 -0.000834025 -0.00398869
internal_weight=20362 7707 488 335 7219 2383
internal_count=20362 7707 488 335 7219 2383
is_linear=0
shrinkage=0.05


Tree=267
num_leaves=7
num_cat=0
split_feature=10 46 26 46 35 32
split_gain=14.3024 35.4909 34.2412 27.7185 30.7189 42.8752
threshold=0.0055081730242818603 0.86900916695594799 0.10575031116604806 0.84966114163398754 0.026911166496574882 -0.33700801432132715
decision_type=2 2 2 2 2 2
left_child=3 2 -2 -1 5 -5
right_child=1 -3 -4 4 -6 -7
leaf_value=6.765758970824333e-05 -4.3981563098000063e-05 5.0166453145817284e-05 -0.0005934654282392436 -3.7372431438753051e-06 2.3378050001298107e-05 -0.00017740861076741339
leaf_weight=1728 1369 7638 168 3261 3241 2990
leaf_count=1728 1369 7638 168 3261 3241 2990
internal_value=-0.000444853 0.00145153 -0.00546368 -0.00120935 -0.00227177 -0.00431985
internal_weight=20395 9175 1537 11220 9492 6251
internal_count=20395 9175 1537 11220 9492 6251
is_linear=0
shrinkage=0.05


Tree=268
num_leaves=7
num_cat=0
split_feature=40 35 1 2 35 3
split_gain=9.80806 48.3621 25.1769 23.985 19.9656 21.1362
threshold=0.042134543880820281 -0.10390888899564742 0.030453628860414032 0.0049722269177436837 -0.023764542303979393 0.0039737639017403134
decision_type=2 2 2 2 2 2
left_child=1 -1 4 -2 -3 -6
right_child=3 2 -4 -5 5 -7
leaf_value=0.00016053660515982126 -8.9677983570690418e-05 -0.00014446460445147183 0.00034646909128532659 -1.9463079782225044e-06 0.00040565726933577582 -7.3718858764325155e-05
leaf_weight=575 976 184 60 17654 90 746
leaf_count=575 976 184 60 17654 90 746
internal_value=-0.000466979 0.00338855 -0.0028341 -0.000621143 -0.0047561 -0.00139715
internal_weight=20285 1655 1080 18630 1020 836
internal_count=20285 1655 1080 18630 1020 836
is_linear=0
shrinkage=0.05


Tree=269
num_leaves=7
num_cat=0
split_feature=48 42 38 31 48 24
split_gain=12.2029 14.9809 13.5864 14.8052 13.1608 50.2626
threshold=-2.501289844512939 0.069278467446565642 0.0083307358436286467 38.099834442138679 -0.58884191513061512 0.022266382351517681
decision_type=2 2 2 2 2 2
left_child=1 -1 -3 -4 5 -2
right_child=4 2 3 -5 -6 -7
leaf_value=0.00051838536186574874 -1.1355844475850839e-05 -7.6299301683859218e-05 0.00058421694829213333 2.0887405465116074e-05 1.5087295001446556e-05 -0.00044843982144206435
leaf_weight=56 7012 112 67 91 12759 190
leaf_count=56 7012 112 67 91 12759 190
internal_value=-0.000388084 0.00989426 0.00463636 0.0139571 0.00021161 -0.00149507
internal_weight=20287 326 270 158 19961 7202
internal_count=20287 326 270 158 19961 7202
is_linear=0
shrinkage=0.05


Tree=270
num_leaves=7
num_cat=0
split_feature=15 3 47 48 17 13
split_gain=11.4031 24.85 22.8375 21.816 34.6979 21.6725
threshold=0.37500000000000006 0.0043254459742456683 0.8786216974258424 -1.6153085231781004 0.22500000149011615 -0.011359831318259237
decision_type=2 2 2 2 2 2
left_child=1 2 -1 4 -2 -6
right_child=3 -3 -4 -5 5 -7
leaf_value=0.00016659544558090102 -0.00013675495478118055 -1.4233165872881086e-05 -0.00016874600091833296 5.3714924749433124e-06 0.00043876399018461036 9.9384728964275725e-05
leaf_weight=64 116 6815 192 12708 203 170
leaf_count=64 116 6815 192 12708 203 170
internal_value=-0.000457505 -0.00161461 -0.0167625 0.000872974 0.0111842 0.0185847
internal_weight=20268 7071 256 13197 489 373
internal_count=20268 7071 256 13197 489 373
is_linear=0
shrinkage=0.05


Tree=271
num_leaves=7
num_cat=0
split_feature=35 36 13 40 6 6
split_gain=15.6266 16.1689 15.2007 16.9678 11.9321 10.9115
threshold=0.84038782119750988 0.83544835448265087 0.051146253943443305 0.14657470583915713 0.078449141234159483 0.9457334876060487
decision_type=2 2 2 2 2 2
left_child=2 -2 -1 5 -3 -4
right_child=1 4 3 -5 -6 -7
leaf_value=3.9744829344334936e-06 0.00017268922233200162 6.7145857326832622e-05 0.00012664370987062234 -0.00058800290737823886 -0.00026435068138210178 -0.00035147978687724172
leaf_weight=19768 78 52 73 54 185 170
leaf_count=19768 78 52 73 54 185 170
internal_value=-0.000425558 -0.0110156 0.000120827 -0.0110099 -0.0174587 -0.00493952
internal_weight=20380 315 20065 297 237 243
internal_count=20380 315 20065 297 237 243
is_linear=0
shrinkage=0.05


Tree=272
num_leaves=7
num_cat=0
split_feature=39 47 36 20 44 26
split_gain=13.1358 30.0813 32.5629 38.0388 35.7171 29.579
threshold=0.033000957220792777 0.85819506645202648 -0.20146576315164563 0.22500000149011615 0.092093393206596388 0.055732127279043205
decision_type=2 2 2 2 2 2
left_child=-1 -2 3 4 -3 -4
right_child=1 2 5 -5 -6 -7
leaf_value=4.7202107610213373e-06 0.00029926891508790334 -0.00010452221393743436 8.5794490012611757e-05 -0.00028476786674949879 0.00038379749770080555 -0.00012731191375709404
leaf_weight=16744 102 386 1102 831 235 897
leaf_count=16744 102 386 1102 831 235 897
internal_value=-0.00040267 -0.00295812 -0.00376881 -0.00945436 -3.99361e-05 0.000361776
internal_weight=20297 3553 3451 1452 621 1999
internal_count=20297 3553 3451 1452 621 1999
is_linear=0
shrinkage=0.05


Tree=273
num_leaves=7
num_cat=0
split_feature=10 1 36 45 9 40
split_gain=10.6682 47.1133 42.7357 45.7659 37.8005 35.1812
threshold=0.0055081730242818603 -0.018839227966964241 0.56821760535240184 0.089829079806804671 -0.013420192990452049 0.099759507924318327
decision_type=2 2 2 2 2 2
left_child=1 2 3 4 -1 -5
right_child=-2 -3 -4 5 -6 -7
leaf_value=-0.00050607374102005294 1.9878194060314854e-05 5.1371694269049213e-06 9.4504250020130767e-05 0.00028125769316777419 5.3239444585460958e-05 -0.00021508283085771627
leaf_weight=629 9127 9511 311 218 142 302
leaf_count=629 9127 9511 311 218 142 302
internal_value=-0.000458138 -0.000901691 -0.00882078 -0.0128279 -0.0205219 -0.00128571
internal_weight=20240 11113 1602 1291 771 520
internal_count=20240 11113 1602 1291 771 520
is_linear=0
shrinkage=0.05


Tree=274
num_leaves=7
num_cat=0
split_feature=13 43 39 38 43 42
split_gain=11.7734 15.6798 17.9339 17.622 11.4754 32.8407
threshold=0.051146253943443305 0.11433644220232965 0.017912740819156173 -0.0010329186334274707 0.11094567179679872 0.1158958710730076
decision_type=2 2 2 2 2 2
left_child=4 3 -3 -2 5 -1
right_child=1 2 -4 -5 -6 -7
leaf_value=1.3192543555087745e-06 -0.00043169639109128351 -6.3039398964732674e-05 -0.00098752826799225761 0.00029043396896192018 6.6388417103066728e-05 -0.00015663065554557848
leaf_weight=16731 51 96 83 99 2414 783
leaf_count=16731 51 96 83 99 2414 783
internal_value=-0.000438012 -0.00935629 -0.0191576 0.00241935 0.000109116 -0.00033535
internal_weight=20257 329 179 150 19928 17514
internal_count=20257 329 179 150 19928 17514
is_linear=0
shrinkage=0.05


Tree=275
num_leaves=7
num_cat=0
split_feature=27 44 26 3 48 47
split_gain=11.8194 18.7671 47.9901 31.874 25.1054 24.8703
threshold=0.075250901281833663 0.1230062134563923 0.10575031116604806 0.0073651405982673177 1.2900286912918093 0.6775178611278535
decision_type=2 2 2 2 2 2
left_child=1 5 3 -3 -5 -1
right_child=-2 2 -4 4 -6 -7
leaf_value=0.00055638881542947275 -0.0002045878551942858 -0.00017800126591443344 -0.00027820402619016006 0.00032630232314685118 1.8205629811991147e-05 -3.5539713034009671e-06
leaf_weight=135 319 110 167 662 273 18591
leaf_count=135 319 110 167 662 273 18591
internal_value=-0.000428141 0.000289575 0.00630649 0.0103095 0.0133245 -0.000100101
internal_weight=20257 19938 1212 1045 935 18726
internal_count=20257 19938 1212 1045 935 18726
is_linear=0
shrinkage=0.05


Tree=276
num_leaves=7
num_cat=0
split_feature=10 12 28 50 40 38
split_gain=14.0479 22.4981 30.936 27.4164 26.9342 38.738
threshold=0.0055081730242818603 -0.030010652728378769 -0.016242895275354382 0.88050791621208202 0.062770318239927306 -0.0085829561576247198
decision_type=2 2 2 2 2 2
left_child=1 -1 -3 -4 -5 -6
right_child=-2 2 3 4 5 -7
leaf_value=2.8167740587469923e-05 1.8203487420152571e-05 -0.00032099444468976874 -7.3955419832898839e-05 0.00012251264191931859 0.0001524747748124039 -0.00015449900806898851
leaf_weight=4049 9118 199 4734 919 429 930
leaf_count=4049 9118 199 4734 919 429 930
internal_value=-0.000484472 -0.00129383 -0.0029691 -0.00240487 0.00209155 -0.00236437
internal_weight=20378 11260 7211 7012 2278 1359
internal_count=20378 11260 7211 7012 2278 1359
is_linear=0
shrinkage=0.05


Tree=277
num_leaves=7
num_cat=0
split_feature=4 39 40 39 45 40
split_gain=10.3723 31.7701 32.0293 25.5795 30.3783 60.4208
threshold=0.28100225329399114 -0.015624920837581156 0.055892633274197585 0.017067288048565391 0.089829079806804671 0.094107102602720274
decision_type=2 2 2 2 2 2
left_child=3 2 -2 4 -1 -6
right_child=1 -3 -4 -5 5 -7
leaf_value=-3.0845650056866721e-05 0.00023208838055833043 -4.9779743232883806e-05 7.9277952214512958e-06 6.5233416067406497e-05 0.00028812372077066195 -5.2143800304040471e-05
leaf_weight=6349 429 5806 1265 4755 793 991
leaf_count=6349 429 5806 1265 4755 793 991
internal_value=-0.000430295 -0.00131579 0.00469394 0.00102187 -0.000678914 0.00507267
internal_weight=20388 7500 1694 12888 8133 1784
internal_count=20388 7500 1694 12888 8133 1784
is_linear=0
shrinkage=0.05


Tree=278
num_leaves=7
num_cat=0
split_feature=27 26 44 21 44 40
split_gain=10.7696 17.727 24.2345 15.1193 15.6626 22.3232
threshold=0.054624613374471671 -0.021578204818069931 0.071828149259090437 0.42499999701976782 0.097197141498327269 0.084059614688158049
decision_type=2 2 2 2 2 2
left_child=-1 -2 -3 -4 -5 -6
right_child=1 2 3 4 5 -7
leaf_value=6.9338436828380284e-06 0.00021603395654429806 0.0002720141672198339 -0.00053240861238644781 2.0765881311743915e-05 3.0837849570278852e-06 -0.00036019463547623667
leaf_weight=19291 129 129 82 299 135 204
leaf_count=19291 129 129 82 299 135 204
internal_value=-0.000447618 -0.00475585 -0.00740632 -0.011 -0.00820373 -0.0154797
internal_weight=20269 978 849 720 638 339
internal_count=20269 978 849 720 638 339
is_linear=0
shrinkage=0.05


Tree=279
num_leaves=7
num_cat=0
split_feature=7 8 47 15 45 44
split_gain=10.9523 15.8862 14.7881 19.6406 23.0405 15.82
threshold=0.031838595867156989 0.27357280254364019 0.86559692025184642 0.67499998211860668 0.045723354443907745 0.078448805958032622
decision_type=2 2 2 2 2 2
left_child=1 2 -1 4 -4 -5
right_child=-2 -3 3 5 -6 -7
leaf_value=0.00010676969336114659 -8.6351719801879807e-06 0.00012868646693715453 -0.00016066255518565816 -3.4745182138859855e-05 2.8966565204473878e-05 -0.00062527933201862718
leaf_weight=549 17237 763 71 104 1345 108
leaf_count=549 17237 763 71 104 1345 108
internal_value=-0.000454613 0.00257216 0.000378093 -0.00200551 0.000123153 -0.0160138
internal_weight=20177 2940 2177 1628 1416 212
internal_count=20177 2940 2177 1628 1416 212
is_linear=0
shrinkage=0.05


Tree=280
num_leaves=7
num_cat=0
split_feature=36 10 45 20 39 0
split_gain=12.8902 47.9887 62.2819 16.2449 18.1991 15.1262
threshold=-0.93706035614013661 0.070901494473218932 0.068120658397674574 0.87500000000000011 0.022869834676384929 -0.04226721636950969
decision_type=2 2 2 2 2 2
left_child=1 2 -1 4 -4 -2
right_child=5 -3 3 -5 -6 -7
leaf_value=-0.00013355636674594598 7.3848294298091093e-05 -0.00026288946788973182 0.00043066095958377119 4.8527313161835037e-05 6.1593369894332223e-05 -1.0544743705792365e-05
leaf_weight=117 1519 118 267 107 69 18100
leaf_count=117 1519 118 267 107 69 18100
internal_value=-0.000437149 0.00655198 0.0126991 0.0212612 0.0266129 -0.000434417
internal_weight=20297 678 560 443 336 19619
internal_count=20297 678 560 443 336 19619
is_linear=0
shrinkage=0.05


Tree=281
num_leaves=7
num_cat=0
split_feature=21 48 44 46 44 44
split_gain=11.9582 39.9092 41.7677 64.1321 39.7621 34.821
threshold=0.47499999403953558 -1.0998796224594114 0.067851986736059203 1.1652351021766665 0.071147490292787566 0.0657009892165661
decision_type=2 2 2 2 2 2
left_child=1 4 -3 -4 5 -1
right_child=-2 2 3 -5 -6 -7
leaf_value=-3.0253851069163328e-05 -2.3243995376067778e-05 -5.8344881231865582e-06 0.00013878544441647949 -0.00038687199976013254 -0.00017094376355389376 0.0003119168791365843
leaf_weight=862 11203 3874 3090 210 893 270
leaf_count=862 11203 3874 3090 210 893 270
internal_value=-0.000454501 0.00110007 0.00285207 0.00698185 -0.00508621 0.00112137
internal_weight=20402 9199 7174 3300 2025 1132
internal_count=20402 9199 7174 3300 2025 1132
is_linear=0
shrinkage=0.05


Tree=282
num_leaves=7
num_cat=0
split_feature=10 13 22 49 48 44
split_gain=10.0299 25.0814 41.7987 33.9124 31.167 37.6383
threshold=0.0082502956502139586 -0.005205039167776703 0.87500000000000011 -2.3547326326370235 -0.58884191513061512 0.071147490292787566
decision_type=2 2 2 2 2 2
left_child=-1 2 3 -2 5 -3
right_child=1 4 -4 -5 -6 -7
leaf_value=-1.5137526937375814e-05 -0.00028876076530448341 0.00011676100023836497 0.0004260670556012007 7.5203208227971627e-05 1.0160896937590204e-05 -0.00028946482965930211
leaf_weight=11572 153 319 355 2212 5054 689
leaf_count=11572 153 319 355 2212 5054 689
internal_value=-0.000524338 0.00103278 0.00501835 0.00258439 -0.000754079 -0.00876111
internal_weight=20354 8782 2720 2365 6062 1008
internal_count=20354 8782 2720 2365 6062 1008
is_linear=0
shrinkage=0.05


Tree=283
num_leaves=7
num_cat=0
split_feature=0 48 44 35 36 47
split_gain=11.8367 24.3483 35.1363 31.2931 35.7791 31.2076
threshold=-0.008763194549828766 -0.58884191513061512 0.11929344758391382 -0.30154854059219355 -0.48673067986965174 1.0450214147567751
decision_type=2 2 2 2 2 2
left_child=1 2 3 4 -1 -6
right_child=-2 -3 -4 -5 5 -7
leaf_value=-0.0001356475513072981 1.1345174268703003e-05 -2.4327272077962687e-06 0.00054403201605072332 -0.0002746293094202136 1.5895579957752107e-06 0.0011953711555137874
leaf_weight=437 13025 6007 69 713 110 73
leaf_count=437 13025 6007 69 713 110 73
internal_value=-0.000355937 -0.00159496 -0.00751599 -0.00936099 -0.00108 0.0171543
internal_weight=20434 7409 1402 1333 620 183
internal_count=20434 7409 1402 1333 620 183
is_linear=0
shrinkage=0.05


Tree=284
num_leaves=7
num_cat=0
split_feature=36 35 48 41 42 34
split_gain=10.7204 19.8594 47.597 23.8061 16.8624 16.8483
threshold=0.8737131953239442 0.77042999863624584 0.85243600606918346 0.092836070805788054 0.062752153724432005 0.071680575609207167
decision_type=2 2 2 2 2 2
left_child=1 -1 3 -3 5 -2
right_child=4 2 -4 -5 -6 -7
leaf_value=-6.8626854402541252e-06 0.00048865453465227529 0.00045872711592228189 -0.00010314522648329902 -0.00011707709959388131 -0.00018091016908767014 -5.8337800668739738e-05
leaf_weight=19287 50 305 289 71 226 50
leaf_count=19287 50 305 289 71 226 50
internal_value=-0.000432628 -0.000214211 0.00824627 0.0198819 -0.00929003 0.00738095
internal_weight=20278 19952 665 376 326 100
internal_count=20278 19952 665 376 326 100
is_linear=0
shrinkage=0.05


Tree=285
num_leaves=7
num_cat=0
split_feature=47 36 27 36 34 36
split_gain=11.308 41.256 41.1588 38.9478 32.9561 26.4517
threshold=0.95137661695480358 0.33278840780258184 0.017758124507963661 0.74453172087669384 0.016323688440024856 -0.55239969491958607
decision_type=2 2 2 2 2 2
left_child=5 -2 3 -3 -5 -1
right_child=1 2 -4 4 -6 -7
leaf_value=4.0630666080663873e-05 -1.3250275868724481e-06 0.00029053057250093115 -2.3056431232256458e-05 0.00019599210027121668 -0.00036646094727406158 -4.0691221426900965e-05
leaf_weight=3147 8828 1005 845 325 169 5991
leaf_count=3147 8828 1005 845 325 169 5991
internal_value=-0.000417179 0.00146506 0.00735419 0.0123172 0.000751503 -0.000905064
internal_weight=20310 11172 2344 1499 494 9138
internal_count=20310 11172 2344 1499 494 9138
is_linear=0
shrinkage=0.05


Tree=286
num_leaves=7
num_cat=0
split_feature=28 44 0 47 43 3
split_gain=12.1754 23.7053 20.4266 20.9329 23.201 25.1766
threshold=-0.0061798770911991588 0.05796597711741925 0.021387233398854736 0.86559692025184642 0.058878246694803245 0.0055689744185656318
decision_type=2 2 2 2 2 2
left_child=1 -1 3 -3 5 -5
right_child=-2 2 -4 4 -6 -7
leaf_value=0.00018291939360160598 -1.0822902141272017e-05 9.3379943241280535e-05 0.00013872104985839865 -0.00011780396124632792 -7.3520581791362103e-05 0.00031720329465338438
leaf_weight=382 15070 929 1106 64 2710 131
leaf_count=382 15070 929 1106 64 2710 131
internal_value=-0.000381184 0.0019664 0.00102629 -0.000696796 -0.0027921 0.013625
internal_weight=20392 5322 4940 3834 2905 195
internal_count=20392 5322 4940 3834 2905 195
is_linear=0
shrinkage=0.05


Tree=287
num_leaves=7
num_cat=0
split_feature=5 25 27 24 9 0
split_gain=11.3433 25.411 23.5642 24.1737 22.0961 16.5996
threshold=-0.72833147644996632 -0.052361439913511269 -0.054505711421370499 -0.066204201430082307 -0.078148335218429552 0.048176160082221038
decision_type=2 2 2 2 2 2
left_child=1 -1 3 -2 -4 -5
right_child=2 -3 4 5 -6 -7
leaf_value=0.00080964202928499257 2.3876999038064145e-05 4.2316681667849181e-05 0.00048523508493998548 -0.00019842672235870722 -1.7471128323854171e-06 -0.00079483334892759591
leaf_weight=75 205 586 116 200 19125 67
leaf_count=75 205 586 116 200 19125 67
internal_value=-0.000371706 0.00634384 -0.000290344 -0.0112683 -1.68866e-05 -0.0210478
internal_weight=20374 661 19713 472 19241 267
internal_count=20374 661 19713 472 19241 267
is_linear=0
shrinkage=0.05


Tree=288
num_leaves=7
num_cat=0
split_feature=43 21 35 40 22 17
split_gain=10.9718 34.2711 39.2267 39.093 33.1934 38.0359
threshold=0.1022569313645363 0.82500001788139354 -0.79759240150451649 0.094107102602720274 0.87500000000000011 0.27500000596046453
decision_type=2 2 2 2 2 2
left_child=4 2 -2 -3 -1 -6
right_child=1 3 -4 -5 5 -7
leaf_value=7.2519002411951643e-07 -0.0004019325676236276 0.00051751549446440016 4.0262876996106805e-06 8.2624039860428774e-05 0.00013436678981302598 -0.0002011741302046372
leaf_weight=14962 220 258 1557 1579 384 1294
leaf_count=14962 220 258 1557 1579 384 1294
internal_value=-0.000472629 0.00234181 -0.0025954 0.00712541 -0.000695404 -0.00735294
internal_weight=20254 3614 1777 1837 16640 1678
internal_count=20254 3614 1777 1837 16640 1678
is_linear=0
shrinkage=0.05


Tree=289
num_leaves=7
num_cat=0
split_feature=36 1 1 28 35 21
split_gain=10.4951 20.5947 28.1906 17.0126 11.8501 40.9812
threshold=0.8737131953239442 -0.051030173897743218 -0.0052974128630012265 -0.00040052260737866158 0.77042999863624584 0.17500000447034839
decision_type=2 2 2 2 2 2
left_child=4 -2 -3 -4 -1 -6
right_child=1 2 3 -5 5 -7
leaf_value=-8.8539961011318275e-07 -0.00066085932725726011 0.00028500234052093726 1.9227900032933342e-05 -0.00021302387525948239 0.00091178843349591805 1.5650438721520871e-05
leaf_weight=19248 55 76 92 93 95 552
leaf_count=19248 55 76 92 93 95 552
internal_value=-0.000300505 -0.00895639 -0.00272556 -0.0132895 0.000157035 0.00678681
internal_weight=20211 316 261 185 19895 647
internal_count=20211 316 261 185 19895 647
is_linear=0
shrinkage=0.05


Tree=290
num_leaves=7
num_cat=0
split_feature=3 11 47 43 3 35
split_gain=13.307 18.6741 15.1508 34.4704 24.2996 31.606
threshold=0.015121629461646082 0.021334678865969185 1.3260803222656252 0.15767668187618258 0.012401974759995939 -0.69301089644432057
decision_type=2 2 2 2 2 2
left_child=2 -2 3 -1 -4 -6
right_child=1 -3 4 -5 5 -7
leaf_value=-2.9797197581698698e-06 0.00027847531517717725 -0.00012496288828195502 -3.5083330436023314e-05 0.00052278512905733893 0.00029204470050649134 -0.00058514888533984621
leaf_weight=18345 228 105 1102 177 78 182
leaf_count=18345 228 105 1102 177 78 182
internal_value=-0.000458659 0.00954142 -0.00046131 -8.50111e-05 -0.00554133 -0.0191509
internal_weight=20217 333 19884 18522 1362 260
internal_count=20217 333 19884 18522 1362 260
is_linear=0
shrinkage=0.05


Tree=291
num_leaves=7
num_cat=0
split_feature=15 45 44 0 42 22
split_gain=9.8432 17.1324 21.6649 19.3918 18.3132 21.0966
threshold=0.97499999403953563 0.092496652156114592 0.070363357663154616 -0.021504472009837624 0.089847929775714888 0.82500001788139354
decision_type=2 2 2 2 2 2
left_child=-1 2 -2 -3 -4 -6
right_child=1 3 4 -5 5 -7
leaf_value=1.4669499405228304e-06 1.4173219959920803e-05 -8.1846209874265159e-05 -0.00029220855976972321 0.00031041475308547203 0.00033014022541544649 -0.00034633938181401159
leaf_weight=19168 212 244 319 129 51 65
leaf_count=19168 212 244 319 129 51 65
internal_value=-0.000385034 -0.00495122 -0.00985429 0.00350529 -0.0161932 0.000619835
internal_weight=20188 1020 647 373 435 116
internal_count=20188 1020 647 373 435 116
is_linear=0
shrinkage=0.05


Tree=292
num_leaves=7
num_cat=0
split_feature=1 40 31 15 44 44
split_gain=12.0318 19.6582 34.1268 19.3194 20.5325 32.9883
threshold=-0.090434335172176347 0.10210461914539339 51.14287185668946 0.97499999403953563 0.070363357663154616 0.086189299821853652
decision_type=2 2 2 2 2 2
left_child=1 2 -1 -2 -5 -6
right_child=3 -3 -4 4 5 -7
leaf_value=0.00042606103197233205 -2.5980137088358128e-06 0.00045158568559102363 -0.00019805137983931674 4.7264335810357244e-05 -0.00037051095265359463 -2.7727548190468046e-05
leaf_weight=64 19126 146 112 217 295 388
leaf_count=64 19126 146 112 217 295 388
internal_value=-0.000436054 0.00909786 -0.00207182 -0.00056787 -0.00770718 -0.0119549
internal_weight=20348 322 176 20026 900 683
internal_count=20348 322 176 20026 900 683
is_linear=0
shrinkage=0.05


Tree=293
num_leaves=7
num_cat=0
split_feature=32 29 44 12 36 43
split_gain=13.2894 22.9403 24.4686 17.2631 46.1821 35.888
threshold=1.166241526603699 0.03486329875886441 0.10146093741059305 0.041766576468944556 -0.55239969491958607 0.086915723979473128
decision_type=2 2 2 2 2 2
left_child=3 -2 -3 -1 5 -5
right_child=1 2 -4 4 -6 -7
leaf_value=3.6968904434090842e-06 -0.00017714160325742534 0.00035921254183621671 -6.5019032800333544e-05 0.0002313929412872067 -0.0002113955661556327 -8.7557324416622515e-05
leaf_weight=17441 115 411 113 495 1398 418
leaf_count=17441 115 411 113 495 1398 418
internal_value=-0.000415523 0.0070264 0.0114839 -0.000272055 -0.00432858 0.00438453
internal_weight=20391 639 524 19752 2311 913
internal_count=20391 639 524 19752 2311 913
is_linear=0
shrinkage=0.05


Tree=294
num_leaves=7
num_cat=0
split_feature=0 36 35 4 45 36
split_gain=10.5106 15.886 29.6228 21.7286 17.2563 16.4596
threshold=-0.061599999666213982 -0.20146576315164563 -0.072824053466320024 0.57495978474617015 0.11292036250233652 -0.8975846767425536
decision_type=2 2 2 2 2 2
left_child=1 5 3 -3 -4 -1
right_child=-2 2 4 -5 -6 -7
leaf_value=0.00013127087065448626 -5.3902959934171206e-06 0.00097693020869181208 0.00041546212280816074 1.4702260151757113e-05 -0.00036334195274802711 -0.0001654099259572205
leaf_weight=160 19573 120 87 50 91 156
leaf_count=160 19573 120 87 50 91 156
internal_value=-0.000418684 0.0059417 0.0132436 0.0278571 -0.000956284 -0.0021028
internal_weight=20237 664 348 170 178 316
internal_count=20237 664 348 170 178 316
is_linear=0
shrinkage=0.05


Tree=295
num_leaves=7
num_cat=0
split_feature=27 43 2 48 13 44
split_gain=12.743 13.5625 21.8293 13.4365 41.1369 32.4957
threshold=0.075250901281833663 0.13996466249227527 0.0094820247031748312 -1.0998796224594114 0.00067731158924289059 0.11929344758391382
decision_type=2 2 2 2 2 2
left_child=3 2 -2 4 5 -1
right_child=1 -3 -4 -5 -6 -7
leaf_value=-1.9172690898620699e-05 -0.00035974248408773271 -0.00048943665712032137 0.00013048223805363235 1.0182653736559317e-05 -0.00020376754642723109 0.00036836336716680317
leaf_weight=3875 62 81 176 15422 569 163
leaf_count=3875 62 81 176 15422 569 163
internal_value=-0.000455707 -0.0099537 -0.00360082 4.118e-05 -0.00232546 -0.000537967
internal_weight=20348 319 238 20029 4607 4038
internal_count=20348 319 238 20029 4607 4038
is_linear=0
shrinkage=0.05


Tree=296
num_leaves=7
num_cat=0
split_feature=27 0 12 44 21 50
split_gain=14.9245 19.1174 16.4766 18.7976 20.4211 17.2014
threshold=0.063094846904277815 -0.061599999666213982 0.021793460473418239 0.097197141498327269 0.52500000596046459 2.2432707548141484
decision_type=2 2 2 2 2 2
left_child=1 -1 -2 4 -4 -6
right_child=2 -3 3 -5 5 -7
leaf_value=0.00020029543255669038 9.9759625420868406e-05 -1.3644576658949914e-06 -0.0002723868738672629 -0.00030077325202692028 0.00044369792797242081 -0.00027144753837277585
leaf_weight=499 130 19124 94 233 113 68
leaf_count=499 130 19124 94 233 113 68
internal_value=-0.000437926 0.000159211 -0.00758165 -0.0116472 -0.00258929 0.00712366
internal_weight=20261 19623 638 508 275 181
internal_count=20261 19623 638 508 275 181
is_linear=0
shrinkage=0.05


Tree=297
num_leaves=7
num_cat=0
split_feature=4 39 22 12 32 47
split_gain=12.232 22.6515 31.9621 42.3088 26.4183 26.463
threshold=0.28100225329399114 0.023963462561368946 0.62500000000000011 -0.066455960273742662 0.20108117163181308 1.6064773201942446
decision_type=2 2 2 2 2 2
left_child=-1 4 -3 -4 5 -2
right_child=1 2 3 -5 -6 -7
leaf_value=1.1225482006128755e-05 -5.8839999993933868e-05 -1.8993054142329599e-05 0.00066205104055341445 -0.00041616135605551598 5.9846776785765779e-05 0.00057082298708925345
leaf_weight=12851 3006 1123 50 605 2584 72
leaf_count=12851 3006 1123 50 605 2584 72
internal_value=-0.000373226 -0.00168905 -0.00660404 -0.0153409 -0.000136757 -0.00326792
internal_weight=20291 7440 1778 655 5662 3078
internal_count=20291 7440 1778 655 5662 3078
is_linear=0
shrinkage=0.05


Tree=298
num_leaves=7
num_cat=0
split_feature=44 45 40 44 2 20
split_gain=11.6621 35.4961 26.3645 26.3504 41.8086 37.498
threshold=0.0657009892165661 0.053169704973697669 0.043633814901113517 0.059481915086507804 0.0053218668326735505 0.57500001788139354
decision_type=2 2 2 2 2 2
left_child=3 -2 -3 4 -1 -5
right_child=1 2 -4 5 -6 -7
leaf_value=-3.1294680034213432e-05 0.00021703457198432217 0.00015532821358792026 3.9490560855334061e-07 1.0972911655002011e-05 0.00012247760020890071 -0.00016584399414592698
leaf_weight=1701 248 411 15026 942 917 1016
leaf_count=1701 248 411 15026 942 917 1016
internal_value=-0.000423122 0.00068993 0.000383694 -0.00217747 0.00109607 -0.00655884
internal_weight=20261 15685 15437 4576 2618 1958
internal_count=20261 15685 15437 4576 2618 1958
is_linear=0
shrinkage=0.05


Tree=299
num_leaves=7
num_cat=0
split_feature=1 39 38 50 40 26
split_gain=11.8132 19.5483 12.7897 10.2234 30.1288 38.3899
threshold=-0.090434335172176347 -0.021782554686069485 0.0018798731034621599 0.88050791621208202 0.064721267670393004 0.0645558536052704
decision_type=2 2 2 2 2 2
left_child=1 -1 -3 -2 5 -5
right_child=3 2 -4 4 -6 -7
leaf_value=-0.00011989188262350355 -1.0774073121458135e-05 0.00088190495748614959 0.0001155104103542111 0.00013728266569270188 -2.0163608952848711e-05 -0.00016015575516103924
leaf_weight=78 15650 82 164 1352 2547 217
leaf_count=78 15650 82 164 1352 2547 217
internal_value=-0.000481463 0.0093465 0.0162351 -0.00020611 0.00200801 0.00744917
internal_weight=20090 324 246 19766 4116 1569
internal_count=20090 324 246 19766 4116 1569
is_linear=0
shrinkage=0.05


Tree=300
num_leaves=7
num_cat=0
split_feature=0 17 45 9 48 41
split_gain=9.89274 23.9671 20.4739 26.9958 32.5327 26.8633
threshold=-0.0075150823686271897 0.22500000149011615 0.18452720344066623 -0.036827895790338509 -0.64340358972549427 0.099588826298713698
decision_type=2 2 2 2 2 2
left_child=1 -1 3 5 -5 -3
right_child=-2 2 -4 4 -6 -7
leaf_value=-0.00028622648065625904 1.1453537286734868e-05 5.0283934628885386e-06 -0.00033803825205818561 -0.00017401628362760573 -5.101855894007446e-06 0.00037677166291844619
leaf_weight=184 12645 554 90 863 5602 391
leaf_count=184 12645 554 90 863 5602 391
internal_value=-0.00041679 -0.00132332 -0.000876083 -0.000576534 -0.00173493 0.00728947
internal_weight=20329 7684 7500 7410 6465 945
internal_count=20329 7684 7500 7410 6465 945
is_linear=0
shrinkage=0.05


Tree=301
num_leaves=7
num_cat=0
split_feature=43 35 41 10 50 1
split_gain=10.4954 20.6525 35.2714 27.2866 21.6991 20.9023
threshold=0.1077995151281357 -0.74617716670036305 0.12848855555057528 -0.038909763097763055 2.2432707548141484 -0.020425971597433087
decision_type=2 2 2 2 2 2
left_child=-1 2 3 -2 5 -3
right_child=1 4 -4 -5 -6 -7
leaf_value=-5.2261733051862601e-06 -0.00064030750081195094 6.7656720036586923e-06 0.00020506106705499112 0.00021041182415565296 -0.00024054507230068537 0.00016068100584109887
leaf_weight=17233 259 818 336 107 161 1235
leaf_count=17233 259 818 336 107 161 1235
internal_value=-0.000316314 0.0027987 -0.00463225 -0.0152965 0.00517125 0.00657191
internal_weight=20149 2916 702 366 2214 2053
internal_count=20149 2916 702 366 2214 2053
is_linear=0
shrinkage=0.05


Tree=302
num_leaves=7
num_cat=0
split_feature=43 22 45 17 44 21
split_gain=10.6732 48.1635 36.6817 56.3758 58.5792 31.5835
threshold=0.1022569313645363 0.87500000000000011 0.085520170629024519 0.27500000596046453 0.09916637092828752 0.82500001788139354
decision_type=2 2 2 2 2 2
left_child=1 -1 -3 -4 -5 -2
right_child=5 2 3 4 -6 -7
leaf_value=2.5157495470744556e-06 -4.6984667406369322e-05 -0.00073458257125215182 0.00026567329740974149 -0.00038799132040602449 1.5402655507119369e-05 0.00013303453290853119
leaf_weight=14998 1810 190 289 677 536 1838
leaf_count=14998 1810 190 289 677 536 1838
internal_value=-0.000372364 -0.000663372 -0.00864761 -0.00595554 -0.0106938 0.00232001
internal_weight=20338 16690 1692 1502 1213 3648
internal_count=20338 16690 1692 1502 1213 3648
is_linear=0
shrinkage=0.05


Tree=303
num_leaves=7
num_cat=0
split_feature=1 41 15 1 41 41
split_gain=13.8131 16.1019 9.37799 8.572 23.2814 22.266
threshold=-0.090434335172176347 0.090069685131311431 0.87500000000000011 0.046579603105783469 0.06075356341898442 0.066405158489942565
decision_type=2 2 2 2 2 2
left_child=1 -1 -3 -2 -5 -6
right_child=3 2 -4 4 5 -7
leaf_value=-0.00014453548736228868 6.841450575474986e-07 -6.7753529708840312e-06 0.00058786739126057684 0.0001460603136607853 -0.00055593482475221228 -6.5038500664786223e-05
leaf_weight=74 18302 63 190 98 89 1398
leaf_count=74 18302 63 190 98 89 1398
internal_value=-0.000414214 0.0100151 0.0159884 -0.000267696 -0.00378931 -0.00537869
internal_weight=20214 327 253 19887 1585 1487
internal_count=20214 327 253 19887 1585 1487
is_linear=0
shrinkage=0.05


Tree=304
num_leaves=7
num_cat=0
split_feature=24 48 6 20 27 10
split_gain=8.92078 26.4694 21.7424 23.2019 20.6678 18.3147
threshold=0.074354279786348357 0.58609214425086986 0.89858773350715648 0.87500000000000011 0.031126393005251888 0.10930109024047853
decision_type=2 2 2 2 2 2
left_child=-1 -2 5 -4 -5 -3
right_child=1 2 3 4 -6 -7
leaf_value=-1.9283744786456182e-06 -0.00048697361619640182 0.00010451822943867915 -0.00014857651413182748 0.0005805559481926486 6.0099666425629913e-05 0.00052276074860345141
leaf_weight=18767 118 406 296 83 421 238
leaf_count=18767 118 406 296 83 421 238
internal_value=-0.000436461 0.0037492 0.00564182 9.31677e-05 0.00663065 0.0124422
internal_weight=20329 1562 1444 800 504 644
internal_count=20329 1562 1444 800 504 644
is_linear=0
shrinkage=0.05


Tree=305
num_leaves=7
num_cat=0
split_feature=17 10 39 47 46 43
split_gain=15.4591 29.7754 29.59 33.8508 24.337 29.2946
threshold=0.67499998211860668 0.12412478774785997 0.0048178036231547603 0.9968537986278535 1.0820028185844424 0.19437129795551303
decision_type=2 2 2 2 2 2
left_child=1 -1 -3 -4 -2 -6
right_child=4 2 3 -5 5 -7
leaf_value=1.6644332022541156e-05 -5.5608877101321321e-05 -0.00048699110889375332 0.0005175963993517312 -0.00062478341495487586 8.6514766123649809e-05 -0.0006721327854836101
leaf_weight=12900 5291 173 72 56 1714 59
leaf_count=12900 5291 173 72 56 1714 59
internal_value=-0.000418106 0.000948433 -0.0144608 0.00357143 -0.00194865 0.00310742
internal_weight=20265 13201 301 128 7064 1773
internal_count=20265 13201 301 128 7064 1773
is_linear=0
shrinkage=0.05


Tree=306
num_leaves=7
num_cat=0
split_feature=25 27 12 15 39 26
split_gain=10.2594 20.1272 19.4719 22.2891 21.685 31.9722
threshold=-0.006116726202890276 -0.054505711421370499 0.07755515351891519 0.77500000596046459 0.020404838956892494 -0.067173428833484636
decision_type=2 2 2 2 2 2
left_child=2 -2 3 4 -1 -6
right_child=1 -3 -4 -5 5 -7
leaf_value=3.0493676783767033e-06 -0.00055439156660761423 -6.6109678371334983e-06 0.00052810367958743053 -0.00011764765343756851 -3.6312473214112061e-05 0.00018353595308541004
leaf_weight=4283 76 12635 114 1005 796 1387
leaf_count=4283 76 12635 114 1005 796 1387
internal_value=-0.000373134 -0.000764785 0.00155797 0.00123395 0.00231417 0.00636426
internal_weight=20296 12711 7585 7471 6466 2183
internal_count=20296 12711 7585 7471 6466 2183
is_linear=0
shrinkage=0.05


Tree=307
num_leaves=7
num_cat=0
split_feature=37 40 38 23 36 35
split_gain=12.8593 19.3368 21.8382 26.9498 19.0688 26.3095
threshold=-0.00060395107720978547 0.092389769852161421 0.0071367097552865752 -0.0066986703313887111 -0.36640205979347223 -0.41547058522701258
decision_type=2 2 2 2 2 2
left_child=1 2 -1 -4 -3 -6
right_child=-2 4 3 -5 5 -7
leaf_value=1.7109953522804773e-05 1.1675728382505558e-05 -0.00016771981989723998 -0.00021242926171206159 -5.4573678124369464e-06 0.00043717049681455002 -6.4808398561393192e-05
leaf_weight=4976 11675 1140 545 975 101 855
leaf_count=4976 11675 1140 545 975 101 855
internal_value=-0.000521655 -0.00167209 -0.000319182 -0.00555738 -0.00584246 -0.000598335
internal_weight=20267 8592 6496 1520 2096 956
internal_count=20267 8592 6496 1520 2096 956
is_linear=0
shrinkage=0.05


Tree=308
num_leaves=7
num_cat=0
split_feature=47 36 18 42 35 27
split_gain=10.4191 27.624 46.0235 37.8678 27.4689 31.3667
threshold=0.95137661695480358 0.33278840780258184 0.72499999403953563 0.094905845820903792 0.59372413158416759 0.020967078395187858
decision_type=2 2 2 2 2 2
left_child=-1 -2 3 -3 5 -4
right_child=1 2 4 -5 -6 -7
leaf_value=-2.0021798570103972e-05 -6.6227987749247172e-06 0.00023122887705428111 0.00024032932220697086 -0.00016793555543102371 -0.00021625762332076767 -7.3800662838635492e-05
leaf_weight=9202 8781 1092 285 193 407 390
leaf_count=9202 8781 1092 285 193 407 390
internal_value=-0.000445836 0.000786784 0.00557546 0.0119574 -0.00200092 0.00415441
internal_weight=20350 11148 2367 1285 1082 675
internal_count=20350 11148 2367 1285 1082 675
is_linear=0
shrinkage=0.05


Tree=309
num_leaves=7
num_cat=0
split_feature=32 39 22 12 39 21
split_gain=10.5288 30.6505 16.3224 19.1036 15.9685 15.8161
threshold=1.166241526603699 -0.0048545261379331342 0.67499998211860668 0.10572287440299989 0.0056631355546414861 0.37500000000000006
decision_type=2 2 2 2 2 2
left_child=-1 -2 5 4 -4 -3
right_child=1 2 3 -5 -6 -7
leaf_value=-5.2442497960925734e-06 -0.00016601843319091625 3.9823310522555594e-05 -2.2019119826010825e-05 -0.00027288512644175556 0.00029577443329714486 0.00060128271890486692
leaf_weight=19604 146 85 63 72 59 222
leaf_count=19604 146 85 63 72 59 222
internal_value=-0.000527004 0.00601994 0.0119071 0.000376884 0.0124016 0.0189904
internal_weight=20251 647 501 194 122 307
internal_count=20251 647 501 194 122 307
is_linear=0
shrinkage=0.05


Tree=310
num_leaves=7
num_cat=0
split_feature=13 40 3 3 48 21
split_gain=13.2679 12.6308 22.6826 37.6541 39.1706 22.6545
threshold=0.051146253943443305 0.13375363498926165 0.011831978335976602 0.015121629461646082 1.0593641400337221 0.82500001788139354
decision_type=2 2 2 2 2 2
left_child=1 2 -1 4 -4 -3
right_child=-2 5 3 -5 -6 -7
leaf_value=9.9724090849638408e-07 -0.00015766271263401135 -4.8545463815455935e-05 -0.00040899903298024452 0.00040386218423433818 0.00011860379684109227 0.00032066936666517564
leaf_weight=18394 325 441 464 87 160 467
leaf_count=18394 325 441 464 87 160 467
internal_value=-0.000455931 3.12219e-05 -0.00024202 -0.00897346 -0.0133148 0.00577766
internal_weight=20338 20013 19105 711 624 908
internal_count=20338 20013 19105 711 624 908
is_linear=0
shrinkage=0.05


Tree=311
num_leaves=7
num_cat=0
split_feature=13 43 39 38 43 39
split_gain=10.8704 14.5516 21.9637 14.6975 11.2912 26.9746
threshold=0.051146253943443305 0.11433644220232965 0.010836019646376373 0.0018798731034621599 0.1077995151281357 0.055750869214534766
decision_type=2 2 2 2 2 2
left_child=4 3 -3 -2 5 -1
right_child=1 2 -4 -5 -6 -7
leaf_value=-5.0879564955472367e-07 -0.00033441752988784486 7.8128961649324853e-06 -0.00086985336121159153 0.00019918678067858445 5.6069888337321327e-05 -0.00021803454967849728
leaf_weight=16878 53 88 95 99 2718 426
leaf_count=16878 53 88 95 99 2718 426
internal_value=-0.000455505 -0.00889706 -0.0182181 0.00238854 0.00011859 -0.000350973
internal_weight=20357 335 183 152 20022 17304
internal_count=20357 335 183 152 20022 17304
is_linear=0
shrinkage=0.05


Tree=312
num_leaves=7
num_cat=0
split_feature=38 4 37 15 24 38
split_gain=16.5241 23.6556 19.1906 14.1986 38.5888 40.8268
threshold=0.05250773765146733 0.54111379384994518 -0.00060395107720978547 0.42499999701976782 -0.016459395177662369 0.0076545237097889194
decision_type=2 2 2 2 2 2
left_child=3 2 -2 -1 -5 -6
right_child=1 -3 -4 4 5 -7
leaf_value=-2.5960296188526791e-05 -4.6986622787835355e-05 -0.00029057548702908709 0.00057290428823756712 0.0001730140655142879 3.0332703262077635e-05 -7.373813711841076e-05
leaf_weight=8015 68 71 179 1018 7543 3447
leaf_count=8015 68 71 179 1018 7543 3447
internal_value=-0.000455864 0.0110681 0.0183532 -0.000330787 0.000755432 -0.000106867
internal_weight=20341 318 247 20023 12008 10990
internal_count=20341 318 247 20023 12008 10990
is_linear=0
shrinkage=0.05


Tree=313
num_leaves=7
num_cat=0
split_feature=47 50 47 14 27 38
split_gain=12.3479 20.3035 35.2939 30.6672 29.0935 28.5467
threshold=0.95137661695480358 0.88050791621208202 0.90364047884941112 0.72499999403953563 0.0020620977738872175 0.0038627624744549398
decision_type=2 2 2 2 2 2
left_child=1 4 3 -3 5 -1
right_child=-2 2 -4 -5 -6 -7
leaf_value=4.0307698264444528e-05 1.4459339001175005e-05 0.00032640163180720625 -0.00020359202341538405 2.8201743136242914e-05 -9.2385807192623618e-05 -6.2463031544997681e-05
leaf_weight=2537 11154 410 321 890 2808 2223
leaf_count=2537 11154 410 321 890 2808 2223
internal_value=-0.000480391 -0.00148194 0.00358241 0.00726054 -0.00257164 -0.000183631
internal_weight=20343 9189 1621 1300 7568 4760
internal_count=20343 9189 1621 1300 7568 4760
is_linear=0
shrinkage=0.05


Tree=314
num_leaves=7
num_cat=0
split_feature=40 36 36 36 10 36
split_gain=10.2894 31.829 41.8483 36.0139 39.3096 29.3329
threshold=0.088889021426439299 -0.36640205979347223 0.040255263447761543 -0.93706035614013661 0.058313678950071342 -0.48673067986965174
decision_type=2 2 2 2 2 2
left_child=5 3 -3 4 -2 -1
right_child=1 2 -4 -5 -6 -7
leaf_value=5.7609201437430325e-05 0.00036317693911256104 0.000177457049921267 -5.0615561480175087e-05 -0.00011366254066439986 -0.00023401863008190357 -1.1407356105722404e-05
leaf_weight=4440 189 1113 1529 2642 95 10185
leaf_count=4440 189 1113 1529 2642 95 10185
internal_value=-0.000464155 -0.00182577 0.00214394 -0.00541624 0.0113322 0.000698906
internal_weight=20193 5568 2642 2926 284 14625
internal_count=20193 5568 2642 2926 284 14625
is_linear=0
shrinkage=0.05


Tree=315
num_leaves=7
num_cat=0
split_feature=3 2 12 45 45 22
split_gain=10.2147 18.5165 31.8712 16.3855 13.0913 22.7069
threshold=0.015121629461646082 0.014435815159231426 -0.004908020142465829 0.18452720344066623 0.12329383566975595 0.87500000000000011
decision_type=2 2 2 2 2 2
left_child=4 2 -2 -3 -1 -6
right_child=1 3 -4 -5 5 -7
leaf_value=1.2786435832267936e-06 0.00080773868441080484 0.00035787683855889141 -6.5542169685793537e-05 -0.00018803736561542615 -0.0001611537922567843 8.8478932111893898e-05
leaf_weight=18718 92 76 61 101 800 507
leaf_count=18718 92 76 61 101 800 507
internal_value=-0.000416257 0.00858209 0.0210443 -0.00233516 -0.000220919 -0.00504954
internal_weight=20355 330 153 177 20025 1307
internal_count=20355 330 153 177 20025 1307
is_linear=0
shrinkage=0.05


Tree=316
num_leaves=7
num_cat=0
split_feature=9 28 42 39 2 12
split_gain=10.1147 23.24 24.5377 21.9164 29.5044 20.7253
threshold=-0.054523956030607217 -0.0097630708478391153 0.089043125510215773 0.05103601515293122 0.014435815159231426 -0.030010652728378769
decision_type=2 2 2 2 2 2
left_child=1 -1 -3 4 -4 -2
right_child=5 2 3 -5 -6 -7
leaf_value=5.3440701601140402e-05 5.3344103483311184e-05 -0.00021938980104679908 -3.7123357475304584e-06 0.0003827028768442719 -0.00044578028220110326 -5.9147238360074801e-06
leaf_weight=846 2749 578 456 163 108 15499
leaf_count=846 2749 578 456 163 108 15499
internal_value=-0.000410459 -0.0033975 -0.00757634 -0.00140027 -0.00610721 0.000223251
internal_weight=20399 2151 1305 727 564 18248
internal_count=20399 2151 1305 727 564 18248
is_linear=0
shrinkage=0.05


Tree=317
num_leaves=7
num_cat=0
split_feature=28 39 43 39 20 44
split_gain=9.35702 18.913 40.6821 35.6296 35.4367 30.9032
threshold=0.0049180774949491033 0.019123855978250507 0.051473509520292289 0.033000957220792777 0.47499999403953558 0.073279142379760756
decision_type=2 2 2 2 2 2
left_child=1 -1 -3 -4 -5 -6
right_child=-2 2 3 4 5 -7
leaf_value=-6.0542895938546033e-06 -2.0279975419786219e-05 -0.00015041764525266821 0.00017089355973403156 -8.5684763289484178e-05 0.0003022711326457787 2.1418866195159623e-05
leaf_weight=9644 6172 351 1853 1123 373 754
leaf_count=9644 6172 351 1853 1123 373 754
internal_value=-0.000422935 0.000799475 0.00349294 0.00489898 0.000654102 0.00691254
internal_weight=20270 14098 4454 4103 2250 1127
internal_count=20270 14098 4454 4103 2250 1127
is_linear=0
shrinkage=0.05


Tree=318
num_leaves=7
num_cat=0
split_feature=3 30 10 41 44 44
split_gain=12.7688 33.8351 26.9456 21.0956 25.4654 40.0096
threshold=0.0087794526480138319 47.082052230834968 -0.044142914935946458 0.08433989062905313 0.10649646818637849 0.093853615224361434
decision_type=2 2 2 2 2 2
left_child=3 2 -2 -1 5 -5
right_child=1 -3 -4 4 -6 -7
leaf_value=-2.8664975651689076e-06 -3.6145424016495682e-05 -1.8155671028011363e-05 0.00019991986933098638 -9.0987007372998711e-05 0.0001414651131341894 -0.00056912303963220262
leaf_weight=13220 661 3378 1559 1154 177 194
leaf_count=13220 661 3378 1559 1154 177 194
internal_value=-0.000406674 0.00194092 0.00673034 -0.000862712 -0.00642157 -0.00877679
internal_weight=20343 5598 2220 14745 1525 1348
internal_count=20343 5598 2220 14745 1525 1348
is_linear=0
shrinkage=0.05


Tree=319
num_leaves=7
num_cat=0
split_feature=35 42 47 50 44 16
split_gain=10.1232 24.6125 56.4722 38.3965 36.9424 31.8816
threshold=-0.77135702967643727 0.12834376841783526 1.1197297573089602 -1.6116912961006162 0.15206811577081683 0.87500000000000011
decision_type=2 2 2 2 2 2
left_child=1 2 5 -4 -3 -1
right_child=-2 4 3 -5 -6 -7
leaf_value=-5.8451731849819841e-05 5.9749461802270256e-06 0.00032610174299713943 3.8844964749795191e-05 -0.00087838371046293745 -0.00018536307136033235 0.00025804502992440875
leaf_weight=1795 17185 385 131 309 89 260
leaf_count=1795 17185 385 131 309 89 260
internal_value=-0.000415447 -0.00269839 -0.00469 -0.0208427 0.00767223 -0.00117718
internal_weight=20154 2969 2495 440 474 2055
internal_count=20154 2969 2495 440 474 2055
is_linear=0
shrinkage=0.05


Tree=320
num_leaves=7
num_cat=0
split_feature=35 40 36 44 25 34
split_gain=10.3519 50.8596 29.8806 43.3973 29.854 34.1495
threshold=-0.30154854059219355 0.043633814901113517 -0.31024430692195887 0.0657009892165661 0.015013190452009441 0.18858097493648532
decision_type=2 2 2 2 2 2
left_child=1 -1 -3 -4 5 -5
right_child=-2 2 3 4 -6 -7
leaf_value=0.00022282918882863525 -1.7471911174701468e-05 -1.5175735793243118e-05 -0.00046252938928536825 0.00011631451639066451 -4.3068803580862146e-05 0.00063000913580666795
leaf_weight=440 11296 7449 96 504 283 231
leaf_count=440 11296 7449 96 504 283 231
internal_value=-0.000382929 0.000990786 0.000131303 0.00775246 0.010826 0.0161149
internal_weight=20299 9003 8563 1114 1018 735
internal_count=20299 9003 8563 1114 1018 735
is_linear=0
shrinkage=0.05


Tree=321
num_leaves=7
num_cat=0
split_feature=49 45 36 42 35 32
split_gain=11.2563 22.0703 23.2964 18.3076 33.3158 24.3554
threshold=1.1635987758636477 0.1282836124300957 -0.80929842591285694 0.071035142987966551 0.054534535855054862 -0.55947285890579213
decision_type=2 2 2 2 2 2
left_child=-1 3 -3 4 5 -2
right_child=1 2 -4 -5 -6 -7
leaf_value=-7.2769455472234887e-06 0.00025034314295613384 0.00014042006756222452 -0.00041782762831133851 0.00014611089995186503 0.00010829178565517027 -0.00017983058976568669
leaf_weight=17770 50 114 141 1418 469 358
leaf_count=17770 50 114 141 1418 469 358
internal_value=-0.000392374 0.00292564 -0.0108654 0.00448913 -0.00116213 -0.0115617
internal_weight=20320 2550 255 2295 877 408
internal_count=20320 2550 255 2295 877 408
is_linear=0
shrinkage=0.05


Tree=322
num_leaves=7
num_cat=0
split_feature=27 26 1 27 48 43
split_gain=15.9547 15.0803 40.555 33.3065 33.3625 29.728
threshold=0.063094846904277815 -0.016041488386690613 -0.022185273468494412 -0.004383737687021493 -0.64340358972549427 0.044868307188153274
decision_type=2 2 2 2 2 2
left_child=1 2 -1 -3 5 -5
right_child=-2 3 -4 4 -6 -7
leaf_value=-0.00023698897317843751 -9.9110602963600237e-05 7.7312316565511741e-05 -4.3317903019430789e-06 -0.00032990527417397949 1.0461545806643544e-05 -0.00011315785380008528
leaf_weight=865 632 3738 7492 94 6094 1306
leaf_count=865 632 3738 7492 94 6094 1306
internal_value=-0.000409127 7.27263e-05 -0.00153372 0.00127036 -0.000650087 -0.00759786
internal_weight=20221 19589 8357 11232 7494 1400
internal_count=20221 19589 8357 11232 7494 1400
is_linear=0
shrinkage=0.05


Tree=323
num_leaves=7
num_cat=0
split_feature=24 47 15 39 46 43
split_gain=14.8575 29.9468 33.9604 29.5844 42.5807 37.6657
threshold=-0.036285208538174622 1.1481909751892092 0.37500000000000006 0.05103601515293122 0.67859628796577465 0.1077995151281357
decision_type=2 2 2 2 2 2
left_child=1 2 -1 4 -3 -5
right_child=-2 3 -4 5 -6 -7
leaf_value=4.8248220514781568e-05 -6.9329870814761473e-06 0.00029593886334304726 0.0003374811410800516 -0.00023769982810342767 -0.00027961245010027936 0.00038424364547428441
leaf_weight=2767 15924 191 225 111 693 326
leaf_count=2767 15924 191 225 111 693 326
internal_value=-0.000408803 0.0027617 0.00553053 -0.00348793 -0.00874578 0.00707014
internal_weight=20237 4313 2992 1321 884 437
internal_count=20237 4313 2992 1321 884 437
is_linear=0
shrinkage=0.05


Tree=324
num_leaves=7
num_cat=0
split_feature=27 10 46 1 38 47
split_gain=11.8286 18.4152 34.2776 53.6475 31.1422 28.3643
threshold=0.054624613374471671 0.0082502956502139586 0.84966114163398754 0.0090140700340271013 0.0024510257644578819 1.0450214147567751
decision_type=2 2 2 2 2 2
left_child=1 -1 3 4 -3 -4
right_child=-2 2 5 -5 -6 -7
leaf_value=-1.2299094773197549e-05 -7.3961912905547725e-05 -5.5307350163140553e-05 1.9960873500331276e-05 0.00023494947636173091 -0.000445535849618319 0.0001587377558521505
leaf_weight=11071 951 588 5070 229 341 1943
leaf_count=11071 951 588 5070 229 341 1943
internal_value=-0.000553273 0.000232504 0.00203339 -0.00591144 -0.0112687 0.00335209
internal_weight=20193 19242 8171 1158 929 7013
internal_count=20193 19242 8171 1158 929 7013
is_linear=0
shrinkage=0.05


Tree=325
num_leaves=7
num_cat=0
split_feature=33 42 26 41 48 42
split_gain=12.7991 27.1526 27.3979 26.0765 25.5782 35.6352
threshold=0.031798796728253372 0.11179019138216974 0.096244838088750853 0.094573576003313078 -0.059296255931258195 0.073530156165361418
decision_type=2 2 2 2 2 2
left_child=-1 4 3 -3 -2 -6
right_child=1 2 -4 -5 5 -7
leaf_value=9.9519663340080314e-06 -6.6338220005564101e-05 -0.00030968802299420639 -0.00046962366095119006 -1.2220627021893028e-07 -3.9613024868643767e-05 0.00010271010973167787
leaf_weight=11220 2886 248 216 700 2169 2849
leaf_count=11220 2886 248 216 700 2169 2849
internal_value=-0.000476765 -0.00176072 -0.00887511 -0.00511542 -0.000704893 0.00144834
internal_weight=20288 9068 1164 948 7904 5018
internal_count=20288 9068 1164 948 7904 5018
is_linear=0
shrinkage=0.05


Tree=326
num_leaves=7
num_cat=0
split_feature=24 47 39 47 2 36
split_gain=12.9056 25.5127 31.4627 41.2743 44.3503 35.5702
threshold=-0.031939664855599396 1.1657232642173769 0.05103601515293122 1.4411059617996218 0.014435815159231426 -0.36640205979347223
decision_type=2 2 2 2 2 2
left_child=1 -1 3 5 -5 -3
right_child=-2 2 -4 4 -6 -7
leaf_value=6.0237670737004254e-05 -1.0701321045362729e-05 -0.00055766458707228806 0.00014999914120779269 0.00036905968056438038 -0.00031544043221221898 -1.6328708158412627e-05
leaf_weight=3645 15247 345 452 188 100 276
leaf_count=3645 15247 345 452 188 100 276
internal_value=-0.000472653 0.00207045 -0.00375183 -0.00910832 0.00639932 -0.0163339
internal_weight=20253 5006 1361 909 288 621
internal_count=20253 5006 1361 909 288 621
is_linear=0
shrinkage=0.05


Tree=327
num_leaves=7
num_cat=0
split_feature=32 42 15 47 43 3
split_gain=11.9389 30.5769 28.515 29.2615 39.75 30.883
threshold=-0.19558086246252057 0.042712720111012466 0.47499999403953558 1.1657232642173769 0.11877675727009775 0.0074500488117337236
decision_type=2 2 2 2 2 2
left_child=1 -1 3 -3 5 -5
right_child=-2 2 -4 4 -6 -7
leaf_value=-0.00017086618801259799 -1.7554345448863381e-05 3.6779128778679453e-05 0.00015624979887198995 0.00013724836210672435 0.00010112086312704391 -0.00027025459756222734
leaf_weight=163 12208 5552 762 175 620 750
leaf_count=163 12208 5552 762 175 620 750
internal_value=-0.000413887 0.00130497 0.00175801 0.000763869 -0.00530645 -0.0118548
internal_weight=20230 8022 7859 7097 1545 925
internal_count=20230 8022 7859 7097 1545 925
is_linear=0
shrinkage=0.05


Tree=328
num_leaves=7
num_cat=0
split_feature=0 48 3 3 11 36
split_gain=10.2915 16.489 11.1243 23.4814 17.3083 21.8882
threshold=-0.074294645339250551 0.39166343212127691 0.015121629461646082 0.011831978335976602 0.0307560358196497 -0.80929842591285694
decision_type=2 2 2 2 2 2
left_child=1 -1 3 -2 5 -4
right_child=2 -3 4 -5 -6 -7
leaf_value=-0.00051958713131621166 -1.8185477717467138e-06 0.00025125845513922955 0.00064113317123022911 -0.00017779147492740503 -0.00014434170180411358 -7.5967168452256185e-05
leaf_weight=55 18662 276 154 864 67 94
leaf_count=55 18662 276 154 864 67 94
internal_value=-0.000464638 0.00840774 -0.000414441 -0.000567047 0.00882813 0.0149209
internal_weight=20172 331 19841 19526 315 248
internal_count=20172 331 19841 19526 315 248
is_linear=0
shrinkage=0.05


Tree=329
num_leaves=7
num_cat=0
split_feature=32 39 38 44 26 1
split_gain=15.3413 38.8479 16.3224 23.9557 13.5364 28.3046
threshold=1.166241526603699 -0.0076212184503674498 0.010854141321033241 0.097197141498327269 0.15711338818073275 -0.064798016101121889
decision_type=2 2 2 2 2 2
left_child=4 -2 3 -3 -1 -6
right_child=1 2 -4 -5 5 -7
leaf_value=-4.0271403986989192e-06 -0.00025490197849044728 0.00071428282241008546 4.5319066047682695e-05 7.8436490388966674e-06 0.00018070735654335674 -0.00040120343084115311
leaf_weight=19406 123 182 242 99 106 202
leaf_count=19406 123 182 242 99 106 202
internal_value=-0.000362141 0.00733487 0.0133049 0.0214161 -0.000465287 -0.0107827
internal_weight=20360 646 523 281 19714 308
internal_count=20360 646 523 281 19714 308
is_linear=0
shrinkage=0.05


Tree=330
num_leaves=7
num_cat=0
split_feature=36 45 2 3 0 49
split_gain=11.2156 30.9884 28.1924 29.5357 26.9517 22.7778
threshold=-0.20146576315164563 0.15266656875610354 0.0037544054212048654 0.0043254459742456683 -0.074294645339250551 -2.3547326326370235
decision_type=2 2 2 2 2 2
left_child=2 4 -1 -4 -2 -6
right_child=1 -3 3 -5 5 -7
leaf_value=0.00026426061692663298 0.00046244915734027143 -0.00028575836447713136 -0.00014751734383021653 -1.3201967081002118e-05 -0.000216266250983701 1.9140305264794345e-05
leaf_weight=113 175 157 267 9851 145 9562
leaf_count=113 175 157 267 9851 145 9562
internal_value=-0.000373613 0.00115741 -0.00119431 -0.0014793 0.00151462 0.00115579
internal_weight=20270 10039 10231 10118 9882 9707
internal_count=20270 10039 10231 10118 9882 9707
is_linear=0
shrinkage=0.05


Tree=331
num_leaves=7
num_cat=0
split_feature=12 15 6 50 46 48
split_gain=12.2471 24.3849 22.9871 32.3133 28.6269 25.6888
threshold=-0.031879551708698266 0.075000001117587103 0.27544581890106207 0.57855102419853222 0.80984607338905346 1.0000000180025095e-35
decision_type=2 2 2 2 2 2
left_child=2 -2 3 4 -1 -4
right_child=1 -3 5 -5 -6 -7
leaf_value=0.00021699600654282881 -0.0002466597628249738 -3.7201683067628446e-06 6.8846081925329393e-05 -0.00085361588941138304 5.1286019529758885e-06 0.00059591173806422927
leaf_weight=161 201 15972 477 55 3133 151
leaf_count=161 201 15972 477 55 3133 151
internal_value=-0.000435376 -0.000502225 0.00259292 0.000931723 0.00159897 0.0113349
internal_weight=20150 16173 3977 3349 3294 628
internal_count=20150 16173 3977 3349 3294 628
is_linear=0
shrinkage=0.05


Tree=332
num_leaves=7
num_cat=0
split_feature=15 0 47 24 47 22
split_gain=11.4194 28.0799 27.2581 24.9499 22.7866 29.8248
threshold=0.37500000000000006 0.021387233398854736 0.73772358894348156 -0.012844014912843702 1.0639010667800906 0.77500000596046459
decision_type=2 2 2 2 2 2
left_child=1 -1 -3 -2 -4 -6
right_child=3 2 4 -5 5 -7
leaf_value=-5.7472972668251235e-05 9.4323962535828343e-05 -0.00059582786583946767 0.00011616883952226182 -1.7750625783708922e-06 -0.00013508888278797765 0.00013678433209479745
leaf_weight=4374 1950 120 1406 11303 724 529
leaf_count=4374 1950 120 1406 11303 724 529
internal_value=-0.000351526 -0.00172185 0.00220007 0.000756147 0.00327515 -0.0016097
internal_weight=20406 7153 2779 13253 2659 1253
internal_count=20406 7153 2779 13253 2659 1253
is_linear=0
shrinkage=0.05


Tree=333
num_leaves=7
num_cat=0
split_feature=27 45 21 19 11 46
split_gain=13.7714 17.7814 45.2901 23.5315 34.7666 32.9712
threshold=0.054624613374471671 0.086501341313123717 0.97499999403953563 0.92499998211860668 0.018834914080798629 1.052723288536072
decision_type=2 2 2 2 2 2
left_child=1 2 -1 4 -3 -6
right_child=-2 3 -4 -5 5 -7
leaf_value=-6.8510405636729592e-06 -8.0718012146866922e-05 4.1299485070557965e-05 -0.00083621940912823988 0.00020233506388792497 -0.00043126609551969049 8.4413137793248132e-05
leaf_weight=12741 977 5619 86 450 200 185
leaf_count=12741 977 5619 86 450 200 185
internal_value=-0.000334353 0.000239811 -0.000835801 0.0023804 0.00154352 -0.0128846
internal_weight=20258 19281 12827 6454 6004 385
internal_count=20258 19281 12827 6454 6004 385
is_linear=0
shrinkage=0.05


Tree=334
num_leaves=7
num_cat=0
split_feature=47 36 35 47 50 35
split_gain=15.3136 27.314 51.3077 46.3429 36.4895 28.4132
threshold=1.0124127864837649 0.29837115108966833 0.22886496782302859 1.0739685297012331 0.57855102419853222 0.3334194570779801
decision_type=2 2 2 2 2 2
left_child=-1 2 -2 -4 -3 -6
right_child=1 4 3 -5 5 -7
leaf_value=-1.9990361600762683e-05 1.1626819547415693e-05 0.00019988814957365718 0.00027993877977746404 -0.00043012979980985302 0.00023660668005787383 -9.6541356821001317e-05
leaf_weight=12106 5823 1109 87 325 221 569
leaf_count=12106 5823 1109 87 325 221 569
internal_value=-0.000408743 0.00133616 -0.000260417 -0.0172062 0.00657826 -0.00160377
internal_weight=20240 8134 6235 412 1899 790
internal_count=20240 8134 6235 412 1899 790
is_linear=0
shrinkage=0.05


Tree=335
num_leaves=7
num_cat=0
split_feature=27 47 32 12 3 50
split_gain=14.2047 13.5321 31.5709 23.1342 31.6047 25.1377
threshold=0.063094846904277815 1.0124127864837649 1.166241526603699 -0.049542492255568497 0.0068986939731985339 0.88050791621208202
decision_type=2 2 2 2 2 2
left_child=1 3 -3 4 -1 -5
right_child=-2 2 -4 5 -6 -7
leaf_value=-0.00010735626172473782 -9.7005874613022302e-05 1.8785253172918614e-05 0.0005976224095963755 -3.1091007685920637e-05 0.00033477316942613731 5.7768403326499382e-05
leaf_weight=183 642 7562 192 9423 370 1970
leaf_count=183 642 7562 192 9423 370 1970
internal_value=-0.000460756 0.000303223 0.00193002 -0.000750983 0.00918459 -0.00123925
internal_weight=20342 19700 7754 11946 553 11393
internal_count=20342 19700 7754 11946 553 11393
is_linear=0
shrinkage=0.05


Tree=336
num_leaves=7
num_cat=0
split_feature=48 46 24 27 38 36
split_gain=9.54867 18.1519 15.6403 14.3945 21.2281 20.4898
threshold=-2.501289844512939 1.2009509205818178 -0.031939664855599396 -0.042774988338351243 0.02697722148150206 0.6135961413383485
decision_type=2 2 2 2 2 2
left_child=1 2 -1 4 5 -2
right_child=3 -3 -4 -5 -6 -7
leaf_value=-4.3782965486551109e-05 -0.00018466065889813409 0.00075388714312712426 0.00035381689558454225 5.105638791274778e-06 0.00020801465948621598 0.00014987234098058625
leaf_weight=199 898 61 57 18732 207 76
leaf_count=199 898 61 57 18732 207 76
internal_value=-0.000433655 0.00877329 0.00258621 9.16257e-05 -0.00524874 -0.00835036
internal_weight=20230 317 256 19913 1181 974
internal_count=20230 317 256 19913 1181 974
is_linear=0
shrinkage=0.05


Tree=337
num_leaves=7
num_cat=0
split_feature=1 47 38 46 32 47
split_gain=12.0423 16.7404 25.8522 30.3149 29.7488 42.3226
threshold=0.051220847293734557 1.0124127864837649 0.0047596553340554246 1.1269442439079287 -0.28898046910762781 0.84994617104530346
decision_type=2 2 2 2 2 2
left_child=1 2 3 -1 -4 -6
right_child=-2 -3 4 -5 5 -7
leaf_value=2.8212044486901779e-05 -7.6728359506223796e-05 2.7433837467181641e-05 2.8593825143054255e-05 -0.00012797037548035193 4.5886971698663075e-05 -0.00018044242230051151
leaf_weight=6422 1302 7562 1495 542 933 2115
leaf_count=6422 1302 7562 1495 542 933 2115
internal_value=-0.000430654 0.000389273 -0.000810024 0.00110131 -0.0037434 -0.0065755
internal_weight=20371 19069 11507 6964 4543 3048
internal_count=20371 19069 11507 6964 4543 3048
is_linear=0
shrinkage=0.05


Tree=338
num_leaves=7
num_cat=0
split_feature=45 21 32 45 26 43
split_gain=11.2084 30.0093 20.0883 24.0019 22.7087 20.8783
threshold=0.087441891431808486 0.97499999403953563 -0.97244736552238453 0.04986389912664891 -0.059780897572636597 0.072430800646543517
decision_type=2 2 2 2 2 2
left_child=1 2 3 -1 -5 -4
right_child=-2 -3 5 4 -6 -7
leaf_value=-0.00011200593588002054 1.9597530281730956e-05 -0.00068220056378928489 1.8942117643551622e-07 8.2655694917848336e-05 0.00044264419256757252 -6.6661066638333026e-05
leaf_weight=76 6877 104 8977 201 127 3891
leaf_count=76 6877 104 8977 201 127 3891
internal_value=-0.000403544 -0.00115649 -0.000939595 0.00996333 0.0158408 -0.00128758
internal_weight=20253 13376 13272 404 328 12868
internal_count=20253 13376 13272 404 328 12868
is_linear=0
shrinkage=0.05


Tree=339
num_leaves=7
num_cat=0
split_feature=33 39 9 26 24 41
split_gain=13.5647 21.4425 31.0596 26.7543 51.8583 28.2091
threshold=-0.086666285991668687 0.023963462561368946 -0.057435363531112664 -0.067173428833484636 -0.025710433721542355 0.097731180489063277
decision_type=2 2 2 2 2 2
left_child=1 2 -1 -3 -5 -6
right_child=-2 3 -4 4 5 -7
leaf_value=-0.00013599256621221644 -1.6887382302822374e-05 -4.1171765445460165e-05 1.4443716519910547e-05 0.0003884654171151527 -3.4814966801766034e-05 0.0002785832399648466
leaf_weight=743 12763 689 4819 455 616 293
leaf_count=743 12763 689 4819 455 616 293
internal_value=-0.000455036 0.00143373 -0.000175139 0.00579446 0.00984295 0.00287199
internal_weight=20378 7615 5562 2053 1364 909
internal_count=20378 7615 5562 2053 1364 909
is_linear=0
shrinkage=0.05


Tree=340
num_leaves=7
num_cat=0
split_feature=47 45 44 44 15 23
split_gain=9.508 21.4852 21.7471 36.0809 25.5803 24.4139
threshold=0.95137661695480358 0.048198798671364791 0.053278120234608657 0.054683927446603782 0.77500000596046459 0.012066226452589037
decision_type=2 2 2 2 2 2
left_child=-1 -2 5 4 -4 -3
right_child=1 2 3 -5 -6 -7
leaf_value=-1.0959598758922859e-05 -0.00012358002860820747 0.00013738812438301428 -0.00038214892180669084 2.2192932413640364e-05 0.00014791256952394671 -0.00010926221192730231
leaf_weight=9148 208 449 146 10207 53 75
leaf_count=9148 208 449 146 10207 53 75
internal_value=-0.00039796 0.00128107 0.00158893 0.00108299 -0.0197304 0.0114839
internal_weight=20286 11138 10930 10406 199 524
internal_count=20286 11138 10930 10406 199 524
is_linear=0
shrinkage=0.05


Tree=341
num_leaves=7
num_cat=0
split_feature=21 44 22 9 39 32
split_gain=9.49726 27.8531 41.2934 38.0185 29.3027 19.1552
threshold=0.47499999403953558 0.085376117378473296 0.27500000596046453 -0.022035943344235417 0.06002625264227391 -0.4401427954435348
decision_type=2 2 2 2 2 2
left_child=1 4 -3 -4 -1 -2
right_child=5 2 3 -5 -6 -7
leaf_value=1.3311899992870516e-05 5.1332754363940179e-05 0.00072645143595152924 0.00031447288600865034 -8.1623749890159911e-05 -0.0001886887762145667 -3.268201021043235e-05
leaf_weight=8170 2492 105 271 246 353 8672
leaf_count=8170 2492 105 271 246 353 8672
internal_value=-0.000407355 0.00127049 0.0114434 0.00541188 0.000518879 -0.00090205
internal_weight=20309 9145 622 517 8523 11164
internal_count=20309 9145 622 517 8523 11164
is_linear=0
shrinkage=0.05


Tree=342
num_leaves=7
num_cat=0
split_feature=10 1 36 45 45 13
split_gain=9.55672 37.151 38.9814 64.4319 35.3071 27.3108
threshold=0.0027772110188379888 -0.017307723872363564 0.14469474554061892 0.089829079806804671 0.054265007376670844 -0.0060950936749577514
decision_type=2 2 2 2 2 2
left_child=1 2 3 4 -1 -2
right_child=5 -3 -4 -5 -6 -7
leaf_value=7.2436752024268103e-05 8.3765608880696861e-05 5.7634565431298014e-06 4.0180068124332847e-05 -8.3637576717154622e-07 -0.00054480786536385123 -5.108206832423834e-06
leaf_weight=72 2769 9229 579 501 504 6671
leaf_count=72 2769 9229 579 501 504 6671
internal_value=-0.000367683 -0.000746097 -0.00763095 -0.0132394 -0.0245697 0.00142668
internal_weight=20325 10885 1656 1077 576 9440
internal_count=20325 10885 1656 1077 576 9440
is_linear=0
shrinkage=0.05


Tree=343
num_leaves=7
num_cat=0
split_feature=1 47 29 40 38 35
split_gain=9.72004 21.1817 30.2501 9.38585 32.9593 13.4889
threshold=-0.090434335172176347 1.1481909751892092 0.0038829601835459475 0.035991646349430091 0.018703797832131389 -0.41547058522701258
decision_type=2 2 2 2 2 2
left_child=1 2 -1 4 5 -2
right_child=3 -3 -4 -5 -6 -7
leaf_value=0.0003116773665229955 0.00029784205083672631 0.00042827339946781788 -0.000214516472189302 -6.202331748825422e-06 -0.00025845375785485793 5.174860368418249e-05
leaf_weight=65 109 163 105 19211 59 500
leaf_count=65 109 163 105 19211 59 500
internal_value=-0.000438987 0.00835799 -0.00385714 -0.000192366 0.00560921 0.00916124
internal_weight=20212 333 170 19879 668 609
internal_count=20212 333 170 19879 668 609
is_linear=0
shrinkage=0.05


Tree=344
num_leaves=7
num_cat=0
split_feature=32 46 3 44 26 1
split_gain=8.71954 21.8598 34.4894 19.9426 12.9117 24.3005
threshold=1.166241526603699 0.95541849732398998 0.0088846115395426768 0.097197141498327269 0.15711338818073275 -0.057512115687131875
decision_type=2 2 2 2 2 2
left_child=4 2 -2 -3 -1 -6
right_child=1 3 -4 -5 5 -7
leaf_value=-2.1822310470751438e-06 -0.00027785200987298636 0.0003955411425035681 0.00031846289051251425 -1.5783386683158439e-05 6.1000145531135745e-05 -0.00040131999369147841
leaf_weight=19360 108 304 75 134 153 166
leaf_count=19360 108 304 75 134 153 166
internal_value=-0.000407535 0.00563099 -0.00864362 0.0116817 -0.000361969 -0.0102623
internal_weight=20300 621 183 438 19679 319
internal_count=20300 621 183 438 19679 319
is_linear=0
shrinkage=0.05


Tree=345
num_leaves=7
num_cat=0
split_feature=24 39 3 39 19 44
split_gain=17.1413 32.0702 24.5405 37.0548 32.8701 36.4232
threshold=-0.016459395177662369 0.012997390236705543 0.007281551370397211 0.03058036603033543 0.52500000596046459 0.079213861376047148
decision_type=2 2 2 2 2 2
left_child=1 -1 -3 -4 5 -5
right_child=-2 2 3 4 -6 -7
leaf_value=-1.0675471952243613e-05 -1.7132853675793258e-05 0.00014339789290699598 0.0002478732148730374 -0.00016102952778780836 -0.00024434229346640009 0.00013355612737941036
leaf_weight=4190 12502 1134 994 267 420 689
leaf_count=4190 12502 1134 994 267 420 689
internal_value=-0.000464086 0.00173724 0.00526503 0.00234737 -0.00295076 0.00215921
internal_weight=20196 7694 3504 2370 1376 956
internal_count=20196 7694 3504 2370 1376 956
is_linear=0
shrinkage=0.05


Tree=346
num_leaves=7
num_cat=0
split_feature=13 40 8 45 42 2
split_gain=10.4061 13.976 12.225 12.042 23.8984 36.3137
threshold=0.051146253943443305 0.14657470583915713 0.93128651380538952 0.089829079806804671 0.091868363320827498 0.0083349128253757971
decision_type=2 2 2 2 2 2
left_child=3 2 -2 4 -1 -6
right_child=1 -3 -4 -5 5 -7
leaf_value=-5.5064575789763162e-06 0.00029660546693539922 -0.00050655585838815711 -0.00021903387338174818 2.5679264318977712e-05 -0.00020221575206452277 0.00028648485403690564
leaf_weight=13131 51 50 217 6004 731 145
leaf_count=13131 51 50 217 6004 731 145
internal_value=-0.00041679 -0.00921053 -0.00430403 -0.000161121 -0.000965244 -0.00893871
internal_weight=20329 318 268 20011 14007 876
internal_count=20329 318 268 20011 14007 876
is_linear=0
shrinkage=0.05


Tree=347
num_leaves=7
num_cat=0
split_feature=48 22 41 45 16 20
split_gain=9.64352 42.1442 40.4401 25.6455 31.1908 28.2704
threshold=-1.0998796224594114 0.37500000000000006 0.059883998706936843 0.058739829808473594 0.17500000447034839 0.37500000000000006
decision_type=2 2 2 2 2 2
left_child=1 2 3 4 -1 -5
right_child=-2 -3 -4 5 -6 -7
leaf_value=0.00023057637194074735 5.3826809816123918e-06 1.7601671386642949e-05 -0.00023792792365222374 -5.3343875070240804e-05 -0.00012493322981617315 0.00054825225898260776
leaf_weight=128 15650 3102 627 124 541 84
leaf_count=128 15650 3102 627 124 541 84
internal_value=-0.000428162 -0.00220668 -0.00906229 -0.00206916 -0.00686202 0.0130282
internal_weight=20256 4606 1504 877 669 208
internal_count=20256 4606 1504 877 669 208
is_linear=0
shrinkage=0.05


Tree=348
num_leaves=7
num_cat=0
split_feature=47 2 36 27 35 12
split_gain=13.4524 24.2905 33.9752 20.6753 18.4493 34.5095
threshold=0.6775178611278535 0.0089768506586551684 0.79444327950477611 0.054624613374471671 -0.47038590908050532 -0.0098962425254285318
decision_type=2 2 2 2 2 2
left_child=1 2 3 4 -1 -6
right_child=-2 -3 -4 -5 5 -7
leaf_value=0.00076139815248669443 -4.0940357090763263e-07 -8.6584146001267713e-05 -0.00032644996708504288 -3.7413156332686999e-05 0.00045841409677150832 -0.00022194605883196739
leaf_weight=186 19689 209 76 57 64 64
leaf_count=186 19689 209 76 57 64 64
internal_value=-0.000372236 0.0072239 0.0137721 0.0200133 0.025 0.00958647
internal_weight=20345 656 447 371 314 128
internal_count=20345 656 447 371 314 128
is_linear=0
shrinkage=0.05


Tree=349
num_leaves=7
num_cat=0
split_feature=48 38 44 44 36 47
split_gain=10.5385 35.846 31.9524 27.3918 29.125 37.3985
threshold=-1.0998796224594114 -0.0029975365614518519 0.1144806817173958 0.10649646818637849 0.47748665511608129 0.94596788287162792
decision_type=2 2 2 2 2 2
left_child=1 -1 3 4 -3 -6
right_child=-2 2 -4 -5 5 -7
leaf_value=-0.00013859539033217881 3.1716162207632955e-06 1.1492393221837136e-05 0.00041596946511787615 -0.0013081547191739218 -0.00037244650534606671 0.00029831540077091754
leaf_weight=1117 15676 2996 139 74 114 52
leaf_count=1117 15676 2996 139 74 114 52
internal_value=-0.00046473 -0.00252946 3.69822e-05 -0.000979636 -0.000244711 -0.0203216
internal_weight=20168 4492 3375 3236 3162 166
internal_count=20168 4492 3375 3236 3162 166
is_linear=0
shrinkage=0.05


Tree=350
num_leaves=7
num_cat=0
split_feature=9 12 38 10 6 46
split_gain=9.91658 28.3703 28.2277 27.6299 22.6039 27.1042
threshold=-0.054523956030607217 -0.033706409856677048 0.0071367097552865752 -0.025353965349495407 0.27544581890106207 0.80984607338905346
decision_type=2 2 2 2 2 2
left_child=2 4 -1 -4 5 -2
right_child=1 -3 3 -5 -6 -7
leaf_value=-0.00012783936004558648 0.00046029171212472474 -9.3406131974583476e-06 -5.6154028917033019e-05 0.00021855975822434367 0.00026706029143645516 2.6588648615707595e-05
leaf_weight=1122 50 15936 666 364 367 1737
leaf_count=1122 50 15936 666 364 367 1737
internal_value=-0.000467971 0.000120199 -0.00346546 0.00248792 0.00550023 0.00313895
internal_weight=20242 18090 2152 1030 2154 1787
internal_count=20242 18090 2152 1030 2154 1787
is_linear=0
shrinkage=0.05


Tree=351
num_leaves=7
num_cat=0
split_feature=46 47 21 1 38 20
split_gain=11.0333 25.4948 24.3984 27.7204 24.3664 23.5332
threshold=1.0901384353637698 1.501953721046448 0.77500000596046459 -0.023878999054431912 -0.013917458709329365 0.82500001788139354
decision_type=2 2 2 2 2 2
left_child=-1 2 4 5 -2 -4
right_child=1 -3 3 -5 -6 -7
leaf_value=-9.2166145947904666e-06 -0.0001640547251014348 -0.00025023759471369127 -0.00015349545785652908 0.00019937557839888763 2.1496590361442473e-05 0.00047892084325428072
leaf_weight=15716 312 221 283 1152 2522 65
leaf_count=15716 312 221 283 1152 2522 65
internal_value=-0.00041305 0.00208882 0.00294423 0.0080897 0.000202536 -0.00417847
internal_weight=20271 4555 4334 1500 2834 348
internal_count=20271 4555 4334 1500 2834 348
is_linear=0
shrinkage=0.05


Tree=352
num_leaves=7
num_cat=0
split_feature=40 24 36 24 43 26
split_gain=9.78251 30.7508 29.9876 26.7907 34.8181 29.7856
threshold=0.088889021426439299 -0.034057782962918275 -0.20146576315164563 0.0037725808797404174 0.092886988073587431 0.069373819977045073
decision_type=2 2 2 2 2 2
left_child=3 2 -2 -1 -5 -6
right_child=1 -3 -4 4 5 -7
leaf_value=-1.3010171804463264e-05 3.2180392401755764e-06 -6.662010332049861e-05 0.00026384941134931071 3.0846823546041911e-05 0.0005747354618718094 -5.3077918108571536e-05
leaf_weight=8348 1343 3869 378 6031 237 104
leaf_count=8348 1343 3869 378 6031 237 104
internal_value=-0.000402412 -0.00176497 0.00378042 0.000691002 0.00313235 0.0185694
internal_weight=20310 5590 1721 14720 6372 341
internal_count=20310 5590 1721 14720 6372 341
is_linear=0
shrinkage=0.05


Tree=353
num_leaves=7
num_cat=0
split_feature=27 32 18 50 43 50
split_gain=11.8485 15.8273 32.0999 23.0251 20.9446 12.6984
threshold=0.054624613374471671 -0.052419157698750489 0.62500000000000011 1.0280747413635256 0.11877675727009775 2.2432707548141484
decision_type=2 2 2 2 2 2
left_child=5 -2 -3 -4 -5 -1
right_child=1 2 3 4 -6 -7
leaf_value=3.5563967891241721e-06 5.9466534159001444e-05 -0.00049334180861320049 -0.00022231158293802892 0.00010764342297355573 -0.00028062822712899557 0.00017786038904383649
leaf_weight=19018 166 106 172 368 155 355
leaf_count=19018 166 106 172 368 155 355
internal_value=-0.000337921 -0.00516975 -0.00809553 -0.00403571 0.00118371 0.000486376
internal_weight=20340 967 801 695 523 19373
internal_count=20340 967 801 695 523 19373
is_linear=0
shrinkage=0.05


Tree=354
num_leaves=7
num_cat=0
split_feature=36 47 47 12 6 40
split_gain=10.3606 26.8298 30.3236 57.6394 50.3226 29.776
threshold=-0.20146576315164563 1.501953721046448 0.9404503107070924 0.019951547496020797 0.73476442694664013 0.088889021426439299
decision_type=2 2 2 2 2 2
left_child=-1 2 3 4 5 -2
right_child=1 -3 -4 -5 -6 -7
leaf_value=-1.7438185497701179e-05 -3.1925665376074086e-05 -0.00017611351374927241 5.8167995795557653e-05 -0.00014015989667471055 0.00025161191241147314 0.00032951743004200438
leaf_weight=10247 2879 246 5428 930 412 172
leaf_count=10247 2879 246 5428 930 412 172
internal_value=-0.000387568 0.00109462 0.00150875 -0.00157458 0.00139129 -0.000826243
internal_weight=20314 10067 9821 4393 3463 3051
internal_count=20314 10067 9821 4393 3463 3051
is_linear=0
shrinkage=0.05


Tree=355
num_leaves=7
num_cat=0
split_feature=0 48 49 36 39 44
split_gain=8.95169 25.7467 14.1861 13.9905 10.6676 28.2831
threshold=-0.074294645339250551 0.45530736446380621 0.49843212962150579 -0.13576689362525937 0.066393889486789717 0.091004084795713439
decision_type=2 2 2 2 2 2
left_child=1 -1 3 -3 -2 -6
right_child=4 2 -4 -5 5 -7
leaf_value=-0.00041209734886337986 2.8439052089765558e-08 4.88707887900299e-05 -7.3946151113817206e-05 0.00062325705612821015 -0.0002472511311722981 0.00017528528535077923
leaf_weight=65 19458 89 58 114 394 234
leaf_count=65 19458 89 58 114 394 234
internal_value=-0.000356321 0.00808157 0.0151316 0.021274 -0.000207804 -0.00659558
internal_weight=20412 326 261 203 20086 628
internal_count=20412 326 261 203 20086 628
is_linear=0
shrinkage=0.05


Tree=356
num_leaves=7
num_cat=0
split_feature=12 44 21 20 41 47
split_gain=9.11303 33.585 31.9228 27.1891 34.2128 34.1183
threshold=-0.046059604734182351 0.080180671066045775 0.52500000596046459 0.22500000149011615 0.064674824476242079 1.0364001989364626
decision_type=2 2 2 2 2 2
left_child=1 -1 -3 4 -4 -5
right_child=-2 2 3 5 -6 -7
leaf_value=-8.7733561495775705e-05 -6.4205348004846416e-06 0.00041028366907785952 -0.00049152476905971589 0.00018580421849548182 0.0003008713297949879 -0.00039749156516723585
leaf_weight=621 18278 206 50 196 590 294
leaf_count=621 18278 206 50 196 590 294
internal_value=-0.000374259 0.00312181 0.00758762 0.00420705 0.010969 -0.00459596
internal_weight=20235 1957 1336 1130 640 490
internal_count=20235 1957 1336 1130 640 490
is_linear=0
shrinkage=0.05


Tree=357
num_leaves=7
num_cat=0
split_feature=37 27 36 24 36 47
split_gain=8.91723 18.1704 24.9736 16.9431 12.1162 24.2245
threshold=-0.0010353854158893225 -0.042774988338351243 0.29837115108966833 -0.066204201430082307 -1.0000000180025095e-35 1.4411059617996218
decision_type=2 2 2 2 2 2
left_child=1 2 3 -1 5 -2
right_child=4 -3 -4 -5 -6 -7
leaf_value=-2.3927734742779964e-05 2.3941668383599284e-05 -6.2448552820107509e-06 0.00024050947627263155 -0.00033003161144280042 -1.170027457302195e-05 0.00022378363696734342
leaf_weight=153 7477 7220 89 256 4874 354
leaf_count=153 7477 7220 89 256 4874 354
internal_value=-0.000351234 -0.00109737 -0.0102883 -0.0155193 0.00105625 0.00227476
internal_weight=20423 7718 498 409 12705 7831
internal_count=20423 7718 498 409 12705 7831
is_linear=0
shrinkage=0.05


Tree=358
num_leaves=7
num_cat=0
split_feature=36 45 26 42 41 40
split_gain=9.11247 30.3771 45.9835 12.4592 14.0943 13.7016
threshold=-0.93706035614013661 0.068120658397674574 0.080913770943880095 0.11179019138216974 0.096138097345829024 0.081256244331598296
decision_type=2 2 2 2 2 2
left_child=1 -1 3 5 -5 -3
right_child=-2 2 -4 4 -6 -7
leaf_value=-9.8063107555110176e-05 1.852672684916955e-06 0.00014071019127629848 -0.00022015783475965733 -0.0001293832736501176 0.00026863208363962657 0.00071481191134608278
leaf_weight=119 19600 138 118 70 107 118
leaf_count=119 19600 138 118 70 107 118
internal_value=-0.000418002 0.00603704 0.0110162 0.0185502 0.00782967 0.0255747
internal_weight=20270 670 551 433 177 256
internal_count=20270 670 551 433 177 256
is_linear=0
shrinkage=0.05


Tree=359
num_leaves=7
num_cat=0
split_feature=15 42 44 50 44 5
split_gain=17.7581 16.9222 27.1987 60.71 40.2271 40.4913
threshold=0.97499999403953563 0.092786729335784926 0.09916637092828752 0.88050791621208202 0.092821013182401671 -0.50585126876831044
decision_type=2 2 2 2 2 2
left_child=1 2 4 -4 -1 -6
right_child=-2 -3 3 -5 5 -7
leaf_value=1.5218129127265784e-05 -8.1538910316710823e-05 -3.4956365610933369e-05 3.5436508291798446e-05 0.00080273117058308639 0.00017517288027282999 -0.00046894811858651399
leaf_weight=13140 1014 4873 566 162 144 377
leaf_count=13140 1014 4873 566 162 144 377
internal_value=-0.000393225 0.000221882 0.00108552 0.0104707 0.000579906 -0.0129753
internal_weight=20276 19262 14389 728 13661 521
internal_count=20276 19262 14389 728 13661 521
is_linear=0
shrinkage=0.05


Tree=360
num_leaves=7
num_cat=0
split_feature=10 1 44 35 42 13
split_gain=11.2608 23.7635 34.1932 30.1673 47.7403 26.7317
threshold=0.0055081730242818603 -0.017307723872363564 0.054683927446603782 0.54790696501731884 0.092786729335784926 0.0099228397011756914
decision_type=2 2 2 2 2 2
left_child=1 2 -1 4 5 -4
right_child=-2 -3 3 -5 -6 -7
leaf_value=0.0002792866019280043 1.9809920264970784e-05 9.0703704068058542e-07 -0.0004266615609471815 0.00011228319174392641 1.1622765494084353e-05 2.6587427398055378e-05
leaf_weight=73 9147 9402 729 245 550 114
leaf_count=73 9147 9402 729 245 550 114
internal_value=-0.000423143 -0.000955657 -0.00636655 -0.00789714 -0.0107475 -0.0181899
internal_weight=20260 11113 1711 1638 1393 843
internal_count=20260 11113 1711 1638 1393 843
is_linear=0
shrinkage=0.05


Tree=361
num_leaves=7
num_cat=0
split_feature=48 6 24 31 38 39
split_gain=10.0399 49.8391 25.6769 25.7785 28.1207 30.3353
threshold=-0.64340358972549427 0.53146526217460643 -0.036285208538174622 39.027219772338874 0.0076545237097889194 -0.02703957166522741
decision_type=2 2 2 2 2 2
left_child=1 -1 -2 -4 -5 -6
right_child=2 -3 3 4 5 -7
leaf_value=-4.4398793229355646e-06 0.00018417249654112627 -0.00027302710913961891 -0.00022167204572101602 2.5984724759515024e-05 0.00063034768271011789 -5.8822307164959829e-05
leaf_weight=6490 613 727 213 8483 99 3726
leaf_count=6490 613 727 213 8483 99 3726
internal_value=-0.000406514 -0.00187275 0.000447142 -4.19128e-05 0.000257858 -0.00329634
internal_weight=20351 7217 13134 12521 12308 3825
internal_count=20351 7217 13134 12521 12308 3825
is_linear=0
shrinkage=0.05


Tree=362
num_leaves=7
num_cat=0
split_feature=10 46 1 27 48 11
split_gain=12.7981 42.842 26.3395 24.0864 26.8478 26.7327
threshold=0.013741362839937212 0.86900916695594799 0.0090140700340271013 0.028800045140087608 -0.53047460317611683 -0.0025257052620872851
decision_type=2 2 2 2 2 2
left_child=-1 2 -2 -3 -5 -6
right_child=1 3 -4 4 5 -7
leaf_value=-1.1540413506114147e-05 -0.00017068214778865581 6.844722599445178e-05 8.6672951486808816e-05 -0.00054166015358696857 0.0002754151684023919 -4.4160828510605124e-05
leaf_weight=12135 1090 5158 271 151 219 1120
leaf_count=12135 1090 5158 271 151 219 1120
internal_value=-0.000480173 0.00160032 -0.00646047 0.00325793 -0.00232441 -1.86012e-05
internal_weight=20144 8009 1361 6648 1490 1339
internal_count=20144 8009 1361 6648 1490 1339
is_linear=0
shrinkage=0.05


Tree=363
num_leaves=7
num_cat=0
split_feature=11 44 42 27 12 1
split_gain=10.2992 15.7591 22.8113 22.0962 37.6556 33.1586
threshold=-0.0012355837970972059 0.0657009892165661 0.092786729335784926 0.0041578062810003766 0.0064949332736432561 0.010350751224905254
decision_type=2 2 2 2 2 2
left_child=-1 3 -3 4 5 -2
right_child=1 2 -4 -5 -6 -7
leaf_value=1.3069994218856997e-05 -0.00013832570844943414 2.3847642860744256e-05 -5.8676261672916861e-05 -0.00010233271399440259 0.00025241704211488358 5.1253803713276283e-05
leaf_weight=9286 406 5617 3017 1425 270 331
leaf_count=9286 406 5617 3017 1425 270 331
internal_value=-0.000455617 -0.00128037 -0.000274916 -0.00483176 0.000815217 -0.00502022
internal_weight=20352 11066 8634 2432 1007 737
internal_count=20352 11066 8634 2432 1007 737
is_linear=0
shrinkage=0.05


Tree=364
num_leaves=7
num_cat=0
split_feature=25 46 21 47 47 48
split_gain=9.85116 16.0124 20.8918 28.3499 17.4831 20.5559
threshold=-0.006116726202890276 1.3570759296417239 0.72499999403953563 1.501953721046448 1.6064773201942446 0.2601312398910523
decision_type=2 2 2 2 2 2
left_child=-1 4 -3 -4 5 -2
right_child=1 2 3 -5 -6 -7
leaf_value=2.3224980349365435e-05 -3.7878534669959049e-05 -0.00038215813209599003 0.00026018482173028045 -0.00047155525728411997 0.00040845440803805158 1.3253224740355933e-05
leaf_weight=7561 6048 150 85 52 167 6118
leaf_count=7561 6048 150 85 52 167 6118
internal_value=-0.000365352 -0.000837624 -0.0124144 0.00158451 -0.000561274 -0.000786706
internal_weight=20181 12620 287 137 12333 12166
internal_count=20181 12620 287 137 12333 12166
is_linear=0
shrinkage=0.05


Tree=365
num_leaves=7
num_cat=0
split_feature=40 36 26 1 46 41
split_gain=9.69313 28.9037 41.2469 33.6981 57.4368 38.6495
threshold=0.092389769852161421 -0.48673067986965174 -0.036659413948655122 0.022839634679257873 0.92989459633827221 0.0914197973906994
decision_type=2 2 2 2 2 2
left_child=1 2 -1 5 -5 -4
right_child=-2 -3 3 4 -6 -7
leaf_value=-6.1398931900702965e-05 -2.9430329784108612e-05 -1.1659071725939291e-05 8.5359413911586734e-05 0.00023292689143845327 -0.00026673749003957339 0.0003938709550213497
leaf_weight=1388 4926 10671 2312 332 417 335
leaf_count=1388 4926 10671 2312 332 417 335
internal_value=-0.000347052 0.000441462 0.00366987 0.00663775 -0.00268568 0.00928544
internal_weight=20381 15455 4784 3396 749 2647
internal_count=20381 15455 4784 3396 749 2647
is_linear=0
shrinkage=0.05


Tree=366
num_leaves=7
num_cat=0
split_feature=47 41 36 41 36 43
split_gain=10.1455 24.6755 43.1891 35.6103 22.8392 21.1217
threshold=0.95137661695480358 0.094573576003313078 -0.84776607155799855 0.097731180489063277 -0.93706035614013661 0.047028794884681709
decision_type=2 2 2 2 2 2
left_child=1 -1 3 -3 -2 -6
right_child=4 2 -4 -5 5 -7
leaf_value=-2.6059746272251232e-05 0.00019164058125941425 0.0003819087724421031 0.00044891443235996512 -0.00011815777807745124 -9.8638176508906829e-05 1.2650625786635043e-05
leaf_weight=8661 207 50 183 244 332 10536
leaf_count=8661 207 50 183 244 332 10536
internal_value=-0.000325205 -0.00140818 0.00959544 -0.00225753 0.000841606 0.000521935
internal_weight=20213 9138 477 294 11075 10868
internal_count=20213 9138 477 294 11075 10868
is_linear=0
shrinkage=0.05


Tree=367
num_leaves=7
num_cat=0
split_feature=28 37 49 35 23 17
split_gain=9.54945 14.6999 10.9435 14.5935 11.7318 9.1329
threshold=-0.026774214580655094 -0.0015198242617771027 -2.3547326326370235 -0.10390888899564742 -0.029182956553995606 0.62500000000000011
decision_type=2 2 2 2 2 2
left_child=1 -1 3 4 -2 -4
right_child=2 -3 5 -5 -6 -7
leaf_value=-0.0002141295909681023 0.00049137359721218598 0.00020426820113691796 1.1104004339752232e-05 -0.00021575472119746212 -0.00015544169519217965 -1.8893059933414321e-05
leaf_weight=87 50 252 11649 129 62 7996
leaf_count=87 50 252 11649 129 62 7996
internal_value=-0.000443648 0.00821221 -0.000189784 -0.0106707 0.00235043 -5.72519e-05
internal_weight=20225 339 19886 241 112 19645
internal_count=20225 339 19886 241 112 19645
is_linear=0
shrinkage=0.05


Tree=368
num_leaves=7
num_cat=0
split_feature=21 22 36 47 47 35
split_gain=11.095 25.0976 24.4876 36.7782 29.9165 29.5734
threshold=0.47499999403953558 0.32500000298023229 -0.31024430692195887 1.501953721046448 1.1197297573089602 -0.47038590908050532
decision_type=2 2 2 2 2 2
left_child=-1 -2 5 4 -4 -3
right_child=1 2 3 -5 -6 -7
leaf_value=1.1201247142193609e-05 -0.00022524100923039243 -2.4980267823869834e-05 -4.5043238995446521e-06 -0.00037978564956251239 0.00013208563845760308 -0.00020020734369953356
leaf_weight=9134 222 4884 3360 135 1369 1164
leaf_count=9134 222 4884 3360 135 1369 1164
internal_value=-0.000437774 -0.00148802 -0.00114271 0.00149415 0.0022444 -0.00326698
internal_weight=20268 11134 10912 4864 4729 6048
internal_count=20268 11134 10912 4864 4729 6048
is_linear=0
shrinkage=0.05


Tree=369
num_leaves=7
num_cat=0
split_feature=32 46 41 44 17 9
split_gain=8.32013 23.9335 24.522 22.6068 12.131 24.8929
threshold=1.166241526603699 0.95541849732398998 0.082021500915288939 0.10146093741059305 0.62500000000000011 -0.039305707439780228
decision_type=2 2 2 2 2 2
left_child=4 2 -2 -3 -1 -6
right_child=1 3 -4 -5 5 -7
leaf_value=9.8732763600253811e-06 -0.00027267435989307361 0.00035273025407281345 0.00013777772546525233 -7.267581667168059e-05 0.0001503837632319098 -3.1352782780123226e-05
leaf_weight=12145 95 335 96 96 387 7093
leaf_count=12145 95 335 96 96 387 7093
internal_value=-0.000413539 0.00570175 -0.00880102 0.0122133 -0.000149007 -0.00173347
internal_weight=20247 622 191 431 19625 7480
internal_count=20247 622 191 431 19625 7480
is_linear=0
shrinkage=0.05


Tree=370
num_leaves=7
num_cat=0
split_feature=28 47 26 14 42 22
split_gain=9.34775 12.4342 21.1879 14.6036 11.0872 25.9578
threshold=-0.026774214580655094 1.2305950522422793 0.0024028911720961337 0.22500000149011615 0.092786729335784926 0.52500000596046459
decision_type=2 2 2 2 2 2
left_child=1 2 3 -1 -2 -6
right_child=4 -3 -4 -5 5 -7
leaf_value=0.00024091052938254883 7.7142822482113338e-06 0.00029785949642176376 0.0003865731498272948 -0.00051083370741452673 0.0001243489999468311 -5.8597581546592127e-05
leaf_weight=56 14900 126 83 68 779 4216
leaf_count=56 14900 126 83 68 779 4216
internal_value=-0.000379331 0.00835799 0.000589623 -0.0122093 -2.63819e-05 -0.002065
internal_weight=20228 333 207 124 19895 4995
internal_count=20228 333 207 124 19895 4995
is_linear=0
shrinkage=0.05


Tree=371
num_leaves=7
num_cat=0
split_feature=44 1 26 44 35 39
split_gain=9.31517 16.0502 15.9935 15.8399 32.7 25.2421
threshold=0.045715603977441795 0.014085545670241119 -0.031603440642356866 0.056074006482958801 0.11548724770545961 -0.0065834026318043462
decision_type=2 2 2 2 2 2
left_child=1 -1 -3 4 5 -2
right_child=3 2 -4 -5 -6 -7
leaf_value=1.3728777656428255e-06 0.00011167357402243005 -4.8487857445344488e-05 -0.00031945008924915363 -1.5359573533936001e-06 0.00019056891014182834 -3.7801044374907726e-05
leaf_weight=221 286 57 53 18392 540 804
leaf_count=221 286 57 53 18392 540 804
internal_value=-0.000367178 -0.00811012 -0.0232609 0.000283367 0.005 0
internal_weight=20353 331 110 20022 1630 1090
internal_count=20353 331 110 20022 1630 1090
is_linear=0
shrinkage=0.05


Tree=372
num_leaves=7
num_cat=0
split_feature=39 3 45 44 10 44
split_gain=10.1954 28.7646 48.0759 29.7087 34.0282 29.6252
threshold=-0.02703957166522741 0.0055689744185656318 0.076987221837043776 0.15206811577081683 0.022117438726127151 0.092821013182401671
decision_type=2 2 2 2 2 2
left_child=1 -1 -3 4 -4 -6
right_child=-2 2 3 -5 5 -7
leaf_value=0.00012765664431654017 -3.6605211726551974e-06 -0.00011845371531739406 0.00019953501697763081 -9.4432264777743167e-05 0.00030884648056168907 -0.00017084973189802804
leaf_weight=403 17270 935 809 218 317 384
leaf_count=403 17270 935 809 218 317 384
internal_value=-0.000441227 0.00288994 0.000983883 0.00592902 0.00843234 0.000318697
internal_weight=20336 3066 2663 1728 1510 701
internal_count=20336 3066 2663 1728 1510 701
is_linear=0
shrinkage=0.05


Tree=373
num_leaves=7
num_cat=0
split_feature=38 48 10 47 44 47
split_gain=10.6066 42.3617 27.6263 25.1568 23.0959 33.5997
threshold=-0.02872685436159372 1.0000000180025095e-35 0.045439159497618682 1.3687249422073366 0.071147490292787566 0.93367663025856029
decision_type=2 2 2 2 2 2
left_child=1 2 -1 4 -3 -6
right_child=-2 3 -4 -5 5 -7
leaf_value=-0.00012068936976728131 5.2130032567958373e-06 -0.00015072470783625126 -0.00084362225006805397 -0.00013251556257529618 -0.00016953311073207041 0.00061279070866214827
leaf_weight=365 19280 66 117 141 99 244
leaf_count=365 19280 66 117 141 99 244
internal_value=-0.000441748 -0.00479749 -0.0155544 0.00463964 0.01093 0.0161638
internal_weight=20312 1032 482 550 409 343
internal_count=20312 1032 482 550 409 343
is_linear=0
shrinkage=0.05


Tree=374
num_leaves=7
num_cat=0
split_feature=0 35 36 6 43 42
split_gain=12.1315 23.8373 54.6512 27.448 26.9226 26.5072
threshold=-0.011177584528923033 -0.30154854059219355 -0.31024430692195887 0.68550199270248424 0.044868307188153274 0.1205490678548813
decision_type=2 2 2 2 2 2
left_child=1 2 -1 -4 -3 -6
right_child=-2 4 3 -5 5 -7
leaf_value=-2.0993515235227764e-05 1.2119229291574982e-05 -0.00016185422270224452 0.00053426700161436625 0.00010102406787716338 -3.5016471621084781e-05 -0.00047864176480884454
leaf_weight=2685 13611 127 231 285 3204 196
leaf_count=2685 13611 127 231 285 3204 196
internal_value=-0.000382177 -0.00167459 0.00144261 0.0162668 -0.00450878 -0.00363436
internal_weight=20339 6728 3201 516 3527 3400
internal_count=20339 6728 3201 516 3527 3400
is_linear=0
shrinkage=0.05


Tree=375
num_leaves=7
num_cat=0
split_feature=1 39 38 49 12 48
split_gain=7.96405 19.0266 17.3124 12.3632 9.66234 34.7279
threshold=-0.090434335172176347 -0.013205306138843296 0.0076545237097889194 0.24365505576133731 0.041766576468944556 0.39166343212127691
decision_type=2 2 2 2 2 2
left_child=1 -1 -3 -4 -2 -6
right_child=4 2 3 -5 5 -7
leaf_value=-0.00010461969196914855 2.1703824735179436e-06 0.00068847786836046139 -0.00012327520089307103 0.00053768458898098635 -0.00025657018997876386 3.1537650367344936e-06
leaf_weight=92 17337 85 81 64 634 2036
leaf_count=92 17337 85 81 64 634 2036
internal_value=-0.000382365 0.00756881 0.0152128 0.00416667 -0.000296072 -0.00309346
internal_weight=20329 322 230 145 20007 2670
internal_count=20329 322 230 145 20007 2670
is_linear=0
shrinkage=0.05


Tree=376
num_leaves=7
num_cat=0
split_feature=36 47 31 42 9 36
split_gain=8.62063 29.2219 46.4921 33.8419 28.613 26.6585
threshold=0.29837115108966833 0.8074445128440858 46.449274063110359 0.081471823155879988 -0.027298126369714733 -1.0000000180025095e-35
decision_type=2 2 2 2 2 2
left_child=5 2 3 4 -2 -1
right_child=1 -3 -4 -5 -6 -7
leaf_value=2.1535436656250698e-06 -0.0002352595319899109 3.8802743545793619e-05 -0.00022042173533385457 0.00031116217278477512 0.00021302264175483869 -8.1821430144719473e-05
leaf_weight=12498 131 4456 410 102 68 2626
leaf_count=12498 131 4456 410 102 68 2626
internal_value=-0.000397862 0.00151295 -0.00785615 0.00694444 -0.00502451 -0.000851015
internal_weight=20291 5167 711 301 199 15124
internal_count=20291 5167 711 301 199 15124
is_linear=0
shrinkage=0.05


Tree=377
num_leaves=7
num_cat=0
split_feature=28 49 38 47 0 39
split_gain=9.02167 23.7323 21.6112 16.0302 28.392 24.914
threshold=-0.0066891359165310851 -2.3547326326370235 0.05250773765146733 0.86559692025184642 0.019885549321770671 0.017067288048565391
decision_type=2 2 2 2 2 2
left_child=2 -2 3 5 -5 -1
right_child=1 -3 -4 4 -6 -7
leaf_value=4.4956057929477527e-05 -0.00035395115523496261 -4.2485883374285493e-06 0.00047644402449900864 -4.817249000011008e-05 0.00011470042545951757 0.00034742960445409681
leaf_weight=874 72 15244 167 2734 953 176
leaf_count=874 72 15244 167 2734 953 176
internal_value=-0.000433869 -0.000553162 0.00190976 0.00127056 -0.000277627 0.00670616
internal_weight=20220 15316 4904 4737 3687 1050
internal_count=20220 15316 4904 4737 3687 1050
is_linear=0
shrinkage=0.05


Tree=378
num_leaves=7
num_cat=0
split_feature=16 41 27 33 39 10
split_gain=10.7277 25.9625 19.7174 19.0903 20.2098 40.5309
threshold=0.12500000372529033 0.1394712030887604 -0.0054677212610840789 -0.097865562885999666 0.023963462561368946 -0.025353965349495407
decision_type=2 2 2 2 2 2
left_child=1 2 -1 4 -2 -6
right_child=3 -3 -4 -5 5 -7
leaf_value=-0.00010524555342525373 1.0495227963777882e-05 0.00027852657697074101 6.8701159400005854e-05 -8.8041341192561477e-06 -4.4526502593227914e-05 0.00026721570752291364
leaf_weight=1587 3750 68 331 12942 556 922
leaf_count=1587 3750 68 331 12942 556 922
internal_value=-0.000306284 -0.00355349 -0.00466719 0.000312242 0.00286165 0.00780512
internal_weight=20156 1986 1918 18170 5228 1478
internal_count=20156 1986 1918 18170 5228 1478
is_linear=0
shrinkage=0.05


Tree=379
num_leaves=7
num_cat=0
split_feature=28 45 10 44 42 10
split_gain=9.97305 23.3024 11.946 10.945 26.8254 28.6467
threshold=0.02172068785876036 0.093491375446319594 -0.018289682455360886 0.1230062134563923 0.07885585725307466 0.070901494473218932
decision_type=2 2 2 2 2 2
left_child=3 2 -2 -1 -5 -6
right_child=1 -3 -4 4 5 -7
leaf_value=-1.4869054201821238e-06 -0.00015811822039485173 -0.00023618936721762082 0.00025507526157405984 -0.00050897053980868557 0.00013823650311847505 -8.9747395205283761e-05
leaf_weight=18506 80 420 163 56 915 223
leaf_count=18506 80 420 163 56 915 223
internal_value=-0.000440642 -0.00602545 0.00614919 0.000186501 0.00481651 0.00653981
internal_weight=20363 663 243 19700 1194 1138
internal_count=20363 663 243 19700 1194 1138
is_linear=0
shrinkage=0.05


Tree=380
num_leaves=7
num_cat=0
split_feature=3 45 1 47 16 26
split_gain=11.1134 25.9265 22.5977 22.4942 18.7047 12.6333
threshold=0.0039737639017403134 0.045723354443907745 0.015515204519033434 0.9191967546939851 0.32500000298023229 -0.026752351783215996
decision_type=2 2 2 2 2 2
left_child=3 2 4 5 -2 -1
right_child=1 -3 -4 -5 -6 -7
leaf_value=-1.7100354027996649e-05 0.0001715765616285477 3.8619618542000814e-06 -0.0003039088097824764 -0.00011472342600800557 -0.0001822112027956104 0.00014540002605872103
leaf_weight=78 62 19645 66 53 189 208
leaf_count=78 62 19645 66 53 189 208
internal_value=-0.000358268 1.8781e-05 -0.0140528 0.0090843 -0.00673828 0.0146907
internal_weight=20301 19962 317 339 251 286
internal_count=20301 19962 317 339 251 286
is_linear=0
shrinkage=0.05


Tree=381
num_leaves=7
num_cat=0
split_feature=35 42 22 44 26 7
split_gain=13.4058 32.0971 28.9126 26.8623 24.5068 23.3928
threshold=0.026911166496574882 0.1158958710730076 0.62500000000000011 0.11929344758391382 0.11735404655337335 0.14185634255409243
decision_type=2 2 2 2 2 2
left_child=-1 2 4 -3 -2 -4
right_child=1 3 5 -5 -6 -7
leaf_value=-1.3318934539910486e-05 6.7550245556009546e-06 -0.00063983592362361948 -6.1132987170307599e-05 -1.2584964447796311e-05 0.00046634451334925145 0.00025743867307794784
leaf_weight=13056 5937 112 186 178 161 741
leaf_count=13056 5937 112 186 178 161 741
internal_value=-0.000381576 0.00165642 0.00233642 -0.0144915 0.00107734 0.0105418
internal_weight=20371 7315 7025 290 6098 927
internal_count=20371 7315 7025 290 6098 927
is_linear=0
shrinkage=0.05


Tree=382
num_leaves=7
num_cat=0
split_feature=28 44 38 22 36 0
split_gain=11.9505 28.8915 23.254 25.4038 29.6828 25.949
threshold=-0.0043743907008320084 0.1230062134563923 0.05250773765146733 0.52500000596046459 -0.45885671675205225 0.026213423348963264
decision_type=2 2 2 2 2 2
left_child=1 2 3 4 -1 -5
right_child=-2 -3 -4 5 -6 -7
leaf_value=0.00012272756715260154 -9.7020228532517969e-06 0.00015676293026636759 0.00043483892608557205 -9.9597838406103971e-05 1.0988225857346858e-05 7.5401331741822969e-05
leaf_weight=693 13735 376 156 2389 2269 697
leaf_count=693 13735 376 156 2389 2269 697
internal_value=-0.000372785 0.00178815 0.000962313 0.00045845 0.00376643 -0.00270948
internal_weight=20315 6580 6204 6048 2962 3086
internal_count=20315 6580 6204 6048 2962 3086
is_linear=0
shrinkage=0.05


Tree=383
num_leaves=7
num_cat=0
split_feature=48 42 38 0 27 5
split_gain=10.1869 16.0066 14.9628 16.3874 12.3189 24.1551
threshold=-2.501289844512939 0.069278467446565642 0.010854141321033241 0.017038806341588501 -0.054505711421370499 -0.57720616459846485
decision_type=2 2 2 2 2 2
left_child=1 -1 -3 -4 5 -2
right_child=4 2 3 -5 -6 -7
leaf_value=0.00047932058559613819 5.2362096806305056e-05 -8.0409085194616859e-05 -5.7622463629507763e-05 0.00043486449397964286 4.3557313122393307e-07 -0.00021031236871711605
leaf_weight=55 266 128 66 79 19424 310
leaf_count=55 266 128 66 79 19424 310
internal_value=-0.000352875 0.00863363 0.00332734 0.0141667 -0.000183704 -0.007358
internal_weight=20328 328 273 145 20000 576
internal_count=20328 328 273 145 20000 576
is_linear=0
shrinkage=0.05


Tree=384
num_leaves=7
num_cat=0
split_feature=48 30 40 1 29 45
split_gain=10.1467 13.8747 12.6145 12.4742 11.364 13.4139
threshold=2.3106207847595219 56.33311843872071 0.13375363498926165 -0.018839227966964241 0.077038589864969267 0.10251208394765855
decision_type=2 2 2 2 2 2
left_child=-1 3 4 -2 5 -3
right_child=1 2 -4 -5 -6 -7
leaf_value=8.8701868406441003e-07 -0.0003966254065290602 6.5305894715280609e-06 -0.00053430692277225945 -1.2222410582471731e-05 0.00020459502199953489 -0.0004216006977112874
leaf_weight=19636 88 286 60 65 112 52
leaf_count=19636 88 286 60 65 112 52
internal_value=-0.000333678 -0.00617515 -0.00208738 -0.0191456 0.000824176 -0.0037172
internal_weight=20299 663 510 153 450 338
internal_count=20299 663 510 153 450 338
is_linear=0
shrinkage=0.05


Tree=385
num_leaves=7
num_cat=0
split_feature=24 15 25 9 40 42
split_gain=10.7134 23.8567 22.688 18.518 27.4541 18.2214
threshold=-0.034057782962918275 0.32500000298023229 0.0047203940339386472 -0.057435363531112664 0.084059614688158049 0.12834376841783526
decision_type=2 2 2 2 2 2
left_child=1 5 3 4 -3 -1
right_child=-2 2 -4 -5 -6 -7
leaf_value=-1.2534422823669073e-05 -8.4399593251589655e-06 -0.00032109609428540814 -8.4474456963023076e-05 0.00031786450353121456 0.00037247639769761719 0.00014035920848564089
leaf_weight=3487 15719 56 172 402 62 460
leaf_count=3487 15719 56 172 402 62 460
internal_value=-0.000386731 0.00205103 0.0105811 0.0157619 -0.00142276 0.000537702
internal_weight=20358 4639 692 520 118 3947
internal_count=20358 4639 692 520 118 3947
is_linear=0
shrinkage=0.05


Tree=386
num_leaves=7
num_cat=0
split_feature=13 43 39 36 30 45
split_gain=8.08981 9.60982 22.8864 11.2324 9.60086 36.3384
threshold=0.051146253943443305 0.11433644220232965 0.02533089462667704 -0.23550545424222943 70.404880523681655 0.11292036250233652
decision_type=2 2 2 2 2 2
left_child=4 3 -3 -2 -1 -6
right_child=1 2 -4 -5 5 -7
leaf_value=-5.0252039515088451e-06 -0.00010301929863866281 1.6147086826789763e-05 -0.00086952625970371309 0.00032833888399377853 8.8111929156273457e-05 -0.00027340605378484275
leaf_weight=17858 89 97 76 61 1826 224
leaf_count=17858 89 97 76 61 1826 224
internal_value=-0.000389158 -0.00800305 -0.0158708 0.00112903 -8.41159e-05 0.00315085
internal_weight=20231 323 173 150 19908 2050
internal_count=20231 323 173 150 19908 2050
is_linear=0
shrinkage=0.05


Tree=387
num_leaves=7
num_cat=0
split_feature=39 47 25 50 35 4
split_gain=11.5684 23.0031 19.5093 25.1786 24.1204 20.9878
threshold=0.033000957220792777 0.85819506645202648 -0.029265637509524819 -0.43555615842342371 -0.58028319478034962 0.82390323281288158
decision_type=2 2 2 2 2 2
left_child=-1 -2 4 -4 -3 -5
right_child=1 2 3 5 -6 -7
leaf_value=7.0612889439627917e-06 0.00028661771407017498 -4.7181235740686718e-05 -0.00016559395762397679 1.7531739351198464e-05 0.00051256624270669556 -0.00025204921586897733
leaf_weight=16716 104 314 1122 1436 200 289
leaf_count=16716 104 314 1122 1436 200 289
internal_value=-0.000469385 -0.00262968 -0.00336453 -0.00498773 0.0055395 -0.00117052
internal_weight=20181 3465 3361 2847 514 1725
internal_count=20181 3465 3361 2847 514 1725
is_linear=0
shrinkage=0.05


Tree=388
num_leaves=7
num_cat=0
split_feature=12 47 45 1 35 42
split_gain=10.6657 34.8139 39.4966 51.4409 49.8062 41.9985
threshold=-0.046059604734182351 1.0948344469070437 0.13920214027166369 -0.018839227966964241 -0.85708025097846974 0.10265106335282327
decision_type=2 2 2 2 2 2
left_child=1 -1 4 -4 -3 -6
right_child=-2 2 3 -5 5 -7
leaf_value=0.00015042374730128767 -3.688028328179482e-06 -0.00090019600723847352 -0.00041455203512970876 0.00062922982289403495 -0.00012512448081029059 0.00095897239015445594
leaf_weight=1004 18361 180 99 179 434 86
leaf_count=1004 18361 180 99 179 434 86
internal_value=-0.000411588 0.00356064 -0.00312818 0.0126325 -0.00946809 -0.00147619
internal_weight=20343 1982 978 278 700 520
internal_count=20343 1982 978 278 700 520
is_linear=0
shrinkage=0.05


Tree=389
num_leaves=7
num_cat=0
split_feature=0 39 40 44 35 10
split_gain=11.649 26.3962 21.8037 33.9259 42.629 25.3524
threshold=-0.011177584528923033 0.072379264980554595 0.11505015939474107 0.088198047131299986 0.20688697695732119 -0.059560017660260194
decision_type=2 2 2 2 2 2
left_child=1 2 5 -4 -5 -1
right_child=-2 -3 3 4 -6 -7
leaf_value=0.00032599845091611161 9.5030927267186835e-06 -0.00044300862432823369 0.0004990731876053522 0.0001023918255281973 -0.0004850605977955657 -3.7041278629914957e-05
leaf_weight=181 13615 120 227 425 94 5646
leaf_count=181 13615 120 227 425 94 5646
internal_value=-0.000392606 -0.00182517 -0.0013872 0.0066245 -0.000429389 -0.00242198
internal_weight=20308 6693 6573 746 519 5827
internal_count=20308 6693 6573 746 519 5827
is_linear=0
shrinkage=0.05


Tree=390
num_leaves=7
num_cat=0
split_feature=40 38 42 33 36 43
split_gain=11.2686 26.367 20.1532 17.7994 17.6256 16.8553
threshold=0.035991646349430091 0.018703797832131389 0.042712720111012466 -0.21104579418897626 -0.76059028506278981 0.053564609959721572
decision_type=2 2 2 2 2 2
left_child=1 4 3 -2 -1 -6
right_child=2 -3 -4 -5 5 -7
leaf_value=0.00056474598569298412 -0.00021623559737939709 -0.00025383094651943398 9.1745526598183309e-07 -1.8363075294836311e-05 2.3154142925346226e-05 0.00038357794908925528
leaf_weight=52 72 64 19340 129 498 58
leaf_count=52 72 64 19340 129 498 58
internal_value=-0.00036972 0.00646233 -9.84856e-05 -0.0156553 0.00974715 0.00690731
internal_weight=20213 672 19541 201 608 556
internal_count=20213 672 19541 201 608 556
is_linear=0
shrinkage=0.05


Tree=391
num_leaves=7
num_cat=0
split_feature=36 36 1 45 40 47
split_gain=9.11771 34.3972 52.8617 36.508 30.7616 35.6923
threshold=-0.31024430692195887 -0.40208791196346277 0.012833054643124344 0.10062603652477266 0.088889021426439299 1.501953721046448
decision_type=2 2 2 2 2 2
left_child=1 4 3 -3 5 -1
right_child=-2 2 -4 -5 -6 -7
leaf_value=2.7754238027882014e-05 1.2520792725931644e-05 -0.00040443742076616172 7.2650994453930936e-05 0.00024849025969981523 -6.8530466887870619e-05 0.00072368654188250986
leaf_weight=5066 11355 518 383 69 2766 59
leaf_count=5066 11355 518 383 69 2766 59
internal_value=-0.000404283 -0.00106305 -0.00992308 -0.019299 2.84954e-05 0.00232456
internal_weight=20216 8861 970 587 7891 5125
internal_count=20216 8861 970 587 7891 5125
is_linear=0
shrinkage=0.05


Tree=392
num_leaves=7
num_cat=0
split_feature=32 39 38 33 12 45
split_gain=8.60047 26.8894 28.6553 18.1265 16.063 18.2688
threshold=1.166241526603699 -0.015624920837581156 0.009941684082150461 0.010921865236014129 0.089821770787239089 0.1177729368209839
decision_type=2 2 2 2 2 2
left_child=4 -2 3 -3 -1 -6
right_child=1 2 -4 -5 5 -7
leaf_value=-8.7493552461083081e-07 -0.00028560453297723777 0.00087450745295949203 -2.6931277467982103e-05 0.00014245440224818035 -3.0434022612432967e-05 -0.00077818923284557115
leaf_weight=19367 75 80 268 222 203 92
leaf_count=19367 75 80 268 222 203 92
internal_value=-0.000481243 0.00557692 0.00934783 0.0197883 -0.000268216 -0.01175
internal_weight=20307 645 570 302 19662 295
internal_count=20307 645 570 302 19662 295
is_linear=0
shrinkage=0.05


Tree=393
num_leaves=7
num_cat=0
split_feature=10 46 39 39 46 36
split_gain=9.73042 31.6455 35.5833 23.9382 28.8612 21.6187
threshold=0.0027772110188379888 0.84966114163398754 0.014300655573606493 -0.044616362079977982 0.95541849732398998 -0.36640205979347223
decision_type=2 2 2 2 2 2
left_child=-1 2 -2 4 -3 -4
right_child=1 3 5 -5 -6 -7
leaf_value=-9.828751825895168e-06 1.0384195625101189e-06 8.9565254813070438e-05 1.8312672216521745e-05 4.9826886740295206e-05 -0.00023211666333541631 -0.00045714615399691501
leaf_weight=10824 829 239 114 7579 383 305
leaf_count=10824 829 239 114 7579 383 305
internal_value=-0.000358763 0.00143061 -0.00596568 0.00256215 -0.00681818 -0.0177476
internal_weight=20273 9449 1248 8201 622 419
internal_count=20273 9449 1248 8201 622 419
is_linear=0
shrinkage=0.05


Tree=394
num_leaves=7
num_cat=0
split_feature=48 39 36 36 35 35
split_gain=12.0791 32.3781 29.4447 26.357 37.5842 27.0637
threshold=-1.0998796224594114 -0.0048545261379331342 0.47748665511608129 0.29837115108966833 0.20688697695732119 -0.74617716670036305
decision_type=2 2 2 2 2 2
left_child=1 -1 3 4 5 -3
right_child=-2 2 -4 -5 -6 -7
leaf_value=-0.00011341607227895634 1.0584784905614874e-05 -6.9982612259485822e-05 -0.00028278086194781548 0.00028592870335948189 -0.00039979448679929242 6.8297253608491304e-05
leaf_weight=922 15781 1023 130 200 167 2124
leaf_count=922 15781 1023 130 200 167 2124
internal_value=-0.000450816 -0.00198534 0.000130173 0.00101591 -5.27267e-05 0.00118179
internal_weight=20347 4566 3644 3514 3314 3147
internal_count=20347 4566 3644 3514 3314 3147
is_linear=0
shrinkage=0.05


Tree=395
num_leaves=7
num_cat=0
split_feature=1 47 34 38 12 48
split_gain=8.6412 16.965 16.7561 11.4034 10.2769 32.5211
threshold=-0.090434335172176347 1.1657232642173769 0.016323688440024856 -0.0010329186334274707 0.041766576468944556 0.39166343212127691
decision_type=2 2 2 2 2 2
left_child=1 2 -1 -4 -2 -6
right_child=4 -3 3 -5 5 -7
leaf_value=0.00021410223534699247 5.3317344493558022e-06 0.00031400312432918902 3.5124316791826371e-06 -0.00028929682238672825 -0.0002546486607252788 2.3743296181425475e-06
leaf_weight=58 17296 154 58 63 617 2021
leaf_count=58 17296 154 58 63 617 2021
internal_value=-0.000457528 0.00806213 -0.00230978 -0.0128968 0 -0.0029039
internal_weight=20267 333 179 121 19934 2638
internal_count=20267 333 179 121 19934 2638
is_linear=0
shrinkage=0.05


Tree=396
num_leaves=7
num_cat=0
split_feature=41 47 50 47 0 27
split_gain=10.8035 26.3903 38.6574 32.7923 31.4768 30.5811
threshold=0.066405158489942565 1.0282784700393679 -1.7357206940650938 0.989281326532364 0.048176160082221038 0.031126393005251888
decision_type=2 2 2 2 2 2
left_child=1 3 -3 4 5 -1
right_child=-2 2 -4 -5 -6 -7
leaf_value=-3.7333740196940054e-06 1.2180828918153046e-05 -0.00031821943086887379 9.3848533515488258e-05 -0.0001469780815783982 -0.0010095385438548194 -0.00021219064430721512
leaf_weight=5652 12378 73 1089 528 75 374
leaf_count=5652 12378 73 1089 528 75 374
internal_value=-0.000449836 -0.0014655 0.00546272 -0.00268692 -0.00164183 -0.00122285
internal_weight=20169 7791 1162 6629 6101 6026
internal_count=20169 7791 1162 6629 6101 6026
is_linear=0
shrinkage=0.05


Tree=397
num_leaves=7
num_cat=0
split_feature=44 44 10 43 35 12
split_gain=9.99775 29.158 38.8685 43.548 49.28 27.2964
threshold=0.0657009892165661 0.071147490292787566 0.091093506664037718 0.06471221894025804 -0.40075103938579554 -0.040463898330926888
decision_type=2 2 2 2 2 2
left_child=-1 2 3 4 -2 -5
right_child=1 -3 -4 5 -6 -7
leaf_value=-2.0617689988911102e-05 -0.00010623719653350826 -1.1353513139521731e-06 0.00062331154333926809 -0.00066666435576414186 0.00019191434600133146 -5.0173967264197055e-06
leaf_weight=4607 232 13472 138 126 990 800
leaf_count=4607 232 13472 138 126 990 800
internal_value=-0.000342415 0.000797754 0.00601266 0.00430794 0.0104931 -0.00383996
internal_weight=20365 15758 2286 2148 1222 926
internal_count=20365 15758 2286 2148 1222 926
is_linear=0
shrinkage=0.05


Tree=398
num_leaves=7
num_cat=0
split_feature=33 39 10 1 30 46
split_gain=10.3729 32.7562 32.1386 46.2429 24.4622 18.7704
threshold=-0.097865562885999666 0.023963462561368946 -0.025353965349495407 0.0038858843035995965 32.377286911010749 0.84966114163398754
decision_type=2 2 2 2 2 2
left_child=1 4 -3 5 -1 -4
right_child=-2 2 3 -5 -6 -7
leaf_value=-9.7060720288617131e-05 -1.0874228787877594e-05 -1.2107228666688799e-05 -0.00012141697977325617 0.00038392339634113893 2.7587090494266752e-05 0.00014427370128433902
leaf_weight=1785 13049 786 129 409 3501 655
leaf_count=1785 13049 786 129 409 3501 655
internal_value=-0.000397411 0.001489 0.00696825 0.0121244 -0.000562276 0.00491128
internal_weight=20314 7265 1979 1193 5286 784
internal_count=20314 7265 1979 1193 5286 784
is_linear=0
shrinkage=0.05


Tree=399
num_leaves=7
num_cat=0
split_feature=12 15 27 26 38 35
split_gain=11.5776 18.5209 18.2889 19.1168 17.6247 18.0982
threshold=-0.031879551708698266 0.075000001117587103 0.0052229776047170171 -0.049883427098393433 -1.0000000180025095e-35 -0.77135702967643727
decision_type=2 2 2 2 2 2
left_child=2 -2 4 -4 5 -1
right_child=1 -3 3 -5 -6 -7
leaf_value=-0.0002779763612536928 -0.00018219410346505206 -3.1949394737300442e-06 0.00049701932460338737 -4.7484747354160831e-05 5.4775550063788182e-05 -1.3179911045825035e-06
leaf_weight=266 209 16088 240 67 2415 1000
leaf_count=266 209 16088 240 67 2415 1000
internal_value=-0.000388122 -0.000455466 0.00254821 0.0141827 0.00155317 -0.00320614
internal_weight=20285 16297 3988 307 3681 1266
internal_count=20285 16297 3988 307 3681 1266
is_linear=0
shrinkage=0.05


Tree=400
num_leaves=7
num_cat=0
split_feature=36 13 38 2 21 35
split_gain=10.1178 32.33 22.7195 27.6332 28.8515 18.0432
threshold=0.79444327950477611 -0.018042093142867085 -0.012050096411257981 0.0060626387130469092 0.32500000298023229 0.49846634268760687
decision_type=2 2 2 2 2 2
left_child=5 -2 -3 -4 -5 -1
right_child=1 2 3 4 -6 -7
leaf_value=-5.6553500461252562e-06 0.00011874664611773714 -0.00042541785964895411 -0.00020480390697758726 0.00028618276708947907 -9.8525042438520386e-05 7.9521362500475695e-05
leaf_weight=17734 228 137 262 131 200 1659
leaf_count=17734 228 137 262 131 200 1659
internal_value=-0.000440902 -0.00516615 -0.0103061 -0.00589465 0.00364583 8.37715e-05
internal_weight=20351 958 730 593 331 19393
internal_count=20351 958 730 593 331 19393
is_linear=0
shrinkage=0.05


Tree=401
num_leaves=7
num_cat=0
split_feature=15 0 41 35 26 42
split_gain=10.3429 13.9646 19.5333 19.0475 15.6036 14.3303
threshold=0.97499999403953563 -0.021504472009837624 0.094573576003313078 -0.17432327568531034 -1.0000000180025095e-35 0.089043125510215773
decision_type=2 2 2 2 2 2
left_child=-1 -2 3 -3 -5 -6
right_child=1 2 -4 4 5 -7
leaf_value=-1.1902981721159495e-06 -0.00016957623429418979 -0.00036669708895134935 0.00032600164896623126 0.00030034887308916664 -0.00018186321441852261 0.00016236089635410738
leaf_weight=19236 530 84 96 54 152 76
leaf_count=19236 530 84 96 54 152 76
internal_value=-0.000443582 -0.00529087 0.00101713 -0.00424528 0.00200348 -0.00375536
internal_weight=20228 992 462 366 282 228
internal_count=20228 992 462 366 282 228
is_linear=0
shrinkage=0.05


Tree=402
num_leaves=7
num_cat=0
split_feature=44 26 28 2 42 47
split_gain=9.2018 27.7725 25.5545 28.1996 18.83 20.6493
threshold=0.1230062134563923 0.11735404655337335 0.012724376283586027 0.0074793247040361175 0.11179019138216974 0.81553712487220775
decision_type=2 2 2 2 2 2
left_child=-1 2 3 -2 -5 -6
right_child=1 -3 -4 4 5 -7
leaf_value=-1.9476914435285456e-06 -7.82594470342928e-05 -0.00031191916496334259 -8.8373003259842526e-05 0.00038867337108018868 -6.6979559985336703e-05 0.00024734977738256843
leaf_weight=18983 174 149 253 215 163 359
leaf_count=18983 174 149 253 215 163 359
internal_value=-0.00037806 0.00419196 0.00682207 0.010726 0.0149933 0.00962998
internal_weight=20296 1313 1164 911 737 522
internal_count=20296 1313 1164 911 737 522
is_linear=0
shrinkage=0.05


Tree=403
num_leaves=7
num_cat=0
split_feature=38 36 3 17 12 15
split_gain=8.94896 20.6802 20.0805 19.1731 20.0701 33.0274
threshold=-0.02872685436159372 -0.70298779010772694 0.01021379651501775 0.82500001788139354 0.04549111612141133 0.57500001788139354
decision_type=2 2 2 2 2 2
left_child=1 2 -1 4 5 -3
right_child=-2 3 -4 -5 -6 -7
leaf_value=0.00034265004599793263 2.1056904870170528e-06 -0.00025919925381008346 -2.5742121183128157e-05 0.00027040202137505796 -0.0006422920961396167 0.00012535110445572611
leaf_weight=105 19274 367 151 102 86 214
leaf_count=105 19274 367 151 102 86 214
internal_value=-0.000382929 -0.00458738 0.00756705 -0.00868863 -0.0117932 -0.00823379
internal_weight=20299 1025 256 769 667 581
internal_count=20299 1025 256 769 667 581
is_linear=0
shrinkage=0.05


Tree=404
num_leaves=7
num_cat=0
split_feature=28 24 42 46 47 38
split_gain=10.2908 18.7099 18.6032 20.5922 18.932 16.7925
threshold=-0.0039264941588044158 0.074354279786348357 0.066783551126718535 0.98127374053001415 1.0948344469070437 0.035283237695693977
decision_type=2 2 2 2 2 2
left_child=1 2 3 4 -1 -4
right_child=-2 -3 5 -5 -6 -7
leaf_value=0.00010279494125639386 -1.1294764977066215e-05 0.00016844229571190034 -2.6459167463038748e-05 8.2173654168876679e-06 0.0003318710921479096 0.00024187223469461996
leaf_weight=666 13420 406 4425 1024 59 358
leaf_count=666 13420 406 4425 1024 59 358
internal_value=-0.000450572 0.00150871 0.000852838 0.00525941 0.0116781 -0.000757101
internal_weight=20358 6938 6532 1749 725 4783
internal_count=20358 6938 6532 1749 725 4783
is_linear=0
shrinkage=0.05


Tree=405
num_leaves=7
num_cat=0
split_feature=32 39 38 13 40 12
split_gain=10.1205 27.0848 24.1681 18.383 17.2745 12.6977
threshold=1.166241526603699 -0.015624920837581156 0.0065012488048523673 0.013993868138641121 0.065712060779333129 0.038283528760075576
decision_type=2 2 2 2 2 2
left_child=5 -2 4 -4 -3 -1
right_child=1 2 3 -5 -6 -7
leaf_value=2.787978399939467e-06 -0.00025948382087790121 -1.2355765997076234e-05 -0.00013249052499570712 5.4843003437869906e-05 0.0004745451278626862 -4.4247973116272572e-05
leaf_weight=17009 72 66 54 251 198 2609
leaf_count=17009 72 66 54 251 198 2609
internal_value=-0.00038862 0.00607585 0.00979965 8.06452e-05 0.0207249 -0.000284105
internal_weight=20259 641 569 305 264 19618
internal_count=20259 641 569 305 264 19618
is_linear=0
shrinkage=0.05


Tree=406
num_leaves=7
num_cat=0
split_feature=48 46 29 7 0 48
split_gain=11.8472 15.0324 14.4251 14.4489 14.4171 12.3273
threshold=-2.501289844512939 1.2295597195625307 -0.03445779345929622 0.062330476939678199 0.019885549321770671 -1.0998796224594114
decision_type=2 2 2 2 2 2
left_child=1 2 3 4 -1 -2
right_child=5 -3 -4 -5 -6 -7
leaf_value=-0.00025247060613575777 -3.291184302344969e-05 0.00047588497220142704 0.00027242484082271121 -0.00035307562051359472 0.00025307160531512577 3.8309477732375678e-06
leaf_weight=53 4218 58 78 65 72 15733
leaf_count=53 4218 58 78 65 72 15733
internal_value=-0.000422789 0.00929003 0.00393773 -0.00346154 0.00634615 -0.000246793
internal_weight=20277 326 268 190 125 19951
internal_count=20277 326 268 190 125 19951
is_linear=0
shrinkage=0.05


Tree=407
num_leaves=7
num_cat=0
split_feature=9 32 30 45 22 42
split_gain=7.93523 18.9749 16.3128 9.03123 37.5768 24.439
threshold=-0.094751399010419832 -0.4401427954435348 36.315538406372077 0.1177729368209839 0.92499998211860668 0.12834376841783526
decision_type=2 2 2 2 2 2
left_child=1 -1 -3 -2 -5 -6
right_child=3 2 -4 4 5 -7
leaf_value=0.00039181763226100595 6.4329948018076164e-06 9.2633004277752501e-05 -0.00039575486602169284 -0.00012068985335842152 -0.00023201677158467011 0.00023826087400458692
leaf_weight=188 18185 51 65 1233 144 346
leaf_count=188 18185 51 65 1233 144 346
internal_value=-0.000453826 0.00833333 -0.0072314 0.000254859 -0.00319734 0.00843434
internal_weight=20212 304 116 19908 1723 490
internal_count=20212 304 116 19908 1723 490
is_linear=0
shrinkage=0.05


Tree=408
num_leaves=7
num_cat=0
split_feature=48 22 3 46 40 35
split_gain=11.8259 32.9847 38.735 21.5906 21.867 21.3316
threshold=-1.0998796224594114 0.37500000000000006 0.0082778725773096102 1.2703724503517153 0.035991646349430091 -0.72178032994270314
decision_type=2 2 2 2 2 2
left_child=1 2 3 4 -1 -3
right_child=-2 5 -4 -5 -6 -7
leaf_value=0.00031899505589516879 4.0564832638103962e-06 -9.0420367713045578e-05 -0.00054370143949687894 0.00039775167738965761 -9.0047297274281201e-05 5.3961718570740915e-05
leaf_weight=97 15717 945 141 64 1220 2100
leaf_count=97 15717 945 141 64 1220 2100
internal_value=-0.000397999 -0.00249891 -0.00849705 -0.00586219 -0.00728064 0.0005
internal_weight=20284 4567 1522 1381 1317 3045
internal_count=20284 4567 1522 1381 1317 3045
is_linear=0
shrinkage=0.05


Tree=409
num_leaves=7
num_cat=0
split_feature=35 13 36 26 38 12
split_gain=11.5644 39.0443 26.1929 25.3353 26.1896 30.052
threshold=0.54790696501731884 0.017710702493786815 0.74453172087669384 0.026074473746120933 -0.015041801147162913 -0.038130981847643845
decision_type=2 2 2 2 2 2
left_child=-1 2 -2 4 -4 -6
right_child=1 -3 3 -5 5 -7
leaf_value=-6.1857686621735835e-06 0.00017582512746523477 -0.00016282967561497184 -0.00013582160551057443 -0.00016997428418934844 -0.00014867135662460838 0.00019385999042474721
leaf_weight=18024 858 331 186 200 97 500
leaf_count=18024 858 331 186 200 97 500
internal_value=-0.000493787 0.00338769 0.00624323 0.000632591 0.00472716 0.00984219
internal_weight=20196 2172 1841 983 783 597
internal_count=20196 2172 1841 983 783 597
is_linear=0
shrinkage=0.05


Tree=410
num_leaves=7
num_cat=0
split_feature=48 22 3 44 10 42
split_gain=11.9202 26.247 34.9765 26.3491 26 23.1544
threshold=-1.0998796224594114 0.37500000000000006 0.0082778725773096102 0.067851986736059203 0.013741362839937212 0.064725361764431014
decision_type=2 2 2 2 2 2
left_child=1 2 4 -3 -1 -5
right_child=-2 3 -4 5 -6 -7
leaf_value=-6.8683227400972562e-06 9.2360355345796082e-06 0.00026736425919792281 -0.00046437509490571756 -0.00028498865103061285 -0.00015575576097649421 3.8649679900708911e-06
leaf_weight=925 15734 226 137 134 461 2737
leaf_count=925 15734 226 137 134 461 2737
internal_value=-0.00039663 -0.00211351 -0.00747709 0.000523856 -0.00501438 -0.000773644
internal_weight=20354 4620 1523 3097 1386 2871
internal_count=20354 4620 1523 3097 1386 2871
is_linear=0
shrinkage=0.05


Tree=411
num_leaves=7
num_cat=0
split_feature=3 11 1 36 2 9
split_gain=10.2166 25.6427 23.3293 36.2228 21.1333 20.1423
threshold=0.0087794526480138319 0.0016765768523328008 -0.064798016101121889 -0.57617777585983265 0.0079023060388863104 -0.057435363531112664
decision_type=2 2 2 2 2 2
left_child=2 -2 3 -1 -5 -4
right_child=1 -3 5 4 -6 -7
leaf_value=0.00039159299235777182 8.2602847871703625e-05 -2.0866334556554884e-05 -0.00010851959861179629 -0.00050658837518444599 4.8682344668761067e-05 -1.7264702330965863e-06
leaf_weight=79 2769 2797 738 193 53 13592
leaf_count=79 2769 2797 738 193 53 13592
internal_value=-0.000423959 0.00164692 -0.000868008 -0.0140152 -0.0234064 -0.000563307
internal_weight=20221 5566 14655 325 246 14330
internal_count=20221 5566 14655 325 246 14330
is_linear=0
shrinkage=0.05


Tree=412
num_leaves=7
num_cat=0
split_feature=40 38 43 43 3 50
split_gain=12.5803 18.6491 10.7829 17.8951 17.1115 15.9897
threshold=0.035991646349430091 0.018703797832131389 0.053564609959721572 0.039075627923011787 0.0045753722079098233 0.47312501072883612
decision_type=2 2 2 2 2 2
left_child=1 2 3 -1 -5 -6
right_child=-2 -3 -4 4 5 -7
leaf_value=0.00017414109670297307 -3.9098985954158378e-06 -0.0001626476743890545 0.00036523056141460309 -0.00011493858873371644 -7.9074994649357129e-06 0.00021333532103983712
leaf_weight=211 19495 61 60 135 127 72
leaf_count=211 19495 61 60 135 127 72
internal_value=-0.000425221 0.00666915 0.00938525 0.00695455 -0.000221239 0.00894608
internal_weight=20161 666 605 545 334 199
internal_count=20161 666 605 545 334 199
is_linear=0
shrinkage=0.05


Tree=413
num_leaves=7
num_cat=0
split_feature=39 46 48 38 10 16
split_gain=11.261 40.1812 35.0673 32.8559 26.7945 35.3164
threshold=-0.02703957166522741 1.1269442439079287 0.65702122449874889 -0.0029975365614518519 0.045439159497618682 0.82500001788139354
decision_type=2 2 2 2 2 2
left_child=1 3 -3 4 -1 -6
right_child=-2 2 -4 -5 5 -7
leaf_value=4.9965071668120372e-05 -3.2594701488885151e-06 -0.00038597255536694416 0.00034116893968802096 0.00022995336412034366 -0.00025299524834718461 0.00027576545784484014
leaf_weight=1593 17292 258 78 687 312 116
leaf_count=1593 17292 258 78 687 312 116
internal_value=-0.000377317 0.00304198 -0.0131232 0.00507741 0.0018386 -0.00918014
internal_weight=20336 3044 336 2708 2021 428
internal_count=20336 3044 336 2708 2021 428
is_linear=0
shrinkage=0.05


Tree=414
num_leaves=7
num_cat=0
split_feature=41 22 35 47 42 34
split_gain=10.5927 39.6591 35.8052 35.6337 30.6506 25.0927
threshold=0.066405158489942565 0.52500000596046459 -0.77135702967643727 0.75763496756553661 0.085649885237216963 -0.66839089989662159
decision_type=2 2 2 2 2 2
left_child=1 -1 -3 -4 -5 -2
right_child=5 2 3 4 -6 -7
leaf_value=1.1909788746298145e-06 0.00011686895128275623 -0.00064565563193209495 -0.00079924329215026041 -0.00010889742419322702 0.00025759169655420201 9.0252207291611697e-06
leaf_weight=6915 590 160 142 516 124 11840
leaf_count=6915 590 160 142 516 124 11840
internal_value=-0.000368372 -0.00114793 -0.0107445 -0.00619441 -0.00104651 0.00119622
internal_weight=20287 7857 942 782 640 12430
internal_count=20287 7857 942 782 640 12430
is_linear=0
shrinkage=0.05


Tree=415
num_leaves=7
num_cat=0
split_feature=42 46 47 47 1 44
split_gain=10.892 24.9843 36.2727 28.6311 27.8331 45.22
threshold=0.091868363320827498 1.046805799007416 1.3260803222656252 1.6064773201942446 -0.046144189313054078 0.080951709300279631
decision_type=2 2 2 2 2 2
left_child=-1 3 -3 4 -2 -6
right_child=1 2 -4 -5 5 -7
leaf_value=1.0127290133667404e-05 5.437201058856674e-05 0.00013890654115893478 -0.00016529952147884493 0.00020610036805168656 0.00047462382691373879 -0.00014201370225405994
leaf_weight=14708 780 1384 369 210 136 2719
leaf_count=14708 780 1384 369 210 136 2719
internal_value=-0.000422185 -0.00161967 0.00331342 -0.00387662 -0.00492445 -0.00721154
internal_weight=20306 5598 1753 3845 3635 2855
internal_count=20306 5598 1753 3845 3635 2855
is_linear=0
shrinkage=0.05


Tree=416
num_leaves=7
num_cat=0
split_feature=11 41 35 35 42 41
split_gain=12.1091 16.5914 42.6327 31.9976 22.6634 22.3939
threshold=-0.0012355837970972059 0.099588826298713698 -0.85708025097846974 0.26724696159362799 0.068582154810428633 0.063878688961267485
decision_type=2 2 2 2 2 2
left_child=1 4 -3 -4 -1 -6
right_child=-2 2 3 -5 5 -7
leaf_value=4.290197170663203e-05 -1.1597076733252237e-05 -0.00046713975999969213 0.00028003480865391002 -5.9506372462498529e-05 -0.00015607238455554663 -2.8216536050022258e-06
leaf_weight=3014 10999 209 922 277 690 4146
leaf_count=3014 10999 209 922 277 690 4146
internal_value=-0.000354111 0.00143312 0.00642251 0.0100706 0.000531509 -0.00158542
internal_weight=20257 9258 1408 1199 7850 4836
internal_count=20257 9258 1408 1199 7850 4836
is_linear=0
shrinkage=0.05


Tree=417
num_leaves=7
num_cat=0
split_feature=26 27 1 3 3 48
split_gain=11.9045 34.1253 32.9321 33.7272 39.7028 31.979
threshold=-0.024014148861169812 -0.0020968093303963538 -0.022185273468494412 0.013475562911480667 0.011831978335976602 -0.75017404556274403
decision_type=2 2 2 2 2 2
left_child=2 -2 -1 4 -4 -3
right_child=1 5 3 -5 -6 -7
leaf_value=-0.00019078068703140677 6.7899691408025717e-05 -0.00015136111278239042 -1.8755329548971546e-06 0.00037566678916200157 -0.00046105380685484233 4.1146084579004054e-06
leaf_weight=772 4554 1174 6239 288 243 6966
leaf_count=772 4554 1174 6239 288 243 6966
internal_value=-0.000418705 0.00109261 -0.00141447 -0.000291513 -0.0010444 -0.000844076
internal_weight=20236 12694 7542 6770 6482 8140
internal_count=20236 12694 7542 6770 6482 8140
is_linear=0
shrinkage=0.05


Tree=418
num_leaves=7
num_cat=0
split_feature=35 3 22 49 42 35
split_gain=10.9463 27.5418 46.7709 35.615 45.0777 34.384
threshold=-0.023764542303979393 0.0088846115395426768 0.87500000000000011 -0.77392616868019093 0.086599331349134459 -0.30154854059219355
decision_type=2 2 2 2 2 2
left_child=1 2 5 -3 -5 -1
right_child=-2 3 -4 4 -6 -7
leaf_value=5.1426272083734027e-06 1.7608848037272036e-05 0.00020491044544486555 -0.00025584402848705112 0.00057101297662404929 -2.2984229879374114e-05 -8.762984348655893e-05
leaf_weight=5265 7889 928 644 141 3137 2344
leaf_count=5265 7889 928 644 141 3137 2344
internal_value=-0.000450793 -0.00110919 -0.00278821 0.00217882 -0.000266525 -0.0016844
internal_weight=20348 12459 8253 4206 3278 7609
internal_count=20348 12459 8253 4206 3278 7609
is_linear=0
shrinkage=0.05


Tree=419
num_leaves=7
num_cat=0
split_feature=44 47 9 42 7 10
split_gain=10.7697 23.8118 24.7308 22.7617 27.9574 23.674
threshold=0.1230062134563923 0.6775178611278535 -0.010672772768884895 0.076311875134706511 0.15881615877151492 0.099205929785966887
decision_type=2 2 2 2 2 2
left_child=1 2 -1 -2 -5 -6
right_child=3 -3 -4 4 5 -7
leaf_value=-3.1216824235213062e-05 -0.0004641364883675295 -2.9042855588558834e-06 0.0011271842667855854 0.00025329012836118744 7.0868632326264849e-05 -0.00029154245021136997
leaf_weight=57 50 18821 74 154 942 151
leaf_count=57 50 18821 74 154 942 151
internal_value=-0.000438185 -7.25326e-05 0.0207721 0.0046275 0.00601038 0.00311931
internal_weight=20249 18952 131 1297 1247 1093
internal_count=20249 18952 131 1297 1247 1093
is_linear=0
shrinkage=0.05


Tree=420
num_leaves=7
num_cat=0
split_feature=28 38 36 0 41 47
split_gain=9.68783 19.4834 18.6364 17.0551 23.6517 22.4406
threshold=-0.0066891359165310851 0.05250773765146733 -0.51571574807167042 0.018397280946373943 0.063086889684200301 0.86559692025184642
decision_type=2 2 2 2 2 2
left_child=1 3 -3 5 -5 -1
right_child=-2 2 -4 4 -6 -7
leaf_value=8.9763603926771942e-05 -8.7017356195172015e-06 1.2692807732587716e-05 0.00073506209410167912 -9.4984437461510549e-05 0.000155688565415292 -4.3962470831538813e-05
leaf_weight=866 15404 71 89 214 984 2720
leaf_count=866 15404 71 89 214 984 2720
internal_value=-0.000440967 0.00173267 0.0186364 0.00114324 0.00629676 -0.000577833
internal_weight=20348 4944 160 4784 1198 3586
internal_count=20348 4944 160 4784 1198 3586
is_linear=0
shrinkage=0.05


Tree=421
num_leaves=7
num_cat=0
split_feature=48 44 39 34 36 36
split_gain=8.13019 41.1528 27.4728 26.2529 23.0245 35.699
threshold=-1.0998796224594114 0.11929344758391382 -0.0041411535348743192 -0.44628834724426264 0.47748665511608129 0.29837115108966833
decision_type=2 2 2 2 2 2
left_child=1 2 3 -1 5 -4
right_child=-2 -3 4 -5 -6 -7
leaf_value=2.5098821375841958e-05 6.1378821982181933e-06 0.00023490316266160419 -1.7955613077974397e-05 -0.00020507183740429139 -0.00027820858161176868 0.00026870346721602516
leaf_weight=245 15619 186 3181 577 122 196
leaf_count=245 15619 186 3181 577 122 196
internal_value=-0.00042596 -0.00188941 -0.00289528 -0.0110943 -0.000948916 -0.000155234
internal_weight=20126 4507 4321 822 3499 3377
internal_count=20126 4507 4321 822 3499 3377
is_linear=0
shrinkage=0.05


Tree=422
num_leaves=7
num_cat=0
split_feature=12 47 20 22 46 39
split_gain=12.7872 32.1575 32.5143 39.1443 31.6061 26.8102
threshold=-0.046059604734182351 1.0948344469070437 0.22500000149011615 0.62500000000000011 0.89899766445159923 0.017912740819156173
decision_type=2 2 2 2 2 2
left_child=1 5 3 -3 -4 -1
right_child=-2 2 4 -5 -6 -7
leaf_value=4.0231443263515385e-05 -2.8690922326601868e-06 -0.00011677446017778707 0.0006483282091815011 0.00033558197244842257 -0.00040564708754527255 0.00037374150446834353
leaf_weight=630 18354 319 56 283 318 353
leaf_count=630 18354 319 56 283 318 353
internal_value=-0.000417118 0.00398422 -0.002421 0.00473641 -0.0139182 0.0103492
internal_weight=20313 1959 976 602 374 983
internal_count=20313 1959 976 602 374 983
is_linear=0
shrinkage=0.05


Tree=423
num_leaves=7
num_cat=0
split_feature=4 44 40 0 50 29
split_gain=11.3486 18.6846 22.3641 19.6653 18.1867 21.6617
threshold=-0.034619048237800591 0.0657009892165661 0.045040654018521316 0.019885549321770671 -0.54009041190147389 -0.0081286313943564874
decision_type=2 2 2 2 2 2
left_child=-1 3 -3 4 5 -2
right_child=1 2 -4 -5 -6 -7
leaf_value=8.8191193592757757e-06 -2.9518280357912356e-05 0.00014944836689502515 -1.2193780220340649e-05 -0.00016374445250021895 -4.6683575102171303e-05 0.00057755082023892444
leaf_weight=9931 90 337 7906 339 1712 71
leaf_count=9931 90 337 7906 339 1712 71
internal_value=-0.000435241 -0.00155115 -0.000451625 -0.00562697 -0.00358094 0.0121988
internal_weight=20386 10455 8243 2212 1873 161
internal_count=20386 10455 8243 2212 1873 161
is_linear=0
shrinkage=0.05


Tree=424
num_leaves=7
num_cat=0
split_feature=43 20 44 47 10 21
split_gain=10.8225 18.7042 35.4462 20.6954 21.5353 17.7093
threshold=0.052476609125733382 0.77500000596046459 0.067851986736059203 0.84091275930404674 0.016692224889993671 0.17500000447034839
decision_type=2 2 2 2 2 2
left_child=1 -1 3 -3 -5 -2
right_child=5 2 -4 4 -6 -7
leaf_value=-2.8034141869459077e-06 7.849335279415833e-05 -0.00034138354555990433 0.00079512019508414704 4.3415855560126004e-05 -0.00028046310971415459 4.3622058014745025e-06
leaf_weight=2065 1411 184 63 137 119 16304
leaf_count=2065 1411 184 63 137 119 16304
internal_value=-0.000398019 -0.00267198 -0.0112697 -0.0163483 -0.00680077 0.000797122
internal_weight=20283 2568 503 440 256 17715
internal_count=20283 2568 503 440 256 17715
is_linear=0
shrinkage=0.05


Tree=425
num_leaves=7
num_cat=0
split_feature=3 41 10 32 27 34
split_gain=10.3249 22.2669 46.1397 31.8312 62.5568 28.7391
threshold=0.0084650581702590006 0.082021500915288939 0.034056805074214942 -0.17227216809988019 1.0000000180025095e-35 0.14994311332702639
decision_type=2 2 2 2 2 2
left_child=1 -1 3 5 -5 -3
right_child=-2 2 -4 4 -6 -7
leaf_value=-2.3453569686172852e-06 1.9082239530804694e-05 4.4088808231148013e-05 0.00015067401651011771 -0.00083219390318429391 -0.0001043768975395658 -0.00065255456342303009
leaf_weight=12547 6586 394 308 217 314 54
leaf_count=12547 6586 394 308 217 314 54
internal_value=-0.000463892 -0.000966472 -0.00721749 -0.0125254 -0.0207556 -0.00259382
internal_weight=20420 13834 1287 979 531 448
internal_count=20420 13834 1287 979 531 448
is_linear=0
shrinkage=0.05


Tree=426
num_leaves=7
num_cat=0
split_feature=2 39 10 35 27 21
split_gain=12.4116 28.7572 23.54 35.2421 45.4415 22.9791
threshold=0.0049722269177436837 -0.02703957166522741 -0.007884474936872719 0.54790696501731884 0.0052229776047170171 0.17500000447034839
decision_type=2 2 2 2 2 2
left_child=1 -1 -3 -4 -5 -2
right_child=5 2 3 4 -6 -7
leaf_value=7.7260535380965556e-05 8.6429272569991949e-05 -2.1910515305205608e-06 -0.00019058080713487587 0.00043684518482655645 -0.00016895058746125788 8.2768074186961257e-07
leaf_weight=272 1561 1150 728 92 64 16491
leaf_count=272 1561 1150 728 92 64 16491
internal_value=-0.000362176 -0.0032778 -0.0053335 -0.0114454 0.00978261 0.000613336
internal_weight=20358 2306 2034 884 156 18052
internal_count=20358 2306 2034 884 156 18052
is_linear=0
shrinkage=0.05


Tree=427
num_leaves=7
num_cat=0
split_feature=9 38 10 34 23 41
split_gain=10.404 25.366 22.7741 30.3024 29.1976 28.7437
threshold=-0.051729738712310784 0.011556086596101524 0.022117438726127151 -0.57720616459846485 -0.0066986703313887111 0.073943223804235472
decision_type=2 2 2 2 2 2
left_child=1 -1 3 -3 -5 -4
right_child=-2 2 5 4 -6 -7
leaf_value=-9.4274203430977493e-05 6.8466443722793856e-06 0.00012602272719196387 -0.0001400857223798329 -0.00040666139647791235 7.7971407315519545e-05 0.00063099761434821466
leaf_weight=1483 17820 395 54 225 146 140
leaf_count=1483 17820 395 54 225 146 140
internal_value=-0.000408279 -0.00291054 0.00339378 -0.000486381 -0.0107048 0.0184673
internal_weight=20263 2443 960 766 371 194
internal_count=20263 2443 960 766 371 194
is_linear=0
shrinkage=0.05


Tree=428
num_leaves=7
num_cat=0
split_feature=3 47 44 34 10 36
split_gain=8.75728 23.6611 34.7672 25.8101 26.3364 34.6005
threshold=0.0053226696327328691 0.79713368415832531 0.056074006482958801 -0.36399422585964197 -0.025353965349495407 0.040255263447761543
decision_type=2 2 2 2 2 2
left_child=1 -1 -3 -4 5 -5
right_child=-2 2 3 4 -6 -7
leaf_value=8.3530415585025101e-05 4.1757923931391156e-06 2.3686660381639337e-07 2.5104981986960858e-05 -0.00017420254225996906 -0.00030500035319969073 0.00025220301034405704
leaf_weight=512 17373 1518 204 123 530 63
leaf_count=512 17373 1518 204 123 530 63
internal_value=-0.000426751 -0.00259729 -0.00465616 -0.0122973 -0.0167476 -0.00039267
internal_weight=20323 2950 2438 920 716 186
internal_count=20323 2950 2438 920 716 186
is_linear=0
shrinkage=0.05


Tree=429
num_leaves=7
num_cat=0
split_feature=44 1 34 41 18 40
split_gain=10.329 29.6016 21.4896 30.0362 20.8918 16.555
threshold=0.1230062134563923 0.010350751224905254 0.14994311332702639 0.080939032137393965 0.72499999403953563 0.17233762145042422
decision_type=2 2 2 2 2 2
left_child=-1 2 3 -2 -3 -5
right_child=1 4 -4 5 -6 -7
leaf_value=-3.630531301356449e-06 -0.00020671588375487305 0.00012395270122454778 -0.00012384637645815211 0.00020671848493009559 0.00051767174554784258 -0.00017465412153157175
leaf_weight=19051 95 345 392 304 94 62
leaf_count=19051 95 345 392 304 94 62
internal_value=-0.00044599 0.00422128 -0.00119464 0.00606223 0.0146959 0.0126011
internal_weight=20343 1292 853 461 439 366
internal_count=20343 1292 853 461 439 366
is_linear=0
shrinkage=0.05


Tree=430
num_leaves=7
num_cat=0
split_feature=34 27 47 18 15 43
split_gain=10.9811 26.8263 21.8106 17.2183 17.3416 16.9964
threshold=-0.61666950583457936 -0.054505711421370499 0.73772358894348156 0.52500000596046459 0.12500000372529033 0.13996466249227527
decision_type=2 2 2 2 2 2
left_child=2 3 -1 4 -2 -4
right_child=1 -3 5 -5 -6 -7
leaf_value=-0.00095848422881475578 -5.0167017595684644e-05 7.7762981503945927e-07 4.9703185565512156e-05 5.6901475022116134e-05 -0.00052922200501461815 0.00069189641061729679
leaf_weight=69 141 18599 1234 60 180 58
leaf_count=69 141 18599 1234 60 180 58
internal_value=-0.000401799 -0.000230445 0.00441069 -0.0132772 -0.0178681 0.0059175
internal_weight=20341 18980 1361 381 321 1292
internal_count=20341 18980 1361 381 321 1292
is_linear=0
shrinkage=0.05


Tree=431
num_leaves=7
num_cat=0
split_feature=27 36 45 42 50 50
split_gain=11.2538 17.6952 20.1361 19.9596 25.1463 14.1314
threshold=0.054624613374471671 -0.91956409811973561 0.12329383566975595 0.1060854382812977 1.0280747413635256 2.2432707548141484
decision_type=2 2 2 2 2 2
left_child=-1 2 -2 4 -3 -6
right_child=1 3 -4 -5 5 -7
leaf_value=3.6509800789784906e-06 -0.00016783629300314262 -0.00026143076789377076 0.0004615998175868953 -0.00026278579465438507 0.00011255810226960652 -0.00013015842214271099
leaf_weight=19319 58 116 57 255 255 214
leaf_count=19319 58 116 57 255 255 214
internal_value=-0.000398195 -0.00523438 0.0127083 -0.00778107 -0.00258475 0.00258439
internal_weight=20274 955 115 840 585 469
internal_count=20274 955 115 840 585 469
is_linear=0
shrinkage=0.05


Tree=432
num_leaves=7
num_cat=0
split_feature=7 22 44 35 39 34
split_gain=8.41245 20.4945 26.8744 25.9697 19.7502 21.8569
threshold=0.031838595867156989 0.52500000596046459 0.1230062134563923 -0.35414297878742212 0.021747447550296787 -0.53677722811698902
decision_type=2 2 2 2 2 2
left_child=1 3 4 -1 -3 -6
right_child=-2 2 -4 -5 5 -7
leaf_value=0.00019455205529892076 -3.5483996171344415e-06 -0.00015799857213742634 0.00024253291144266258 3.8967159499363181e-05 0.00024325538918897207 -5.7527603636904018e-05
leaf_weight=338 17356 805 97 1199 168 332
leaf_count=338 17356 805 97 1199 168 332
internal_value=-0.000432266 0.00245414 -0.00190121 0.00643645 -0.00383588 0.00391089
internal_weight=20295 2939 1402 1537 1305 500
internal_count=20295 2939 1402 1537 1305 500
is_linear=0
shrinkage=0.05


Tree=433
num_leaves=7
num_cat=0
split_feature=41 22 35 47 10 44
split_gain=9.20568 35.9292 37.5247 30.0286 24.1367 34.9685
threshold=0.066405158489942565 0.52500000596046459 -0.79759240150451649 0.75763496756553661 -0.049649583175778382 0.088198047131299986
decision_type=2 2 2 2 2 2
left_child=1 -1 -3 -4 -5 -6
right_child=-2 2 3 4 5 -7
leaf_value=-1.5863942273457471e-06 8.3321416467370922e-06 -0.00069902308711910035 -0.00076087470669367562 0.0003138174050424027 -0.00015012572886893445 0.00047681182999395594
leaf_weight=6894 12475 118 140 147 485 74
leaf_count=6894 12475 118 140 147 485 74
internal_value=-0.000357705 -0.0014848 -0.0105005 -0.00666863 -0.00235584 -0.00713652
internal_weight=20333 7858 964 846 706 559
internal_count=20333 7858 964 846 706 559
is_linear=0
shrinkage=0.05


Tree=434
num_leaves=7
num_cat=0
split_feature=2 17 35 36 36 26
split_gain=10.8436 29.4591 31.4978 47.6049 32.1915 28.3782
threshold=0.0049722269177436837 0.72499999403953563 -0.27607540786266321 -0.26006716489791865 -0.087592456489801393 0.016098520718514923
decision_type=2 2 2 2 2 2
left_child=1 2 3 -1 -4 -3
right_child=-2 5 4 -5 -6 -7
leaf_value=1.9599581491837364e-05 2.8889491794649967e-06 -2.3158193969029556e-05 -0.00010253642133165736 0.00060151643108090477 3.4519117553168716e-05 -0.00035001848748860814
leaf_weight=450 18051 263 610 71 739 179
leaf_count=450 18051 263 610 71 739 179
internal_value=-0.000411184 -0.00339879 -0.000626667 0.00974335 -0.00467134 -0.0149329
internal_weight=20363 2312 1870 521 1349 442
internal_count=20363 2312 1870 521 1349 442
is_linear=0
shrinkage=0.05


Tree=435
num_leaves=7
num_cat=0
split_feature=13 20 44 26 47 19
split_gain=10.9975 14.1295 12.7039 11.83 9.98476 23.9842
threshold=0.051146253943443305 0.92499998211860668 0.074852526187896742 0.11735404655337335 0.6775178611278535 0.52500000596046459
decision_type=2 2 2 2 2 2
left_child=4 -2 -3 -4 5 -1
right_child=1 2 3 -5 -6 -7
leaf_value=-7.9525565672389838e-05 -0.00024154580196693364 0.00021261267300356134 0.00011049003954712734 -0.00056820932586695882 -3.3089901213604884e-06 0.00018152868357822753
leaf_weight=258 152 58 53 59 19304 375
leaf_count=258 152 58 53 59 19304 375
internal_value=-0.000462643 -0.00940367 0.000428571 -0.00918803 -0.000156704 0.0059953
internal_weight=20259 322 170 112 19937 633
internal_count=20259 322 170 112 19937 633
is_linear=0
shrinkage=0.05


Tree=436
num_leaves=7
num_cat=0
split_feature=24 15 26 43 47 22
split_gain=7.1329 21.1674 29.8074 44.2351 29.6369 29.2684
threshold=-0.034057782962918275 0.47499999403953558 -0.067173428833484636 0.072430800646543517 0.95137661695480358 0.32500000298023229
decision_type=2 2 2 2 2 2
left_child=-1 2 -2 -4 -5 -6
right_child=1 -3 3 4 5 -7
leaf_value=2.4214466821398525e-05 0.00011942649622691017 1.2047046435971227e-05 -5.3826668091418657e-06 -0.00045083421563042888 -0.00055374384818038735 -4.2233245740255131e-05
leaf_weight=4684 498 11055 2537 437 166 818
leaf_count=4684 498 11055 2537 437 166 818
internal_value=-0.000449257 -0.00024652 -0.00315512 -0.00461141 -0.0116585 -0.00674924
internal_weight=20195 15511 4456 3958 1421 984
internal_count=20195 15511 4456 3958 1421 984
is_linear=0
shrinkage=0.05


Tree=437
num_leaves=7
num_cat=0
split_feature=44 28 43 26 0 43
split_gain=10.6255 25.0152 19.1279 25.1837 22.823 22.7774
threshold=0.1230062134563923 0.012724376283586027 0.073456361889839186 0.10575031116604806 -0.029856312088668343 0.15767668187618258
decision_type=2 2 2 2 2 2
left_child=-1 2 -2 4 -4 -6
right_child=1 -3 3 -5 5 -7
leaf_value=-6.9555049883746448e-06 -8.7983803256368959e-05 -0.00012989071427282079 4.3886817657730165e-05 -0.0001539551760916259 0.0003615290292442403 -5.7461993288044498e-05
leaf_weight=18867 127 301 297 138 371 76
leaf_count=18867 127 301 297 138 371 76
internal_value=-0.000400109 0.00393536 0.00771696 0.0103439 0.0139853 0.021073
internal_weight=20177 1310 1009 882 744 447
internal_count=20177 1310 1009 882 744 447
is_linear=0
shrinkage=0.05


Tree=438
num_leaves=7
num_cat=0
split_feature=10 46 11 36 36 22
split_gain=11.199 25.1182 23.6344 28.4334 53.6824 29.9715
threshold=0.0027772110188379888 0.84966114163398754 0.024689746089279655 -0.55239969491958607 -0.31024430692195887 0.32500000298023229
decision_type=2 2 2 2 2 2
left_child=1 2 3 -1 -5 -6
right_child=-2 -3 -4 4 5 -7
leaf_value=0.00025379851942021231 1.4807862777432406e-05 -2.6714614765827104e-05 -0.00023521296920476863 -0.00056162017915902917 -4.8840644350372273e-05 0.00014946632866203545
leaf_weight=521 9413 9215 76 167 304 591
leaf_count=521 9413 9215 76 167 304 591
internal_value=-0.000481717 -0.00124782 0.00440204 0.00574622 0.0010075 0.00591667
internal_weight=20287 10874 1659 1583 1062 895
internal_count=20287 10874 1659 1583 1062 895
is_linear=0
shrinkage=0.05


Tree=439
num_leaves=7
num_cat=0
split_feature=12 31 15 6 44 45
split_gain=10.061 19.4092 19.104 23.764 22.7328 34.8431
threshold=-0.033706409856677048 39.027219772338874 0.37500000000000006 0.12456955015659334 0.052042074501514442 0.053169704973697669
decision_type=2 2 2 2 2 2
left_child=-1 -2 4 -4 -3 -6
right_child=1 2 3 -5 5 -7
leaf_value=2.9425040366247681e-05 -0.00011818658464618129 -0.00019045438731181216 0.0001619421792369796 2.1402839080509513e-06 0.00014567945386375036 -5.8884933241250534e-05
leaf_weight=3653 374 255 427 12153 368 3080
leaf_count=3653 374 255 427 12153 368 3080
internal_value=-0.000427024 -0.000619674 -0.000357625 0.000570123 -0.00351268 -0.00242543
internal_weight=20310 16657 16283 12580 3703 3448
internal_count=20310 16657 16283 12580 3703 3448
is_linear=0
shrinkage=0.05


Tree=440
num_leaves=7
num_cat=0
split_feature=10 39 46 26 1 35
split_gain=13.3517 34.6102 38.915 32.4886 27.2492 52.9239
threshold=0.016692224889993671 -0.044616362079977982 0.86900916695594799 0.019497520290315155 -0.0012548558297567067 -0.30154854059219355
decision_type=2 2 2 2 2 2
left_child=-1 -2 3 -3 -4 -6
right_child=1 2 4 -5 5 -7
leaf_value=-1.442209981285698e-05 -0.00011904373370192519 0.00012032751340839429 8.1971429608027977e-05 -0.00015351338135555172 0.00015306561464947774 -0.00013075533084115195
leaf_weight=12399 651 155 4257 940 849 967
leaf_count=12399 651 155 4257 940 849 967
internal_value=-0.000488305 0.00134522 0.00235257 -0.00629545 0.00391987 -0.0011944
internal_weight=20218 7819 7168 1095 6073 1816
internal_count=20218 7819 7168 1095 6073 1816
is_linear=0
shrinkage=0.05


Tree=441
num_leaves=7
num_cat=0
split_feature=38 48 46 46 10 39
split_gain=11.6657 27.498 24.9064 11.1035 9.07074 32.2757
threshold=-0.039281519129872315 1.0000000180025095e-35 0.90609285235404979 0.93445822596549999 0.091093506664037718 0.0056631355546414861
decision_type=2 2 2 2 2 2
left_child=1 3 -3 -1 -2 -6
right_child=4 2 -4 -5 5 -7
leaf_value=-9.9625017961612648e-05 -2.0486121643675283e-06 -0.00013045823300705133 0.00058232427049709288 -0.00060342469397165355 -4.2991241802893642e-05 0.00015881670261775547
leaf_weight=71 18106 75 89 98 867 996
leaf_count=71 18106 75 89 98 867 996
internal_value=-0.000373024 -0.00924556 0.00517751 -0.0231322 0.000121408 0.00343951
internal_weight=20302 333 164 169 19969 1863
internal_count=20302 333 164 169 19969 1863
is_linear=0
shrinkage=0.05


Tree=442
num_leaves=7
num_cat=0
split_feature=26 36 1 0 22 44
split_gain=7.69566 29.8975 33.1859 41.7815 38.5006 41.2911
threshold=-0.016041488386690613 -0.16162944585084912 -0.017307723872363564 0.026213423348963264 0.87500000000000011 0.070363357663154616
decision_type=2 2 2 2 2 2
left_child=1 2 -1 4 5 -4
right_child=-2 -3 3 -5 -6 -7
leaf_value=-0.00024143459605824227 9.9756552896053863e-06 2.9835558025670222e-05 -9.4469998399115436e-05 9.8372239490197733e-05 -0.00036477103615357287 4.8549454159649733e-05
leaf_weight=714 11805 3702 1041 1136 458 1515
leaf_count=714 11805 3702 1041 1136 458 1515
internal_value=-0.000499362 -0.0010938 -0.00367119 -0.00194344 -0.0050265 -0.0026064
internal_weight=20371 8566 4864 4150 3014 2556
internal_count=20371 8566 4864 4150 3014 2556
is_linear=0
shrinkage=0.05


Tree=443
num_leaves=7
num_cat=0
split_feature=21 44 47 10 44 49
split_gain=12.164 33.6029 27.1073 26.7564 25.8176 40.9426
threshold=0.52500000596046459 0.085376117378473296 1.1838236451148989 -0.09076423197984694 0.076536636799573912 0.28475077450275427
decision_type=2 2 2 2 2 2
left_child=1 4 -3 -4 -1 -6
right_child=-2 2 3 -5 5 -7
leaf_value=1.8379842672787755e-05 -1.3021773030465657e-05 0.00024387754533637988 0.0011764514242493477 -0.00015159784787838757 -0.00011454497223958942 0.00011001086589130268
leaf_weight=7559 10147 637 51 196 1204 506
leaf_count=7559 10147 637 51 196 1204 506
internal_value=-0.00042231 0.00137084 0.010658 -0.00327381 0.00047714 -0.00505831
internal_weight=20300 10153 884 247 9269 1710
internal_count=20300 10153 884 247 9269 1710
is_linear=0
shrinkage=0.05


Tree=444
num_leaves=7
num_cat=0
split_feature=48 37 13 44 2 10
split_gain=13.0099 15.1172 13.5181 15.2123 23.1031 22.5711
threshold=2.0779649019241337 -0.0016656473744660614 0.051146253943443305 0.1230062134563923 0.0072656630072742709 0.10930109024047853
decision_type=2 2 2 2 2 2
left_child=2 -2 3 -1 -5 -6
right_child=1 -3 -4 4 5 -7
leaf_value=-3.6600895738215289e-06 5.0411411066687188e-05 -9.3554481162585489e-05 -0.00020155850869851962 -0.00010389641370070528 0.00018132715073212953 -0.0001122691460793941
leaf_weight=17982 267 665 197 171 777 161
leaf_count=17982 267 665 197 171 777 161
internal_value=-0.000512979 -0.00616329 -0.000128285 6.54587e-06 0.00567774 0.00877519
internal_weight=20220 932 19288 19091 1109 938
internal_count=20220 932 19288 19091 1109 938
is_linear=0
shrinkage=0.05


Tree=445
num_leaves=7
num_cat=0
split_feature=47 44 42 35 12 44
split_gain=9.55732 22.5095 39.1604 49.8103 68.3569 38.3792
threshold=1.0124127864837649 0.10146093741059305 0.080192185938358321 0.054534535855054862 -0.035942742601037019 0.081563942134380354
decision_type=2 2 2 2 2 2
left_child=1 2 -1 4 -4 -5
right_child=-2 -3 3 5 -6 -7
leaf_value=-1.1500232226807779e-06 1.453216209712535e-05 4.8089941387111269e-05 7.7796237376771463e-05 -0.00020990308406213578 -0.00031547998166280109 0.00032226964134884553
leaf_weight=7637 8112 1872 483 125 1550 360
leaf_count=7637 8112 1872 483 125 1550 360
internal_value=-0.000425685 -0.000991107 -0.00192175 -0.00732263 -0.0107581 0.0069898
internal_weight=20139 12027 10155 2518 2033 485
internal_count=20139 12027 10155 2518 2033 485
is_linear=0
shrinkage=0.05


Tree=446
num_leaves=7
num_cat=0
split_feature=16 45 42 36 27 27
split_gain=9.52285 25.6176 36.8907 22.196 19.2551 15.9025
threshold=0.92499998211860668 0.075111158192157759 0.11179019138216974 -0.91956409811973561 0.054624613374471671 -0.0076333195902407161
decision_type=2 2 2 2 2 2
left_child=-1 -2 4 -4 5 -3
right_child=1 2 3 -5 -6 -7
leaf_value=-2.6003943525605007e-06 -4.6364985640278595e-05 -5.4639342667756193e-05 0.00040771898131303187 -0.00026030384141707532 6.7399548067474757e-06 0.00033670153336128641
leaf_weight=18362 706 85 65 249 288 648
leaf_count=18362 706 85 65 249 288 648
internal_value=-0.000420178 0.00333578 0.00740672 -0.00744514 0.0120127 0.016294
internal_weight=20403 2041 1335 314 1021 733
internal_count=20403 2041 1335 314 1021 733
is_linear=0
shrinkage=0.05


Tree=447
num_leaves=7
num_cat=0
split_feature=12 6 31 18 21 47
split_gain=7.77277 22.8755 24.2069 22.0379 27.076 39.5535
threshold=-0.031879551708698266 0.27544581890106207 47.686336517333991 0.42499999701976782 0.32500000298023229 0.8074445128440858
decision_type=2 2 2 2 2 2
left_child=1 2 -1 4 -2 -6
right_child=3 -3 -4 -5 5 -7
leaf_value=2.0513780299068447e-05 6.9830646442420542e-06 0.00015667304394679463 -0.00013879628793544147 6.5132386887128107e-06 -0.00031272093766601954 -6.1704149737684699e-05
leaf_weight=3075 1878 636 260 11785 376 2248
leaf_count=3075 1878 636 260 11785 376 2248
internal_value=-0.000433055 0.00191776 0.000247006 -0.000547815 -0.0035223 -0.00679916
internal_weight=20258 3971 3335 16287 4502 2624
internal_count=20258 3971 3335 16287 4502 2624
is_linear=0
shrinkage=0.05


Tree=448
num_leaves=7
num_cat=0
split_feature=16 42 42 0 3 44
split_gain=7.70091 27.4521 30.1427 19.8633 15.2148 26.5497
threshold=0.92499998211860668 0.070285301655530943 0.11179019138216974 0.043192528188228614 0.0069923170376569041 0.071828149259090437
decision_type=2 2 2 2 2 2
left_child=-1 -2 4 -4 5 -3
right_child=1 2 3 -5 -6 -7
leaf_value=-2.3414156832785722e-06 -8.5106762636210444e-05 0.00029328049674125581 -0.00026920896232230285 0.00026938185717158075 0.00018369819323493642 -0.00026413751417440223
leaf_weight=18246 452 87 220 88 1086 142
leaf_count=18246 452 87 220 88 1086 142
internal_value=-0.000475991 0.00299279 0.00603501 -0.00790735 0.00933712 -0.00224359
internal_weight=20321 2075 1623 308 1315 229
internal_count=20321 2075 1623 308 1315 229
is_linear=0
shrinkage=0.05


Tree=449
num_leaves=7
num_cat=0
split_feature=50 47 35 44 30 20
split_gain=9.37516 35.3264 25.5295 31.9576 24.1679 23.4294
threshold=0.88050791621208202 0.89482975006103527 0.3334194570779801 0.06193013675510884 47.78123855590821 0.57500001788139354
decision_type=2 2 2 2 2 2
left_child=-1 5 4 -4 -3 -2
right_child=1 2 3 -5 -6 -7
leaf_value=-8.5383760213078647e-06 0.00044690322893478282 0.00020193453316409585 0.00019356398307868508 -0.00015022596006029985 -7.7972946999622212e-06 5.8012964722145437e-05
leaf_weight=16083 190 446 117 601 1825 1023
leaf_count=16083 190 446 117 601 1825 1023
internal_value=-0.000412765 0.00187188 -0.00104375 -0.00923237 0.00154877 0.00905172
internal_weight=20285 4202 2989 718 2271 1213
internal_count=20285 4202 2989 718 2271 1213
is_linear=0
shrinkage=0.05


Tree=450
num_leaves=7
num_cat=0
split_feature=45 26 1 39 39 36
split_gain=11.5502 25.1174 36.4019 23.205 39.4497 26.8095
threshold=0.1177729368209839 0.11735404655337335 -0.064798016101121889 0.05103601515293122 0.036141235381364829 -0.91956409811973561
decision_type=2 2 2 2 2 2
left_child=-1 3 -3 4 5 -2
right_child=1 2 -4 -5 -6 -7
leaf_value=1.6832091008282987e-06 0.00052589205641214234 1.0297405040260065e-05 -0.00086749212702634353 0.00012890601480111319 -0.00041030186052581734 -3.4656209061037072e-05
leaf_weight=18316 112 147 144 463 255 838
leaf_count=18316 112 147 144 463 255 838
internal_value=-0.000477071 -0.00388238 -0.0173142 -0.00147938 -0.00514463 -0.00039267
internal_weight=20275 1959 291 1668 1205 950
internal_count=20275 1959 291 1668 1205 950
is_linear=0
shrinkage=0.05


Tree=451
num_leaves=7
num_cat=0
split_feature=35 44 49 38 33 39
split_gain=9.84361 34.946 23.3326 22.7464 35.3681 19.472
threshold=-0.79759240150451649 0.10896204411983491 -0.16913671046495435 -1.0000000180025095e-35 0.28539444506168371 -0.0048545261379331342
decision_type=2 2 2 2 2 2
left_child=1 3 -3 4 -1 -5
right_child=-2 2 -4 5 -6 -7
leaf_value=-0.00038660216626577848 8.4775625156696206e-06 -0.0001834858998382088 0.0001768630173907058 -0.00026301131474204249 0.00018274978067645147 -2.6137646422851741e-06
leaf_weight=549 17583 226 616 76 156 1068
leaf_count=549 17583 226 616 76 156 1068
internal_value=-0.000422851 -0.00253153 0.00587367 -0.0063781 -0.0134155 -0.00197998
internal_weight=20274 2691 842 1849 705 1144
internal_count=20274 2691 842 1849 705 1144
is_linear=0
shrinkage=0.05


Tree=452
num_leaves=7
num_cat=0
split_feature=3 22 41 17 36 11
split_gain=9.86574 25.5886 17.7227 19.0028 20.947 17.0709
threshold=0.011831978335976602 0.92499998211860668 0.1212127059698105 0.12500000372529033 -0.91956409811973561 0.024689746089279655
decision_type=2 2 2 2 2 2
left_child=-1 2 -2 -4 -5 -3
right_child=1 5 3 4 -6 -7
leaf_value=3.2248824543353648e-06 -0.00033904963106631722 0.00016370134047418241 0.00020841005024949626 0.00017234648884459811 -0.00023275922967508564 -0.0002565445640171748
leaf_weight=18904 182 357 113 92 472 77
leaf_count=18904 182 357 113 92 472 77
internal_value=-0.000488813 -0.00417951 -0.00917245 -0.00531525 -0.0090949 0.00563781
internal_weight=20197 1293 859 677 564 434
internal_count=20197 1293 859 677 564 434
is_linear=0
shrinkage=0.05


Tree=453
num_leaves=7
num_cat=0
split_feature=6 35 36 38 38 39
split_gain=10.1344 23.1182 28.5955 23.2109 39.7889 41.1441
threshold=0.91438457369804393 0.49846634268760687 0.71412360668182384 0.023277028463780883 -0.0034527169773355122 -0.021782554686069485
decision_type=2 2 2 2 2 2
left_child=-1 2 3 4 -2 -6
right_child=1 -3 -4 -5 5 -7
leaf_value=3.6209492312681337e-06 -0.00010323028595201467 -0.00022824566062553425 0.00038889191089159429 -0.00039216925597749109 0.00068837672769182085 4.1837829093097514e-05
leaf_weight=17883 1068 271 56 197 124 635
leaf_count=17883 1068 271 56 197 124 635
internal_value=-0.000443451 -0.00315153 -0.00133094 -0.00235338 -0.000559498 0.00814791
internal_weight=20234 2351 2080 2024 1827 759
internal_count=20234 2351 2080 2024 1827 759
is_linear=0
shrinkage=0.05


Tree=454
num_leaves=7
num_cat=0
split_feature=27 10 44 42 11 30
split_gain=10.7741 16.1961 17.3894 12.8785 17.8979 16.6754
threshold=0.054624613374471671 -0.063232574611902223 0.15206811577081683 0.1060854382812977 0.002169988583773375 71.83526992797853
decision_type=2 2 2 2 2 2
left_child=-1 -2 3 4 -3 -6
right_child=1 2 -4 -5 5 -7
leaf_value=1.4239728004988309e-06 0.0001326017693469907 0.00029100642247744979 -0.00029978810167647588 -0.00025890701418383077 -0.00017962696009144499 2.8187141869931259e-05
leaf_weight=19332 113 68 71 191 232 285
leaf_count=19332 113 68 71 191 232 285
internal_value=-0.000456964 -0.00525907 -0.00765845 -0.00534571 -0.0015678 -0.00483716
internal_weight=20292 960 847 776 585 517
internal_count=20292 960 847 776 585 517
is_linear=0
shrinkage=0.05


Tree=455
num_leaves=7
num_cat=0
split_feature=27 1 26 21 43 6
split_gain=7.99443 15.4934 32.6986 23.1966 10.3094 12.5504
threshold=0.054624613374471671 0.030453628860414032 0.010138693265616896 0.92499998211860668 0.074587471783161177 0.88263106346130382
decision_type=2 2 2 2 2 2
left_child=-1 4 3 -3 -2 -6
right_child=1 2 -4 -5 5 -7
leaf_value=2.0170854464492562e-06 0.00028590084737276767 -0.00021641584339485736 -0.00059401255643023911 0.00012178992822466304 0.00016220282896437107 -7.07168948514695e-05
leaf_weight=19331 78 119 120 94 143 438
leaf_count=19331 78 119 120 94 143 438
internal_value=-0.000426751 -0.00438816 -0.0130917 -0.00103211 3.76506e-05 -0.00226109
internal_weight=20323 992 333 213 659 581
internal_count=20323 992 333 213 659 581
is_linear=0
shrinkage=0.05


Tree=456
num_leaves=7
num_cat=0
split_feature=4 39 38 47 48 41
split_gain=12.5682 15.09 29.2429 25.0648 24.0558 22.1064
threshold=-0.067980688065290437 -0.02703957166522741 -0.0029975365614518519 0.9404503107070924 -0.69490608572959889 0.083070755004882826
decision_type=2 2 2 2 2 2
left_child=-1 2 3 5 -4 -2
right_child=1 -3 4 -5 -6 -7
leaf_value=1.3423728333736416e-05 -0.000145075304975219 -2.6200763270937261e-05 -6.3127067350222683e-05 0.00014734080333468608 0.0004804782262012377 5.3982599391230001e-05
leaf_weight=9652 546 8933 69 398 323 421
leaf_count=9652 546 8933 69 398 323 421
internal_value=-0.000411609 -0.00137214 0.00285187 -0.00060219 0.0147985 -0.00496399
internal_weight=20342 10690 1757 1365 392 967
internal_count=20342 10690 1757 1365 392 967
is_linear=0
shrinkage=0.05


Tree=457
num_leaves=7
num_cat=0
split_feature=16 43 25 35 45 45
split_gain=10.8594 18.3184 15.9907 30.132 15.517 38.5516
threshold=0.12500000372529033 0.15767668187618258 -0.024859867990016934 -0.88725477457046498 0.11292036250233652 0.09453273564577104
decision_type=2 2 2 2 2 2
left_child=1 4 3 -2 5 -1
right_child=2 -3 -4 -5 -6 -7
leaf_value=-8.6036489968476396e-05 -0.0002418971368257618 0.00025590837639040724 -2.1487550342886654e-07 0.00014589836608372105 -0.00034771145002879413 0.00027348507265424331
leaf_weight=1489 76 102 17137 1021 163 254
leaf_count=1489 76 102 17137 1021 163 254
internal_value=-0.000467971 -0.00351465 0.000355008 0.00619328 -0.00464417 -0.00321796
internal_weight=20242 2008 18234 1097 1906 1743
internal_count=20242 2008 18234 1097 1906 1743
is_linear=0
shrinkage=0.05


Tree=458
num_leaves=7
num_cat=0
split_feature=32 39 12 48 9 36
split_gain=10.7052 22.7554 15.32 32.1014 24.5551 23.285
threshold=1.166241526603699 -0.0076212184503674498 0.041766576468944556 0.39166343212127691 -0.020590050145983693 -0.55239969491958607
decision_type=2 2 2 2 2 2
left_child=2 -2 -1 4 -4 -5
right_child=1 -3 3 5 -6 -7
leaf_value=4.8935194223306768e-06 -0.00014866952655249045 0.00016410026337595581 -2.545427382468151e-05 0.00012322783862555309 -0.00033673276008971845 -6.8076000014846228e-05
leaf_weight=17427 126 511 246 684 396 999
leaf_count=17427 126 511 246 684 396 999
internal_value=-0.000449887 0.006581 1.89806e-05 -0.00378755 -0.0132535 -0.000133294
internal_weight=20389 637 19752 2325 642 1683
internal_count=20389 637 19752 2325 642 1683
is_linear=0
shrinkage=0.05


Tree=459
num_leaves=7
num_cat=0
split_feature=35 36 0 10 12 44
split_gain=10.6425 27.7044 27.6406 36.0574 30.6926 28.4545
threshold=0.026911166496574882 0.45250067114830023 -0.027493105269968506 0.091093506664037718 0.032611822709441192 0.067851986736059203
decision_type=2 2 2 2 2 2
left_child=1 -1 4 -4 5 -2
right_child=2 -3 3 -5 -6 -7
leaf_value=-4.6644186397750734e-06 -0.00036865868469985883 -0.0002127116973331008 3.0341059618038767e-05 0.00046937489262640269 -0.00024522118478132257 0.00010684956675671137
leaf_weight=12905 143 102 6134 112 468 390
leaf_count=12905 143 102 6134 112 468 390
internal_value=-0.000418333 -0.000593683 0.00179606 0.00303551 -0.00588966 0.00227695
internal_weight=20254 13007 7247 6246 1001 533
internal_count=20254 13007 7247 6246 1001 533
is_linear=0
shrinkage=0.05


Tree=460
num_leaves=7
num_cat=0
split_feature=37 36 37 46 22 1
split_gain=10.2124 12.8249 16.3857 15.8076 27.8216 17.1076
threshold=-0.00060395107720978547 -0.20146576315164563 -0.001962868263944983 1.1171851158142092 0.37500000000000006 1.0000000180025095e-35
decision_type=2 2 2 2 2 2
left_child=1 3 -3 -1 -5 -6
right_child=-2 2 -4 4 5 -7
leaf_value=-1.9020026472036258e-05 1.2093100969264329e-05 3.8353776789089869e-05 -2.6520107934940537e-05 -0.00033507456896888745 -0.00025372119607865401 4.6887124916744565e-05
leaf_weight=3682 11699 2778 1401 198 270 282
leaf_count=3682 11699 2778 1401 198 270 282
internal_value=-0.000456559 -0.00116353 0.000818595 -0.00303696 -0.00963576 -0.00372531
internal_weight=20310 8611 4179 4432 750 552
internal_count=20310 8611 4179 4432 750 552
is_linear=0
shrinkage=0.05


Tree=461
num_leaves=7
num_cat=0
split_feature=15 44 22 43 47 50
split_gain=11.227 17.1081 34.1504 21.1629 18.8773 18.2378
threshold=0.97499999403953563 0.070363357663154616 0.57500001788139354 0.084517475217580809 0.86559692025184642 0.63249245285987865
decision_type=2 2 2 2 2 2
left_child=-1 -2 -3 4 -4 -6
right_child=1 2 3 -5 5 -7
leaf_value=5.2533092578453594e-06 5.2369941586060064e-05 -0.00027990789868700825 5.5916340044337433e-05 7.4946724661004431e-05 -0.00057169409217179318 -1.6800458627506955e-05
leaf_weight=19264 225 253 86 329 68 54
leaf_count=19264 225 253 86 329 68 54
internal_value=-0.000467117 -0.00492647 -0.00839623 -0.00115314 -0.0134977 -0.0257874
internal_weight=20279 1015 790 537 208 122
internal_count=20279 1015 790 537 208 122
is_linear=0
shrinkage=0.05


Tree=462
num_leaves=7
num_cat=0
split_feature=16 42 42 42 35 34
split_gain=8.80667 34.1116 34.9055 18.5459 14.8071 16.0074
threshold=0.92499998211860668 0.074606094509363188 0.1158958710730076 0.12834376841783526 -0.81505680084228505 0.26663605868816381
decision_type=2 2 2 2 2 2
left_child=-1 -2 -3 -4 -5 -6
right_child=1 2 3 4 5 -7
leaf_value=-3.6734964673069119e-06 -7.2288475500303665e-05 0.00017335445604950927 -0.00068969754060336835 0.00029443344966444737 4.8015402929049108e-05 -0.00048600404556527877
leaf_weight=18312 682 1057 56 107 53 57
leaf_count=18312 682 1057 56 107 53 57
internal_value=-0.000377539 0.00311106 0.00777154 -0.0080036 -0.00101351 -0.0136957
internal_weight=20324 2012 1330 273 217 110
internal_count=20324 2012 1330 273 217 110
is_linear=0
shrinkage=0.05


Tree=463
num_leaves=7
num_cat=0
split_feature=27 26 26 15 39 48
split_gain=8.25618 44.5825 28.3578 33.5446 27.6929 24.5377
threshold=-0.004383737687021493 -0.087466482073068605 -0.016041488386690613 0.62500000000000011 -0.00072382207144983102 0.062596462666988387
decision_type=2 2 2 2 2 2
left_child=2 -2 3 -1 -5 -3
right_child=1 5 -4 4 -6 -7
leaf_value=-2.5095655682411511e-07 0.00054275757975758422 -5.6436923003790857e-05 5.4110669881431828e-05 0.00026508939412627587 -0.00026131465804286739 4.6804277723907359e-06
leaf_weight=4656 194 4234 3778 76 419 6946
leaf_count=4656 194 4234 3778 76 419 6946
internal_value=-0.000368082 -0.000964496 0.00106615 -0.0013431 -0.01365 -0.00138355
internal_weight=20303 11374 8929 5151 495 11180
internal_count=20303 11374 8929 5151 495 11180
is_linear=0
shrinkage=0.05


Tree=464
num_leaves=7
num_cat=0
split_feature=35 48 18 36 47 24
split_gain=7.92498 29.1579 41.7384 56.3356 39.5392 27.7034
threshold=0.026911166496574882 1.0000000180025095e-35 0.77500000596046459 -0.029596433974802491 1.3687249422073366 -0.012844014912843702
decision_type=2 2 2 2 2 2
left_child=-1 -2 4 -4 5 -3
right_child=1 2 3 -5 -6 -7
leaf_value=-6.4503930142507764e-06 -1.9014818911615061e-05 0.00048588030251091644 0.00037292131430844338 -3.9746767770777641e-05 -0.00024659426751709012 0.0001472980708518729
leaf_weight=13055 3617 202 193 1753 95 1417
leaf_count=13055 3617 202 193 1753 95 1417
internal_value=-0.000426562 0.00145908 0.00460437 -0.000397232 0.0102821 0.0121459
internal_weight=20332 7277 3660 1946 1714 1619
internal_count=20332 7277 3660 1946 1714 1619
is_linear=0
shrinkage=0.05


Tree=465
num_leaves=7
num_cat=0
split_feature=33 27 34 35 6 44
split_gain=12.1292 19.6075 17.2533 24.3974 19.5953 13.775
threshold=0.031798796728253372 -0.036097262054681771 0.68184176087379467 -0.37815532088279719 0.81547340750694286 0.062864337116479888
decision_type=2 2 2 2 2 2
left_child=2 -2 4 -4 -1 -3
right_child=1 5 3 -5 -6 -7
leaf_value=1.4885960329382678e-05 -0.00025058210742834677 -5.2714309489360365e-05 -9.8232509457825065e-05 0.0004996967648478387 -9.9069413600643734e-05 -2.7026718051199539e-06
leaf_weight=10546 182 1466 63 110 435 7378
leaf_count=10546 182 1466 63 110 435 7378
internal_value=-0.000380233 -0.00148101 0.000983511 0.0164326 0.000730475 -0.00113855
internal_weight=20180 9026 11154 173 10981 8844
internal_count=20180 9026 11154 173 10981 8844
is_linear=0
shrinkage=0.05


Tree=466
num_leaves=7
num_cat=0
split_feature=43 48 44 35 35 26
split_gain=7.75089 24.3644 46.345 30.4506 32.024 30.0738
threshold=0.051473509520292289 0.98567330837249767 0.062864337116479888 0.54790696501731884 -0.43403452634811396 -0.031603440642356866
decision_type=2 2 2 2 2 2
left_child=1 3 -3 4 -1 -6
right_child=-2 2 -4 -5 5 -7
leaf_value=4.7601863996008751e-05 6.7427880508712065e-07 -3.2124865106328221e-05 0.00040105008421895648 0.00027731379978601449 -2.6856836157475306e-06 -0.00020083130365144142
leaf_weight=348 18108 312 131 196 462 847
leaf_count=348 18108 312 131 196 462 847
internal_value=-0.000405458 -0.00303129 0.00742188 -0.00555705 -0.00777677 -0.0113584
internal_weight=20404 2296 443 1853 1657 1309
internal_count=20404 2296 443 1853 1657 1309
is_linear=0
shrinkage=0.05


Tree=467
num_leaves=7
num_cat=0
split_feature=32 39 20 42 41 7
split_gain=9.28522 27.2373 28.8259 28.4336 27.2967 25.3684
threshold=-0.33700801432132715 0.012997390236705543 0.67499998211860668 0.091868363320827498 0.10400460660457612 0.82789459824562084
decision_type=2 2 2 2 2 2
left_child=1 3 5 -1 -5 -3
right_child=-2 2 -4 4 -6 -7
leaf_value=-3.4262044110737556e-05 -6.0780372949180406e-06 7.5361981685369116e-05 0.00032005567353148891 0.00017677022451059282 -5.3528195343895919e-05 -0.00010573107059258925
leaf_weight=2626 14249 2364 214 308 176 277
leaf_count=2626 14249 2364 214 308 176 277
internal_value=-0.000394431 0.00172948 0.0052535 -0.0015008 0.00956033 0.00378874
internal_weight=20214 5965 2855 3110 484 2641
internal_count=20214 5965 2855 3110 484 2641
is_linear=0
shrinkage=0.05


Tree=468
num_leaves=7
num_cat=0
split_feature=40 36 16 44 1 2
split_gain=12.8386 20.0671 12.6073 16.7614 20.4717 14.9984
threshold=0.035991646349430091 -0.76059028506278981 0.62500000000000011 0.049362372606992728 -0.012721349950879811 0.0047030567657202491
decision_type=2 2 2 2 2 2
left_child=1 -1 3 4 -3 -4
right_child=-2 2 5 -5 -6 -7
leaf_value=0.00058329053368494268 -2.363584053760424e-06 0.00014671426028411042 -0.00019687836933179873 0.00027990903916223547 -6.1600346813445265e-05 0.00018573731228810472
leaf_weight=50 19704 67 135 177 166 54
leaf_count=50 19704 67 135 177 166 54
internal_value=-0.000411386 0.00691896 0.00418046 0.00909639 0.000105042 -0.00631443
internal_weight=20353 649 599 410 233 189
internal_count=20353 649 599 410 233 189
is_linear=0
shrinkage=0.05


Tree=469
num_leaves=7
num_cat=0
split_feature=12 32 43 44 44 36
split_gain=10.9641 22.2419 23.5202 61.8062 41.6655 42.8007
threshold=-0.016076550818979737 0.050458597019314773 0.089597418904304518 0.078448805958032622 0.0657009892165661 -0.76059028506278981
decision_type=2 2 2 2 2 2
left_child=-1 2 3 4 -2 -6
right_child=1 -3 -4 -5 5 -7
leaf_value=1.697101153227416e-05 -8.2193531406272275e-05 6.5281196350758073e-06 5.1884723429042501e-05 -0.00027472639105004579 -0.00049043014513699295 0.00013654627108948975
leaf_weight=7277 1261 8700 890 978 118 1045
leaf_count=7277 1261 8700 890 978 118 1045
internal_value=-0.000442685 -0.000936755 -0.00388061 -0.00577488 -0.0014718 0.00532962
internal_weight=20269 12992 4292 3402 2424 1163
internal_count=20269 12992 4292 3402 2424 1163
is_linear=0
shrinkage=0.05


Tree=470
num_leaves=7
num_cat=0
split_feature=34 43 18 6 49 39
split_gain=8.81051 19.4839 17.0946 22.4636 18.5393 18.7555
threshold=-0.61666950583457936 0.13996466249227527 0.42499999701976782 0.078449141234159483 -1.3742544054985044 0.023963462561368946
decision_type=2 2 2 2 2 2
left_child=1 -1 4 -4 5 -2
right_child=2 -3 3 -5 -6 -7
leaf_value=2.3058624800860191e-05 -0.00015586751951265161 0.00067650044554201313 0.00020696601873148023 3.7038192586488512e-06 -1.5635806360709452e-05 4.7450652208821253e-05
leaf_weight=1296 551 57 222 11730 6216 269
leaf_count=1296 551 57 222 11730 6216 269
internal_value=-0.000436204 0.00362666 -0.000540989 0.00060843 -0.00249609 -0.00954545
internal_weight=20341 1353 18988 11952 7036 820
internal_count=20341 1353 18988 11952 7036 820
is_linear=0
shrinkage=0.05


Tree=471
num_leaves=7
num_cat=0
split_feature=40 36 36 12 2 24
split_gain=10.3688 31.868 33.7659 25.9095 25.2128 31.717
threshold=0.088889021426439299 -0.36640205979347223 0.040255263447761543 0.10572287440299989 0.0081171430647373217 -0.044371517375111573
decision_type=2 2 2 2 2 2
left_child=3 -2 -3 4 -1 -6
right_child=1 2 -4 -5 5 -7
leaf_value=-6.5253564809249211e-07 -7.9675493072165805e-05 0.00013612517578256455 -3.3249787600844135e-05 -0.00060086448504886284 -7.6337693866426878e-05 0.0001736502614587157
leaf_weight=12504 2916 1119 1549 58 554 1574
leaf_count=12504 2916 1119 1549 58 554 1574
internal_value=-0.000348883 -0.00189211 0.00204826 0.000637972 0.00077714 0.00580169
internal_weight=20274 5584 2668 14690 14632 2128
internal_count=20274 5584 2668 14690 14632 2128
is_linear=0
shrinkage=0.05


Tree=472
num_leaves=7
num_cat=0
split_feature=12 1 36 42 42 44
split_gain=10.9041 24.3893 61.1456 49.5903 35.3075 35.516
threshold=-0.016076550818979737 -0.017307723872363564 0.56821760535240184 0.084788199514150633 0.13858171552419665 0.10426354408264162
decision_type=2 2 2 2 2 2
left_child=1 2 3 -1 5 -3
right_child=-2 4 -4 -5 -6 -7
leaf_value=-0.00039406354443350788 -9.2180700518397076e-06 3.9525930582086912e-05 0.00025858779269766566 -2.0499887183384826e-05 0.00048964529535910982 -0.00013698075092801856
leaf_weight=278 13120 5559 119 553 204 566
leaf_count=278 13120 5559 119 553 204 566
internal_value=-0.000376152 0.00149986 -0.00594241 -0.0107955 0.00262472 0.00192904
internal_weight=20399 7279 950 831 6329 6125
internal_count=20399 7279 950 831 6329 6125
is_linear=0
shrinkage=0.05


Tree=473
num_leaves=7
num_cat=0
split_feature=38 50 46 11 46 10
split_gain=8.37175 20.2511 17.981 9.76253 23.7718 25.4916
threshold=-0.039281519129872315 -0.81236004829406727 0.83895817399024974 -0.023447738029062744 1.0296487808227541 0.0082502956502139586
decision_type=2 2 2 2 2 2
left_child=1 -1 -3 4 5 -2
right_child=3 2 -4 -5 -6 -7
leaf_value=-0.00060364755119372696 -0.00039041144356795208 -0.00021691360050552644 0.00026342859297265444 -4.5372190237910616e-08 0.00014026448354176966 0.00015340491733952766
leaf_weight=85 128 91 172 19288 424 72
leaf_count=85 128 91 172 19288 424 72
internal_value=-0.000467555 -0.0075779 -0.000466418 0.000189537 0.00631955 -0.00768293
internal_weight=20260 348 263 19912 624 200
internal_count=20260 348 263 19912 624 200
is_linear=0
shrinkage=0.05


Tree=474
num_leaves=7
num_cat=0
split_feature=36 42 35 26 21 36
split_gain=10.1459 17.7493 14.7086 38.832 34.129 21.5933
threshold=0.8737131953239442 0.062752153724432005 0.54790696501731884 0.060231529176235206 0.27500000596046453 0.45250067114830023
decision_type=2 2 2 2 2 2
left_child=2 -2 -1 4 5 -4
right_child=1 -3 3 -5 -6 -7
leaf_value=-3.1267421655185184e-06 0.00011091106544586923 -0.00015209911004633516 -2.8515634251445276e-05 -0.00025277066629120665 1.3517745916713053e-05 0.00032207019987768719
leaf_weight=18007 94 224 102 197 1073 504
leaf_count=18007 94 224 102 197 1073 504
internal_value=-0.000503563 -0.00890093 3.1426e-05 0.00423977 0.00672506 0.016162
internal_weight=20201 318 19883 1876 1679 606
internal_count=20201 318 19883 1876 1679 606
is_linear=0
shrinkage=0.05


Tree=475
num_leaves=7
num_cat=0
split_feature=26 12 20 39 36 48
split_gain=8.59519 31.1754 41.3484 35.4726 32.9057 30.1541
threshold=-0.016041488386690613 -0.016076550818979737 0.97499999403953563 0.00082909138291142892 0.71412360668182384 -0.53047460317611683
decision_type=2 2 2 2 2 2
left_child=1 -1 3 5 -5 -3
right_child=-2 2 -4 4 -6 -7
leaf_value=1.0442174566375335e-05 1.3472926528612346e-05 -0.00041314314132616901 0.0002271103330549757 -0.00025059975778296122 0.0003248688178966577 3.2566358802174786e-05
leaf_weight=6252 11750 81 131 993 111 960
leaf_count=6252 11750 81 131 993 111 960
internal_value=-0.000417838 -0.000946326 -0.00595134 -0.00763953 -0.0138638 -0.000979924
internal_weight=20278 8528 2276 2145 1104 1041
internal_count=20278 8528 2276 2145 1104 1041
is_linear=0
shrinkage=0.05


Tree=476
num_leaves=7
num_cat=0
split_feature=27 50 47 1 46 0
split_gain=7.16452 12.9917 14.787 12.7396 18.7507 12.7239
threshold=0.063094846904277815 2.6510400772094731 0.96898320317268383 -0.012721349950879811 0.67859628796577465 -0.061599999666213982
decision_type=2 2 2 2 2 2
left_child=1 5 -3 -2 -5 -1
right_child=3 2 -4 4 -6 -7
leaf_value=0.00013259733939242061 5.6770931145512841e-05 -9.2451873758564457e-05 0.00036396100502118762 0.00015445545813777499 -0.00015311832438175585 -3.5503353090394071e-06
leaf_weight=480 193 57 147 62 392 19035
leaf_count=480 193 57 147 62 392 19035
internal_value=-0.000362034 -7.7317e-05 0.0123206 -0.00540644 -0.00996732 -0.000211322
internal_weight=20366 19719 204 647 454 19515
internal_count=20366 19719 204 647 454 19515
is_linear=0
shrinkage=0.05


Tree=477
num_leaves=7
num_cat=0
split_feature=45 22 42 13 22 50
split_gain=8.2859 62.3836 19.2225 45.4885 22.8772 25.6105
threshold=0.06464067101478578 0.57500001788139354 0.065871946513652815 0.010859621223062279 0.12500000372529033 0.63249245285987865
decision_type=2 2 2 2 2 2
left_child=1 -1 3 4 -2 -6
right_child=2 -3 -4 -5 5 -7
leaf_value=-6.3592207964882955e-06 -0.00051054094832218518 -0.00073086877949329822 2.1423297485732246e-06 -0.00026223423817566693 0.00023105766267260126 -0.00020298243916547204
leaf_weight=5760 52 145 13718 123 449 54
leaf_count=5760 52 145 13718 123 449 54
internal_value=-0.000427214 -0.00166244 0.000560725 0.00874817 0.0148661 0.0181594
internal_weight=20301 5905 14396 678 555 503
internal_count=20301 5905 14396 678 555 503
is_linear=0
shrinkage=0.05


Tree=478
num_leaves=7
num_cat=0
split_feature=11 21 41 50 31 47
split_gain=9.85912 16.3218 24.3725 17.4134 25.3818 21.7066
threshold=-0.0016702323919162152 0.92499998211860668 0.097731180489063277 0.88050791621208202 52.17753982543946 1.0555042028427126
decision_type=2 2 2 2 2 2
left_child=1 2 3 4 -1 -6
right_child=-2 -3 -4 -5 5 -7
leaf_value=1.4769535926090466e-05 -1.0177975942501678e-05 -0.00010833048954055057 0.00012854837492373095 0.00011653147493634639 -0.00012655775514265987 0.00030215970960563725
leaf_weight=5453 11354 903 1162 509 781 156
leaf_count=5453 11354 903 1162 509 781 156
internal_value=-0.000387492 0.00114561 0.00186276 0.000727839 1.17279e-05 -0.00756369
internal_weight=20318 8964 8061 6899 6390 937
internal_count=20318 8964 8061 6899 6390 937
is_linear=0
shrinkage=0.05


Tree=479
num_leaves=7
num_cat=0
split_feature=44 3 48 38 23 23
split_gain=8.2969 22.8913 21.9856 21.2318 16.7779 15.1492
threshold=0.053278120234608657 0.0045753722079098233 -0.24717239290475843 -0.01800211705267429 0.012066226452589037 0.00054491119226440798
decision_type=2 2 2 2 2 2
left_child=1 2 5 -3 -5 -1
right_child=-2 3 -4 4 -6 -7
leaf_value=-0.00016651780117237712 -2.672297169602038e-06 -5.7946677354321569e-05 4.2188760780023651e-05 0.00015557266423825655 -2.9694286134360865e-05 5.0546958243913201e-05
leaf_weight=264 18949 52 381 410 67 91
leaf_count=264 18949 52 381 410 67 91
internal_value=-0.000379593 0.00395669 -0.00172065 0.0118446 0.0151971 -0.010625
internal_weight=20214 1265 736 529 477 355
internal_count=20214 1265 736 529 477 355
is_linear=0
shrinkage=0.05


Tree=480
num_leaves=7
num_cat=0
split_feature=46 38 34 34 39 24
split_gain=8.95377 23.2551 18.8933 20.6521 27.8984 19.3141
threshold=1.0734005570411684 -0.0022550211288034912 -0.72833147644996632 -0.23967473208904264 0.072379264980554595 -0.012844014912843702
decision_type=2 2 2 2 2 2
left_child=-1 -2 -3 -4 5 -5
right_child=1 2 3 4 -6 -7
leaf_value=-8.2942091844689314e-06 -4.2146541088338482e-05 0.00029965668767816363 -3.5782073914830593e-05 0.00021637702157736253 -0.00034345775374327388 5.8260515117230901e-05
leaf_weight=15121 1660 170 1064 537 131 1662
leaf_count=15121 1660 170 1064 537 131 1662
internal_value=-0.000406634 0.00152515 0.00380359 0.00296411 0.00559957 0.00695327
internal_weight=20345 5224 3564 3394 2330 2199
internal_count=20345 5224 3564 3394 2330 2199
is_linear=0
shrinkage=0.05


Tree=481
num_leaves=7
num_cat=0
split_feature=40 44 44 39 2 36
split_gain=8.13805 30.5992 47.3864 67.0638 35.8406 27.2291
threshold=0.055892633274197585 0.066265232861042037 0.071828149259090437 -0.0048545261379331342 0.0049722269177436837 0.18770858645439151
decision_type=2 2 2 2 2 2
left_child=1 -1 4 -4 5 -3
right_child=-2 2 3 -5 -6 -7
leaf_value=-8.7154301968567402e-06 -5.160043444499144e-06 -0.00010317343372626635 0.00016130691466477963 -0.00015601916568462211 0.00031431838439759178 0.00069816681621168771
leaf_weight=3061 15097 174 681 668 611 59
leaf_count=3061 15097 174 681 668 611 59
internal_value=-0.00047529 0.00187773 0.0063808 0.000535451 0.015636 -0.000945378
internal_weight=20351 5254 2193 1349 844 233
internal_count=20351 5254 2193 1349 844 233
is_linear=0
shrinkage=0.05


Tree=482
num_leaves=7
num_cat=0
split_feature=40 43 45 27 26 44
split_gain=9.23148 23.5604 31.9066 26.4213 42.3174 21.1712
threshold=0.088889021426439299 0.091222371906042113 0.11292036250233652 0.043744565919041641 -0.031603440642356866 0.084161374717950835
decision_type=2 2 2 2 2 2
left_child=1 -1 3 4 5 -3
right_child=-2 2 -4 -5 -6 -7
leaf_value=6.3730878324115389e-07 -1.8851624605167202e-05 -0.00016226446755895972 -0.00019278604011580761 -0.00019369641550421861 0.00054658559022849665 0.00019514317623618095
leaf_weight=13613 5531 156 184 82 425 235
leaf_count=13613 5531 156 184 82 425 235
internal_value=-0.000483169 0.000620748 0.00770469 0.0116002 0.0143423 0.00233586
internal_weight=20226 14695 1082 898 816 391
internal_count=20226 14695 1082 898 816 391
is_linear=0
shrinkage=0.05


Tree=483
num_leaves=7
num_cat=0
split_feature=35 3 47 17 5 26
split_gain=12.4269 27.5645 26.3878 26.0177 22.9083 22.609
threshold=-0.77135702967643727 0.013475562911480667 1.0203168988227846 0.72499999403953563 -0.25903825461864466 -0.12732377648353574
decision_type=2 2 2 2 2 2
left_child=1 2 -1 4 -4 -3
right_child=-2 5 3 -5 -6 -7
leaf_value=-1.6161548834865877e-05 4.9377874668689665e-06 0.00088494317728542811 -0.00014874100190903633 0.00020697658914322983 -0.00053843232868337732 8.640986214400997e-05
leaf_weight=1968 17300 63 471 88 220 208
leaf_count=1968 17300 63 471 88 220 208
internal_value=-0.000436697 -0.00300198 -0.0045149 -0.0122768 -0.0155532 0.0120471
internal_weight=20318 3018 2747 779 691 271
internal_count=20318 3018 2747 779 691 271
is_linear=0
shrinkage=0.05


Tree=484
num_leaves=7
num_cat=0
split_feature=12 26 36 38 30 47
split_gain=12.4208 23.5595 42.885 51.4735 26.9541 22.6705
threshold=-0.016076550818979737 -0.016041488386690613 -0.16162944585084912 -0.0029975365614518519 36.315538406372077 0.89482975006103527
decision_type=2 2 2 2 2 2
left_child=-1 2 3 -2 -4 -6
right_child=1 -3 4 -5 5 -7
leaf_value=1.9160777536443447e-05 -5.6942494125088869e-06 1.5278590193822252e-06 -0.00028919422212946429 -0.00036307346310117611 0.00024108882618384381 -1.4134953697499812e-05
leaf_weight=7224 543 10681 126 626 343 627
leaf_count=7224 543 10681 126 626 343 627
internal_value=-0.000469641 -0.000847425 -0.00547357 -0.0121167 0.00161217 0.00448718
internal_weight=20170 12946 2265 1169 1096 970
internal_count=20170 12946 2265 1169 1096 970
is_linear=0
shrinkage=0.05


Tree=485
num_leaves=7
num_cat=0
split_feature=33 41 3 17 36 1
split_gain=8.99367 18.0435 28.3975 21.6785 31.0676 16.6366
threshold=-0.097865562885999666 0.099588826298713698 0.011831978335976602 0.12500000372529033 -0.73302480578422535 -0.018839227966964241
decision_type=2 2 2 2 2 2
left_child=1 -1 5 -4 -5 -3
right_child=-2 2 3 4 -6 -7
leaf_value=4.6735522138504099e-06 -6.3936278898593868e-06 0.0006008168507435611 0.00016448125139027702 -0.00097978653530605563 -5.2128177657065088e-06 0.00019103448592244852
leaf_weight=6203 13023 202 130 71 247 432
leaf_count=6203 13023 202 130 71 247 432
internal_value=-0.000461527 0.00148491 0.0074287 -0.00215232 -0.00921053 0.0142019
internal_weight=20308 7285 1082 448 318 634
internal_count=20308 7285 1082 448 318 634
is_linear=0
shrinkage=0.05


Tree=486
num_leaves=7
num_cat=0
split_feature=22 42 47 32 45 47
split_gain=9.5253 34.3705 29.2646 22.6112 20.5285 59.2886
threshold=0.27500000596046453 0.087465558201074614 0.73772358894348156 0.024856707081198696 0.06464067101478578 0.73772358894348156
decision_type=2 2 2 2 2 2
left_child=1 2 3 -1 5 -2
right_child=4 -3 -4 -5 -6 -7
leaf_value=0.00028399827430373867 -0.00067153483287997842 0.00036046843980741604 -2.6512593362774086e-06 5.9695609795014983e-05 -6.1245695955781259e-07 -3.1210227459931493e-05
leaf_weight=116 165 268 4525 139 13005 2000
leaf_count=116 165 268 4525 139 13005 2000
internal_value=-0.000527864 0.00169701 0.000705329 0.0170192 -0.000808896 -0.00531106
internal_weight=20218 5048 4780 255 15170 2165
internal_count=20218 5048 4780 255 15170 2165
is_linear=0
shrinkage=0.05


Tree=487
num_leaves=7
num_cat=0
split_feature=48 22 41 44 10 41
split_gain=10.2069 28.1001 46.7382 36.6745 35.0822 33.5573
threshold=-1.0998796224594114 0.37500000000000006 0.059883998706936843 0.054683927446603782 0.011200350243598224 0.040337326005101211
decision_type=2 2 2 2 2 2
left_child=1 2 3 5 -5 -1
right_child=-2 -3 -4 4 -6 -7
leaf_value=0.00011742204664043267 5.9812220974659812e-06 5.5336717826863724e-06 -0.00019454087782738187 0.00025342090084257569 -1.948562574062382e-05 -0.00020561167602619918
leaf_weight=128 15722 3107 632 274 269 246
leaf_count=128 15722 3107 632 274 269 246
internal_value=-0.000430506 -0.00211864 -0.0076094 -0.000352495 0.00789234 -0.0123351
internal_weight=20378 4656 1549 917 543 374
internal_count=20378 4656 1549 917 543 374
is_linear=0
shrinkage=0.05


Tree=488
num_leaves=7
num_cat=0
split_feature=40 36 46 36 42 50
split_gain=9.33027 26.7583 41.2303 31.7056 27.062 24.614
threshold=0.088889021426439299 -0.31024430692195887 0.89166337251663219 0.040255263447761543 0.13858171552419665 0.57855102419853222
decision_type=2 2 2 2 2 2
left_child=-1 4 -3 -4 -2 -5
right_child=1 2 3 5 -6 -7
leaf_value=7.7245862514397354e-06 -9.9469511421595752e-05 -0.00020656221329985985 0.00018458072126987407 8.1968089300647631e-05 0.00010458933073436323 -0.00012377785886499891
leaf_weight=14607 2616 295 860 756 454 552
leaf_count=14607 2616 295 860 756 454 552
internal_value=-0.000415736 -0.00159354 0.00227917 0.00468247 -0.00470732 -0.000209444
internal_weight=20140 5533 2463 2168 3070 1308
internal_count=20140 5533 2463 2168 3070 1308
is_linear=0
shrinkage=0.05


Tree=489
num_leaves=7
num_cat=0
split_feature=42 9 39 10 19 42
split_gain=10.0003 18.5195 26.6981 47.9474 24.1417 24.2022
threshold=0.091868363320827498 -0.029303194023668763 0.05103601515293122 -0.10232376307249068 0.82500001788139354 0.11179019138216974
decision_type=2 2 2 2 2 2
left_child=-1 2 3 -2 -3 -6
right_child=1 4 -4 -5 5 -7
leaf_value=6.9151254589806209e-06 -0.00049507775723536286 -0.00011107880860001 0.00020987282327689043 1.315488395451619e-05 0.00015108688183051278 -0.00011299284517942606
leaf_weight=14712 210 2007 497 1928 584 334
leaf_count=14712 210 2007 497 1928 584 334
internal_value=-0.000536322 -0.00181042 0.00122159 -0.00120159 -0.00454778 0.00213976
internal_weight=20272 5560 2635 2138 2925 918
internal_count=20272 5560 2635 2138 2925 918
is_linear=0
shrinkage=0.05


Tree=490
num_leaves=7
num_cat=0
split_feature=24 46 48 47 38 45
split_gain=8.48417 19.584 19.8363 20.267 35.1308 26.6965
threshold=-0.034057782962918275 0.84966114163398754 -0.1231584958732128 1.1657232642173769 0.02697722148150206 0.080311052501201644
decision_type=2 2 2 2 2 2
left_child=1 -1 3 -3 5 -5
right_child=-2 2 -4 4 -6 -7
leaf_value=0.00010127428048472658 -6.8400251452663527e-06 2.2127358531978669e-05 0.0003418175223879729 0.00026971443092118589 0.00010190290403784002 -0.00032140342802019204
leaf_weight=656 15521 3024 121 74 326 531
leaf_count=656 15521 3024 121 74 326 531
internal_value=-0.000457844 0.00181022 0.000508454 -0.000107323 -0.0065438 -0.0136475
internal_weight=20253 4732 4076 3955 931 605
internal_count=20253 4732 4076 3955 931 605
is_linear=0
shrinkage=0.05


Tree=491
num_leaves=7
num_cat=0
split_feature=18 0 42 41 11 22
split_gain=10.0927 22.6324 18.3255 40.0452 23.0514 17.6072
threshold=0.42499999701976782 0.021387233398854736 0.077216330915689482 0.063086889684200301 0.006513480097055436 0.77500000596046459
decision_type=2 2 2 2 2 2
left_child=1 -1 -3 -4 5 -5
right_child=-2 2 3 4 -6 -7
leaf_value=-4.1255362800214645e-05 6.427249723460493e-06 7.8562907278042419e-05 -0.00081635348226296591 -1.4154484862623132e-05 -0.00011445725094702221 0.00016644703417508763
leaf_weight=5145 12186 1058 79 704 541 569
leaf_count=5145 12186 1058 79 704 541 569
internal_value=-0.000432543 -0.001614 0.00186908 -0.00106691 0.000481034 0.00416667
internal_weight=20282 8096 2951 1893 1814 1273
internal_count=20282 8096 2951 1893 1814 1273
is_linear=0
shrinkage=0.05


Tree=492
num_leaves=7
num_cat=0
split_feature=48 22 3 2 38 42
split_gain=8.46658 27.1733 37.0466 33.7243 23.9912 36.3032
threshold=-1.0998796224594114 0.37500000000000006 0.0082778725773096102 0.0084479092620313185 0.0076545237097889194 0.071699514985084548
decision_type=2 2 2 2 2 2
left_child=1 2 3 -1 -3 -6
right_child=-2 4 -4 -5 5 -7
leaf_value=-5.4016236515681734e-05 4.8411382493357895e-06 -3.6313258895001414e-05 -0.00046191012838308986 0.00053125094816796811 0.00031399563058473446 2.7305001061928513e-05
leaf_weight=1321 15708 1650 149 52 207 1207
leaf_count=1321 15708 1650 149 52 207 1207
internal_value=-0.000501256 -0.00193313 -0.00738376 -0.00473512 0.000773868 0.00554968
internal_weight=20294 4586 1522 1373 3064 1414
internal_count=20294 4586 1522 1373 3064 1414
is_linear=0
shrinkage=0.05


Tree=493
num_leaves=7
num_cat=0
split_feature=28 49 27 37 50 3
split_gain=7.85376 19.1409 13.4021 21.0441 19.9924 29.6629
threshold=-0.0066891359165310851 -2.3547326326370235 -0.003261824836954474 0.0006439142453018577 0.69139778614044201 0.0050054413732141265
decision_type=2 2 2 2 2 2
left_child=-1 -2 3 -3 5 -4
right_child=1 2 4 -5 -6 -7
leaf_value=2.2256772597237066e-05 -0.00029972937929235982 -1.1782641328108668e-05 -0.00015160093103742906 6.1221348224280644e-05 1.2523529332729564e-05 -2.8809015490022674e-05
leaf_weight=4900 74 3605 521 2506 4086 4560
leaf_count=4900 74 3605 521 2506 4086 4560
internal_value=-0.000418374 -0.000447679 -0.000318982 0.00149199 -0.00152911 -0.00362269
internal_weight=20252 15352 15278 6111 9167 5081
internal_count=20252 15352 15278 6111 9167 5081
is_linear=0
shrinkage=0.05


Tree=494
num_leaves=7
num_cat=0
split_feature=27 2 2 29 20 21
split_gain=9.87001 14.6459 20.6907 12.4414 22.2726 11.4516
threshold=0.075250901281833663 0.012977438513189556 0.0094820247031748312 0.077038589864969267 0.82500001788139354 0.87500000000000011
decision_type=2 2 2 2 2 2
left_child=3 2 -2 -1 -5 -4
right_child=1 -3 5 4 -6 -7
leaf_value=1.4008232832062691e-06 -0.00033014110479980322 -0.00025037490787879204 0.00029788882209410579 -0.00032802366899354647 0.00016438746414056067 -0.00020461241618291047
leaf_weight=19452 59 106 108 63 391 64
leaf_count=19452 59 106 108 63 391 64
internal_value=-0.000388927 -0.00826023 -0.00095339 0.000305108 0.00844227 0.00776836
internal_weight=20243 337 231 19906 454 172
internal_count=20243 337 231 19906 454 172
is_linear=0
shrinkage=0.05


Tree=495
num_leaves=7
num_cat=0
split_feature=10 46 39 36 36 48
split_gain=7.52692 35.7909 32.8368 25.8912 43.6557 34.4253
threshold=0.027945906855165962 0.84966114163398754 -0.044616362079977982 -1.0000000180025095e-35 -0.28780040144920344 -1.0998796224594114
decision_type=2 2 2 2 2 2
left_child=-1 -2 -3 4 -4 -5
right_child=1 2 3 5 -6 -7
leaf_value=-4.3204296486137534e-06 -0.00013258774581885631 -0.00017286901407970168 4.564278363275063e-05 -0.00025220180923901956 0.00031360114091337596 2.535521184520418e-05
leaf_weight=13648 822 389 2408 192 728 1955
leaf_count=13648 822 389 2408 192 728 1955
internal_value=-0.000475257 0.00151946 0.00293729 0.00397598 0.00686883 -0.000243959
internal_weight=20142 6494 5672 5283 3136 2147
internal_count=20142 6494 5672 5283 3136 2147
is_linear=0
shrinkage=0.05


Tree=496
num_leaves=7
num_cat=0
split_feature=35 45 40 21 10 45
split_gain=9.77699 28.4163 57.2165 22.0109 20.0183 30.994
threshold=-0.79759240150451649 0.1282836124300957 0.11157704144716264 0.82500001788139354 -0.10232376307249068 0.092496652156114592
decision_type=2 2 2 2 2 2
left_child=1 2 4 -3 -1 -6
right_child=-2 3 -4 -5 5 -7
leaf_value=-0.00083218813552628473 5.6423023379646203e-06 -0.00023100612930798781 -0.00047727877003551531 0.00029217075224905815 -6.2354861805694265e-05 0.00013378444508622346
leaf_weight=64 17674 81 237 276 1476 599
leaf_count=64 17674 81 237 276 1476 599
internal_value=-0.000415197 -0.00274836 -0.00473541 0.0102901 -0.00211054 -0.00121394
internal_weight=20407 2733 2376 357 2139 2075
internal_count=20407 2733 2376 357 2139 2075
is_linear=0
shrinkage=0.05


Tree=497
num_leaves=7
num_cat=0
split_feature=40 36 26 36 20 1
split_gain=8.30529 19.95 37.1374 35.0586 27.4332 25.9353
threshold=0.088889021426439299 -0.48673067986965174 -0.036659413948655122 -0.8975846767425536 0.27500000596046453 -0.064798016101121889
decision_type=2 2 2 2 2 2
left_child=1 2 -1 -4 -5 -3
right_child=-2 5 3 4 -6 -7
leaf_value=-4.0827706560324213e-05 -2.1320328056657597e-05 -0.00026590139190395425 -3.6614440704234138e-05 0.00029879363342472228 8.5340755757900481e-05 -2.8025412590302303e-06
leaf_weight=1289 5621 265 716 344 2156 9956
leaf_count=1289 5621 265 716 344 2156 9956
internal_value=-0.000455729 0.000493856 0.00326497 0.0061394 0.00893214 -0.00072609
internal_weight=20347 14726 4505 3216 2500 10221
internal_count=20347 14726 4505 3216 2500 10221
is_linear=0
shrinkage=0.05


Tree=498
num_leaves=7
num_cat=0
split_feature=13 0 20 29 20 6
split_gain=11.4313 12.5558 11.9065 11.6852 17.1843 10.6481
threshold=0.043505819514393813 -0.035367207601666444 0.97499999403953563 0.06693540140986444 0.82500001788139354 0.88263106346130382
decision_type=2 2 2 2 2 2
left_child=3 2 -2 -1 -5 -3
right_child=1 5 -4 4 -6 -7
leaf_value=-1.0457415161546348e-06 -0.00035955320411567963 7.2357876256463533e-05 -6.6163884588845914e-06 -0.00015806811180484466 0.00014331714494464961 -8.4037856085801866e-05
leaf_weight=19023 135 107 94 95 428 311
leaf_count=19023 135 107 94 95 428 311
internal_value=-0.000424547 -0.00663344 -0.0159188 9.5903e-05 0.00743371 -0.00135934
internal_weight=20193 647 229 19546 523 418
internal_count=20193 647 229 19546 523 418
is_linear=0
shrinkage=0.05


Tree=499
num_leaves=7
num_cat=0
split_feature=35 24 44 38 33 48
split_gain=10.4459 26.1522 22.3437 18.6656 41.9179 18.921
threshold=0.54790696501731884 0.0563285630196333 0.071828149259090437 -0.015041801147162913 -0.21104579418897626 -0.53047460317611683
decision_type=2 2 2 2 2 2
left_child=-1 3 -3 -2 -5 -6
right_child=1 2 -4 4 5 -7
leaf_value=-5.9850424364673797e-06 -6.7365700247302773e-05 4.6929795195662861e-05 -0.0003856205143907587 0.00033856113647885299 -7.5805927777989549e-05 8.6179043979721709e-05
leaf_weight=18072 316 88 118 235 281 1148
leaf_count=18072 316 88 118 235 281 1148
internal_value=-0.00041825 0.0030922 -0.0136256 0.00487406 0.00699521 0.00371339
internal_weight=20258 2186 206 1980 1664 1429
internal_count=20258 2186 206 1980 1664 1429
is_linear=0
shrinkage=0.05


end of trees

feature_importances:
usd_beta_21d=213
vol_gk_252d=206
usd_beta_63d=185
vol_ratio_63_252=183
usd_factor_63d=135
vol_gk_126d=121
zscore_126d=121
price_to_ma_252d=98
usd_factor_21d=97
mom_skip_recent=87
avg_range_63d=86
ret_42d=86
ret_252d=81
vol_ratio_21_63=80
vol_gk_21d=77
accel_21_63=76
vol_gk_63d=74
accel_63_126=69
rank_vol_63d=68
vol_cc_63d=62
rank_ret_126d=58
rank_vol_21d=58
ret_126d=58
vol_cc_21d=53
sharpe_126d=48
avg_range_21d=41
zscore_63d=41
max_dd_63d=38
price_to_ma_63d=38
sharpe_63d=32
rank_ret_63d=31
channel_pos_126d=30
price_to_ma_21d=26
ret_5d=23
rank_sharpe_63d=22
ret_63d=20
rsi_14d=18
rsi_63d=18
zscore_21d=17
rank_ret_21d=15
rank_sharpe_126d=15
ret_21d=15
bollinger_pctb_21d=13
sharpe_21d=13
usd_factor_1d=13
carry_proxy=10
ret_10d=8
channel_pos_21d=7
rank_sharpe_21d=7
rank_carry_proxy=5
channel_pos_63d=4

parameters:
[boosting: gbdt]
[objective: regression_l1]
[metric: custom]
[tree_learner: serial]
[device_type: cuda]
[data_sample_strategy: bagging]
[data: ]
[valid: ]
[num_iterations: 500]
[learning_rate: 0.05]
[num_leaves: 7]
[num_threads: 0]
[seed: 42]
[deterministic: 0]
[force_col_wise: 0]
[force_row_wise: 1]
[histogram_pool_size: -1]
[max_depth: -1]
[min_data_in_leaf: 50]
[min_sum_hessian_in_leaf: 0.001]
[bagging_fraction: 0.8]
[pos_bagging_fraction: 1]
[neg_bagging_fraction: 1]
[bagging_freq: 1]
[bagging_seed: 400]
[bagging_by_query: 0]
[feature_fraction: 0.7]
[feature_fraction_bynode: 1]
[feature_fraction_seed: 30056]
[extra_trees: 0]
[extra_seed: 12879]
[early_stopping_round: 0]
[early_stopping_min_delta: 0]
[first_metric_only: 0]
[max_delta_step: 0]
[lambda_l1: 0.5]
[lambda_l2: 5]
[linear_lambda: 0]
[min_gain_to_split: 0]
[drop_rate: 0.1]
[max_drop: 50]
[skip_drop: 0.5]
[xgboost_dart_mode: 0]
[uniform_drop: 0]
[drop_seed: 17869]
[top_rate: 0.2]
[other_rate: 0.1]
[min_data_per_group: 100]
[max_cat_threshold: 32]
[cat_l2: 10]
[cat_smooth: 10]
[max_cat_to_onehot: 4]
[top_k: 20]
[monotone_constraints: ]
[monotone_constraints_method: basic]
[monotone_penalty: 0]
[feature_contri: ]
[forcedsplits_filename: ]
[refit_decay_rate: 0.9]
[cegb_tradeoff: 1]
[cegb_penalty_split: 0]
[cegb_penalty_feature_lazy: ]
[cegb_penalty_feature_coupled: ]
[path_smooth: 0]
[interaction_constraints: ]
[verbosity: -1]
[saved_feature_importance_type: 0]
[use_quantized_grad: 0]
[num_grad_quant_bins: 4]
[quant_train_renew_leaf: 0]
[stochastic_rounding: 1]
[linear_tree: 0]
[max_bin: 63]
[max_bin_by_feature: ]
[min_data_in_bin: 3]
[bin_construct_sample_cnt: 200000]
[data_random_seed: 175]
[is_enable_sparse: 1]
[enable_bundle: 1]
[use_missing: 1]
[zero_as_missing: 0]
[feature_pre_filter: 1]
[pre_partition: 0]
[two_round: 0]
[header: 0]
[label_column: ]
[weight_column: ]
[group_column: ]
[ignore_column: ]
[categorical_feature: ]
[forcedbins_filename: ]
[precise_float_parser: 0]
[parser_config_file: ]
[objective_seed: 16083]
[num_class: 1]
[is_unbalance: 0]
[scale_pos_weight: 1]
[sigmoid: 1]
[boost_from_average: 1]
[reg_sqrt: 0]
[alpha: 0.9]
[fair_c: 1]
[poisson_max_delta_step: 0.7]
[tweedie_variance_power: 1.5]
[lambdarank_truncation_level: 30]
[lambdarank_norm: 1]
[label_gain: ]
[lambdarank_position_bias_regularization: 0]
[eval_at: ]
[multi_error_top_k: 1]
[auc_mu_weights: ]
[num_machines: 1]
[local_listen_port: 12400]
[time_out: 120]
[machine_list_filename: ]
[machines: ]
[gpu_platform_id: -1]
[gpu_device_id: -1]
[gpu_device_id_list: ]
[gpu_use_dp: 0]
[num_gpu: 1]

end of parameters

pandas_categorical:null
