tree
version=v4
num_class=1
num_tree_per_iteration=1
label_index=0
max_feature_idx=60
objective=regression_l1
feature_names=accel_21_63 accel_63_126 avg_range_21d avg_range_63d bollinger_pctb_21d carry_proxy channel_pos_126d channel_pos_21d channel_pos_63d max_dd_63d mom_skip_recent price_to_ma_21d price_to_ma_252d price_to_ma_63d rank_carry_proxy rank_ret_126d rank_ret_21d rank_ret_63d rank_sharpe_126d rank_sharpe_21d rank_sharpe_63d rank_vol_21d rank_vol_63d ret_10d ret_126d ret_21d ret_252d ret_42d ret_5d ret_63d rsi_14d rsi_63d sharpe_126d sharpe_21d sharpe_63d usd_beta_21d usd_beta_63d usd_factor_1d usd_factor_21d usd_factor_63d vol_cc_21d vol_cc_63d vol_gk_126d vol_gk_21d vol_gk_252d vol_gk_63d vol_ratio_21_63 vol_ratio_63_252 zscore_126d zscore_21d zscore_63d kalman_trend kalman_slope kalman_slope_zscore kalman_innovation kalman_smoothness hmm_regime_prob_risk_off hmm_regime_transition_5d arima_forecast arima_residual arima_residual_zscore
feature_infos=[-0.15642635524272919:0.19240662455558777] [-0.21014240384101868:0.20013248920440674] [0.0027367954608052969:0.035107351839542389] [0.0033580015879124403:0.021271631121635437] [-1.8278230428695679:1.9245454072952271] [-1.6097584962844849:1.5262172222137451] [0:1] [0:1] [0:1] [-0.20013526082038879:0] [-0.35089993476867676:0.29227554798126221] [-0.1170148178935051:0.10174737125635147] [-0.2430165559053421:0.1636376827955246] [-0.15096960961818695:0.14521500468254089] [0.05000000074505806:1] [0.05000000074505806:1] [0.05000000074505806:1] [0.05000000074505806:1] [0.05000000074505806:1] [0.05000000074505806:1] [0.05000000074505806:1] [0.05000000074505806:1] [0.05000000074505806:1] [-0.17638492584228516:0.12504760921001434] [-0.24452370405197144:0.26885315775871277] [-0.16317884624004364:0.17170728743076324] [-0.32876867055892944:0.27710604667663574] [-0.17565426230430603:0.17195422947406769] [-0.13043367862701416:0.090135879814624786] [-0.18934844434261322:0.19848896563053131] [0.49274894595146179:100] [22.617733001708984:75.832229614257812] [-1.5482608079910278:2.0456390380859375] [-0.91558325290679932:0.95548611879348755] [-1.6097584962844849:1.5262172222137451] [-0.94119071960449219:0.91464847326278687] [-0.96908104419708252:0.95858091115951538] [-0.017557580024003983:0.021198883652687073] [-0.047131851315498352:0.06927645206451416] [-0.085077568888664246:0.087879091501235962] [0.017814457416534424:0.50579714775085449] [0.024848569184541702:0.32032662630081177] [0.03614363819360733:0.22824999690055847] [0.027027038857340813:0.44004997611045837] [0.040937449783086777:0.19065992534160614] [0.034877423197031021:0.28529408574104309] [0.39369603991508484:1.6809812784194946] [0.4725317656993866:1.8213596343994141] [-5.3293304443359375:5.6418161392211914] [-5.8585982322692871:7.0633125305175781] [-5.941831111907959:6.3973064422607422] [-23.131841659545898:13.335888862609863] [-1.7744816541671753:1.3958463668823242] [-4.8000216484069824:3.6881251335144043] [-18.161823272705078:5.036163330078125] [3.8107640743255615:9999998976] [1.5629763108759853e-11:0.81554514169692993] [-0.81554144620895386:0.81554514169692993] [-0.0070835510268807411:0.002796039218083024] [-0.11654944717884064:0.060815848410129547] [-14.926996231079102:11.090849876403809]
tree_sizes=798 804 800 812 803 810 816 800 797 814 799 806 819 814 800 801 805 802 802 800 810 810 809 814 803 804 800 812 811 791 802 810 795 794 797 811 807 803 793 789 812 795 813 791 805 787 816 808 812 807 801 801 801 778 812 808 809 794 820 805 796 805 804 811 801 815 801 787 797 794 808 798 790 789 799 799 786 806 793 807 809 808 799 799 792 789 806 813 810 789 809 809 789 803 807 806 803 799 802 793 794 808 793 798 801 802 811 770 795 789 802 809 796 812 812 785 808 805 803 791 795 813 806 808 811 794 811 788 801 805 812 805 810 803 804 787 786 800 816 805 787 808 788 802 801 807 809 783 789 796 775 807 811 801 812 781 811 797 798 797 804 807 791 791 798 794 794 791 813 809 802 798 803 803 816 792 792 806 789 806 798 799 794 808 799 805 807 804 793 794 790 806 792 806 816 786 781 798 807 806 809 811 782 803 788 801 793 796 803 791 797 803 796 807 810 799 803 793 799 798 805 792 791 796 797 792 802 791 805 813 784 808 805 816 810 810 788 801 797 807 801 809 793 793 810 801 788 786 806 796 804 794 799 793 811 805 780 793 807 793 799 805 789 807 783 794 810 781 802 787 802 796 788 805 802 804 793 809 792 803 793 806 816 819 794 813 785 783 797 809 793 803 804 810 790 809 803 802 805 798 788 805 784 806 791 807 799 804 799 797 797 805 800 806 793 790 789 793 793 811 792 800 790 790 790 803 806 793 804 792 804 800 792 796 792 802 795 799 800 784 787 793 809 810 778 793 795 807 799 805 795 795 798 802 799 813 788 807 792 801 785 792 814 793 810 805 797 807 791 784 811 816 792 805 799 785 787 820 806 794 791 795 794 784 793 790 810 802 794 792 814 801 802 781 786 790 784 789 802 793 780 787 803 783 787 802 797 793 787 788 800 800 791 800 790 799 808 794 796 795 790 807 801 802 799 791 795 798 785 796 785 789 794 800 787 805 797 801 805 787 787 803 806 781 798 798 803 793 786 799 790 789 782 796 786 785 783 786 795 804 785 777 800 796 792 796 786 804 800 794 792 791 799 794 797 794 791 786 807 798 800 797 790 790 804 802 799 803 813 786 792 810 805 790 810 797 814 805 791 793

Tree=0
num_leaves=7
num_cat=0
split_feature=20 47 42 26 22 38
split_gain=153.871 93.4854 82.5466 62.5728 62.6539 58.9032
threshold=0.62500000000000011 1.6064773201942446 0.17539819329977038 -0.050462659448385232 0.82500001788139354 0.010129184927791359
decision_type=2 2 2 2 2 2
left_child=1 5 3 4 -2 -1
right_child=2 -3 -4 -5 -6 -7
leaf_value=-0.00034333678777329622 -6.0311250854283539e-05 0.0010535204899497332 4.510193830356004e-05 -0.00066366302780807018 -0.00092033628607168794 -0.00055673058959655459
leaf_weight=8965 690 175 327 6789 271 2971
leaf_count=8965 690 175 327 6789 271 2971
internal_value=-0.000371226 0.0027808 -0.00612667 -0.00717116 0.00473283 0.00223803
internal_weight=20188 12111 8077 7750 961 11936
internal_count=20188 12111 8077 7750 961 11936
is_linear=0
shrinkage=1


Tree=1
num_leaves=7
num_cat=0
split_feature=14 35 47 12 53 53
split_gain=149.743 99.8584 89.0655 76.1773 74.3236 62.1082
threshold=0.72499999403953563 -0.86303353309631337 1.6064773201942446 0.019697250798344616 0.84308290481567394 -0.1426417529582977
decision_type=2 2 2 2 10 8
left_child=2 -2 4 -3 -1 -5
right_child=1 3 -4 5 -6 -7
leaf_value=8.5959388816263536e-05 0.00082017784763593242 -4.70323720946908e-05 0.0014452630182495343 -0.00016721769934520126 -0.00037940063077257947 -0.00044874955201521519
leaf_weight=13334 199 2922 202 1365 585 1596
leaf_count=13334 199 2922 202 1365 585 1596
internal_value=0.000196704 -0.00632085 0.00305996 -0.00751104 0.0025729 -0.0131575
internal_weight=20203 6082 14121 5883 13919 2961
internal_count=20203 6082 14121 5883 13919 2961
is_linear=0
shrinkage=0.05


Tree=2
num_leaves=7
num_cat=0
split_feature=17 42 38 12 4 41
split_gain=146.645 81.6747 66.5711 113.583 56.0014 60.6278
threshold=0.67499998211860668 0.17539819329977038 0.0072871772572398194 -0.038237622007727616 -0.14133245497941968 0.11914129927754404
decision_type=2 2 2 2 2 2
left_child=2 -2 -1 4 -4 -6
right_child=1 -3 3 -5 5 -7
leaf_value=0.00014704468629497572 -0.00017990231347357621 0.00047865563030791234 0.00052642665350867901 -0.00016805508742982059 0.00043624763972184159 -0.0010534043084917358
leaf_weight=9241 6825 307 891 2691 207 150
leaf_count=9241 6825 307 891 2691 207 150
internal_value=0.000121819 -0.00569917 0.00319871 -0.00223758 0.0101955 -0.00642265
internal_weight=20312 7132 13180 3939 1248 357
internal_count=20312 7132 13180 3939 1248 357
is_linear=0
shrinkage=0.05


Tree=3
num_leaves=7
num_cat=0
split_feature=14 52 12 38 42 42
split_gain=146.224 100.428 108.995 95.932 82.5914 65.1215
threshold=0.72499999403953563 0.00047952412569429731 -0.038237622007727616 0.0045060447882860908 0.17539819329977038 0.09434016048908235
decision_type=2 10 2 2 2 2
left_child=1 2 -1 -4 -2 -3
right_child=4 5 3 -5 -6 -7
leaf_value=0.00041256315100035866 -0.00017773784111668647 8.0288065838249174e-05 0.00013011175078681846 -0.00010470761460528593 0.00056809440930992428 -0.00052649756669343329
leaf_weight=2905 5809 820 6256 3192 259 1104
leaf_count=2905 5809 820 6256 3192 259 1104
internal_value=8.72236e-05 0.00284449 0.00450113 0.00189093 -0.00641775 -0.00776309
internal_weight=20345 14277 12353 9448 6068 1924
internal_count=20345 14277 12353 9448 6068 1924
is_linear=0
shrinkage=0.05


Tree=4
num_leaves=7
num_cat=0
split_feature=31 47 42 38 32 3
split_gain=109.812 93.3338 83.1441 76.5608 90.4595 72.6473
threshold=52.387268066406257 1.6064773201942446 0.17539819329977038 0.0072871772572398194 -0.13990648835897443 0.012575621716678144
decision_type=2 2 2 2 2 2
left_child=1 3 -2 -1 5 -5
right_child=2 -3 -4 4 -6 -7
leaf_value=0.00013281732568410008 -0.00014109797958864874 0.0013142113191932188 0.00045168755066017185 0.00012714535069022532 -0.00026184392414565084 -0.00094485210259375894
leaf_weight=8744 6863 222 287 2274 1613 218
leaf_count=8744 6863 222 287 2274 1613 218
internal_value=9.76466e-05 0.00290035 -0.00480433 0.00233585 -0.00329075 0.00267321
internal_weight=20221 13071 7150 12849 4105 2492
internal_count=20221 13071 7150 12849 4105 2492
is_linear=0
shrinkage=0.05


Tree=5
num_leaves=7
num_cat=0
split_feature=20 35 47 26 52 47
split_gain=128.563 80.0684 69.5093 61.8336 58.6854 86.7156
threshold=0.62500000000000011 -0.86303353309631337 1.6064773201942446 -0.050462659448385232 0.00039747604751028126 0.90645495057106029
decision_type=2 2 2 2 10 2
left_child=2 -2 4 -3 -1 -6
right_child=1 3 -4 -5 5 -7
leaf_value=0.00010746215613302094 0.00073680353704630224 0.00017785238713918352 0.0012804707344244626 -0.00016122012403883536 0.00025104389238146815 -0.00047060217297660443
leaf_weight=10327 231 1028 185 6849 563 1121
leaf_count=10327 231 1028 185 6849 563 1121
internal_value=0.000116943 -0.00485332 0.00326817 -0.00571238 0.00279003 -0.00584665
internal_weight=20304 8108 12196 7877 12011 1684
internal_count=20304 8108 12196 7877 12011 1684
is_linear=0
shrinkage=0.05


Tree=6
num_leaves=7
num_cat=0
split_feature=24 52 41 38 50 41
split_gain=127.826 113.604 104.955 81.2609 82.6395 74.6596
threshold=-0.031339164823293679 -0.0003107876109424978 0.11440856382250787 0.0081184548325836676 0.45908735692501074 0.072510004043579115
decision_type=2 10 2 2 2 2
left_child=1 5 -3 4 -2 -1
right_child=3 2 -4 -5 -6 -7
leaf_value=6.8864165958102305e-05 9.9472237771882802e-05 0.00011666493770205776 -0.00062860248569426022 -0.00018898780926747356 -0.00012742639382768328 0.0005668487192470378
leaf_weight=1025 6226 2006 678 3915 4437 2003
leaf_count=1025 6226 2006 678 3915 4437 2003
internal_value=0.000176152 0.00645006 -0.00103198 -0.00237091 -0.000105456 0.0130811
internal_weight=20290 5712 2684 14578 10663 3028
internal_count=20290 5712 2684 14578 10663 3028
is_linear=0
shrinkage=0.05


Tree=7
num_leaves=7
num_cat=0
split_feature=20 42 47 38 15 3
split_gain=91.1364 89.004 73.7538 58.583 63.8874 55.1018
threshold=0.57500001788139354 0.17539819329977038 1.6064773201942446 0.0081184548325836676 0.47499999403953558 0.014040563255548479
decision_type=2 2 2 2 2 2
left_child=2 5 3 -1 -5 -2
right_child=1 -3 -4 4 -6 -7
leaf_value=0.0001209285826621726 -0.00010825426458714317 0.00050285352292141986 0.0012076971692036153 5.4946257352044134e-05 -0.00025506677627558914 -0.0010166501487731249
leaf_weight=7940 8511 370 175 1941 1158 209
leaf_count=7940 8511 370 175 1941 1158 209
internal_value=9.23236e-05 -0.00391149 0.00282334 0.00230216 -0.00351965 -0.00493696
internal_weight=20304 9090 11214 11039 3099 8720
internal_count=20304 9090 11214 11039 3099 8720
is_linear=0
shrinkage=0.05


Tree=8
num_leaves=7
num_cat=0
split_feature=0 42 44 35 4 3
split_gain=99.9113 93.6359 85.9762 129.851 97.8568 95.8034
threshold=-0.0069870317820459596 0.17539819329977038 0.12984470278024676 -0.48004612326622004 -0.28065714240074152 0.013325378764420749
decision_type=2 2 2 2 2 2
left_child=1 -1 -2 -4 -5 -6
right_child=2 -3 3 4 5 -7
leaf_value=-0.00013200178929876472 3.1792083615584756e-05 0.00058893067447266748 0.0011663239916798027 0.00077037518630439553 0.00036610981367253933 -0.00071808652419914291
leaf_weight=7431 11007 267 413 424 474 250
leaf_count=7431 11007 267 413 424 474 250
internal_value=0.000122096 -0.00444957 0.00278175 0.0137452 0.00500867 -0.00613855
internal_weight=20266 7698 12568 1561 1148 724
internal_count=20266 7698 12568 1561 1148 724
is_linear=0
shrinkage=0.05


Tree=9
num_leaves=7
num_cat=0
split_feature=12 38 52 44 54 51
split_gain=103.613 91.8232 82.9977 88.829 57.3343 52.5386
threshold=-0.031416900455951684 0.005687589058652521 0.0001167973823612556 0.097406584769487395 0.034396754577755935 0.1065950393676758
decision_type=2 2 10 2 8 10
left_child=2 5 -1 -4 -3 -2
right_child=1 4 3 -5 -6 -7
leaf_value=0.00030386462391975428 4.4863559003144623e-05 -9.856520930614214e-06 0.00051244305860384174 -0.00046666777411340362 -0.00026643056963749858 -0.00029342199904496506
leaf_weight=3504 9702 1707 247 823 3143 1108
leaf_count=3504 9702 1707 247 823 3143 1108
internal_value=3.82924e-05 -0.00204756 0.00650251 -0.00565116 -0.00776004 0.000515488
internal_weight=20234 15660 4574 1070 4850 10810
internal_count=20234 15660 4574 1070 4850 10810
is_linear=0
shrinkage=0.05


Tree=10
num_leaves=7
num_cat=0
split_feature=20 53 42 47 48 55
split_gain=96.2718 68.116 58.272 53.7079 53.4712 94.3378
threshold=0.72499999403953563 0.84308290481567394 0.17539819329977038 1.6064773201942446 -1.7036048769950864 165610.52343750003
decision_type=2 10 2 2 2 10
left_child=1 3 -2 4 5 -1
right_child=2 -3 -4 -5 -6 -7
leaf_value=0.00035050867228852544 -0.00013954948011581265 -0.00038053050920691878 0.00051084886384431742 0.0010416933534918764 4.2220247289233326e-05 -0.0004898334857154073
leaf_weight=1217 5845 569 254 199 11937 240
leaf_count=1217 5845 569 254 199 11937 240
internal_value=8.26507e-05 0.00236289 -0.00514826 0.00307582 0.0026849 0.0117134
internal_weight=20261 14162 6099 13593 13394 1457
internal_count=20261 14162 6099 13593 13394 1457
is_linear=0
shrinkage=0.05


Tree=11
num_leaves=7
num_cat=0
split_feature=24 52 47 8 44 39
split_gain=73.394 96.873 109.55 85.7289 70.4341 67.2827
threshold=-0.031339164823293679 -0.0003107876109424978 0.82544592022895824 0.10427509248256685 0.10068056732416154 -0.0041977204382419578
decision_type=2 10 2 2 2 2
left_child=1 -1 -3 -4 -5 -2
right_child=5 2 3 4 -6 -7
leaf_value=0.00029947955319622663 5.1717254200298289e-05 0.00056900101973069459 0.00026345578058747612 -6.0499642485439868e-05 -0.00081123540651899771 -0.00010626534313890143
leaf_weight=2997 6760 339 593 956 768 7806
leaf_count=2997 6760 339 593 956 768 7806
internal_value=2.84316e-05 0.00511223 -0.00183202 -0.00573859 -0.0113794 -0.00159735
internal_weight=20219 5653 2656 2317 1724 14566
internal_count=20219 5653 2656 2317 1724 14566
is_linear=0
shrinkage=0.05


Tree=12
num_leaves=7
num_cat=0
split_feature=12 52 38 50 53 52
split_gain=81.7289 103.498 81.3381 64.3001 65.7943 58.4007
threshold=-0.038237622007727616 0.0001167973823612556 0.0081184548325836676 0.50351747870445263 0.02826098166406155 8.3312163042137413e-05
decision_type=2 10 2 2 10 10
left_child=1 -1 3 -2 5 -5
right_child=2 -3 -4 4 -6 -7
leaf_value=0.00036160601229817571 9.4338247426934752e-05 -0.00023587551523270345 -0.00015256544203753913 2.8039640068729725e-05 -0.00045975642403174659 -0.00042945460419129071
leaf_weight=2676 7645 936 4446 3285 658 525
leaf_count=2676 7645 936 4446 3285 658 525
internal_value=8.30194e-05 0.00696019 -0.00133573 0.000786021 -0.00397384 -0.00143512
internal_weight=20171 3612 16559 12113 4468 3810
internal_count=20171 3612 16559 12113 4468 3810
is_linear=0
shrinkage=0.05


Tree=13
num_leaves=7
num_cat=0
split_feature=24 52 47 39 41 3
split_gain=77.3159 85.1368 106.233 70.1474 69.2219 68.2702
threshold=-0.031339164823293679 -0.0003107876109424978 0.82544592022895824 -0.0041977204382419578 0.072510004043579115 0.012575621716678144
decision_type=2 10 2 2 2 2
left_child=1 4 -3 -2 -1 -5
right_child=3 2 -4 5 -6 -7
leaf_value=1.1595631999939782e-06 4.543119590611363e-05 0.00056131697677242723 -0.00016798437055440079 -9.6323553283295636e-05 0.00046863230485693372 -0.00089632172071688217
leaf_weight=1027 6762 355 2342 7646 1946 227
leaf_count=1027 6762 355 2342 7646 1946 227
internal_value=-3.32349e-05 0.00482379 -0.00160067 -0.00205089 0.0106531 -0.00525831
internal_weight=20305 5670 2697 14635 2973 7873
internal_count=20305 5670 2697 14635 2973 7873
is_linear=0
shrinkage=0.05


Tree=14
num_leaves=7
num_cat=0
split_feature=12 38 56 2 7 47
split_gain=79.6127 82.5003 71.2773 111.845 99.0491 90.3145
threshold=-0.038237622007727616 0.0081184548325836676 8.9452026341696477e-10 0.0068915160372853288 0.35644575953483587 1.029519855976105
decision_type=2 2 10 2 2 2
left_child=2 -2 3 -1 -4 -6
right_child=1 -3 4 -5 5 -7
leaf_value=-0.00029918756210144245 2.865360614763197e-05 -0.00014273408026486777 0.00027790398558874926 0.00063602808920369507 0.00035657660484622031 -0.00068717805150773329
leaf_weight=242 12172 4513 1580 934 381 573
leaf_count=242 12172 4513 1580 934 381 573
internal_value=6.7402e-05 -0.001074 0.00701884 0.0171677 0.00227452 -0.0104015
internal_weight=20395 16685 3710 1176 2534 954
internal_count=20395 16685 3710 1176 2534 954
is_linear=0
shrinkage=0.05


Tree=15
num_leaves=7
num_cat=0
split_feature=6 35 12 21 44 35
split_gain=77.6768 65.1404 58.207 89.1948 48.6374 63.5991
threshold=0.12347365170717241 -0.90040618181228627 0.058622235432267196 0.62500000000000011 0.14650563150644305 -0.52796164155006398
decision_type=2 2 2 2 2 2
left_child=-1 -2 4 -4 -3 -6
right_child=1 2 3 -5 5 -7
leaf_value=0.00018918062192475399 0.00074301276110494484 -3.7205842411937483e-05 -3.7798601575834319e-05 -0.0008164916168505739 0.0007758151272634898 -1.9121893302288244e-06
leaf_weight=3253 299 14939 533 374 376 584
leaf_count=3253 299 14939 533 374 376 584
internal_value=3.31484e-05 -0.00114115 -0.00155702 -0.0138432 -0.000850415 0.0100259
internal_weight=20358 17105 16806 907 15899 960
internal_count=20358 17105 16806 907 15899 960
is_linear=0
shrinkage=0.05


Tree=16
num_leaves=7
num_cat=0
split_feature=24 52 47 8 44 53
split_gain=66.6242 96.8856 97.518 79.3435 57.4621 57.1885
threshold=-0.031339164823293679 -0.0003107876109424978 0.82544592022895824 0.10427509248256685 0.09893005341291429 -0.1426417529582977
decision_type=2 10 2 2 2 8
left_child=1 -1 -3 -4 -5 -2
right_child=5 2 3 4 -6 -7
leaf_value=0.00026499291090440646 7.8524336049037388e-05 0.00051005295060396435 0.00024962194623579821 -7.7597680850871744e-05 -0.00076051142929676227 -8.2450561681052023e-05
leaf_weight=3004 4783 365 580 957 810 9897
leaf_count=3004 4783 365 580 957 810 9897
internal_value=8.57801e-06 0.00468013 -0.00216231 -0.00592049 -0.0111879 -0.00168029
internal_weight=20396 5716 2712 2347 1767 14680
internal_count=20396 5716 2712 2347 1767 14680
is_linear=0
shrinkage=0.05


Tree=17
num_leaves=7
num_cat=0
split_feature=24 29 11 40 35 41
split_gain=74.4172 52.8458 83.0386 54.448 96.8816 52.7932
threshold=0.10988114029169084 -0.078274760395288454 -0.0022771084913983937 0.14785471558570865 -0.65463951230049122 0.064085789024829878
decision_type=2 2 2 2 2 2
left_child=1 2 -1 5 -5 -3
right_child=-2 3 -4 4 -6 -7
leaf_value=0.000793501874815596 -0.00077912485044858738 -5.9311769502248056e-05 -0.0005441619658922344 0.0005753614983473697 -0.00064424297723741095 6.6852276398681764e-05
leaf_weight=507 316 4907 155 107 561 13696
leaf_count=507 316 4907 155 107 561 13696
internal_value=3.8264e-05 0.000668322 0.0145052 0.000188058 -0.0137816 0.000694594
internal_weight=20249 19933 662 19271 668 18603
internal_count=20249 19933 662 19271 668 18603
is_linear=0
shrinkage=0.05


Tree=18
num_leaves=7
num_cat=0
split_feature=20 47 42 39 55 45
split_gain=66.5458 61.3451 46.9834 45.21 48.6443 78.7822
threshold=0.62500000000000011 1.6064773201942446 0.17539819329977038 0.036488799378275878 60119.117187500007 0.10563755780458452
decision_type=2 2 2 2 10 2
left_child=1 3 -2 4 -1 -6
right_child=2 -3 -4 -5 5 -7
leaf_value=1.9246777347120469e-05 -9.8266203356743863e-05 0.0010998175233387045 0.00034885857180529697 -0.00013657263746089668 0.00028591527581526833 -0.00039901014794644962
leaf_weight=7455 7784 191 342 1082 2929 547
leaf_count=7455 7784 191 342 1082 2929 547
internal_value=7.74527e-05 0.00247154 -0.00336674 0.00201573 0.00298327 0.00786412
internal_weight=20330 12204 8126 12013 10931 3476
internal_count=20330 12204 8126 12013 10931 3476
is_linear=0
shrinkage=0.05


Tree=19
num_leaves=7
num_cat=0
split_feature=12 35 47 47 43 44
split_gain=73.129 97.6526 79.1226 55.2376 48.4422 73.5303
threshold=0.023204497992992405 0.49836209416389471 1.6064773201942446 0.66748905181884777 0.052654117345809943 0.071281664073467269
decision_type=2 2 2 2 2 2
left_child=2 -2 3 -1 -5 -6
right_child=1 -3 -4 4 5 -7
leaf_value=0.0006256381583293482 -7.8600719905206912e-05 -0.00053706665596105847 0.00091546638081931378 -0.00012228054498973745 0.00015788620718565669 4.6809484772040891e-06
leaf_weight=435 4092 471 250 1743 1969 11387
leaf_count=435 4092 471 250 1743 1969 11387
internal_value=0 -0.00550022 0.00168313 0.00122756 0.000716698 0.00174201
internal_weight=20347 4563 15784 15534 15099 13356
internal_count=20347 4563 15784 15534 15099 13356
is_linear=0
shrinkage=0.05


Tree=20
num_leaves=7
num_cat=0
split_feature=0 52 47 3 47 12
split_gain=63.9735 61.8605 80.3117 68.2512 65.5635 55.0941
threshold=-0.0057856524363160125 0.00047952412569429731 0.8763282597064973 0.0072436516638845214 0.80409529805183422 0.027227601967751983
decision_type=2 10 2 2 2 2
left_child=-1 3 5 4 -2 -3
right_child=1 2 -4 -5 -6 -7
leaf_value=-7.4353758880371057e-05 -0.00025367547973232849 0.00061478292297540175 -0.00044967494685078192 0.00021330816755824088 3.5918146158934494e-05 -0.00033932448551971775
leaf_weight=8053 818 298 1147 6336 3514 175
leaf_count=8053 818 298 1147 6337 3516 175
internal_value=0.000101986 0.00257667 -0.00650769 0.00396093 -0.000870417 0.0107218
internal_weight=20341 12288 1620 10668 4332 473
internal_count=20341 12290 1620 10670 4334 473
is_linear=0
shrinkage=0.05


Tree=21
num_leaves=7
num_cat=0
split_feature=20 53 10 45 10 55
split_gain=53.4263 71.5905 51.3934 44.7169 57.4584 56.2027
threshold=0.72499999403953563 0.84308290481567394 -0.058495298027992242 0.064734291285276427 0.033176776021718986 60119.117187500007
decision_type=2 10 2 2 2 8
left_child=1 3 -2 4 -1 -5
right_child=2 -3 -4 5 -6 -7
leaf_value=-0.00010852721480549971 0.00022010816534728122 -0.00036783998409995405 -0.00012612473212698032 -4.8153951883414821e-05 0.00028703993780328587 0.00016651389870550313
leaf_weight=2294 758 566 5377 3572 282 7506
leaf_count=2294 758 566 5377 3572 282 7506
internal_value=0.00011665 0.00179789 -0.00378257 0.00252398 -0.00339985 0.00390463
internal_weight=20355 14220 6135 13654 2576 11078
internal_count=20355 14220 6135 13654 2576 11078
is_linear=0
shrinkage=0.05


Tree=22
num_leaves=7
num_cat=0
split_feature=24 35 35 36 22 32
split_gain=52.6607 53.6856 60.8697 102.972 67.372 56.8043
threshold=0.10988114029169084 -0.90040618181228627 -0.82206439971923817 -0.82629123330116261 0.87500000000000011 -0.73936486244201649
decision_type=2 2 2 2 2 2
left_child=1 -1 4 -4 -3 -5
right_child=-2 2 3 5 -6 -7
leaf_value=0.00065696903575960305 -0.00060083517012057038 -0.00044270488575730494 0.00040139386754747423 0.0002891814348882122 0.00048194629479400374 -2.0527020416315975e-05
leaf_weight=275 314 799 923 1484 167 16335
leaf_count=275 314 799 923 1484 167 16335
internal_value=5.78761e-05 0.000491545 0.000181352 0.000814797 -0.0120237 -2.94547e-05
internal_weight=20297 19983 19708 18742 966 17819
internal_count=20297 19983 19708 18742 966 17819
is_linear=0
shrinkage=0.05


Tree=23
num_leaves=7
num_cat=0
split_feature=0 52 41 42 53 53
split_gain=62.0537 62.7303 72.622 93.6492 50.7146 46.7147
threshold=-0.0069870317820459596 0.00047952412569429731 0.064085789024829878 0.078621484339237227 0.84308290481567394 0.038317225873470313
decision_type=2 10 2 2 10 10
left_child=5 2 3 -2 -4 -1
right_child=1 -3 4 -5 -6 -7
leaf_value=-4.1596694943923912e-05 1.96489377486315e-06 -0.00022470927399081375 0.00018725553365187835 -0.00055821613263907621 -0.0004102529034738225 -0.00026976908121531155
leaf_weight=6272 2846 1646 7656 308 165 1390
leaf_count=6271 2847 1646 7656 308 165 1390
internal_value=2.83419e-05 0.00231467 0.00368169 -0.00271447 0.00626438 -0.0033879
internal_weight=20283 12621 10975 3154 7821 7662
internal_count=20283 12622 10976 3155 7821 7661
is_linear=0
shrinkage=0.05


Tree=24
num_leaves=7
num_cat=0
split_feature=48 53 35 24 41 46
split_gain=58.4677 71.1486 60.9016 57.8414 46.8494 52.2878
threshold=-1.7036048769950864 -0.29783892631530756 -0.90040618181228627 0.091868072748184218 0.060415143147110946 0.92402237653732311
decision_type=2 10 2 2 2 2
left_child=1 -1 -2 -4 -3 -6
right_child=2 4 3 -5 5 -7
leaf_value=0.00042373057899310274 0.0006917547101409822 0.00044912450539701104 -6.5218872646608269e-06 -0.00042419859131364533 0.00035202282324105693 -0.0002955643250509451
leaf_weight=828 286 102 17814 545 148 557
leaf_count=828 286 102 17814 545 148 557
internal_value=5.79246e-05 0.00940549 -0.000441019 -0.000801841 -0.00113916 -0.00580986
internal_weight=20280 1635 18645 18359 807 705
internal_count=20280 1635 18645 18359 807 705
is_linear=0
shrinkage=0.05


Tree=25
num_leaves=7
num_cat=0
split_feature=17 47 44 35 12 39
split_gain=59.3216 53.3756 47.5211 46.7229 54.2689 54.364
threshold=0.67499998211860668 1.6064773201942446 0.15963118523359301 -0.86303353309631337 0.019697250798344616 0.023922336287796501
decision_type=2 2 2 2 2 2
left_child=1 -1 3 -2 5 -5
right_child=2 -3 -4 4 -6 -7
leaf_value=3.4114767542067792e-05 0.00056306722930258484 0.00089375439480890808 0.00053643690161284759 -8.8183405264408436e-05 -0.00022301999075754182 0.00036139548694801894
leaf_weight=12979 230 192 286 2925 3148 524
leaf_count=12979 230 192 286 2925 3148 524
internal_value=0.000117059 0.00195241 -0.00371242 -0.00455577 -0.0053355 -0.000991604
internal_weight=20284 13171 7113 6827 6597 3449
internal_count=20284 13171 7113 6827 6597 3449
is_linear=0
shrinkage=0.05


Tree=26
num_leaves=7
num_cat=0
split_feature=12 35 43 3 53 39
split_gain=54.6842 75.1728 47.7053 43.7856 51.3466 45.2101
threshold=0.052963843569159515 0.23749589174985888 0.052654117345809943 0.0070511570665985355 -0.31592737138271326 -0.034461123868823045
decision_type=2 2 2 2 10 2
left_child=2 3 -1 -2 5 -5
right_child=1 -3 -4 4 -6 -7
leaf_value=-0.00010935913564872115 0.00031431002796015241 -0.00069687886548858125 3.9125425898960192e-05 -0.00047287572298370588 -0.00052116458357561357 0.0004593911353546419
leaf_weight=1968 135 375 16996 142 354 284
leaf_count=1968 135 375 16996 142 354 284
internal_value=6.78711e-05 -0.00978764 0.00083162 -0.0019837 -0.00659236 0.0050464
internal_weight=20254 1290 18964 915 780 426
internal_count=20254 1290 18964 915 780 426
is_linear=0
shrinkage=0.05


Tree=27
num_leaves=7
num_cat=0
split_feature=27 39 52 35 24 44
split_gain=57.6415 55.1379 49.8313 44.1217 42.6504 40.2579
threshold=-0.018775256350636479 0.051378060132265098 -0.00020932005281792951 -0.90040618181228627 0.10988114029169084 0.14650563150644305
decision_type=2 2 8 2 2 2
left_child=-1 3 -3 -2 5 -5
right_child=1 2 -4 4 -6 -7
leaf_value=0.00011540337668164399 0.00068553121432928215 0.00062820311028532637 -0.00054285887188388466 -3.7175437339601703e-05 -0.00060958488896767306 0.00036822585065030428
leaf_weight=5638 218 62 357 13125 215 699
leaf_count=5638 218 62 357 13126 215 699
internal_value=7.25922e-05 -0.00162625 -0.0193986 -0.00109557 -0.00144724 -0.00109733
internal_weight=20314 14676 419 14257 14039 13824
internal_count=20314 14677 419 14258 14040 13825
is_linear=0
shrinkage=0.05


Tree=28
num_leaves=7
num_cat=0
split_feature=12 38 51 36 27 39
split_gain=49.476 59.5346 50.1835 51.276 47.4396 47.7166
threshold=-0.031416900455951684 0.0051006535068154344 -0.038356900215148919 -0.430197924375534 -0.035871740430593484 0.033025983721017844
decision_type=2 2 10 2 2 2
left_child=-1 -2 4 -4 -3 -6
right_child=1 2 3 -5 5 -7
leaf_value=0.00011758490166492609 1.3232744749371966e-05 0.00020575032482534714 0.00047975130622683468 -4.6793949501029963e-05 -0.00020071712887147257 -0.0005884900202032514
leaf_weight=4647 10501 284 217 1784 2406 444
leaf_count=4647 10501 284 217 1784 2406 444
internal_value=2.83419e-05 -0.00135381 -0.00576362 0.000411266 -0.00970851 -0.011655
internal_weight=20283 15636 5135 2001 3134 2850
internal_count=20283 15636 5135 2001 3134 2850
is_linear=0
shrinkage=0.05


Tree=29
num_leaves=7
num_cat=0
split_feature=6 50 47 36 5 24
split_gain=45.0175 46.7493 38.1955 46.2532 66.1357 40.9185
threshold=0.9177762269973756 0.17775964736938479 0.69518154859542858 0.057181742042303092 -0.27558857202529902 -0.029233613051474091
decision_type=2 2 2 2 2 2
left_child=2 -2 3 -1 -5 -6
right_child=1 -3 -4 4 5 -7
leaf_value=0.00080688567010068091 0.00044855857612942747 -0.00022745272211433312 7.4782792052830241e-06 0.00083919093403656561 0.0003731724152939834 -0.00050615664635942801
leaf_weight=294 163 1761 17416 206 69 296
leaf_count=294 163 1761 17416 206 69 296
internal_value=-3.71103e-06 -0.00719285 0.000838073 0.0110632 0.00264757 -0.0100676
internal_weight=20205 1924 18281 865 571 365
internal_count=20205 1924 18281 865 571 365
is_linear=0
shrinkage=0.05


Tree=30
num_leaves=7
num_cat=0
split_feature=0 44 35 6 3 52
split_gain=42.1608 53.6923 54.3773 53.9491 61.2467 46.5132
threshold=-0.0069870317820459596 0.13314176350831988 -0.48004612326622004 0.079320263117551817 0.013325378764420749 0.00047952412569429731
decision_type=2 2 2 2 2 10
left_child=-1 5 -3 -4 -5 -2
right_child=1 2 3 4 -6 -7
leaf_value=-5.6837868605077551e-05 4.8717334889726188e-05 0.0010005418196218985 0.0010523089089456092 0.00051462931255149039 -0.00046392258253575371 -0.00022805884837443061
leaf_weight=7729 9894 307 167 555 308 1364
leaf_count=7729 9896 307 167 555 308 1364
internal_value=4.3042e-05 0.0021131 0.0115686 0.00596618 0.000835253 0.000983308
internal_weight=20324 12595 1337 1030 863 11258
internal_count=20324 12597 1337 1030 863 11260
is_linear=0
shrinkage=0.05


Tree=31
num_leaves=7
num_cat=0
split_feature=12 38 18 56 47 7
split_gain=53.7702 52.4742 52.9796 52.2478 88.1532 90.6201
threshold=-0.038237622007727616 0.012976306490600111 0.17500000447034839 4.3344925426680456e-09 0.85183560848236095 0.47862277925014501
decision_type=2 2 2 10 2 2
left_child=3 -2 -3 -1 -5 -6
right_child=1 2 -4 4 5 -7
leaf_value=0.00035382750614986608 1.3615016975876101e-05 0.00033467836724012788 -0.00019025458363890831 0.00092108313103048687 9.3948093729283384e-05 -0.00068713257018746844
leaf_weight=1470 13478 240 2956 287 1309 522
leaf_count=1470 13478 240 2956 287 1309 522
internal_value=3.33054e-05 -0.000765933 -0.0065214 0.0059769 0.000930287 -0.00311819
internal_weight=20262 16674 3196 3588 2118 1831
internal_count=20262 16674 3196 3588 2118 1831
is_linear=0
shrinkage=0.05


Tree=32
num_leaves=7
num_cat=0
split_feature=12 35 35 22 51 47
split_gain=48.6116 49.9446 49.0118 74.3949 59.1247 50.0125
threshold=0.075403723865747466 -0.90040618181228627 -0.82206439971923817 0.87500000000000011 -0.04466650448739528 0.85857784748077404
decision_type=2 2 2 2 8 2
left_child=1 -1 3 5 -5 -3
right_child=-2 2 -4 4 -6 -7
leaf_value=0.00056011088940092872 -0.00043586927719707749 0.00055048803158499625 1.7803669619924748e-05 -0.00037042561295653527 0.00096436802803660327 -0.00045838168998913007
leaf_weight=308 322 137 18622 54 121 668
leaf_count=308 322 137 18622 54 121 668
internal_value=3.70608e-06 0.000551092 0.000233335 -0.0106345 0.0184722 -0.0170679
internal_weight=20232 19910 19602 980 175 805
internal_count=20232 19910 19602 980 175 805
is_linear=0
shrinkage=0.05


Tree=33
num_leaves=7
num_cat=0
split_feature=53 48 55 55 20 47
split_gain=44.9794 65.1743 67.3936 59.3194 58.2753 54.3666
threshold=0.11650465801358224 -1.8249749541282652 138599.82031250003 315818.09375000006 0.12500000372529033 0.84530934691429149
decision_type=10 2 10 8 2 2
left_child=1 2 -1 4 -2 -6
right_child=3 -3 -4 -5 5 -7
leaf_value=0.00033442557295309606 0.00049400770467072745 9.865301049720715e-06 -0.00042053367556907991 -0.00080719790037406172 0.0001044747900229133 -0.0002502866154878051
leaf_weight=904 281 16062 182 173 707 2009
leaf_count=904 281 16062 182 173 707 2009
internal_value=1.8452e-05 0.0012578 0.0130843 -0.00522047 -0.00353931 -0.0057975
internal_weight=20318 17148 1086 3170 2997 2716
internal_count=20318 17148 1086 3170 2997 2716
is_linear=0
shrinkage=0.05


Tree=34
num_leaves=7
num_cat=0
split_feature=24 47 47 22 7 0
split_gain=46.3763 46.8211 53.0139 49.0556 37.386 50.8597
threshold=0.10988114029169084 0.66748905181884777 0.61010545492172252 0.57500001788139354 0.35644575953483587 0.036936875432729728
decision_type=2 2 2 2 2 2
left_child=1 2 3 -1 5 -3
right_child=-2 4 -4 -5 -6 -7
leaf_value=-0.00061774719554682383 -0.00053537377276098098 2.3653926808901782e-05 0.00091879645361658607 0.0004396285172225621 -4.3290312625208138e-05 0.00041121397686533527
leaf_weight=109 322 7125 286 176 11404 822
leaf_count=109 322 7125 286 176 11404 822
internal_value=2.83965e-05 0.000405229 0.0144531 -0.000775862 -1.16243e-05 0.00261884
internal_weight=20244 19922 571 285 19351 7947
internal_count=20244 19922 571 285 19351 7947
is_linear=0
shrinkage=0.05


Tree=35
num_leaves=7
num_cat=0
split_feature=48 53 52 36 39 24
split_gain=40.4106 67.7181 45.2039 42.1555 36.8897 54.7488
threshold=-1.8249749541282652 -0.35950812697410578 0.00047952412569429731 -0.59076058864593495 -0.0021768359001725908 -0.0077813544776290646
decision_type=2 10 8 2 2 2
left_child=1 -1 3 -3 -2 -6
right_child=4 2 -4 -5 5 -7
leaf_value=0.00050748875371291473 4.1849924395187409e-05 -0.00023056783904551407 -0.00098558459506057033 0.00031046667254407996 3.8619096759323539e-05 -0.00012971279586765792
leaf_weight=547 9102 273 119 395 4794 5108
leaf_count=547 9102 273 119 395 4794 5108
internal_value=5.28437e-05 0.00871919 -0.000662879 0.00442051 -0.000266979 -0.00237963
internal_weight=20338 1334 787 668 19004 9902
internal_count=20338 1334 787 668 19004 9902
is_linear=0
shrinkage=0.05


Tree=36
num_leaves=7
num_cat=0
split_feature=21 44 35 35 9 3
split_gain=35.3584 91.2632 135.016 93.1941 82.1472 80.7598
threshold=0.47499999403953558 0.095302712172269835 -0.52796164155006398 -0.52796164155006398 -0.01879924442619085 0.012575621716678144
decision_type=2 2 2 2 2 2
left_child=-1 3 4 -2 -3 -4
right_child=1 2 5 -5 -6 -7
leaf_value=4.8233988612648238e-05 -0.0003916439544319264 0.00063886988363054517 5.0352411303456675e-05 -5.005511160862485e-05 3.4190694127065596e-05 -0.00050219897682744286
leaf_weight=9152 1559 1037 3426 3344 645 1062
leaf_count=9152 1559 1037 3426 3344 645 1062
internal_value=2.84231e-05 -0.00153683 0.00250607 -0.00662694 0.0145673 -0.00201981
internal_weight=20225 11073 6170 4903 1682 4488
internal_count=20225 11073 6170 4903 1682 4488
is_linear=0
shrinkage=0.05


Tree=37
num_leaves=7
num_cat=0
split_feature=20 45 12 44 39 44
split_gain=51.6023 40.0625 41.3098 60.2725 47.5525 43.349
threshold=0.72499999403953563 0.051528058946132667 0.019697250798344616 0.050801219418644912 0.036488799378275878 0.074579134583473219
decision_type=2 2 2 2 2 2
left_child=-1 -2 4 -4 -3 -5
right_child=1 2 3 5 -6 -7
leaf_value=4.5643476536459432e-05 -0.00024827941428221564 4.1719854647603186e-06 0.00044021653193271099 -0.00032313131618307657 0.00051792261380429947 -0.00010649307706661006
leaf_weight=14207 362 2477 57 520 197 2494
leaf_count=14207 362 2477 57 520 197 2494
internal_value=0.000107043 -0.00352176 -0.0024913 -0.00644506 0.00204367 -0.00744452
internal_weight=20314 6107 5745 3071 2674 3014
internal_count=20314 6107 5745 3071 2674 3014
is_linear=0
shrinkage=0.05


Tree=38
num_leaves=7
num_cat=0
split_feature=15 39 41 55 44 44
split_gain=40.8631 42.815 39.8223 54.5217 39.6225 36.9741
threshold=0.97499999403953563 0.0076417126692831525 0.091424629092216506 60119.117187500007 0.070160798728466048 0.13314176350831988
decision_type=2 2 2 8 2 2
left_child=5 2 3 -2 -3 -1
right_child=1 4 -4 -5 -6 -7
leaf_value=-3.51338781630474e-06 0.00032245259934530145 0.00021447769923750278 0.00046765001798878479 -0.00049345796033920441 -0.00077172841370247132 0.00026288741799378298
leaf_weight=17173 109 70 263 290 310 2149
leaf_count=17173 109 70 263 290 310 2149
internal_value=2.33198e-05 -0.00952722 -0.00176162 -0.0116955 -0.0227922 0.000614425
internal_weight=20364 1042 662 399 380 19322
internal_count=20364 1042 662 399 380 19322
is_linear=0
shrinkage=0.05


Tree=39
num_leaves=7
num_cat=0
split_feature=24 44 35 31 31 41
split_gain=44.491 38.7976 133.34 75.0068 56.5533 51.5667
threshold=0.10988114029169084 0.12984470278024676 -0.48004612326622004 40.35387039184571 52.059478759765632 0.11914129927754404
decision_type=2 2 2 2 2 2
left_child=1 -1 4 -4 -3 -5
right_child=-2 2 3 5 -6 -7
leaf_value=-1.2785669211194955e-05 -0.00054991539786417986 0.0011084453473967936 0.00070749964929469147 9.0593520852712988e-05 0.00029656256447447622 -0.00044673807821440215
leaf_weight=17402 327 347 175 875 398 662
leaf_count=17402 327 347 175 875 398 662
internal_value=-2.8478e-05 0.000308347 0.006184 -0.00149971 0.0237667 -0.00507458
internal_weight=20186 19859 2457 1712 745 1537
internal_count=20186 19859 2457 1712 745 1537
is_linear=0
shrinkage=0.05


Tree=40
num_leaves=7
num_cat=0
split_feature=12 45 36 38 52 36
split_gain=39.5652 46.9627 60.3416 48.3646 44.5804 54.0751
threshold=-0.038237622007727616 0.16615720093250277 -0.80140164494514454 0.0045060447882860908 -0.00011946979793719946 0.73668375611305248
decision_type=2 2 2 2 10 2
left_child=4 3 -3 -2 -1 -6
right_child=1 2 -4 -5 5 -7
leaf_value=0.00025587269296444085 3.8942972698580787e-05 0.00042336403068395263 -0.00076512975591391851 -8.5733984344137939e-05 -0.00013902455022620682 0.00080051312709538954
leaf_weight=2297 10624 65 249 5756 1290 56
leaf_count=2297 10624 65 249 5756 1290 56
internal_value=7.7426e-05 -0.000669202 -0.0196708 -0.000297528 0.00507813 -0.00212805
internal_weight=20337 16694 314 16380 3643 1346
internal_count=20337 16694 314 16380 3643 1346
is_linear=0
shrinkage=0.05


Tree=41
num_leaves=7
num_cat=0
split_feature=24 47 47 42 53 55
split_gain=39.3338 34.6093 65.2892 33.6272 31.562 45.2259
threshold=0.10988114029169084 0.66748905181884777 0.61010545492172252 0.11537772044539453 0.11650465801358224 315818.09375000006
decision_type=2 2 2 2 10 8
left_child=1 2 -1 -2 -3 -6
right_child=3 4 -4 -5 5 -7
leaf_value=-0.00013559515738267194 0.00015255898141135069 2.5550962644395428e-05 0.00084601862455490565 -0.00074070646700042471 -7.2791030562493198e-05 -0.00076236730293173136
leaf_weight=288 91 16329 296 213 2853 162
leaf_count=288 91 16329 296 213 2853 162
internal_value=1.3589e-05 0.000580695 0.0125212 -0.0173948 0.000215773 -0.00447848
internal_weight=20232 19928 584 304 19344 3015
internal_count=20232 19928 584 304 19344 3015
is_linear=0
shrinkage=0.05


Tree=42
num_leaves=7
num_cat=0
split_feature=24 38 52 38 51 52
split_gain=36.4394 31.2158 62.9066 35.0553 57.202 52.7981
threshold=0.10988114029169084 -0.029645365662872788 0.00047952412569429731 0.016719738952815536 -0.038356900215148919 -0.00020932005281792951
decision_type=2 2 10 2 8 8
left_child=1 2 -1 -3 -5 -6
right_child=-2 3 -4 4 5 -7
leaf_value=-6.9489438502878687e-05 -0.00039656670653652319 4.4599265716210731e-05 -0.0012776716294821647 -0.00035122209013889618 0.0006403803693391327 -4.179294946417343e-05
leaf_weight=879 328 16206 132 932 243 1602
leaf_count=879 328 16206 132 932 243 1602
internal_value=3.32071e-05 0.000833792 -0.00770177 0.00129161 -0.00389109 0.0012027
internal_weight=20322 19994 1011 18983 2777 1845
internal_count=20322 19994 1011 18983 2777 1845
is_linear=0
shrinkage=0.05


Tree=43
num_leaves=7
num_cat=0
split_feature=24 44 35 41 32 44
split_gain=40.0563 46.7673 95.4056 57.1908 54.602 56.1406
threshold=0.10988114029169084 0.13314176350831988 -0.48004612326622004 0.11440856382250787 0.29420326650142675 0.15963118523359301
decision_type=2 2 2 2 2 2
left_child=1 -1 -3 4 -4 -6
right_child=-2 2 3 -5 5 -7
leaf_value=-1.5711517305172725e-07 -0.00047722296775441178 0.0005797631066354217 0.00078046405227293362 -0.00026339889066809036 -0.00064326673088520683 0.00067622865095960118
leaf_weight=17737 325 606 511 724 194 82
leaf_count=17737 325 606 511 724 194 82
internal_value=-2.84879e-05 0.000819528 0.00783459 0.0010719 0.0103851 -0.00738434
internal_weight=20179 19854 2117 1511 787 276
internal_count=20179 19854 2117 1511 787 276
is_linear=0
shrinkage=0.05


Tree=44
num_leaves=7
num_cat=0
split_feature=53 12 36 35 35 53
split_gain=36.7192 67.6572 60.8163 67.9236 63.6356 51.7746
threshold=-0.1426417529582977 0.027227601967751983 0.5808720886707307 0.23749589174985888 -0.2801805287599563 0.059507699683308608
decision_type=10 2 2 2 2 10
left_child=-1 2 3 4 -2 -4
right_child=1 -3 5 -5 -6 -7
leaf_value=3.08741478190781e-05 -0.00019859698017917827 -0.00034337162227374406 0.0005384140595608109 -0.00072182384712486398 0.00015136951137261997 8.3150592534132181e-05
leaf_weight=14474 1822 1066 272 390 1268 925
leaf_count=14474 1822 1066 272 390 1268 925
internal_value=7.78855e-05 -0.00320546 -0.000603375 -0.00395265 -0.00144588 0.00908902
internal_weight=20217 5743 4677 3480 3090 1197
internal_count=20217 5743 4677 3480 3090 1197
is_linear=0
shrinkage=0.05


Tree=45
num_leaves=7
num_cat=0
split_feature=48 51 46 41 21 35
split_gain=39.5751 69.8758 40.749 39.2066 41.8244 37.749
threshold=-1.7036048769950864 0.019795106723904613 0.86449983716011058 0.060415143147110946 0.52500000596046459 -0.90040618181228627
decision_type=2 8 2 2 2 2
left_child=1 2 -1 -4 -5 -2
right_child=5 -3 3 4 -6 -7
leaf_value=0.00044124292364332394 0.00047812546838635166 0.00039758337166157339 0.00030322481856134446 -0.00052716821639112036 -3.18024177208133e-05 -1.5146400803034466e-05
leaf_weight=122 291 581 116 205 609 18418
leaf_count=122 291 581 116 205 609 18418
internal_value=-8.60078e-06 0.00770757 0 -0.00360963 -0.00753968 -0.000396762
internal_weight=20342 1633 1052 930 814 18709
internal_count=20342 1633 1052 930 814 18709
is_linear=0
shrinkage=0.05


Tree=46
num_leaves=7
num_cat=0
split_feature=0 52 41 42 51 47
split_gain=51.765 53.4438 59.9643 84.8339 60.5864 54.2926
threshold=-0.0069870317820459596 0.00047952412569429731 0.064085789024829878 0.076367203146219267 -0.033048063516616814 0.90645495057106029
decision_type=2 10 2 2 10 2
left_child=-1 2 3 4 -2 -3
right_child=1 5 -4 -5 -6 -7
leaf_value=-6.1711842243341022e-05 -3.5774696228333639e-05 0.00020868095393577706 0.00015114854541279445 -0.00046312387369675922 0.00036175630128796763 -0.00035965503504065149
leaf_weight=7692 2373 568 7918 407 406 1080
leaf_count=7692 2373 568 7918 407 406 1080
internal_value=1.83383e-05 0.00234969 0.00359843 -0.00218584 0.000942888 -0.00603448
internal_weight=20444 12752 11104 3186 2779 1648
internal_count=20444 12752 11104 3186 2779 1648
is_linear=0
shrinkage=0.05


Tree=47
num_leaves=7
num_cat=0
split_feature=48 53 52 38 51 35
split_gain=37.117 73.6918 54.2906 42.5095 65.1558 57.1597
threshold=-1.7036048769950864 -0.42599239945411677 0.00047952412569429731 0.0072871772572398194 -0.038356900215148919 -0.61661890149116505
decision_type=2 10 8 2 10 2
left_child=1 -1 -3 -2 -5 -6
right_child=3 2 -4 4 5 -7
leaf_value=0.00040550780475865912 3.1578423000427838e-05 7.0834715495936824e-05 -0.00091659052903887706 -0.00017809196255586635 0.001091801391400392 2.7847086621985927e-05
leaf_weight=699 13221 817 151 3279 110 2034
leaf_count=699 13221 817 151 3279 110 2034
internal_value=8.6139e-06 0.00761065 -0.00131038 -0.000164888 -0.00389186 0.00287343
internal_weight=20311 1667 968 18644 5423 2144
internal_count=20311 1667 968 18644 5423 2144
is_linear=0
shrinkage=0.05


Tree=48
num_leaves=7
num_cat=0
split_feature=51 53 38 48 36 52
split_gain=39.4325 70.6962 69.3453 64.0056 64.2623 61.6342
threshold=-0.038356900215148919 0.59921711683273327 0.016719738952815536 -1.2789391279220579 0.4777460396289826 8.6531454144278555e-05
decision_type=8 10 2 2 2 8
left_child=1 2 -1 4 -2 -5
right_child=3 -3 -4 5 -6 -7
leaf_value=4.6406215928800796e-05 0.00035972995700558885 -0.00035631241488303116 -0.00038322710574221542 0.00015833184869238774 -6.032283770687969e-05 -3.2433382947313955e-05
leaf_weight=3995 1280 783 853 3012 548 9903
leaf_count=3995 1280 783 853 3012 548 9903
internal_value=-1.34943e-05 -0.00314496 -0.000880898 0.00177143 0.0105155 0.000528251
internal_weight=20374 5631 4848 14743 1828 12915
internal_count=20374 5631 4848 14743 1828 12915
is_linear=0
shrinkage=0.05


Tree=49
num_leaves=7
num_cat=0
split_feature=6 5 53 39 55 44
split_gain=37.6949 34.201 33.1043 35.8034 79.5717 55.659
threshold=0.93610569834709179 0.25818097591400152 0.84308290481567394 -0.027173096314072605 520.22256469726574 0.14650563150644305
decision_type=2 2 10 2 8 2
left_child=2 -2 3 4 -1 -5
right_child=1 -3 -4 5 -6 -7
leaf_value=-0.00034144906979271373 0.00026139799509941819 -0.00021851281914831344 -0.00022151627733619828 -1.6682778950399063e-05 0.00018745707598918394 0.00047722706982961246
leaf_weight=581 174 1421 712 13847 2750 905
leaf_count=581 174 1421 712 13847 2750 905
internal_value=-3.67737e-06 -0.00732813 0.000666223 0.00108497 0.00576289 2.54117e-05
internal_weight=20390 1595 18795 18083 3331 14752
internal_count=20390 1595 18795 18083 3331 14752
is_linear=0
shrinkage=0.05


Tree=50
num_leaves=7
num_cat=0
split_feature=41 53 22 47 24 0
split_gain=31.8477 55.5547 39.8649 52.2747 44.9345 37.7791
threshold=0.041487954556941993 -0.31592737138271326 0.075000001117587103 1.029519855976105 0.0057056124787777671 -0.0069870317820459596
decision_type=2 10 2 2 2 2
left_child=1 -1 3 4 -2 -4
right_child=2 -3 5 -5 -6 -7
leaf_value=-0.00018837998947786734 0.00017252152164705479 0.00046044125424564365 -5.9391958751167034e-05 0.00033485297224691938 -0.0002258422308987292 4.7275172845333448e-05
leaf_weight=545 216 103 7202 222 136 11758
leaf_count=545 216 103 7202 222 136 11758
internal_value=-4.33447e-05 -0.0103752 0.000848303 0.0137737 0.00161064 0.000452149
internal_weight=20182 648 19534 574 352 18960
internal_count=20182 648 19534 574 352 18960
is_linear=0
shrinkage=0.05


Tree=51
num_leaves=7
num_cat=0
split_feature=12 35 51 45 47 36
split_gain=31.6988 66.3145 44.1163 45.3656 38.4239 36.7281
threshold=0.023204497992992405 0.49836209416389471 -0.53982108831405629 0.16615720093250277 1.6064773201942446 -0.85650113224983204
decision_type=2 2 8 2 2 2
left_child=4 2 -2 5 -1 -4
right_child=1 -3 3 -5 -6 -7
leaf_value=2.7392089304607008e-05 -0.00076631760139411352 -0.0003979963141399968 0.00030849366114119947 -0.0010284928070214872 0.00067587960548772343 -4.1059709047500585e-05
leaf_weight=15527 78 461 600 71 252 3381
leaf_count=15527 78 461 600 71 252 3381
internal_value=9.20245e-05 -0.00298629 -0.000961306 -0.000215677 0.00173118 0.000508028
internal_weight=20370 4591 4130 4052 15779 3981
internal_count=20370 4591 4130 4052 15779 3981
is_linear=0
shrinkage=0.05


Tree=52
num_leaves=7
num_cat=0
split_feature=44 41 17 55 53 52
split_gain=34.1067 73.7427 38.5672 42.9268 93.1671 82.7837
threshold=0.15963118523359301 0.12413583323359491 0.62500000000000011 60119.117187500007 -0.34939660131931299 8.9818531705532237e-05
decision_type=2 2 2 8 8 10
left_child=2 -2 3 -1 -5 -6
right_child=1 -3 -4 4 5 -7
leaf_value=-9.8478480388017588e-05 0.00082983073834082862 -0.0001510027429727392 -6.3012848487966545e-05 0.00044038906833592591 6.3777723493941036e-05 -0.00042414445797267958
leaf_weight=3196 301 336 7783 959 7113 627
leaf_count=3196 301 336 7783 959 7113 627
internal_value=6.76673e-05 0.0117212 8.89092e-06 0.00180042 0.0036219 0.00179148
internal_weight=20315 637 19678 11895 8699 7740
internal_count=20315 637 19678 11895 8699 7740
is_linear=0
shrinkage=0.05


Tree=53
num_leaves=7
num_cat=0
split_feature=12 36 44 42 53 44
split_gain=33.6623 64.075 33.9869 31.7163 32.0915 32.5545
threshold=0.058622235432267196 0.11150664463639261 0.15963118523359301 0.13212671875953677 -0.20511811226606366 0.081167154014110579
decision_type=2 2 2 2 10 2
left_child=-1 3 -3 4 -2 -6
right_child=1 2 -4 -5 5 -7
leaf_value=2.284691277351709e-05 0.00042612165203377209 -0.00069218831115185292 0.00026582179585692839 -0.00066327769950475695 0.00022918290659154042 -0.00060718032692243414
leaf_weight=19258 355 309 60 87 55 96
leaf_count=19258 355 309 60 87 55 96
internal_value=2.34858e-05 -0.00845398 -0.0246658 0.00171405 0.0066047 -0.0123397
internal_weight=20220 962 369 593 506 151
internal_count=20220 962 369 593 506 151
is_linear=0
shrinkage=0.05


Tree=54
num_leaves=7
num_cat=0
split_feature=7 29 39 29 58 51
split_gain=32.0215 55.2121 42.9605 38.5103 51.6095 36.9811
threshold=0.47862277925014501 -0.078274760395288454 0.05777429603040219 -0.047747097909450524 -0.00045821904495824123 -0.038356900215148919
decision_type=2 2 2 2 10 10
left_child=1 -1 3 4 -2 -3
right_child=2 5 -4 -5 -6 -7
leaf_value=0.00057249795858898623 0.000198176351123158 -9.2980702709483803e-06 -0.00058740266678346188 -1.2459204272823565e-05 -0.00066520395693088388 0.00013518654355228218
leaf_weight=508 182 7062 165 9559 317 2448
leaf_count=508 182 7062 165 9559 317 2448
internal_value=-8.64368e-06 0.00229223 -0.0016841 -0.00125956 -0.0147321 0.00142669
internal_weight=20241 10018 10223 10058 499 9510
internal_count=20241 10018 10223 10058 499 9510
is_linear=0
shrinkage=0.05


Tree=55
num_leaves=7
num_cat=0
split_feature=38 51 41 22 47 55
split_gain=36.2908 66.9423 35.1071 68.509 66.8439 67.4227
threshold=-0.029645365662872788 0.12749962508678439 0.064085789024829878 0.57500001788139354 0.88781979680061351 60119.117187500007
decision_type=2 10 2 2 2 8
left_child=1 -1 3 -2 -4 -6
right_child=2 -3 4 -5 5 -7
leaf_value=-8.1118470871490919e-05 -2.2313643071660526e-05 -0.0010725040417393782 0.00018617655253721176 -0.001076304469322028 -0.00017461914658254514 5.2046353609472984e-05
leaf_weight=882 4514 153 4789 227 2966 6663
leaf_count=882 4514 153 4789 227 2966 6663
internal_value=6.80727e-05 -0.00877404 0.000815331 -0.00291298 0.00204361 -0.000355512
internal_weight=20194 1035 19159 4741 14418 9629
internal_count=20194 1035 19159 4741 14418 9629
is_linear=0
shrinkage=0.05


Tree=56
num_leaves=7
num_cat=0
split_feature=27 2 51 50 45 35
split_gain=29.579 34.9649 35.9531 58.7025 63.9942 56.492
threshold=-0.017402019351720806 0.019338349811732772 -0.038356900215148919 0.7958606779575349 0.068117152899503722 -0.74454957246780384
decision_type=2 2 8 2 2 2
left_child=-1 2 3 -2 -5 -4
right_child=1 -3 5 4 -6 -7
leaf_value=7.9860886535501637e-05 -0.0001995582575236929 -0.0014275708439027573 0.00031452191949639418 0.00073469720055573855 -3.2065586211615409e-05 -8.7908477506773752e-06
leaf_weight=5903 2325 65 1082 159 454 10267
leaf_count=5903 2325 65 1082 159 454 10267
internal_value=4.31885e-05 -0.000813192 -0.000638469 -0.00556405 0.00813107 0.00063634
internal_weight=20255 14352 14287 2938 613 11349
internal_count=20255 14352 14287 2938 613 11349
is_linear=0
shrinkage=0.05


Tree=57
num_leaves=7
num_cat=0
split_feature=38 26 53 47 32 36
split_gain=32.6847 74.3384 35.3165 49.104 35.7728 35.0176
threshold=0.020078135654330257 0.027274884283542637 0.84308290481567394 0.89390933513641369 0.29420326650142675 -0.25001689791679377
decision_type=2 2 10 2 2 2
left_child=2 -2 -1 4 -4 -3
right_child=1 5 3 -5 -6 -7
leaf_value=2.6066938414674615e-05 1.1575370045030076e-05 -6.862185772008157e-05 0.00062664874442722694 -0.00032352006606840627 -0.00013271232426495628 -0.00067680767812727718
leaf_weight=17575 1324 185 106 525 70 406
leaf_count=17575 1324 185 106 525 70 406
internal_value=1.36166e-05 -0.00584635 0.00101061 -0.00995042 0.0125691 -0.0205117
internal_weight=20191 1915 18276 701 176 591
internal_count=20191 1915 18276 701 176 591
is_linear=0
shrinkage=0.05


Tree=58
num_leaves=7
num_cat=0
split_feature=48 53 38 39 39 46
split_gain=34.0244 62.3227 35.6866 47.6936 45.9826 41.2556
threshold=-1.7036048769950864 -0.34939660131931299 0.0081184548325836676 0.014510530512779953 0.0010801301687024536 0.86449983716011058
decision_type=2 10 2 2 2 2
left_child=1 -1 3 4 -2 -4
right_child=2 -3 5 -5 -6 -7
leaf_value=0.00039253960058721464 2.7166026646800452e-05 -4.1310914248004399e-05 -0.00023113678826843268 0.00017705963542120068 -0.00013959427103117669 -3.3241443168262161e-05
leaf_weight=729 8805 930 1159 2206 2555 3973
leaf_count=729 8805 930 1159 2206 2555 3973
internal_value=2.33278e-05 0.00698618 -0.000474523 0.000867659 -0.000437747 -0.00402472
internal_weight=20357 1659 18698 13566 11360 5132
internal_count=20357 1659 18698 13566 11360 5132
is_linear=0
shrinkage=0.05


Tree=59
num_leaves=7
num_cat=0
split_feature=6 5 16 51 38 35
split_gain=32.7203 35.1059 37.0496 32.5923 56.5015 63.0232
threshold=0.93610569834709179 0.28234864771366125 0.82500001788139354 -0.038356900215148919 0.021334188058972362 -0.82206439971923817
decision_type=2 2 2 8 2 2
left_child=3 -2 -3 4 5 -1
right_child=1 2 -4 -5 -6 -7
leaf_value=-0.00032157073790461092 0.00023889596247524941 3.4565773813926312e-06 -0.00028415786636456234 4.1120175793917766e-05 -0.00045957027791424247 3.8367686085485184e-05
leaf_weight=531 211 557 818 13451 532 4151
leaf_count=531 211 557 818 13451 532 4151
internal_value=4.81339e-05 -0.00658391 -0.00951087 0.00088511 -0.00246695 -0.000698741
internal_weight=20251 1586 1375 18665 5214 4682
internal_count=20251 1586 1375 18665 5214 4682
is_linear=0
shrinkage=0.05


Tree=60
num_leaves=7
num_cat=0
split_feature=48 53 55 35 48 35
split_gain=33.9131 67.177 42.8032 36.2259 42.748 40.3854
threshold=-1.7036048769950864 -0.42599239945411677 165610.52343750003 -0.90040618181228627 2.1494956016540532 -0.82206439971923817
decision_type=2 10 8 2 2 2
left_child=1 -1 -3 4 -2 -5
right_child=3 2 -4 5 -6 -7
leaf_value=0.00037625355032097239 0.00079306552472254105 7.2130496951175403e-05 -0.00051064723244623222 -0.0002950211416961718 -0.00031818762525156531 -4.1527920946489617e-06
leaf_weight=679 207 741 240 850 62 17592
leaf_count=679 207 741 240 850 62 17592
internal_value=8.58854e-06 0.00701201 -0.00134381 -0.000434121 0.0176095 -0.000703366
internal_weight=20371 1660 981 18711 269 18442
internal_count=20371 1660 981 18711 269 18442
is_linear=0
shrinkage=0.05


Tree=61
num_leaves=7
num_cat=0
split_feature=17 53 35 55 36 53
split_gain=29.3383 43.5066 44.3695 46.978 65.7588 58.9081
threshold=0.67499998211860668 0.84308290481567394 0.85893726348876964 60119.117187500007 0.5808720886707307 -0.37929256260395044
decision_type=2 10 2 8 2 8
left_child=1 2 3 4 -1 -5
right_child=-2 -3 -4 5 -6 -7
leaf_value=-0.00015192610070538135 -5.0640265651859861e-05 -0.00024659185634474446 -0.00032773881208934423 0.00041038766754266379 0.00037401103464986251 5.7900988228949401e-05
leaf_weight=2793 7049 534 263 1021 571 8025
leaf_count=2793 7049 534 263 1021 571 8025
internal_value=-3.33152e-05 0.00152324 0.00211587 0.00255135 -0.0024859 0.00442769
internal_weight=20256 13207 12673 12410 3364 9046
internal_count=20256 13207 12673 12410 3364 9046
is_linear=0
shrinkage=0.05


Tree=62
num_leaves=7
num_cat=0
split_feature=12 45 41 51 30 47
split_gain=31.3156 48.4138 45.6309 75.251 69.3055 70.6866
threshold=-0.035661820322275155 0.16615720093250277 0.062928810715675368 0.82202646136283886 44.651964187622077 0.88781979680061351
decision_type=2 2 2 8 2 2
left_child=2 -2 -1 4 -4 -6
right_child=1 -3 3 -5 5 -7
leaf_value=-0.0002424897466587572 -1.7715122587163689e-06 -0.00052092039743892879 0.00021153727548678267 0.00043413135347081223 0.00080405183918002285 -0.00035628013906407845
leaf_weight=252 16046 292 1511 1084 170 934
leaf_count=252 16046 292 1511 1084 170 934
internal_value=8.62324e-06 -0.000451264 0.00450581 0.00591928 0.00130725 -0.00818305
internal_weight=20289 16338 3951 3699 2615 1104
internal_count=20289 16338 3951 3699 2615 1104
is_linear=0
shrinkage=0.05


Tree=63
num_leaves=7
num_cat=0
split_feature=6 44 50 43 44 41
split_gain=32.9233 41.5947 45.042 35.8875 94.4488 123.057
threshold=0.84855434298515331 0.050801219418644912 -0.17002093791961667 0.052654117345809943 0.071281664073467269 0.067547459155321135
decision_type=2 2 2 2 2 2
left_child=3 -2 -3 -1 -5 -6
right_child=1 2 -4 4 5 -7
leaf_value=-0.00010057448148844501 0.00031185441166136247 0.0004880296399728003 -0.00016000669333242714 0.00018580789592631157 -0.0002480605480416491 5.2889249687737433e-05
leaf_weight=1647 149 164 2834 2084 1726 11625
leaf_count=1647 149 164 2834 2084 1726 11625
internal_value=2.34753e-05 -0.0043861 -0.00568598 0.00117487 0.00192519 0.000376235
internal_weight=20229 3147 2998 17082 15435 13351
internal_count=20229 3147 2998 17082 15435 13351
is_linear=0
shrinkage=0.05


Tree=64
num_leaves=7
num_cat=0
split_feature=24 44 3 57 7 21
split_gain=25.2594 32.554 51.3144 53.901 45.0339 27.6408
threshold=0.091868072748184218 0.14650563150644305 0.013325378764420749 -1.0442019629408604e-05 0.49390929937362676 0.37500000000000006
decision_type=2 2 2 10 2 2
left_child=1 5 -3 -4 -5 -1
right_child=-2 2 3 4 -6 -7
leaf_value=4.448733178931115e-05 -0.00024566311344718033 0.00062996913205926389 0.00053293506037669356 0.00014628575056457993 -0.00080785192741630429 -2.9546844664972797e-05
leaf_weight=7017 625 536 152 229 176 11456
leaf_count=7017 625 536 152 229 176 11456
internal_value=8.29372e-05 0.000765163 0.00913024 -0.00146797 -0.0110366 0.000266533
internal_weight=20191 19566 1093 557 405 18473
internal_count=20191 19566 1093 557 405 18473
is_linear=0
shrinkage=0.05


Tree=65
num_leaves=7
num_cat=0
split_feature=27 31 51 48 50 35
split_gain=29.4775 42.0143 38.4428 60.0449 49.3854 67.459
threshold=-0.018775256350636479 38.825235366821296 -0.038356900215148919 -0.61617246270179737 0.50351747870445263 -0.69712403416633595
decision_type=2 2 8 2 2 2
left_child=-1 -2 3 -3 5 -4
right_child=1 2 4 -5 -6 -7
leaf_value=7.8848909309794075e-05 -0.00064304837862754936 -0.00030063974651803246 0.00050528095548534827 -1.6565643888020879e-05 -6.0335269727221194e-05 2.9048032906817693e-05
leaf_weight=5621 141 969 685 2081 5118 5633
leaf_count=5621 141 969 685 2081 5118 5633
internal_value=-1.85158e-05 -0.000876504 -0.000605548 -0.0055892 0.000723276 0.00368101
internal_weight=20248 14627 14486 3050 11436 6318
internal_count=20248 14629 14486 3050 11436 6318
is_linear=0
shrinkage=0.05


Tree=66
num_leaves=7
num_cat=0
split_feature=53 20 47 1 36 41
split_gain=29.4824 63.4997 67.179 33.7063 30.836 105.918
threshold=0.59921711683273327 0.12500000372529033 0.94864931702613842 0.0097383186221122759 -0.80140164494514454 0.091424629092216506
decision_type=10 2 2 2 2 2
left_child=4 -2 3 -3 5 -1
right_child=1 2 -4 -5 -6 -7
leaf_value=-4.2563924560409242e-05 0.00054390794246606574 -0.00020057107666716096 -0.0003833195930479254 0.00033582435844801083 5.6188316358831911e-08 0.00054520595846080974
leaf_weight=1299 177 376 713 366 16642 757
leaf_count=1299 177 376 713 366 16642 757
internal_value=2.82764e-05 -0.00627673 -0.00974315 0.000769746 0.000720473 0.00648957
internal_weight=20330 1632 1455 742 18698 2056
internal_count=20330 1632 1455 742 18698 2056
is_linear=0
shrinkage=0.05


Tree=67
num_leaves=7
num_cat=0
split_feature=24 44 35 39 47 7
split_gain=33.1016 36.0347 51.1729 60.448 54.023 33.0704
threshold=0.10988114029169084 0.14650563150644305 0.029902152717113498 -0.021998631767928597 0.82544592022895824 0.44239479303359991
decision_type=2 2 2 2 2 2
left_child=1 -1 3 -3 -5 -6
right_child=-2 2 -4 4 5 -7
leaf_value=2.2042100797425178e-06 -0.00043323956991200233 -0.00012922516411148979 -0.00030890861226065834 0.001327594755939365 0.00071203385607989701 -9.3876062218520382e-06
leaf_weight=18893 309 255 317 199 184 215
leaf_count=18893 309 255 317 199 184 215
internal_value=9.20155e-05 0.000673959 0.00917021 0.0155303 0.0241708 0.0131807
internal_weight=20372 20063 1170 853 598 399
internal_count=20372 20063 1170 853 598 399
is_linear=0
shrinkage=0.05


Tree=68
num_leaves=7
num_cat=0
split_feature=38 51 15 51 10 41
split_gain=29.068 44.5172 31.6748 29.0617 34.8289 27.6897
threshold=-0.029645365662872788 0.1932083070278168 0.57500001788139354 -0.023918155580759045 0.044613964855670936 0.067547459155321135
decision_type=2 10 2 10 2 2
left_child=1 2 -1 4 -4 -2
right_child=5 -3 3 -5 -6 -7
leaf_value=-0.00029358835177540032 -4.0873821618614588e-05 -0.00080044470265708636 0.00022603481115123566 0.00079675346846726528 -0.00042568760469407075 4.3756446291496949e-05
leaf_weight=494 5785 153 177 76 98 13566
leaf_count=494 5785 153 177 76 98 13566
internal_value=4.79021e-05 -0.00805085 -0.00344118 0.00793539 8.92857e-05 0.000678084
internal_weight=20349 998 845 351 275 19351
internal_count=20349 998 845 351 275 19351
is_linear=0
shrinkage=0.05


Tree=69
num_leaves=7
num_cat=0
split_feature=23 5 41 36 16 44
split_gain=28.2314 34.4372 40.1548 72.0245 35.5637 33.1567
threshold=0.011934590060263874 0.6671329438686372 0.1444395110011101 -0.65883886814117421 0.87500000000000011 0.15963118523359301
decision_type=2 2 2 2 2 2
left_child=5 2 -2 -4 -3 -1
right_child=1 4 3 -5 -6 -7
leaf_value=1.8507452169160012e-05 8.7744487288411731e-06 4.2726148732271166e-05 0.00018273344543523484 -0.00093637840180240935 -0.00043738320849802306 0.00043288288362267578
leaf_weight=15654 3268 236 146 247 339 436
leaf_count=15654 3268 236 146 247 339 436
internal_value=-4.79563e-05 -0.0032009 -0.00139798 -0.0163945 -0.0145259 0.00138397
internal_weight=20326 4236 3661 393 575 16090
internal_count=20326 4236 3661 393 575 16090
is_linear=0
shrinkage=0.05


Tree=70
num_leaves=7
num_cat=0
split_feature=6 38 51 47 35 48
split_gain=26.5428 35.0021 58.5122 59.9605 64.2424 47.8506
threshold=0.12347365170717241 0.0081184548325836676 -0.038356900215148919 0.97322154045104992 0.076805792748928084 -0.23787955939769742
decision_type=2 2 10 2 2 2
left_child=-1 -2 -3 4 -4 -6
right_child=1 2 3 -5 5 -7
leaf_value=8.6392366605307833e-05 1.7397905750375207e-05 -0.00019839486653187432 0.00046356257019130296 -0.00025972329850011602 -0.00031259181599951587 0.00015055122017928091
leaf_weight=3332 12427 2664 496 543 230 665
leaf_count=3332 12427 2664 496 543 230 665
internal_value=3.80611e-05 -0.000418379 -0.00414404 0.00246261 0.0079692 -2.77778e-05
internal_weight=20357 17025 4598 1934 1391 895
internal_count=20357 17025 4598 1934 1391 895
is_linear=0
shrinkage=0.05


Tree=71
num_leaves=7
num_cat=0
split_feature=49 48 51 40 36 39
split_gain=31.2428 34.9548 37.6958 39.6605 59.6629 45.8719
threshold=0.16031007468700412 2.3708715438842778 -0.038356900215148919 0.11692218482494356 -0.430197924375534 -0.029516582377254959
decision_type=2 2 10 2 2 2
left_child=1 2 -1 5 -5 -4
right_child=-2 -3 3 4 -6 -7
leaf_value=1.1835062278765862e-05 -4.0226783338486501e-05 -0.0003791492132332735 0.00059562897363589929 0.00092321206639590198 -0.00069450270292437284 0.00010888572236383006
leaf_weight=8396 8748 106 493 53 200 2311
leaf_count=8396 8748 106 493 53 200 2311
internal_value=5.78476e-05 0.00200839 0.00228007 0.00702972 -0.0117248 0.00874867
internal_weight=20307 11559 11453 3057 253 2804
internal_count=20307 11559 11453 3057 253 2804
is_linear=0
shrinkage=0.05


Tree=72
num_leaves=7
num_cat=0
split_feature=48 55 55 21 9 35
split_gain=32.2165 74.5804 36.2881 50.804 34.3174 31.1874
threshold=-1.8249749541282652 165610.52343750003 76432.203125000015 0.67499998211860668 -0.043999347835779183 -0.90040618181228627
decision_type=2 10 8 2 2 2
left_child=1 2 3 4 -1 -2
right_child=5 -3 -4 -5 -6 -7
leaf_value=-0.00039355642192076936 0.00034679076160964479 -0.000441787449037033 0.00037715908592574987 0.00048685640676574774 0.00031955738786618328 -1.5010158746833726e-05
leaf_weight=181 289 243 637 195 52 18745
leaf_count=181 289 243 637 195 52 18745
internal_value=-6.26628e-05 0.00767327 0.0133879 0.00202079 -0.0135504 -0.000424129
internal_weight=20342 1308 1065 428 233 19034
internal_count=20342 1308 1065 428 233 19034
is_linear=0
shrinkage=0.05


Tree=73
num_leaves=7
num_cat=0
split_feature=15 35 27 10 50 3
split_gain=28.4573 51.1564 33.6825 31.4006 28.1022 27.6635
threshold=0.97499999403953563 -0.10527598112821578 0.031963907182216651 -0.011680213734507559 1.9692323207855227 0.0071549005806446084
decision_type=2 2 2 2 2 2
left_child=4 5 3 -3 -1 -2
right_child=1 2 -4 -5 -6 -7
leaf_value=6.6269526720205529e-06 0.00078891977906963987 0.00079081431467129416 -0.00064114434753294628 -0.00026291984590409381 0.00018036577170486845 7.9590393207487882e-07
leaf_weight=18346 65 50 200 358 853 326
leaf_count=18346 65 50 200 358 853 326
internal_value=3.71232e-06 -0.00789343 -0.016925 -0.00841404 0.000740731 0.00612374
internal_weight=20198 999 608 408 19199 391
internal_count=20198 999 608 408 19199 391
is_linear=0
shrinkage=0.05


Tree=74
num_leaves=7
num_cat=0
split_feature=41 44 32 47 35 24
split_gain=27.9065 108.158 57.3765 49.7834 49.8221 66.0151
threshold=0.064085789024829878 0.075727123767137541 0.55582311749458324 0.89390933513641369 -0.74454957246780384 0.035043483600020416
decision_type=2 2 2 2 2 2
left_child=1 -1 -3 4 -2 -6
right_child=3 2 -4 -5 5 -7
leaf_value=4.4002001645303375e-06 0.00044042992034813678 -0.0003915987744936965 0.00044138794911818954 -2.346375305015533e-05 0.0001926648148935469 -0.00014292906062300225
leaf_weight=3913 830 905 85 10128 3014 1368
leaf_count=3913 830 905 85 10128 3014 1368
internal_value=3.82754e-05 -0.0032447 -0.0179648 0.00108667 0.00505559 0.00291201
internal_weight=20243 4903 990 15340 5212 4382
internal_count=20243 4903 990 15340 5212 4382
is_linear=0
shrinkage=0.05


Tree=75
num_leaves=7
num_cat=0
split_feature=7 47 35 36 2 51
split_gain=31.9375 41.8543 65.5309 75.8744 70.613 54.1035
threshold=0.52851936221122753 1.0827509164810183 0.098510108888149275 0.31361833214759832 0.010291692335158588 -0.040501473471522324
decision_type=2 2 2 2 2 10
left_child=1 5 -3 -4 -5 -1
right_child=-2 2 3 4 -6 -7
leaf_value=-4.5342241002990351e-05 -4.4666234727317101e-05 0.00033006245823195292 -0.00058534577754451578 0.00045779414528458647 -0.00023073268945911305 0.00013931181830669073
leaf_weight=6149 9448 1339 235 244 259 2570
leaf_count=6149 9448 1339 235 244 259 2570
internal_value=8.6424e-06 0.00195121 0.00832133 -0.00360027 0.00733268 0.000426983
internal_weight=20244 10796 2077 738 503 8719
internal_count=20244 10796 2077 738 503 8719
is_linear=0
shrinkage=0.05


Tree=76
num_leaves=7
num_cat=0
split_feature=44 41 7 35 35 24
split_gain=27.0028 58.3668 43.3565 35.7256 29.6732 27.7739
threshold=0.15963118523359301 0.12413583323359491 0.49390929937362676 0.25668361783027654 0.049398327246308334 0.091868072748184218
decision_type=2 2 2 2 2 2
left_child=5 3 4 -2 -3 -1
right_child=1 2 -4 -5 -6 -7
leaf_value=3.3459662832866508e-06 0.00079843005992374547 0.00039041231048664261 -0.00060760645831488876 -0.00020962545865593955 -0.00082582210078123897 -0.0002802895151325097
leaf_weight=19142 258 159 130 63 51 537
leaf_count=19142 258 159 130 63 51 537
internal_value=8.60162e-06 0.0100976 -0.00427536 0.0252301 0.00965116 -0.000138437
internal_weight=20340 661 340 321 210 19679
internal_count=20340 661 340 321 210 19679
is_linear=0
shrinkage=0.05


Tree=77
num_leaves=7
num_cat=0
split_feature=0 22 47 45 52 47
split_gain=23.8104 47.8449 41.2044 37.6734 34.0528 53.8909
threshold=-0.0083196219056844694 0.075000001117587103 1.0198609232902529 0.16615720093250277 0.00047952412569429731 0.85183560848236095
decision_type=2 2 2 2 10 2
left_child=1 2 -1 -3 -2 -6
right_child=4 3 -4 -5 5 -7
leaf_value=3.5773241763403979e-05 3.7981031391178544e-05 -6.2636380511626238e-05 0.00038854918030051581 -0.00076083589249353531 0.00020843672266559812 -0.0002748516958794791
leaf_weight=187 11279 6846 109 213 430 1293
leaf_count=187 11279 6846 109 213 430 1293
internal_value=2.82389e-05 -0.00265285 0.0168605 -0.00348599 0.000905282 -0.00562789
internal_weight=20357 7355 296 7059 13002 1723
internal_count=20357 7355 296 7059 13002 1723
is_linear=0
shrinkage=0.05


Tree=78
num_leaves=7
num_cat=0
split_feature=38 10 46 42 40 35
split_gain=28.8877 46.6753 39.1411 54.8848 65.5242 42.6607
threshold=0.016719738952815536 0.0025465231155976657 0.87907657027244579 0.12381926923990251 0.12198248133063318 0.66284984350204479
decision_type=2 2 2 2 2 2
left_child=-1 2 -2 5 -5 -4
right_child=1 -3 3 4 -6 -7
leaf_value=1.8033489568858806e-05 -0.00027362746043348434 -0.00022894287703599189 -0.00011681796703411074 0.001160646395888377 -1.608986628896629e-06 0.0003559033396316529
leaf_weight=17322 384 1209 735 218 215 140
leaf_count=17322 384 1209 735 218 215 140
internal_value=3.70773e-06 -0.00448211 0.000869181 0.00500762 0.0194635 -0.0021875
internal_weight=20223 2901 1692 1308 433 875
internal_count=20223 2901 1692 1308 433 875
is_linear=0
shrinkage=0.05


Tree=79
num_leaves=7
num_cat=0
split_feature=41 44 35 32 9 15
split_gain=25.4452 119.434 68.7082 51.9927 50.5759 47.0158
threshold=0.066449362784624114 0.076813571155071272 -0.72213029861450184 0.21293327957391742 -0.035877162590622895 0.22500000149011615
decision_type=2 2 2 2 2 2
left_child=1 2 -1 -3 -4 -2
right_child=5 3 4 -5 -6 -7
leaf_value=-0.00033110467878559699 0.00016655680577238411 -0.00044033895190122248 0.00032474503498254023 4.5806241667845303e-05 5.4577358451834502e-06 -1.0060414399570101e-05
leaf_weight=227 3275 928 415 285 3724 11460
leaf_count=227 3275 928 415 285 3724 11460
internal_value=-7.75137e-05 -0.00292353 0.000932281 -0.0167693 0.00241916 0.00103969
internal_weight=20314 5579 4366 1213 4139 14735
internal_count=20314 5579 4366 1213 4139 14735
is_linear=0
shrinkage=0.05


Tree=80
num_leaves=7
num_cat=0
split_feature=23 47 51 44 12 38
split_gain=27.4592 40.5675 61.3269 59.488 51.6842 50.7864
threshold=0.011934590060263874 1.0827509164810183 -0.038356900215148919 0.10651079192757608 0.0062402016483247289 0.023683091625571254
decision_type=2 2 10 2 2 2
left_child=1 2 3 4 -1 -6
right_child=-2 -3 -4 -5 5 -7
leaf_value=-0.00013653217285304934 -6.4696595300865072e-05 0.00013506675724563215 0.00010632707615930693 0.00016773298432070456 6.8959333290287718e-05 -0.00068187024470901109
leaf_weight=4980 4200 2921 4245 1857 1969 96
leaf_count=4980 4200 2921 4245 1857 1969 96
internal_value=-2.34302e-05 0.00114322 -3.99179e-05 -0.0023998 -0.0045 0.00213768
internal_weight=20268 16068 13147 8902 7045 2065
internal_count=20268 16068 13147 8902 7045 2065
is_linear=0
shrinkage=0.05


Tree=81
num_leaves=7
num_cat=0
split_feature=41 53 50 2 38 24
split_gain=28.5449 44.5473 27.2356 34.0802 30.3841 49.3921
threshold=0.038348693400621421 -0.31592737138271326 -0.25985367596149439 0.019338349811732772 0.0040263056289404639 -0.013329357374459503
decision_type=2 10 2 2 2 2
left_child=1 -1 4 -4 -2 -6
right_child=2 -3 3 -5 5 -7
leaf_value=-0.00022928641888908782 0.000123300739671479 0.00020854157467660087 -1.8904816360181444e-05 -0.00095815091654643874 7.5641927145498047e-05 -0.00016693655644480713
leaf_weight=285 5001 57 11479 71 2109 1268
leaf_count=285 5001 57 11479 71 2109 1268
internal_value=-3.82244e-05 -0.014049 0.000415141 -0.00115751 0.00258559 -0.00107185
internal_weight=20270 342 19928 11550 8378 3377
internal_count=20270 342 19928 11550 8378 3377
is_linear=0
shrinkage=0.05


Tree=82
num_leaves=7
num_cat=0
split_feature=38 52 52 39 44 48
split_gain=28.3687 44.3506 34.8266 54.9583 34.2702 29.7753
threshold=-0.029645365662872788 0.00047952412569429731 7.3520648584235473e-05 -0.017792861908674237 0.10297413170337678 -0.1232074312865734
decision_type=2 10 8 2 2 2
left_child=1 2 -1 5 -5 -4
right_child=-2 -3 3 4 -6 -7
leaf_value=-0.0003474715406441163 5.5031954192773937e-06 -0.00097915681329088008 -1.9082068943370941e-05 9.8706276325626497e-05 -0.00069818115076629786 0.00045429864715542333
leaf_weight=352 19264 151 126 100 108 190
leaf_count=352 19264 151 126 100 108 190
internal_value=-7.26744e-05 -0.00826066 -0.00383087 0.00430057 -0.0153756 0.0173676
internal_weight=20291 1027 876 524 208 316
internal_count=20291 1027 876 524 208 316
is_linear=0
shrinkage=0.05


Tree=83
num_leaves=7
num_cat=0
split_feature=38 52 52 45 36 52
split_gain=24.9996 45.4516 32.4378 36.341 32.9446 55.6282
threshold=-0.029645365662872788 0.00047952412569429731 -7.5538213422987597e-05 0.099107317626476302 0.24473957717418673 7.3520648584235473e-05
decision_type=2 10 8 2 2 10
left_child=1 2 -1 4 -4 -6
right_child=-2 -3 3 -5 5 -7
leaf_value=-0.00036578510779183696 9.9253949069408129e-06 -0.00097657169691875651 0.00055601982205165032 -0.00014419858212698039 -0.00050218314650241069 0.00065592218012406158
leaf_weight=304 19325 146 126 313 55 56
leaf_count=304 19325 146 126 313 55 56
internal_value=-1.84456e-05 -0.00763682 -0.00311409 0.0040991 0.0186983 -0.00107759
internal_weight=20325 1000 854 550 237 111
internal_count=20325 1000 854 550 237 111
is_linear=0
shrinkage=0.05


Tree=84
num_leaves=7
num_cat=0
split_feature=44 41 53 7 21 2
split_gain=28.3212 49.234 27.9702 28.5215 27.7011 83.5245
threshold=0.15963118523359301 0.12413583323359491 -1.003418982028961 0.49390929937362676 0.47499999403953558 0.0075578733813017615
decision_type=2 2 10 2 2 2
left_child=4 -2 -3 -4 -1 -6
right_child=1 2 3 -5 5 -7
leaf_value=3.6662326497512995e-05 0.0007490638616870389 0.00056319786189785342 0.00012129913611939279 -0.0007336284228292594 -0.00024417922519706431 1.0081255673113747e-05
leaf_weight=9114 320 78 163 105 2360 8191
leaf_count=9114 320 78 163 105 2360 8191
internal_value=-1.84402e-05 0.0102459 -0.00277778 -0.0105311 -0.000199542 -0.00194439
internal_weight=20331 666 346 268 19665 10551
internal_count=20331 666 346 268 19665 10551
is_linear=0
shrinkage=0.05


Tree=85
num_leaves=7
num_cat=0
split_feature=24 42 44 36 3 41
split_gain=26.8241 39.7468 29.6561 49.9821 39.8842 72.3051
threshold=0.10988114029169084 0.11537772044539453 0.14650563150644305 -0.65883886814117421 0.0094662546180188673 0.11440856382250787
decision_type=2 2 2 2 2 2
left_child=2 -2 -1 -4 -5 -6
right_child=1 -3 3 4 5 -7
leaf_value=-4.1719439460517848e-06 0.00023786523447361332 -0.00058684014617375619 0.00053455650442792819 -0.0011677717764315928 0.00093175687484484007 -0.00012667951654302825
leaf_weight=18772 88 233 321 62 212 588
leaf_count=18772 88 233 321 62 212 588
internal_value=-0.000122035 -0.0141871 0.000271794 0.0079335 0.00158593 0.00468944
internal_weight=20276 321 19955 1183 862 800
internal_count=20276 321 19955 1183 862 800
is_linear=0
shrinkage=0.05


Tree=86
num_leaves=7
num_cat=0
split_feature=21 2 47 12 51 36
split_gain=20.5551 84.4022 82.2466 85.405 56.3692 52.1142
threshold=0.47499999403953558 0.0075578733813017615 0.89390933513641369 0.029392155818641189 0.47854280471801763 -0.30565343797206873
decision_type=2 2 2 2 8 2
left_child=-1 5 3 -3 -5 -2
right_child=1 2 -4 4 -6 -7
leaf_value=3.8050481339091283e-05 -0.0004634412863031422 0.00039142660845954615 -5.6278625035201912e-05 -0.00062277661123815397 5.211418585297908e-05 -6.3185000052447778e-05
leaf_weight=9121 1096 1910 6097 242 652 1244
leaf_count=9121 1096 1910 6097 242 652 1244
internal_value=-1.84121e-05 -0.00122933 0.000990905 0.00807227 -0.00464405 -0.00966951
internal_weight=20362 11241 8901 2804 894 2340
internal_count=20362 11241 8901 2804 894 2340
is_linear=0
shrinkage=0.05


Tree=87
num_leaves=7
num_cat=0
split_feature=48 53 38 24 50 39
split_gain=30.7661 63.3876 39.2873 52.5184 46.5008 43.3817
threshold=-1.8249749541282652 -0.34939660131931299 0.005687589058652521 0.027042051777243618 1.9692323207855227 0.017648831009864811
decision_type=2 10 2 2 2 2
left_child=1 -1 5 4 -4 -2
right_child=2 -3 3 -5 -6 -7
leaf_value=0.00042473362036766766 -2.3128624058154033e-06 -4.3602361103082949e-05 -4.3118370687758561e-05 -0.00021845554221738275 0.0011889251052942442 0.00021895516188262114
leaf_weight=572 11254 772 4325 1676 124 1551
leaf_count=572 11254 772 4325 1676 124 1551
internal_value=-5.79417e-05 0.00717198 -0.000642989 -0.00393556 -0.0010833 0.000930913
internal_weight=20274 1344 18930 6125 4449 12805
internal_count=20274 1344 18930 6125 4449 12805
is_linear=0
shrinkage=0.05


Tree=88
num_leaves=7
num_cat=0
split_feature=53 12 35 26 27 38
split_gain=27.147 56.7208 47.7759 52.479 88.3523 60.1713
threshold=-0.1426417529582977 0.027227601967751983 0.85893726348876964 0.0023055810015648608 -0.010855710599571465 0.023683091625571254
decision_type=10 2 2 2 2 2
left_child=2 -2 3 -1 -5 -6
right_child=1 -3 -4 4 5 -7
leaf_value=-1.9515031251959512e-05 -8.3977101052800085e-06 -0.00027846818547699415 -0.00050784865687880871 0.00036145698479506913 6.3065231289250874e-05 -0.0005141643138264195
leaf_weight=8613 4780 1049 140 1237 4297 254
leaf_count=8613 4780 1049 140 1237 4297 254
internal_value=-6.25767e-05 -0.0029011 0.00113605 0.00142475 0.0051053 0.00187116
internal_weight=20370 5829 14541 14401 5788 4551
internal_count=20370 5829 14541 14401 5788 4551
is_linear=0
shrinkage=0.05


Tree=89
num_leaves=7
num_cat=0
split_feature=55 52 44 43 47 12
split_gain=23.3723 80.584 56.369 43.2018 47.8806 41.3675
threshold=509267.20312500006 0.00016489975678268823 0.12056406214833261 0.13553878664970401 0.76367056369781505 -0.11239748075604437
decision_type=10 8 2 2 2 2
left_child=5 2 -2 4 -4 -1
right_child=1 -3 3 -5 -6 -7
leaf_value=0.00072927418920952546 0.00081980698360775673 -0.00055678649765987423 0.00034136226403793854 0.0010449976248486791 -0.0010742997396160903 6.677521211745439e-06
leaf_weight=122 193 718 120 97 108 18967
leaf_count=122 193 718 120 97 108 18967
internal_value=-8.23906e-05 -0.00658743 0.0083652 -0.00431818 -0.0162017 0.000493611
internal_weight=20325 1236 518 325 228 19089
internal_count=20325 1236 518 325 228 19089
is_linear=0
shrinkage=0.05


Tree=90
num_leaves=7
num_cat=0
split_feature=35 35 42 36 50 3
split_gain=31.8056 41.4631 55.8313 42.2506 53.3629 45.7456
threshold=-0.90040618181228627 -0.82206439971923817 0.091594811528921141 -0.82629123330116261 0.086607705801725401 0.013325378764420749
decision_type=2 2 2 2 2 2
left_child=-1 2 -2 4 -3 -5
right_child=1 3 -4 5 -6 -7
leaf_value=0.00030814299258798209 -0.00037548796556862986 0.00058868724743958267 0.00016384612958768874 1.2597050594222139e-05 1.2539985084445565e-05 -0.0003289609290901291
leaf_weight=335 634 369 371 16873 560 1113
leaf_count=335 634 369 371 16873 560 1113
internal_value=-4.81244e-05 -5.39523e-05 -0.00992574 0.000471723 0.0108405 -6.53104e-05
internal_weight=20255 19920 1005 18915 929 17986
internal_count=20255 19920 1005 18915 929 17986
is_linear=0
shrinkage=0.05


Tree=91
num_leaves=7
num_cat=0
split_feature=43 44 35 48 3 47
split_gain=22.9891 66.2873 74.3665 49.4635 43.5021 58.9745
threshold=0.052654117345809943 0.071281664073467269 -0.79136100411415089 1.0872883796691897 0.0063201657030731448 0.88781979680061351
decision_type=2 2 2 2 2 2
left_child=3 2 -2 -1 -3 -6
right_child=1 4 -4 -5 5 -7
leaf_value=-0.0001455807296898662 -0.001539151202681799 -0.00026854216560413997 0.00014498019695251683 0.0001437129736185969 0.00010438637171544651 -5.8265522423872797e-05
leaf_weight=1584 64 723 2335 387 5274 9916
leaf_count=1584 64 723 2335 387 5274 9916
internal_value=-0.000112135 0.000298903 0.00803869 -0.00537702 -0.000868514 -0.000294505
internal_weight=20283 18312 2399 1971 15913 15190
internal_count=20283 18312 2399 1971 15913 15190
is_linear=0
shrinkage=0.05


Tree=92
num_leaves=7
num_cat=0
split_feature=15 39 45 50 36 41
split_gain=23.953 40.837 42.0962 29.7756 25.3123 34.1251
threshold=0.97499999403953563 0.0076417126692831525 0.062015915289521224 0.17775964736938479 -0.80140164494514454 0.091424629092216506
decision_type=2 2 2 2 2 2
left_child=-1 3 -3 -2 -5 -6
right_child=1 2 -4 4 5 -7
leaf_value=6.3384012127854807e-06 0.00045480684986033731 0.00026368302877788287 -0.00057133233996117057 0.00040663991386432285 -0.00054367966330408747 0.00012270530865707109
leaf_weight=19342 173 58 311 109 221 148
leaf_count=19342 173 58 311 109 221 148
internal_value=-3.31418e-05 -0.0074878 -0.0206551 3.81098e-05 -0.00636646 -0.0126337
internal_weight=20362 1020 369 651 478 369
internal_count=20362 1020 369 651 478 369
is_linear=0
shrinkage=0.05


Tree=93
num_leaves=7
num_cat=0
split_feature=44 26 43 0 55 52
split_gain=28.1504 39.598 35.8196 30.953 40.6716 67.3072
threshold=0.15963118523359301 -0.10795871540904044 0.14643827825784686 -0.0069870317820459596 55997.472656250007 -0.00024588000087533141
decision_type=2 2 2 2 8 8
left_child=3 2 -2 -1 -5 -6
right_child=1 -3 -4 4 5 -7
leaf_value=-6.0964231129572757e-05 -0.00051401593112659428 0.00046538777474605214 0.00031202993015259857 -0.00010733603581589607 0.0005708649146503917 3.4248940161118351e-05
leaf_weight=7428 141 363 160 2909 368 8939
leaf_count=7428 141 363 160 2909 368 8939
internal_value=-6.76906e-05 0.00997758 -0.00334967 -0.000451677 0.00109443 0.00270887
internal_weight=20308 664 301 19644 12216 9307
internal_count=20308 664 301 19644 12216 9307
is_linear=0
shrinkage=0.05


Tree=94
num_leaves=7
num_cat=0
split_feature=48 53 35 48 24 35
split_gain=27.1932 48.1407 37.1492 45.5196 27.4511 31.9209
threshold=-1.7036048769950864 -0.42599239945411677 -0.90040618181228627 2.3708715438842778 0.091868072748184218 -0.82206439971923817
decision_type=2 10 2 2 2 2
left_child=1 -1 3 -2 5 -4
right_child=2 -3 4 -5 -6 -7
leaf_value=0.00036167443508762357 0.00056082980944805751 -1.9776121661561994e-05 -0.00026188879749787199 -0.00063053996350454704 -0.00024947553150153097 -7.9581600525974986e-07
leaf_weight=684 233 965 817 51 554 16943
leaf_count=684 233 965 817 51 554 16943
internal_value=-4.32056e-05 0.00612152 -0.000568457 0.0172145 -0.00085021 -0.000505207
internal_weight=20247 1649 18598 284 18314 17760
internal_count=20247 1649 18598 284 18314 17760
is_linear=0
shrinkage=0.05


Tree=95
num_leaves=7
num_cat=0
split_feature=33 50 0 3 53 48
split_gain=24.774 22.8562 33.309 48.8918 47.721 42.8835
threshold=0.57257467508316051 1.9692323207855227 -0.0069870317820459596 0.013325378764420749 -0.1426417529582977 -0.18128550797700879
decision_type=2 2 2 2 8 2
left_child=1 2 3 4 5 -1
right_child=-2 -3 -4 -5 -6 -7
leaf_value=-0.00015149760556812145 -0.00022961808701265349 0.00015717049491696531 2.785191502836914e-05 -0.00078045029313982938 -9.5860826900127452e-05 0.00018164122262155679
leaf_weight=703 311 836 12346 255 4158 1707
leaf_count=703 311 836 12346 255 4158 1707
internal_value=-6.2743e-05 0.000106197 -0.000246427 -0.00304994 -0.00220219 0.00338509
internal_weight=20316 20005 19169 6823 6568 2410
internal_count=20316 20005 19169 6823 6568 2410
is_linear=0
shrinkage=0.05


Tree=96
num_leaves=7
num_cat=0
split_feature=41 42 42 47 51 12
split_gain=23.3419 91.2324 67.5765 48.9172 40.3038 68.3825
threshold=0.064085789024829878 0.078621484339237227 0.062029838562011726 1.0495107769966128 -0.030711559578776356 0.0096525424160063284
decision_type=2 2 2 2 10 2
left_child=1 3 -2 4 -1 -6
right_child=2 -3 -4 -5 5 -7
leaf_value=-7.8060401859006e-05 0.00047326460073687598 -0.0003758138068529658 1.0135488669841685e-05 0.00015526565572436199 0.00046332394087161897 -0.00012812043677288551
leaf_weight=3313 142 444 15122 428 326 375
leaf_count=3313 142 444 15122 428 326 375
internal_value=-0.000102952 -0.00318442 0.000784269 -0.0010063 -0.00273078 0.00810907
internal_weight=20150 4886 15264 4442 4014 701
internal_count=20150 4886 15264 4442 4014 701
is_linear=0
shrinkage=0.05


Tree=97
num_leaves=7
num_cat=0
split_feature=23 47 35 22 6 5
split_gain=25.3079 41.0226 44.3523 62.0019 44.3578 57.8716
threshold=0.011039517354220154 1.0827509164810183 0.11996133625507356 0.72499999403953563 0.26155789196491247 0.38396732509136206
decision_type=2 2 2 2 2 2
left_child=1 -1 4 -4 -3 -6
right_child=-2 2 3 -5 5 -7
leaf_value=-7.1572326704055035e-06 -6.5309463463819915e-05 0.00043151644022496868 8.7160414307652488e-05 -0.00073752274898778868 -3.9330020821603567e-05 0.00036999838683972395
leaf_weight=12868 4581 807 786 214 827 291
leaf_count=12868 4581 807 786 214 827 291
internal_value=-7.23784e-05 0.000811812 0.00615188 -0.00236318 0.0105829 0.00407391
internal_weight=20374 15793 2925 1000 1925 1118
internal_count=20374 15793 2925 1000 1925 1118
is_linear=0
shrinkage=0.05


Tree=98
num_leaves=7
num_cat=0
split_feature=41 53 35 21 2 55
split_gain=24.4463 38.1417 50.9902 32.5568 73.6871 67.7885
threshold=0.038348693400621421 -0.31592737138271326 -0.10527598112821578 0.47499999403953558 0.0078197834081947821 78442.972656250015
decision_type=2 10 2 2 2 10
left_child=1 2 -1 -2 -5 -6
right_child=3 -3 -4 4 5 -7
leaf_value=0.00019738558204006774 4.4079922005658016e-05 0.00015366035226198061 -0.00028945558452319242 -0.00018715816494530919 8.201357157418947e-05 -0.00017852028016356934
leaf_weight=71 8858 52 207 2986 5909 2264
leaf_count=71 8858 52 207 2986 5909 2264
internal_value=-6.26474e-05 -0.0133582 -0.0207597 0.000260963 -0.00153395 0.000920152
internal_weight=20347 330 278 20017 11159 8173
internal_count=20347 330 278 20017 11159 8173
is_linear=0
shrinkage=0.05


Tree=99
num_leaves=7
num_cat=0
split_feature=35 48 14 38 36 35
split_gain=26.1855 32.1082 31.3572 26.3432 43.2027 42.3189
threshold=-0.90040618181228627 2.1494956016540532 0.27500000596046453 -0.024895112961530682 -0.4602337777614593 -0.82206439971923817
decision_type=2 2 2 2 2 2
left_child=1 2 -1 4 5 -2
right_child=3 -3 -4 -5 -6 -7
leaf_value=-0.00019054336579845042 -0.00057077420515927674 -0.00027390734231694762 0.00077078167514889849 -1.2021881047288159e-06 -0.00026981759916975721 0.00016765840844404898
leaf_weight=83 80 68 180 18371 1138 424
leaf_count=83 80 68 180 18371 1138 424
internal_value=-7.73994e-05 0.0134673 0.0213619 -0.000605705 -0.00666363 0.00545187
internal_weight=20344 331 263 20013 1642 504
internal_count=20344 331 263 20013 1642 504
is_linear=0
shrinkage=0.05


Tree=100
num_leaves=7
num_cat=0
split_feature=6 47 55 55 41 45
split_gain=25.0944 36.2564 50.207 62.5361 36.5241 61.331
threshold=0.12347365170717241 1.0109433531761172 80455.542968750015 165610.52343750003 0.038348693400621421 0.051528058946132667
decision_type=2 2 10 8 2 2
left_child=1 2 4 -4 -1 -6
right_child=-2 -3 3 -5 5 -7
leaf_value=-0.00031225598567149483 -1.0360800391273315e-05 0.00023439130995895949 0.00039701081109393951 -0.00012375789350804102 0.00038440024298601664 -0.00010998138982819332
leaf_weight=77 17045 1183 305 257 151 1310
leaf_count=77 17045 1183 305 257 151 1310
internal_value=-3.31973e-05 0.0042351 0.000273159 0.0130071 -0.0043908 -0.00254093
internal_weight=20328 3283 2100 562 1538 1461
internal_count=20328 3283 2100 562 1538 1461
is_linear=0
shrinkage=0.05


Tree=101
num_leaves=7
num_cat=0
split_feature=41 53 44 41 35 3
split_gain=24.3946 35.1521 25.9215 64.5616 49.5461 51.5524
threshold=0.041487954556941993 -0.31592737138271326 0.071281664073467269 0.067547459155321135 -0.79136100411415089 0.0055737644433975228
decision_type=2 10 2 2 2 2
left_child=1 -1 4 -4 -2 -6
right_child=2 -3 3 -5 5 -7
leaf_value=-0.000161223312360326 -0.0014008107656612919 0.00026534379499292628 -0.00017616755696306689 1.3573759587684498e-05 -1.2565909322531113e-05 0.00018363328930189962
leaf_weight=545 68 98 2193 13873 1831 1671
leaf_count=545 68 98 2193 13873 1831 1671
internal_value=-2.83475e-05 -0.00960648 0.000253297 -0.000602016 0.0041049 0.00495438
internal_weight=20279 643 19636 16066 3570 3502
internal_count=20279 643 19636 16066 3570 3502
is_linear=0
shrinkage=0.05


Tree=102
num_leaves=7
num_cat=0
split_feature=41 44 39 41 24 36
split_gain=29.1987 72.126 47.8014 46.6424 45.7024 50.5667
threshold=0.064085789024829878 0.075727123767137541 0.025562324561178688 0.046486057341098792 0.0075576242525130519 0.4777460396289826
decision_type=2 2 2 2 2 2
left_child=1 2 -1 -4 -3 -6
right_child=-2 4 3 -5 5 -7
leaf_value=-4.0009856009575949e-05 1.619708522297997e-05 -0.00034655114317701436 -7.163894383783335e-05 0.00028679765182640414 0.00024778907471819251 -0.00075333803937862535
leaf_weight=3407 15375 687 99 416 202 77
leaf_count=3407 15375 687 99 416 202 77
internal_value=-4.81054e-05 -0.00363274 -0.000604787 0.0135096 -0.0158342 0.00114437
internal_weight=20263 4888 3922 515 966 279
internal_count=20263 4888 3922 515 966 279
is_linear=0
shrinkage=0.05


Tree=103
num_leaves=7
num_cat=0
split_feature=12 36 44 41 44 32
split_gain=25.2449 57.3155 30.5537 29.7344 69.5017 66.0258
threshold=0.052963843569159515 0.11150664463639261 0.15963118523359301 0.064085789024829878 0.075727123767137541 0.60178589820861828
decision_type=2 2 2 2 2 2
left_child=3 -2 -3 4 -1 -6
right_child=1 2 -4 -5 5 -7
leaf_value=-4.5544586954621852e-06 2.4323190785537878e-05 -0.00054897053532218683 0.00015872091496856798 3.1289075786339435e-05 -0.00029515508293738273 0.00056445728648117654
leaf_weight=3908 774 428 76 14258 895 67
leaf_count=3908 774 428 76 14258 895 67
internal_value=-7.71643e-05 -0.00715121 -0.0201866 9.27717e-05 -0.00327692 -0.0152792
internal_weight=20406 1278 504 19128 4870 962
internal_count=20406 1278 504 19128 4870 962
is_linear=0
shrinkage=0.05


Tree=104
num_leaves=7
num_cat=0
split_feature=41 42 53 23 45 36
split_gain=21.3762 39.8426 30.4091 23.2536 40.4138 44.1756
threshold=0.038348693400621421 0.045820105820894248 -0.31592737138271326 0.011934590060263874 0.14633079618215564 -0.80140164494514454
decision_type=2 2 10 2 2 2
left_child=2 -2 -1 -3 -5 -6
right_child=1 3 -4 4 5 -7
leaf_value=-0.00020780755031553279 0.00053145021841744194 1.4655913107882824e-05 0.00012857870003827804 -3.1206692189167819e-05 0.00033601380148213426 -0.00052351331392002114
leaf_weight=267 135 15600 58 3678 100 436
leaf_count=267 135 15600 58 3678 100 436
internal_value=-4.80793e-05 2.63105e-05 -0.012803 -0.0001602 -0.00345461 -0.01622
internal_weight=20274 19949 325 19814 4214 536
internal_count=20274 19949 325 19814 4214 536
is_linear=0
shrinkage=0.05


Tree=105
num_leaves=7
num_cat=0
split_feature=35 24 35 20 42 12
split_gain=21.7473 31.355 31.0485 53.0654 51.9732 39.7674
threshold=-0.90040618181228627 0.091868072748184218 -0.82206439971923817 0.17500000447034839 0.086420599371194853 0.027227601967751983
decision_type=2 2 2 2 2 2
left_child=-1 2 3 -2 -5 -6
right_child=1 -3 -4 4 5 -7
leaf_value=0.00023582900342263648 0.00033607321891307115 -0.00024011305235784337 7.8257183577076696e-06 -0.00048447716171927602 0.00020421314378542469 -0.00057435620953279719
leaf_weight=337 204 537 18484 394 272 116
leaf_count=337 204 537 18484 394 272 116
internal_value=-8.72279e-05 -0.000361033 -2.9525e-05 -0.00865288 -0.0145807 -0.0014631
internal_weight=20344 20007 19470 986 782 388
internal_count=20344 20007 19470 986 782 388
is_linear=0
shrinkage=0.05


Tree=106
num_leaves=7
num_cat=0
split_feature=41 42 42 10 15 47
split_gain=22.9744 77.9593 75.6153 42.2277 39.7541 42.2038
threshold=0.064085789024829878 0.078621484339237227 0.062029838562011726 -0.071885280311107622 0.22500000149011615 0.9545811414718629
decision_type=2 2 2 2 2 2
left_child=1 3 -2 -1 -4 -6
right_child=2 -3 4 -5 5 -7
leaf_value=-0.00026772313754941244 0.00041362749033735 -0.00031712080566053628 0.00012358713248651135 -3.5353411010028653e-06 4.5049449302129385e-05 -8.9275890409521697e-05
leaf_weight=89 154 451 3354 4374 6291 5579
leaf_count=89 154 451 3354 4374 6291 5579
internal_value=-8.62196e-06 -0.00316629 0.000758955 -0.00114705 0.00039891 -0.000957895
internal_weight=20292 4914 15378 4463 15224 11870
internal_count=20292 4914 15378 4463 15224 11870
is_linear=0
shrinkage=0.05


Tree=107
num_leaves=7
num_cat=0
split_feature=44 3 32 30 35 51
split_gain=27.1143 37.743 39.4835 33.365 24.5319 37.0753
threshold=0.15963118523359301 0.013325378764420749 0.11504672467708589 49.689640045166023 0.22161203622817996 4.6784667968750009
decision_type=2 2 2 2 2 8
left_child=-1 2 -2 -3 5 -4
right_child=1 3 4 -5 -6 -7
leaf_value=-7.8427242371047772e-06 0.001398096674639781 0.00026033365959653583 0.00073191491897968051 -0.0005300068529987635 -0.00024902069666263331 -6.9904332419630681e-05
leaf_weight=19661 123 165 76 127 70 82
leaf_count=19661 123 165 76 127 70 82
internal_value=-6.278e-05 0.00991512 0.0208567 -0.00328283 0.00804721 0.018865
internal_weight=20304 643 351 292 228 158
internal_count=20304 643 351 292 228 158
is_linear=0
shrinkage=0.05


Tree=108
num_leaves=7
num_cat=0
split_feature=41 53 35 44 9 26
split_gain=25.0871 33.4945 38.7765 33.3735 38.9937 41.0437
threshold=0.038348693400621421 -0.31592737138271326 -0.10527598112821578 0.050801219418644912 -0.0078428355045616609 -0.0070559680461883536
decision_type=2 10 2 2 2 2
left_child=1 2 -1 4 -2 -6
right_child=3 -3 -4 -5 5 -7
leaf_value=0.00013012733001924201 0.00040509327201620799 0.00015781220272719556 -0.0002780521243357273 -9.4273515255486908e-07 -0.00018605686826382473 0.00025988466350791256
leaf_weight=75 198 55 197 19627 89 124
leaf_count=75 198 55 197 19627 89 124
internal_value=-4.78645e-05 -0.0136295 -0.0208484 0.000228259 0.0142428 -0.000573394
internal_weight=20365 327 272 20038 411 213
internal_count=20365 327 272 20038 411 213
is_linear=0
shrinkage=0.05


Tree=109
num_leaves=7
num_cat=0
split_feature=41 53 35 8 22 43
split_gain=29.1395 34.1085 28.6637 29.3845 25.2746 34.0857
threshold=0.041487954556941993 -0.31592737138271326 0.59950232505798351 0.17699400335550311 0.075000001117587103 0.046320559456944473
decision_type=2 10 2 2 2 2
left_child=1 2 3 -1 5 -2
right_child=4 -3 -4 -5 -6 -7
leaf_value=-4.9785321348910025e-05 -7.5847301159334674e-05 0.00020314971888751632 0.00071208692200085903 -0.00029088437075002691 -2.8483611388248669e-06 0.00019309585648653123
leaf_weight=239 206 100 56 285 19092 392
leaf_count=239 206 100 56 285 19092 392
internal_value=-5.27607e-05 -0.0103285 -0.015 -0.0186673 0.000161208 0.0102405
internal_weight=20370 680 580 524 19690 598
internal_count=20370 680 580 524 19690 598
is_linear=0
shrinkage=0.05


Tree=110
num_leaves=7
num_cat=0
split_feature=41 44 32 39 21 2
split_gain=26.9597 53.159 56.6721 49.445 46.4624 44.3316
threshold=0.064085789024829878 0.075727123767137541 0.64175480604171764 0.025562324561178688 0.075000001117587103 0.0066789819393306979
decision_type=2 2 2 2 2 2
left_child=1 3 -3 -1 -5 -2
right_child=5 2 -4 4 -6 -7
leaf_value=-3.8326824317680208e-05 0.00013683979162455693 -0.00026092795802525498 0.00048161032103940778 -4.6363910868669048e-05 0.00027231986867805189 -1.736898331726566e-06
leaf_weight=3429 1864 890 75 150 366 13530
leaf_count=3429 1864 890 75 150 366 13530
internal_value=-5.78561e-05 -0.00335198 -0.0138402 -0.000765823 0.0135797 0.000901033
internal_weight=20304 4910 965 3945 516 15394
internal_count=20304 4910 965 3945 516 15394
is_linear=0
shrinkage=0.05


Tree=111
num_leaves=7
num_cat=0
split_feature=35 52 38 10 21 2
split_gain=25.8568 47.3805 27.3855 52.648 36.5444 60.2687
threshold=0.85893726348876964 8.6531454144278555e-05 0.021334188058972362 0.0050784789491444835 0.47499999403953558 0.0075578733813017615
decision_type=2 8 2 2 2 2
left_child=2 -2 4 -4 -1 -6
right_child=1 -3 3 -5 5 -7
leaf_value=5.6324108795764212e-05 0.00031602164885563002 -0.00028198059329644039 2.7052794364911829e-05 -0.00028517382551925924 -0.00017010886022336645 1.9065829609016915e-05
leaf_weight=8161 96 246 939 640 2211 8049
leaf_count=8161 96 246 939 640 2211 8049
internal_value=-4.79186e-05 -0.0134726 0.000293677 -0.00601326 0.000837132 -0.0011471
internal_weight=20342 342 20000 1579 18421 10260
internal_count=20342 342 20000 1579 18421 10260
is_linear=0
shrinkage=0.05


Tree=112
num_leaves=7
num_cat=0
split_feature=48 55 55 12 38 41
split_gain=21.2965 87.5849 35.893 43.1443 26.9782 23.4198
threshold=-1.8249749541282652 165610.52343750003 76432.203125000015 -0.027517989277839657 -0.017722600139677521 0.062928810715675368
decision_type=2 10 8 2 2 2
left_child=1 2 3 -1 -4 -2
right_child=5 -3 4 -5 -6 -7
leaf_value=0.00029922942501145358 -4.9075458595289944e-05 -0.00052747484786619674 -0.00013839195592104132 -0.0002783611899068283 0.00042269654918890271 1.3120646561912316e-05
leaf_weight=270 4347 240 50 153 596 14710
leaf_count=270 4347 240 50 153 596 14710
internal_value=-3.6817e-06 0.00625951 0.0124069 0.000992991 0.0197773 -0.00032132
internal_weight=20366 1309 1069 423 646 19057
internal_count=20366 1309 1069 423 646 19057
is_linear=0
shrinkage=0.05


Tree=113
num_leaves=7
num_cat=0
split_feature=41 42 42 53 38 6
split_gain=22.8024 66.9586 40.5341 32.7236 39.3774 48.137
threshold=0.062928810715675368 0.078621484339237227 0.062029838562011726 -0.1426417529582977 -0.023614451289176937 0.40207070112228399
decision_type=2 2 2 10 2 2
left_child=1 -1 -2 4 5 -4
right_child=2 -3 3 -5 -6 -7
leaf_value=-1.3722186343404747e-05 0.0003132315676608662 -0.00033578728340687126 -0.00037238448066976123 -6.6377581441985466e-05 7.6146927628604693e-05 2.6474601898475232e-05
leaf_weight=4191 180 401 404 4722 9574 868
leaf_count=4191 180 401 404 4722 9574 868
internal_value=-0.000101991 -0.00308353 0.000918873 0.000640532 0.00215418 -0.00608849
internal_weight=20340 4592 15748 15568 10846 1272
internal_count=20340 4592 15748 15568 10846 1272
is_linear=0
shrinkage=0.05


Tree=114
num_leaves=7
num_cat=0
split_feature=3 44 35 12 51 12
split_gain=19.8627 60.7445 72.3058 42.7898 50.8503 27.1798
threshold=0.0053855148144066342 0.071281664073467269 -0.74454957246780384 0.019697250798344616 -0.042467359453439706 0.04875930771231652
decision_type=2 2 2 2 8 2
left_child=-1 2 -2 -4 -5 -3
right_child=1 5 3 4 -6 -7
leaf_value=-5.5541271012889684e-05 -0.00052841496018055263 3.403674389422458e-06 0.00020497795822343656 0.00036390515860129652 -0.00018934812085667221 -0.00013445956271785318
leaf_weight=2284 131 14646 1505 111 307 1439
leaf_count=2284 131 14646 1505 111 307 1439
internal_value=-0.000121157 0.00049741 0.00858426 0.0110607 -0.00301418 -0.000536047
internal_weight=20423 18139 2054 1923 418 16085
internal_count=20423 18139 2054 1923 418 16085
is_linear=0
shrinkage=0.05


Tree=115
num_leaves=7
num_cat=0
split_feature=35 41 28 44 41 7
split_gain=23.4299 26.6581 25.9968 23.4669 39.2777 36.835
threshold=-0.90040618181228627 0.08711555972695352 0.013706480152904989 0.15963118523359301 0.12413583323359491 0.61666998267173778
decision_type=2 2 2 2 2 2
left_child=1 -1 -3 -2 -5 -6
right_child=3 2 -4 4 5 -7
leaf_value=-0.0003472182265074236 -7.6023856819908578e-06 0.0005422155138291385 -7.230355569665826e-05 0.00052983486954736919 0.00024455147002023467 -0.00077333928222743549
leaf_weight=61 19338 204 66 303 239 102
leaf_count=61 19338 204 66 303 239 102
internal_value=-4.30653e-05 0.0131696 0.0199091 -0.000143843 0.00920647 -0.00238439
internal_weight=20313 331 270 19982 644 341
internal_count=20313 331 270 19982 644 341
is_linear=0
shrinkage=0.05


Tree=116
num_leaves=7
num_cat=0
split_feature=2 43 36 25 23 10
split_gain=20.5125 58.4402 49.4101 48.6522 33.7258 31.7828
threshold=0.014560468960553409 0.14643827825784686 -0.14695813506841657 0.056967813521623618 -0.019116586074233052 -0.17109246551990506
decision_type=2 2 2 2 2 2
left_child=1 3 4 5 -2 -1
right_child=2 -3 -4 -5 -6 -7
leaf_value=-0.00092172455326196615 0.00048052698345571937 0.00051763561624077717 -0.00049632898700287481 -0.00048354951550328242 -0.00014916776718421122 5.9584199952225361e-06
leaf_weight=198 179 361 339 182 451 18640
leaf_count=198 179 361 339 182 451 18640
internal_value=-9.2115e-05 0.000223099 -0.00721253 -0.000156373 0.00106299 9.41994e-05
internal_weight=20350 19381 969 19020 630 18838
internal_count=20350 19381 969 19020 630 18838
is_linear=0
shrinkage=0.05


Tree=117
num_leaves=7
num_cat=0
split_feature=32 52 35 24 41 35
split_gain=23.4416 32.8964 22.6489 30.0327 33.4824 28.3749
threshold=-1.066599905490875 0.00039747604751028126 -0.90040618181228627 0.091868072748184218 0.11440856382250787 -0.82206439971923817
decision_type=2 10 2 2 2 2
left_child=1 -1 -2 5 -5 -4
right_child=2 -3 3 4 -6 -7
leaf_value=0.0007063673356798709 0.00024429249518335175 -0.00069597426352391897 -0.00020770871035116954 -0.00034585324850186657 0.00022936812689511156 3.4494965747216939e-06
leaf_weight=263 308 85 964 428 108 18028
leaf_count=263 308 85 964 428 108 18028
internal_value=-0.000117638 0.0126771 -0.000321304 -0.000536272 -0.0121534 -0.00020398
internal_weight=20184 348 19836 19528 536 18992
internal_count=20184 348 19836 19528 536 18992
is_linear=0
shrinkage=0.05


Tree=118
num_leaves=7
num_cat=0
split_feature=50 2 38 60 49 35
split_gain=26.0025 31.1359 30.9996 36.1457 35.2076 33.1107
threshold=-0.39823280274868006 0.015970020554959777 0.016719738952815536 -1.6359719634056089 -0.15398444980382917 0.85893726348876964
decision_type=2 2 2 10 2 2
left_child=2 -2 5 4 -4 -1
right_child=1 -3 3 -5 -6 -7
leaf_value=9.0435946311140015e-05 -1.8078806521112501e-05 -0.00047312050405181997 0.00040825115867055954 -0.00019603593475351223 -0.00025462816510526032 -0.00021988603570386332
leaf_weight=6274 12456 240 251 822 75 164
leaf_count=6274 12456 240 251 822 75 164
internal_value=-5.29896e-05 -0.00142312 0.00227572 -0.00526886 0.0086858 0.00362797
internal_weight=20282 12696 7586 1148 326 6438
internal_count=20282 12696 7586 1148 326 6438
is_linear=0
shrinkage=0.05


Tree=119
num_leaves=7
num_cat=0
split_feature=48 55 1 46 42 43
split_gain=19.5727 41.7338 29.4539 27.1608 23.8791 23.8311
threshold=-1.8249749541282652 165610.52343750003 -0.023916034027934071 0.97968253493309032 0.099563151597976698 0.2283064275979996
decision_type=2 10 2 2 2 2
left_child=1 2 4 -3 -1 -2
right_child=5 3 -4 -5 -6 -7
leaf_value=-0.00034460281304472091 -7.6979076887771997e-06 0.00050726763607158174 0.00022007501906657815 -0.0006427961353169194 0.00022264357136104448 -0.00036327702357350986
leaf_weight=81 18719 88 942 148 54 299
leaf_count=81 18719 88 942 148 54 299
internal_value=-5.28619e-05 0.00563354 0.00981978 -0.0131743 -0.0116071 -0.000666299
internal_weight=20331 1313 1077 236 135 19018
internal_count=20331 1313 1077 236 135 19018
is_linear=0
shrinkage=0.05


Tree=120
num_leaves=7
num_cat=0
split_feature=35 53 36 12 12 55
split_gain=20.458 41.4696 34.7976 74.1982 33.9337 30.2276
threshold=0.85893726348876964 0.11650465801358224 0.83758923411369335 0.032158335670828826 -0.0046250747982412568 178555.81250000003
decision_type=2 8 2 2 2 10
left_child=2 -2 5 4 -4 -1
right_child=1 -3 3 -5 -6 -7
leaf_value=1.3217500070497863e-06 0.0002953030366589078 -0.00028102324658580926 0.00055691643149096055 -0.0011009833320183651 6.5390372576487032e-05 -0.00020990454385829178
leaf_weight=17598 84 238 250 60 341 1674
leaf_count=17598 84 238 250 60 341 1674
internal_value=-0.000102469 -0.0127676 -0.000156815 0.0111662 0.0166527 -0.000543394
internal_weight=20245 322 19923 651 591 19272
internal_count=20245 322 19923 651 591 19272
is_linear=0
shrinkage=0.05


Tree=121
num_leaves=7
num_cat=0
split_feature=7 29 40 51 45 42
split_gain=20.3167 38.8568 30.1983 36.3787 45.0308 50.1856
threshold=0.35644575953483587 -0.078274760395288454 0.12198248133063318 -0.04466650448739528 0.092017367482185378 0.080290783196687712
decision_type=2 2 2 10 2 2
left_child=1 -1 3 4 5 -3
right_child=-2 2 -4 -5 -6 -7
leaf_value=0.00046950697228131591 -2.7766626013839032e-05 1.7591262824297975e-05 -0.00029636108687913971 0.00013639831212305451 0.00017869119106553939 -0.00020747495696783383
leaf_weight=452 11919 2353 597 2117 1431 1352
leaf_count=452 11919 2353 597 2117 1431 1352
internal_value=-7.29259e-05 0.00174251 0.000913431 0.00180835 -0.000461972 -0.00337601
internal_weight=20221 8302 7850 7253 5136 3705
internal_count=20221 8302 7850 7253 5136 3705
is_linear=0
shrinkage=0.05


Tree=122
num_leaves=7
num_cat=0
split_feature=41 53 53 55 52 3
split_gain=27.0332 23.3627 22.5966 57.101 65.8837 57.5719
threshold=0.038348693400621421 -0.31592737138271326 -0.37929256260395044 520.22256469726574 0.0001167973823612556 0.0095846834592521208
decision_type=2 10 8 8 8 2
left_child=1 -1 3 -2 -5 -6
right_child=2 -3 -4 4 5 -7
leaf_value=-0.00018260556033740887 -0.00015630716143651678 0.00011009354447845794 -7.3630945118375588e-06 0.00035940570760018274 0.00012473531837301424 -0.0007092168905810073
leaf_weight=276 1122 52 16252 1246 1010 272
leaf_count=276 1122 52 16252 1246 1010 272
internal_value=-0.000112429 -0.014039 0.000325262 0.00387825 0.00804382 5.82751e-05
internal_weight=20230 328 19902 3650 2528 1282
internal_count=20230 328 19902 3650 2528 1282
is_linear=0
shrinkage=0.05


Tree=123
num_leaves=7
num_cat=0
split_feature=41 42 6 46 26 38
split_gain=21.5312 31.4142 24.4797 23.7459 23.4179 79.3156
threshold=0.038348693400621421 0.045820105820894248 0.97560048103332531 0.84857669472694408 0.0069864327087998399 0.023683091625571254
decision_type=2 2 2 2 2 2
left_child=3 -2 4 -1 -3 -6
right_child=1 2 -4 -5 5 -7
leaf_value=9.2678509072379638e-05 0.00045658100015131821 -1.8908071492966233e-05 -0.00014585117227740055 -0.00017226524927876278 7.6348226422813395e-05 -0.0003338352777073687
leaf_weight=78 137 11769 960 250 6522 477
leaf_count=78 137 11769 960 250 6522 477
internal_value=-1.36152e-05 -1.63563e-05 -0.000186236 -0.0128378 0.00021174 0.00250214
internal_weight=20193 19865 19728 328 18768 6999
internal_count=20193 19865 19728 328 18768 6999
is_linear=0
shrinkage=0.05


Tree=124
num_leaves=7
num_cat=0
split_feature=35 45 39 53 44 51
split_gain=23.9776 87.739 77.1683 65.7516 62.6822 100.057
threshold=0.20343378186225894 0.10219254344701768 -0.037063784897327416 -0.37929256260395044 0.11150418594479562 0.1065950393676758
decision_type=2 2 2 8 2 10
left_child=4 3 -3 -2 5 -1
right_child=1 2 -4 -5 -6 -7
leaf_value=9.3058231624951457e-06 0.00023232201805031109 0.00051245373977731705 -0.0004604592294093397 -3.7331239225073438e-05 0.00019598711763281468 -0.00056517887435484043
leaf_weight=9951 1036 164 1162 3852 3511 592
leaf_count=9951 1036 164 1162 3852 3511 592
internal_value=-8.63217e-06 -0.00264914 -0.0140308 0.000444513 0.00107938 -0.000846132
internal_weight=20268 6214 1326 4888 14054 10543
internal_count=20268 6214 1326 4888 14054 10543
is_linear=0
shrinkage=0.05


Tree=125
num_leaves=7
num_cat=0
split_feature=24 42 44 45 46 18
split_gain=19.5292 36.7361 20.2897 45.8389 24.6535 21.6076
threshold=0.10988114029169084 0.11537772044539453 0.15963118523359301 0.15390209108591082 0.95158973336219799 0.22500000149011615
decision_type=2 2 2 2 2 2
left_child=2 -2 5 4 -4 -1
right_child=1 -3 3 -5 -6 -7
leaf_value=6.3133348177438534e-05 0.00014580327964025625 -0.00047263991424579269 0.00010166149393698162 -0.00017858537252733809 0.0010382537760337657 -1.6695268316852157e-05
leaf_weight=3972 87 224 168 248 174 15369
leaf_count=3972 87 224 168 248 174 15369
internal_value=-3.33383e-05 -0.0124209 0.000106591 0.00920168 0.0209654 -0.00017187
internal_weight=20242 311 19931 590 342 19341
internal_count=20242 311 19931 590 342 19341
is_linear=0
shrinkage=0.05


Tree=126
num_leaves=7
num_cat=0
split_feature=43 48 17 17 44 41
split_gain=27.6118 57.0092 32.545 32.5041 31.7452 48.7955
threshold=0.052654117345809943 1.0872883796691897 0.72499999403953563 0.52500000596046459 0.071281664073467269 0.066449362784624114
decision_type=2 2 2 2 2 2
left_child=1 2 3 -1 -2 -6
right_child=4 -3 -4 -5 5 -7
leaf_value=-0.00016655314459073614 8.2832051432981188e-05 0.00015274968747468534 -0.00030948511770421218 7.4051283700813167e-05 -0.00014206757168558389 1.6670626716517059e-05
leaf_weight=813 2453 395 343 442 1786 14013
leaf_count=813 2453 395 343 442 1786 14013
internal_value=-4.81481e-05 -0.00556807 -0.00977854 -0.00597222 0.000623049 -0.000197735
internal_weight=20245 1993 1598 1255 18252 15799
internal_count=20245 1993 1598 1255 18252 15799
is_linear=0
shrinkage=0.05


Tree=127
num_leaves=7
num_cat=0
split_feature=38 55 45 44 44 51
split_gain=18.2188 36.5565 44.8902 38.7971 34.2622 24.84
threshold=-0.029645365662872788 55997.472656250007 0.11990537121891977 0.097406584769487395 0.073797088116407408 -0.035900415852665894
decision_type=2 8 2 2 2 8
left_child=1 2 -1 4 -3 -6
right_child=-2 3 -4 -5 5 -7
leaf_value=-0.00090172955885407737 7.3252142141841482e-06 -8.0167672232090068e-05 0.00011294374898347113 -0.00029030892946016527 -0.0001020384081660929 0.00048683228486846798
leaf_weight=196 19308 151 66 335 58 200
leaf_count=196 19308 151 66 335 58 200
internal_value=-6.76707e-05 -0.00650346 -0.0223783 -0.00076769 0.00948068 0.0204373
internal_weight=20314 1006 262 744 409 258
internal_count=20314 1006 262 744 409 258
is_linear=0
shrinkage=0.05


Tree=128
num_leaves=7
num_cat=0
split_feature=21 2 47 5 39 36
split_gain=21.6983 56.6945 65.2397 77.5366 48.3394 54.0135
threshold=0.47499999403953558 0.0075578733813017615 0.86479333043098461 0.5654391646385194 -0.04354626685380935 0.20582026988267901
decision_type=2 2 2 2 2 2
left_child=-1 -2 3 4 -3 -6
right_child=1 2 -4 -5 5 -7
leaf_value=3.0526636936092565e-05 -0.00018059108985098152 -0.00050286477162614005 -4.6535491322141345e-05 -0.00030152496605927284 0.00056486624339260525 5.6965115447354145e-05
leaf_weight=9140 2362 153 6373 353 1146 699
leaf_count=9140 2362 153 6373 353 1146 699
internal_value=-5.80792e-05 -0.0015756 0.000283538 0.00739601 0.0112207 0.013473
internal_weight=20226 11086 8724 2351 1998 1845
internal_count=20226 11086 8724 2351 1998 1845
is_linear=0
shrinkage=0.05


Tree=129
num_leaves=7
num_cat=0
split_feature=12 45 36 44 36 47
split_gain=26.1746 38.7478 36.5199 33.949 47.213 39.4003
threshold=-0.038237622007727616 0.16615720093250277 -0.32736179232597346 0.096052478998899474 -0.80140164494514454 0.69518154859542858
decision_type=2 2 2 2 2 2
left_child=3 -2 -3 -1 -5 -6
right_child=1 2 -4 4 5 -7
leaf_value=0.00022670429411310113 -7.1325714048844703e-06 -1.354141172520652e-05 -0.00081724716587203063 0.00094699761130179064 0.00076459722322253518 -8.4205077016716895e-05
leaf_weight=1281 16412 170 141 153 78 2127
leaf_count=1281 16412 170 141 153 78 2127
internal_value=-6.26013e-05 -0.000772657 -0.0181171 0.00390368 0.000327973 -0.00154977
internal_weight=20362 16723 311 3639 2358 2205
internal_count=20362 16723 311 3639 2358 2205
is_linear=0
shrinkage=0.05


Tree=130
num_leaves=7
num_cat=0
split_feature=41 42 42 22 47 35
split_gain=21.6844 57.5421 55.4813 44.0262 42.7559 46.6826
threshold=0.064085789024829878 0.078621484339237227 0.062029838562011726 0.57500001788139354 0.89390933513641369 -0.74454957246780384
decision_type=2 2 2 2 2 2
left_child=1 3 -2 -1 5 -4
right_child=2 -3 4 -5 -6 -7
leaf_value=-3.9358635080969786e-06 0.00034882028631769298 -0.0002939143752272264 0.00040776520072901786 -0.00097494757681428458 -2.1850996848366001e-05 5.3659030897399225e-05
leaf_weight=4368 135 448 816 103 10002 4396
leaf_count=4368 135 448 816 103 10002 4396
internal_value=-1.35648e-05 -0.00282799 0.000985085 -0.00110031 0.000694855 0.00436554
internal_weight=20268 4919 15349 4471 15214 5212
internal_count=20268 4919 15349 4471 15214 5212
is_linear=0
shrinkage=0.05


Tree=131
num_leaves=7
num_cat=0
split_feature=41 35 35 21 2 36
split_gain=21.0735 29.9429 30.7577 24.3896 52.0297 49.0149
threshold=0.038348693400621421 -0.10527598112821578 0.11996133625507356 0.47499999403953558 0.0075578733813017615 -0.30565343797206873
decision_type=2 2 2 2 2 2
left_child=1 -1 -3 -2 5 -5
right_child=3 2 -4 4 -6 -7
leaf_value=0.0002428216129543052 3.5763968969999665e-05 -0.00024259162506193885 -2.8010241921991958e-05 -0.00034218260454525095 8.0459026787615488e-06 -3.2988459619264899e-05
leaf_weight=85 8799 136 114 1109 8725 1246
leaf_count=85 8799 136 114 1109 8725 1246
internal_value=-6.80053e-05 -0.0124265 -0.0210784 0.000126987 -0.00143212 -0.00801907
internal_weight=20214 335 250 19879 11080 2355
internal_count=20214 335 250 19879 11080 2355
is_linear=0
shrinkage=0.05


Tree=132
num_leaves=7
num_cat=0
split_feature=6 50 50 12 43 44
split_gain=24.3123 34.5541 32.076 20.978 20.5375 64.584
threshold=0.9177762269973756 1.9692323207855227 -0.17002093791961667 0.021325698122382167 0.052654117345809943 0.071281664073467269
decision_type=2 2 2 2 2 2
left_child=1 4 -2 -4 -1 -6
right_child=2 -3 3 -5 5 -7
leaf_value=-6.8246638152760124e-05 0.00046529006227516098 0.00024340536665951311 0.00012019530317134557 -0.00015640500164972875 0.00011790819873383821 -1.2755300278901434e-05
leaf_weight=1708 80 514 373 1451 2135 14025
leaf_count=1708 80 514 373 1451 2135 14025
internal_value=-0.000117047 0.000335835 -0.00559193 -0.00698469 -3.21714e-05 0.000518095
internal_weight=20286 18382 1904 1824 17868 16160
internal_count=20286 18382 1904 1824 17868 16160
is_linear=0
shrinkage=0.05


Tree=133
num_leaves=7
num_cat=0
split_feature=12 36 32 52 40 35
split_gain=23.8678 33.7691 35.706 33.1901 30.1279 90.2561
threshold=-0.092504121363162981 -0.30565343797206873 -0.73936486244201649 0.00016489975678268823 0.12198248133063318 -0.61661890149116505
decision_type=2 2 2 10 2 2
left_child=1 -1 3 -3 -2 -6
right_child=4 2 -4 -5 5 -7
leaf_value=0.00065501423621531856 8.9142831604046542e-06 0.00067742386361687433 -0.00055522663767070327 -0.00021446623507622963 0.0003253893746752241 -0.00039069676726983962
leaf_weight=184 18158 208 140 131 431 1109
leaf_count=184 18158 208 140 131 431 1109
internal_value=-9.20652e-05 0.00946856 0.00232438 0.0111192 -0.000140841 -0.00684466
internal_weight=20361 663 479 339 19698 1540
internal_count=20361 663 479 339 19698 1540
is_linear=0
shrinkage=0.05


Tree=134
num_leaves=7
num_cat=0
split_feature=6 18 5 35 38 3
split_gain=21.0611 24.2342 31.5657 28.371 23.7345 22.8471
threshold=0.9177762269973756 0.67499998211860668 0.28234864771366125 -0.35022744536399836 -0.00056551082525402297 0.0053855148144066342
decision_type=2 2 2 2 2 2
left_child=5 4 -3 -4 -2 -1
right_child=1 2 3 -5 -6 -7
leaf_value=-5.3146554344120882e-05 -0.00053068700509117256 0.00026020571716141582 0.00011772822401094277 -0.00015655352757913013 3.8803764888192539e-05 1.9066982860871991e-05
leaf_weight=2075 260 228 446 834 112 16282
leaf_count=2075 260 228 446 834 112 16282
internal_value=-9.75694e-05 -0.00529178 -0.00242895 -0.00550584 -0.0166446 0.000257325
internal_weight=20237 1880 1508 1280 372 18357
internal_count=20237 1880 1508 1280 372 18357
is_linear=0
shrinkage=0.05


Tree=135
num_leaves=7
num_cat=0
split_feature=32 3 3 52 44 41
split_gain=26.5094 24.4784 23.059 21.1211 17.454 49.3987
threshold=-1.066599905490875 0.0081285559572279471 0.0089009534567594546 0.00039747604751028126 0.15963118523359301 0.15645558387041095
decision_type=2 2 2 10 2 2
left_child=1 -1 -3 -4 -2 -6
right_child=4 2 3 -5 5 -7
leaf_value=0.00075423576790459377 -1.1223787183161673e-05 -0.00033289701621633331 0.00093657574754000921 -0.00025039783286367052 0.00037056573562419638 -0.00033277821670675941
leaf_weight=124 19440 50 98 80 435 218
leaf_count=124 19440 50 98 80 435 218
internal_value=-0.000111247 0.0133754 0.00332618 0.0118852 -0.00036944 0.00763678
internal_weight=20445 352 228 178 20093 653
internal_count=20445 352 228 178 20093 653
is_linear=0
shrinkage=0.05


Tree=136
num_leaves=7
num_cat=0
split_feature=47 5 47 22 42 22
split_gain=18.4633 45.0753 38.1206 29.8595 24.0486 27.2628
threshold=0.61010545492172252 0.017374459654092792 0.66748905181884777 0.72499999403953563 0.11537772044539453 0.77500000596046459
decision_type=2 2 2 2 2 2
left_child=1 3 4 -1 -2 -6
right_child=2 -3 -4 -5 5 -7
leaf_value=-0.00021319669654652198 0.00061050936837792806 -0.00060786087471807109 -6.0114622803073225e-06 0.00062328002623589132 0.00057029907007363735 -0.00067689671870307336
leaf_weight=64 206 167 19698 95 65 66
leaf_count=64 206 167 19698 95 65 66
internal_value=-6.26043e-05 -0.0120091 -0.000101048 0.00685976 0.0164474 -0.000183824
internal_weight=20361 326 20035 159 337 131
internal_count=20361 326 20035 159 337 131
is_linear=0
shrinkage=0.05


Tree=137
num_leaves=7
num_cat=0
split_feature=44 22 51 12 52 42
split_gain=17.4671 37.7075 26.2567 22.2864 34.6963 33.3478
threshold=0.15963118523359301 0.92499998211860668 4.6784667968750009 -0.11239748075604437 8.6531454144278555e-05 0.14107830077409747
decision_type=2 2 8 2 10 2
left_child=3 2 -2 4 -1 -5
right_child=1 -3 -4 5 -6 -7
leaf_value=0.00073996610399924053 0.00089945420394368621 -2.7228309780916909e-05 -6.7307207177056961e-05 1.6322860749464148e-06 -0.00024859334187959887 -0.00018893839315397727
leaf_weight=141 209 389 69 18020 102 1361
leaf_count=141 209 389 69 18020 102 1361
internal_value=-0.000126872 0.00792411 0.0218198 -0.00027383 0.0146169 -0.000465542
internal_weight=20291 667 278 19624 243 19381
internal_count=20291 667 278 19624 243 19381
is_linear=0
shrinkage=0.05


Tree=138
num_leaves=7
num_cat=0
split_feature=32 52 43 44 41 22
split_gain=18.4617 25.5177 16.1717 45.7821 46.6596 42.5225
threshold=-1.066599905490875 0.00039747604751028126 0.052654117345809943 0.071281664073467269 0.066449362784624114 0.62500000000000011
decision_type=2 10 2 2 2 2
left_child=1 -1 -2 -4 5 -5
right_child=2 -3 3 4 -6 -7
leaf_value=0.00057781547194095764 -6.0862757442002234e-05 -0.00066584250996175993 8.9904581136050548e-05 -9.2353714871070802e-05 -1.5817874945691936e-06 -0.0009504781489812035
leaf_weight=255 1948 82 2373 1509 13869 255
leaf_count=254 1948 82 2373 1509 13869 255
internal_value=-9.23827e-05 0.0111842 -0.000529836 -5.96857e-05 -0.00104393 -0.00869135
internal_weight=20291 337 19954 18006 15633 1764
internal_count=20291 336 19955 18006 15633 1764
is_linear=0
shrinkage=0.05


Tree=139
num_leaves=7
num_cat=0
split_feature=51 53 38 5 32 35
split_gain=19.9142 50.4324 45.0103 40.0872 34.9695 34.5197
threshold=-0.038356900215148919 0.59921711683273327 0.021334188058972362 -0.47655372321605677 -0.95081305503845204 -0.84121075272560109
decision_type=8 10 2 2 2 2
left_child=1 2 5 -3 -2 -1
right_child=4 3 -4 -5 -6 -7
leaf_value=-0.00029182137083881712 0.00039925846548797682 0.00020009546746190145 -0.0002996101446212385 -0.00033011630344177408 1.0550010975971446e-05 6.3392442954988802e-05
leaf_weight=257 362 140 487 628 14303 4050
leaf_count=257 362 140 487 628 14303 4050
internal_value=-5.31336e-05 -0.0024744 -0.000557408 -0.0143273 0.00103783 0.00107259
internal_weight=20227 5562 4794 768 14665 4307
internal_count=20227 5562 4794 768 14665 4307
is_linear=0
shrinkage=0.05


Tree=140
num_leaves=7
num_cat=0
split_feature=5 54 26 44 41 30
split_gain=20.1779 28.2318 45.4925 20.4679 50.7345 27.9214
threshold=0.79399502277374279 0.08471397310495378 0.074844185262918486 0.15963118523359301 0.15645558387041095 49.689640045166023
decision_type=2 8 2 2 2 2
left_child=3 -2 -3 -1 -5 -6
right_child=1 2 -4 4 5 -7
leaf_value=3.6391059638166623e-06 -0.00034433280508347746 0.0001134325546727255 -0.00059974168468754276 0.00049961251507415452 0.00021281592121961685 -0.00068123262045217828
leaf_weight=18971 242 320 102 382 144 94
leaf_count=18971 242 320 102 382 144 94
internal_value=-3.82527e-05 -0.00833333 -0.000409836 0.000496275 0.0094 -0.00853909
internal_weight=20255 664 422 19591 620 238
internal_count=20255 664 422 19591 620 238
is_linear=0
shrinkage=0.05


Tree=141
num_leaves=7
num_cat=0
split_feature=10 53 39 44 24 45
split_gain=16.9809 62.3447 69.1074 59.737 50.9884 74.7983
threshold=0.0076781252864748248 -0.1426417529582977 0.043531142175197608 0.11697481572628023 0.017695952206850055 0.085306551307439818
decision_type=2 10 2 2 2 2
left_child=-1 2 3 -2 -3 -6
right_child=1 4 -4 -5 5 -7
leaf_value=-1.7984618626145203e-05 0.00016860635511715353 3.4812102332609236e-05 -0.00040974842341904991 -7.9775913526189388e-05 -3.066696782132177e-05 -0.00063718874623050524
leaf_weight=12482 3967 1403 242 1204 584 445
leaf_count=12482 3967 1403 242 1204 584 445
internal_value=-0.000126648 0.00188854 0.00487726 0.00610993 -0.00474969 -0.013177
internal_weight=20327 7845 5413 5171 2432 1029
internal_count=20327 7845 5413 5171 2432 1029
is_linear=0
shrinkage=0.05


Tree=142
num_leaves=7
num_cat=0
split_feature=41 53 35 27 46 36
split_gain=19.5892 27.1118 23.4605 25.8898 28.7485 35.2586
threshold=0.041487954556941993 -0.31592737138271326 0.59950232505798351 -0.0011683556367643175 0.87211963534355175 -0.091948233544826494
decision_type=2 10 2 2 2 2
left_child=1 2 3 4 -1 -6
right_child=-2 -3 -4 -5 5 -7
leaf_value=0.00040047919291514694 4.7985476162193398e-06 0.00022981559742560082 0.00064504761934949719 -0.00031344255059218484 -0.00016669322931211233 0.0001197699376313233
leaf_weight=56 19746 100 53 198 172 93
leaf_count=56 19746 100 53 198 172 93
internal_value=-4.77403e-05 -0.00838257 -0.0126083 -0.0158874 -0.00682515 -0.0137963
internal_weight=20418 672 572 519 321 265
internal_count=20418 672 572 519 321 265
is_linear=0
shrinkage=0.05


Tree=143
num_leaves=7
num_cat=0
split_feature=24 35 35 42 36 54
split_gain=19.3518 34.0154 21.5887 64.6178 48.4515 40.0816
threshold=0.091868072748184218 0.25668361783027654 -0.82206439971923817 0.091594811528921141 -0.82629123330116261 0.031441003084182746
decision_type=2 2 2 2 2 10
left_child=2 -2 3 -1 -4 -5
right_child=1 -3 4 5 -6 -7
leaf_value=-0.00028703715115949646 -2.404122150642084e-05 -0.00045096910695456653 0.00025753794574789559 0.00034942421770980736 2.5221407564231031e-06 -0.00031266404929729502
leaf_weight=660 458 187 849 335 17551 201
leaf_count=660 458 187 849 335 17551 201
internal_value=-0.000127186 -0.0085 0.000269119 -0.00622398 0.000694105 0.00660813
internal_weight=20241 645 19596 1196 18400 536
internal_count=20241 645 19596 1196 18400 536
is_linear=0
shrinkage=0.05


Tree=144
num_leaves=7
num_cat=0
split_feature=29 11 2 40 35 44
split_gain=21.8196 54.9065 41.247 28.0256 20.1669 48.3398
threshold=-0.078274760395288454 -0.0022771084913983937 0.015970020554959777 0.086472440510988249 0.85893726348876964 0.084332264959812178
decision_type=2 2 2 2 2 2
left_child=1 3 4 -1 -2 -6
right_child=2 -3 -4 -5 5 -7
leaf_value=-0.00016254696013492083 6.4860700485029498e-06 -0.00048136702994607282 -0.00043275100358790026 0.00055365445097961779 -0.00037762237984402964 0.00031522011235918349
leaf_weight=51 18907 151 428 448 220 104
leaf_count=51 18907 151 428 448 220 104
internal_value=-4.30737e-05 0.00912214 -0.000153834 0.0171131 0.000188449 -0.0120821
internal_weight=20309 650 19659 499 19231 324
internal_count=20309 650 19659 499 19231 324
is_linear=0
shrinkage=0.05


Tree=145
num_leaves=7
num_cat=0
split_feature=35 42 53 26 45 45
split_gain=20.0295 100.552 57.7833 77.7645 54.9825 81.7184
threshold=0.20343378186225894 0.11537772044539453 0.11650465801358224 -0.029211172834038731 0.10219254344701768 0.071433845907449736
decision_type=2 2 8 2 2 2
left_child=-1 2 4 -4 5 -2
right_child=1 -3 3 -5 -6 -7
leaf_value=2.057026784072747e-05 -7.8139304151813888e-05 -0.00045428346173834828 -0.00031844711775401159 -4.7031441486980877e-06 -0.00038041480393196324 0.00035690192330512611
leaf_weight=14139 707 966 558 2472 170 1341
leaf_count=14139 707 966 558 2472 170 1341
internal_value=-9.21014e-05 -0.00239186 0.000337902 -0.00414333 0.00646649 0.00875548
internal_weight=20353 6214 5248 3030 2218 2048
internal_count=20353 6214 5248 3030 2218 2048
is_linear=0
shrinkage=0.05


Tree=146
num_leaves=7
num_cat=0
split_feature=41 35 22 45 24 47
split_gain=20.6243 66.1308 53.9784 47.3065 43.3625 40.9988
threshold=0.067547459155321135 -0.72213029861450184 0.82500001788139354 0.068117152899503722 0.019991035573184494 0.83179661631584179
decision_type=2 2 2 2 2 2
left_child=1 -1 -3 -2 5 -5
right_child=3 2 -4 4 -6 -7
leaf_value=-0.00030048215427293186 0.0003908745297487911 -1.8860314750106398e-06 -0.0018052461632549082 0.00027208583222535784 -6.2981820550165072e-05 2.5691803741937719e-05
leaf_weight=427 349 5380 75 1647 4654 7686
leaf_count=427 349 5380 75 1647 4654 7686
internal_value=-6.79919e-05 -0.00228894 -0.000792125 0.00122551 0.000766509 0.00273345
internal_weight=20218 5882 5455 14336 13987 9333
internal_count=20218 5882 5455 14336 13987 9333
is_linear=0
shrinkage=0.05


Tree=147
num_leaves=7
num_cat=0
split_feature=38 15 36 44 6 22
split_gain=19.9348 28.059 22.5919 21.7602 24.5336 22.4273
threshold=-0.029645365662872788 0.57500001788139354 -0.63357672095298756 0.097406584769487395 0.76408696174621593 0.82500001788139354
decision_type=2 2 2 2 2 2
left_child=1 2 -1 4 -3 -5
right_child=-2 3 -4 5 -6 -7
leaf_value=2.538864248134462e-05 7.838348419946791e-06 0.000380913203337962 -0.00041211272719732017 -0.00034596356286663646 -1.5078122764511371e-05 5.474814160787347e-05
leaf_weight=152 19222 126 425 106 140 82
leaf_count=152 19222 126 425 106 140 82
internal_value=-0.000146856 -0.00668436 -0.0139605 0.00255991 0.0117159 -0.0102332
internal_weight=20253 1031 577 454 266 188
internal_count=20253 1031 577 454 266 188
is_linear=0
shrinkage=0.05


Tree=148
num_leaves=7
num_cat=0
split_feature=55 45 6 29 53 47
split_gain=18.8927 45.09 52.4854 43.8478 40.9375 37.1397
threshold=123439.47265625001 0.099107317626476302 0.137920156121254 0.061330460011959083 -0.69180646538734425 1.1110390424728396
decision_type=10 2 2 2 10 2
left_child=-1 3 -3 5 -4 -2
right_child=1 2 4 -5 -6 -7
leaf_value=1.630629385682348e-05 1.0066393903363642e-05 0.00015294378187547276 -0.00014772975432660531 -0.00051221947914523256 -0.00083003142385754645 0.00083072764202113273
leaf_weight=16960 2306 279 245 89 336 55
leaf_count=16960 2306 279 245 89 336 55
internal_value=-8.75462e-05 -0.00322021 -0.0130347 0.000234216 -0.0215444 0.00157439
internal_weight=20270 3310 860 2450 581 2361
internal_count=20270 3310 860 2450 581 2361
is_linear=0
shrinkage=0.05


Tree=149
num_leaves=7
num_cat=0
split_feature=7 0 2 38 7 38
split_gain=18.7606 29.5851 48.0963 35.4894 27.0159 26.5639
threshold=0.52851936221122753 0.039682455360889442 0.0063765789382159719 -0.023614451289176937 0.33725899457931524 -0.0045264195650815955
decision_type=2 2 2 2 2 2
left_child=1 -1 -3 -4 -5 -2
right_child=5 2 3 4 -6 -7
leaf_value=9.0552422587566434e-06 3.0096608942771026e-05 -0.00057392025928127549 -9.4243750129838249e-05 0.00055601439956739866 9.8821721231431722e-05 -7.4315802600299178e-05
leaf_weight=9742 3993 82 177 512 267 5466
leaf_count=9742 3993 82 177 512 267 5466
internal_value=-0.000132138 0.00146268 0.00946788 0.0126691 0.0172513 -0.0015876
internal_weight=20239 10780 1038 956 779 9459
internal_count=20239 10780 1038 956 779 9459
is_linear=0
shrinkage=0.05


Tree=150
num_leaves=7
num_cat=0
split_feature=25 43 47 35 46 55
split_gain=20.2256 26.3384 22.729 42.0018 23.6304 22.3652
threshold=0.056967813521623618 0.14643827825784686 1.6064773201942446 0.54924064874649059 0.79077681899070751 7.688934564590455
decision_type=2 2 2 2 2 10
left_child=2 -2 -1 4 -4 -3
right_child=1 5 3 -5 -6 -7
leaf_value=-1.459444719195235e-06 -0.00043643393304366887 -0.00055098091707246415 0.0010695296004340907 -0.00042720887339832815 6.0694872419230118e-05 0.00097430349404578902
leaf_weight=19701 183 65 129 74 83 69
leaf_count=19701 183 65 129 74 83 69
internal_value=-9.23236e-05 -0.0125 0.000131303 0.0140034 0.0252304 0.00413669
internal_weight=20304 317 19987 286 212 134
internal_count=20304 317 19987 286 212 134
is_linear=0
shrinkage=0.05


Tree=151
num_leaves=7
num_cat=0
split_feature=25 26 51 44 50 50
split_gain=18.5758 35.3471 17.7935 31.3624 41.9532 36.7655
threshold=0.056967813521623618 -0.024346209131181237 -0.038356900215148919 0.050801219418644912 -0.39823280274868006 0.66898265480995189
decision_type=2 2 8 2 2 2
left_child=2 -2 3 -1 -5 -6
right_child=1 -3 -4 4 5 -7
leaf_value=0.00025744876095801624 0.00035980077119691413 -0.0004671075179556259 1.7732266650329088e-05 2.329357779963003e-05 -0.00024968887547738527 0.00010119891957432672
leaf_weight=143 112 201 14309 2981 1757 651
leaf_count=143 112 201 14309 2981 1757 651
internal_value=-7.81289e-05 -0.0120283 0.000152424 -0.00225303 -0.0028782 -0.00778077
internal_weight=20154 313 19841 5532 5389 2408
internal_count=20154 313 19841 5532 5389 2408
is_linear=0
shrinkage=0.05


Tree=152
num_leaves=7
num_cat=0
split_feature=53 35 3 22 51 28
split_gain=19.6264 41.1475 62.6241 96.8344 79.689 85.4061
threshold=-0.37929256260395044 0.20343378186225894 0.0089009534567594546 0.87500000000000011 -0.066446799784898744 0.012625246308743955
decision_type=8 2 2 2 10 2
left_child=-1 2 3 -2 5 -4
right_child=1 -3 4 -5 -6 -7
leaf_value=7.6019128290455196e-05 6.6902917136347532e-08 -8.21762368713503e-05 0.00038098216386797705 -0.00054407328845739323 -7.6837544276310121e-05 -9.3989435816453724e-05
leaf_weight=3745 7451 4773 1869 517 1424 558
leaf_count=3745 7451 4773 1869 517 1424 558
internal_value=-6.75941e-05 -0.000504609 0.0010762 -0.00145177 0.00630835 0.0118113
internal_weight=20337 16592 11819 7968 3851 2427
internal_count=20337 16592 11819 7968 3851 2427
is_linear=0
shrinkage=0.05


Tree=153
num_leaves=7
num_cat=0
split_feature=23 47 35 35 3 35
split_gain=16.6356 33.0321 40.9777 58.6849 52.8921 52.7464
threshold=0.011934590060263874 1.0827509164810183 0.076805792748928084 0.4670777171850205 0.0085028992034494894 0.59950232505798351
decision_type=2 2 2 2 2 2
left_child=1 -1 -3 -4 -5 -6
right_child=-2 2 3 4 5 -7
leaf_value=-7.9888097945543841e-06 -6.1253423689214319e-05 0.00019518641859744078 -0.00022016050863880944 0.00048608473487747416 0.0002789968343470436 -0.00044015932775771927
leaf_weight=13067 4222 1953 631 111 147 139
leaf_count=13067 4222 1953 631 111 147 139
internal_value=-0.000117139 0.000621379 0.00536671 -0.00268635 0.0122512 0.000601375
internal_weight=20270 16048 2981 1028 397 286
internal_count=20270 16048 2981 1028 397 286
is_linear=0
shrinkage=0.05


Tree=154
num_leaves=7
num_cat=0
split_feature=21 2 1 47 24 38
split_gain=15.9531 51.5109 51.2855 50.7273 60.265 70.8792
threshold=0.47499999403953558 0.0075578733813017615 -0.0015373928472399709 0.89390933513641369 0.015593752730637791 -0.013127992395311592
decision_type=2 2 2 2 2 2
left_child=-1 2 -2 4 5 -3
right_child=1 3 -4 -5 -6 -7
leaf_value=2.2155522241347613e-05 -0.0003736283810041554 -0.00012915739305804639 -2.8128257769692167e-05 -4.6951070964587327e-05 -1.9754619315763079e-05 0.000607267206773048
leaf_weight=9112 1090 351 1257 6021 1404 1022
leaf_count=9112 1090 351 1257 6021 1404 1022
internal_value=-1.35722e-05 -0.00147309 -0.00804634 0.000281154 0.00586808 0.0132983
internal_weight=20257 11145 2347 8798 2777 1373
internal_count=20257 11145 2347 8798 2777 1373
is_linear=0
shrinkage=0.05


Tree=155
num_leaves=7
num_cat=0
split_feature=12 36 42 42 46 41
split_gain=20.8262 36.2271 59.0433 54.793 36.2978 33.2783
threshold=0.058622235432267196 -0.091948233544826494 0.085387513041496291 0.080290783196687712 0.79077681899070751 0.093795578926801695
decision_type=2 2 2 2 2 2
left_child=-1 5 3 -3 -4 -2
right_child=1 2 4 -5 -6 -7
leaf_value=1.0506217785139416e-05 -0.00014358877488825292 -0.00042822618478756077 0.00012620163038036541 0.00049777357338484033 -0.0006406812790462665 0.0004108302885404855
leaf_weight=19371 283 56 60 74 290 205
leaf_count=19371 283 56 60 74 290 205
internal_value=-0.000126573 -0.006963 -0.0166495 0.0116667 -0.0272535 0.00258621
internal_weight=20339 968 480 130 350 488
internal_count=20339 968 480 130 350 488
is_linear=0
shrinkage=0.05


Tree=156
num_leaves=7
num_cat=0
split_feature=54 35 3 22 54 53
split_gain=19.666 28.7047 72.1016 81.2862 70.0585 65.9054
threshold=-0.092819441109895692 0.20343378186225894 0.0089009534567594546 0.87500000000000011 0.04062467813491822 0.77372738718986522
decision_type=8 2 2 2 10 8
left_child=-1 2 3 -2 -4 -5
right_child=1 -3 4 5 -6 -7
leaf_value=-8.3611667400288012e-05 1.0770028301587014e-05 -3.9031989094975031e-05 0.00029797771218277212 0.00019653011571214851 -3.4674370702693823e-05 -0.00071807276297910876
leaf_weight=2494 8007 5241 2451 143 1496 410
leaf_count=2494 8007 5241 2451 143 1496 410
internal_value=-4.32163e-05 0.000505548 0.00180826 -0.000767659 0.00739499 -0.0192204
internal_weight=20242 17748 12507 8560 3947 553
internal_count=20242 17748 12507 8560 3947 553
is_linear=0
shrinkage=0.05


Tree=157
num_leaves=7
num_cat=0
split_feature=38 48 53 44 21 17
split_gain=18.6563 37.7864 30.8012 26.8597 24.5012 20.0941
threshold=-0.029645365662872788 -0.1232074312865734 -0.072933789342641817 0.097406584769487395 0.22500000149011615 0.72499999403953563
decision_type=2 2 8 2 2 2
left_child=1 2 -1 4 -3 -2
right_child=5 3 -4 -5 -6 -7
leaf_value=-0.00072543435261315358 1.9842094070090819e-05 -0.00016983031480026798 -0.00019391545962931233 -0.00014979707237081172 0.00035390617371250746 -4.2818102505296374e-05
leaf_weight=139 13524 74 303 255 224 5766
leaf_count=139 13524 74 303 255 224 5766
internal_value=-0.000136767 -0.007025 -0.0178412 0.00165771 0.0117987 -1.94351e-05
internal_weight=20285 995 442 553 298 19290
internal_count=20285 995 442 553 298 19290
is_linear=0
shrinkage=0.05


Tree=158
num_leaves=7
num_cat=0
split_feature=4 29 45 35 40 49
split_gain=19.5084 37.1682 30.0411 41.4999 29.2935 23.6381
threshold=-0.034161720424890511 -0.078274760395288454 0.14633079618215564 -0.65463951230049122 0.082662306725978865 0.62757551670074474
decision_type=2 2 2 2 2 2
left_child=1 4 -2 -4 -1 -3
right_child=2 5 3 -5 -6 -7
leaf_value=-0.00032573368039471478 -1.3685345645806507e-05 5.1520602148354397e-06 0.00019279806586598101 -0.00039676867054686297 0.00043449990308349197 0.0003416892738392281
leaf_weight=55 9465 9192 208 617 472 296
leaf_count=55 9465 9196 208 617 468 296
internal_value=-0.000136632 0.00146956 -0.00162943 -0.010753 0.0143327 0.000745286
internal_weight=20305 10015 10290 825 527 9488
internal_count=20305 10015 10290 825 523 9492
is_linear=0
shrinkage=0.05


Tree=159
num_leaves=7
num_cat=0
split_feature=12 21 26 36 21 2
split_gain=19.2086 32.0598 22.4847 21.7619 18.6573 51.6054
threshold=0.065213397145271315 0.62500000000000011 0.14068236947059634 -0.63357672095298756 0.82500001788139354 0.0082677453756332415
decision_type=2 2 2 2 2 2
left_child=4 2 -2 -3 -1 -6
right_child=1 3 -4 -5 5 -7
leaf_value=-8.7072762663047817e-06 -0.00010082523381051917 1.5123767717854309e-05 0.00041443799384890907 -0.00059592318061375783 -0.00024560726796127628 0.00014359152779348441
leaf_weight=15675 230 87 124 209 606 3361
leaf_count=15675 230 87 124 209 606 3361
internal_value=-8.74513e-05 -0.00851145 0.00160167 -0.020515 0.000192141 0.00325403
internal_weight=20292 650 354 296 19642 3967
internal_count=20292 650 354 296 19642 3967
is_linear=0
shrinkage=0.05


Tree=160
num_leaves=7
num_cat=0
split_feature=6 39 12 39 3 39
split_gain=19.9059 30.4012 27.9575 29.9926 28.3991 43.9444
threshold=0.137920156121254 0.05777429603040219 -0.070307701826095567 0.043531142175197608 0.0053855148144066342 -0.027173096314072605
decision_type=2 2 2 2 2 2
left_child=1 -1 3 -2 5 -4
right_child=2 -3 4 -5 -6 -7
leaf_value=4.1233145414099737e-05 -0.00043018858581802643 0.0011106416200665093 0.00016285455903184052 0.00046481731580531811 3.3527399662490459e-06 -0.00013753157051773625
leaf_weight=3545 404 74 235 81 14425 1568
leaf_count=3545 404 74 235 81 14425 1568
internal_value=-0.000185622 0.00315259 -0.000934621 -0.0127041 -0.000577527 -0.00648507
internal_weight=20332 3619 16713 485 16228 1803
internal_count=20332 3619 16713 485 16228 1803
is_linear=0
shrinkage=0.05


Tree=161
num_leaves=7
num_cat=0
split_feature=6 18 26 39 3 36
split_gain=21.3616 28.9581 27.4554 71.8317 56.9721 46.3914
threshold=0.9177762269973756 0.67499998211860668 0.0069864327087998399 0.017648831009864811 0.013325378764420749 0.73668375611305248
decision_type=2 2 2 2 2 2
left_child=2 -2 3 5 -4 -1
right_child=1 -3 4 -5 -6 -7
leaf_value=-7.8049132610831439e-05 -0.00032185336974757564 -3.8216800042759785e-05 6.9071909471503658e-05 0.00011687276304636339 -0.00083018315159543636 0.00025306854398415352
leaf_weight=8446 368 1547 6252 2882 156 543
leaf_count=8446 368 1547 6252 2882 156 543
internal_value=-0.00018194 -0.0053776 0.000165445 -0.00125674 0.0028029 -0.00346064
internal_weight=20194 1915 18279 11871 6408 8989
internal_count=20194 1915 18279 11871 6408 8989
is_linear=0
shrinkage=0.05


Tree=162
num_leaves=7
num_cat=0
split_feature=24 32 36 52 42 21
split_gain=21.0066 22.3463 40.6069 24.5231 19.6438 49.8841
threshold=0.091868072748184218 0.96261096000671398 -0.69148647785186756 8.9818531705532237e-05 0.1201714798808098 0.72499999403953563
decision_type=2 2 2 8 2 2
left_child=1 -1 -3 -4 -2 -6
right_child=4 2 3 -5 5 -7
leaf_value=1.708588545521275e-06 -3.4450842844417632e-07 0.0005086923819869097 -0.00028781435012856617 0.00025889487826780935 0.00015122133654975529 -0.00068922388103348953
leaf_weight=19408 340 110 106 75 124 177
leaf_count=19408 340 110 106 75 124 177
internal_value=-0.000170804 0.0003007 0.0139358 -0.000672043 -0.00886223 -0.0180556
internal_weight=20340 19699 291 181 641 301
internal_count=20340 19699 291 181 641 301
is_linear=0
shrinkage=0.05


Tree=163
num_leaves=7
num_cat=0
split_feature=43 48 50 24 10 38
split_gain=19.9907 35.0755 19.9864 22.2749 28.818 30.6006
threshold=0.2283064275979996 -1.6074485182762144 1.9692323207855227 -0.017058999277651306 -0.016280116513371464 0.0027347912546247248
decision_type=2 2 2 2 2 2
left_child=2 -2 -1 -4 5 -5
right_child=1 -3 3 4 -6 -7
leaf_value=-8.6601203353303658e-06 0.00076859448841464157 -0.0004949025218108624 0.0007184186722566159 -0.00027519998223079367 0.00023735312986434754 0.0002204726401891401
leaf_weight=18975 51 272 133 274 336 210
leaf_count=18975 51 272 133 274 336 210
internal_value=-0.000215985 -0.0125762 -0.000129183 0.00691545 0.00372727 -0.00403885
internal_weight=20251 323 19928 953 820 484
internal_count=20251 323 19928 953 820 484
is_linear=0
shrinkage=0.05


Tree=164
num_leaves=7
num_cat=0
split_feature=0 3 42 53 53 52
split_gain=21.4524 26.0015 43.0403 24.4921 29.9635 36.8603
threshold=-0.0083196219056844694 0.013325378764420749 0.17539819329977038 0.90601870417594921 -0.1426417529582977 8.6531454144278555e-05
decision_type=2 2 2 10 10 8
left_child=1 3 -3 4 5 -1
right_child=-2 2 -4 -5 -6 -7
leaf_value=0.00013640049999305733 2.2048726091229842e-05 -0.00073588305894818173 0.00028375550343195266 0.00029173360838138289 -0.0001404361869622244 -4.7211196111621753e-05
leaf_weight=1605 12825 227 81 139 1732 3595
leaf_count=1605 12825 227 81 139 1732 3595
internal_value=-0.000117522 -0.00210252 -0.0162141 -0.00147329 -0.00189924 0
internal_weight=20204 7379 308 7071 6932 5200
internal_count=20204 7379 308 7071 6932 5200
is_linear=0
shrinkage=0.05


Tree=165
num_leaves=7
num_cat=0
split_feature=38 51 45 17 11 55
split_gain=19.7942 30.3689 26.6298 26.4153 25.4866 18.3482
threshold=-0.029645365662872788 0.088687527924776091 0.12497041746973993 0.37500000000000006 0.025591172277927402 117001.03906250001
decision_type=2 10 2 2 2 10
left_child=1 3 -3 -1 -5 -2
right_child=5 2 -4 4 -6 -7
leaf_value=-0.00021730120719177997 1.5256711555755153e-05 -0.00080132169643758579 6.8373292923774867e-05 0.00015310495645084739 -0.00031944137970728597 -6.3002295934678771e-05
leaf_weight=323 15932 130 50 439 56 3431
leaf_count=323 15932 130 50 439 56 3431
internal_value=-6.75145e-05 -0.00695414 -0.0252703 -0.00276428 0.00445 0.000249122
internal_weight=20361 998 180 818 495 19363
internal_count=20361 998 180 818 495 19363
is_linear=0
shrinkage=0.05


Tree=166
num_leaves=7
num_cat=0
split_feature=32 3 10 53 24 36
split_gain=18.7255 20.001 15.9615 21.3575 19.3681 55.6893
threshold=-1.066599905490875 0.0077025555074214944 0.1310793608427048 -0.072933789342641817 0.027042051777243618 -0.80140164494514454
decision_type=2 2 2 8 2 2
left_child=1 -1 4 -4 -2 -6
right_child=2 -3 3 -5 5 -7
leaf_value=0.00069393446629921094 4.6350163380043777e-06 0.00013132330417883962 0.00031539204673026967 -0.00030041677918433795 0.00023905923390224806 -9.6640569683384677e-05
leaf_weight=86 14830 239 252 76 713 4136
leaf_count=86 14830 239 252 76 713 4136
internal_value=-8.23622e-05 0.0115909 -0.000416 0.0104354 -0.000600742 -0.0033426
internal_weight=20332 325 20007 328 19679 4849
internal_count=20332 325 20007 328 19679 4849
is_linear=0
shrinkage=0.05


Tree=167
num_leaves=7
num_cat=0
split_feature=12 53 43 6 26 3
split_gain=16.8765 35.9226 29.3828 29.5825 25.8963 38.7103
threshold=-0.092504121363162981 -1.003418982028961 0.10162374749779703 0.15232933312654498 -0.12636267393827436 0.010100463405251505
decision_type=2 10 2 2 2 2
left_child=1 -1 -3 -4 5 -2
right_child=4 2 3 -5 -6 -7
leaf_value=0.0008191297239061035 0.00033705417947459625 -0.0014782637150783243 0.00031340616606301313 -0.00057047293673644572 2.7784258918488379e-06 -0.00037964041668840881
leaf_weight=162 147 57 348 106 19003 601
leaf_count=162 147 57 348 106 19003 601
internal_value=-0.000160311 0.00785398 0.00121124 0.00561002 -0.000168303 -0.00926295
internal_weight=20424 673 511 454 19751 748
internal_count=20424 673 511 454 19751 748
is_linear=0
shrinkage=0.05


Tree=168
num_leaves=7
num_cat=0
split_feature=55 41 53 55 1 55
split_gain=18.6412 43.8305 45.3562 31.0569 53.3569 47.2924
threshold=123439.47265625001 0.088034246116876616 -0.26819933950901026 55997.472656250007 0.039960527792572982 50016.753906250007
decision_type=10 2 10 10 2 10
left_child=3 -2 -3 5 -5 -1
right_child=1 2 -4 4 -6 -7
leaf_value=-1.4951294125859194e-06 1.5359123003643458e-05 -9.3532836514283188e-05 -0.00075695895237530791 0.00011617756800599528 -0.00017897330209847565 -0.00041151481251536221
leaf_weight=12505 2075 755 436 3673 388 470
leaf_count=12505 2075 755 436 3673 388 470
internal_value=-0.000195745 -0.00359982 -0.0112249 0.000520803 0.00433473 -0.000672188
internal_weight=20302 3266 1191 17036 4061 12975
internal_count=20302 3266 1191 17036 4061 12975
is_linear=0
shrinkage=0.05


Tree=169
num_leaves=7
num_cat=0
split_feature=38 24 50 13 39 35
split_gain=20.9817 51.0511 47.7034 44.7158 40.2167 60.5194
threshold=0.0045060447882860908 0.027042051777243618 1.9692323207855227 0.0070867238100618133 0.017648831009864811 0.098510108888149275
decision_type=2 2 2 2 2 2
left_child=4 2 -2 -3 -1 -6
right_child=1 3 -4 -5 5 -7
leaf_value=1.0923113243091867e-05 -4.0666770269233106e-06 -0.00031436151149756157 0.0010216553216557836 -3.1928062969651537e-05 0.00035885146261951657 -5.3758036103289259e-05
leaf_weight=11409 5464 827 132 948 982 538
leaf_count=11409 5464 827 132 948 982 538
internal_value=-9.23418e-05 -0.00173875 0.000602571 -0.00911517 0.00160237 0.00922951
internal_weight=20300 7371 5596 1775 12929 1520
internal_count=20300 7371 5596 1775 12929 1520
is_linear=0
shrinkage=0.05


Tree=170
num_leaves=7
num_cat=0
split_feature=54 47 12 12 0 26
split_gain=17.5626 29.3322 22.9142 16.554 35.0808 30.9403
threshold=-0.4228194653987884 0.89990547299385082 0.018012714572250847 -0.092504121363162981 0.010526114143431188 -0.12636267393827436
decision_type=8 2 2 2 2 2
left_child=1 2 -1 4 -2 -5
right_child=3 -3 -4 5 -6 -7
leaf_value=0.00044709182032706289 -0.00039384068253309516 -0.00032639505722602188 -0.00018381117850309222 -0.00026066679701127946 0.00042436348486208747 3.20321257418769e-06
leaf_weight=197 118 643 194 615 390 18111
leaf_count=197 118 643 194 615 390 18111
internal_value=-0.000107286 -0.00661694 0.00410354 5.58761e-05 0.00891813 -0.000185521
internal_weight=20268 1034 391 19234 508 18726
internal_count=20268 1034 391 19234 508 18726
is_linear=0
shrinkage=0.05


Tree=171
num_leaves=7
num_cat=0
split_feature=7 45 35 46 1 22
split_gain=18.9052 38.1615 31.9146 28.5283 52.6931 37.1801
threshold=0.52851936221122753 0.14633079618215564 -0.65463951230049122 0.87211963534355175 -0.023916034027934071 0.72499999403953563
decision_type=2 2 2 2 2 2
left_child=3 -2 -3 4 5 -1
right_child=1 2 -4 -5 -6 -7
leaf_value=5.9607139231920732e-05 -1.1158821571097196e-05 0.00017435802659857144 -0.00042943081463833396 4.8331126497483474e-07 0.00018402776347672297 -0.00055153063412777693
leaf_weight=352 8747 201 551 8322 1901 244
leaf_count=351 8747 201 551 8322 1901 244
internal_value=-9.71805e-05 -0.00161248 -0.0123844 0.00144355 0.0061251 -0.00678037
internal_weight=20318 9499 752 10819 2497 596
internal_count=20318 9499 752 10819 2497 595
is_linear=0
shrinkage=0.05


Tree=172
num_leaves=7
num_cat=0
split_feature=45 42 22 39 43 42
split_gain=21.5971 54.2964 41.0571 30.7323 29.5766 38.038
threshold=0.06355955079197885 0.062029838562011726 0.52500000596046459 -0.027173096314072605 0.059012992307543762 0.081335157155990614
decision_type=2 2 2 2 2 2
left_child=2 -2 3 -1 5 -3
right_child=1 4 -4 -5 -6 -7
leaf_value=0.00010916852404285177 0.00025204078375190363 0.0002247982971309525 -0.00074309136104554543 -5.5870382811747395e-05 1.6483092026401986e-06 -0.00041216136392594198
leaf_weight=392 179 468 146 3041 15898 87
leaf_count=392 179 468 146 3041 15898 87
internal_value=-0.000117481 0.000839995 -0.0034389 -0.00230512 0.000536213 0.0118304
internal_weight=20211 16632 3579 3433 16453 555
internal_count=20211 16632 3579 3433 16453 555
is_linear=0
shrinkage=0.05


Tree=173
num_leaves=7
num_cat=0
split_feature=38 15 51 55 36 11
split_gain=16.3754 36.9999 35.4745 32.2666 34.7227 32.9967
threshold=0.016719738952815536 0.12500000372529033 0.82202646136283886 58009.328125000007 0.13449426740407947 -0.018155150115489956
decision_type=2 2 10 8 2 2
left_child=-1 -2 3 4 -3 -5
right_child=1 2 -4 5 -6 -7
leaf_value=7.9104299165912275e-06 0.00038224562234785036 -0.00018784464176988075 0.00020449915170917779 0.00031360021081606429 -0.00072428413929880584 -8.4923141056364017e-05
leaf_weight=17522 303 428 294 225 202 1443
leaf_count=17522 303 428 294 225 202 1443
internal_value=-5.26393e-05 -0.00362931 -0.00557374 -0.00767477 -0.0172835 -0.00398984
internal_weight=20417 2895 2592 2298 630 1668
internal_count=20417 2895 2592 2298 630 1668
is_linear=0
shrinkage=0.05


Tree=174
num_leaves=7
num_cat=0
split_feature=35 52 51 52 24 32
split_gain=19.0718 42.042 20.9802 43.4943 64.6114 62.1466
threshold=0.85893726348876964 8.6531454144278555e-05 -0.040501473471522324 9.3963466497370987e-05 -0.068778567016124711 0.86870166659355175
decision_type=2 8 8 8 2 2
left_child=2 -2 -1 5 -5 -4
right_child=1 -3 3 4 -6 -7
leaf_value=-6.6106453329442338e-05 0.00025795361346213716 -0.00033548299909209742 0.00014521745373382661 0.00031707026066911479 -2.590962612555889e-05 -0.00031962374978298472
leaf_weight=5331 91 237 3583 638 10216 152
leaf_count=5331 91 237 3583 638 10216 152
internal_value=-0.000161704 -0.0122372 -0.000169385 0.000810264 -0.000789668 0.00546123
internal_weight=20248 328 19920 14589 10854 3735
internal_count=20248 328 19920 14589 10854 3735
is_linear=0
shrinkage=0.05


Tree=175
num_leaves=7
num_cat=0
split_feature=12 21 53 35 51 40
split_gain=18.389 37.7812 34.7708 37.0317 28.6671 35.3096
threshold=0.052963843569159515 0.62500000000000011 -0.46167522668838495 -0.02543950546532869 -0.086753550916910158 0.099755290895700469
decision_type=2 2 8 2 10 2
left_child=-1 2 -2 4 -4 -6
right_child=1 -3 3 -5 5 -7
leaf_value=9.4809551002624122e-06 0.00032422136234571916 -0.00027260309162825572 0.00025079823135092929 -0.00047469281158495584 -0.00045270126269879155 0.00052037020461358371
leaf_weight=19070 181 565 201 178 98 58
leaf_count=19070 181 565 201 178 98 58
internal_value=-8.22853e-05 -0.00569596 0.00190707 -0.00449074 0.00476519 -0.0110248
internal_weight=20351 1281 716 535 357 156
internal_count=20351 1281 716 535 357 156
is_linear=0
shrinkage=0.05


Tree=176
num_leaves=7
num_cat=0
split_feature=38 50 18 26 53 44
split_gain=15.941 33.1076 36.5952 36.427 25.2737 35.6678
threshold=0.016719738952815536 1.1955300569534304 0.17500000447034839 0.068192228674888625 0.27487078309059149 0.084332264959812178
decision_type=2 2 2 2 10 2
left_child=-1 2 -2 -3 -4 -6
right_child=1 3 4 -5 5 -7
leaf_value=9.1758422114692217e-06 0.00017361782701093113 0.00028386098692372317 -8.4008211013215499e-05 -0.00086837765727404643 0.00012587018834216355 -0.000524336526443909
leaf_weight=17380 420 358 1751 52 76 253
leaf_count=17380 420 358 1751 52 76 253
internal_value=-3.32594e-05 -0.00349057 -0.00565868 0.00957831 -0.00838129 -0.0210329
internal_weight=20290 2910 2500 410 2080 329
internal_count=20290 2910 2500 410 2080 329
is_linear=0
shrinkage=0.05


Tree=177
num_leaves=7
num_cat=0
split_feature=51 3 35 51 26 13
split_gain=15.5939 48.4572 64.0227 65.6034 64.7766 50.6042
threshold=-0.038356900215148919 0.0091212717816233652 -0.13645590841770169 -0.030711559578776356 0.01785209029912949 0.018170422874391082
decision_type=10 2 2 8 2 2
left_child=-1 2 3 -2 -5 -4
right_child=1 -3 5 4 -6 -7
leaf_value=-1.6014525581340476e-05 0.00055554903195106844 -8.0876467316732745e-05 0.00020587904503472843 -9.1458133118556628e-05 -0.00098951020395958824 -4.4603744580351131e-05
leaf_weight=13523 152 2270 2823 551 182 783
leaf_count=13523 152 2270 2823 551 182 783
internal_value=-0.000102272 0.00177727 0.00478759 -0.0072191 -0.0134485 0.00774716
internal_weight=20284 6761 4491 885 733 3606
internal_count=20284 6761 4491 885 733 3606
is_linear=0
shrinkage=0.05


Tree=178
num_leaves=7
num_cat=0
split_feature=41 35 35 42 46 41
split_gain=18.582 33.3742 31.3484 20.4374 24.3573 16.6281
threshold=0.038348693400621421 -0.13645590841770169 0.14386235922575 0.045820105820894248 1.0605238676071169 0.041487954556941993
decision_type=2 2 2 2 2 2
left_child=1 -1 -3 4 -2 -5
right_child=3 2 -4 5 -6 -7
leaf_value=0.00026248745854544635 0.00077788523096676337 -0.00019740140492547966 9.7847241851546467e-06 -0.00012953235839280067 -8.6809407899189091e-05 2.5309589006399803e-07
leaf_weight=65 73 161 102 250 53 19601
leaf_count=65 73 161 102 250 53 19601
internal_value=-6.2777e-05 -0.0119369 -0.0198694 -2.62736e-05 0.0196565 -0.000157383
internal_weight=20305 328 263 19977 126 19851
internal_count=20305 328 263 19977 126 19851
is_linear=0
shrinkage=0.05


Tree=179
num_leaves=7
num_cat=0
split_feature=41 35 53 44 41 22
split_gain=21.6022 36.5244 33.2429 20.2904 46.5905 49.0285
threshold=0.038348693400621421 -0.10527598112821578 -0.31592737138271326 0.071281664073467269 0.066449362784624114 0.62500000000000011
decision_type=2 2 10 2 2 2
left_child=1 -1 -3 -2 5 -5
right_child=3 2 -4 4 -6 -7
leaf_value=0.00024936308561817401 4.8828290409645632e-05 -0.00021415351172854305 4.0137474909460247e-05 -6.0373256405663912e-05 1.2321096710197106e-05 -0.00093506721019431631
leaf_weight=81 3911 185 50 1636 14181 268
leaf_count=81 3911 185 50 1636 14181 268
internal_value=-8.73653e-05 -0.0126947 -0.0226042 0.000378731 -0.000405531 -0.00773965
internal_weight=20312 316 235 19996 16085 1904
internal_count=20312 316 235 19996 16085 1904
is_linear=0
shrinkage=0.05


Tree=180
num_leaves=7
num_cat=0
split_feature=10 51 40 33 49 0
split_gain=17.853 31.2828 17.9953 17.6991 19.2675 19.979
threshold=0.1310793608427048 -0.10566851869225501 0.09345507994294168 0.57257467508316051 1.6841490268707278 -0.0069870317820459596
decision_type=2 10 2 2 2 2
left_child=3 -2 -3 4 5 -1
right_child=1 2 -4 -5 -6 -7
leaf_value=-4.8558843315554675e-05 -0.00035876387802292152 0.00045845649766085642 -1.4531603570442676e-05 -0.00022155619451810754 0.0001254317523659617 1.233441765325083e-05
leaf_weight=7111 99 163 67 312 735 11833
leaf_count=7111 99 163 67 312 735 11833
internal_value=-8.73309e-05 0.0111527 0.0211702 -0.00050135 -0.000311166 -0.000621405
internal_weight=20320 329 230 19991 19679 18944
internal_count=20320 329 230 19991 19679 18944
is_linear=0
shrinkage=0.05


Tree=181
num_leaves=7
num_cat=0
split_feature=40 36 43 23 1 21
split_gain=16.6283 55.0803 49.4087 35.7637 27.1567 32.3226
threshold=0.12198248133063318 -0.80140164494514454 0.14643827825784686 -0.014004284515976904 -0.060351729393005364 0.92499998211860668
decision_type=2 2 2 2 2 2
left_child=2 -2 -1 -3 -5 -6
right_child=1 3 -4 4 5 -7
leaf_value=1.9274549005843829e-06 0.00044254771205045333 3.9890102019533188e-05 0.00069763904635806659 0.00031074285721075954 -0.00048775465478043193 -1.2336765538371117e-05
leaf_weight=18087 301 606 203 84 723 276
leaf_count=18087 301 606 203 84 723 276
internal_value=-5.29948e-05 -0.0043985 0.000408582 -0.00792503 -0.0133502 -0.0156624
internal_weight=20280 1990 18290 1689 1083 999
internal_count=20280 1990 18290 1689 1083 999
is_linear=0
shrinkage=0.05


Tree=182
num_leaves=7
num_cat=0
split_feature=3 35 4 5 45 12
split_gain=16.7378 55.4825 65.1179 53.439 39.1037 31.027
threshold=0.012575621716678144 -0.65463951230049122 -0.37744568288326258 -0.33483335375785822 0.13166946917772296 0.016366855241358284
decision_type=2 2 2 2 2 2
left_child=4 5 3 -3 -1 -2
right_child=1 2 -4 -5 -6 -7
leaf_value=2.9938035865911122e-07 0.00050877317306533487 0.00048208420619762367 -0.00040049604277612045 -0.00029590387583528594 0.00027026198038592223 -0.00012528401123371979
leaf_weight=17997 266 217 786 203 693 137
leaf_count=17997 266 217 786 203 693 137
internal_value=-7.26458e-05 -0.0048482 -0.0102188 0.00558824 0.000458679 0.0110907
internal_weight=20299 1609 1206 420 18690 403
internal_count=20299 1609 1206 420 18690 403
is_linear=0
shrinkage=0.05


Tree=183
num_leaves=7
num_cat=0
split_feature=41 42 26 47 35 42
split_gain=16.0198 40.5485 33.5595 33.4579 41.5615 76.3763
threshold=0.064085789024829878 0.062029838562011726 -0.070627041161060319 0.88781979680061351 -0.74454957246780384 0.11537772044539453
decision_type=2 2 2 2 2 2
left_child=2 -2 -1 4 5 -3
right_child=1 3 -4 -5 -6 -7
leaf_value=-0.00028242062859682956 0.00028285852121731294 0.00069302438959888493 -2.1488500746341695e-05 -1.5689133378567416e-05 3.9127820356725347e-05 -0.0001121466006676159
leaf_weight=159 134 483 4726 10199 4257 312
leaf_count=159 134 483 4726 10199 4257 312
internal_value=-9.74106e-05 0.000989279 -0.0022955 0.000742331 0.00406862 0.0145313
internal_weight=20270 15385 4885 15251 5052 795
internal_count=20270 15385 4885 15251 5052 795
is_linear=0
shrinkage=0.05


Tree=184
num_leaves=7
num_cat=0
split_feature=55 41 53 41 31 48
split_gain=16.7129 55.6351 43.5898 40.2795 39.0718 38.5796
threshold=117001.03906250001 0.08711555972695352 -0.26819933950901026 0.068684730678796782 61.477664947509773 -1.9655331373214719
decision_type=10 2 10 2 2 2
left_child=-1 3 -3 -2 5 -5
right_child=1 2 -4 4 -6 -7
leaf_value=8.8092798882088635e-06 -0.00011544095485155125 -8.4944329887962642e-05 -0.00066678830111571502 -0.00060949428306441157 -0.00040137651081613608 0.00025799011734695479
leaf_weight=16788 922 795 541 87 68 1169
leaf_count=16788 922 795 541 87 68 1169
internal_value=-2.82209e-05 -0.00325481 -0.0113162 0.00154376 0.00712942 0.00917922
internal_weight=20370 3582 1336 2246 1324 1256
internal_count=20370 3582 1336 2246 1324 1256
is_linear=0
shrinkage=0.05


Tree=185
num_leaves=7
num_cat=0
split_feature=41 22 35 42 36 44
split_gain=20.8335 59.7892 49.3765 46.7906 43.7423 38.7155
threshold=0.067547459155321135 0.82500001788139354 -0.72213029861450184 0.062029838562011726 -0.80140164494514454 0.076813571155071272
decision_type=2 2 2 2 2 2
left_child=1 2 -1 -2 -4 -6
right_child=3 -3 4 -5 5 -7
leaf_value=-0.00026377340625055996 0.00030646483740488046 -0.0016024337014732889 0.00049277851344164644 1.641236962035635e-05 9.883387919194256e-06 -0.00016293030797831645
leaf_weight=422 82 79 176 14246 4218 1015
leaf_count=422 82 79 176 14246 4218 1015
internal_value=-1.85249e-05 -0.00244717 -0.00183773 0.00107968 -0.000540266 -0.00137934
internal_weight=20238 5910 5831 14328 5409 5233
internal_count=20238 5910 5831 14328 5409 5233
is_linear=0
shrinkage=0.05


Tree=186
num_leaves=7
num_cat=0
split_feature=10 38 42 53 35 42
split_gain=24.01 72.4442 50.2159 65.6042 44.526 43.9664
threshold=0.0076781252864748248 0.023683091625571254 0.11537772044539453 -0.1426417529582977 0.79957020282745372 0.12381926923990251
decision_type=2 2 2 10 2 2
left_child=5 2 3 4 -2 -1
right_child=1 -3 -4 -5 -6 -7
leaf_value=-5.1939336412884758e-05 0.00017193393084358134 -0.00037250195759335814 -0.00014149945822135242 -4.8558712568111916e-05 -0.00042808949961865758 0.00011603664700567004
leaf_weight=10201 3998 465 1061 2128 91 2392
leaf_count=10201 3998 465 1061 2128 91 2392
internal_value=-0.00014134 0.00173271 0.00296238 0.00468097 0.00838422 -0.00180386
internal_weight=20336 7743 7278 6217 4089 12593
internal_count=20336 7743 7278 6217 4089 12593
is_linear=0
shrinkage=0.05


Tree=187
num_leaves=7
num_cat=0
split_feature=12 45 47 55 36 35
split_gain=16.8114 42.6335 39.7033 36.0361 41.0567 38.984
threshold=0.023204497992992405 0.16615720093250277 0.61010545492172252 78442.972656250015 0.73668375611305248 -0.79136100411415089
decision_type=2 2 2 10 2 2
left_child=-1 2 -2 4 -4 -5
right_child=1 -3 3 5 -6 -7
leaf_value=9.5734730618204271e-06 -0.00087564715170962773 -0.00069036701641296983 5.7536007839502965e-05 -0.0005366625041061541 -0.00043144745706984286 -8.5975178522455054e-05
leaf_weight=15747 95 101 2767 185 207 1209
leaf_count=15747 95 101 2767 185 207 1209
internal_value=-0.000126747 -0.00283979 -0.00208706 -0.00136634 0.00173716 -0.00798785
internal_weight=20311 4564 4463 4368 2974 1394
internal_count=20311 4564 4463 4368 2974 1394
is_linear=0
shrinkage=0.05


Tree=188
num_leaves=7
num_cat=0
split_feature=24 38 52 24 51 4
split_gain=19.4635 22.0611 30.6337 29.8469 31.9273 26.9937
threshold=0.10988114029169084 -0.029645365662872788 0.00047952412569429731 0.032321333885192878 -0.023918155580759045 0.82758074998855602
decision_type=2 2 10 2 8 2
left_child=1 2 3 5 -5 -1
right_child=-2 -3 -4 4 -6 -7
leaf_value=-7.5439315982201349e-05 -0.00023338345045753714 1.004319497674187e-05 -0.0007019167486770068 -0.0001591397899242942 0.00037488805870875799 -0.00048932690051650522
leaf_weight=556 321 19055 132 77 136 67
leaf_count=556 321 19055 132 77 136 67
internal_value=-0.000101971 0.000275864 -0.00706578 -0.00341855 0.0125 -0.00895701
internal_weight=20344 20023 968 836 213 623
internal_count=20344 20023 968 836 213 623
is_linear=0
shrinkage=0.05


Tree=189
num_leaves=7
num_cat=0
split_feature=35 42 22 12 35 35
split_gain=19.8486 67.7965 91.3861 81.0757 58.027 56.1503
threshold=0.20343378186225894 0.11537772044539453 0.47499999403953558 -0.0212778290733695 0.49836209416389471 0.54924064874649059
decision_type=2 2 2 2 2 2
left_child=-1 2 -2 5 -3 -4
right_child=1 4 3 -5 -6 -7
leaf_value=1.4786511719801309e-05 -5.7326744086757534e-05 -0.00050668748362451361 -0.00040758919413202787 0.00044391363390408915 8.0039257735648603e-05 0.00041153134095183282
leaf_weight=14130 3747 660 309 1098 328 94
leaf_count=14130 3747 660 309 1098 328 94
internal_value=-0.000116587 -0.00249559 -0.000223682 0.010176 -0.0144763 -0.0088848
internal_weight=20366 6236 5248 1501 988 403
internal_count=20366 6236 5248 1501 988 403
is_linear=0
shrinkage=0.05


Tree=190
num_leaves=7
num_cat=0
split_feature=44 22 51 10 43 6
split_gain=21.5833 40.5009 28.3949 19.9488 20.9971 17.0533
threshold=0.15963118523359301 0.92499998211860668 4.6784667968750009 -0.041961330920457833 0.14643827825784686 0.83077740669250499
decision_type=2 2 8 2 2 2
left_child=5 2 -2 4 -3 -1
right_child=1 3 -4 -5 -6 -7
leaf_value=3.4954687530343225e-06 0.00086339048952475614 -0.00042329968376478657 -3.6512709616188054e-05 0.0003342771992587445 0.00017676945421985814 -6.3286324854940125e-05
leaf_weight=16386 199 175 73 71 141 3299
leaf_count=16386 199 175 73 71 141 3299
internal_value=-8.72279e-05 0.00877259 0.0233755 -0.00159439 -0.00708723 -0.000392331
internal_weight=20344 659 272 387 316 19685
internal_count=20344 659 272 387 316 19685
is_linear=0
shrinkage=0.05


Tree=191
num_leaves=7
num_cat=0
split_feature=25 26 45 22 42 55
split_gain=17.223 33.7716 17.6076 40.6804 38.0554 27.7701
threshold=0.056967813521623618 -0.0093770264647901041 0.06355955079197885 0.52500000596046459 0.062029838562011726 127764.22656250001
decision_type=2 2 2 2 2 8
left_child=2 -2 3 5 -4 -1
right_child=1 -3 4 -5 -6 -7
leaf_value=8.2585510697181534e-05 0.00016409858041990531 -0.00038784777944010445 0.00022240540021271592 -0.00075837331139811314 1.4779935225309225e-05 -4.7242949891212961e-05
leaf_weight=781 133 180 177 140 16280 2682
leaf_count=781 133 180 177 140 16280 2682
internal_value=-3.80312e-05 -0.0113994 0.000327685 -0.00283398 0.00102205 -0.00173731
internal_weight=20373 313 20060 3603 16457 3463
internal_count=20373 313 20060 3603 16457 3463
is_linear=0
shrinkage=0.05


Tree=192
num_leaves=7
num_cat=0
split_feature=52 53 52 42 6 41
split_gain=17.352 23.9484 50.8551 58.6293 47.1593 67.0601
threshold=-0.1788857355713844 -0.37929256260395044 0.0001167973823612556 0.0893840827047825 0.64301636815071117 0.15645558387041095
decision_type=8 8 8 2 2 2
left_child=-1 2 4 -4 5 -2
right_child=1 -3 3 -5 -6 -7
leaf_value=-0.00019104445805140214 0.00059052029166157952 -3.6993015279272889e-06 0.00017199876836635739 -0.00026508872670217833 4.1039038007098477e-05 -0.0003398860487490061
leaf_weight=825 660 16614 666 758 675 120
leaf_count=825 660 16614 666 758 675 120
internal_value=-2.82931e-05 0.000483383 0.00468967 -0.0020119 0.01125 0.019586
internal_weight=20318 19493 2879 1424 1455 780
internal_count=20318 19493 2879 1424 1455 780
is_linear=0
shrinkage=0.05


Tree=193
num_leaves=7
num_cat=0
split_feature=0 0 3 35 10 24
split_gain=14.6228 17.2634 39.7962 41.8658 27.717 44.1373
threshold=-0.077818077057600007 -0.0083196219056844694 0.012575621716678144 -0.76538676023483265 0.033176776021718986 0.068206861615180983
decision_type=2 2 2 2 2 2
left_child=-1 2 -2 -4 -3 -6
right_child=1 4 3 -5 5 -7
leaf_value=0.0001369364177052765 -1.9078872818674692e-05 -2.0683427516556519e-07 0.00032624600262375547 -0.00062536224165143635 7.0530410569506809e-05 0.00068293608179357949
leaf_weight=335 6696 10964 79 255 1882 198
leaf_count=335 6696 10964 79 255 1882 198
internal_value=-3.30655e-05 -8.84008e-05 -0.002086 -0.0188053 0.000986666 0.00627098
internal_weight=20409 20074 7030 334 13044 2080
internal_count=20409 20074 7030 334 13044 2080
is_linear=0
shrinkage=0.05


Tree=194
num_leaves=7
num_cat=0
split_feature=51 32 52 55 32 51
split_gain=16.3657 29.0268 30.4951 62.6087 44.5873 43.5961
threshold=-0.038356900215148919 -0.95081305503845204 8.6531454144278555e-05 62776.767578125007 0.68971428275108349 -1.0000000180025095e-35
decision_type=8 2 8 8 2 8
left_child=-1 -2 3 5 -5 -3
right_child=1 2 -4 4 -6 -7
leaf_value=-4.2644571456669108e-05 0.00036907184521514701 0.00037929365075515262 -7.252417358351505e-06 0.00023157727084336172 -0.00020329791768669924 -0.00017841220734495151
leaf_weight=5589 358 207 11043 1836 166 1168
leaf_count=5589 358 207 11043 1836 166 1168
internal_value=-0.000131308 0.00111446 0.000760832 0.00491573 0.0105506 -0.00327899
internal_weight=20367 14778 14420 3377 2002 1375
internal_count=20367 14778 14420 3377 2002 1375
is_linear=0
shrinkage=0.05


Tree=195
num_leaves=7
num_cat=0
split_feature=41 38 21 27 31 36
split_gain=21.1852 22.9962 24.1346 19.3216 26.1475 23.1967
threshold=0.04423800669610501 -0.010808961465954779 0.075000001117587103 -0.0011683556367643175 39.671566009521491 0.63552147150039684
decision_type=2 2 2 2 2 2
left_child=1 2 -1 4 -3 -5
right_child=-2 3 -4 5 -6 -7
leaf_value=0.0001969642339110905 2.1295817205041219e-06 -0.00015323962854797203 -0.00014504049765476024 -0.00029207752516957353 4.0608114906886098e-05 0.00027388144270322972
leaf_weight=135 19262 117 83 297 274 55
leaf_count=135 19262 117 83 297 274 55
internal_value=-5.31442e-05 -0.0074793 0.00661435 -0.0116644 -0.00385101 -0.020098
internal_weight=20223 961 218 743 391 352
internal_count=20223 961 218 743 391 352
is_linear=0
shrinkage=0.05


Tree=196
num_leaves=7
num_cat=0
split_feature=41 35 42 46 35 55
split_gain=16.6757 29.334 25.6893 26.5129 21.5347 14.2475
threshold=0.038348693400621421 -0.13645590841770169 0.045820105820894248 1.0530840158462527 0.11996133625507356 103262.37109375001
decision_type=2 2 2 2 2 8
left_child=1 -1 3 -2 -3 -6
right_child=2 4 -4 -5 5 -7
leaf_value=0.00023292999507552688 0.00078219839812437028 -0.00021565126124574799 3.8381965282420236e-06 -3.0389662288473653e-05 -9.9818054139373972e-05 0.00041726530291988069
leaf_weight=63 79 143 19766 59 50 53
leaf_count=63 79 143 19766 59 50 53
internal_value=-5.31704e-05 -0.0112261 0.000385504 0.0215035 -0.0190239 -0.00115741
internal_weight=20213 309 19904 138 246 103
internal_count=20213 309 19904 138 246 103
is_linear=0
shrinkage=0.05


Tree=197
num_leaves=7
num_cat=0
split_feature=30 50 46 1 50 51
split_gain=16.719 45.0738 35.5323 32.8477 34.4481 32.3279
threshold=44.651964187622077 1.1955300569534304 0.87211963534355175 -0.019868865609169003 -0.21618600934743878 0.07118516787886621
decision_type=2 2 2 2 2 10
left_child=1 2 3 -1 -5 -4
right_child=-2 -3 5 4 -6 -7
leaf_value=-8.1975487717479088e-05 -2.1613245762229809e-05 0.00026430731788109929 -3.5917088999332028e-05 0.00033410594388976053 4.076198621900487e-05 0.00021885182254580758
leaf_weight=485 12366 434 5439 618 512 312
leaf_count=485 12366 434 5439 618 512 312
internal_value=-0.000167319 0.00168802 0.000756342 0.00729938 0.0119604 -0.00108148
internal_weight=20166 7800 7366 1615 1130 5751
internal_count=20166 7800 7366 1615 1130 5751
is_linear=0
shrinkage=0.05


Tree=198
num_leaves=7
num_cat=0
split_feature=43 5 60 43 52 47
split_gain=17.2457 26.8599 16.2188 17.5128 59.0472 47.1365
threshold=0.2283064275979996 -0.53269669413566578 -2.0200197696685787 0.096641317009925856 -0.0001910736027639359 0.88168805837631237
decision_type=2 2 8 2 10 2
left_child=2 -2 -1 -4 5 -5
right_child=1 -3 3 4 -6 -7
leaf_value=-0.00032162073038753566 0.00043054646081609944 -0.00046438668748061238 -1.253130820689107e-05 0.00040186634675591138 -6.8534885213663565e-05 6.7329148568148132e-05
leaf_weight=198 55 268 14696 672 2146 2309
leaf_count=198 55 268 14696 672 2146 2309
internal_value=-9.70564e-05 -0.0116616 -0.000101119 4.16078e-05 0.00255748 0.00710817
internal_weight=20344 323 20021 19823 5127 2981
internal_count=20344 323 20021 19823 5127 2981
is_linear=0
shrinkage=0.05


Tree=199
num_leaves=7
num_cat=0
split_feature=38 32 29 42 47 16
split_gain=13.7499 40.8712 34.5576 32.0663 37.613 39.8701
threshold=0.012976306490600111 0.35427890717983251 0.03458096273243428 0.087462440133094801 0.85183560848236095 0.42499999701976782
decision_type=2 2 2 2 2 2
left_child=-1 2 3 -2 -5 -6
right_child=1 -3 -4 4 5 -7
leaf_value=1.5981275662581674e-05 6.7008350858515872e-05 -0.00017147665125028075 0.00044143269382164576 0.00017279062017592849 -4.9248532802062717e-05 -0.00052096273639305453
leaf_weight=16047 1355 1118 218 314 700 470
leaf_count=16047 1355 1118 218 314 700 470
internal_value=-0.000122361 -0.00232656 0.000661332 -0.000817511 -0.00589322 -0.0100213
internal_weight=20222 4175 3057 2839 1484 1170
internal_count=20222 4175 3057 2839 1484 1170
is_linear=0
shrinkage=0.05


Tree=200
num_leaves=7
num_cat=0
split_feature=27 31 47 41 42 3
split_gain=17.1624 38.2551 35.5724 26.6734 37.7171 70.1641
threshold=-0.017402019351720806 42.021421432495124 0.86479333043098461 0.041487954556941993 0.081335157155990614 0.0089009534567594546
decision_type=2 2 2 2 2 2
left_child=2 -2 -1 -4 -5 -6
right_child=1 -3 3 4 5 -7
leaf_value=0.00015973509626040892 -0.00020560406842642205 -6.6241802601570365e-06 -0.00017561951653323818 0.00013525516005867688 -0.00031350413763414891 5.5109616073963e-05
leaf_weight=1447 536 13931 93 1290 920 2176
leaf_count=1447 536 13931 93 1290 920 2176
internal_value=-8.70183e-05 -0.000955293 0.00223824 2.78769e-05 0.000609201 -0.00237827
internal_weight=20393 14467 5926 4479 4386 3096
internal_count=20393 14467 5926 4479 4386 3096
is_linear=0
shrinkage=0.05


Tree=201
num_leaves=7
num_cat=0
split_feature=41 22 45 35 36 44
split_gain=16.9602 53.3277 41.9933 31.9517 44.1944 47.5802
threshold=0.067547459155321135 0.62500000000000011 0.066808950155973448 -0.72213029861450184 -0.40230141580104822 0.076813571155071272
decision_type=2 2 2 2 2 2
left_child=1 3 -2 -1 -5 -6
right_child=2 -3 -4 4 5 -7
leaf_value=-0.00021088881430458286 0.00034190310729781664 -0.00082297418659461798 1.2807905673597266e-05 0.00011360346603675098 -3.4220328431243745e-07 -0.00019589292588579273
leaf_weight=364 219 282 14108 986 3602 699
leaf_count=364 219 282 14108 986 3602 699
internal_value=-0.000112263 -0.00222718 0.00095067 -0.00115364 -0.000155896 -0.00235137
internal_weight=20260 5933 14327 5651 5287 4301
internal_count=20260 5933 14327 5651 5287 4301
is_linear=0
shrinkage=0.05


Tree=202
num_leaves=7
num_cat=0
split_feature=41 42 35 35 46 50
split_gain=16.6596 25.8518 25.6166 20.7621 18.4928 16.2779
threshold=0.038348693400621421 0.045820105820894248 -0.10527598112821578 0.14386235922575 1.0530840158462527 1.9692323207855227
decision_type=2 2 2 2 2 2
left_child=2 4 -1 -4 -2 -3
right_child=1 5 3 -5 -6 -7
leaf_value=0.00022160036020950889 0.00064910269728014804 -2.9442562676499328e-06 -0.00015161028354081067 -3.2509312009685461e-07 5.6006152085865478e-06 0.00011417194058346131
leaf_weight=80 74 18862 145 96 51 925
leaf_count=80 74 18862 145 96 51 925
internal_value=-8.27651e-05 0.000274891 -0.0111196 -0.0192073 0.0225 0.000127577
internal_weight=20233 19912 321 241 125 19787
internal_count=20233 19912 321 241 125 19787
is_linear=0
shrinkage=0.05


Tree=203
num_leaves=7
num_cat=0
split_feature=25 14 41 44 3 39
split_gain=16.9703 20.3654 15.7584 36.0001 38.0188 47.0191
threshold=0.056967813521623618 0.97499999403953563 0.066449362784624114 0.071281664073467269 0.0062135257758200177 -0.025136505253612992
decision_type=2 2 2 2 2 2
left_child=2 -2 3 4 -1 -6
right_child=1 -3 -4 -5 5 -7
leaf_value=-1.3453135159340351e-05 -0.00023689335187792107 0.00036930378678027941 1.7287391668289661e-05 -0.00013260989115674912 -0.00016033976348954327 0.00032639009589634249
leaf_weight=3233 253 64 14442 1873 68 335
leaf_count=3233 253 64 14442 1873 68 335
internal_value=-6.28915e-05 -0.0115683 1.25276e-06 -0.00227149 0.000624828 0.0150123
internal_weight=20268 317 19951 5509 3636 403
internal_count=20268 317 19951 5509 3636 403
is_linear=0
shrinkage=0.05


Tree=204
num_leaves=7
num_cat=0
split_feature=7 0 3 55 53 43
split_gain=19.2512 28.9584 44.5642 26.7952 47.1918 33.7779
threshold=0.52851936221122753 0.046839287504553802 0.0071549005806446084 9990778368.0000019 -0.26819933950901026 0.087379232048988356
decision_type=2 2 2 10 10 2
left_child=1 3 -3 -1 5 -5
right_child=-2 2 -4 4 -6 -7
leaf_value=1.3137363739710098e-05 -2.6370179200895716e-05 -0.00104765276972795 0.00028750998531185731 0.00081822131935939076 -0.001091780335248605 -0.0004198980028401361
leaf_weight=9805 9508 64 642 70 108 117
leaf_count=9805 9508 64 642 70 108 117
internal_value=-0.000107043 0.00132041 0.0110759 0.000630876 -0.0140833 0.00117188
internal_weight=20314 10806 706 10100 295 187
internal_count=20314 10806 706 10100 295 187
is_linear=0
shrinkage=0.05


Tree=205
num_leaves=7
num_cat=0
split_feature=7 9 48 44 22 38
split_gain=21.4307 28.0902 22.3073 35.8782 31.7994 37.118
threshold=0.5634230673313142 -0.09511712938547133 -0.71595761179924 0.13314176350831988 0.82500001788139354 0.0051006535068154344
decision_type=2 2 2 2 2 2
left_child=-1 -2 3 -3 -4 -6
right_child=1 2 4 -5 5 -7
leaf_value=2.4251654218107095e-05 -0.00097833379862018719 -0.00015613949407050255 3.0252113083922883e-05 0.00068164585059727343 -4.3147158714674784e-05 -0.00045544122937694897
leaf_weight=11439 86 1640 5730 98 1129 288
leaf_count=11439 86 1640 5730 98 1129 288
internal_value=-9.18442e-05 -0.00174075 -0.00145388 -0.0065261 -0.000213227 -0.00690928
internal_weight=20410 8971 8885 1738 7147 1417
internal_count=20410 8971 8885 1738 7147 1417
is_linear=0
shrinkage=0.05


Tree=206
num_leaves=7
num_cat=0
split_feature=41 42 46 35 35 6
split_gain=15.2689 20.6362 26.8563 17.3304 22.5225 14.9838
threshold=0.038348693400621421 0.045820105820894248 1.0605238676071169 -0.10527598112821578 0.11996133625507356 0.094027973711490645
decision_type=2 2 2 2 2 2
left_child=3 2 -2 -1 -5 -3
right_child=1 5 -4 4 -6 -7
leaf_value=0.00016990888307571019 0.00066868344698061593 5.6704396853209262e-05 -9.1302421760250884e-05 -0.00017372709262718024 1.6972159972367466e-07 -8.8002327576991793e-06
leaf_weight=82 79 2523 53 142 112 17358
leaf_count=82 79 2523 53 142 112 17358
internal_value=-0.000116685 0.000186083 0.0195255 -0.0104839 -0.0168919 5.15438e-05
internal_weight=20349 20013 132 336 254 19881
internal_count=20349 20013 132 336 254 19881
is_linear=0
shrinkage=0.05


Tree=207
num_leaves=7
num_cat=0
split_feature=10 0 0 40 41 22
split_gain=16.287 20.447 17.7454 31.4357 52.4393 33.479
threshold=0.1310793608427048 -0.037303235381841653 -0.0069870317820459596 0.055546719580888755 0.050374645739793784 0.32500000298023229
decision_type=2 2 2 2 2 2
left_child=2 -2 3 4 5 -1
right_child=1 -3 -4 -5 -6 -7
leaf_value=-0.00011947925485106333 0.00039383853653069821 -8.6293122132597488e-05 1.7040682597497646e-05 -5.96515145811147e-05 0.00022578273220778193 0.00050524585455498437
leaf_weight=489 163 152 12590 5955 746 97
leaf_count=489 163 152 12590 5955 746 97
internal_value=-6.80794e-05 0.0113281 -4.14948e-05 -0.00200562 0.00491773 -0.00621827
internal_weight=20192 315 19877 7287 1332 586
internal_count=20192 315 19877 7287 1332 586
is_linear=0
shrinkage=0.05


Tree=208
num_leaves=7
num_cat=0
split_feature=25 26 41 39 26 48
split_gain=14.6467 23.0027 16.3485 41.057 43.7285 38.0705
threshold=0.056967813521623618 -0.0093770264647901041 0.062928810715675368 0.025562324561178688 0.037746414542198188 1.0872883796691897
decision_type=2 2 2 2 2 2
left_child=2 -2 3 5 -5 -1
right_child=1 -3 -4 4 -6 -7
leaf_value=-8.8611338078368708e-05 0.00012921658458819925 -0.00034409135364861206 2.2478719074369964e-05 0.00022688455974708376 -0.00011852153202392296 6.9238261313488307e-05
leaf_weight=3121 136 180 15478 400 196 810
leaf_count=3121 136 180 15478 400 196 810
internal_value=-0.000161124 -0.010514 0.000251124 -0.00238857 0.00977537 -0.00424924
internal_weight=20321 316 20005 4527 596 3931
internal_count=20321 316 20005 4527 596 3931
is_linear=0
shrinkage=0.05


Tree=209
num_leaves=7
num_cat=0
split_feature=21 45 36 55 3 49
split_gain=14.7554 54.3458 29.9331 25.7364 38.004 28.3061
threshold=0.92499998211860668 0.086249642074108138 -0.30565343797206873 103262.37109375001 0.011643822304904463 -1.2761630415916441
decision_type=2 2 2 10 2 2
left_child=-1 2 -2 5 -5 -3
right_child=1 3 -4 4 -6 -7
leaf_value=-9.0977125127935045e-06 -0.0010372632884582042 -0.00018309102004395087 0.00049693442495044732 0.00010258583486928924 -0.00077701655554008068 0.0002742060129751447
leaf_weight=18345 161 164 65 338 142 1154
leaf_count=18345 161 164 65 338 142 1154
internal_value=-9.69373e-05 0.00388122 -0.0189394 0.0068081 -0.00304124 0.0104119
internal_weight=20369 2024 226 1798 480 1318
internal_count=20369 2024 226 1798 480 1318
is_linear=0
shrinkage=0.05


Tree=210
num_leaves=7
num_cat=0
split_feature=10 51 0 40 41 50
split_gain=15.2414 28.0426 13.892 31.8157 55.9003 29.1861
threshold=0.1310793608427048 -0.10566851869225501 -0.0069870317820459596 0.05261592939496041 0.050374645739793784 1.1955300569534304
decision_type=2 10 2 2 2 2
left_child=2 -2 3 4 5 -1
right_child=1 -3 -4 -5 -6 -7
leaf_value=-0.00012746967104328212 -0.00030138625941549105 0.00029183487330920104 9.361921305876235e-06 -6.8150229971171815e-05 0.00029447409930192896 0.00016402955333615942
leaf_weight=381 96 227 12556 6261 559 168
leaf_count=381 96 227 12556 6261 559 168
internal_value=-0.000161704 0.0104421 -0.00042273 -0.00214605 0.00563792 -0.00564079
internal_weight=20248 323 19925 7369 1108 549
internal_count=20248 323 19925 7369 1108 549
is_linear=0
shrinkage=0.05


Tree=211
num_leaves=7
num_cat=0
split_feature=43 48 54 35 35 28
split_gain=16.5152 39.2492 30.3664 22.5071 25.2579 20.3728
threshold=0.052654117345809943 1.0872883796691897 0.046621263027191169 -0.48004612326622004 0.098510108888149275 0.012625246308743955
decision_type=2 2 10 2 2 2
left_child=1 2 -1 -3 -5 -2
right_child=5 3 -4 4 -6 -7
leaf_value=-5.6798601516366929e-05 1.7242149427008936e-05 -0.00012522643030947727 -0.00053382363054345946 0.00025870403604960309 -9.6861217403294375e-05 -7.4410709545077831e-05
leaf_weight=1421 15699 69 148 238 77 2570
leaf_count=1421 15699 69 148 238 77 2570
internal_value=-0.000122361 -0.00450715 -0.00802097 0.00970437 0.0153906 0.000324231
internal_weight=20222 1953 1569 384 315 18269
internal_count=20222 1953 1569 384 315 18269
is_linear=0
shrinkage=0.05


Tree=212
num_leaves=7
num_cat=0
split_feature=38 15 51 44 10 46
split_gain=14.7123 32.6248 34.1633 36.8765 33.3437 37.826
threshold=0.016719738952815536 0.12500000372529033 -0.22697627544403073 0.10068056732416154 -0.10646612942218779 0.86449983716011058
decision_type=2 2 8 2 2 2
left_child=-1 -2 3 -3 5 -4
right_child=1 2 4 -5 -6 -7
leaf_value=5.4156739639532434e-06 0.00029925411921942924 -7.9254492899296864e-07 -0.00036840018426732222 -0.00084500580226452523 -6.3461476593622282e-05 0.00093171497965253199
leaf_weight=17421 289 126 56 164 2086 169
leaf_count=17421 289 126 56 164 2086 169
internal_value=-0.000102136 -0.0034456 -0.00522832 -0.0212712 -0.00316278 0.0148913
internal_weight=20311 2890 2601 290 2311 225
internal_count=20311 2890 2601 290 2311 225
is_linear=0
shrinkage=0.05


Tree=213
num_leaves=7
num_cat=0
split_feature=10 39 52 2 41 46
split_gain=16.2258 35.6998 56.9664 66.2264 45.4406 51.5236
threshold=-0.023037519305944439 0.014510530512779953 0.011433663312345745 0.014560468960553409 0.066449362784624114 0.86449983716011058
decision_type=2 2 8 2 2 2
left_child=1 4 -3 -4 5 -1
right_child=-2 2 3 -5 -6 -7
leaf_value=7.0399505730919925e-05 1.623207833299848e-05 -6.7591327424822387e-05 0.00035114950487021593 -0.00024806589032488956 -2.3710334871051643e-05 -0.00020122734257288171
leaf_weight=262 12081 1189 982 237 4398 1141
leaf_count=262 12081 1189 982 237 4398 1141
internal_value=-0.000126879 -0.00171963 0.0033879 0.0109681 -0.00384516 -0.0116655
internal_weight=20290 8209 2408 1219 5801 1403
internal_count=20290 8209 2408 1219 5801 1403
is_linear=0
shrinkage=0.05


Tree=214
num_leaves=7
num_cat=0
split_feature=41 22 42 10 44 2
split_gain=14.8693 50.5637 38.9499 34.5897 31.0165 25.2323
threshold=0.066449362784624114 0.62500000000000011 0.062029838562011726 -0.023037519305944439 0.065492939203977599 0.0066789819393306979
decision_type=2 2 2 2 2 2
left_child=1 -1 -2 -3 -4 -6
right_child=2 3 4 -5 5 -7
leaf_value=-1.3751255179069453e-05 0.00027772419219834201 -0.0010532100173341534 -0.00033246358313959728 7.4679424790423995e-05 0.00013235793248964618 2.0071743268878717e-06
leaf_weight=5308 103 170 100 86 1386 13112
leaf_count=5308 103 170 100 86 1386 13112
internal_value=-6.78342e-05 -0.00216825 0.000865293 -0.023659 0.000641991 0.000839481
internal_weight=20265 5564 14701 256 14598 14498
internal_count=20265 5564 14701 256 14598 14498
is_linear=0
shrinkage=0.05


Tree=215
num_leaves=7
num_cat=0
split_feature=6 50 55 0 51 47
split_gain=13.4103 27.2371 28.6764 22.0211 25.1288 26.5236
threshold=0.9177762269973756 1.1955300569534304 509267.20312500006 -0.01222510728985071 -1.0000000180025095e-35 1.0198609232902529
decision_type=2 2 10 2 8 2
left_child=1 -1 -3 -2 -5 -6
right_child=3 2 -4 4 5 -7
leaf_value=-1.9903679380825836e-06 -0.00012260237493818844 0.00013240425461258145 -0.00039389616901906526 0.00026124346698992056 4.3656340301033246e-05 -0.00057770885382399015
leaf_weight=16398 1186 1833 119 209 429 84
leaf_count=16398 1186 1833 119 209 429 84
internal_value=-9.25332e-05 0.000543449 0.00611906 -0.0038552 0.00299175 -0.00294402
internal_weight=20258 18350 1952 1908 722 513
internal_count=20258 18350 1952 1908 722 513
is_linear=0
shrinkage=0.05


Tree=216
num_leaves=7
num_cat=0
split_feature=49 13 39 40 52 30
split_gain=15.8885 22.194 21.967 28.2773 33.6251 24.4258
threshold=-0.48783633112907404 -0.038974270224571221 0.05777429603040219 0.11692218482494356 -0.00015526020433753726 39.31810379028321
decision_type=2 2 2 2 10 2
left_child=2 -2 3 5 -5 -1
right_child=1 -3 -4 4 -6 -7
leaf_value=4.9513529156237874e-06 0.000354949981722604 -2.0603584223309086e-05 0.00084387595222556078 2.4045117869086034e-05 -0.00051627459590633041 0.00013432267761839746
leaf_weight=3492 140 13847 114 440 288 1951
leaf_count=3492 140 13847 114 440 288 1951
internal_value=-7.76742e-05 -0.00100236 0.00202305 0.00160703 -0.00760573 0.00284967
internal_weight=20272 13987 6285 6171 728 5443
internal_count=20272 13987 6285 6171 728 5443
is_linear=0
shrinkage=0.05


Tree=217
num_leaves=7
num_cat=0
split_feature=44 45 23 53 51 52
split_gain=18.8075 30.0848 33.6716 25.0799 19.3016 16.3737
threshold=0.15963118523359301 0.15390209108591082 0.016222462058067325 -0.29783892631530756 4.6784667968750009 -0.0027245200471952553
decision_type=2 2 2 8 10 8
left_child=5 4 3 -3 -2 -1
right_child=1 2 -4 -5 -6 -7
leaf_value=-0.00014381143102917709 0.00038346922441071191 -0.0001572325738717375 -0.00081107778712459933 0.00043746149877307226 -0.00014830268313446309 2.2079002881857368e-06
leaf_weight=1361 352 104 60 70 60 18265
leaf_count=1361 352 104 60 70 60 18265
internal_value=-6.28791e-05 0.00841014 -0.00575314 0.00544693 0.0164868 -0.000227956
internal_weight=20272 646 234 174 412 19626
internal_count=20272 646 234 174 412 19626
is_linear=0
shrinkage=0.05


Tree=218
num_leaves=7
num_cat=0
split_feature=34 55 35 53 0 38
split_gain=16.0246 29.419 22.7246 22.7517 21.377 21.9638
threshold=0.79399502277374279 106892.19921875001 -0.16187667846679685 -0.20511811226606366 -0.077818077057600007 -0.023614451289176937
decision_type=2 10 2 10 2 2
left_child=4 2 3 -2 -1 -6
right_child=1 -3 -4 -5 5 -7
leaf_value=0.00026096130848956986 0.00033986529933441735 -0.00028145100795032616 -0.00023678250484297642 -0.000282317925582231 -8.6691420322161097e-05 9.6404658655432086e-06
leaf_weight=216 197 135 258 57 1776 17695
leaf_count=216 197 135 258 57 1776 17695
internal_value=-8.72708e-05 -0.00770706 -0.0020793 0.00839768 0.000260258 8.3436e-05
internal_weight=20334 647 512 254 19687 19471
internal_count=20334 647 512 254 19687 19471
is_linear=0
shrinkage=0.05


Tree=219
num_leaves=7
num_cat=0
split_feature=15 41 55 1 53 47
split_gain=16.9232 42.4644 76.4835 43.3893 61.9707 33.8839
threshold=0.22500000149011615 0.076889086514711394 70914.507812500015 0.025216949172317985 -1.003418982028961 0.80409529805183422
decision_type=2 2 8 2 10 2
left_child=1 2 -1 -3 -5 -4
right_child=-2 3 5 4 -6 -7
leaf_value=0.0004105804863519455 -8.4070101855102867e-06 0.00032663010648984782 -0.00031837978410000246 0.00035295936733237347 -0.00011785259403145107 -3.1323614441356876e-05
leaf_weight=225 16314 977 355 454 1122 961
leaf_count=225 16314 977 355 454 1122 961
internal_value=-0.000131044 0.00309222 -0.00344437 0.00704652 0.00188172 -0.008081
internal_weight=20408 4094 1541 2553 1576 1316
internal_count=20408 4094 1541 2553 1576 1316
is_linear=0
shrinkage=0.05


Tree=220
num_leaves=7
num_cat=0
split_feature=52 39 38 53 47 48
split_gain=13.3669 20.8715 22.9383 19.6157 35.4314 34.5017
threshold=-0.24392841011285779 -0.017792861908674237 -0.0011760306078940628 -0.46167522668838495 0.89390933513641369 1.5077579617500307
decision_type=8 2 2 8 2 2
left_child=1 -1 -3 4 5 -2
right_child=3 2 -4 -5 -6 -7
leaf_value=-0.00059230490304360212 0.00040132979774394032 0.00029656617523172524 -0.00020004371594986906 -8.0189393891767775e-06 -4.4394546677793648e-06 -6.5820077499936742e-05
leaf_weight=190 667 157 249 17350 1390 218
leaf_count=190 667 157 249 17350 1390 218
internal_value=-8.28142e-05 -0.00744592 -0.000912409 0.000123535 0.00448465 0.0122753
internal_weight=20221 596 406 19625 2275 885
internal_count=20221 596 406 19625 2275 885
is_linear=0
shrinkage=0.05


Tree=221
num_leaves=7
num_cat=0
split_feature=52 15 36 55 14 4
split_gain=16.1452 17.8546 20.7004 22.639 18.5224 15.573
threshold=-0.1788857355713844 0.17500000447034839 0.057181742042303092 7.688934564590455 0.52500000596046459 -0.034161720424890511
decision_type=8 2 2 8 2 2
left_child=1 -1 -3 -4 -5 -2
right_child=5 2 3 4 -6 -7
leaf_value=0.00031393888484587944 2.5923549622805499e-05 -0.00041219189269708375 0.00026894920564673119 -0.00054880647026156319 0.00012851774897054975 -2.2433833202148179e-05
leaf_weight=168 9383 321 116 127 113 10136
leaf_count=168 9383 321 116 127 113 10136
internal_value=-0.00019024 -0.00697059 -0.0105938 -0.00214681 -0.0109184 6.78652e-05
internal_weight=20364 845 677 356 240 19519
internal_count=20364 845 677 356 240 19519
is_linear=0
shrinkage=0.05


Tree=222
num_leaves=7
num_cat=0
split_feature=38 15 52 48 52 53
split_gain=15.0375 38.873 25.5979 32.755 27.7345 19.145
threshold=-0.023614451289176937 0.57500001788139354 0.0001167973823612556 0.60722088813781749 7.3520648584235473e-05 -0.047053841874003403
decision_type=2 2 10 2 10 8
left_child=1 5 4 -4 -3 -1
right_child=-2 2 3 -5 -6 -7
leaf_value=-0.0003530432771959874 6.6812408540566257e-06 6.3286638508614041e-05 -0.00092589760039716619 0.00013409527415219805 0.00059327309303016003 -9.8307308133645775e-05
leaf_weight=412 18242 658 82 75 72 712
leaf_count=412 18242 658 82 75 72 712
internal_value=-0.000166601 -0.00417907 0.00361547 -0.0143519 0.00758503 -0.010341
internal_weight=20253 2011 887 157 730 1124
internal_count=20253 2011 887 157 730 1124
is_linear=0
shrinkage=0.05


Tree=223
num_leaves=7
num_cat=0
split_feature=21 45 32 30 41 36
split_gain=12.4031 36.8573 54.4877 38.8442 29.0832 42.4386
threshold=0.82500001788139354 0.16615720093250277 -0.41155761480331415 44.651964187622077 0.083451360464096083 0.11150664463639261
decision_type=2 2 2 2 2 2
left_child=1 -1 3 -3 5 -2
right_child=4 2 -4 -5 -6 -7
leaf_value=-4.0382701179346728e-06 -0.00030775719579651602 0.00032458706092408049 -0.00049455541217649339 -0.00025368965271025545 9.4503665131780287e-05 0.00049033594373587271
leaf_weight=15889 674 94 183 128 3261 136
leaf_count=15889 674 94 183 128 3261 136
internal_value=-0.000150957 -0.000624271 -0.0154268 0.00121145 0.00245952 -0.0059816
internal_weight=20365 16294 405 222 4071 810
internal_count=20365 16294 405 222 4071 810
is_linear=0
shrinkage=0.05


Tree=224
num_leaves=7
num_cat=0
split_feature=6 47 0 50 48 55
split_gain=16.1422 20.7872 15.3538 15.2625 28.0959 26.2751
threshold=0.97560048103332531 1.0597110986709597 0.010526114143431188 1.1955300569534304 2.3708715438842778 66880.968750000015
decision_type=2 2 2 2 2 10
left_child=3 2 -2 4 -1 -5
right_child=1 -3 -4 5 -6 -7
leaf_value=2.5206092557783871e-06 -9.1534755816820529e-05 -0.00028343649776030794 0.00021981091538438971 0.00011656174372973951 -0.0003742687699483094 -6.3249950591066857e-05
leaf_weight=16683 792 108 72 1811 153 579
leaf_count=16683 792 108 72 1811 153 579
internal_value=-0.000147255 -0.00611566 -0.00342348 0.000471894 -5.78944e-05 0.00420668
internal_weight=20198 972 864 19226 16836 2390
internal_count=20198 972 864 19226 16836 2390
is_linear=0
shrinkage=0.05


Tree=225
num_leaves=7
num_cat=0
split_feature=44 3 23 32 51 52
split_gain=17.9775 23.831 34.5235 28.9219 18.1783 16.5047
threshold=0.15963118523359301 0.014040563255548479 0.0034883286571130161 0.11504672467708589 4.6784667968750009 8.6531454144278555e-05
decision_type=2 2 2 2 8 8
left_child=5 3 -3 -2 -5 -1
right_child=1 2 -4 4 -6 -7
leaf_value=2.913790881140008e-05 0.00079367480532637272 0.0002303517001785492 -0.00072167291885931939 0.00044790532982953002 -0.0001297215774860457 -1.9707525535369928e-05
leaf_weight=7289 148 169 81 128 101 12385
leaf_count=7289 148 169 81 128 101 12385
internal_value=-9.23372e-05 0.00842563 -0.00343137 0.0162958 0.00480769 -0.000141013
internal_weight=20301 627 250 377 229 19674
internal_count=20301 627 250 377 229 19674
is_linear=0
shrinkage=0.05


Tree=226
num_leaves=7
num_cat=0
split_feature=21 43 36 51 44 8
split_gain=15.1171 30.9447 48.1221 44.0299 41.1783 32.8783
threshold=0.82500001788139354 0.096641317009925856 -0.28161180019378657 -0.066446799784898744 0.092323131859302535 0.24105579406023028
decision_type=2 2 2 10 2 2
left_child=-1 2 -2 -3 -4 -6
right_child=1 3 4 -5 5 -7
leaf_value=-8.5324896671953181e-06 -0.00019531896969525797 0.00024367471292751481 0.00061385894464338034 -6.6239274337580051e-05 -0.00054305935759815392 0.00025206706944996994
leaf_weight=16184 859 1737 163 796 163 336
leaf_count=16184 859 1737 163 796 163 336
internal_value=-7.78047e-05 0.00285169 -0.00276868 0.00623522 0.00730885 4.96032e-05
internal_weight=20238 4054 1521 2533 662 499
internal_count=20238 4054 1521 2533 662 499
is_linear=0
shrinkage=0.05


Tree=227
num_leaves=7
num_cat=0
split_feature=49 47 32 47 45 12
split_gain=11.8444 21.6747 21.3803 18.4857 18.0048 24.5797
threshold=1.5372539758682253 0.83179661631584179 0.38384640216827398 0.86479333043098461 0.15390209108591082 -0.0030592804541811343
decision_type=2 2 2 2 2 2
left_child=-1 2 -2 -3 5 -5
right_child=1 3 -4 4 -6 -7
leaf_value=-9.3109789814284794e-06 0.00080707981909432897 -0.00031311963013084068 -3.7743621098206524e-06 -9.8559377636283765e-05 -0.00027447928878956187 0.00016755175175304704
leaf_weight=19028 148 102 94 253 131 581
leaf_count=19028 148 102 94 253 131 581
internal_value=-0.000116754 0.00435693 0.0177126 0.00123601 0.00342784 0.00616806
internal_weight=20337 1309 242 1067 965 834
internal_count=20337 1309 242 1067 965 834
is_linear=0
shrinkage=0.05


Tree=228
num_leaves=7
num_cat=0
split_feature=43 48 2 52 9 1
split_gain=20.1567 32.2069 18.2952 19.0094 17.2043 34.8644
threshold=0.2283064275979996 -1.6074485182762144 0.019338349811732772 -0.46484526991844172 -0.037095887586474412 -0.017951323650777336
decision_type=2 2 2 8 2 2
left_child=2 -2 3 -1 5 -5
right_child=1 -3 -4 4 -6 -7
leaf_value=-0.00046582029261510259 0.00066079992911552898 -0.00036302742258906886 0.00036547414893905268 -5.7866420855431015e-05 -6.994248437260185e-06 0.00010599867851803737
leaf_weight=178 52 274 86 1884 14004 3776
leaf_count=178 52 274 86 1884 14004 3776
internal_value=-4.31907e-05 -0.0120091 0.000430191 0.000326246 0.000476638 0.00280229
internal_weight=20254 326 19928 19842 19664 5660
internal_count=20254 326 19928 19842 19664 5660
is_linear=0
shrinkage=0.05


Tree=229
num_leaves=7
num_cat=0
split_feature=49 13 11 9 51 48
split_gain=13.7837 24.6267 25.1637 23.8345 22.8939 33.7932
threshold=-0.48783633112907404 -0.038974270224571221 -0.0052803819999098769 -0.09511712938547133 -0.038356900215148919 -0.66503870487213124
decision_type=2 2 2 2 8 2
left_child=-1 2 -2 -3 5 -5
right_child=1 3 -4 4 -6 -7
leaf_value=3.2567056097777074e-05 0.00067577961252319194 -0.0007708845378161666 -0.00024258409130960843 -0.00023333970430375263 5.0756596679206042e-07 -1.3324857488215131e-05
leaf_weight=6213 105 93 51 999 10937 1897
leaf_count=6213 105 93 51 999 10937 1897
internal_value=-5.78818e-05 -0.000956556 0.0184783 -0.00118261 -0.00100629 -0.00495519
internal_weight=20295 14082 156 13926 13833 2896
internal_count=20295 14082 156 13926 13833 2896
is_linear=0
shrinkage=0.05


Tree=230
num_leaves=7
num_cat=0
split_feature=12 36 21 48 55 42
split_gain=15.8972 47.2247 32.5735 26.6197 26.542 25.1252
threshold=0.052963843569159515 0.38634094595909124 0.62500000000000011 1.9915950298309328 78442.972656250015 0.1201714798808098
decision_type=2 2 2 2 10 2
left_child=-1 2 4 -3 -2 -4
right_child=1 3 5 -5 -6 -7
leaf_value=7.34757588965787e-06 0.00025616065040682319 -0.00048095018438633986 8.1475415762988827e-06 3.6467981581312334e-05 -0.00013510060609687761 -0.00051072551489849685
leaf_weight=19025 431 251 206 85 129 200
leaf_count=19025 431 251 206 85 129 200
internal_value=-0.000116811 -0.00533665 0.000283213 -0.0213343 0.00809735 -0.0104015
internal_weight=20327 1302 966 336 560 406
internal_count=20327 1302 966 336 560 406
is_linear=0
shrinkage=0.05


Tree=231
num_leaves=7
num_cat=0
split_feature=23 46 53 27 34 9
split_gain=14.5423 20.5423 21.6369 24.3341 20.9396 31.8088
threshold=0.011934590060263874 0.89874833822250377 -0.26819933950901026 -0.0035398771287873383 0.6671329438686372 -0.011767128482460974
decision_type=2 2 8 2 2 2
left_child=-1 2 -2 -4 5 -3
right_child=1 4 3 -5 -6 -7
leaf_value=1.2091112853454746e-05 -0.00048817840042886333 -8.1058423128197799e-05 0.00039301313789599237 -0.00013568741817866349 -0.00017414614911326535 0.00013312150213553648
leaf_weight=15927 226 1307 181 783 446 1261
leaf_count=15927 226 1307 181 783 446 1261
internal_value=-9.31168e-05 -0.00263127 -0.00817992 -0.00482456 -0.000422325 0.0013117
internal_weight=20131 4204 1190 964 3014 2568
internal_count=20131 4204 1190 964 3014 2568
is_linear=0
shrinkage=0.05


Tree=232
num_leaves=7
num_cat=0
split_feature=41 22 47 42 26 35
split_gain=14.7329 51.1075 40.6152 34.0389 32.7528 28.4438
threshold=0.067547459155321135 0.82500001788139354 0.94331938028335582 0.062029838562011726 -0.04132666997611522 -0.76538676023483265
decision_type=2 2 2 2 2 2
left_child=1 2 5 -2 -4 -1
right_child=3 -3 4 -5 -6 -7
leaf_value=-0.00053957640464234117 0.00025466774417360504 -0.0013000798010100161 0.00023941886412815708 1.0681943139062491e-05 2.3677528469906755e-05 -3.9864327618926938e-05
leaf_weight=217 88 76 242 14339 1415 3941
leaf_count=217 88 76 242 14339 1415 3941
internal_value=-8.24189e-05 -0.00220912 -0.00165378 0.000756998 0.00494886 -0.00429378
internal_weight=20318 5891 5815 14427 1657 4158
internal_count=20318 5891 5815 14427 1657 4158
is_linear=0
shrinkage=0.05


Tree=233
num_leaves=7
num_cat=0
split_feature=50 51 13 2 2 36
split_gain=15.5731 29.0751 53.4876 54.2257 53.9392 46.4454
threshold=-0.39823280274868006 -0.026975869201123711 0.018170422874391082 0.0077376915141940126 0.0065734435338526973 -0.029740904457867142
decision_type=2 10 2 2 2 2
left_child=-1 5 4 -4 -3 -2
right_child=1 2 3 -5 -6 -7
leaf_value=3.0093539741697423e-05 -4.3840258404622424e-06 0.00030238162792992128 -0.00029535381810659992 4.2199104031051818e-06 4.9827145583551747e-05 -0.00013282335691231162
leaf_weight=7471 5502 573 437 1161 2325 2690
leaf_count=7471 5502 573 437 1161 2325 2690
internal_value=-8.80282e-05 -0.00118766 0.00203844 -0.00528696 0.00608853 -0.00296145
internal_weight=20159 12688 4496 1598 2898 8192
internal_count=20159 12688 4496 1598 2898 8192
is_linear=0
shrinkage=0.05


Tree=234
num_leaves=7
num_cat=0
split_feature=57 48 24 38 32 53
split_gain=14.289 19.3461 16.4496 26.3014 24.9575 31.4407
threshold=-2.9003807355820749e-07 -0.23787955939769742 0.091868072748184218 -0.0096442215144634229 0.86870166659355175 -0.11878033727407454
decision_type=8 2 2 2 2 10
left_child=1 -1 4 -4 -2 -6
right_child=2 -3 3 -5 5 -7
leaf_value=-0.00014360436132970666 4.2822233138772911e-06 9.5318286458040947e-06 0.00024204265615280102 -0.00021721448595391239 0.00024917590897697683 -0.00027004616811910666
leaf_weight=1318 16647 1383 108 415 355 64
leaf_count=1318 16647 1383 108 415 355 64
internal_value=-0.000102242 -0.00359387 0.000308344 -0.00838068 0.000578466 0.012559
internal_weight=20290 2701 17589 523 17066 419
internal_count=20290 2701 17589 523 17066 419
is_linear=0
shrinkage=0.05


Tree=235
num_leaves=7
num_cat=0
split_feature=36 41 22 51 36 41
split_gain=15.535 81.855 71.7211 68.2093 60.567 56.1699
threshold=-1.0000000180025095e-35 0.093795578926801695 0.72499999403953563 0.1065950393676758 -0.30565343797206873 0.095144838094711318
decision_type=2 2 2 10 2 2
left_child=1 2 -1 -3 -4 -2
right_child=5 3 4 -5 -6 -7
leaf_value=1.7383511042000539e-05 7.798449219699986e-06 0.00022378436977261299 -0.00038666725625903568 -0.00033843262922310141 0.00016183818248769204 -0.00016927083592191235
leaf_weight=6119 6785 2923 1510 342 450 2194
leaf_count=6119 6785 2923 1510 342 450 2194
internal_value=-0.000131592 0.00109922 -0.00159884 0.00777523 -0.00991094 -0.00168355
internal_weight=20323 11344 8079 3265 1960 8979
internal_count=20323 11344 8079 3265 1960 8979
is_linear=0
shrinkage=0.05


Tree=236
num_leaves=7
num_cat=0
split_feature=10 51 51 51 43 48
split_gain=17.0993 30.2476 13.5524 18.1452 12.1569 42.5249
threshold=0.1310793608427048 -0.10566851869225501 -0.086753550916910158 -1.0000000180025095e-35 0.046320559456944473 1.0872883796691897
decision_type=2 10 8 8 2 2
left_child=4 -2 -3 -4 5 -1
right_child=1 2 3 -5 -6 -7
leaf_value=-0.00012190849724763383 -0.0002394776338033495 0.0012836961631918545 -0.00035261730927899093 0.00021659929876779966 4.6873343573765807e-06 0.00026677512142001458
leaf_weight=805 97 52 55 111 18906 187
leaf_count=805 97 52 55 111 18906 187
internal_value=-4.32783e-05 0.0116406 0.021861 0.0138889 -8.79264e-06 -0.00539117
internal_weight=20213 315 218 166 19898 992
internal_count=20213 315 218 166 19898 992
is_linear=0
shrinkage=0.05


Tree=237
num_leaves=7
num_cat=0
split_feature=43 16 2 44 22 10
split_gain=16.4637 25.2109 19.7068 14.1297 47.1814 15.5389
threshold=0.2283064275979996 0.12500000372529033 0.019338349811732772 0.15963118523359301 0.92499998211860668 0.0050784789491444835
decision_type=2 2 2 2 2 2
left_child=2 -2 3 5 -5 -1
right_child=1 -3 -4 4 -6 -7
leaf_value=-2.3174976179722975e-05 0.00033651641520182597 -0.0002957819326583922 0.00042916700026721138 0.00053878312564398397 -5.2943861217899774e-05 2.1853350832589877e-05
leaf_weight=11446 59 286 87 247 334 7942
leaf_count=11446 59 286 87 247 334 7942
internal_value=-6.73821e-05 -0.0109286 8.72339e-06 -9.63753e-05 0.00755119 -0.000328727
internal_weight=20401 345 20056 19969 581 19388
internal_count=20401 345 20056 19969 581 19388
is_linear=0
shrinkage=0.05


Tree=238
num_leaves=7
num_cat=0
split_feature=21 2 55 22 32 21
split_gain=12.8954 38.2413 50.4652 41.4853 32.0244 30.7463
threshold=0.82500001788139354 0.0081715402193367499 113796.19140625001 0.67499998211860668 -0.65007853507995594 0.47499999403953558
decision_type=2 2 10 2 2 2
left_child=5 3 4 -2 -3 -1
right_child=1 2 -4 -5 -6 -7
leaf_value=1.4149013364468135e-05 0.00053152667428130391 0.00056746996750817646 -0.0001529874035530749 -0.00041575054134838614 0.0001087756204612626 -6.756396178972534e-05
leaf_weight=9076 74 332 851 471 2292 7100
leaf_count=9076 74 332 851 471 2292 7100
internal_value=-0.000162121 0.00237888 0.00431753 -0.00986364 0.0077501 -0.000783326
internal_weight=20196 4020 3475 545 2624 16176
internal_count=20196 4020 3475 545 2624 16176
is_linear=0
shrinkage=0.05


Tree=239
num_leaves=7
num_cat=0
split_feature=52 39 52 48 39 44
split_gain=13.6166 33.3507 16.5437 56.3333 42.2343 42.3796
threshold=-0.12477938085794447 -0.037063784897327416 -0.00020020041120005769 -0.354135051369667 -0.048934021964669221 0.091232676059007659
decision_type=8 2 8 2 2 2
left_child=1 -1 3 -2 5 -5
right_child=2 -3 -4 4 -6 -7
leaf_value=-0.00067466746412720411 -7.5984465152997496e-05 -2.9802493358701244e-05 -4.354011623196059e-06 0.00017160050027787742 0.00030149380633115962 -0.00090602744503402103
leaf_weight=164 1014 872 16574 60 1522 73
leaf_count=164 1014 872 16574 60 1522 73
internal_value=-0.000146667 -0.00554755 0.00032341 0.00397345 0.00965361 -0.0168478
internal_weight=20279 1036 19243 2669 1655 133
internal_count=20279 1036 19243 2669 1655 133
is_linear=0
shrinkage=0.05


Tree=240
num_leaves=7
num_cat=0
split_feature=10 12 3 2 43 47
split_gain=13.6678 24.3921 29.7985 44.2373 26.1191 21.4137
threshold=0.1310793608427048 0.052963843569159515 0.0070511570665985355 0.0098755201324820536 0.13553878664970401 0.66748905181884777
decision_type=2 2 2 2 2 2
left_child=1 5 -3 -4 -5 -1
right_child=-2 2 3 4 -6 -7
leaf_value=0.00023035650606737201 0.00016637747430007954 0.00019520199064307922 -0.00030909007150948901 0.00019567086836240613 -0.0002415710267334918 -1.1247336797935389e-07
leaf_weight=589 321 136 599 217 123 18307
leaf_count=589 321 136 599 217 123 18307
internal_value=-0.000117012 -0.000121396 -0.00743056 -0.0106197 0.00369565 0.000294958
internal_weight=20292 19971 1075 939 340 18896
internal_count=20292 19971 1075 939 340 18896
is_linear=0
shrinkage=0.05


Tree=241
num_leaves=7
num_cat=0
split_feature=4 41 40 9 58 1
split_gain=15.8592 28.5996 34.2697 28.4255 27.3466 25.0883
threshold=-0.034161720424890511 0.12413583323359491 0.12198248133063318 -0.09511712938547133 8.5304309322964414e-05 0.069970041513443007
decision_type=2 2 2 2 10 2
left_child=1 2 5 -2 -4 -1
right_child=3 -3 4 -5 -6 -7
leaf_value=1.1633178999891895e-05 -0.0007422925184010934 0.00019138901240187362 -3.3626575591338101e-05 -1.4605251645971076e-05 -0.00061229515715612969 0.00039328641601464554
leaf_weight=8532 121 1004 198 10138 133 196
leaf_count=8532 121 1004 198 10138 133 196
internal_value=-5.78049e-05 0.00160161 0.000708848 -0.00119106 -0.0149554 0.00131398
internal_weight=20322 10063 9059 10259 331 8728
internal_count=20322 10063 9059 10259 331 8728
is_linear=0
shrinkage=0.05


Tree=242
num_leaves=7
num_cat=0
split_feature=10 51 12 3 2 29
split_gain=15.123 23.6948 18.1277 32.971 28.4413 29.9948
threshold=0.1310793608427048 -0.10566851869225501 0.052963843569159515 0.0070511570665985355 0.0098755201324820536 0.077565100044012084
decision_type=2 10 2 2 2 2
left_child=2 -2 -1 -4 5 -5
right_child=1 -3 3 4 -6 -7
leaf_value=7.0250621441565958e-06 -0.00018544725952399468 0.0002619870424129007 0.00019499975373436218 -0.00036094918712091615 2.3134327879791289e-05 3.1416765229954529e-05
leaf_weight=18954 90 232 150 482 346 139
leaf_count=18954 90 232 150 482 346 139
internal_value=-0.000140945 0.0109327 9.09046e-05 -0.00608289 -0.00949074 -0.0158546
internal_weight=20393 322 20071 1117 967 621
internal_count=20393 322 20071 1117 967 621
is_linear=0
shrinkage=0.05


Tree=243
num_leaves=7
num_cat=0
split_feature=23 41 36 52 46 12
split_gain=10.5714 23.2104 25.5638 20.24 20.9473 19.9572
threshold=0.011039517354220154 0.13157141953706744 -0.65883886814117421 0.036135794594883926 1.1479574441909792 0.025184730067849163
decision_type=2 2 2 10 2 2
left_child=3 -2 -3 -1 5 -5
right_child=1 2 -4 4 -6 -7
leaf_value=4.5577255991307851e-06 -1.0119488968458662e-05 9.5086933551201991e-05 -0.00041411415291203946 0.0002491555405027427 -0.00031587615453087457 -5.2563354978823833e-05
leaf_weight=15026 4032 181 325 540 67 147
leaf_count=15026 4032 181 325 540 67 147
internal_value=-0.000126704 -0.0020416 -0.0120841 0.00069528 0.00866271 0.0113078
internal_weight=20318 4538 506 15780 754 687
internal_count=20318 4538 506 15780 754 687
is_linear=0
shrinkage=0.05


Tree=244
num_leaves=7
num_cat=0
split_feature=39 35 38 50 1 10
split_gain=18.4777 50.0846 54.8321 45.2589 44.5583 35.5704
threshold=0.013195294421166183 0.098510108888149275 0.0040263056289404639 1.5256371498107912 0.011167956050485374 0.0050784789491444835
decision_type=2 2 2 2 2 2
left_child=5 2 -2 -4 -3 -1
right_child=1 4 3 -5 -6 -7
leaf_value=-5.0413214857554295e-05 0.00028974055418663807 -0.00016124853999663881 6.5592177194044331e-06 0.00086737171116305469 4.9501007676223344e-05 3.478289952735292e-05
leaf_weight=8491 1166 1209 2554 141 992 5729
leaf_count=8491 1166 1209 2554 141 992 5729
internal_value=-0.000141716 0.00236938 0.00580057 0.00186111 -0.00363781 -0.000926186
internal_weight=20282 6062 3861 2695 2201 14220
internal_count=20282 6062 3861 2695 2201 14220
is_linear=0
shrinkage=0.05


Tree=245
num_leaves=7
num_cat=0
split_feature=41 9 13 55 45 46
split_gain=13.996 51.6203 27.5413 36.9238 47.2504 35.2282
threshold=0.067547459155321135 -0.056365806609392159 -0.0081645417958497984 76432.203125000015 0.062015915289521224 1.106433153152466
decision_type=2 2 2 8 2 2
left_child=1 -1 3 -3 5 -5
right_child=-2 2 -4 4 -6 -7
leaf_value=-0.00042623640532031461 1.1815293162347304e-05 -0.00043252078795847607 -4.2708720761395065e-05 -7.5098510559914338e-05 0.00027318292720170763 0.00013006405369018711
leaf_weight=201 14355 201 4029 675 597 163
leaf_count=201 14355 201 4029 675 597 163
internal_value=-0.0001372 -0.00222705 -0.00132716 0.00412858 0.00696181 -0.000682088
internal_weight=20221 5866 5665 1636 1435 838
internal_count=20221 5866 5665 1636 1435 838
is_linear=0
shrinkage=0.05


Tree=246
num_leaves=7
num_cat=0
split_feature=48 53 52 55 35 38
split_gain=16.459 37.0642 31.8827 22.6553 21.6749 21.6565
threshold=-1.7036048769950864 -0.42599239945411677 0.00047952412569429731 520.22299194335949 -0.13645590841770169 0.012976306490600111
decision_type=2 10 8 8 2 2
left_child=1 5 4 -4 -3 -1
right_child=-2 2 3 -5 -6 -7
leaf_value=0.00011319511230659888 -8.3203083145400954e-06 -9.0564233848469189e-05 2.4155095019793617e-05 -0.0011636523218235191 0.00016120778234597917 0.00061336173611244073
leaf_weight=496 18669 382 67 93 426 194
leaf_count=496 18669 382 67 93 426 194
internal_value=-0.000185668 0.00467529 -0.00161871 -0.0216667 0.00242927 0.0134892
internal_weight=20327 1658 968 160 808 690
internal_count=20327 1658 968 160 808 690
is_linear=0
shrinkage=0.05


Tree=247
num_leaves=7
num_cat=0
split_feature=60 8 38 39 55 42
split_gain=14.1974 18.6557 13.7853 23.7729 13.6482 22.581
threshold=-2.0200197696685787 0.075527902692556395 -0.032474944368004792 -0.065047379583120332 520.22299194335949 0.098358906805515303
decision_type=8 2 2 2 8 2
left_child=1 -1 3 -2 5 -5
right_child=2 -3 -4 4 -6 -7
leaf_value=0.00019066375491337149 0.00029036043643470693 -0.00045631372747468435 7.6904411328947724e-06 -0.00094525396879164897 -8.6552986376381771e-05 2.7785835571207154e-05
leaf_weight=87 68 122 19427 62 499 50
leaf_count=87 68 122 19427 62 499 50
internal_value=-1.84547e-05 -0.0127336 0.00021257 -0.0067617 -0.00994318 -0.0254274
internal_weight=20315 209 20106 679 611 112
internal_count=20315 209 20106 679 611 112
is_linear=0
shrinkage=0.05


Tree=248
num_leaves=7
num_cat=0
split_feature=26 3 53 27 48 53
split_gain=13.4163 47.0873 46.3958 82.7511 91.6618 49.266
threshold=0.0023055810015648608 0.014040563255548479 -0.1426417529582977 -0.0083326795138418657 -0.354135051369667 -0.20511811226606366
decision_type=2 2 10 2 2 8
left_child=-1 2 3 -2 5 -5
right_child=1 -3 -4 4 -6 -7
leaf_value=-1.728830086269035e-05 0.00023972808275181547 -0.00063407587213541153 -6.8915437197835348e-05 -0.00050336712584005811 7.6516047982557473e-05 -6.2867551964989865e-06
leaf_weight=11727 1276 143 2690 475 3540 400
leaf_count=11727 1276 143 2690 475 3540 400
internal_value=-0.000171554 0.00142748 0.00192285 0.00448121 0.00122738 -0.0132102
internal_weight=20251 8524 8381 5691 4415 875
internal_count=20251 8524 8381 5691 4415 875
is_linear=0
shrinkage=0.05


Tree=249
num_leaves=7
num_cat=0
split_feature=10 45 35 42 47 35
split_gain=12.0788 43.1386 54.1985 47.8966 49.3846 54.7769
threshold=0.0050784789491444835 0.051528058946132667 0.54924064874649059 0.11537772044539453 0.76367056369781505 0.25668361783027654
decision_type=2 2 2 2 2 2
left_child=-1 2 -2 -3 -5 -6
right_child=1 3 -4 4 5 -7
leaf_value=-1.3613116029186079e-05 -0.00035883211384566007 6.6443719843076044e-05 0.00035110483162331262 -0.00045729403607032535 0.0001518500047504621 -0.00044667935395370197
leaf_weight=12168 229 6656 61 282 683 240
leaf_count=12168 229 6656 61 282 683 240
internal_value=-5.28931e-05 0.0015602 -0.0172034 0.00226608 -0.00688017 -0.00121228
internal_weight=20319 8151 290 7861 1205 923
internal_count=20319 8151 290 7861 1205 923
is_linear=0
shrinkage=0.05


Tree=250
num_leaves=7
num_cat=0
split_feature=23 29 21 10 0 44
split_gain=15.6221 23.4922 28.4582 23.3158 22.9113 23.7566
threshold=0.010179497767239811 -0.038134971633553498 0.57500001788139354 -0.051064185798168175 -0.024120740592479702 0.11150418594479562
decision_type=2 2 2 2 2 2
left_child=-1 2 -2 -4 -3 -6
right_child=1 4 3 -5 5 -7
leaf_value=5.6962753515866703e-06 -0.0005277115999501032 -0.00013529295615972325 -0.00029663876248476061 0.00022415989181994074 -4.3500664746850339e-05 0.00014561236053791844
leaf_weight=15339 157 941 250 106 2353 1063
leaf_count=15339 157 941 250 106 2353 1063
internal_value=-0.000191699 -0.00290769 -0.0129826 -0.0049169 -0.0017022 0.000197311
internal_weight=20209 4870 513 356 4357 3416
internal_count=20209 4870 513 356 4357 3416
is_linear=0
shrinkage=0.05


Tree=251
num_leaves=7
num_cat=0
split_feature=35 50 36 22 13 40
split_gain=13.9174 42.6005 24.0669 42.4506 36.0932 26.9619
threshold=0.85893726348876964 -0.039549442008137696 0.83758923411369335 0.22500000149011615 -0.006491009844467043 0.092040978372097029
decision_type=2 2 2 2 2 2
left_child=2 -2 -1 4 -4 -5
right_child=1 -3 3 5 -6 -7
leaf_value=-3.5260040798635152e-06 -0.00029681599228570344 0.00025847573631921907 0.00061906683789830492 0.00036810881753481211 -0.00020972893432653715 -0.00015633418547132224
leaf_weight=19383 232 119 55 326 187 72
leaf_count=19383 232 119 55 326 187 72
internal_value=-9.69135e-05 -0.00990169 7.11504e-05 0.00957364 -0.00678138 0.0195409
internal_weight=20374 351 20023 640 242 398
internal_count=20374 351 20023 640 242 398
is_linear=0
shrinkage=0.05


Tree=252
num_leaves=7
num_cat=0
split_feature=50 55 10 10 24 0
split_gain=12.4573 27.1201 34.2674 37.4421 25.5108 20.447
threshold=1.9692323207855227 66880.968750000015 -0.12074699252843855 -0.016280116513371464 -0.017058999277651306 -0.0083196219056844694
decision_type=2 10 2 2 2 2
left_child=5 2 -2 4 -4 -1
right_child=1 -3 3 -5 -6 -7
leaf_value=-4.8029397524969265e-05 0.0011542532983174027 -0.00011062601862710468 0.00031765434011792656 0.00031667003618368676 -0.00014124995566128278 1.5410159394192137e-05
leaf_weight=6529 108 207 59 264 370 12775
leaf_count=6529 108 207 59 264 370 12775
internal_value=-6.27553e-05 0.00540474 0.00958437 0.00533668 -0.00374424 -0.000283547
internal_weight=20312 1008 801 693 429 19304
internal_count=20312 1008 801 693 429 19304
is_linear=0
shrinkage=0.05


Tree=253
num_leaves=7
num_cat=0
split_feature=43 48 6 35 35 44
split_gain=11.125 39.0127 33.3333 29.6812 31.2492 25.7877
threshold=0.052654117345809943 1.0872883796691897 0.2915377169847489 -0.48004612326622004 0.098510108888149275 0.071281664073467269
decision_type=2 2 2 2 2 2
left_child=1 2 -1 -3 -5 -2
right_child=5 3 -4 4 -6 -7
leaf_value=8.3472102782314574e-06 5.3331121741659493e-05 -0.00013663592936311082 -0.00017537934720083105 0.00030746403464401598 -8.7705641281976565e-05 -6.0035864955081904e-06
leaf_weight=744 2415 69 833 239 73 15961
leaf_count=744 2415 69 833 239 73 15961
internal_value=-0.000111854 -0.00355323 -0.00703224 0.0106865 0.0172713 0.00040667
internal_weight=20334 1958 1577 381 312 18376
internal_count=20334 1958 1577 381 312 18376
is_linear=0
shrinkage=0.05


Tree=254
num_leaves=7
num_cat=0
split_feature=54 39 41 21 35 20
split_gain=13.3681 25.7653 24.3538 15.9594 28.5404 27.8466
threshold=-0.33776564896106714 -0.039946628734469407 0.092527456581592574 0.82500001788139354 -0.82206439971923817 0.12500000372529033
decision_type=8 2 2 2 2 2
left_child=1 -1 -3 4 5 -2
right_child=3 2 -4 -5 -6 -7
leaf_value=-0.00063347098644252241 0.00034161414470380456 0.00010248674683232292 -0.00020534874277876341 6.1748086228428388e-05 2.3819632269230474e-06 -0.00025455591799001398
leaf_weight=127 125 536 592 3497 14760 682
leaf_count=127 125 536 592 3497 14760 682
internal_value=-9.22555e-05 -0.00501984 -0.00253751 0.000297603 -0.000386912 -0.00951355
internal_weight=20319 1255 1128 19064 15567 807
internal_count=20319 1255 1128 19064 15567 807
is_linear=0
shrinkage=0.05


Tree=255
num_leaves=7
num_cat=0
split_feature=0 53 51 51 53 38
split_gain=15.4478 24.7753 30.5779 33.3699 25.6236 30.2644
threshold=-0.0083196219056844694 0.84308290481567394 -0.042467359453439706 -0.061812348663806908 0.42423874139785772 0.014796386007219555
decision_type=2 10 8 8 10 2
left_child=-1 4 3 -3 -2 -6
right_child=1 2 -4 -5 5 -7
leaf_value=-2.3394250210851885e-05 1.7505920619821441e-05 -5.8241892024392503e-05 3.0801710032043284e-05 -0.0004337543262796744 0.00032768528684565539 -0.00014795384779252421
leaf_weight=7340 11587 186 285 116 591 141
leaf_count=7340 11587 186 285 116 591 141
internal_value=-3.82697e-05 0.00115986 -0.00882601 -0.0197883 0.00164111 0.0106852
internal_weight=20246 12906 587 302 12319 732
internal_count=20246 12906 587 302 12319 732
is_linear=0
shrinkage=0.05


Tree=256
num_leaves=7
num_cat=0
split_feature=44 22 10 12 35 23
split_gain=15.1925 36.5192 22.9503 21.602 21.9419 20.1038
threshold=0.15963118523359301 0.92499998211860668 -0.10646612942218779 0.027227601967751983 -0.36835442483425135 -0.01751310937106609
decision_type=2 2 2 2 2 2
left_child=-1 3 5 4 -2 -3
right_child=1 2 -4 -5 -6 -7
leaf_value=-1.8460690099559621e-07 9.7467805837255384e-05 0.00022407774693642188 0.00020180042489809921 5.2312319745302477e-05 0.0015837458347187654 -0.00047324014643506865
leaf_weight=19640 64 86 141 99 114 176
leaf_count=19640 64 86 141 99 114 176
internal_value=-0.000141451 0.00755474 -0.00202206 0.0213652 0.0315574 -0.0107678
internal_weight=20320 680 403 277 178 262
internal_count=20320 680 403 277 178 262
is_linear=0
shrinkage=0.05


Tree=257
num_leaves=7
num_cat=0
split_feature=43 48 38 15 47 10
split_gain=14.5224 25.9077 15.3077 36.3069 23.156 43.0799
threshold=0.2283064275979996 -1.6074485182762144 -0.024895112961530682 0.57500001788139354 1.6064773201942446 0.027125375345349315
decision_type=2 2 2 2 2 2
left_child=2 -2 3 -1 -4 -6
right_child=1 -3 4 -5 5 -7
leaf_value=-0.00017965297426658102 0.00042807248750300849 -0.00028603042201447561 5.8844184781520528e-06 5.3376408698143984e-05 0.00089684220505089349 -0.00035934658765022701
leaf_weight=915 58 272 18177 740 130 52
leaf_count=915 58 272 18177 740 130 52
internal_value=-0.000160942 -0.0103731 0.000123633 -0.00447289 0.00054046 0.0180481
internal_weight=20344 330 20014 1655 18359 182
internal_count=20344 330 20014 1655 18359 182
is_linear=0
shrinkage=0.05


Tree=258
num_leaves=7
num_cat=0
split_feature=51 22 45 44 41 48
split_gain=16.152 28.9665 52.8306 56.3289 43.996 58.9007
threshold=-0.038356900215148919 0.77500000596046459 0.083558399230241789 0.11405359581112863 0.069750785827636733 1.0872883796691897
decision_type=8 2 2 2 2 2
left_child=1 2 4 -4 5 -1
right_child=-2 -3 3 -5 -6 -7
leaf_value=-0.00014359794457017474 1.2843334652840706e-05 9.0736892010825779e-05 -0.00048902346017660602 -2.9290069849834395e-05 0.00012303095576930926 0.00023547495083149489
leaf_weight=1088 14680 1594 885 809 1039 172
leaf_count=1088 14680 1594 885 809 1039 172
internal_value=-6.28946e-05 -0.00238287 -0.00465858 -0.0113449 0.000271267 -0.00598814
internal_weight=20267 5587 3993 1694 2299 1260
internal_count=20267 5587 3993 1694 2299 1260
is_linear=0
shrinkage=0.05


Tree=259
num_leaves=7
num_cat=0
split_feature=35 50 36 54 41 34
split_gain=15.3583 36.307 25.1004 39.5565 30.2323 21.6353
threshold=0.85893726348876964 -0.039549442008137696 0.83758923411369335 -0.009768249932676552 0.060415143147110946 0.21310498565435412
decision_type=2 2 2 10 2 2
left_child=2 -2 -1 5 -5 -4
right_child=1 -3 3 4 -6 -7
leaf_value=-6.9665690487784689e-06 -0.00029358735481748561 0.00013923429092356967 0.00042194548228855454 7.706096768662469e-05 -0.00038820314596665337 1.1949293812969119e-05
leaf_weight=19313 208 115 308 116 95 123
leaf_count=19313 208 115 308 116 95 123
internal_value=-7.2721e-05 -0.0110518 -0.000141533 0.00954405 -0.00798611 0.0181766
internal_weight=20278 323 19955 642 211 431
internal_count=20278 323 19955 642 211 431
is_linear=0
shrinkage=0.05


Tree=260
num_leaves=7
num_cat=0
split_feature=24 36 39 46 53 26
split_gain=16.9517 44.1451 55.8549 44.4555 41.6673 60.7392
threshold=0.027042051777243618 -0.80140164494514454 -0.034461123868823045 0.85682314634323131 -0.1426417529582977 0.074844185262918486
decision_type=2 2 2 2 8 2
left_child=-1 2 -2 -4 -3 -6
right_child=1 4 3 -5 5 -7
leaf_value=1.14622628532971e-05 -0.00012600729595475029 1.074632402103485e-05 -0.00033916018508537132 0.00051500489673187854 -7.5712961489670836e-05 -0.00055130247983930722
leaf_weight=15251 247 2152 80 458 1854 350
leaf_count=15251 247 2152 80 458 1854 350
internal_value=-0.000111536 -0.00260882 0.00825949 0.0172652 -0.00458037 -0.00940471
internal_weight=20392 5141 785 538 4356 2204
internal_count=20392 5141 785 538 4356 2204
is_linear=0
shrinkage=0.05


Tree=261
num_leaves=7
num_cat=0
split_feature=10 38 3 39 55 32
split_gain=13.3343 65.2038 34.4287 31.8735 51.1884 50.6451
threshold=0.0050784789491444835 0.023683091625571254 0.013325378764420749 0.017648831009864811 8.5731101036071795 -0.38968500494956965
decision_type=2 2 2 2 10 2
left_child=3 2 -2 -1 5 -5
right_child=1 -3 -4 4 -6 -7
leaf_value=-3.5898094754697328e-05 5.4866407823983988e-05 -0.00026759105597710969 -0.0003650529706528993 0.00039016331342564878 -3.7795706134164724e-05 2.5435853597999921e-05
leaf_weight=9189 7411 509 159 706 1384 941
leaf_count=9189 7411 509 159 706 1384 941
internal_value=-0.000102197 0.00180913 0.0029802 -0.000807771 0.00363142 0.0095793
internal_weight=20299 8079 7570 12220 3031 1647
internal_count=20299 8079 7570 12220 3031 1647
is_linear=0
shrinkage=0.05


Tree=262
num_leaves=7
num_cat=0
split_feature=41 55 36 18 19 22
split_gain=11.2606 22.2725 26.7614 20.5833 19.3229 17.6326
threshold=0.041487954556941993 103262.37109375001 0.4777460396289826 0.075000001117587103 0.22500000149011615 0.075000001117587103
decision_type=2 10 2 2 2 2
left_child=1 2 3 -1 -5 -2
right_child=5 -3 -4 4 -6 -7
leaf_value=0.00014291099372354163 7.9754094309657735e-05 0.00037457852828966259 0.00017785594380743822 -1.8987840586705967e-06 -0.00018149216219976128 1.257615757998187e-06
leaf_weight=50 581 85 110 114 309 19050
leaf_count=50 581 85 110 114 309 19050
internal_value=-0.000126822 -0.00620357 -0.00973639 -0.0149059 -0.0185164 0.000373039
internal_weight=20299 668 583 473 423 19631
internal_count=20299 668 583 473 423 19631
is_linear=0
shrinkage=0.05


Tree=263
num_leaves=7
num_cat=0
split_feature=51 24 52 27 47 50
split_gain=13.7962 38.0871 40.3341 30.0707 29.4144 27.3836
threshold=-0.038356900215148919 -0.081172447651624666 -0.00028013807605020696 -0.050836144015192979 0.9545811414718629 0.66898265480995189
decision_type=8 2 10 2 2 2
left_child=5 2 -2 -3 -4 -1
right_child=1 3 4 -5 -6 -7
leaf_value=-6.5960762869927045e-05 0.00059722023596335886 -0.00026993672348589963 -0.00051099152505111687 8.0665256839569311e-06 0.00024855211306788603 0.00017849432214548259
leaf_weight=4799 263 490 89 13650 241 740
leaf_count=4799 263 490 89 13650 241 740
internal_value=-0.000126991 0.000558081 0.0129181 3.35808e-05 0.0011194 -0.00236742
internal_weight=20272 14733 593 14140 330 5539
internal_count=20272 14733 593 14140 330 5539
is_linear=0
shrinkage=0.05


Tree=264
num_leaves=7
num_cat=0
split_feature=10 35 35 38 39 36
split_gain=11.7618 36.4499 33.9381 27.2333 18.6648 36.1355
threshold=0.095848355442285552 0.49836209416389471 -0.79136100411415089 -0.023614451289176937 -0.025136505253612992 0.13449426740407947
decision_type=2 2 2 2 2 2
left_child=-1 2 -2 -4 -5 -6
right_child=1 -3 3 4 5 -7
leaf_value=-5.7231305976528441e-06 -0.00064936919152985351 -0.00062758524559122309 -0.00014624342769425821 0.00039310312837932172 0.00038366083726605328 -0.00011368855058278826
leaf_weight=19172 82 81 97 314 276 136
leaf_count=19172 82 81 97 314 276 136
internal_value=-0.000127709 0.005222 0.00815934 0.0112621 0.0146033 0.0073741
internal_weight=20158 986 905 823 726 412
internal_count=20158 986 905 823 726 412
is_linear=0
shrinkage=0.05


Tree=265
num_leaves=7
num_cat=0
split_feature=0 5 35 36 51 22
split_gain=18.7019 24.7108 20.2685 30.5975 44.0629 27.4183
threshold=-0.0069870317820459596 0.6671329438686372 0.85893726348876964 0.83758923411369335 0.0091828606091439741 0.22500000149011615
decision_type=2 2 2 2 8 2
left_child=-1 2 3 -2 -5 -4
right_child=1 -3 5 4 -6 -7
leaf_value=-2.9792031200430171e-05 1.8312535548364526e-05 -0.0003648446015669677 -3.1449700650629132e-05 -0.00055007315386796144 0.0003429285779324514 -0.00071996712600490265
leaf_weight=7615 11952 50 161 55 310 63
leaf_count=7615 11954 50 161 55 310 63
internal_value=-0.00011751 0.00115314 0.00130121 0.00157645 0.0157432 -0.0134279
internal_weight=20206 12591 12541 12317 365 224
internal_count=20206 12593 12543 12319 365 224
is_linear=0
shrinkage=0.05


Tree=266
num_leaves=7
num_cat=0
split_feature=57 48 47 9 1 22
split_gain=14.3162 20.1785 18.0184 17.163 29.7328 28.4541
threshold=-4.1223246682875464e-07 -0.354135051369667 0.98636090755462658 -0.037095887586474412 -0.019868865609169003 0.32500000298023229
decision_type=8 2 2 2 2 2
left_child=1 -1 -3 4 -2 -6
right_child=3 2 -4 -5 5 -7
leaf_value=-0.00013156475235567155 -5.146582294495526e-05 8.0860308221592924e-05 -0.00012844854964876747 -4.8578622083256518e-06 -9.033785982514942e-05 0.00014322829464023372
leaf_weight=1146 1717 978 377 12560 473 3111
leaf_count=1146 1717 978 377 12560 473 3112
internal_value=-0.00012643 -0.00336193 0.000753676 0.000673066 0.00305786 0.00564921
internal_weight=20362 2501 1355 17861 5301 3584
internal_count=20362 2501 1355 17861 5301 3585
is_linear=0
shrinkage=0.05


Tree=267
num_leaves=7
num_cat=0
split_feature=47 5 47 42 35 22
split_gain=14.5801 49.9511 25.7515 26.1152 23.779 22.4227
threshold=0.61010545492172252 0.017374459654092792 0.66748905181884777 0.09637788683176042 0.20343378186225894 0.72499999403953563
decision_type=2 2 2 2 2 2
left_child=1 5 3 -2 -5 -1
right_child=2 -3 -4 4 -6 -7
leaf_value=-0.0001794276970873743 0.00086317954446702729 -0.00057455929637922692 -3.9442837420351591e-07 0.00028775602975654978 -0.00057219883407678041 0.00059450883864982482
leaf_weight=75 99 162 19738 168 56 97
leaf_count=75 99 162 19738 168 56 97
internal_value=-0.000140931 -0.0102507 0.000205572 0.0141006 0.00425764 0.00833333
internal_weight=20395 334 20061 323 224 172
internal_count=20395 334 20061 323 224 172
is_linear=0
shrinkage=0.05


Tree=268
num_leaves=7
num_cat=0
split_feature=45 22 44 6 47 24
split_gain=16.8709 33.7635 31.0973 30.0463 24.8073 38.696
threshold=0.06355955079197885 0.52500000596046459 0.070160798728466048 0.76408696174621593 0.88781979680061351 -0.10315354913473128
decision_type=2 2 2 2 2 2
left_child=1 -1 3 -2 5 -4
right_child=2 -3 4 -5 -6 -7
leaf_value=-1.7439073032850275e-05 0.00015832214451940937 -0.00066270644175558339 0.00099934003869653083 -4.489011936061119e-05 -1.8182108027639317e-05 4.8756146511217931e-05
leaf_weight=3387 806 136 78 190 10126 5562
leaf_count=3387 806 136 78 190 10126 5562
internal_value=-0.000121981 -0.00278486 0.00101837 0.00956543 0.000473971 0.00313109
internal_weight=20285 3523 16762 996 15766 5640
internal_count=20285 3523 16762 996 15766 5640
is_linear=0
shrinkage=0.05


Tree=269
num_leaves=7
num_cat=0
split_feature=21 3 6 46 55 6
split_gain=11.7294 41.829 39.5473 33.2774 23.7229 38.3031
threshold=0.92499998211860668 0.0084021403454244154 0.66007375717163097 0.96819815039634716 9981547008.0000019 0.69531485438346874
decision_type=2 2 2 2 8 2
left_child=-1 2 -2 4 -3 -6
right_child=1 3 -4 -5 5 -7
leaf_value=-2.611125447130958e-06 -0.0008684706805085076 -0.00016991776203004774 0.00034645800631866652 0.00023232032519506283 0.00070161419254646286 -8.2041659972153773e-05
leaf_weight=18272 225 378 72 1065 126 149
leaf_count=18272 225 378 72 1065 126 149
internal_value=-0.000156466 0.00382426 -0.0133278 0.00683401 -0.00201368 0.00901786
internal_weight=20287 2015 297 1718 653 275
internal_count=20287 2015 297 1718 653 275
is_linear=0
shrinkage=0.05


Tree=270
num_leaves=7
num_cat=0
split_feature=0 12 53 53 51 55
split_gain=14.0224 17.0249 24.5006 29.5667 25.3475 24.6813
threshold=-0.077818077057600007 0.052963843569159515 -0.46167522668838495 -0.59350329637527455 -0.061812348663806908 78442.972656250015
decision_type=2 2 8 10 10 8
left_child=-1 -2 3 -3 5 -4
right_child=1 2 4 -5 -6 -7
leaf_value=0.00010716879399747565 3.1711767406829514e-06 -0.00027538636058947085 0.00017036947742499737 0.00026157152221189807 -0.00038248882078671957 -0.00014946975791639409
leaf_weight=335 18774 76 236 146 383 318
leaf_count=335 18774 76 236 146 383 318
internal_value=-0.000127016 -0.000166767 -0.00603522 0.00870044 -0.00958068 -0.00263864
internal_weight=20268 19933 1159 222 937 554
internal_count=20268 19933 1159 222 937 554
is_linear=0
shrinkage=0.05


Tree=271
num_leaves=7
num_cat=0
split_feature=47 6 21 51 22 36
split_gain=14.0367 46.8848 31.0144 15.1264 41.0297 64.781
threshold=0.61010545492172252 0.27669964730739599 0.87500000000000011 -0.038356900215148919 0.77500000596046459 0.38634094595909124
decision_type=2 2 2 10 2 2
left_child=1 -1 -3 -2 -5 -6
right_child=3 2 -4 4 5 -7
leaf_value=0.00034009947765397628 -1.2347019379912072e-05 -0.00055592052210433004 0.00015611251990850752 7.4119177202387149e-05 -0.00023064027989401121 0.00027858969196860702
leaf_weight=80 13380 182 69 5184 1113 372
leaf_count=80 13380 182 69 5184 1113 372
internal_value=-0.000185185 -0.0101935 -0.0208008 0.00011095 0.00205649 -0.00525168
internal_weight=20380 331 251 20049 6669 1485
internal_count=20380 331 251 20049 6669 1485
is_linear=0
shrinkage=0.05


Tree=272
num_leaves=7
num_cat=0
split_feature=4 0 3 22 38 38
split_gain=15.7588 39.0905 31.8643 19.6524 20.7431 20.5776
threshold=-0.17541943490505216 0.036936875432729728 0.0085028992034494894 0.77500000596046459 0.0090510020963847655 -0.019115464761853215
decision_type=2 2 2 2 2 2
left_child=1 -1 -3 5 -5 -4
right_child=-2 2 3 4 -6 -7
leaf_value=5.5687368901005457e-06 -2.1693608692256609e-05 -6.1046271015046964e-05 -0.00019749699332725405 0.00067582317475358301 3.8256020923549928e-05 0.00025266650335040961
leaf_weight=7803 11595 288 109 212 60 230
leaf_count=7803 11595 288 109 212 60 230
internal_value=-0.000151463 0.00146721 0.0113108 0.0177354 0.0277076 0.009375
internal_weight=20297 8702 899 611 272 339
internal_count=20297 8702 899 611 272 339
is_linear=0
shrinkage=0.05


Tree=273
num_leaves=7
num_cat=0
split_feature=25 20 25 48 50 26
split_gain=12.6479 21.0261 14.5244 21.0477 25.7998 19.0458
threshold=0.056967813521623618 0.97499999403953563 0.032400449737906463 2.3708715438842778 0.86183753609657299 -0.026875166222453114
decision_type=2 2 2 2 2 2
left_child=2 -2 3 5 -5 -1
right_child=1 -3 -4 4 -6 -7
leaf_value=-3.0158054745848142e-05 -0.0002338631018087903 0.00037795018774241211 9.3096394426331769e-05 -0.00051667388206430825 -1.930518965213117e-05 2.0376995597734191e-05
leaf_weight=7294 257 63 1258 118 254 10996
leaf_count=7294 257 63 1258 118 254 10996
internal_value=-0.000137071 -0.00976923 0.000174404 -0.000175443 -0.01187 6.42252e-05
internal_weight=20240 320 19920 18662 372 18290
internal_count=20240 320 19920 18662 372 18290
is_linear=0
shrinkage=0.05


Tree=274
num_leaves=7
num_cat=0
split_feature=35 45 22 1 41 45
split_gain=13.5176 51.3015 59.5834 67.928 56.4391 53.9738
threshold=0.098510108888149275 0.10219254344701768 0.42499999701976782 -0.021905531175434586 0.076889086514711394 0.083558399230241789
decision_type=2 2 2 2 2 2
left_child=-1 2 -2 -4 5 -5
right_child=1 -3 3 4 -6 -7
leaf_value=1.5818323900876731e-05 -4.3921597834722619e-05 -0.0001878371411145284 -8.5070169633966457e-05 0.00019591353065029717 0.00054583287289088121 -0.00044922228814688259
leaf_weight=12406 4029 1598 822 546 751 105
leaf_count=12406 4029 1598 822 546 751 105
internal_value=-4.81196e-05 -0.00179799 0.000243688 0.00680799 0.0134861 0.00262957
internal_weight=20257 7851 6253 2224 1402 651
internal_count=20257 7851 6253 2224 1402 651
is_linear=0
shrinkage=0.05


Tree=275
num_leaves=7
num_cat=0
split_feature=52 39 15 35 39 6
split_gain=11.7079 20.0679 16.9012 18.4017 16.0508 46.5032
threshold=-0.1788857355713844 -0.017792861908674237 0.17500000447034839 -0.25075668096542353 -0.027173096314072605 0.83077740669250499
decision_type=8 2 2 2 2 2
left_child=1 -1 -3 -4 5 -2
right_child=4 2 3 -5 -6 -7
leaf_value=-0.00057903814451177097 0.00011758344508620701 0.00042936165136836795 -0.0002805276013249083 7.5147069151829707e-05 -9.879996504504095e-06 -6.8264952416837585e-05
leaf_weight=248 2660 108 208 259 15614 1160
leaf_count=248 2660 108 208 259 15614 1160
internal_value=-0.000166568 -0.00594807 -0.000732759 -0.00492585 0.000122177 0.00302614
internal_weight=20257 823 575 467 19434 3820
internal_count=20257 823 575 467 19434 3820
is_linear=0
shrinkage=0.05


Tree=276
num_leaves=7
num_cat=0
split_feature=21 22 42 26 31 53
split_gain=13.8749 52.9616 48.2063 43.2727 38.461 37.749
threshold=0.37500000000000006 0.62500000000000011 0.107226200401783 -0.070627041161060319 37.751501083374031 -0.28445218503475184
decision_type=2 2 2 2 2 8
left_child=1 2 3 -1 -5 -4
right_child=-2 -3 5 4 -6 -7
leaf_value=-0.00027008204064262966 -1.8545231536200836e-05 -0.00049210481188113355 -9.892722628211226e-06 -0.00012694094460403125 3.5823547896166911e-05 0.00066949585454411048
leaf_weight=226 13288 159 111 208 6182 204
leaf_count=226 13288 159 111 208 6182 204
internal_value=-0.000111613 0.0017019 0.00236808 0.00144616 0.00221658 0.0213281
internal_weight=20378 7090 6931 6616 6390 315
internal_count=20378 7090 6931 6616 6390 315
is_linear=0
shrinkage=0.05


Tree=277
num_leaves=7
num_cat=0
split_feature=33 46 46 44 47 39
split_gain=12.7787 22.7619 24.1098 49.4128 30.4754 38.0819
threshold=-0.090643029659986482 1.328263580799103 0.96243491768836986 0.12056406214833261 0.8190196454524995 0.036488799378275878
decision_type=2 2 2 2 2 2
left_child=-1 2 4 -4 -2 -6
right_child=1 -3 3 -5 5 -7
leaf_value=2.8275663003461054e-05 -0.00018171798283993354 -0.0001940258381637734 -1.7070577929257184e-06 0.00023364480037358552 4.8589212425075717e-06 -0.00027367071054303571
leaf_weight=7722 1261 428 4922 886 4808 361
leaf_count=7722 1262 428 4922 886 4808 361
internal_value=-0.000111558 -0.000913503 -0.000512538 0.0018192 -0.00262238 -0.00091322
internal_weight=20388 12666 12238 5808 6430 5169
internal_count=20388 12671 12243 5808 6435 5169
is_linear=0
shrinkage=0.05


Tree=278
num_leaves=7
num_cat=0
split_feature=12 36 35 36 46 41
split_gain=13.9549 31.59 45.1591 36.3375 62.7563 28.3283
threshold=-0.02947646006941795 0.73668375611305248 0.22161203622817996 0.42110557854175573 0.89874833822250377 0.074218500405550017
decision_type=2 2 2 2 2 2
left_child=1 2 -1 -4 5 -5
right_child=-2 -3 3 4 -6 -7
leaf_value=7.8997203851294951e-05 -1.1232218138132507e-05 0.0004030258765546669 -0.00040480013269359664 -0.00010131665109898398 -0.00022933979776622299 0.00087944148716350291
leaf_weight=3903 15345 126 318 54 366 157
leaf_count=3903 15345 126 318 54 366 157
internal_value=-0.000102348 0.00228748 0.00161878 -0.00847222 -0.000902062 0.0204861
internal_weight=20269 4924 4798 895 577 211
internal_count=20269 4924 4798 895 577 211
is_linear=0
shrinkage=0.05


Tree=279
num_leaves=7
num_cat=0
split_feature=39 26 55 1 46 42
split_gain=13.261 42.0909 45.4057 46.1034 37.8976 42.4505
threshold=0.014510530512779953 0.014863251708447935 8.5731101036071795 0.053740954026579864 0.68184080719947826 0.093309905380010619
decision_type=2 2 10 2 2 2
left_child=-1 2 3 4 -2 -6
right_child=1 -3 -4 -5 5 -7
leaf_value=-1.1885664792465391e-05 0.00098620754011839208 -6.1941479220799513e-05 -6.8386025289694096e-06 0.00089930197992704568 0.00016648418811966522 -0.0001594870285215054
leaf_weight=14378 176 1972 1799 171 1098 583
leaf_count=14378 176 1972 1799 171 1098 583
internal_value=-0.000142454 0.00208908 0.00514744 0.0102681 0.00790816 0.00553084
internal_weight=20177 5799 3827 2028 1857 1681
internal_count=20177 5799 3827 2028 1857 1681
is_linear=0
shrinkage=0.05


Tree=280
num_leaves=7
num_cat=0
split_feature=10 38 35 12 53 21
split_gain=14.0409 33.8724 25.6863 23.23 22.329 28.9815
threshold=0.095848355442285552 -0.023614451289176937 -0.79136100411415089 0.052963843569159515 -0.021822071634232994 0.42499999701976782
decision_type=2 2 2 2 8 2
left_child=3 -2 -3 -1 5 -4
right_child=1 2 4 -5 -6 -7
leaf_value=-1.4477874375591074e-06 -0.00024133140283761289 -0.00052289724965550962 0.00040662754046171933 -0.0001094578328479584 -4.4022452255373592e-05 0.00015381008500246676
leaf_weight=18436 119 75 197 890 154 426
leaf_count=18436 119 75 197 890 154 426
internal_value=-0.000141612 0.00566086 0.00918903 -0.000484972 0.0119246 0.0161226
internal_weight=20297 971 852 19326 777 623
internal_count=20297 971 852 19326 777 623
is_linear=0
shrinkage=0.05


Tree=281
num_leaves=7
num_cat=0
split_feature=12 0 27 26 3 45
split_gain=13.5768 27.7051 33.3995 17.4399 41.7836 22.5319
threshold=-0.092504121363162981 0.013105719350278379 -0.033497607335448258 -0.12636267393827436 0.0097201187163591402 0.11517125740647317
decision_type=2 2 2 2 2 2
left_child=1 -1 -3 4 -2 -5
right_child=3 2 -4 5 -6 -7
leaf_value=-0.00032446388005072954 0.00063124227512971855 0.00042101169046541141 -0.00044268806488549834 -7.3928139013050438e-06 -0.00025808752594764974 7.2126925613576542e-05
leaf_weight=148 104 410 103 16828 626 2183
leaf_count=148 104 410 103 16828 626 2183
internal_value=-0.000155584 0.00709459 0.0125965 -0.000163324 -0.00772109 0.000127524
internal_weight=20402 661 513 19741 730 19011
internal_count=20402 661 513 19741 730 19011
is_linear=0
shrinkage=0.05


Tree=282
num_leaves=7
num_cat=0
split_feature=51 35 36 43 41 36
split_gain=14.8814 31.2891 86.6786 47.1265 37.7246 64.5991
threshold=-0.038356900215148919 0.22161203622817996 0.31361833214759832 0.068565443158149733 0.092527456581592574 -0.18287152051925656
decision_type=10 2 2 2 2 2
left_child=1 4 3 -3 5 -1
right_child=-2 2 -4 -5 -6 -7
leaf_value=-7.4599397828831206e-05 3.0868102198999368e-05 -7.0467947512025954e-05 -1.2765833072325446e-05 -0.00056133312798506657 0.00010495415625614985 8.3836259053148292e-05
leaf_weight=4951 6883 343 2384 310 2986 2497
leaf_count=4951 6883 343 2384 310 2986 2497
internal_value=-8.22732e-05 -0.000936851 -0.00539941 -0.0214666 0.000361625 -0.00153965
internal_weight=20354 13471 3037 653 10434 7448
internal_count=20354 13471 3037 653 10434 7448
is_linear=0
shrinkage=0.05


Tree=283
num_leaves=7
num_cat=0
split_feature=52 51 32 55 41 52
split_gain=15.2359 35.6821 43.1862 42.3862 39.254 57.6506
threshold=8.6531454144278555e-05 -0.040501473471522324 0.86870166659355175 62776.767578125007 0.093795578926801695 -0.0001699153799563646
decision_type=10 10 2 8 2 8
left_child=1 4 3 -3 -1 -6
right_child=-2 2 -4 -5 5 -7
leaf_value=-2.7741813049392122e-05 -3.6299104045536739e-05 -2.1878430791287758e-06 -0.00028175529093198436 0.00017589867694645512 -0.00011696415487946673 0.00018118678241597422
leaf_weight=9089 4838 1337 154 2062 996 1958
leaf_count=9089 4838 1337 154 2062 996 1958
internal_value=-0.000170018 0.00108807 0.00548763 0.00667597 -0.000209578 0.00479047
internal_weight=20434 15596 3553 3399 12043 2954
internal_count=20434 15596 3553 3399 12043 2954
is_linear=0
shrinkage=0.05


Tree=284
num_leaves=7
num_cat=0
split_feature=0 27 52 52 36 12
split_gain=11.4783 17.4416 21.7392 10.9867 31.9378 24.758
threshold=-0.077818077057600007 0.078220468014478697 -9.0892630396410809e-05 -0.075741901993751512 0.54105094075202953 0.018012714572250847
decision_type=2 2 10 8 2 2
left_child=1 2 -1 4 -2 -6
right_child=3 -3 -4 -5 5 -7
leaf_value=0.00031757008890859672 -0.00023176261671284645 -0.00015950527935484714 -7.0326492437465835e-05 -1.3792318250597202e-07 0.00046240933023108596 -0.00018029580709489262
leaf_weight=194 881 81 67 18766 198 91
leaf_count=194 881 81 67 18766 198 91
internal_value=-0.000161465 0.00886167 0.0151316 -0.000309664 -0.005 0.00926871
internal_weight=20278 342 261 19936 1170 289
internal_count=20278 342 261 19936 1170 289
is_linear=0
shrinkage=0.05


Tree=285
num_leaves=7
num_cat=0
split_feature=10 45 42 53 24 39
split_gain=11.4841 45.8981 51.5091 48.9816 68.8723 61.0174
threshold=0.0076781252864748248 0.051528058946132667 0.11537772044539453 -1.0000000180025095e-35 0.035043483600020416 0.043531142175197608
decision_type=2 2 2 10 2 2
left_child=-1 -2 3 5 -5 -3
right_child=1 2 -4 4 -6 -7
leaf_value=-1.3865118707302016e-05 -0.0002534612241864175 0.00012743289012343619 -0.0001123378434037047 2.2090395176882127e-05 -0.00045226013062342615 -0.00028486348707245697
leaf_weight=12509 259 4561 1157 1263 330 231
leaf_count=12509 259 4561 1157 1263 330 231
internal_value=-0.000107064 0.00145081 0.00216974 0.00393192 -0.00364518 0.00645716
internal_weight=20310 7801 7542 6385 1593 4792
internal_count=20310 7801 7542 6385 1593 4792
is_linear=0
shrinkage=0.05


Tree=286
num_leaves=7
num_cat=0
split_feature=12 40 31 49 51 26
split_gain=11.2745 28.2118 20.2325 31.641 27.3167 19.2146
threshold=-0.092504121363162981 0.094923060387372984 40.35387039184571 -0.95535817742347706 -5.1027936935424796 -0.12636267393827436
decision_type=2 2 2 2 8 2
left_child=1 -1 4 -4 -3 -2
right_child=5 2 3 -5 -6 -7
leaf_value=-0.00083194284692187303 -0.00020024324114132654 5.650537514478903e-06 -0.0003591603161543158 0.00030400461296849115 0.00076234001728720977 4.6455606438638877e-06
leaf_weight=79 745 103 94 211 175 18985
leaf_count=79 745 103 94 211 175 18985
internal_value=-8.21199e-05 0.00655922 0.0104167 0.00137097 0.020053 -4.94046e-05
internal_weight=20392 662 583 305 278 19730
internal_count=20392 662 583 305 278 19730
is_linear=0
shrinkage=0.05


Tree=287
num_leaves=7
num_cat=0
split_feature=44 22 51 41 43 52
split_gain=11.9718 42.1866 23.6032 16.589 20.6584 15.5063
threshold=0.15963118523359301 0.92499998211860668 4.6784667968750009 0.15645558387041095 0.14643827825784686 -0.0027245200471952553
decision_type=2 2 8 2 2 10
left_child=-1 2 -2 5 -5 -3
right_child=1 3 -4 4 -6 -7
leaf_value=-4.4234594628245279e-06 0.00066899688784346773 0.00025263902730185157 -4.9518499546876483e-05 -0.00058404282436168027 1.9372981239612922e-05 -7.6642531869702783e-05
leaf_weight=19716 203 92 71 75 107 110
leaf_count=19716 203 92 71 75 107 110
internal_value=-0.000111635 0.00659879 0.0214158 -0.00404884 -0.0148396 0.00567633
internal_weight=20374 658 274 384 182 202
internal_count=20374 658 274 384 182 202
is_linear=0
shrinkage=0.05


Tree=288
num_leaves=7
num_cat=0
split_feature=41 44 48 48 51 32
split_gain=14.7964 35.5223 42.6632 33.0571 42.8163 32.5684
threshold=0.064085789024829878 0.075727123767137541 0.6730741858482362 -0.94533002376556385 -0.078257486224174486 -0.38968500494956965
decision_type=2 2 2 2 10 2
left_child=1 -1 3 4 5 -3
right_child=-2 2 -4 -5 -6 -7
leaf_value=-3.9198376709565287e-06 1.0585390174523095e-05 -2.8758775326553205e-05 0.00014617023580344789 -0.00043646647912494419 -0.00035381703495206254 0.00048538714652529872
leaf_weight=3894 15380 169 178 468 113 52
leaf_count=3894 15380 169 178 468 113 52
internal_value=-0.000122168 -0.00255688 -0.0110406 -0.0159542 -0.00376106 0.00896018
internal_weight=20254 4874 980 802 334 221
internal_count=20254 4874 980 802 334 221
is_linear=0
shrinkage=0.05


Tree=289
num_leaves=7
num_cat=0
split_feature=50 48 35 52 51 47
split_gain=13.5087 25.3025 38.0958 46.804 36.5888 36.7803
threshold=-0.39823280274868006 -0.354135051369667 0.25668361783027654 0.079150900244712843 -0.026975869201123711 1.0597110986709597
decision_type=2 2 2 8 10 2
left_child=-1 2 3 -2 -3 -6
right_child=1 4 -4 -5 5 -7
leaf_value=2.8628947330100593e-05 -0.00013643451541148167 -3.1193357673281202e-05 -0.00023322345389830101 0.00011777716355880126 0.00010037568813442768 -0.00037301123341664872
leaf_weight=7519 1522 6034 841 894 3186 215
leaf_count=7519 1522 6034 841 894 3186 215
internal_value=-0.000132321 -0.000809246 -0.00460607 -0.00139405 0.00050053 0.00464621
internal_weight=20211 12692 3257 2416 9435 3401
internal_count=20211 12692 3257 2416 9435 3401
is_linear=0
shrinkage=0.05


Tree=290
num_leaves=7
num_cat=0
split_feature=4 0 3 50 51 12
split_gain=17.1863 33.2754 27.6218 25.0991 23.725 32.7454
threshold=-0.10543845593929289 0.046839287504553802 0.0070511570665985355 1.1955300569534304 -1.436201751232147 -0.047224791720509522
decision_type=2 2 2 2 8 2
left_child=1 3 -3 -1 5 -2
right_child=4 2 -4 -5 -6 -7
leaf_value=5.1246976118677659e-06 -0.00060565857311037797 -0.00072170081218559529 0.00028261040767710386 0.00015175550477721647 -1.3594394450041573e-05 0.00028360664779702283
leaf_weight=8175 146 54 580 581 10590 91
leaf_count=8175 146 54 580 581 10590 91
internal_value=-0.000127337 0.00177488 0.0127934 0.000967355 -0.00114706 -0.0166322
internal_weight=20217 9390 634 8756 10827 237
internal_count=20217 9390 634 8756 10827 237
is_linear=0
shrinkage=0.05


Tree=291
num_leaves=7
num_cat=0
split_feature=33 39 36 17 43 44
split_gain=14.0514 22.2233 16.9314 25.0447 14.4018 14.0667
threshold=-0.10228000581264494 0.05777429603040219 0.91461658477783214 0.67499998211860668 0.2283064275979996 0.047813974320888526
decision_type=2 2 2 2 2 2
left_child=1 5 4 -4 -2 -1
right_child=2 -3 3 -5 -6 -7
leaf_value=-0.00012852859303830099 -5.7230479627514159e-06 0.00078101174712294399 -0.00048192039668791092 9.6311509834764609e-05 -0.00026312281930108186 3.0291383207741928e-05
leaf_weight=136 12511 117 131 62 137 7094
leaf_count=136 12511 117 131 62 137 7094
internal_value=-0.000157233 0.00197565 -0.00076483 -0.0152778 -0.000535446 0.00161368
internal_weight=20188 7347 12841 193 12648 7230
internal_count=20188 7347 12841 193 12648 7230
is_linear=0
shrinkage=0.05


Tree=292
num_leaves=7
num_cat=0
split_feature=45 44 6 44 22 22
split_gain=12.9447 34.2041 37.3687 32.8783 33.4121 31.3085
threshold=0.06355955079197885 0.071281664073467269 0.76408696174621593 0.072911359369754805 0.42499999701976782 0.52500000596046459
decision_type=2 2 2 2 2 2
left_child=5 2 -2 4 -3 -1
right_child=1 3 -4 -5 -6 -7
leaf_value=-1.7189309265121668e-05 0.0001590587933964358 -0.00039782971836134956 -7.3001481234897297e-05 5.9850426240177673e-06 9.3269600604137165e-06 -0.00063871825690497281
leaf_weight=3478 974 292 236 14956 274 138
leaf_count=3478 974 292 236 14956 274 138
internal_value=-0.000141257 0.000542212 0.0086214 -8.85554e-05 -0.0118651 -0.00275476
internal_weight=20348 16732 1210 15522 566 3616
internal_count=20348 16732 1210 15522 566 3616
is_linear=0
shrinkage=0.05


Tree=293
num_leaves=7
num_cat=0
split_feature=49 49 11 9 44 44
split_gain=10.4593 20.762 29.6716 22.3545 20.3997 28.0527
threshold=0.07946664467453958 0.7247673273086549 0.0013687055325135591 -0.05160857364535331 0.047813974320888526 0.050801219418644912
decision_type=2 2 2 2 2 2
left_child=4 -2 -3 -4 -1 -6
right_child=1 2 3 -5 5 -7
leaf_value=-0.00012120509965448029 -6.1708833737711871e-05 0.0002652712183214831 -0.00042652747523099172 6.6129689331435525e-06 0.00037687886241245068 1.1156094657449926e-05
leaf_weight=171 4906 392 178 3990 157 10597
leaf_count=171 4906 392 178 3990 157 10597
internal_value=-0.000131153 -0.00144388 0.000980285 -0.000257608 0.000825709 0.00110373
internal_weight=20391 9466 4560 4168 10925 10754
internal_count=20391 9466 4560 4168 10925 10754
is_linear=0
shrinkage=0.05


Tree=294
num_leaves=7
num_cat=0
split_feature=6 55 44 49 44 10
split_gain=12.1401 28.7989 20.2184 29.7779 33.5498 25.7427
threshold=0.094027973711490645 5.6740492582321176 0.12984470278024676 -0.95535817742347706 0.15248373895883563 -0.062483301386237138
decision_type=2 8 2 2 2 2
left_child=1 -1 5 -4 -5 -3
right_child=-2 2 3 4 -6 -7
leaf_value=-0.00049382084687550317 -7.5328140554056999e-06 -0.00013077427794419907 -0.00010610826747353634 0.00067070574737981186 5.2324303972337395e-05 5.5051751205358828e-05
leaf_weight=102 17548 392 95 139 91 1870
leaf_count=102 17548 392 95 139 91 1870
internal_value=-0.00011239 0.00320156 0.00425347 0.0158333 0.0254255 0.00254742
internal_weight=20237 2689 2587 325 230 2262
internal_count=20237 2689 2587 325 230 2262
is_linear=0
shrinkage=0.05


Tree=295
num_leaves=7
num_cat=0
split_feature=41 22 45 6 46 27
split_gain=13.7064 53.721 29.3838 27.9319 39.2314 24.3716
threshold=0.069750785827636733 0.82500001788139354 0.068117152899503722 0.86601564288139354 1.0100115537643435 0.025045123882591728
decision_type=2 2 2 2 2 2
left_child=1 -1 -2 5 -5 -4
right_child=2 -3 3 4 -6 -7
leaf_value=-1.3339547175048214e-05 0.00033824477807783911 -0.00096418109241250499 1.2328400795012882e-05 -0.00021329900036365663 7.2133867650353768e-05 0.00012056633689913696
leaf_weight=6445 185 104 9952 1161 741 1760
leaf_count=6445 185 104 9952 1161 741 1760
internal_value=-0.000165823 -0.00165166 0.00112467 0.000849916 -0.00475878 0.00176453
internal_weight=20348 6549 13799 13614 1902 11712
internal_count=20348 6549 13799 13614 1902 11712
is_linear=0
shrinkage=0.05


Tree=296
num_leaves=7
num_cat=0
split_feature=35 41 39 50 41 45
split_gain=13.6452 54.2191 60.4889 50.4297 48.7002 47.8903
threshold=0.20343378186225894 0.10207663103938104 -0.037063784897327416 0.45908735692501074 0.076889086514711394 0.088243145495653166
decision_type=2 2 2 2 2 2
left_child=-1 4 -3 -4 -2 -6
right_child=1 2 3 -5 5 -7
leaf_value=1.2967550006580224e-05 -3.7647084872326344e-05 0.00053822110119743733 -0.00050630760906387096 -2.7571176875262613e-05 0.00031302063811834973 1.347227633575381e-06
leaf_weight=14036 3417 124 613 413 718 940
leaf_count=14036 3417 124 613 413 718 940
internal_value=-0.000122126 -0.00180177 -0.0115801 -0.0155917 0.000418307 0.00744137
internal_weight=20261 6225 1150 1026 5075 1658
internal_count=20261 6225 1150 1026 5075 1658
is_linear=0
shrinkage=0.05


Tree=297
num_leaves=7
num_cat=0
split_feature=44 35 9 22 35 44
split_gain=10.2407 38.4166 42.5635 35.9744 35.894 32.053
threshold=0.071281664073467269 -0.79136100411415089 -0.037095887586474412 0.57500001788139354 0.54924064874649059 0.073797088116407408
decision_type=2 2 2 2 2 2
left_child=1 -1 -3 4 -4 -2
right_child=5 2 3 -5 -6 -7
leaf_value=-0.00072781874326725805 -0.00015720762922529052 0.00026167936154168668 -1.2664720578905244e-05 0.00058062064723106714 0.00025504175062647554 1.9007628150322262e-06
leaf_weight=103 983 373 3267 54 478 15033
leaf_count=103 983 373 3267 54 478 15033
internal_value=-0.000112091 0.00234229 0.0031063 0.00150499 0.000886667 -0.000410399
internal_weight=20291 4275 4172 3799 3745 16016
internal_count=20291 4275 4172 3799 3745 16016
is_linear=0
shrinkage=0.05


Tree=298
num_leaves=7
num_cat=0
split_feature=39 35 45 3 1 38
split_gain=13.0143 39.3195 39.7298 51.9284 40.2083 38.9799
threshold=0.014510530512779953 0.098510108888149275 0.051528058946132667 0.0064333945047110328 0.01252114260569215 0.0033821072429418568
decision_type=2 2 2 2 2 2
left_child=-1 5 -3 -4 -5 -2
right_child=1 2 3 4 -6 -7
leaf_value=-1.2711747744567713e-05 0.00026713168407733052 -0.00025127399177778093 0.0001345562171678303 -0.0002281007086668755 3.6339729667894152e-05 2.8111039925997556e-05
leaf_weight=14502 1066 119 474 835 658 2607
leaf_count=14502 1066 119 474 835 658 2607
internal_value=-0.000151732 0.00208622 -0.00338355 -0.0016354 -0.00622497 0.00519984
internal_weight=20261 5759 2086 1967 1493 3673
internal_count=20261 5759 2086 1967 1493 3673
is_linear=0
shrinkage=0.05


Tree=299
num_leaves=7
num_cat=0
split_feature=35 42 48 9 35 47
split_gain=12.0004 64.7737 55.2712 48.1371 41.8693 38.2967
threshold=0.20343378186225894 0.11537772044539453 -0.354135051369667 -0.032528987154364579 0.49836209416389471 0.82544592022895824
decision_type=2 2 2 2 2 2
left_child=-1 2 -2 -4 -3 -5
right_child=1 4 3 5 -6 -7
leaf_value=1.2949327493924548e-05 -7.1110909067548006e-05 -0.00037446330986740751 0.0003331298319123625 -0.0001311318642860632 1.9350706385547982e-05 7.8915089861261321e-05
leaf_weight=13920 2120 670 526 597 312 1945
leaf_count=13920 2120 670 526 597 312 1945
internal_value=-0.000148047 -0.00180972 0.000418833 0.00471038 -0.0135512 0.00183549
internal_weight=20090 6170 5188 3068 982 2542
internal_count=20090 6170 5188 3068 982 2542
is_linear=0
shrinkage=0.05


Tree=300
num_leaves=7
num_cat=0
split_feature=10 35 12 35 21 21
split_gain=13.1485 32.213 21.536 20.6894 30.8965 25.9208
threshold=0.095848355442285552 0.66284984350204479 0.075403723865747466 -0.79136100411415089 0.47499999403953558 0.82500001788139354
decision_type=2 2 2 2 2 2
left_child=2 3 -1 -2 -5 -6
right_child=1 -3 -4 4 5 -7
leaf_value=-3.3343889061224335e-06 -0.00053106172665362019 -0.00070940289243336726 -0.00022633839044979232 0.00031218700466786973 -5.0797470652604734e-05 0.000357449101536654
leaf_weight=19154 81 67 186 315 397 129
leaf_count=19154 81 67 186 315 397 129
internal_value=-0.000106964 0.00545775 -0.000438098 0.00795577 0.0103132 0.00277778
internal_weight=20329 989 19340 922 841 526
internal_count=20329 989 19340 922 841 526
is_linear=0
shrinkage=0.05


Tree=301
num_leaves=7
num_cat=0
split_feature=6 48 55 44 39 42
split_gain=11.4666 21.4904 40.2991 55.011 41.2225 89.1528
threshold=0.137920156121254 -0.51033514738082875 264.41437768936163 0.12215647846460344 0.0084282765164971369 0.093309905380010619
decision_type=2 2 10 2 2 2
left_child=-1 2 3 4 -2 -6
right_child=1 -3 -4 -5 5 -7
leaf_value=3.0028234799343056e-05 -8.5504761384141742e-05 1.227891769365122e-05 -0.00014339356582262626 0.00069150953182609486 0.00030559818266816534 -0.00047473935754838517
leaf_weight=3546 1210 11944 2397 263 529 260
leaf_count=3546 1210 11944 2397 263 529 260
internal_value=-0.000107919 -0.000320629 -0.00320004 0.00157697 -0.00125998 0.00758816
internal_weight=20149 16603 4659 2262 1999 789
internal_count=20149 16603 4659 2262 1999 789
is_linear=0
shrinkage=0.05


Tree=302
num_leaves=7
num_cat=0
split_feature=35 43 20 4 36 12
split_gain=11.8397 32.8154 18.26 17.3726 17.2813 44.4876
threshold=0.85893726348876964 0.06025854870676995 0.42499999701976782 -0.57219249010086048 0.83758923411369335 0.032158335670828826
decision_type=2 2 2 2 2 2
left_child=4 -2 3 -3 -1 -6
right_child=1 2 -4 -5 5 -7
leaf_value=-1.4041268794652563e-07 -0.0005994516230161869 4.2401061987335034e-05 0.00018859734215893599 -0.00039214158372348051 0.00016484528063600093 -0.00073478557264323899
leaf_weight=19366 60 53 132 81 595 51
leaf_count=19366 60 53 132 81 595 51
internal_value=-0.000151158 -0.00929003 -0.00138376 -0.0142086 0.000243543 0.00825653
internal_weight=20338 326 266 134 20012 646
internal_count=20338 326 266 134 20012 646
is_linear=0
shrinkage=0.05


Tree=303
num_leaves=7
num_cat=0
split_feature=0 52 52 53 39 13
split_gain=14.7219 22.7701 51.8354 38.5911 34.3036 24.2975
threshold=-0.0083196219056844694 0.0054155737161636361 0.00016489975678268823 -0.57064482569694508 -0.039946628734469407 0.018170422874391082
decision_type=2 10 10 10 2 2
left_child=1 2 -1 5 -3 -4
right_child=-2 4 3 -5 -6 -7
leaf_value=-2.0524375674565358e-05 1.1594011173874601e-05 -0.00055081097036715424 0.00014005781133528719 -0.00066308186880408861 0.00016529954254934924 -0.00033825993327103076
leaf_weight=6009 12879 99 158 357 659 53
leaf_count=6009 12879 99 158 357 659 53
internal_value=-0.00012241 -0.00191076 -0.00286007 -0.0172339 0.00625819 -0.000115741
internal_weight=20214 7335 6577 568 758 211
internal_count=20214 7335 6577 568 758 211
is_linear=0
shrinkage=0.05


Tree=304
num_leaves=7
num_cat=0
split_feature=18 22 35 47 2 47
split_gain=14.384 39.5489 19.7081 19.6283 23.1107 22.0479
threshold=0.075000001117587103 0.87500000000000011 0.79957020282745372 0.88168805837631237 0.0071741596329957255 0.97322154045104992
decision_type=2 2 2 2 2 2
left_child=1 2 3 -1 -5 -6
right_child=-2 -3 -4 4 5 -7
leaf_value=0.00023880142176442812 -3.2882071384612336e-06 0.00080943824698139529 -0.00024155702538923883 0.00018105486611655249 -0.00050301863103452697 -1.3941990409827455e-07
leaf_weight=172 19305 151 61 257 109 274
leaf_count=172 19305 151 61 257 109 274
internal_value=-0.000111882 0.00580661 0.00162301 0.00376377 -0.000271318 -0.00805412
internal_weight=20329 1024 873 812 640 383
internal_count=20329 1024 873 812 640 383
is_linear=0
shrinkage=0.05


Tree=305
num_leaves=7
num_cat=0
split_feature=54 47 17 39 49 47
split_gain=15.1259 28.8438 20.3078 44.1021 44.1233 28.7756
threshold=-0.4228194653987884 0.90645495057106029 0.67499998211860668 0.036488799378275878 0.07946664467453958 0.61010545492172252
decision_type=8 2 2 2 2 2
left_child=1 -1 3 -2 -5 -4
right_child=2 -3 5 4 -6 -7
leaf_value=0.00011284505569916577 3.4835208151757299e-05 -0.00025555855498662368 -0.00046793950999533178 -1.5175000945394753e-05 -0.00034096737955904735 -2.1388704852146514e-05
leaf_weight=373 11221 651 90 821 365 6744
leaf_count=373 11221 651 90 821 365 6744
internal_value=-0.000127035 -0.00590379 0.000318248 0.00152473 -0.00761965 -0.00186796
internal_weight=20265 1024 19241 12407 1186 6834
internal_count=20265 1024 19241 12407 1186 6834
is_linear=0
shrinkage=0.05


Tree=306
num_leaves=7
num_cat=0
split_feature=23 47 36 36 28 33
split_gain=11.8766 21.2026 24.7098 25.2436 24.7229 24.7153
threshold=0.011039517354220154 0.99382042884826671 0.28013071417808538 -0.30565343797206873 0.023069680668413643 0.26636207103729254
decision_type=2 2 2 2 2 2
left_child=-1 2 3 5 -4 -2
right_child=1 -3 4 -5 -6 -7
leaf_value=7.4346734395116105e-06 -0.00012973240985139896 -9.6539337816242622e-05 -0.00017651026519608927 0.00017174907963684422 0.00080328175304906916 0.00014570874528325173
leaf_weight=15757 653 1665 786 883 85 467
leaf_count=15757 653 1665 786 883 85 467
internal_value=-0.000121915 -0.00236026 0.000234456 0.0032993 -0.0067637 -0.00166667
internal_weight=20296 4539 2874 2003 871 1120
internal_count=20296 4539 2874 2003 871 1120
is_linear=0
shrinkage=0.05


Tree=307
num_leaves=7
num_cat=0
split_feature=27 26 47 47 3 55
split_gain=11.9169 35.8774 42.1599 31.2137 56.5259 50.0209
threshold=-0.017402019351720806 -0.026875166222453114 1.0109433531761172 0.9375363588333131 0.0067522823810577401 5.6740492582321176
decision_type=2 2 2 2 2 10
left_child=1 2 -1 -3 -5 -6
right_child=-2 3 -4 4 5 -7
leaf_value=-0.00011913952437407629 -8.792646600288374e-06 0.00021978203834057804 7.8773547587159535e-05 0.00023911663845588478 -0.00038666825031463529 3.5371063592183451e-05
leaf_weight=1781 14342 1309 1685 223 252 675
leaf_count=1781 14342 1308 1685 223 252 675
internal_value=-9.7425e-05 0.00201096 -0.00126044 0.00662541 0.000584416 -0.00485515
internal_weight=20267 5925 3466 2459 1150 927
internal_count=20267 5923 3466 2457 1150 927
is_linear=0
shrinkage=0.05


Tree=308
num_leaves=7
num_cat=0
split_feature=55 46 2 53 22 42
split_gain=11.114 39.1156 32.0499 62.9321 36.1216 37.4248
threshold=117001.03906250001 0.71636706590652477 0.0083650876767933386 0.12743069976568225 0.52500000596046459 0.080290783196687712
decision_type=10 2 2 10 2 2
left_child=-1 -2 4 -4 -3 -6
right_child=1 2 3 -5 5 -7
leaf_value=7.2562997127680752e-06 -0.00084541862196211767 -2.1111690508985109e-05 -7.4293470101913778e-05 -0.00073681651429514385 0.00075970052084349711 0.00023270698395662926
leaf_weight=16784 86 1455 1303 174 141 407
leaf_count=16784 86 1455 1303 174 141 407
internal_value=-0.000111766 -0.0025133 -0.0016571 -0.00723684 0.00245269 0.0133363
internal_weight=20350 3566 3480 1477 2003 548
internal_count=20350 3566 3480 1477 2003 548
is_linear=0
shrinkage=0.05


Tree=309
num_leaves=7
num_cat=0
split_feature=50 55 0 4 52 12
split_gain=12.2599 34.545 43.7512 30.6358 32.2471 22.6584
threshold=1.1955300569534304 66880.968750000015 -0.020178208127617833 1.0000000180025095e-35 6.8005174398422255e-05 0.075403723865747466
decision_type=2 10 2 2 8 2
left_child=-1 5 3 4 -3 -2
right_child=1 2 -4 -5 -6 -7
leaf_value=-8.7182684043502509e-06 0.00010650939370881345 0.00022577429199752806 0.00017382786041513529 -0.00035355544530638202 -0.00041874203254868163 -0.00017593593747508714
leaf_weight=17251 2147 101 234 348 53 117
leaf_count=17251 2147 101 234 348 53 117
internal_value=-0.000151807 0.00292013 -0.00644399 -0.0147436 0.00361635 0.00598281
internal_weight=20251 3000 736 502 154 2264
internal_count=20251 3000 736 502 154 2264
is_linear=0
shrinkage=0.05


Tree=310
num_leaves=7
num_cat=0
split_feature=32 51 39 54 26 45
split_gain=15.0934 30.8715 36.6259 27.743 26.5907 44.5762
threshold=-0.65007853507995594 0.07118516787886621 0.017648831009864811 -0.070217914879322038 -0.061894332990050309 0.13166946917772296
decision_type=2 8 2 8 2 2
left_child=1 4 3 -3 5 -1
right_child=-2 2 -4 -5 -6 -7
leaf_value=-0.00047049118013272619 -4.8293925539981066e-06 0.00044063462089764018 0.00051784824613224317 -1.1617397214098426e-05 9.3258991340370532e-05 7.4053790979339119e-05
leaf_weight=360 18008 147 309 593 550 371
leaf_count=360 18008 147 309 593 550 371
internal_value=-0.00017082 0.00392934 0.0102704 0.00412752 -0.00126361 -0.00750679
internal_weight=20338 2330 1049 740 1281 731
internal_count=20338 2330 1049 740 1281 731
is_linear=0
shrinkage=0.05


Tree=311
num_leaves=7
num_cat=0
split_feature=21 35 3 32 51 3
split_gain=14.3145 38.0358 52.7157 58.8967 36.0718 35.4425
threshold=0.82500001788139354 -0.25075668096542353 0.013325378764420749 0.069649927318096175 0.088687527924776091 0.0089009534567594546
decision_type=2 2 2 2 10 2
left_child=-1 4 3 -3 5 -2
right_child=1 2 -4 -5 -6 -7
leaf_value=-8.5143739248143536e-06 -0.00016674252153625016 0.00055783828111748265 -0.00039329504846461258 1.7946571807345157e-05 -0.00043398159053439065 0.00010445606225837356
leaf_weight=16261 824 713 180 736 250 1393
leaf_count=16261 824 713 180 736 250 1393
internal_value=-0.000111728 0.00260302 0.00852203 0.0117091 -0.00130461 0.000731323
internal_weight=20357 4096 1629 1449 2467 2217
internal_count=20357 4096 1629 1449 2467 2217
is_linear=0
shrinkage=0.05


Tree=312
num_leaves=7
num_cat=0
split_feature=23 47 36 36 35 40
split_gain=13.2646 32.7432 24.2071 48.685 35.5629 33.8456
threshold=-0.00059048712137155224 1.0827509164810183 -1.0000000180025095e-35 0.38634094595909124 0.25668361783027654 0.085131969302892699
decision_type=2 2 2 2 2 2
left_child=1 -1 5 4 -4 -3
right_child=-2 2 3 -5 -6 -7
leaf_value=-2.1584854012985169e-06 -1.8223639484175067e-05 0.00044688434579941865 1.4710902765768744e-06 0.00016243418128581124 -0.00050022113637078068 0.00012931825323683391
leaf_weight=8084 10421 305 257 409 145 720
leaf_count=8084 10421 305 257 409 145 720
internal_value=-0.00016588 0.00124685 0.00726507 0.000765931 -0.0114865 0.0123544
internal_weight=20341 9920 1836 811 402 1025
internal_count=20341 9920 1836 811 402 1025
is_linear=0
shrinkage=0.05


Tree=313
num_leaves=7
num_cat=0
split_feature=32 1 39 39 25 36
split_gain=14.296 24.2628 23.0905 30.4532 24.5677 29.4371
threshold=-0.65007853507995594 0.031215535476803783 -0.033021945506334298 -0.0090940934605896456 -0.046025514602661126 -0.52554616332054127
decision_type=2 2 2 2 2 2
left_child=1 -1 -3 -4 -5 -6
right_child=-2 2 3 4 5 -7
leaf_value=0.00012455596068491149 -6.2215487717553862e-06 0.00037061436289555065 -0.00036269118918862511 -0.00025915538709907286 -0.00015855748732182233 0.00029575896839550091
leaf_weight=954 17976 135 251 161 260 606
leaf_count=954 17976 135 251 161 260 606
internal_value=-0.000224838 0.00363617 -0.000511283 -0.00263055 0.00118702 0.00456372
internal_weight=20343 2367 1413 1278 1027 866
internal_count=20343 2367 1413 1278 1027 866
is_linear=0
shrinkage=0.05


Tree=314
num_leaves=7
num_cat=0
split_feature=12 22 26 40 12 44
split_gain=14.0369 22.8771 51.8805 41.709 33.9223 27.1546
threshold=-0.035661820322275155 0.32500000298023229 -0.061894332990050309 0.11692218482494356 -0.047224791720509522 0.072002321481704726
decision_type=2 2 2 2 2 2
left_child=1 5 -3 4 -4 -1
right_child=-2 2 3 -5 -6 -7
leaf_value=0.00026234236769178798 -9.7573720370511024e-06 5.1891627294914079e-06 0.00066247843330081025 -0.00050776062179858832 0.00019383878911428165 -0.00027337157078438846
leaf_weight=50 16266 2622 298 80 564 313
leaf_count=50 16266 2622 298 80 564 313
internal_value=-0.000172047 0.00254959 0.00377557 0.0138068 0.0170415 -0.00930707
internal_weight=20193 3927 3564 942 862 363
internal_count=20193 3927 3564 942 862 363
is_linear=0
shrinkage=0.05


Tree=315
num_leaves=7
num_cat=0
split_feature=32 51 47 35 28 40
split_gain=12.1093 19.2251 17.6453 11.4552 17.2111 16.5688
threshold=-1.066599905490875 -0.0065750072244554749 1.1554653048515322 -0.90040618181228627 0.013706480152904989 0.082662306725978865
decision_type=2 8 2 2 2 2
left_child=1 2 -1 4 5 -2
right_child=3 -3 -4 -5 -6 -7
leaf_value=-0.00036562775411905332 -0.00016071996359225119 0.00041338396435351406 0.00043861360100637907 -3.4013330857088963e-06 -0.00014783225377849684 0.00038280460037764836
leaf_weight=121 52 137 63 19727 68 187
leaf_count=121 52 137 63 19727 68 187
internal_value=-0.000121562 0.00958589 -0.000925926 -0.000128499 0.009375 0.0156762
internal_weight=20355 321 184 20034 307 239
internal_count=20355 321 184 20034 307 239
is_linear=0
shrinkage=0.05


Tree=316
num_leaves=7
num_cat=0
split_feature=52 36 12 27 41 0
split_gain=13.4732 34.8346 37.5698 24.4378 23.4074 28.619
threshold=-0.029377489350736138 0.5808720886707307 0.018012714572250847 -0.065249044448137269 0.064085789024829878 -0.049270302057266228
decision_type=8 2 2 2 2 2
left_child=1 3 -3 -1 -5 -6
right_child=-2 2 -4 4 5 -7
leaf_value=0.00028459266936467492 1.7146771332980453e-06 0.00051530687772870796 -0.00018679567091598424 0.00025665857799861327 0.0002386870459050312 -0.00033875301909810777
leaf_weight=97 18983 206 136 95 87 795
leaf_count=97 18983 206 136 95 87 795
internal_value=-0.000253627 -0.00490852 0.00886167 -0.00933735 -0.0117363 -0.0142897
internal_weight=20399 1416 342 1074 977 882
internal_count=20399 1416 342 1074 977 882
is_linear=0
shrinkage=0.05


Tree=317
num_leaves=7
num_cat=0
split_feature=10 42 3 47 41 12
split_gain=11.7824 29.2123 64.3921 36.8037 52.5315 39.649
threshold=-0.027512381784617897 0.12381926923990251 0.010324220173060896 0.73576587438583385 0.084517516195774092 0.011289284564554693
decision_type=2 2 2 2 2 2
left_child=1 3 -3 4 -1 -6
right_child=-2 2 -4 -5 5 -7
leaf_value=-0.00050947254168328272 1.4249939230544566e-05 0.00078292757477752158 4.6215742545560254e-06 -3.5736521724571929e-05 0.0006972099557079819 -0.00066543764078117536
leaf_weight=311 12759 259 1854 4956 78 53
leaf_count=311 12759 259 1854 4956 78 53
internal_value=-0.000146732 -0.00146687 0.00350567 -0.0034194 -0.01717 0.00900735
internal_weight=20270 7511 2113 5398 442 131
internal_count=20270 7511 2113 5398 442 131
is_linear=0
shrinkage=0.05


Tree=318
num_leaves=7
num_cat=0
split_feature=43 36 36 6 17 6
split_gain=10.4338 22.9537 24.3346 28.0018 28.0015 24.2347
threshold=0.052654117345809943 -0.40230141580104822 -0.18287152051925656 0.27669964730739599 0.57500001788139354 0.74599260091781627
decision_type=2 2 2 2 2 2
left_child=1 -1 4 -4 -3 -5
right_child=-2 2 3 5 -6 -7
leaf_value=6.5569260923903938e-05 5.3812726976741696e-06 -0.00039016139063623406 7.7106264515796599e-05 -0.00014995327218284959 1.153523288304693e-05 6.0272077677014731e-05
leaf_weight=433 18354 142 426 593 93 302
leaf_count=433 18354 142 426 593 93 302
internal_value=-0.000175693 -0.00342277 -0.00626201 -0.00356335 -0.0209375 -0.00858333
internal_weight=20343 1989 1556 1321 235 895
internal_count=20343 1989 1556 1321 235 895
is_linear=0
shrinkage=0.05


Tree=319
num_leaves=7
num_cat=0
split_feature=10 42 41 42 47 24
split_gain=13.7459 24.7565 50.0357 31.1327 45.0306 33.0427
threshold=-0.025328915566205975 0.12381926923990251 0.090322684496641173 0.1047617867588997 0.73576587438583385 -0.0077813544776290646
decision_type=2 2 2 2 2 2
left_child=1 3 -3 4 -1 -6
right_child=-2 2 -4 -5 5 -7
leaf_value=-0.00037703618253230478 1.0987681017691782e-05 0.0013183756070090406 1.9128537853353571e-05 -0.00029320447694665272 2.5208787565072589e-05 -0.00012555723561968315
leaf_weight=391 12307 114 2011 602 3266 1463
leaf_count=391 12307 114 2011 602 3266 1463
internal_value=-0.000236867 -0.00186258 0.00273474 -0.00357517 -0.00229756 -0.000934728
internal_weight=20154 7847 2125 5722 5120 4729
internal_count=20154 7847 2125 5722 5120 4729
is_linear=0
shrinkage=0.05


Tree=320
num_leaves=7
num_cat=0
split_feature=0 51 56 9 20 15
split_gain=13.0044 15.503 12.4464 12.3803 11.7931 10.0213
threshold=-0.077818077057600007 -0.086753550916910158 0.00042138229764532303 -0.034778036177158349 0.87500000000000011 0.97499999403953563
decision_type=2 10 10 2 2 2
left_child=1 -1 5 -4 -3 -2
right_child=2 4 3 -5 -6 -7
leaf_value=0.00034688014037678223 1.9891449088704055e-06 0.00023752541067164988 -0.00043933942669229138 -4.7988912146405831e-07 -0.00011120506361486995 -7.6786696427577573e-05
leaf_weight=143 18847 76 81 98 106 948
leaf_count=143 18847 76 81 98 106 948
internal_value=-0.000190849 0.00977273 -0.000233996 -0.0131793 0 -0.000112374
internal_weight=20299 325 19974 179 182 19795
internal_count=20299 325 19974 179 182 19795
is_linear=0
shrinkage=0.05


Tree=321
num_leaves=7
num_cat=0
split_feature=21 22 42 10 10 42
split_gain=13.7088 35.2126 48.038 36.5491 32.1111 21.1829
threshold=0.37500000000000006 0.62500000000000011 0.107226200401783 -0.077494412660598741 0.033176776021718986 0.07557575032114984
decision_type=2 2 2 2 2 2
left_child=1 2 3 -1 -4 -2
right_child=5 -3 4 -5 -6 -7
leaf_value=-0.00025820394632237309 -7.6353869699161977e-05 -0.00044075810621332559 0.00045111455031070295 2.2565844414725173e-05 -0.00023920380044214364 -1.8770998652353939e-06
leaf_weight=138 1899 160 239 6516 70 11298
leaf_count=138 1899 160 239 6516 70 11298
internal_value=-0.000200492 0.00175715 0.0022998 0.00139285 0.0214172 -0.000963869
internal_weight=20320 7123 6963 6654 309 13197
internal_count=20320 7123 6963 6654 309 13197
is_linear=0
shrinkage=0.05


Tree=322
num_leaves=7
num_cat=0
split_feature=41 35 35 40 38 7
split_gain=11.7081 17.6418 20.834 15.2249 30.1176 11.065
threshold=0.038348693400621421 -0.13645590841770169 0.14386235922575 0.033435164019465453 -0.0011760306078940628 0.058538248762488372
decision_type=2 2 2 2 2 2
left_child=1 -1 -3 4 -2 -5
right_child=3 2 -4 5 -6 -7
leaf_value=0.00022741357484766953 0.0004599038214798375 -0.00015985671225531738 2.9280019478865763e-05 4.3161147258152269e-05 -0.00011413509139293684 -5.9287055131223256e-06
leaf_weight=71 89 166 95 3370 82 16348
leaf_count=71 89 166 95 3370 82 16348
internal_value=-0.000171809 -0.00912463 -0.0151316 0.000272695 0.0149148 0.000140699
internal_weight=20221 332 261 19889 171 19718
internal_count=20221 332 261 19889 171 19718
is_linear=0
shrinkage=0.05


Tree=323
num_leaves=7
num_cat=0
split_feature=25 26 50 18 25 24
split_gain=13.5553 21.712 16.0931 13.0439 11.8125 14.0309
threshold=0.056967813521623618 -0.019435394555330273 1.9692323207855227 0.87500000000000011 0.040331436321139343 0.015593752730637791
decision_type=2 2 2 2 2 2
left_child=4 2 -2 -3 -1 -6
right_child=1 3 -4 -5 5 -7
leaf_value=-3.5002522481699959e-06 -0.00019279061327219429 -0.00032877370652499436 0.00047233634988756278 -4.145724517607779e-05 0.00024440085071485222 -1.2771139467418048e-06
leaf_weight=19251 56 115 79 85 296 355
leaf_count=19251 56 115 79 85 296 355
internal_value=-0.000181553 -0.0100735 0.00517857 -0.0203659 -3.76752e-06 0.00659299
internal_weight=20237 335 135 200 19902 651
internal_count=20237 335 135 200 19902 651
is_linear=0
shrinkage=0.05


Tree=324
num_leaves=7
num_cat=0
split_feature=21 22 42 26 10 8
split_gain=12.0464 27.5857 36.5946 34.9145 34.7116 32.3368
threshold=0.37500000000000006 0.62500000000000011 0.107226200401783 -0.070627041161060319 0.04067839868366719 0.061389289796352393
decision_type=2 2 2 2 2 2
left_child=1 2 3 5 -4 -1
right_child=-2 -3 4 -5 -6 -7
leaf_value=0.00024658911140635671 -1.6613596655586962e-05 -0.00036610399277402586 0.00042903027068323251 2.0212719299783092e-05 -0.00038439080094918596 -0.00030371713311150273
leaf_weight=64 13132 165 249 6361 61 161
leaf_count=64 13132 165 249 6361 61 161
internal_value=-0.000112635 0.00150368 0.00199609 0.00119481 0.0186508 -0.0179348
internal_weight=20193 7061 6896 6586 310 225
internal_count=20193 7061 6896 6586 310 225
is_linear=0
shrinkage=0.05


Tree=325
num_leaves=7
num_cat=0
split_feature=0 10 0 51 36 2
split_gain=10.806 16.1273 11.3097 24.0472 52.3001 36.0411
threshold=-0.077818077057600007 -0.025328915566205975 -0.0069870317820459596 0.1065950393676758 0.5808720886707307 0.010811873245984318
decision_type=2 2 2 10 2 2
left_child=1 -1 -2 -4 5 -5
right_child=2 -3 3 4 -6 -7
leaf_value=-0.00012503555450031731 -3.2643971109938685e-05 0.00019270613747338216 1.6192053022926836e-05 -0.00042016038607639578 0.00023790034315753495 7.9997370525816897e-05
leaf_weight=99 7316 233 11560 582 291 207
leaf_count=99 7316 233 11560 582 291 207
internal_value=-0.000171241 0.00853116 -0.000494715 0.000409253 -0.00670507 -0.0133816
internal_weight=20288 332 19956 12640 1080 789
internal_count=20288 332 19956 12640 1080 789
is_linear=0
shrinkage=0.05


Tree=326
num_leaves=7
num_cat=0
split_feature=36 44 36 22 55 44
split_gain=15.3897 45.5942 50.907 58.8335 59.7584 67.6964
threshold=-1.0000000180025095e-35 0.10651079192757608 -0.18287152051925656 0.52500000596046459 50016.753906250007 0.070160798728466048
decision_type=2 2 2 2 8 2
left_child=1 2 3 4 5 -1
right_child=-2 -3 -4 -5 -6 -7
leaf_value=0.00039831140236114043 -2.4363815436113459e-05 0.00011639376377571613 0.00010959768947288273 -0.00014646248223524087 6.5847235523896496e-05 -0.00052785035546306887
leaf_weight=65 8942 2935 1701 3496 2785 329
leaf_count=65 8942 2935 1701 3496 2785 329
internal_value=-0.000136983 0.00104498 -0.00083224 -0.00280314 0.00211212 -0.0159774
internal_weight=20253 11311 8376 6675 3179 394
internal_count=20253 11311 8376 6675 3179 394
is_linear=0
shrinkage=0.05


Tree=327
num_leaves=7
num_cat=0
split_feature=41 44 9 45 53 9
split_gain=10.873 18.0141 32.1329 26.0781 29.2648 14.1087
threshold=0.038348693400621421 0.050801219418644912 -0.0086430697701871378 0.042752377688884742 -0.20511811226606366 -0.026342196390032765
decision_type=2 2 2 2 10 2
left_child=5 2 -2 -4 -5 -1
right_child=1 -3 3 4 -6 -7
leaf_value=-0.00014867896279888268 0.00026477440853206962 2.0118326698884484e-06 0.00046494585966717542 -0.00015297346073738879 9.3958689608732122e-05 -3.1894261516591487e-05
leaf_weight=82 195 19492 65 100 60 236
leaf_count=82 195 19492 65 100 60 236
internal_value=-0.000142081 0.000345183 0.0105294 -0.00228261 -0.0131818 -0.00890093
internal_weight=20230 19912 420 225 160 318
internal_count=20230 19912 420 225 160 318
is_linear=0
shrinkage=0.05


Tree=328
num_leaves=7
num_cat=0
split_feature=23 50 48 2 43 12
split_gain=11.8064 20.7053 20.7838 18.4658 41.7233 20.3606
threshold=-0.00059048712137155224 1.1020222902297976 2.1494956016540532 0.014560468960553409 0.13553878664970401 -0.062391022220253937
decision_type=2 2 2 2 2 2
left_child=1 2 -1 4 5 -2
right_child=3 -3 -4 -5 -6 -7
leaf_value=1.3019942149520567e-05 -0.00028272534403706446 0.00010944796196688005 -0.0003370765409625958 -0.00021784626693767954 0.00044074648937819498 -1.1705474962013063e-05
leaf_weight=8807 309 901 92 475 340 9248
leaf_count=8807 309 901 92 475 340 9248
internal_value=-0.000112752 0.0013233 0.000586815 -0.00109617 -0.000628661 -0.00124712
internal_weight=20172 9800 8899 10372 9897 9557
internal_count=20172 9800 8899 10372 9897 9557
is_linear=0
shrinkage=0.05


Tree=329
num_leaves=7
num_cat=0
split_feature=12 44 22 55 21 40
split_gain=12.3778 29.0479 39.63 43.3225 37.3886 40.2652
threshold=-0.035661820322275155 0.09893005341291429 0.27500000596046453 113796.19140625001 0.87500000000000011 0.062622267752885832
decision_type=2 2 2 8 2 2
left_child=1 2 -1 -4 5 -5
right_child=-2 -3 3 4 -6 -7
leaf_value=-0.00011095753860694259 -7.916835882924448e-06 -1.7575445423043817e-05 0.0003837907663419863 -0.00020650496121424157 -0.00039517901364285199 0.00031624740812138832
leaf_weight=224 16401 2342 529 184 163 517
leaf_count=224 16401 2342 529 184 163 517
internal_value=-0.000150994 0.00245333 0.00759864 0.0107475 0.0037687 0.00881728
internal_weight=20360 3959 1617 1393 864 701
internal_count=20360 3959 1617 1393 864 701
is_linear=0
shrinkage=0.05


Tree=330
num_leaves=7
num_cat=0
split_feature=21 48 55 9 10 2
split_gain=10.0884 30.7847 56.5107 62.8669 47.2106 55.6189
threshold=0.47499999403953558 -0.23787955939769742 80455.542968750015 -0.037095887586474412 0.021361099556088451 0.0075578733813017615
decision_type=2 2 8 2 2 2
left_child=1 2 4 -4 5 -1
right_child=-2 -3 3 -5 -6 -7
leaf_value=0.00010171977993860913 -2.1351833902634488e-05 5.1844143630517575e-05 0.00024470034641917686 -2.0361891062724641e-05 -0.00049503882770617264 -0.00035039601390030153
leaf_weight=424 11132 4893 588 2390 402 441
leaf_count=424 11132 4893 588 2390 402 441
internal_value=-0.000191122 0.000751941 -0.00235882 0.0013996 -0.0111832 -0.00451149
internal_weight=20270 9138 4245 2978 1267 865
internal_count=20270 9138 4245 2978 1267 865
is_linear=0
shrinkage=0.05


Tree=331
num_leaves=7
num_cat=0
split_feature=57 1 53 46 27 50
split_gain=11.0495 17.8006 13.8838 22.5989 15.3625 11.7256
threshold=-2.7772196062869621e-06 -0.028586115688085553 0.059507699683308608 0.95158973336219799 0.0080026891082525271 1.1955300569534304
decision_type=8 2 10 2 2 2
left_child=1 -1 -3 4 -4 -2
right_child=5 2 3 -5 -6 -7
leaf_value=9.63889392649148e-05 -6.7926687451856999e-06 -0.00014914727604385051 0.00062337898161134403 -0.00013640328655907964 -7.6026214470218745e-05 4.5781585680508378e-05
leaf_weight=228 16188 656 65 218 51 2744
leaf_count=228 16188 656 65 218 51 2744
internal_value=-0.000172414 -0.00480376 -0.00771357 0.000516224 0.0179752 9.90125e-05
internal_weight=20150 1218 990 334 116 18932
internal_count=20150 1218 990 334 116 18932
is_linear=0
shrinkage=0.05


Tree=332
num_leaves=7
num_cat=0
split_feature=25 26 32 1 25 3
split_gain=11.1733 21.7724 15.8656 13.9516 12.2522 18.6142
threshold=0.056967813521623618 -0.0093770264647901041 0.48145690560340887 0.031215535476803783 0.040331436321139343 0.0072436516638845214
decision_type=2 2 2 2 2 2
left_child=4 3 -3 -2 -1 -6
right_child=1 2 -4 -5 5 -7
leaf_value=-4.6554428833925053e-07 -0.00015684829309085124 -0.00044751444573228321 -3.4435718934762009e-05 0.00034289805991210854 -0.00028269601458556732 0.00014652890283144555
leaf_weight=19441 58 87 103 83 56 578
leaf_count=19441 58 87 103 83 56 578
internal_value=-0.000160453 -0.00900298 -0.0198718 0.00565068 0.000190488 0.00700313
internal_weight=20406 331 190 141 20075 634
internal_count=20406 331 190 141 20075 634
is_linear=0
shrinkage=0.05


Tree=333
num_leaves=7
num_cat=0
split_feature=52 39 47 12 11 3
split_gain=10.8562 55.5133 33.2789 32.8311 24.6543 34.8618
threshold=-0.0027245200471952553 -0.013078778050839899 0.83855602145195018 0.018012714572250847 -0.0069767585955560199 0.0067522823810577401
decision_type=8 2 2 2 2 2
left_child=1 -1 3 -3 -4 -6
right_child=-2 2 4 -5 5 -7
leaf_value=-0.00037784478730403561 6.1779622024544026e-06 0.00072082724540863553 8.587993388628453e-05 -3.1106309988371794e-05 0.00021809879372576698 -0.00033700376236227389
leaf_weight=564 18593 171 440 102 95 293
leaf_count=564 18593 171 440 102 95 293
internal_value=-0.00019617 -0.00378743 0.00273508 0.0177158 -0.0022509 -0.0113868
internal_weight=20258 1665 1101 273 828 388
internal_count=20258 1665 1101 273 828 388
is_linear=0
shrinkage=0.05


Tree=334
num_leaves=7
num_cat=0
split_feature=38 18 9 3 25 52
split_gain=11.2346 27.5487 19.762 16.6156 16.1594 15.5542
threshold=-0.029645365662872788 0.57500001788139354 -0.022689084522426125 0.0095846834592521208 0.010545743163675072 -0.00020020041120005769
decision_type=2 2 2 2 2 8
left_child=1 5 3 -3 -4 -1
right_child=-2 2 4 -5 -6 -7
leaf_value=-0.00053767167778011955 4.7531014749672273e-06 0.00062851890584119806 -0.00030898123585455074 6.3665991955041647e-05 2.7246013147069154e-05 -7.4743854426456561e-05
leaf_weight=96 19217 52 104 105 200 466
leaf_count=96 19217 52 104 105 200 466
internal_value=-0.000176587 -0.00508268 0.00391631 0.0180556 -0.00347896 -0.012478
internal_weight=20240 1023 461 157 304 562
internal_count=20240 1023 461 157 304 562
is_linear=0
shrinkage=0.05


Tree=335
num_leaves=7
num_cat=0
split_feature=55 48 15 50 26 31
split_gain=9.44524 38.9241 39.4456 36.0989 35.8249 43.5705
threshold=117001.03906250001 -0.18128550797700879 0.22500000149011615 -0.1266820207238197 -0.076184432953596101 40.948116302490241
decision_type=8 2 2 2 2 2
left_child=1 2 3 4 5 -1
right_child=-2 -3 -4 -5 -6 -7
leaf_value=0.00025132577912252507 -1.5996669646497955e-05 8.2384907527623149e-05 -8.9288889863748622e-05 -0.00017639852388426854 0.00024738743219142117 -0.00033692985301494321
leaf_weight=147 11632 4421 2826 403 744 169
leaf_count=147 11632 4421 2826 403 744 169
internal_value=-0.00011181 0.000983936 -0.00240452 0.00424046 0.00908451 -0.00490654
internal_weight=20342 8710 4289 1463 1060 316
internal_count=20342 8710 4289 1463 1060 316
is_linear=0
shrinkage=0.05


Tree=336
num_leaves=7
num_cat=0
split_feature=36 3 9 22 46 5
split_gain=11.3581 30.3804 49.3951 48.7437 41.7003 34.0489
threshold=-0.80140164494514454 0.0089009534567594546 -0.01955490559339523 0.47499999403953558 1.0278229117393496 -0.40122744441032404
decision_type=2 2 2 2 2 2
left_child=1 3 -3 -1 5 -5
right_child=-2 2 -4 4 -6 -7
leaf_value=0.00016870051613274107 -4.4868936479810604e-06 0.00044176924585457466 -6.9919091856531475e-05 0.00041391630142939242 -0.00039957021590245604 -0.00012536883075588888
leaf_weight=534 17952 470 398 174 301 401
leaf_count=534 17952 470 398 174 301 401
internal_value=-0.000122313 0.00340561 0.0107388 -0.00111307 -0.00837117 -0.000387931
internal_weight=20230 2278 868 1410 876 575
internal_count=20230 2278 868 1410 876 575
is_linear=0
shrinkage=0.05


Tree=337
num_leaves=7
num_cat=0
split_feature=12 26 22 40 12 13
split_gain=14.3121 28.6097 50.8187 34.3506 28.5304 18.2847
threshold=-0.035661820322275155 -0.061894332990050309 0.32500000298023229 0.11692218482494356 -0.040999669581651681 0.0037839919095858936
decision_type=2 2 2 2 2 2
left_child=1 5 -3 4 -4 -1
right_child=-2 2 3 -5 -6 -7
leaf_value=-1.5989388855025025e-05 -7.2443694513040771e-06 -0.00017714317801847983 0.0004161045548064216 -0.00044338349042917236 0.00013572890885926275 0.00039533384741702771
leaf_weight=2533 16360 211 539 88 334 306
leaf_count=2533 16360 211 539 88 334 306
internal_value=-8.22046e-05 0.00277017 0.00932455 0.0142081 0.0172267 4.39522e-05
internal_weight=20371 4011 1172 961 873 2839
internal_count=20371 4011 1172 961 873 2839
is_linear=0
shrinkage=0.05


Tree=338
num_leaves=7
num_cat=0
split_feature=0 40 22 8 52 32
split_gain=11.2383 25.2946 46.2838 22.8671 22.2757 25.8562
threshold=-0.0083196219056844694 0.05261592939496041 0.22500000149011615 0.016526505351066593 -0.00013423652126220984 0.48145690560340887
decision_type=2 2 2 2 8 2
left_child=1 2 4 -3 -1 -6
right_child=-2 3 -4 -5 5 -7
leaf_value=0.00017159610632871026 1.0438083750898519e-05 -0.00034831630143125039 0.00029266699615373824 -3.6953126050809361e-05 -1.5858734086310876e-05 -0.00047871944932171553
leaf_weight=138 12911 302 412 6044 376 70
leaf_count=138 12911 302 412 6044 376 70
internal_value=-0.000102429 -0.00171158 0.00566933 -0.0028775 -0.00335314 -0.00881375
internal_weight=20253 7342 996 6346 584 446
internal_count=20253 7342 996 6346 584 446
is_linear=0
shrinkage=0.05


Tree=339
num_leaves=7
num_cat=0
split_feature=12 27 0 52 26 39
split_gain=14.0796 30.6402 25.627 17.3465 25.34 22.5991
threshold=-0.092504121363162981 -0.029156762175261971 0.015647742897272113 -0.00020932005281792951 -0.12636267393827436 0.0060281548649072656
decision_type=2 2 2 8 2 2
left_child=1 2 -1 5 -5 -4
right_child=-2 -3 3 4 -6 -7
leaf_value=-6.454392577175126e-05 -6.384588823201906e-06 -0.00056896767829698117 0.00026548012750781324 0.00065319906697095496 -0.00017632649347983494 -0.00027313250860457023
leaf_weight=151 19718 98 104 180 57 70
leaf_count=151 19718 98 104 180 57 70
internal_value=-0.000209734 0.0068797 0.0114198 0.0178486 0.0265496 0.00544693
internal_weight=20378 660 562 411 237 174
internal_count=20378 660 562 411 237 174
is_linear=0
shrinkage=0.05


Tree=340
num_leaves=7
num_cat=0
split_feature=41 39 47 40 17 32
split_gain=10.0934 24.6778 31.1052 27.1953 47.5588 22.9784
threshold=0.04423800669610501 0.0017491423641331496 0.99382042884826671 0.03733236342668534 0.32500000298023229 -0.32137726247310633
decision_type=2 2 2 2 2 2
left_child=1 2 3 4 -1 -3
right_child=-2 5 -4 -5 -6 -7
leaf_value=-0.00016625496012850528 2.3458734427062263e-06 -9.360241664426438e-06 -0.00021240420218371283 -3.0860190675884403e-05 0.00036056174029443141 -0.00020067368136593902
leaf_weight=52 19279 200 66 295 164 230
leaf_count=52 19279 200 66 295 164 230
internal_value=-0.000112119 -0.00496542 0.00176117 0.0060562 0.0193439 -0.0139655
internal_weight=20286 1007 577 511 216 430
internal_count=20286 1007 577 511 216 430
is_linear=0
shrinkage=0.05


Tree=341
num_leaves=7
num_cat=0
split_feature=10 38 39 41 2 47
split_gain=10.8235 23.4741 38.0809 27.8896 24.3051 20.9728
threshold=0.095848355442285552 -0.017722600139677521 -0.021998631767928597 0.098119910806417479 0.0080027021467685717 0.98636090755462658
decision_type=2 2 2 2 2 2
left_child=-1 4 -3 5 -2 -4
right_child=1 2 3 -5 -6 -7
leaf_value=-3.9749953724813483e-06 0.00016443680261601898 0.00039931908589757679 -7.5146762307867011e-06 0.00050587702830578974 -0.00047011620020691048 -0.00079328553388848758
leaf_weight=19354 87 266 283 138 120 61
leaf_count=19354 87 266 283 138 120 61
internal_value=-0.000131683 0.00513021 0.00926295 0.000770021 -0.00955189 -0.00680516
internal_weight=20309 955 748 482 207 344
internal_count=20309 955 748 482 207 344
is_linear=0
shrinkage=0.05


Tree=342
num_leaves=7
num_cat=0
split_feature=3 43 35 22 35 36
split_gain=11.9521 24.9333 70.6332 25.9829 24.3456 34.8998
threshold=0.0053855148144066342 0.061343219131231315 0.72766861319541942 0.62500000000000011 0.54924064874649059 0.42110557854175573
decision_type=2 2 2 2 2 2
left_child=4 2 3 -2 5 -1
right_child=1 -3 -4 -5 -6 -7
leaf_value=-1.7953286040055143e-05 0.00013121398448847537 -3.8830556221799635e-06 -0.00033537269593183762 -0.00016487240800303312 0.00022582851423902912 -0.00022597885054974137
leaf_weight=1688 1470 16224 181 166 191 405
leaf_count=1688 1470 16224 181 166 191 405
internal_value=-0.000200443 0.000394824 0.00594127 0.00924741 -0.00344037 -0.00501668
internal_weight=20325 18041 1817 1636 2284 2093
internal_count=20325 18041 1817 1636 2284 2093
is_linear=0
shrinkage=0.05


Tree=343
num_leaves=7
num_cat=0
split_feature=51 3 35 3 35 51
split_gain=12.5768 30.6166 40.2431 41.7893 36.5933 53.3559
threshold=-0.040501473471522324 0.0091212717816233652 -0.48004612326622004 0.009348587132990362 -0.13645590841770169 -0.030711559578776356
decision_type=10 2 2 2 2 8
left_child=-1 4 -3 -4 5 -2
right_child=1 2 3 -5 -6 -7
leaf_value=-1.2813483093349543e-05 0.00039452144392428513 0.00032347415115274226 -0.00043869210482353269 -5.4195881067967437e-05 8.9973940987801731e-05 -0.00030668726343163045
leaf_weight=13322 210 324 186 1719 3769 682
leaf_count=13322 210 324 186 1719 3769 682
internal_value=-0.000132314 0.00166425 -0.00314458 -0.00592932 0.00397021 -0.00510033
internal_weight=20212 6890 2229 1905 4661 892
internal_count=20212 6890 2229 1905 4661 892
is_linear=0
shrinkage=0.05


Tree=344
num_leaves=7
num_cat=0
split_feature=44 22 35 24 5 43
split_gain=10.3729 31.8418 21.0126 23.4923 16.7626 18.621
threshold=0.15963118523359301 0.92499998211860668 -0.32827466726303095 0.053675798699259765 0.48394840955734258 0.14643827825784686
decision_type=2 2 2 2 2 2
left_child=-1 2 -2 -4 5 -3
right_child=1 4 3 -5 -6 -7
leaf_value=-1.3383217549134203e-06 -2.2960551378692179e-05 -0.00028056851775221033 0.0013289203027456527 0.00010355925371009403 0.00017354105167242378 0.00011259235285504267
leaf_weight=19651 80 174 111 82 74 128
leaf_count=19651 80 174 111 82 74 128
internal_value=-0.000215464 0.00630734 0.0191547 0.027904 -0.00308399 -0.00838762
internal_weight=20300 649 273 193 376 302
internal_count=20300 649 273 193 376 302
is_linear=0
shrinkage=0.05


Tree=345
num_leaves=7
num_cat=0
split_feature=28 2 1 35 22 36
split_gain=11.5933 22.7362 32.5249 21.4926 25.2395 18.7234
threshold=0.012625246308743955 0.014560468960553409 -0.031271656975150101 -0.13645590841770169 0.62500000000000011 0.029732574708759788
decision_type=2 2 2 2 2 2
left_child=-1 3 -3 -2 -5 -6
right_child=1 2 -4 4 5 -7
leaf_value=2.5684799041195833e-06 -0.00013259056958980203 0.00016113735559582893 -0.00057271155209795649 -4.2346869937085114e-05 0.00068079680142144961 9.8381291024589321e-05
leaf_weight=17599 1164 80 190 711 102 350
leaf_count=17599 1164 80 190 711 102 350
internal_value=-0.000246275 -0.00339162 -0.017 -0.00176887 0.00301798 0.0121991
internal_weight=20196 2597 270 2327 1163 452
internal_count=20196 2597 270 2327 1163 452
is_linear=0
shrinkage=0.05


Tree=346
num_leaves=7
num_cat=0
split_feature=32 46 51 47 51 35
split_gain=11.0844 18.1437 13.8145 16.7768 10.6137 36.0086
threshold=-1.066599905490875 0.92402237653732311 -0.0065750072244554749 1.0950171351432803 -0.040501473471522324 -0.61661890149116505
decision_type=2 2 8 2 10 2
left_child=1 -1 3 -3 -2 -6
right_child=4 2 -4 -5 5 -7
leaf_value=0.00076421424023707333 -1.2670275898792159e-05 -0.00042646307458948463 0.00032798307797764399 0.00021533957569254991 0.00030189556409413934 6.3675162058140798e-06
leaf_weight=65 13111 73 111 69 520 6380
leaf_count=65 13111 73 111 69 520 6380
internal_value=-0.000215157 0.00921053 0.00281008 -0.00731293 -0.000126149 0.00145909
internal_weight=20329 318 253 142 20011 6900
internal_count=20329 318 253 142 20011 6900
is_linear=0
shrinkage=0.05


Tree=347
num_leaves=7
num_cat=0
split_feature=21 48 44 44 44 55
split_gain=10.1986 33.556 42.3198 47.3422 37.166 32.9176
threshold=0.47499999403953558 -0.23787955939769742 0.071281664073467269 0.065492939203977599 0.067653711885213866 80455.542968750015
decision_type=2 2 2 2 2 10
left_child=1 2 3 -1 -3 -4
right_child=-2 4 5 -5 -6 -7
leaf_value=-1.3471886839030611e-05 -1.5947727282989744e-05 -2.4924466330954199e-05 -0.00016205448971697944 0.00019184890028413256 0.00011218251578507255 2.963981157683023e-05
leaf_weight=1150 11126 1687 1674 603 3224 792
leaf_count=1150 11126 1687 1674 603 3224 792
internal_value=-0.000186319 0.00122332 -0.0020419 0.00388225 0.00403275 -0.00626265
internal_weight=20256 9130 4219 1753 4911 2466
internal_count=20256 9130 4219 1753 4911 2466
is_linear=0
shrinkage=0.05


Tree=348
num_leaves=7
num_cat=0
split_feature=32 35 21 30 15 52
split_gain=11.8737 23.6398 21.924 26.095 27.8443 22.2612
threshold=-0.65007853507995594 -0.82206439971923817 0.52500000596046459 29.313724517822269 0.37500000000000006 0.00039747604751028126
decision_type=2 2 2 2 2 10
left_child=1 -1 3 -3 -5 -4
right_child=-2 2 5 4 -6 -7
leaf_value=-0.00017399760878555613 -7.9250507512465547e-06 0.00021816701381044252 0.00027049510613243898 -0.00016595341442883371 0.00020896969409121897 -0.00011782988788879249
leaf_weight=200 17985 174 1075 536 148 227
leaf_count=200 17985 174 1075 536 148 227
internal_value=-0.000190418 0.00316068 0.00469977 -0.0014774 -0.00591437 0.00877965
internal_weight=20345 2360 2160 858 684 1302
internal_count=20345 2360 2160 858 684 1302
is_linear=0
shrinkage=0.05


Tree=349
num_leaves=7
num_cat=0
split_feature=49 45 7 6 46 39
split_gain=9.46829 22.0485 15.5663 21.3438 27.8417 26.8592
threshold=1.115716338157654 0.18433576822280887 0.52851936221122753 0.21952889859676364 0.54860651493072521 -0.0041977204382419578
decision_type=2 2 2 2 2 2
left_child=2 -2 -1 -4 -5 -6
right_child=1 -3 3 4 5 -7
leaf_value=6.2475023323813142e-06 5.554631392304425e-05 -0.00031382060239860211 -0.00016702983510434932 0.00042512685414202177 2.945476756990123e-05 -7.9138516290658202e-05
leaf_weight=10708 2447 142 624 101 2989 3157
leaf_count=10708 2447 142 624 101 2989 3157
internal_value=-0.000211917 0.00263107 -0.000604242 -0.00246146 -0.0015715 -0.00201187
internal_weight=20168 2589 17579 6871 6247 6146
internal_count=20168 2589 17579 6871 6247 6146
is_linear=0
shrinkage=0.05


Tree=350
num_leaves=7
num_cat=0
split_feature=4 46 32 22 41 0
split_gain=13.8134 25.4959 22.3373 24.5295 31.1452 36.7122
threshold=-0.10543845593929289 0.90521091222763073 -0.34365598857402796 0.77500000596046459 0.074968416243791594 0.018260901793837551
decision_type=2 2 2 2 2 2
left_child=2 -2 3 -1 -5 -6
right_child=1 -3 -4 4 5 -7
leaf_value=2.2119937960299839e-05 -6.6151051887875694e-05 5.4579414120934071e-06 -8.7617333260116021e-06 -0.00059397133587365191 4.8455145001641515e-05 0.00062756016370952661
leaf_weight=2678 3594 7314 5684 85 465 422
leaf_count=2678 3594 7314 5684 85 465 422
internal_value=-9.75453e-05 -0.0013264 0.00129296 0.00434337 0.011131 0.0139294
internal_weight=20242 10908 9334 3650 972 887
internal_count=20242 10908 9334 3650 972 887
is_linear=0
shrinkage=0.05


Tree=351
num_leaves=7
num_cat=0
split_feature=35 45 54 51 47 36
split_gain=11.582 37.2018 63.4463 46.171 50.6762 35.5184
threshold=-0.80487608909606922 0.092017367482185378 0.037562437355518348 -0.13085002452135083 0.85857784748077404 -0.80140164494514454
decision_type=2 2 10 10 2 2
left_child=1 3 -3 -1 -5 -2
right_child=5 2 -4 4 -6 -7
leaf_value=-0.00058081355253209929 0.0001883397593834672 0.00026809070223554062 -0.00040014068404087332 0.00081610461005445986 -0.00013287248119180466 -1.2359678250675712e-06
leaf_weight=219 999 556 203 81 606 17607
leaf_count=219 999 556 203 81 606 17607
internal_value=-0.000136861 -0.00390719 0.0042212 -0.01073 -0.00422688 0.000439256
internal_weight=20271 1665 759 906 687 18606
internal_count=20271 1665 759 906 687 18606
is_linear=0
shrinkage=0.05


Tree=352
num_leaves=7
num_cat=0
split_feature=21 43 41 6 36 35
split_gain=9.29873 26.1078 32.0945 33.6351 28.1376 42.8785
threshold=0.47499999403953558 0.079696040600538268 0.093795578926801695 0.36846545338630682 -0.30565343797206873 -0.35022744536399836
decision_type=2 2 2 2 2 2
left_child=-1 2 3 -2 -5 -6
right_child=1 -3 -4 4 5 -7
leaf_value=1.1975490619534887e-05 3.7351292182031532e-06 3.8651800638294816e-06 0.0005692553572344013 -0.00049142064491571719 0.00060631040199463809 -0.00014429220209485219
leaf_weight=9153 1045 8496 88 682 84 762
leaf_count=9153 1045 8496 88 682 84 762
internal_value=-0.000190746 -0.00113107 -0.00544824 -0.00648759 -0.0112035 -0.0050235
internal_weight=20310 11157 2661 2573 1528 846
internal_count=20310 11157 2661 2573 1528 846
is_linear=0
shrinkage=0.05


Tree=353
num_leaves=7
num_cat=0
split_feature=7 29 0 40 30 3
split_gain=12.117 26.3724 24.5605 31.6098 26.2582 21.9658
threshold=0.5634230673313142 -0.040855627506971352 0.036936875432729728 0.057983664795756347 49.689640045166023 0.017106569372117523
decision_type=2 2 2 2 2 2
left_child=2 -2 5 -4 -5 -1
right_child=1 -3 3 4 -6 -7
leaf_value=4.8476365904109524e-06 -0.00023217087824211401 -9.2707777048509774e-06 -0.00031093083020144254 0.00025438976581757119 -4.0462931777220194e-05 -0.00037233421358428783
leaf_weight=10086 611 8364 108 871 243 57
leaf_count=10086 611 8364 108 871 243 57
internal_value=-0.000200295 -0.00141704 0.00104002 0.00772209 0.0102547 0.000229109
internal_weight=20340 8975 11365 1222 1114 10143
internal_count=20340 8975 11365 1222 1114 10143
is_linear=0
shrinkage=0.05


Tree=354
num_leaves=7
num_cat=0
split_feature=56 12 15 39 39 56
split_gain=11.1325 18.0272 19.8904 16.8303 19.4063 17.9357
threshold=4.3344925426680456e-09 0.011289284564554693 0.32500000298023229 -0.013078778050839899 -0.039946628734469407 2.5355644250879554e-09
decision_type=8 2 2 2 2 8
left_child=1 -1 -3 4 -4 -5
right_child=-2 2 3 5 -6 -7
leaf_value=0.00011340681601991286 -6.8036359169188586e-06 0.00057504912777500889 -0.00024447976636420184 -0.00027884630936962553 0.0002591302595437264 0.00010049477885761705
leaf_weight=1425 17994 55 97 350 208 185
leaf_count=1425 17994 55 97 350 208 185
internal_value=-0.000220237 0.00317204 -0.00236111 -0.00434911 0.00491935 -0.00967593
internal_weight=20314 2320 895 840 305 535
internal_count=20314 2320 895 840 305 535
is_linear=0
shrinkage=0.05


Tree=355
num_leaves=7
num_cat=0
split_feature=40 19 53 12 39 35
split_gain=11.6127 22.6848 27.1007 31.5826 31.6658 31.04
threshold=0.065926190465688719 0.22500000149011615 1.0000000180025095e-35 -0.027517989277839657 -0.027173096314072605 -0.30338372290134424
decision_type=2 2 8 2 2 2
left_child=1 -1 3 -3 -5 -4
right_child=-2 2 5 4 -6 -7
leaf_value=9.0115903155623477e-05 -1.0652365127388625e-05 0.00045009976507408517 6.3915912574266914e-05 0.00027536699498089957 -4.6265066425027579e-07 -5.3523885747092258e-05
leaf_weight=1456 13486 105 1226 277 1019 2843
leaf_count=1456 13486 105 1226 277 1019 2843
internal_value=-0.000175099 0.00177103 0.000287671 0.00627667 0.00405457 -0.00177344
internal_weight=20412 6926 5470 1401 1296 4069
internal_count=20412 6926 5470 1401 1296 4069
is_linear=0
shrinkage=0.05


Tree=356
num_leaves=7
num_cat=0
split_feature=12 22 41 55 50 2
split_gain=12.9248 33.0677 26.2619 32.9345 23.3593 22.7323
threshold=-0.092504121363162981 0.77500000596046459 0.15645558387041095 50016.753906250007 -1.9642847776412962 0.0098755201324820536
decision_type=2 2 2 10 2 2
left_child=1 5 -3 -4 -2 -1
right_child=4 2 3 -5 -6 -7
leaf_value=-0.0014296378403536138 -0.00011157472757966974 0.00075594249597359304 0.00027684394173448708 -0.0011044545611741412 -1.222430290807213e-06 2.0205661841546734e-05
leaf_weight=55 518 221 101 71 19043 226
leaf_count=55 518 221 101 71 19043 226
internal_value=-0.00017169 0.00659057 0.015892 0.000988701 -0.000425483 -0.00638112
internal_weight=20235 674 393 172 19561 281
internal_count=20235 674 393 172 19561 281
is_linear=0
shrinkage=0.05


Tree=357
num_leaves=7
num_cat=0
split_feature=12 51 42 35 10 55
split_gain=11.1807 25.0211 25.7267 26.3717 38.0477 31.924
threshold=0.023204497992992405 -0.53982108831405629 0.14107830077409747 0.49836209416389471 -0.025328915566205975 66880.968750000015
decision_type=2 8 2 2 2 8
left_child=-1 -2 3 4 -3 -6
right_child=1 2 -4 -5 5 -7
leaf_value=6.6025488096021441e-06 -0.00047210858152741926 -0.00030357242430611693 -0.00021064024097653493 -0.00015620444030766298 0.00015701674245293193 -1.5488597277780536e-05
leaf_weight=15855 122 271 317 420 1001 2437
leaf_count=15855 122 271 317 420 1001 2437
internal_value=-0.000126052 -0.00231249 -0.0016794 -0.000610789 0.00073371 0.00217107
internal_weight=20423 4568 4446 4129 3709 3438
internal_count=20423 4568 4446 4129 3709 3438
is_linear=0
shrinkage=0.05


Tree=358
num_leaves=7
num_cat=0
split_feature=3 39 35 35 6 54
split_gain=11.5527 22.9799 24.6002 30.1398 24.298 22.9929
threshold=0.0053855148144066342 -0.027173096314072605 0.54924064874649059 0.37777532637119299 0.35266883671283727 0.10439876466989519
decision_type=2 2 2 2 2 8
left_child=1 5 3 -3 -4 -1
right_child=-2 2 4 -5 -6 -7
leaf_value=0.00040182649795608542 9.0924786263803965e-06 -3.6802320687259141e-05 0.00051265035044134556 -0.00039738919095372283 -5.4510643104103304e-06 -1.3648185234838104e-06
leaf_weight=99 17987 1655 64 186 123 156
leaf_count=99 17987 1655 64 186 123 156
internal_value=-9.74106e-05 -0.00311407 -0.00490654 -0.0066766 0.0121094 0.0108654
internal_weight=20270 2283 2028 1841 187 255
internal_count=20270 2283 2028 1841 187 255
is_linear=0
shrinkage=0.05


Tree=359
num_leaves=7
num_cat=0
split_feature=55 41 53 36 46 5
split_gain=10.7678 32.3406 42.2143 34.0646 34.6741 39.0518
threshold=117001.03906250001 0.088034246116876616 0.059507699683308608 0.54105094075202953 0.86449983716011058 -0.018206301145255562
decision_type=10 2 10 2 2 2
left_child=-1 -2 3 4 -3 -6
right_child=1 2 -4 -5 5 -7
leaf_value=8.3957420623834326e-06 1.9516119915532305e-05 -0.00045912601997275633 -0.00067233555266743474 0.00073974094729606203 0.00043694584484564299 -0.00029782857769072494
leaf_weight=16701 2289 232 235 76 361 382
leaf_count=16701 2289 232 235 76 361 382
internal_value=-0.000195996 -0.00232542 -0.00865608 -0.00428504 -0.00686224 -0.00150401
internal_weight=20276 3575 1286 1051 975 743
internal_count=20276 3575 1286 1051 975 743
is_linear=0
shrinkage=0.05


Tree=360
num_leaves=7
num_cat=0
split_feature=43 18 4 20 44 22
split_gain=11.7844 16.6228 13.2462 11.1156 9.35987 27.3555
threshold=0.2283064275979996 0.22500000149011615 0.31913445889949804 0.32500000298023229 0.15963118523359301 0.92499998211860668
decision_type=2 2 2 2 2 2
left_child=4 -2 3 -3 -1 -6
right_child=1 2 -4 -5 5 -7
leaf_value=3.0544705899051209e-06 0.00026498424542194775 -0.00027067954008344668 -0.00055934333975660167 4.4721634994159076e-05 0.00037131201645490786 -4.3401357942628825e-05
leaf_weight=19366 62 64 76 116 249 327
leaf_count=19366 62 64 76 116 249 327
internal_value=-0.000171478 -0.00921053 -0.0148467 -0.00689189 0.000414849 0.00666954
internal_weight=20260 318 256 180 19942 576
internal_count=20260 318 256 180 19942 576
is_linear=0
shrinkage=0.05


Tree=361
num_leaves=7
num_cat=0
split_feature=48 53 40 55 46 18
split_gain=11.0073 34.2326 21.8563 19.9202 37.9991 23.174
threshold=-1.7036048769950864 -0.42599239945411677 0.20400244742631915 165610.52343750003 0.97968253493309032 0.47499999403953558
decision_type=2 10 2 8 2 2
left_child=1 -1 -2 5 -5 -3
right_child=2 3 -4 4 -6 -7
leaf_value=0.00018299538174612514 -1.9445050121988361e-06 7.0610133476783733e-05 -0.00026313776530679649 0.00058229788683549118 -0.00057862145245091612 -0.00013953860777101427
leaf_weight=679 18440 578 274 82 139 159
leaf_count=679 18440 578 274 82 139 159
internal_value=-9.7023e-05 0.00391291 -0.00035659 -0.00215472 -0.0151549 0.00178571
internal_weight=20351 1637 18714 958 221 737
internal_count=20351 1637 18714 958 221 737
is_linear=0
shrinkage=0.05


Tree=362
num_leaves=7
num_cat=0
split_feature=39 39 35 35 32 24
split_gain=11.8549 31.385 47.9717 38.3981 50.0393 41.2069
threshold=0.0017491423641331496 0.013195294421166183 -0.19683987647294995 0.098510108888149275 0.60178589820861828 -0.013329357374459503
decision_type=2 2 2 2 2 2
left_child=-1 2 -2 4 5 -3
right_child=1 3 -4 -5 -6 -7
leaf_value=1.6748426123672917e-05 -0.00020273398216261643 0.0001120869490383905 -1.7314792196249618e-07 -5.7440584977397718e-05 0.00038062363874667872 -7.6252061583405653e-05
leaf_weight=10860 1378 2254 1895 2221 233 1303
leaf_count=10860 1378 2254 1895 2221 233 1303
internal_value=-0.000202243 -0.00125686 -0.00519372 0.00088514 0.00394598 0.00244947
internal_weight=20144 9284 3273 6011 3790 3557
internal_count=20144 9284 3273 6011 3790 3557
is_linear=0
shrinkage=0.05


Tree=363
num_leaves=7
num_cat=0
split_feature=52 39 47 24 7 35
split_gain=13.5724 43.5745 38.112 44.925 31.9542 23.1341
threshold=-0.0027245200471952553 -0.039946628734469407 0.83855602145195018 0.049427289515733726 0.32100293040275579 0.49836209416389471
decision_type=8 2 2 2 2 2
left_child=1 -1 3 -3 -4 -6
right_child=-2 2 4 -5 5 -7
leaf_value=-0.00057805862927640496 6.7461654782272236e-06 0.00064468164667941914 9.3811992411721012e-07 -0.00016451330488468646 -0.00043111593421497484 0.000185703989955832
leaf_weight=170 18690 237 702 149 344 60
leaf_count=170 18690 237 702 149 344 60
internal_value=-0.000195265 -0.00424415 -0.00145291 0.0119565 -0.00618812 -0.0172983
internal_weight=20352 1662 1492 386 1106 404
internal_count=20352 1662 1492 386 1106 404
is_linear=0
shrinkage=0.05


Tree=364
num_leaves=7
num_cat=0
split_feature=23 47 53 36 15 48
split_gain=10.902 24.0257 21.2313 19.8532 19.7934 22.3125
threshold=0.0093728741630911844 1.0495107769966128 -0.40047034621238703 0.80069372057914745 0.22500000149011615 0.48353199660778051
decision_type=2 2 8 2 2 2
left_child=-1 3 -3 4 -2 -6
right_child=1 2 -4 -5 5 -7
leaf_value=7.8559927015664401e-06 0.00022535541168057562 -0.00049539502809189918 -7.3586032790057707e-05 -0.00018999296110942424 -9.7948675085876406e-05 5.2768044081924682e-05
leaf_weight=15071 424 143 1196 236 1330 1781
leaf_count=15071 424 143 1196 236 1330 1781
internal_value=-0.000216734 -0.0021652 -0.00790551 -0.000112553 0.000826271 -0.000553594
internal_weight=20181 5110 1339 3771 3535 3111
internal_count=20181 5110 1339 3771 3535 3111
is_linear=0
shrinkage=0.05


Tree=365
num_leaves=7
num_cat=0
split_feature=10 38 42 47 47 53
split_gain=10.0558 43.0007 41.5467 47.6772 33.6127 34.1756
threshold=0.0076781252864748248 0.023683091625571254 0.11537772044539453 0.77555465698242199 0.7194274663925172 -0.1426417529582977
decision_type=2 2 2 2 2 10
left_child=-1 2 4 -4 -2 -6
right_child=1 -3 3 -5 5 -7
leaf_value=-1.0339743475658932e-05 0.00034939916175856257 -0.00021220173452004849 -0.00035737249015372876 -6.9684464534449518e-07 8.2281078246769545e-05 -3.9168904603773766e-05
leaf_weight=12559 369 478 299 773 3919 1984
leaf_count=12559 369 478 299 773 3919 1984
internal_value=-0.000150839 0.0014533 0.00240509 -0.00666202 0.00396288 0.00303402
internal_weight=20381 7822 7344 1072 6272 5903
internal_count=20381 7822 7344 1072 6272 5903
is_linear=0
shrinkage=0.05


Tree=366
num_leaves=7
num_cat=0
split_feature=38 39 24 10 36 45
split_gain=11.996 17.251 13.2579 14.4766 30.4075 20.6444
threshold=-0.032474944368004792 -0.065047379583120332 0.10988114029169084 0.095848355442285552 0.65851846337318432 0.079883381724357619
decision_type=2 2 2 2 2 2
left_child=1 -1 3 -2 5 -5
right_child=2 -3 -4 4 -6 -7
leaf_value=0.00020746634594003574 -1.8365494831993311e-06 -9.565855603480274e-05 -0.00011093110420116572 0.00024499074630905844 -0.00063214553847385554 7.3691482116357507e-05
leaf_weight=64 18320 623 315 278 66 547
leaf_count=64 18320 623 315 278 66 547
internal_value=-0.000147146 -0.00668353 1.40802e-05 0.000183441 0.00638951 0.00906627
internal_weight=20213 687 19526 19211 891 825
internal_count=20213 687 19526 19211 891 825
is_linear=0
shrinkage=0.05


Tree=367
num_leaves=7
num_cat=0
split_feature=51 38 35 55 53 40
split_gain=12.8124 24.3812 39.0721 30.7017 39.6848 42.9269
threshold=-0.040501473471522324 0.017662758938968185 0.1837965399026871 117001.03906250001 -1.0000000180025095e-35 0.081507701426744475
decision_type=8 2 2 8 10 2
left_child=1 3 -3 -1 5 -5
right_child=-2 2 -4 4 -6 -7
leaf_value=3.0225862285947638e-05 9.733210284109329e-06 -6.8290207861758118e-05 -0.00046226172300343094 0.00030388832819636271 -0.00033716977316584071 -0.00026046282379180738
leaf_weight=3310 14864 720 133 281 428 489
leaf_count=3310 14864 720 133 281 428 489
internal_value=-0.000161888 -0.00209187 -0.00981935 -0.00061489 -0.00746052 -0.000612903
internal_weight=20225 5361 853 4508 1198 770
internal_count=20225 5361 853 4508 1198 770
is_linear=0
shrinkage=0.05


Tree=368
num_leaves=7
num_cat=0
split_feature=21 36 46 42 22 36
split_gain=12.4788 26.035 46.1869 30.4289 47.8631 30.9994
threshold=0.82500001788139354 -0.28161180019378657 0.54860651493072521 0.093309905380010619 0.92499998211860668 0.42110557854175573
decision_type=2 2 2 2 2 2
left_child=-1 2 -2 4 5 -3
right_child=1 3 -4 -5 -6 -7
leaf_value=-6.757296180668346e-06 0.00094393724647537478 0.00070572045179622572 -3.5344106222477346e-05 3.4543034469925298e-05 -0.0002047221013002414 -2.1733229656846725e-05
leaf_weight=16202 86 332 2174 1271 124 79
leaf_count=16202 86 332 2174 1271 124 79
internal_value=-0.000235535 0.00247482 -0.00109272 0.00694368 0.0168981 0.0250601
internal_weight=20268 4066 2260 1806 535 411
internal_count=20268 4066 2260 1806 535 411
is_linear=0
shrinkage=0.05


Tree=369
num_leaves=7
num_cat=0
split_feature=52 39 47 6 45 46
split_gain=8.80603 42.6327 30.8153 32.1323 23.1294 36.396
threshold=-0.0027245200471952553 -0.037063784897327416 0.84530934691429149 0.40207070112228399 0.10828502476215364 0.96819815039634716
decision_type=8 2 2 2 2 2
left_child=1 -1 3 -3 5 -5
right_child=-2 2 -4 4 -6 -7
leaf_value=-0.00056952455321016915 3.9144308014396777e-07 0.00060585458475154045 -7.8839689976333075e-05 -0.00061843092981065718 0.00066162051238700568 0.0003429836428975543
leaf_weight=210 18621 145 1031 126 50 64
leaf_count=210 18621 145 1031 126 50 64
internal_value=-0.000196277 -0.00378602 -0.000615764 0.0113462 0 -0.00807692
internal_weight=20247 1626 1416 385 240 190
internal_count=20247 1626 1416 385 240 190
is_linear=0
shrinkage=0.05


Tree=370
num_leaves=7
num_cat=0
split_feature=49 57 23 19 17 23
split_gain=10.8052 21.1369 23.1287 16.6123 27.9346 25.2892
threshold=0.07946664467453958 4.7936307510099149e-06 -0.025269011966884133 0.52500000596046459 0.72499999403953563 -0.0080596432089805586
decision_type=2 10 2 2 2 2
left_child=3 2 -2 -1 -5 -6
right_child=1 -3 -4 4 5 -7
leaf_value=3.1798654433518701e-06 0.00044796905173360361 -0.00015369006502782739 -1.0089100175999611e-05 0.00014373648631953612 -0.00022403545306483031 7.8498004583817842e-05
leaf_weight=8831 108 402 8905 1151 218 613
leaf_count=8831 108 402 8905 1151 218 613
internal_value=-0.000151979 -0.00107484 -0.000568308 0.00124099 0.00537242 -0.00158493
internal_weight=20228 9415 9013 10813 1982 831
internal_count=20228 9415 9013 10813 1982 831
is_linear=0
shrinkage=0.05


Tree=371
num_leaves=7
num_cat=0
split_feature=50 51 50 51 53 13
split_gain=11.2728 26.0937 44.1534 42.5418 23.79 35.1984
threshold=-0.39823280274868006 -0.038356900215148919 0.66898265480995189 -0.058628987520933144 -0.22480930387973783 0.015303621534258129
decision_type=2 8 2 8 8 2
left_child=-1 2 3 -2 5 -3
right_child=1 4 -4 -5 -6 -7
leaf_value=2.5527171319153194e-05 -8.7582716677139661e-05 0.00017625933102682748 0.00011164065642449546 -0.00039581031136577097 -1.3493255528812961e-05 -3.642815185837889e-05
leaf_weight=7524 1325 1387 732 519 7806 1060
leaf_count=7524 1325 1387 732 519 7806 1060
internal_value=-0.000101926 -0.000726586 -0.00522084 -0.00934289 0.000402125 0.00470024
internal_weight=20353 12829 2576 1844 10253 2447
internal_count=20353 12829 2576 1844 10253 2447
is_linear=0
shrinkage=0.05


Tree=372
num_leaves=7
num_cat=0
split_feature=35 50 36 12 39 51
split_gain=10.7276 39.8804 14.5004 50.0807 26.0979 25.3674
threshold=0.85893726348876964 -0.039549442008137696 0.83758923411369335 0.018012714572250847 0.033025983721017844 0.034726480022072799
decision_type=2 2 2 2 2 8
left_child=2 -2 -1 5 -5 -4
right_child=1 -3 3 4 -6 -7
leaf_value=-8.6716712679024278e-07 -0.000285692743034917 0.00021120088276444153 4.8606434073301583e-05 -0.00050778945583730597 9.1106867492035798e-05 0.00034344549237170895
leaf_weight=19373 216 105 175 131 55 281
leaf_count=19373 216 105 175 131 55 281
internal_value=-0.000161005 -0.00897239 0.000171079 0.00753478 -0.0140052 0.0164317
internal_weight=20336 321 20015 642 186 456
internal_count=20336 321 20015 642 186 456
is_linear=0
shrinkage=0.05


Tree=373
num_leaves=7
num_cat=0
split_feature=39 43 35 2 41 17
split_gain=9.98379 36.6009 34.8204 37.9503 49.9396 37.2094
threshold=0.013195294421166183 0.046320559456944473 0.098510108888149275 0.014560468960553409 0.11018372699618341 0.72499999403953563
decision_type=2 2 2 2 2 2
left_child=-1 -2 3 4 -3 -4
right_child=1 2 5 -5 -6 -7
leaf_value=-7.8276236488744824e-06 -0.00020056861991601428 7.6651682504925428e-05 -0.00010940737883302818 -0.00022817997700852292 0.00074302134883588744 3.7972086310075415e-05
leaf_weight=14229 164 3122 941 347 304 1205
leaf_count=14229 164 3122 941 347 304 1205
internal_value=-0.000131663 0.00177809 0.00243501 0.00532689 0.00692947 -0.00263831
internal_weight=20312 6083 5919 3773 3426 2146
internal_count=20312 6083 5919 3773 3426 2146
is_linear=0
shrinkage=0.05


Tree=374
num_leaves=7
num_cat=0
split_feature=27 44 22 46 34 17
split_gain=8.39177 28.1232 29.395 39.1824 25.3777 35.599
threshold=-0.025171332061290737 0.071281664073467269 0.27500000596046453 0.99792692065238964 -0.56817886233329762 0.075000001117587103
decision_type=2 2 2 2 2 2
left_child=1 -1 3 -3 5 -2
right_child=4 2 -4 -5 -6 -7
leaf_value=0.00017124635960569817 0.0001807739187230633 0.00019621074746331492 2.9207096780825734e-05 -0.00048552798140463407 -4.3783004701811459e-06 -0.00029975279815759614
leaf_weight=375 96 150 3587 209 15662 260
leaf_count=375 96 150 3587 209 15663 260
internal_value=-0.000195389 0.00180883 0.000550494 -0.0129808 -0.000672471 -0.0137812
internal_weight=20339 4321 3946 359 16018 356
internal_count=20339 4320 3946 359 16019 356
is_linear=0
shrinkage=0.05


Tree=375
num_leaves=7
num_cat=0
split_feature=10 35 35 21 0 55
split_gain=9.70183 26.6943 16.438 21.0773 20.4282 16.5795
threshold=0.095848355442285552 0.66284984350204479 -0.79136100411415089 0.42499999701976782 -0.037303235381841653 45404.812500000007
decision_type=2 2 2 2 2 8
left_child=-1 2 -2 -4 -5 -6
right_child=1 -3 3 4 5 -7
leaf_value=-3.4485263343177891e-06 -0.00041220906248304491 -0.00058979369161671141 0.00028928538713754887 0.00033424043428855447 -0.00020489395984696855 9.3876122287041516e-05
leaf_weight=19347 78 63 248 231 141 221
leaf_count=19347 78 63 248 231 141 221
internal_value=-9.22101e-05 0.00483789 0.00706169 0.00913121 0.00388796 -0.00347411
internal_weight=20329 982 919 841 593 362
internal_count=20329 982 919 841 593 362
is_linear=0
shrinkage=0.05


Tree=376
num_leaves=7
num_cat=0
split_feature=44 21 39 27 18 11
split_gain=10.9472 30.1633 16.2646 14.9804 14.8835 11.1351
threshold=0.15963118523359301 0.87500000000000011 1.0000000180025095e-35 0.056012613698840148 0.27500000596046453 -0.0063852062448859206
decision_type=2 2 2 2 2 2
left_child=-1 2 -2 -4 -3 -6
right_child=1 4 3 -5 5 -7
leaf_value=-1.4077649906661672e-06 -7.1443727522553516e-06 -0.00096301281143523158 0.00077450746347507301 0.00011615249454284645 0.00027613489707820294 -3.2773837503629733e-05
leaf_weight=19627 58 71 108 57 118 252
leaf_count=19627 58 71 108 57 118 252
internal_value=-0.000205706 0.00639013 0.0211623 0.0289706 -0.00117713 0.00286667
internal_weight=20291 664 223 165 441 370
internal_count=20291 664 223 165 441 370
is_linear=0
shrinkage=0.05


Tree=377
num_leaves=7
num_cat=0
split_feature=49 56 28 11 37 3
split_gain=13.062 17.0947 20.1248 19.735 21.202 18.2995
threshold=-0.15398444980382917 6.5129931670071541e-08 -0.0033785557607188817 0.0032863175729289655 -0.00097077901591546823 0.0092443516477942484
decision_type=2 10 2 2 2 2
left_child=-1 5 -3 -4 -5 -2
right_child=1 2 3 4 -6 -7
leaf_value=2.1344003586023847e-05 -1.4661851657774571e-05 -0.00015278663522733473 0.00010022395307184617 -3.2819265580636813e-05 -0.00027992490391434607 6.7159667928065313e-05
leaf_weight=8918 5954 854 516 1506 255 2217
leaf_count=8918 5954 854 516 1506 255 2217
internal_value=-0.000161928 -0.00101486 -0.00415338 -0.00167616 -0.00420442 0.000186522
internal_weight=20220 11302 3131 2277 1761 8171
internal_count=20220 11302 3131 2277 1761 8171
is_linear=0
shrinkage=0.05


Tree=378
num_leaves=7
num_cat=0
split_feature=47 12 41 40 18 39
split_gain=13.09 39.6813 55.7978 54.8489 41.6129 35.1123
threshold=0.88781979680061351 0.023204497992992405 0.069750785827636733 0.042226240038871772 0.82500001788139354 0.025562324561178688
decision_type=2 2 2 2 2 2
left_child=1 2 3 -1 5 -5
right_child=-2 -3 -4 4 -6 -7
leaf_value=0.00012188232401616479 -1.4839039923316909e-05 -6.3906780757040909e-05 0.0001901794224815906 -0.00014403359213823971 0.00017869570337103205 0.00010387607735883758
leaf_weight=671 12362 2007 2849 1754 297 216
leaf_count=671 12362 2007 2849 1754 297 216
internal_value=-0.000127722 0.00150981 0.00361274 -0.00121475 -0.00494058 -0.00758228
internal_weight=20156 7794 5787 2938 2267 1970
internal_count=20156 7794 5787 2938 2267 1970
is_linear=0
shrinkage=0.05


Tree=379
num_leaves=7
num_cat=0
split_feature=22 42 51 1 55 9
split_gain=11.4268 32.3034 40.6404 34.7241 33.1624 35.0236
threshold=0.22500000149011615 0.073224678635597243 -0.038356900215148919 -0.041104426607489579 70914.507812500015 -0.026342196390032765
decision_type=2 2 8 2 8 2
left_child=1 4 3 -3 5 -1
right_child=-2 2 -4 -5 -6 -7
leaf_value=-0.0007028289641931052 1.2004087988607056e-05 0.0001027899308438118 -5.855434221543185e-05 -0.00084778595308461827 -8.2016889390004019e-06 0.00032412351229055123
leaf_weight=80 16282 52 980 167 2577 225
leaf_count=80 16282 52 980 167 2577 225
internal_value=-9.69658e-05 -0.00211087 -0.00899086 -0.0282366 0.000753377 0.0162097
internal_weight=20363 4081 1199 219 2882 305
internal_count=20363 4081 1199 219 2882 305
is_linear=0
shrinkage=0.05


Tree=380
num_leaves=7
num_cat=0
split_feature=60 44 21 38 46 10
split_gain=10.3858 10.2619 29.0249 22.3393 15.4635 26.4816
threshold=-2.0200197696685787 0.15963118523359301 0.97499999403953563 -1.0000000180025095e-35 0.89211404323577892 -0.12074699252843855
decision_type=8 2 2 2 2 2
left_child=-1 -2 4 -4 5 -3
right_child=1 2 3 -5 -6 -7
leaf_value=-0.00025696068435356989 -4.1509951981489638e-06 -0.00033035935697773054 0.00011641758303091808 -0.00064090263670143772 0.00042208645408336537 0.00020511701413092879
leaf_weight=197 19465 79 80 94 228 158
leaf_count=197 19465 79 80 94 228 158
internal_value=-0.000180981 -0.000113133 0.00609472 -0.0110335 0.0126064 0.00340909
internal_weight=20301 20104 639 174 465 237
internal_count=20301 20104 639 174 465 237
is_linear=0
shrinkage=0.05


Tree=381
num_leaves=7
num_cat=0
split_feature=41 2 17 24 36 3
split_gain=15.4355 19.5449 17.475 14.2676 29.8461 58.133
threshold=0.038348693400621421 0.0037715343059971933 0.42499999701976782 0.027042051777243618 -0.80140164494514454 0.0070511570665985355
decision_type=2 2 2 2 2 2
left_child=1 2 -1 -2 5 -5
right_child=3 -3 -4 4 -6 -7
leaf_value=-4.5224220063206711e-05 1.246058011325291e-05 -0.00018199621420503665 0.00033860473459941656 0.00071556673012709729 -5.6739430804966929e-05 -5.6080671653475918e-06
leaf_weight=83 14886 198 65 169 4370 600
leaf_count=83 14886 198 65 169 4370 600
internal_value=-0.000150913 -0.0104701 0.00310458 0.000106091 -0.00216271 0.00687984
internal_weight=20371 346 148 20025 5139 769
internal_count=20371 346 148 20025 5139 769
is_linear=0
shrinkage=0.05


Tree=382
num_leaves=7
num_cat=0
split_feature=12 9 10 2 36 38
split_gain=12.1306 26.3612 19.3464 26.9187 29.5682 36.5335
threshold=0.052963843569159515 -0.031475726515054696 0.1310793608427048 0.0098755201324820536 -0.69148647785186756 -0.017722600139677521
decision_type=2 2 2 2 2 2
left_child=-1 -2 3 4 5 -3
right_child=1 2 -4 -5 -6 -7
leaf_value=2.9546072152565803e-06 -0.00069419945043647485 0.00030009915908405042 0.00012011135189229142 7.8498254381255785e-05 -0.0002412341090770649 -0.00012051731921750037
leaf_weight=18995 65 89 189 335 496 146
leaf_count=18995 65 89 189 335 496 146
internal_value=-0.000200541 -0.00473585 -0.00303571 -0.00567227 -0.0110394 0.0034375
internal_weight=20315 1320 1255 1066 731 235
internal_count=20315 1320 1255 1066 731 235
is_linear=0
shrinkage=0.05


Tree=383
num_leaves=7
num_cat=0
split_feature=24 51 42 10 51 51
split_gain=13.4552 16.4605 15.3402 14.6617 15.2523 17.4363
threshold=0.10988114029169084 1.1507271528244021 0.1201714798808098 0.1310793608427048 -0.13085002452135083 -0.086753550916910158
decision_type=2 10 2 2 8 8
left_child=3 2 -2 -1 -5 -6
right_child=1 -3 -4 4 5 -7
leaf_value=3.3373917035521042e-06 -1.2624082125048962e-05 7.8116381256612214e-05 -0.00048182674276267383 -8.4423201417974355e-05 0.0013261827216274017 9.7840512449426994e-05
leaf_weight=19738 103 99 127 53 57 151
leaf_count=19738 103 99 127 53 57 151
internal_value=-0.000229922 -0.00965569 -0.0169149 0.000461158 0.0121241 0.0181925
internal_weight=20328 329 230 19999 261 208
internal_count=20328 329 230 19999 261 208
is_linear=0
shrinkage=0.05


Tree=384
num_leaves=7
num_cat=0
split_feature=12 40 0 51 26 3
split_gain=10.6817 26.1561 23.8865 24.4997 15.6666 31.8427
threshold=-0.092504121363162981 0.094923060387372984 0.011794273741543295 -0.22697627544403073 -0.12636267393827436 0.0097201187163591402
decision_type=2 2 2 8 2 2
left_child=1 -1 -3 -4 5 -2
right_child=4 2 3 -5 -6 -7
leaf_value=-0.00089440336703922041 0.0004749152861779737 -0.00014403648633815725 0.00010675598368212164 0.00063874278411720463 1.284271296154646e-06 -0.00019264990561533425
leaf_weight=93 103 123 281 165 18898 636
leaf_count=93 103 123 281 165 18898 636
internal_value=-0.000156373 0.00625937 0.0103223 0.0156874 -0.000174371 -0.00729167
internal_weight=20299 662 569 446 19637 739
internal_count=20299 662 569 446 19637 739
is_linear=0
shrinkage=0.05


Tree=385
num_leaves=7
num_cat=0
split_feature=50 10 28 22 10 38
split_gain=10.8059 21.289 28.3787 18.9568 16.5614 14.1405
threshold=1.9692323207855227 -0.12074699252843855 0.0093319709412753599 0.77500000596046459 -0.027512381784617897 0.016719738952815536
decision_type=2 2 2 2 2 2
left_child=5 3 -3 -2 -4 -1
right_child=1 2 4 -5 -6 -7
leaf_value=4.4208514940521221e-06 0.0010294332759135775 0.00010960655203137656 -0.00040474601627762415 -3.2408732375869177e-05 1.48534960148803e-05 -4.9327269497298877e-05
leaf_weight=16739 98 512 157 59 148 2645
leaf_count=16739 98 512 157 59 148 2645
internal_value=-0.000234494 0.00518386 0.00185523 0.0217593 -0.0100806 -0.000199856
internal_weight=20358 974 817 157 305 19384
internal_count=20358 974 817 157 305 19384
is_linear=0
shrinkage=0.05


Tree=386
num_leaves=7
num_cat=0
split_feature=10 45 42 55 36 48
split_gain=10.9842 35.8305 32.6229 37.1192 29.7734 29.4691
threshold=0.0076781252864748248 0.051528058946132667 0.11537772044539453 9990778368.0000019 -0.85650113224983204 -0.66503870487213124
decision_type=2 2 2 8 2 2
left_child=-1 -2 3 5 -5 -3
right_child=1 2 -4 4 -6 -7
leaf_value=-1.7872332719727493e-05 -0.00021610298422459194 -8.3055880083111107e-05 -7.8052704628276548e-05 0.00055303814733539383 0.00010048963443474364 5.0441560131351356e-05
leaf_weight=12422 254 1502 1170 153 1662 3068
leaf_count=12422 254 1502 1170 153 1662 3068
internal_value=-0.000221141 0.00100141 0.00163029 0.00303991 0.00907967 0.000628415
internal_weight=20231 7809 7555 6385 1815 4570
internal_count=20231 7809 7555 6385 1815 4570
is_linear=0
shrinkage=0.05


Tree=387
num_leaves=7
num_cat=0
split_feature=12 53 53 36 39 52
split_gain=13.5495 28.1168 35.4809 33.2034 48.27 29.1116
threshold=0.04875930771231652 -0.46167522668838495 -0.53110158443450917 -0.091948233544826494 -0.019901214167475697 -0.0001910736027639359
decision_type=2 8 10 2 2 8
left_child=-1 2 -2 4 5 -3
right_child=1 3 -4 -5 -6 -7
leaf_value=2.6071294271583572e-06 -7.5908146291237336e-05 2.6950301784290406e-05 0.00030169475602753938 -0.00024950036021077711 0.00019838188132012156 -0.00022407866516353618
leaf_weight=18563 179 169 141 556 341 232
leaf_count=18563 179 169 141 556 341 232
internal_value=-0.000231596 -0.00460567 0.00853846 -0.00788565 -0.000903614 -0.0126232
internal_weight=20181 1618 320 1298 742 401
internal_count=20181 1618 320 1298 742 401
is_linear=0
shrinkage=0.05


Tree=388
num_leaves=7
num_cat=0
split_feature=22 42 54 7 42 40
split_gain=12.0342 31.4021 37.8706 29.1919 27.665 24.5368
threshold=0.22500000149011615 0.078621484339237227 1.0000000180025095e-35 0.66939455270767223 0.10087319836020471 0.056764926761388786
decision_type=2 2 8 2 2 2
left_child=1 5 3 -3 -4 -1
right_child=-2 2 4 -5 -6 -7
leaf_value=-2.2715064143130181e-05 1.1698035764007514e-05 0.00017772610468953353 -0.00045799612081986411 -0.00031648667177993901 0.00013981675220120482 5.5831593488810696e-05
leaf_weight=2083 16293 217 498 71 81 1100
leaf_count=2083 16293 217 498 71 81 1100
internal_value=-0.000146206 -0.0022873 -0.0106938 0.00401024 -0.0180223 7.84191e-06
internal_weight=20343 4050 867 288 579 3183
internal_count=20343 4050 867 288 579 3183
is_linear=0
shrinkage=0.05


Tree=389
num_leaves=7
num_cat=0
split_feature=54 35 27 53 38 17
split_gain=10.0689 19.3924 17.0357 15.9052 13.0439 12.77
threshold=-0.4228194653987884 -0.25075668096542353 -0.057022094726562493 -1.0000000180025095e-35 0.0072871772572398194 0.82500001788139354
decision_type=8 2 2 10 2 2
left_child=1 2 -1 5 -4 -3
right_child=-2 3 4 -5 -6 -7
leaf_value=0.0002885330462217944 7.0209659710619474e-06 -0.00011482438670252509 -0.00056835942730377835 0.00018465679439016343 -5.8486239509945861e-05 0.00016245038767442746
leaf_weight=52 19286 447 227 125 94 77
leaf_count=52 19286 447 227 125 94 77
internal_value=-0.000195687 -0.00455209 -0.0135582 0.000649847 -0.0178681 -0.00316635
internal_weight=20308 1022 373 649 321 524
internal_count=20308 1022 373 649 321 524
is_linear=0
shrinkage=0.05


Tree=390
num_leaves=7
num_cat=0
split_feature=49 11 29 25 21 26
split_gain=10.5904 25.5297 23.6782 20.9679 23.2933 20.3975
threshold=0.7247673273086549 0.00093599953106604527 -0.047747097909450524 0.0033974841935560112 0.92499998211860668 -0.026875166222453114
decision_type=2 2 2 2 2 2
left_child=3 -2 -3 5 -5 -1
right_child=1 2 -4 4 -6 -7
leaf_value=-2.2554359971910483e-05 0.00024630302572855147 -0.0004986102535031175 2.4770968299621953e-05 -6.6233328662951158e-05 0.00014743368199264764 2.9517009872995866e-05
leaf_weight=5375 336 156 3998 3664 381 6303
leaf_count=5375 336 156 3998 3664 381 6303
internal_value=-0.00023123 0.00201891 0.000931714 -0.00073277 -0.00383333 0.000340238
internal_weight=20213 4490 4154 15723 4045 11678
internal_count=20213 4490 4154 15723 4045 11678
is_linear=0
shrinkage=0.05


Tree=391
num_leaves=7
num_cat=0
split_feature=33 13 48 52 47 43
split_gain=12.3457 19.684 23.7616 33.8274 23.9468 21.5611
threshold=-0.078671213239431367 0.0070867238100618133 -0.66503870487213124 0.18486179411411288 0.61010545492172252 0.10545796900987627
decision_type=2 2 2 8 2 2
left_child=-1 5 3 -3 -4 -2
right_child=1 2 4 -5 -6 -7
leaf_value=2.0573166407386342e-05 -2.051826956457957e-05 -0.00034782798814356745 -0.00045560876135754773 0.00011412689446070476 3.4746464601789016e-05 -0.00015277802126510535
leaf_weight=8044 4820 450 88 186 5657 971
leaf_count=8044 4823 450 88 186 5657 972
internal_value=-0.00015207 -0.00117229 0.0007399 -0.00838534 0.00176087 -0.00328244
internal_weight=20216 12172 6381 636 5745 5791
internal_count=20216 12176 6381 636 5745 5795
is_linear=0
shrinkage=0.05


Tree=392
num_leaves=7
num_cat=0
split_feature=51 39 50 20 55 1
split_gain=11.6937 27.9198 32.8316 36.8371 54.4703 50.7484
threshold=-0.038356900215148919 -0.039946628734469407 0.66898265480995189 0.72499999403953563 78442.972656250015 0.021837783046066764
decision_type=8 2 2 2 8 2
left_child=1 -1 3 5 -5 -3
right_child=-2 2 -4 4 -6 -7
leaf_value=-0.00021776586401626985 8.9038058745784381e-06 4.3749518463079832e-05 0.0001913823768782864 1.9923399037456194e-05 -0.00041758459577962825 -0.00015525617733545832
leaf_weight=567 14745 2809 562 290 273 1061
leaf_count=567 14745 2809 562 290 273 1061
internal_value=-0.000190774 -0.0019894 -0.000785 -0.00223637 -0.0141285 -0.000483871
internal_weight=20307 5562 4995 4433 563 3870
internal_count=20307 5562 4995 4433 563 3870
is_linear=0
shrinkage=0.05


Tree=393
num_leaves=7
num_cat=0
split_feature=41 17 42 46 35 35
split_gain=11.0465 19.4104 17.1889 25.0328 12.6819 17.1503
threshold=0.038348693400621421 0.32500000298023229 0.045820105820894248 1.0689930319786074 -0.10527598112821578 0.14386235922575
decision_type=2 2 2 2 2 2
left_child=1 -1 3 -2 -3 -6
right_child=2 4 -4 -5 5 -7
leaf_value=-0.00017877220117738522 0.00045843625520992725 0.00023991154329232464 -5.2201645388829606e-07 -0.00015699071484582736 -0.00012844527740393176 0.00012324136048488395
leaf_weight=93 93 66 19803 50 97 71
leaf_count=93 93 66 19803 50 97 71
internal_value=-0.000176299 -0.00911145 8.39557e-05 0.0170608 -0.00115063 -0.00852601
internal_weight=20273 327 19946 143 234 168
internal_count=20273 327 19946 143 234 168
is_linear=0
shrinkage=0.05


Tree=394
num_leaves=7
num_cat=0
split_feature=17 40 3 18 50 31
split_gain=12.2123 32.1029 19.3314 20.0936 17.4855 17.5474
threshold=0.97499999403953563 0.051153255626559264 0.009348587132990362 0.97499999403953563 1.6579693555831911 62.495477676391609
decision_type=2 2 2 2 2 2
left_child=-1 -2 3 -3 -4 -6
right_child=1 2 4 -5 5 -7
leaf_value=-2.4625236549193769e-06 0.00032403021976171284 1.8307164981951216e-05 0.00038381629764120925 -0.00048061403257407563 -0.00040731955809037248 0.00025334680674840305
leaf_weight=19357 128 317 201 123 86 135
leaf_count=19357 128 317 201 123 86 135
internal_value=-6.75609e-05 0.00550251 0.00193195 -0.00533708 0.00954333 -0.000110619
internal_weight=20347 990 862 440 422 221
internal_count=20347 990 862 440 422 221
is_linear=0
shrinkage=0.05


Tree=395
num_leaves=7
num_cat=0
split_feature=21 22 42 10 26 30
split_gain=10.2502 36.3981 30.0054 41.8956 25.5675 25.4523
threshold=0.37500000000000006 0.62500000000000011 0.107226200401783 0.033176776021718986 -0.070627041161060319 40.098487854003913
decision_type=2 2 2 2 2 2
left_child=1 2 4 -4 5 -1
right_child=-2 -3 3 -5 -6 -7
leaf_value=2.2088290565191248e-05 -1.0635170810958765e-05 -0.00045254830846320885 0.00040979700489051193 -0.00038903135491527422 2.0067803446999926e-05 -0.00035123863968926925
leaf_weight=102 13191 153 251 71 6370 129
leaf_count=102 13191 153 251 71 6370 129
internal_value=-0.000205949 0.0014087 0.00195222 0.0167431 0.0012148 -0.0149364
internal_weight=20267 7076 6923 322 6601 231
internal_count=20267 7076 6923 322 6601 231
is_linear=0
shrinkage=0.05


Tree=396
num_leaves=7
num_cat=0
split_feature=6 34 54 47 14 43
split_gain=9.37139 20.8035 12.8975 14.4291 9.77987 16.9611
threshold=0.99996218085289013 0.28234864771366125 0.0030053093796595935 1.0827509164810183 0.97499999403953563 0.13553878664970401
decision_type=2 2 8 2 2 2
left_child=4 -2 -3 -4 -1 -6
right_child=1 2 3 -5 5 -7
leaf_value=3.6888532457525232e-06 0.00022389588490638493 -0.00033739927409613489 -3.137520635951995e-05 -0.00035326204573266377 4.6660666288005607e-05 0.00056045767833102058
leaf_weight=18650 74 68 473 64 774 66
leaf_count=18650 74 68 473 64 774 66
internal_value=-7.31139e-05 -0.00544591 -0.00856557 -0.00576568 0.00050654 0.00576923
internal_weight=20169 679 605 537 19490 840
internal_count=20169 679 605 537 19490 840
is_linear=0
shrinkage=0.05


Tree=397
num_leaves=7
num_cat=0
split_feature=25 55 52 49 3 41
split_gain=10.9912 22.2716 13.08 11.9193 22.1167 21.0284
threshold=0.056967813521623618 8.5731101036071795 -7.5538213422987597e-05 1.5372539758682253 0.0071549005806446084 0.13157141953706744
decision_type=2 8 8 2 2 2
left_child=3 -2 -3 -1 -5 -6
right_child=1 2 -4 4 5 -7
leaf_value=-1.2175670654857724e-06 0.00021607195129178913 0.00025917210040709708 -0.00027791966100409597 -4.8625298925455192e-05 0.00024183288051971995 -0.00031646178654068678
leaf_weight=19015 63 55 206 348 614 64
leaf_count=19015 63 55 206 348 614 64
internal_value=-0.00013623 -0.00904255 -0.0155075 0.000170857 0.00540737 0.0106515
internal_weight=20365 324 261 20041 1026 678
internal_count=20365 324 261 20041 1026 678
is_linear=0
shrinkage=0.05


Tree=398
num_leaves=7
num_cat=0
split_feature=12 42 41 49 42 10
split_gain=10.2186 26.3507 35.9497 42.0938 26.7125 29.5237
threshold=-0.038237622007727616 0.099563151597976698 0.062928810715675368 -0.53436806797981251 0.11115467175841333 -0.071885280311107622
decision_type=2 2 2 2 2 2
left_child=1 2 3 -1 5 -3
right_child=-2 4 -4 -5 -6 -7
leaf_value=5.2494184510282381e-05 -3.9462692028635006e-06 -0.00087883690682401478 0.0001865100482168928 -0.00097243701522117885 3.369162122824996e-05 -3.6595654563882037e-05
leaf_weight=105 16671 139 1297 69 1779 254
leaf_count=105 16671 139 1297 69 1779 254
internal_value=-0.000116886 0.00258361 0.00774051 -0.0132682 -0.000907212 -0.0126256
internal_weight=20314 3643 1471 174 2172 393
internal_count=20314 3643 1471 174 2172 393
is_linear=0
shrinkage=0.05


Tree=399
num_leaves=7
num_cat=0
split_feature=54 36 18 3 47 41
split_gain=11.7759 37.6008 24.2922 22.6824 20.0764 21.2497
threshold=-0.092819441109895692 0.54105094075202953 0.12500000372529033 0.0074637946672737607 0.83179661631584179 0.090322684496641173
decision_type=8 2 2 2 2 2
left_child=1 4 3 -3 5 -1
right_child=-2 2 -4 -5 -6 -7
leaf_value=0.00023516645607801298 5.2061790059948404e-06 -0.00060846996629864596 0.00029540981790404869 0.00021810255391283354 -0.00017162937433859451 -9.7539145808217282e-05
leaf_weight=170 17801 69 480 66 1507 192
leaf_count=170 17801 69 480 66 1507 192
internal_value=-0.000151552 -0.0032041 0.00745968 -0.0108929 -0.00673693 0.00374659
internal_weight=20285 2484 615 135 1869 362
internal_count=20285 2484 615 135 1869 362
is_linear=0
shrinkage=0.05


Tree=400
num_leaves=7
num_cat=0
split_feature=12 27 51 0 41 23
split_gain=13.7497 20.5067 26.4729 21.0611 14.6173 10.8267
threshold=-0.092504121363162981 -0.033497607335448258 -5.1027936935424796 0.014349413570016624 0.1444395110011101 -0.028541575185954567
decision_type=2 2 8 2 2 2
left_child=1 2 5 -4 -3 -1
right_child=-2 4 3 -5 -6 -7
leaf_value=8.8765026846686015e-05 -2.0300281872153445e-06 0.00046868716907010792 -4.249535439509551e-05 0.00048763105435797909 -0.0005937562516860602 -0.00073918308407249248
leaf_weight=94 19698 64 92 282 70 51
leaf_count=94 19698 64 92 282 70 51
internal_value=-0.000185449 0.00718085 0.0116889 0.0186675 -0.00989209 -0.00616667
internal_weight=20351 653 519 374 134 145
internal_count=20351 653 519 374 134 145
is_linear=0
shrinkage=0.05


Tree=401
num_leaves=7
num_cat=0
split_feature=10 53 44 43 41 53
split_gain=13.5403 24.5656 26.3249 17.2664 16.5075 18.7593
threshold=0.095848355442285552 -0.072933789342641817 0.10833966359496118 0.076982781291008009 0.1444395110011101 -0.16137483716011045
decision_type=2 10 2 2 2 10
left_child=-1 3 -3 -2 5 -5
right_child=1 2 -4 4 -6 -7
leaf_value=-3.7471253090903779e-06 0.00023729903444387782 -0.00036765565310387278 0.00019359468715208112 -5.4702508330119702e-05 0.00035137019110092658 0.00035084378958125383
leaf_weight=19247 204 135 95 347 80 120
leaf_count=19247 204 135 95 347 80 120
internal_value=-0.000151979 0.00570487 -0.00840426 0.010086 0.00529891 0.00153602
internal_weight=20228 981 230 751 547 467
internal_count=20228 981 230 751 547 467
is_linear=0
shrinkage=0.05


Tree=402
num_leaves=7
num_cat=0
split_feature=36 1 42 36 36 24
split_gain=11.9494 45.3734 32.332 31.4621 24.4394 29.2525
threshold=-0.80140164494514454 0.021837783046066764 0.085387513041496291 -0.89950251579284657 -0.75645545125007618 -0.024719318374991413
decision_type=2 2 2 2 2 2
left_child=1 3 -3 -1 5 -2
right_child=4 2 -4 -5 -6 -7
leaf_value=-1.1434005535951916e-05 0.00015685444023694624 -0.00020773428526602396 8.0223239630778959e-05 0.00028887900801427818 -2.6626856395828142e-06 -0.00028395735955121692
leaf_weight=583 180 387 424 926 17321 475
leaf_count=583 180 387 424 926 17321 475
internal_value=-0.000185951 0.00321505 -0.00628064 0.00833884 -0.000593682 -0.0100379
internal_weight=20296 2320 811 1509 17976 655
internal_count=20296 2320 811 1509 17976 655
is_linear=0
shrinkage=0.05


Tree=403
num_leaves=7
num_cat=0
split_feature=44 22 51 38 22 28
split_gain=9.60669 24.3813 20.6841 19.5172 15.7154 12.4431
threshold=0.15963118523359301 0.92499998211860668 4.6784667968750009 -0.0022612100001424547 0.97499999403953563 0.0033508525229990487
decision_type=2 2 8 2 2 2
left_child=-1 2 -2 5 -5 -3
right_child=1 3 -4 4 -6 -7
leaf_value=-7.2436726115303676e-07 0.00045876010834612347 0.00024955407138905328 -9.210057909327888e-05 3.6960815235856305e-05 -0.0006393268327251208 -0.00010019461123152787
leaf_weight=19634 214 136 66 75 101 73
leaf_count=19634 214 136 66 75 101 73
internal_value=-0.000166223 0.00600746 0.0171053 -0.00211538 -0.0142265 0.00806075
internal_weight=20299 665 280 385 176 209
internal_count=20299 665 280 385 176 209
is_linear=0
shrinkage=0.05


Tree=404
num_leaves=7
num_cat=0
split_feature=44 21 39 18 46 38
split_gain=11.6931 15.2365 17.2701 13.6359 13.6406 16.0272
threshold=0.15963118523359301 0.87500000000000011 -0.0033038748661056157 0.27500000596046453 1.1479574441909792 -0.00056551082525402297
decision_type=2 2 2 2 2 2
left_child=-1 2 -2 -3 5 -5
right_child=1 3 -4 4 -6 -7
leaf_value=-9.7259011527612792e-07 -6.2432350288421087e-05 -0.00068658144364989408 0.00042117564310626874 0.00011532545004610974 0.00030289391074479565 -0.00024000609663582499
leaf_weight=19710 51 70 174 184 76 93
leaf_count=19710 51 70 174 184 76 93
internal_value=-0.000185385 0.00669985 0.0170652 0.000992991 0.00509777 -8.86525e-05
internal_weight=20358 648 225 423 353 277
internal_count=20358 648 225 423 353 277
is_linear=0
shrinkage=0.05


Tree=405
num_leaves=7
num_cat=0
split_feature=32 21 42 54 3 7
split_gain=11.7579 22.4932 28.7459 28.0445 44.2822 29.0524
threshold=-0.65007853507995594 0.47499999403953558 0.076367203146219267 0.028436249122023586 0.0069390304852277049 0.33725899457931524
decision_type=2 2 2 8 2 2
left_child=-1 -2 3 5 -5 -3
right_child=1 2 -4 4 -6 -7
leaf_value=5.6128539172367644e-05 1.966013027290374e-05 -0.00020565977669868181 -1.4624784991467603e-05 -8.0220956825973258e-05 -0.00038966170574998582 0.0003108858503711022
leaf_weight=2361 8330 111 8529 546 256 126
leaf_count=2361 8330 111 8529 546 256 126
internal_value=-0.000240574 -0.000400771 -0.00205526 -0.00988985 -0.0143432 0.00506198
internal_weight=20259 17898 9568 1039 802 237
internal_count=20259 17899 9568 1039 802 237
is_linear=0
shrinkage=0.05


Tree=406
num_leaves=7
num_cat=0
split_feature=32 47 51 52 31 35
split_gain=12.383 20.7935 31.8459 27.7743 24.5496 28.3746
threshold=-0.65007853507995594 0.9545811414718629 -0.040501473471522324 8.6531454144278555e-05 40.35387039184571 0.029902152717113498
decision_type=2 2 8 10 2 2
left_child=1 3 4 -1 -3 -6
right_child=-2 2 -4 -5 5 -7
leaf_value=3.822836453944186e-06 -4.7875111991829184e-06 0.00019585103825369137 0.00024468201949369618 -0.00045993266339396186 2.6872075354545875e-05 -0.00048364006159021033
leaf_weight=774 17920 292 731 101 289 170
leaf_count=773 17920 292 731 101 289 170
internal_value=-0.000171334 0.00343988 0.00704438 -0.00264205 -0.000165344 -0.00738147
internal_weight=20277 2357 1482 875 751 459
internal_count=20277 2356 1482 874 751 459
is_linear=0
shrinkage=0.05


Tree=407
num_leaves=7
num_cat=0
split_feature=49 37 41 37 30 48
split_gain=9.3461 26.9044 21.6934 16.3738 16.0483 15.216
threshold=1.5372539758682253 0.00080707130837254237 0.13157141953706744 0.0070158105809241542 73.645603179931655 2.3708715438842778
decision_type=2 2 2 2 2 2
left_child=5 2 4 -3 -2 -1
right_child=1 3 -4 -5 -6 -7
leaf_value=-1.7078488841557743e-06 -8.3420401027633828e-05 0.00024208894359815711 -0.00028458663961000496 -0.00040695881715570645 0.00012761315417100292 -0.0001111205568841559
leaf_weight=18524 323 434 103 60 376 392
leaf_count=18524 323 434 103 60 376 392
internal_value=-0.000122422 0.00405457 -0.00157993 0.0131764 0.00159801 -0.000326357
internal_weight=20212 1296 802 494 699 18916
internal_count=20212 1296 802 494 699 18916
is_linear=0
shrinkage=0.05


Tree=408
num_leaves=7
num_cat=0
split_feature=12 8 15 55 36 36
split_gain=9.28582 24.2987 19.7999 19.8134 23.8265 19.8072
threshold=0.052963843569159515 0.58604514598846447 0.72499999403953563 78442.972656250015 -0.63357672095298756 0.5808720886707307
decision_type=2 2 2 10 2 2
left_child=-1 -2 -3 5 -5 -4
right_child=1 2 3 4 -6 -7
leaf_value=3.5791825102679401e-06 -0.00041758046568148407 -0.00023784970396743241 7.4896759579387313e-05 7.464531369148395e-05 -0.00047330649743419046 -0.00013135626077839072
leaf_weight=18964 85 144 748 80 157 106
leaf_count=18964 85 144 748 80 157 106
internal_value=-0.000136774 -0.0040566 -0.00219758 0.000114051 -0.0125 0.00369616
internal_weight=20284 1320 1235 1091 237 854
internal_count=20284 1320 1235 1091 237 854
is_linear=0
shrinkage=0.05


Tree=409
num_leaves=7
num_cat=0
split_feature=12 48 46 51 49 40
split_gain=13.9879 29.5254 19.3487 12.5449 11.5699 15.1316
threshold=0.075403723865747466 1.1769379377365115 1.0467624068260195 -0.10566851869225501 1.5372539758682253 0.1385222524404526
decision_type=2 2 2 10 2 2
left_child=4 2 -2 -3 -1 -6
right_child=1 3 -4 -5 5 -7
leaf_value=-2.2079450713397748e-06 0.0005425635076611923 -0.00056493839937116935 -0.0001310598746903364 -9.9856698555830274e-05 8.8734745864492003e-05 -0.00019840951540993687
leaf_weight=18641 66 82 53 121 1107 126
leaf_count=18641 66 82 53 121 1107 126
internal_value=-0.000117568 -0.0103211 0.00907258 -0.0217548 0.000104382 0.00478595
internal_weight=20196 322 119 203 19874 1233
internal_count=20196 322 119 203 19874 1233
is_linear=0
shrinkage=0.05


Tree=410
num_leaves=7
num_cat=0
split_feature=21 36 44 35 1 51
split_gain=10.2757 27.4723 40.0568 34.8207 25.5013 29.6104
threshold=0.47499999403953558 -0.80140164494514454 0.072002321481704726 -0.74454957246780384 -0.019868865609169003 -2.6690368652343746
decision_type=2 2 2 2 2 8
left_child=1 2 3 -1 5 -2
right_child=4 -3 -4 -5 -6 -7
leaf_value=-0.00024647929258892452 0.00040477678888733889 5.7617569812341997e-06 0.00035828974865558124 0.00047546697687886558 6.6583352780357716e-06 -9.4930487176896332e-05
leaf_weight=160 152 8499 433 54 8078 2978
leaf_count=160 152 8499 433 54 8078 2978
internal_value=-0.000244364 0.00134138 0.0112347 -0.00627854 -0.000916347 -0.00474482
internal_weight=20354 9146 647 214 11208 3130
internal_count=20354 9146 647 214 11208 3130
is_linear=0
shrinkage=0.05


Tree=411
num_leaves=7
num_cat=0
split_feature=44 35 44 5 22 12
split_gain=8.50564 34.8137 30.6945 37.9854 27.1255 26.7297
threshold=0.071281664073467269 -0.79136100411415089 0.072911359369754805 0.091643489897251143 0.57500001788139354 -0.024224475026130673
decision_type=2 2 2 2 2 2
left_child=1 -1 3 -2 5 -3
right_child=2 4 -4 -5 -6 -7
leaf_value=-0.00065329950587742337 -2.9744516486084236e-05 0.00014510942074764257 5.394256201359102e-07 -0.00056953394893285633 0.00056009121533237896 8.4828398695451343e-06
leaf_weight=97 434 475 15376 210 63 3566
leaf_count=97 434 475 15376 210 63 3566
internal_value=-0.000196529 0.00212197 -0.000404056 -0.0110555 0.00284132 0.00230475
internal_weight=20221 4201 16020 644 4104 4041
internal_count=20221 4201 16020 644 4104 4041
is_linear=0
shrinkage=0.05


Tree=412
num_leaves=7
num_cat=0
split_feature=12 9 55 47 51 35
split_gain=11.051 19.94 16.7825 16.5329 13.725 67.0157
threshold=0.052963843569159515 -0.031475726515054696 78442.972656250015 0.85183560848236095 1.1507271528244021 -0.25075668096542353
decision_type=2 2 10 2 10 2
left_child=4 -2 -3 -4 -1 -6
right_child=1 2 3 -5 5 -7
leaf_value=1.18512699685073e-06 -0.00058092247779745795 1.6968771889745282e-06 -0.00073313517660395064 -7.4113667024294306e-05 -0.00053163014584867846 0.00022434344793934794
leaf_weight=18088 56 972 63 187 204 591
leaf_count=18088 56 972 63 187 204 591
internal_value=-0.000197114 -0.00442323 -0.00299511 -0.0144118 0.000371929 0.00678125
internal_weight=20161 1278 1222 250 18883 795
internal_count=20161 1278 1222 250 18883 795
is_linear=0
shrinkage=0.05


Tree=413
num_leaves=7
num_cat=0
split_feature=21 35 41 32 20 29
split_gain=11.2441 37.8844 37.4869 45.0494 38.6314 31.9982
threshold=0.82500001788139354 -0.25075668096542353 0.15645558387041095 0.046429356560111053 0.27500000596046453 -0.062107624486088746
decision_type=2 2 2 2 2 2
left_child=-1 5 3 -3 -5 -2
right_child=1 2 -4 4 -6 -7
leaf_value=-1.1063861311970658e-05 0.00029278848019735556 0.00047842308181221581 -0.00083259379330759178 -0.00057732095093080782 9.1722440824518463e-05 -7.3178980969015745e-05
leaf_weight=16221 353 752 85 109 701 2115
leaf_count=16221 353 752 85 109 701 2115
internal_value=-0.000170837 0.00189927 0.00776332 0.00955648 0.00131902 -0.00201173
internal_weight=20336 4115 1647 1562 810 2468
internal_count=20336 4115 1647 1562 810 2468
is_linear=0
shrinkage=0.05


Tree=414
num_leaves=7
num_cat=0
split_feature=52 44 12 43 35 24
split_gain=10.4038 21.1397 29.9762 23.9761 20.5106 26.9431
threshold=0.036135794594883926 0.10833966359496118 0.023204497992992405 0.080636166036129012 -0.40415181219577784 0.053675798699259765
decision_type=10 2 2 2 2 2
left_child=-1 2 3 -2 -3 -6
right_child=1 4 -4 -5 5 -7
leaf_value=-5.881987020491222e-06 0.00016582134275200681 -0.00021650481229179113 -0.00073615768120398361 -0.00010729990756791513 0.00040213192797486521 -3.1673169003085086e-05
leaf_weight=18885 285 92 106 332 403 184
leaf_count=18885 285 92 106 332 403 184
internal_value=-0.000176178 0.00396233 -0.00195742 0.002291 0.0102705 0.0137247
internal_weight=20287 1402 723 617 679 587
internal_count=20287 1402 723 617 679 587
is_linear=0
shrinkage=0.05


Tree=415
num_leaves=7
num_cat=0
split_feature=52 52 48 53 35 48
split_gain=10.3837 29.2846 67.2631 38.8871 52.7807 23.2629
threshold=8.6531454144278555e-05 5.5771864936104982e-05 1.8525992035865786 0.059507699683308608 0.79957020282745372 -0.56418555974960316
decision_type=8 8 2 10 2 2
left_child=1 5 3 -3 -5 -1
right_child=-2 2 -4 4 -6 -7
leaf_value=-4.5535907300499641e-05 -1.1040055625489111e-05 0.00041648008389268403 -0.00056769575832253899 -0.00071051562322233842 0.0002169357295986588 5.0275372218487629e-05
leaf_weight=2770 12715 470 83 60 191 4017
leaf_count=2770 12715 470 83 60 191 4017
internal_value=-0.000230171 0.00135927 0.0103523 0.0153237 -0.000488281 0.000283422
internal_weight=20306 7591 804 721 251 6787
internal_count=20306 7591 804 721 251 6787
is_linear=0
shrinkage=0.05


Tree=416
num_leaves=7
num_cat=0
split_feature=26 42 46 42 45 10
split_gain=10.5317 37.2805 35.3398 52.0219 46.1812 45.1297
threshold=-0.0093770264647901041 0.045820105820894248 0.84857669472694408 0.12830746173858645 0.097521688789129271 -0.13591308146715161
decision_type=2 2 2 2 2 2
left_child=2 -2 5 -4 -5 -1
right_child=1 -3 3 4 -6 -7
leaf_value=-0.00017170398255572403 0.00087844313676119971 9.6001556302815531e-06 -6.6137996696497424e-05 0.0011667372512587993 8.0899023943144246e-05 0.00010995862033743323
leaf_weight=365 65 10058 6807 77 1184 1701
leaf_count=365 65 10058 6807 77 1184 1701
internal_value=-0.000141891 0.00112806 -0.00115149 -0.00264771 0.00665482 0.00467166
internal_weight=20257 10123 10134 8068 1261 2066
internal_count=20257 10123 10134 8068 1261 2066
is_linear=0
shrinkage=0.05


Tree=417
num_leaves=7
num_cat=0
split_feature=0 40 45 12 19 41
split_gain=10.7686 22.0434 43.6367 36.5363 32.0297 30.2867
threshold=-0.0069870317820459596 0.05261592939496041 0.060344476252794273 0.011289284564554693 0.12500000372529033 0.066449362784624114
decision_type=2 2 2 2 2 2
left_child=1 2 4 -4 -1 -3
right_child=-2 5 3 -5 -6 -7
leaf_value=0.00054694185734917636 1.1607428896979561e-05 -0.00015871476358009687 0.00049898100953742446 4.8018640448765527e-05 -4.9666126276544466e-05 -1.7007757181046817e-05
leaf_weight=69 12537 881 190 209 642 5708
leaf_count=69 12537 881 190 209 642 5708
internal_value=-0.000176622 -0.00149598 0.005 0.0181312 -0.00240922 -0.00259706
internal_weight=20236 7699 1110 399 711 6589
internal_count=20236 7699 1110 399 711 6589
is_linear=0
shrinkage=0.05


Tree=418
num_leaves=7
num_cat=0
split_feature=6 55 39 52 55 47
split_gain=9.89147 23.8661 21.1519 28.279 21.8233 40.9063
threshold=0.079320263117551817 8.1900837421417254 -0.034461123868823045 8.6531454144278555e-05 82564.988281250015 0.94331938028335582
decision_type=2 8 2 8 8 2
left_child=1 -1 -3 4 5 -4
right_child=-2 2 3 -5 -6 -7
leaf_value=-0.00023543284279211338 -3.6563017445156957e-06 0.00025357763979424937 -0.00036798336542076098 -1.8668553589843828e-05 0.00028876384448978701 0.00020976006052737936
leaf_weight=250 17962 243 137 1158 368 230
leaf_count=250 17962 243 137 1158 368 230
internal_value=-0.000195303 0.00316813 0.00489257 0.00306902 0.0107095 0.00194892
internal_weight=20348 2386 2136 1893 735 367
internal_count=20348 2386 2136 1893 735 367
is_linear=0
shrinkage=0.05


Tree=419
num_leaves=7
num_cat=0
split_feature=41 55 36 46 36 41
split_gain=11.4746 15.5602 15.4066 23.2167 14.3931 52.0405
threshold=0.038348693400621421 99611.785156250015 -0.12552291899919507 0.9117129147052766 -1.0000000180025095e-35 0.10207663103938104
decision_type=2 10 2 2 2 2
left_child=1 2 3 -1 -2 -6
right_child=4 -3 -4 -5 5 -7
leaf_value=8.3236824184567898e-05 1.9761251286764139e-05 0.0001061048113892315 0.00015458218571700157 -0.0001868300598834583 6.2525916627971788e-06 -0.00014141766079394584
leaf_weight=55 10996 53 51 160 7236 1698
leaf_count=55 10996 53 51 160 7236 1698
internal_value=-0.000102449 -0.00933642 -0.0142989 -0.0201136 0.000149235 -0.00133964
internal_weight=20249 319 266 215 19930 8934
internal_count=20249 319 266 215 19930 8934
is_linear=0
shrinkage=0.05


Tree=420
num_leaves=7
num_cat=0
split_feature=10 38 35 36 32 12
split_gain=12.0142 25.6116 19.7776 20.6683 15.1175 14.0815
threshold=0.095848355442285552 -0.023614451289176937 -0.79136100411415089 0.65851846337318432 0.96261096000671398 0.075403723865747466
decision_type=2 2 2 2 2 2
left_child=5 -2 -3 4 -4 -1
right_child=1 2 3 -5 -6 -7
leaf_value=2.0169285685619696e-07 -0.00026269439948612002 -0.00037098979970347847 0.00024669537956621966 -0.00038421918393931993 -5.3103472280904146e-05 -0.00020220585366895714
leaf_weight=19205 104 81 620 51 98 189
leaf_count=19205 104 81 620 51 98 189
internal_value=-0.000200216 0.0056048 0.00850877 0.0110142 0.0132434 -0.000127584
internal_weight=20348 954 850 769 718 19394
internal_count=20348 954 850 769 718 19394
is_linear=0
shrinkage=0.05


Tree=421
num_leaves=7
num_cat=0
split_feature=26 39 37 46 3 55
split_gain=9.01247 33.4884 46.2649 38.1031 32.3209 32.2011
threshold=-0.0022884324425831433 0.017648831009864811 -0.0008240876777563243 0.84857669472694408 0.014040563255548479 8.5731101036071795
decision_type=2 2 2 2 2 10
left_child=1 3 -3 -1 -2 -4
right_child=4 2 5 -5 -6 -7
leaf_value=5.6238074990583573e-05 2.07569899750233e-05 -7.1668198958506346e-05 0.00027761811227986123 -6.1346145304043339e-05 -0.00042136376092378921 9.702682241091027e-06
leaf_weight=1643 8934 968 954 6638 146 843
leaf_count=1643 8934 968 954 6638 146 843
internal_value=-0.000212359 -0.000884535 0.00387184 -0.00247707 0.00124106 0.00861543
internal_weight=20126 11046 2765 8281 9080 1797
internal_count=20126 11046 2765 8281 9080 1797
is_linear=0
shrinkage=0.05


Tree=422
num_leaves=7
num_cat=0
split_feature=52 39 10 32 52 39
split_gain=10.3793 19.3731 15.9413 16.682 15.7043 52.5786
threshold=-0.1788857355713844 -0.013078778050839899 0.04882213473320008 -0.49179549515247339 -0.00020020041120005769 -0.048934021964669221
decision_type=8 2 2 2 8 2
left_child=1 2 3 -1 5 -2
right_child=4 -3 -4 -5 -6 -7
leaf_value=-9.3061584039271503e-05 -0.00050810988320359519 7.1779021439299238e-06 0.00011633735311119631 -0.00065811210205922064 -1.7930500242821545e-06 8.6172361457888822e-05
leaf_weight=105 165 523 60 144 16612 2704
leaf_count=105 165 523 60 144 16612 2704
internal_value=-0.000146422 -0.005227 -0.0150478 -0.0205709 0.000458021 0.00387091
internal_weight=20313 832 309 249 19481 2869
internal_count=20313 832 309 249 19481 2869
is_linear=0
shrinkage=0.05


Tree=423
num_leaves=7
num_cat=0
split_feature=45 22 36 42 36 36
split_gain=9.57449 32.5368 30.0372 21.8492 21.2002 45.8043
threshold=0.06355955079197885 0.52500000596046459 -0.52554616332054127 0.062029838562011726 -0.40230141580104822 -0.21942182630300519
decision_type=2 2 2 2 2 2
left_child=1 4 -3 -2 -1 -6
right_child=3 2 -4 -5 5 -7
leaf_value=5.6261438508081269e-05 0.00011788056594459853 -0.00083230913285563919 8.9449349834278168e-05 3.0188346260143392e-06 -0.00023681205582404779 -8.0122516885063796e-06
leaf_weight=741 189 91 50 16576 296 2443
leaf_count=741 189 91 50 16576 296 2443
internal_value=-0.000136089 -0.00237865 -0.0255137 0.000454681 -0.00139885 -0.00343477
internal_weight=20386 3621 141 16765 3480 2739
internal_count=20386 3621 141 16765 3480 2739
is_linear=0
shrinkage=0.05


Tree=424
num_leaves=7
num_cat=0
split_feature=12 54 53 10 24 17
split_gain=11.2364 18.3136 20.3209 17.5504 22.0204 35.6564
threshold=0.052963843569159515 0.10439876466989519 -0.46167522668838495 0.066701479256153121 0.01169794984161854 0.22500000149011615
decision_type=2 8 10 2 2 2
left_child=3 2 -2 -1 -5 -6
right_child=1 -3 -4 4 5 -7
leaf_value=-3.0197300450451449e-06 2.7639817200596795e-05 5.0254589831501793e-06 -0.00030107265462291907 0.00024835480415762395 -0.00046537057051295567 7.3963139597911515e-05
leaf_weight=17402 173 770 368 610 83 877
leaf_count=17402 173 770 368 610 83 877
internal_value=-0.000186071 -0.00457827 -0.0115842 0.000198925 0.00525397 0.000492228
internal_weight=20283 1311 541 18972 1570 960
internal_count=20283 1311 541 18972 1570 960
is_linear=0
shrinkage=0.05


Tree=425
num_leaves=7
num_cat=0
split_feature=57 48 12 40 51 49
split_gain=8.11247 15.9133 9.35972 24.9527 18.223 21.1832
threshold=0.00042137404670938855 -0.354135051369667 -0.092504121363162981 0.096526898443698897 0.12749962508678439 -0.82879996299743641
decision_type=10 2 2 2 8 2
left_child=2 -2 3 -1 5 -5
right_child=1 -3 -4 4 -6 -7
leaf_value=-0.0004695290553780633 -0.00031545412052871657 4.7209259054729723e-05 -3.7312094796799169e-06 -6.3305390704270333e-05 0.00075579180469096926 0.00029807586060946354
leaf_weight=95 98 102 19568 203 92 262
leaf_count=95 98 102 19568 203 92 262
internal_value=-0.000219094 -0.010122 -0.000122373 0.00574581 0.00983096 0.00558511
internal_weight=20420 200 20220 652 557 465
internal_count=20420 200 20220 652 557 465
is_linear=0
shrinkage=0.05


Tree=426
num_leaves=7
num_cat=0
split_feature=12 42 22 10 3 21
split_gain=10.5279 28.8154 34.2196 28.8567 37.7324 18.2387
threshold=-0.038237622007727616 0.09434016048908235 0.27500000596046453 -0.047427821904420846 0.0090149403549730795 0.67499998211860668
decision_type=2 2 2 2 2 2
left_child=1 2 -1 4 5 -4
right_child=-2 -3 3 -5 -6 -7
leaf_value=-0.00016992923270952481 -6.7691623074446695e-06 -1.40207364814834e-05 0.00011022676393185756 0.00030301286401196724 0.00058981991976764963 -0.00022556318598017952
leaf_weight=169 16737 2345 199 549 81 278
leaf_count=169 16737 2345 199 549 81 278
internal_value=-0.000180474 0.00237865 0.0084114 0.0116232 0.00350799 -0.00191909
internal_weight=20358 3621 1276 1107 558 477
internal_count=20358 3621 1276 1107 558 477
is_linear=0
shrinkage=0.05


Tree=427
num_leaves=7
num_cat=0
split_feature=6 18 12 53 36 33
split_gain=14.5478 22.6448 22.5061 28.4088 28.2273 32.4888
threshold=0.83077740669250499 0.67499998211860668 0.018012714572250847 -0.021822071634232994 -0.49118171632289881 0.24800156801939013
decision_type=2 2 2 8 2 2
left_child=-1 -2 3 -3 5 -4
right_child=1 2 4 -5 -6 -7
leaf_value=7.2161541683382044e-06 -0.00015610320052633503 -0.00027120428004060018 -3.6916677594934071e-05 0.0002491599033942401 -8.2913153756675534e-05 0.00028768870862439433
leaf_weight=16819 802 112 357 332 1512 329
leaf_count=16819 802 112 357 332 1512 329
internal_value=-0.00018132 -0.00292114 -0.00067057 0.00952116 -0.0027576 0.00560781
internal_weight=20263 3444 2642 444 2198 686
internal_count=20263 3444 2642 444 2198 686
is_linear=0
shrinkage=0.05


Tree=428
num_leaves=7
num_cat=0
split_feature=13 53 50 55 10 47
split_gain=12.3047 18.0818 17.0756 26.3068 16.9 34.2329
threshold=0.052949666976928718 0.77372738718986522 1.9692323207855227 66880.968750000015 -0.016280116513371464 0.8190196454524995
decision_type=2 10 2 10 2 2
left_child=2 -2 -1 4 5 -4
right_child=1 -3 3 -5 -6 -7
leaf_value=-2.7020514045744875e-07 -0.00020463798128518215 0.00022657252415514667 0.00062577899995518052 -8.1446157058151077e-05 0.00032303296834077151 -6.5213267651852152e-05
leaf_weight=19233 274 51 96 160 233 276
leaf_count=19233 274 51 96 160 233 276
internal_value=-0.000170946 -0.0094697 0.00026371 0.00756494 0.0123361 0.00550398
internal_weight=20323 325 19998 765 605 372
internal_count=20323 325 19998 765 605 372
is_linear=0
shrinkage=0.05


Tree=429
num_leaves=7
num_cat=0
split_feature=32 1 39 51 41 47
split_gain=11.0212 24.1462 21.8773 26.6524 33.9721 23.4341
threshold=-0.65007853507995594 0.025216949172317985 -0.033021945506334298 0.12749962508678439 0.075912546366453185 1.0395817160606386
decision_type=2 2 2 8 2 2
left_child=1 -1 -3 -4 -5 -6
right_child=-2 2 3 4 5 -7
leaf_value=0.00014052630663966595 -6.469604023403932e-06 0.00038285146384962865 -0.00014381435623087336 -9.1397429816433278e-05 0.0006800291128167173 -2.8576778677696926e-05
leaf_weight=746 17987 139 899 292 180 100
leaf_count=746 17987 139 899 292 180 100
internal_value=-0.000136377 0.00308132 -0.000356037 -0.00218496 0.00619584 0.0185088
internal_weight=20343 2356 1610 1471 572 280
internal_count=20343 2356 1610 1471 572 280
is_linear=0
shrinkage=0.05


Tree=430
num_leaves=7
num_cat=0
split_feature=43 2 44 22 4 26
split_gain=9.99425 35.0332 48.6042 30.0037 27.1581 20.9078
threshold=0.13553878664970401 0.014560468960553409 0.12215647846460344 0.77500000596046459 0.31913445889949804 -0.03405447490513324
decision_type=2 2 2 2 2 2
left_child=-1 2 3 -2 -3 -4
right_child=1 4 5 -5 -6 -7
leaf_value=-3.3135542296738442e-06 -0.00032852634247461225 5.6830501627387018e-05 0.0005982669281377075 0.00029729918181839048 -0.00023755458213275336 4.9958599715844339e-05
leaf_weight=18718 175 683 288 86 288 103
leaf_count=18718 175 683 288 86 288 103
internal_value=-0.000121646 0.00382371 0.0127473 -0.00385338 -0.00217725 0.0238005
internal_weight=20341 1623 652 261 971 391
internal_count=20341 1623 652 261 971 391
is_linear=0
shrinkage=0.05


Tree=431
num_leaves=7
num_cat=0
split_feature=12 55 14 5 9 36
split_gain=9.13286 12.3549 15.7486 13.5455 12.6756 11.496
threshold=0.052963843569159515 78442.972656250015 0.97499999403953563 0.72502434253692638 -0.025387166999280449 -0.63357672095298756
decision_type=2 10 2 2 2 2
left_child=-1 2 4 5 -2 -3
right_child=1 3 -4 -5 -6 -7
leaf_value=3.2613133227593098e-06 -0.00048521839666769987 8.6111567826226471e-05 0.00016120249433153457 -0.00043034166053417276 -1.8315114916954076e-05 -0.00025008578842012968
leaf_weight=18993 88 64 235 57 692 145
leaf_count=18993 88 64 235 57 692 145
internal_value=-0.000141772 -0.00406299 -0.0014951 -0.0135609 -0.00493631 -0.00712617
internal_weight=20274 1281 1015 266 780 209
internal_count=20274 1281 1015 266 780 209
is_linear=0
shrinkage=0.05


Tree=432
num_leaves=7
num_cat=0
split_feature=36 55 47 53 1 44
split_gain=10.7582 33.1761 42.769 45.8296 47.2511 38.9519
threshold=0.54105094075202953 45404.812500000007 0.81240296363830578 0.67026337981224071 0.04939860291779042 0.14650563150644305
decision_type=2 8 2 10 2 2
left_child=-1 5 -3 4 -4 -2
right_child=1 2 3 -5 -6 -7
leaf_value=-4.7886290652156013e-06 0.00021096743370600885 -0.00020497714356830553 0.00010615948581043172 -0.00043357552380560789 -0.00037335731822520329 -0.00044016002261776518
leaf_weight=16762 898 430 1808 101 214 82
leaf_count=16762 898 430 1808 101 214 82
internal_value=-0.00016133 0.00263567 -0.000361611 0.00254934 0.00423039 0.0104315
internal_weight=20295 3533 2553 2123 2022 980
internal_count=20295 3533 2553 2123 2022 980
is_linear=0
shrinkage=0.05


Tree=433
num_leaves=7
num_cat=0
split_feature=23 49 9 33 27 37
split_gain=13.589 36.3255 25.5529 23.9088 15.8113 16.41
threshold=-0.0023859540233388539 0.83888730406761181 -0.09511712938547133 0.077710203826427474 0.035018561407923705 -0.0008240876777563243
decision_type=2 2 2 2 2 2
left_child=1 3 -2 -1 5 -3
right_child=2 4 -4 -5 -6 -7
leaf_value=2.0738325664991899e-05 -0.00032197393793781951 -0.00010128661552559343 -9.8874453799178457e-06 -8.8278356141793273e-05 0.0003725333215446778 0.00033033150733057675
leaf_weight=7615 176 108 11264 855 116 199
leaf_count=7615 176 108 11264 855 116 199
internal_value=-0.000170862 0.00149753 -0.00110747 0.000775811 0.0157126 0.009375
internal_weight=20333 8893 11440 8470 423 307
internal_count=20333 8893 11440 8470 423 307
is_linear=0
shrinkage=0.05


Tree=434
num_leaves=7
num_cat=0
split_feature=0 27 55 38 55 41
split_gain=8.51314 18.0562 18.9724 11.1383 20.35 17.0978
threshold=-0.077818077057600007 0.078220468014478697 264.41437768936163 -0.032474944368004792 70914.507812500015 0.10429081693291666
decision_type=2 2 10 2 8 2
left_child=1 2 -1 4 5 -2
right_child=3 -3 -4 -5 -6 -7
leaf_value=0.00021927681506654702 -0.00051638992779176466 -0.00014068370298069889 -2.2452942493887251e-05 2.7500743918225381e-06 -8.061209112706866e-06 8.0138033472804563e-05
leaf_weight=177 123 75 78 19386 469 55
leaf_count=177 123 75 78 19386 469 55
internal_value=-0.000101875 0.00798507 0.0143269 -5.11528e-05 -0.00648006 -0.0206284
internal_weight=20363 330 255 20033 647 178
internal_count=20363 330 255 20033 647 178
is_linear=0
shrinkage=0.05


Tree=435
num_leaves=7
num_cat=0
split_feature=10 38 42 53 47 0
split_gain=10.5981 26.7619 29.8212 34.3845 49.9466 36.0974
threshold=0.0076781252864748248 0.023683091625571254 0.13212671875953677 -0.1426417529582977 0.9375363588333131 0.024373484775424007
decision_type=2 2 2 10 2 2
left_child=-1 2 3 -2 5 -5
right_child=1 -3 -4 4 -6 -7
leaf_value=-1.3125414527339047e-05 7.9881204023106301e-05 -0.00016699233083058583 -0.00013511198728039536 2.9276787503107127e-05 -0.00015203219306555302 0.00041090519097874197
leaf_weight=12458 4483 484 572 1138 957 167
leaf_count=12458 4483 484 572 1138 957 167
internal_value=-0.000176421 0.00134832 0.00210666 0.00304074 -0.00197397 0.00437023
internal_weight=20259 7801 7317 6745 2262 1305
internal_count=20259 7801 7317 6745 2262 1305
is_linear=0
shrinkage=0.05


Tree=436
num_leaves=7
num_cat=0
split_feature=35 42 48 21 43 25
split_gain=8.3174 46.9273 37.3801 48.9375 34.3403 30.1356
threshold=0.20343378186225894 0.13212671875953677 -0.23787955939769742 0.87500000000000011 0.12224471569061281 -0.03534256108105182
decision_type=2 2 2 2 2 2
left_child=-1 2 3 4 -2 -4
right_child=1 -3 5 -5 -6 -7
leaf_value=9.1376165432921492e-06 -4.4688674714375282e-05 -0.00023077691207979581 0.00088470249149187716 0.0011389798472587979 -0.00049862728746167 3.281283344014523e-05
leaf_weight=14060 2217 586 65 63 152 3052
leaf_count=14060 2217 586 65 63 152 3052
internal_value=-0.000186881 -0.00145358 -2.25063e-05 -0.00466762 -0.00586563 0.00359545
internal_weight=20195 6135 5549 2432 2369 3117
internal_count=20195 6135 5549 2432 2369 3117
is_linear=0
shrinkage=0.05


Tree=437
num_leaves=7
num_cat=0
split_feature=40 35 37 1 22 23
split_gain=11.2615 36.1235 32.7534 26.0089 29.0048 22.0171
threshold=0.12198248133063318 -0.69712403416633595 -0.0025541143259033556 -0.054492658004164689 0.82500001788139354 -0.025269011966884133
decision_type=2 2 2 2 2 2
left_child=-1 2 -2 -3 5 -5
right_child=1 3 -4 4 -6 -7
leaf_value=5.1380416214804124e-06 -0.00010654831739928296 0.00043201485440568844 0.00046336092499774491 -3.2510456222993766e-06 -5.2954800654877491e-06 -0.00033531106859190172
leaf_weight=18212 148 94 246 202 664 611
leaf_count=18212 148 94 246 202 664 611
internal_value=-0.000167228 -0.00346447 0.00996241 -0.00686865 -0.00851889 -0.0148227
internal_weight=20177 1965 394 1571 1477 813
internal_count=20177 1965 394 1571 1477 813
is_linear=0
shrinkage=0.05


Tree=438
num_leaves=7
num_cat=0
split_feature=22 35 36 47 48 35
split_gain=9.20633 62.2495 63.8195 70.9836 39.8933 36.1626
threshold=0.87500000000000011 -0.84121075272560109 -0.18287152051925656 1.1302983164787295 -1.006163954734802 -0.82206439971923817
decision_type=2 2 2 2 2 2
left_child=5 -2 3 -3 -4 -1
right_child=1 2 4 -5 -6 -7
leaf_value=-0.00013887619364446482 0.00037353830801354645 -0.00034995018844189156 0.00052913299935203187 0.00011453930519877151 -7.459971641842357e-06 1.4997462051661335e-05
leaf_weight=985 317 1091 218 441 1022 16213
leaf_count=985 317 1091 218 441 1022 16213
internal_value=-0.000166322 -0.00239981 -0.00481635 -0.0116298 0.00359438 0.000562402
internal_weight=20287 3089 2772 1532 1240 17198
internal_count=20287 3089 2772 1532 1240 17198
is_linear=0
shrinkage=0.05


Tree=439
num_leaves=7
num_cat=0
split_feature=21 2 22 50 52 5
split_gain=9.56465 34.5002 42.5441 44.695 34.7243 24.8763
threshold=0.82500001788139354 0.0082677453756332415 0.67499998211860668 1.1955300569534304 -0.12477938085794447 -0.53269669413566578
decision_type=2 2 2 2 10 2
left_child=-1 2 -2 4 -4 -3
right_child=1 5 3 -5 -6 -7
leaf_value=-7.3080488397615427e-06 0.00047153281199414525 0.00035216391045453171 -0.00067404004572057608 0.00054062405827015928 3.4632721267758989e-05 4.1421080580558971e-05
leaf_weight=16280 79 308 311 71 135 3126
leaf_count=16280 79 308 311 71 135 3126
internal_value=-0.000215358 0.00210037 -0.00894343 -0.0142241 -0.020122 0.0040346
internal_weight=20310 4030 596 517 446 3434
internal_count=20310 4030 596 517 446 3434
is_linear=0
shrinkage=0.05


Tree=440
num_leaves=7
num_cat=0
split_feature=52 35 40 9 15 39
split_gain=10.7548 33.499 26.0263 33.4488 18.3747 22.1784
threshold=-0.029377489350736138 -0.25075668096542353 0.064842604100704207 -0.09511712938547133 0.42499999701976782 -0.017792861908674237
decision_type=8 2 2 2 2 2
left_child=1 2 -1 -4 -3 -6
right_child=-2 4 3 -5 5 -7
leaf_value=0.00019671537668346022 2.5604737751925341e-06 0.00024721090198747504 0.00033630710196120401 -0.00039786146131537696 -0.00062561801237842802 9.9824432878253315e-06
leaf_weight=76 18804 339 62 460 89 388
leaf_count=76 18804 339 62 460 89 388
internal_value=-0.000176779 -0.00428118 -0.0132255 -0.0172201 0.0022838 -0.00399378
internal_weight=20218 1414 598 522 816 477
internal_count=20218 1414 598 522 816 477
is_linear=0
shrinkage=0.05


Tree=441
num_leaves=7
num_cat=0
split_feature=39 52 26 53 6 3
split_gain=10.3025 35.7531 36.5907 28.4885 29.383 36.8262
threshold=-0.027173096314072605 -0.00034632488677743817 0.034009406343102462 0.84308290481567394 0.81417399644851696 0.0084021403454244154
decision_type=2 8 2 10 2 2
left_child=1 2 -1 4 -3 -6
right_child=-2 3 -4 -5 5 -7
leaf_value=-0.00041397935301965461 -7.2701406973871379e-06 0.00011360491706452674 0.00016538065633687791 -0.0002880991684191412 6.4447448915068057e-05 -0.00019393380650165154
leaf_weight=321 16273 2308 144 126 727 403
leaf_count=321 16273 2308 144 126 727 403
internal_value=-0.000190821 0.00226202 -0.0106915 0.0039717 0.00484316 -0.00174009
internal_weight=20302 4029 465 3564 3438 1130
internal_count=20302 4029 465 3564 3438 1130
is_linear=0
shrinkage=0.05


Tree=442
num_leaves=7
num_cat=0
split_feature=39 35 50 24 46 44
split_gain=9.07712 28.0461 37.6278 39.927 39.8541 39.7495
threshold=0.014510530512779953 0.098510108888149275 0.86183753609657299 0.058157483115792281 0.68184080719947826 0.091232676059007659
decision_type=2 2 2 2 2 2
left_child=-1 2 3 4 -2 -6
right_child=1 -3 -4 -5 5 -7
leaf_value=-6.0752420661256775e-06 0.00092271665509057745 -3.7063953449355323e-05 0.00043094488852500287 0.00033597517437629457 7.1993287833848756e-05 -0.00012912931040594754
leaf_weight=14589 159 2069 311 142 1783 1318
leaf_count=14589 159 2069 311 142 1783 1318
internal_value=-0.000175452 0.00184465 0.00444459 0.00289844 0.00173813 0.000458789
internal_weight=20371 5782 3713 3402 3260 3101
internal_count=20371 5782 3713 3402 3260 3101
is_linear=0
shrinkage=0.05


Tree=443
num_leaves=7
num_cat=0
split_feature=52 11 27 3 47 12
split_gain=11.1226 13.3692 22.1626 18.0988 16.9956 13.5155
threshold=0.18486179411411288 0.010306440759450199 -0.0011683556367643175 0.0079659926705062407 0.98636090755462658 0.038013739511370666
decision_type=10 2 2 2 2 2
left_child=-1 -2 -3 -4 5 -5
right_child=1 2 3 4 -6 -7
leaf_value=1.0516779291864024e-06 0.00015152594404625546 -0.00027187178934736847 -0.00026519377003075882 0.0011095546000812044 -0.0001217483496151724 8.2548940347314335e-05
leaf_weight=19506 379 89 70 94 76 86
leaf_count=19506 379 89 70 94 76 86
internal_value=-0.000131741 0.00610138 -5.95238e-05 0.00596677 0.0121648 0.0204054
internal_weight=20300 794 415 326 256 180
internal_count=20300 794 415 326 256 180
is_linear=0
shrinkage=0.05


Tree=444
num_leaves=7
num_cat=0
split_feature=12 27 1 49 45 36
split_gain=11.2197 26.7333 19.3078 19.075 17.8648 29.716
threshold=-0.092504121363162981 -0.033497607335448258 0.0097383186221122759 -1.1868128776550291 0.14633079618215564 -0.80140164494514454
decision_type=2 2 2 2 2 2
left_child=1 2 -1 -4 -2 -6
right_child=4 -3 3 -5 5 -7
leaf_value=0.00050018423062804334 2.9278965978071392e-06 -0.00041106862486062711 -0.00014814607995836872 0.00028568312708311937 0.00021019027594060383 -0.00014957210936430466
leaf_weight=151 18351 139 152 225 207 995
leaf_count=151 18351 139 152 225 207 995
internal_value=-0.000122373 0.00643601 0.0115854 0.00530105 -0.000134216 -0.00602734
internal_weight=20220 667 528 377 19553 1202
internal_count=20220 667 528 377 19553 1202
is_linear=0
shrinkage=0.05


Tree=445
num_leaves=7
num_cat=0
split_feature=41 42 40 25 48 44
split_gain=11.698 12.9612 14.084 11.6484 16.94 31.5899
threshold=0.038348693400621421 0.045820105820894248 0.03733236342668534 -0.012835862580686806 -0.1232074312865734 0.13314176350831988
decision_type=2 2 2 2 2 2
left_child=-1 2 -2 -3 5 -5
right_child=1 3 -4 4 -6 -7
leaf_value=-6.3043074950533545e-05 0.00059011217458228348 2.8923277760335668e-05 1.0710102319133564e-05 -4.61126329270167e-05 1.2259543927547706e-05 0.00028519195038258487
leaf_weight=319 55 5622 76 5548 8193 326
leaf_count=319 55 5622 76 5548 8193 326
internal_value=-0.000147687 0.000240858 0.015625 0.000133289 -0.000634238 -0.00268328
internal_weight=20139 19820 131 19689 14067 5874
internal_count=20139 19820 131 19689 14067 5874
is_linear=0
shrinkage=0.05


Tree=446
num_leaves=7
num_cat=0
split_feature=36 51 35 51 13 22
split_gain=8.54902 37.6508 34.694 34.3331 49.7813 67.428
threshold=0.5808720886707307 0.027137468568980697 0.49836209416389471 0.019795106723904613 0.019735106267035011 0.57500001788139354
decision_type=2 10 2 10 2 2
left_child=1 -1 -3 -2 -5 -6
right_child=3 2 -4 4 5 -7
leaf_value=4.8122766463167944e-06 -2.6521965221727149e-05 -7.5299133752845468e-05 -0.0017021930829940865 0.00019602193884815536 -0.00026735107871627485 0.00022179994266228404
leaf_weight=14674 1949 2442 59 955 172 152
leaf_count=14674 1949 2442 59 955 172 152
internal_value=-0.000189877 -0.000490396 -0.00615523 0.00231209 0.00866433 -0.0081307
internal_weight=20403 17175 2501 3228 1279 324
internal_count=20403 17175 2501 3228 1279 324
is_linear=0
shrinkage=0.05


Tree=447
num_leaves=7
num_cat=0
split_feature=21 35 41 48 45 3
split_gain=8.13048 24.976 32.1807 48.5241 29.1401 29.1307
threshold=0.82500001788139354 -0.25075668096542353 0.15645558387041095 0.064404439181089415 0.087217498570680632 0.0071549005806446084
decision_type=2 2 2 2 2 2
left_child=-1 5 3 -3 -5 -2
right_child=1 2 -4 4 -6 -7
leaf_value=-2.7078493951817642e-06 -0.001289467250393388 0.00044266757456309111 -0.00080938279802709014 0.0005047648262405096 -3.3432324222538744e-05 -1.6642737271879706e-06
leaf_weight=16170 61 706 77 86 750 2408
leaf_count=16170 61 706 77 86 750 2408
internal_value=-0.000151754 0.0022172 0.0070351 0.00864577 0.000445898 -0.000939774
internal_weight=20258 4088 1619 1542 836 2469
internal_count=20258 4088 1619 1542 836 2469
is_linear=0
shrinkage=0.05


Tree=448
num_leaves=7
num_cat=0
split_feature=12 32 47 46 5 45
split_gain=11.3318 29.9175 23.3688 21.9771 23.3657 22.0865
threshold=0.04875930771231652 0.60178589820861828 0.66748905181884777 0.9117129147052766 0.44756673276424414 0.12497041746973993
decision_type=2 2 2 2 2 2
left_child=-1 -2 -3 5 -5 -4
right_child=1 2 3 4 -6 -7
leaf_value=3.2359741041376303e-06 -0.0002266547500150172 -0.00038114448815769442 -0.00018908026785359781 0.00025311658846888967 2.8555749138781811e-06 0.00013190232118216245
leaf_weight=18695 458 71 249 241 489 118
leaf_count=18695 458 71 249 241 489 118
internal_value=-0.0002546 -0.00409258 0.00014919 0.00201906 0.00704082 -0.0078629
internal_weight=20321 1626 1168 1097 730 367
internal_count=20321 1626 1168 1097 730 367
is_linear=0
shrinkage=0.05


Tree=449
num_leaves=7
num_cat=0
split_feature=55 4 10 40 9 14
split_gain=10.606 34.5452 27.2855 26.4111 38.0347 31.8596
threshold=123439.47265625001 0.71586313843727123 -0.002211994724348187 0.076995026320219054 -0.03366750851273536 0.47499999403953558
decision_type=10 2 2 2 2 2
left_child=-1 3 -3 4 -2 -6
right_child=1 2 -4 -5 5 -7
leaf_value=5.6949420950686573e-06 0.00021547102525110276 0.00036114815953762399 -4.5781165529188312e-05 -0.00018563262693054277 -0.00033307800542019505 2.1774688141403379e-05
leaf_weight=17017 422 254 252 1427 303 610
leaf_count=17017 422 254 252 1427 308 619
internal_value=-0.000156481 -0.00258937 0.00934442 -0.00479761 0.000242537 -0.00547386
internal_weight=20285 3268 506 2762 1335 913
internal_count=20285 3268 506 2762 1335 927
is_linear=0
shrinkage=0.05


Tree=450
num_leaves=7
num_cat=0
split_feature=10 53 44 49 43 51
split_gain=10.5505 18.9613 32.439 16.8752 15.2796 18.1808
threshold=0.095848355442285552 -0.072933789342641817 0.10833966359496118 -1.8982170820236204 0.076982781291008009 -0.10566851869225501
decision_type=2 10 2 2 2 10
left_child=-1 3 -3 -2 -5 -6
right_child=1 2 -4 4 5 -7
leaf_value=-6.5702385663069136e-07 0.00040478737294890547 -0.00048521316987458902 0.00023608854187661998 0.00017560076242787988 -0.0001395983222159388 0.00014066196611081574
leaf_weight=19304 57 127 101 189 125 372
leaf_count=19304 57 127 101 189 125 372
internal_value=-0.000171351 0.00525102 -0.00718884 0.00912433 0.00676556 0.00204183
internal_weight=20275 971 228 743 686 497
internal_count=20275 971 228 743 686 497
is_linear=0
shrinkage=0.05


Tree=451
num_leaves=7
num_cat=0
split_feature=38 46 36 15 55 50
split_gain=11.2284 29.2066 22.717 19.939 26.803 24.6041
threshold=0.016719738952815536 0.86449983716011058 -0.59076058864593495 0.12500000372529033 9990778368.0000019 0.7958606779575349
decision_type=2 2 2 2 8 2
left_child=-1 2 -2 4 -3 -5
right_child=1 3 -4 5 -6 -7
leaf_value=6.8826774130984272e-06 0.00016126066306546574 -8.0009235262025911e-05 -0.00022952523682736421 -6.3737294974609181e-05 0.0007073330172832203 0.00012613510653557711
leaf_weight=17424 80 119 513 1596 98 444
leaf_count=17424 80 119 513 1596 98 444
internal_value=-0.000235465 -0.00275832 -0.0125836 -0.000143678 0.0140766 -0.00169927
internal_weight=20274 2850 593 2257 217 2040
internal_count=20274 2850 593 2257 217 2040
is_linear=0
shrinkage=0.05


Tree=452
num_leaves=7
num_cat=0
split_feature=52 35 5 46 22 46
split_gain=9.94419 23.5957 25.846 21.3366 20.9241 19.705
threshold=-0.029377489350736138 -0.25075668096542353 -0.44982910156249994 1.1179156303405764 0.72499999403953563 0.96819815039634716
decision_type=8 2 2 2 2 2
left_child=1 2 4 5 -1 -3
right_child=-2 3 -4 -5 -6 -7
leaf_value=-0.00022456596221416265 2.66788049456514e-06 -3.5905064847938118e-05 -0.00031850052030652995 -0.00030082868099563461 0.00036669707902391749 0.00024819079980358845
leaf_weight=72 18786 445 431 78 88 297
leaf_count=72 18786 445 431 78 88 297
internal_value=-0.000157163 -0.00404308 -0.0116191 0.00142424 0.00530303 0.00411647
internal_weight=20197 1411 591 820 160 742
internal_count=20197 1411 591 820 160 742
is_linear=0
shrinkage=0.05


Tree=453
num_leaves=7
num_cat=0
split_feature=12 53 53 42 41 24
split_gain=11.5054 18.1958 19.5672 17.7226 23.4028 21.944
threshold=0.052963843569159515 -0.46167522668838495 -0.53110158443450917 0.069045171141624465 0.093795578926801695 0.068206861615180983
decision_type=2 8 10 2 2 2
left_child=-1 2 -2 -3 -5 -6
right_child=1 3 -4 4 5 -7
leaf_value=7.0748298553180914e-06 -6.8537258077982078e-05 8.1219446752590294e-05 0.00022578012331097281 -0.00023796354360302292 -0.00037819958249041193 4.6075425771124068e-05
leaf_weight=18975 126 81 135 460 102 355
leaf_count=18975 126 81 135 460 102 355
internal_value=-0.000122289 -0.00437104 0.00723684 -0.00745264 -0.00946312 -0.00135281
internal_weight=20234 1259 261 998 917 457
internal_count=20234 1259 261 998 917 457
is_linear=0
shrinkage=0.05


Tree=454
num_leaves=7
num_cat=0
split_feature=12 22 41 50 2 46
split_gain=12.8354 20.5995 26.4433 33.0504 15.7491 17.1324
threshold=-0.092504121363162981 0.77500000596046459 0.15645558387041095 -1.0987290143966673 0.0098755201324820536 1.1479574441909792
decision_type=2 2 2 2 2 2
left_child=1 4 -3 -4 -1 -6
right_child=-2 2 3 -5 5 -7
leaf_value=-0.00090163201825498593 -2.5565245119969531e-07 0.00058499217622617525 0.00020682210696917338 -0.0010668470131745924 0.00023753707999808074 -0.00019117966964898211
leaf_weight=56 19621 217 120 53 119 106
leaf_count=56 19621 217 120 53 119 106
internal_value=-0.000146573 0.00698964 0.0143671 -0.000140449 -0.00323427 0.00271739
internal_weight=20292 671 390 173 281 225
internal_count=20292 671 390 173 281 225
is_linear=0
shrinkage=0.05


Tree=455
num_leaves=7
num_cat=0
split_feature=48 55 55 36 47 43
split_gain=11.4419 29.1972 34.5641 26.817 17.2007 24.7256
threshold=-1.7036048769950864 165610.52343750003 76432.203125000015 -0.091948233544826494 0.97322154045104992 0.079696040600538268
decision_type=2 10 8 2 2 2
left_child=1 2 4 -3 5 -1
right_child=-2 3 -4 -5 -6 -7
leaf_value=1.2848991498612125e-05 -7.7090295327053322e-06 -0.0005740519681738124 0.00015269941403043066 3.6842685565040976e-06 1.8336776063531586e-05 -0.00065253532100708798
leaf_weight=97 18651 99 810 192 406 68
leaf_count=97 18651 99 810 192 406 68
internal_value=-0.000190624 0.00368217 0.00672799 -0.0105574 -0.00264757 -0.0160294
internal_weight=20323 1672 1381 291 571 165
internal_count=20323 1672 1381 291 571 165
is_linear=0
shrinkage=0.05


Tree=456
num_leaves=7
num_cat=0
split_feature=10 38 48 35 35 0
split_gain=9.95036 23.8713 21.5586 21.1725 12.9782 15.0158
threshold=0.095848355442285552 -0.021293300203979012 -1.0000000180025095e-35 -0.79136100411415089 0.49836209416389471 -0.055281374603509896
decision_type=2 2 2 2 2 2
left_child=-1 2 -2 -3 5 -5
right_child=1 3 -4 4 -6 -7
leaf_value=-5.8874058327731966e-07 -0.00047606656824433768 -0.00034538005416640747 6.1638584274074389e-05 0.00070020838365110699 -0.00010716098553490879 0.00011077869562965437
leaf_weight=19384 79 76 67 98 50 588
leaf_count=19384 79 76 67 98 50 588
internal_value=-0.00019536 0.00516615 -0.0130795 0.00853733 0.0111673 0.0129884
internal_weight=20342 958 146 812 736 686
internal_count=20342 958 146 812 736 686
is_linear=0
shrinkage=0.05


Tree=457
num_leaves=7
num_cat=0
split_feature=41 55 36 46 23 29
split_gain=11.3194 12.0958 12.5325 24.8566 10.5978 14.7508
threshold=0.038348693400621421 99611.785156250015 -0.12552291899919507 0.9117129147052766 -0.042082993313670151 -0.078274760395288454
decision_type=2 10 2 2 2 2
left_child=1 2 3 -1 5 -2
right_child=4 -3 -4 -5 -6 -7
leaf_value=8.8618736338861776e-05 0.0004380643918461316 0.00010593438160995911 0.00012035148354928457 -0.00015788896194781455 1.7132803621315814e-06 1.2597307016873252e-05
leaf_weight=57 132 56 53 156 19595 193
leaf_count=57 132 56 53 156 19595 193
internal_value=-0.00022102 -0.00909786 -0.0135609 -0.018922 0.000279799 0.00916667
internal_weight=20242 322 266 213 19920 325
internal_count=20242 322 266 213 19920 325
is_linear=0
shrinkage=0.05


Tree=458
num_leaves=7
num_cat=0
split_feature=32 1 27 51 36 47
split_gain=10.7914 22.3593 31.0732 26.2377 40.1045 41.8035
threshold=-0.65007853507995594 0.025216949172317985 -0.065249044448137269 -0.012260687071830033 -0.40230141580104822 0.90645495057106029
decision_type=2 2 2 8 2 2
left_child=1 2 -1 -3 -5 -6
right_child=-2 3 -4 4 5 -7
leaf_value=0.00051842163992458622 -6.8729464540167205e-07 -0.00012315322513030636 5.328941204087259e-05 -0.00041269600496423258 -0.00013095606400922552 0.00034284210670815647
leaf_weight=149 18007 783 611 131 223 485
leaf_count=149 18007 783 610 131 223 485
internal_value=-0.000170393 0.00350859 0.0105556 0.000169023 0.00630924 0.0110449
internal_weight=20389 2382 760 1622 839 708
internal_count=20389 2381 759 1622 839 708
is_linear=0
shrinkage=0.05


Tree=459
num_leaves=7
num_cat=0
split_feature=20 1 21 36 26 40
split_gain=10.0764 18.4491 42.7928 37.2835 32.7917 31.7555
threshold=0.72499999403953563 -0.019868865609169003 0.42499999701976782 0.42110557854175573 0.034009406343102462 0.086472440510988249
decision_type=2 2 2 2 2 2
left_child=1 2 -1 -4 -3 -6
right_child=-2 4 3 -5 5 -7
leaf_value=6.7540847481158432e-05 -2.4147630385807513e-05 9.9451031393452264e-06 -0.00015978231307993873 5.880923399800487e-05 5.6325766654678801e-05 0.000466289267630359
leaf_weight=1459 6077 8809 2100 577 847 385
leaf_count=1459 6077 8809 2100 577 847 385
internal_value=-0.000220889 0.000735087 -0.00207076 -0.00582588 0.00189379 0.009519
internal_weight=20254 14177 4136 2677 10041 1232
internal_count=20254 14177 4136 2677 10041 1232
is_linear=0
shrinkage=0.05


Tree=460
num_leaves=7
num_cat=0
split_feature=44 22 24 38 28 35
split_gain=9.93763 12.8425 22.7997 19.8716 16.2011 12.307
threshold=0.15963118523359301 0.92499998211860668 0.053675798699259765 -0.0089623359963297827 0.0033508525229990487 -0.32827466726303095
decision_type=2 2 2 2 2 2
left_child=-1 2 5 4 -3 -2
right_child=1 3 -4 -5 -6 -7
leaf_value=-1.5898692570305876e-06 7.2322331498466023e-05 0.00027921417848374586 -2.097810317587272e-05 -0.00013298829487619148 -9.2824573751248718e-05 0.00091669287182263295
leaf_weight=19655 51 100 101 231 57 115
leaf_count=19655 51 100 101 231 57 115
internal_value=-0.000195668 0.00609848 0.0144301 0.00019084 0.0137346 0.0255848
internal_weight=20310 655 267 388 157 166
internal_count=20310 655 267 388 157 166
is_linear=0
shrinkage=0.05


Tree=461
num_leaves=7
num_cat=0
split_feature=26 35 46 36 39 24
split_gain=11.3064 16.8649 23.3682 23.8358 17.2122 21.6857
threshold=0.11454443633556367 0.37777532637119299 0.92402237653732311 -0.28161180019378657 -0.048934021964669221 0.10988114029169084
decision_type=2 2 2 2 2 2
left_child=-1 2 3 -2 -4 -6
right_child=1 -3 4 -5 5 -7
leaf_value=-4.6630514229165088e-06 -0.00067394363682817394 -0.00033255353383324744 -9.3136596310743863e-05 0.00014446275268291883 0.00029832280951074013 -0.00010895107147759308
leaf_weight=19622 68 62 67 107 290 63
leaf_count=19622 68 62 67 107 290 63
internal_value=-0.000126947 0.00623112 0.008875 -0.00625 0.0152353 0.0196229
internal_weight=20279 657 595 175 420 353
internal_count=20279 657 595 175 420 353
is_linear=0
shrinkage=0.05


Tree=462
num_leaves=7
num_cat=0
split_feature=21 2 29 22 51 35
split_gain=11.5511 28.3382 48.1643 31.0894 30.9993 29.9983
threshold=0.82500001788139354 0.0082677453756332415 0.011796669103205206 0.82500001788139354 -0.066446799784898744 0.029902152717113498
decision_type=2 2 2 2 10 2
left_child=-1 2 -2 -4 -3 -6
right_child=1 4 3 -5 5 -7
leaf_value=-8.9562463578641255e-06 -0.00034132730633679425 0.00014047197145094083 0.00068281428425759328 -5.4249307687812737e-05 -0.00013667181894241363 9.0499889384208602e-05
leaf_weight=16286 397 2244 66 115 758 458
leaf_count=16286 397 2244 66 115 758 458
internal_value=-0.000229967 0.00217042 -0.00801887 0.0130376 0.00388889 -0.00251843
internal_weight=20324 4038 578 181 3460 1216
internal_count=20324 4038 578 181 3460 1216
is_linear=0
shrinkage=0.05


Tree=463
num_leaves=7
num_cat=0
split_feature=12 3 42 3 41 44
split_gain=11.7663 13.0195 18.2447 21.6342 23.3129 20.8422
threshold=0.052963843569159515 0.0069390304852277049 0.07935983315110208 0.0084021403454244154 0.093795578926801695 0.076813571155071272
decision_type=2 2 2 2 2 2
left_child=-1 -2 5 -4 -5 -3
right_child=1 2 3 4 -6 -7
leaf_value=9.075977938357089e-07 7.4918262235316039e-05 0.00013479323671284095 0.00011837605960436969 -0.00034599911795530312 -8.4553875905878439e-06 -0.00040593560041342938
leaf_weight=19023 133 50 186 244 518 149
leaf_count=19023 133 50 186 244 518 149
internal_value=-0.000225281 -0.00488327 -0.00661892 -0.00364638 -0.00739896 -0.0202206
internal_weight=20303 1280 1147 948 762 199
internal_count=20303 1280 1147 948 762 199
is_linear=0
shrinkage=0.05


Tree=464
num_leaves=7
num_cat=0
split_feature=0 40 12 43 36 51
split_gain=10.4505 28.579 43.6766 33.8795 33.1359 27.8445
threshold=-0.0069870317820459596 0.05261592939496041 0.019697250798344616 0.052654117345809943 -0.4602337777614593 -0.030711559578776356
decision_type=2 2 2 2 2 8
left_child=1 2 3 -1 -4 -6
right_child=-2 -3 4 -5 5 -7
leaf_value=3.7146168937312462e-05 1.0437747830745886e-05 -3.7262297653703656e-05 0.00023529239610653886 0.00030130141346597513 -0.00049520112852105243 -5.9581845678611473e-05
leaf_weight=466 12655 6580 75 329 81 146
leaf_count=466 12655 6580 75 329 81 146
internal_value=-0.000195457 -0.00143517 0.0060118 0.0121563 -0.0100163 -0.0195043
internal_weight=20332 7677 1097 795 302 227
internal_count=20332 7677 1097 795 302 227
is_linear=0
shrinkage=0.05


Tree=465
num_leaves=7
num_cat=0
split_feature=36 3 2 51 2 29
split_gain=8.79409 35.1843 48.0649 55.9325 49.8953 42.7275
threshold=-0.80140164494514454 0.0089009534567594546 0.0079092467203736323 -0.13085002452135083 0.0067768578883260497 0.010340548120439054
decision_type=2 2 2 10 2 2
left_child=1 2 3 -1 -5 -3
right_child=-2 5 -4 4 -6 -7
leaf_value=-0.00011061377515811308 -1.7413359625488479e-06 0.00052788384127339138 -0.00023693717328576031 0.00087966243509207144 6.7741448541350222e-05 1.1039098347538894e-05
leaf_weight=493 17879 416 521 147 266 458
leaf_count=493 17879 416 521 147 266 458
internal_value=-0.000157295 0.00313313 -0.00169344 0.00524149 0.0187201 0.0110068
internal_weight=20180 2301 1427 906 413 874
internal_count=20180 2301 1427 906 413 874
is_linear=0
shrinkage=0.05


Tree=466
num_leaves=7
num_cat=0
split_feature=44 21 12 46 10 36
split_gain=11.2561 17.1462 14.4372 13.5235 18.4721 15.0948
threshold=0.15963118523359301 0.97499999403953563 -0.0094130737707018835 0.88564723730087291 -0.12074699252843855 -0.12552291899919507
decision_type=2 2 2 2 2 2
left_child=-1 3 -3 4 -2 -5
right_child=1 2 -4 5 -6 -7
leaf_value=-3.3523037693206779e-06 -0.00023103103812740136 -0.00035164907603844799 0.00013169394142622075 7.2251780323669053e-05 0.00013394687867174777 0.00095684955459078959
leaf_weight=19752 80 109 66 135 162 100
leaf_count=19752 80 109 66 135 162 100
internal_value=-0.000150669 0.00635464 -0.00680556 0.0112552 0.00273279 0.0196875
internal_weight=20404 652 175 477 242 235
internal_count=20404 652 175 477 242 235
is_linear=0
shrinkage=0.05


Tree=467
num_leaves=7
num_cat=0
split_feature=58 12 43 42 42 41
split_gain=9.27104 17.3193 22.473 24.5075 28.0903 23.2314
threshold=0.00016154404875123876 0.019697250798344616 0.087379232048988356 0.12381926923990251 0.0893840827047825 0.073296517133712782
decision_type=10 2 2 2 2 2
left_child=-1 2 5 4 -4 -2
right_child=1 -3 3 -5 -6 -7
leaf_value=-5.4331980476911595e-06 2.5821936190018353e-05 -3.6985438166732253e-05 0.00014803830022850335 0.00016312855871105023 -0.00026333459889144663 0.00026091534641634192
leaf_weight=16293 866 1177 165 498 553 662
leaf_count=16293 866 1177 165 498 553 662
internal_value=-0.000191651 0.00232425 0.00450164 -0.000552826 -0.00646611 0.00852903
internal_weight=20214 3921 2744 1216 718 1528
internal_count=20214 3921 2744 1216 718 1528
is_linear=0
shrinkage=0.05


Tree=468
num_leaves=7
num_cat=0
split_feature=28 43 43 53 44 31
split_gain=8.45854 16.2628 19.8226 16.6038 28.6668 15.7838
threshold=-0.009289666544646023 0.096641317009925856 0.1106102578341961 -0.37929256260395044 0.12418206781148912 37.751501083374031
decision_type=2 2 2 10 2 2
left_child=1 -1 -3 -4 -5 -2
right_child=5 2 3 4 -6 -7
leaf_value=-6.2834492522516249e-05 -8.232640185352738e-05 0.00017581847461275299 3.6294426099480612e-05 -0.00040223272884995563 7.6385019580715909e-05 1.029266346701161e-05
leaf_weight=2383 593 617 660 195 135 15770
leaf_count=2383 593 617 660 195 135 15770
internal_value=-0.000219815 -0.00199625 0.00187655 -0.00248744 -0.0115672 0.000569709
internal_weight=20353 3990 1607 990 330 16363
internal_count=20353 3990 1607 990 330 16363
is_linear=0
shrinkage=0.05


Tree=469
num_leaves=7
num_cat=0
split_feature=27 1 0 52 26 19
split_gain=8.17915 28.0228 14.8007 21.7632 11.2124 11.9804
threshold=0.078220468014478697 -0.012686735484749077 -0.077818077057600007 8.6531454144278555e-05 -0.022002846933901306 0.87500000000000011
decision_type=2 2 2 10 2 2
left_child=2 -2 3 -1 5 -3
right_child=1 4 -4 -5 -6 -7
leaf_value=0.00027124542692090453 0.00050944217936886116 -0.00024615598814791177 -3.2930383958500004e-07 -6.0194988479652521e-05 -0.00029794553915256101 0.00017680766113046948
leaf_weight=186 52 66 19688 71 151 55
leaf_count=186 52 66 19688 71 151 55
internal_value=-0.000131942 -0.00782675 0.000121554 0.0119275 -0.0143502 -0.00257937
internal_weight=20269 324 19945 257 272 121
internal_count=20269 324 19945 257 272 121
is_linear=0
shrinkage=0.05


Tree=470
num_leaves=7
num_cat=0
split_feature=25 20 49 45 1 39
split_gain=12.3004 24.8305 10.2989 21.9474 25.3507 17.3907
threshold=0.056967813521623618 0.97499999403953563 1.5372539758682253 0.073776416480541243 -0.0061086106579750768 -0.010113123338669537
decision_type=2 2 2 2 2 2
left_child=2 -2 -1 4 -4 -5
right_child=1 -3 3 5 -6 -7
leaf_value=-9.6040133455992284e-08 -0.00015508475377375492 0.00041842015247518745 0.00015334455340107285 0.00023131849657315358 -0.00011782094548076399 0.00010588025727074329
leaf_weight=18984 252 62 85 215 269 474
leaf_count=18984 252 62 85 215 269 474
internal_value=-0.0002052 -0.0096395 0.000255841 0.00508111 -0.00494429 0.0102666
internal_weight=20341 314 20027 1043 354 689
internal_count=20341 314 20027 1043 354 689
is_linear=0
shrinkage=0.05


Tree=471
num_leaves=7
num_cat=0
split_feature=12 40 51 55 39 40
split_gain=9.57985 21.0861 18.819 13.1405 12.1773 11.9804
threshold=-0.092504121363162981 0.09345507994294168 -0.22697627544403073 8.5731101036071795 -0.0010037437896244226 0.12198248133063318
decision_type=2 2 8 8 2 2
left_child=1 -1 3 4 -3 -2
right_child=5 2 -4 -5 -6 -7
leaf_value=-0.00062065739957769021 3.7465355383342201e-06 0.00039822166256974612 0.00028997135095137726 -0.00017866778672531283 -2.9376628143487021e-05 -8.1570651703383702e-05
leaf_weight=82 18037 98 261 175 56 1565
leaf_count=82 18037 98 261 175 56 1565
internal_value=-0.000210809 0.0060192 0.00936975 0.00127246 0.0117925 -2.93263e-05
internal_weight=20274 672 590 329 154 19602
internal_count=20274 672 590 329 154 19602
is_linear=0
shrinkage=0.05


Tree=472
num_leaves=7
num_cat=0
split_feature=52 39 52 39 22 22
split_gain=13.1345 23.2213 20.7347 43.5645 36.494 42.542
threshold=-0.029377489350736138 -0.039946628734469407 -0.0003107876109424978 -0.039946628734469407 0.57500001788139354 0.97499999403953563
decision_type=8 2 8 2 2 2
left_child=1 -1 3 -2 -5 -6
right_child=2 -3 -4 4 5 -7
leaf_value=-0.00043098151789893477 -0.00055575633220674835 -2.9166395773262797e-05 -2.4540457455409906e-06 1.376886747512531e-07 0.00055228829128215232 -0.000206181058196042
leaf_weight=166 76 1248 17960 457 369 123
leaf_count=166 76 1248 17960 457 369 123
internal_value=-0.00021932 -0.00477449 0.000211954 0.00711165 0.0100891 0.0194668
internal_weight=20399 1414 18985 1025 949 492
internal_count=20399 1414 18985 1025 949 492
is_linear=0
shrinkage=0.05


Tree=473
num_leaves=7
num_cat=0
split_feature=48 53 52 55 35 40
split_gain=8.06108 38.393 26.3699 26.7635 20.1965 17.9856
threshold=-1.7036048769950864 -0.42599239945411677 0.00047952412569429731 520.22299194335949 -0.13645590841770169 0.20400244742631915
decision_type=2 10 8 8 2 2
left_child=1 -1 4 -4 -3 -2
right_child=5 2 3 -5 -6 -7
leaf_value=0.0001724211189152434 2.6302666292533919e-07 -0.00011560049975955717 2.8812516004736814e-05 -0.00088872052918720704 7.775348081773739e-05 -0.00022030530157101589
leaf_weight=674 18343 367 66 89 452 269
leaf_count=674 18343 367 66 89 452 269
internal_value=-0.000166543 0.00349365 -0.00283453 -0.0214063 0.000758495 -0.000149057
internal_weight=20260 1648 974 155 819 18612
internal_count=20260 1648 974 155 819 18612
is_linear=0
shrinkage=0.05


Tree=474
num_leaves=7
num_cat=0
split_feature=6 10 60 39 43 24
split_gain=10.6626 15.1322 11.9878 10.3519 29.7217 34.118
threshold=0.99996218085289013 0.079293049871921553 1.6190887093544009 0.013195294421166183 0.046320559456944473 -0.015269576106220482
decision_type=2 2 8 2 2 2
left_child=3 2 -2 -1 5 -5
right_child=1 -3 -4 4 -6 -7
leaf_value=-2.9755973516116045e-06 -0.00017217624520871118 0.00014829051883017718 -1.5172453382257306e-05 9.2219402443387025e-05 3.2191939284979911e-05 -0.0003049670889839997
leaf_weight=13676 311 103 264 64 5680 103
leaf_count=13676 311 103 264 64 5680 103
internal_value=-0.000181877 -0.00581991 -0.00900862 0.000533849 0.00229409 -0.0181686
internal_weight=20201 678 575 19523 5847 167
internal_count=20201 678 575 19523 5847 167
is_linear=0
shrinkage=0.05


Tree=475
num_leaves=7
num_cat=0
split_feature=38 52 15 45 51 51
split_gain=9.3737 28.5953 23.5452 22.1344 18.8381 17.2479
threshold=-0.026689785532653328 0.00047952412569429731 0.57500001788139354 0.10370672866702081 -0.023918155580759045 -0.058628987520933144
decision_type=2 10 2 2 8 8
left_child=1 2 -1 -3 5 -4
right_child=-2 3 4 -5 -6 -7
leaf_value=-8.7464205470910876e-05 3.964049092127289e-06 -0.00066042612007893441 0.00016120705962516699 -6.2881617704462636e-05 0.0001434397230083818 -0.00035955293782119821
leaf_weight=642 18923 98 60 88 378 89
leaf_count=642 18923 98 60 88 378 89
internal_value=-0.000235419 -0.00391544 -0.000958262 -0.0218586 0.00681391 -0.00795455
internal_weight=20278 1355 1169 186 527 149
internal_count=20278 1355 1169 186 527 149
is_linear=0
shrinkage=0.05


Tree=476
num_leaves=7
num_cat=0
split_feature=12 35 36 47 55 43
split_gain=9.86221 29.128 49.3998 81.2842 42.0826 41.6702
threshold=-0.025781413540244099 0.20343378186225894 0.42110557854175573 0.97981387376785289 9990778368.0000019 0.12224471569061281
decision_type=2 2 2 2 10 2
left_child=1 4 -3 -4 -1 -5
right_child=-2 2 3 5 -6 -7
leaf_value=4.3143913202739817e-05 -6.2287089640884947e-06 -0.00025898964618877425 -0.00018116385179668367 0.00053305649708015358 0.0010799991777265261 -0.00016708339524963754
leaf_weight=4317 14730 431 389 334 70 95
leaf_count=4317 14730 431 389 334 70 95
internal_value=-0.000180404 0.00191012 -0.00480463 0.00239976 0.00383083 0.0173387
internal_weight=20366 5636 1249 818 4387 429
internal_count=20366 5636 1249 818 4387 429
is_linear=0
shrinkage=0.05


Tree=477
num_leaves=7
num_cat=0
split_feature=12 48 46 24 46 36
split_gain=13.7367 25.0789 11.7596 10.806 58.6208 28.586
threshold=0.075403723865747466 1.1769379377365115 1.0467624068260195 0.068206861615180983 0.95158973336219799 -0.65883886814117421
decision_type=2 2 2 2 2 2
left_child=3 2 -2 -1 5 -5
right_child=1 -3 -4 4 -6 -7
leaf_value=2.2841569836978827e-06 0.00032194797102935306 -0.0002737178116006319 -7.136593065647981e-05 0.0001536610730399942 0.00017619265160767275 -0.00015244176920459923
leaf_weight=18702 63 205 50 168 656 457
leaf_count=18702 63 205 50 168 656 457
internal_value=-0.000230228 -0.00982972 0.00868644 0.000561587 0.00499611 -0.0059127
internal_weight=20301 318 113 19983 1281 625
internal_count=20301 318 113 19983 1281 625
is_linear=0
shrinkage=0.05


Tree=478
num_leaves=7
num_cat=0
split_feature=10 3 45 12 46 13
split_gain=9.54321 19.9852 23.4157 18.5483 33.5938 20.1941
threshold=-0.027512381784617897 0.014040563255548479 0.13166946917772296 0.011289284564554693 1.0100115537643435 0.030604626983404163
decision_type=2 2 2 2 2 2
left_child=3 2 -2 5 -5 -1
right_child=1 -3 -4 4 -6 -7
leaf_value=-1.6811892367003637e-05 5.1098534419775548e-06 -0.00021313007443038158 0.00023659090904955065 -0.00031914370137169827 3.9530653668125544e-05 0.00022213953198242913
leaf_weight=6642 12126 180 389 437 281 263
leaf_count=6639 12129 180 389 437 281 263
internal_value=-0.000264479 0.000765748 0.00100839 -0.00147155 -0.00909405 -0.00066932
internal_weight=20318 12695 12515 7623 718 6905
internal_count=20318 12698 12518 7620 718 6902
is_linear=0
shrinkage=0.05


Tree=479
num_leaves=7
num_cat=0
split_feature=41 22 26 43 45 36
split_gain=10.1558 33.8082 26.8223 20.1202 50.511 28.4541
threshold=0.064085789024829878 0.57500001788139354 -0.011967951897531746 0.065359540283679976 0.084506712853908553 0.87320655584335338
decision_type=2 2 2 2 2 2
left_child=1 -1 -3 4 5 -2
right_child=3 2 -4 -5 -6 -7
leaf_value=-5.608199426471568e-06 0.00015604807209657024 -0.00072658263391929892 5.7347786769001692e-05 2.5153387776213031e-06 -0.00016863541633877285 -0.00018951178723978934
leaf_weight=4603 934 158 85 14170 169 95
leaf_count=4603 934 158 85 14170 169 95
internal_value=-0.000137247 -0.00187075 -0.0198589 0.000752943 0.00696176 0.011146
internal_weight=20214 4846 243 15368 1198 1029
internal_count=20214 4846 243 15368 1198 1029
is_linear=0
shrinkage=0.05


Tree=480
num_leaves=7
num_cat=0
split_feature=6 46 50 32 53 10
split_gain=9.95091 24.3547 30.6643 37.5239 28.5716 23.2164
threshold=0.094027973711490645 0.98499035835266124 -1.3370304703712461 -0.58280956745147694 0.080999691039323821 -0.018544730730354782
decision_type=2 2 2 2 10 2
left_child=1 4 -3 -4 5 -1
right_child=-2 2 3 -5 -6 -7
leaf_value=-5.1892773465973101e-06 -2.3795798873879441e-06 5.8048327251589194e-05 3.441147962140968e-06 -0.00024611066248608087 0.00049364414642505991 0.00018097724630290149
leaf_weight=675 17666 643 478 309 203 371
leaf_count=675 17666 643 478 309 203 371
internal_value=-0.000210074 0.00306446 -0.00137631 -0.00798611 0.00815391 0.00473359
internal_weight=20345 2679 1430 787 1249 1046
internal_count=20345 2679 1430 787 1249 1046
is_linear=0
shrinkage=0.05


Tree=481
num_leaves=7
num_cat=0
split_feature=38 51 22 12 10 55
split_gain=7.21625 33.8064 23.762 31.9635 24.3465 24.889
threshold=0.016719738952815536 -1.436201751232147 0.82500001788139354 -0.092504121363162981 -0.13591308146715161 60119.117187500007
decision_type=2 8 2 2 2 8
left_child=-1 -2 4 -4 -3 -6
right_child=1 2 3 -5 5 -7
leaf_value=4.4916879359293812e-06 -0.00039668751253698595 0.00060105930046053637 0.00042381507453893505 -0.00024419839527581154 -0.00014397453191993684 3.328825950518144e-05
leaf_weight=17434 223 138 96 393 511 1556
leaf_count=17434 223 138 96 393 511 1556
internal_value=-0.000224749 -0.00223306 -0.000657651 -0.0105769 0.00154977 0.000156853
internal_weight=20351 2917 2694 489 2205 2067
internal_count=20351 2917 2694 489 2205 2067
is_linear=0
shrinkage=0.05


Tree=482
num_leaves=7
num_cat=0
split_feature=49 53 16 41 53 6
split_gain=9.75821 15.4575 20.0379 17.7586 17.422 15.8434
threshold=-0.48783633112907404 -0.35950812697410578 0.37500000000000006 0.15645558387041095 -1.003418982028961 0.64301636815071117
decision_type=2 8 2 2 10 2
left_child=1 2 3 4 -1 -6
right_child=-2 -3 -4 -5 5 -7
leaf_value=-0.00012025257641460341 -6.5847029426045322e-06 6.582405646445792e-06 -0.00015009814684742483 -0.00018151598853922391 0.0003243287765285997 -2.0457952202461408e-05
leaf_weight=162 13975 4975 258 85 656 115
leaf_count=162 13975 4975 258 85 656 115
internal_value=-0.000211309 0.00179428 0.00669399 0.00984848 0.0118603 0.0149807
internal_weight=20226 6251 1276 1018 933 771
internal_count=20226 6251 1276 1018 933 771
is_linear=0
shrinkage=0.05


Tree=483
num_leaves=7
num_cat=0
split_feature=0 21 39 58 21 44
split_gain=7.84761 15.1464 19.0655 8.4191 7.92812 27.1163
threshold=-0.077818077057600007 0.92499998211860668 -0.011150480248033999 3.9770198782207451e-05 0.37500000000000006 0.12418206781148912
decision_type=2 2 2 10 2 2
left_child=1 2 -1 -4 5 -2
right_child=4 -3 3 -5 -6 -7
leaf_value=-0.00028639706869000695 1.7983073171662801e-05 0.00015816326306568405 0.00043236773139421187 5.9191872326464643e-06 -8.6484539770380255e-06 -0.00027211713360581255
leaf_weight=76 6904 105 73 96 12866 198
leaf_count=76 6904 105 73 96 12866 198
internal_value=-0.000151306 0.00753521 0.0005 0.00991379 3.37956e-05 0.0013754
internal_weight=20318 350 245 169 19968 7102
internal_count=20318 350 245 169 19968 7102
is_linear=0
shrinkage=0.05


Tree=484
num_leaves=7
num_cat=0
split_feature=6 13 48 58 6 18
split_gain=10.5779 11.2542 21.4707 31.8238 20.71 24.1471
threshold=0.99996218085289013 0.0088904071599245089 -0.66503870487213124 0.00062069291016086947 0.88510996103286754 0.67499998211860668
decision_type=2 2 2 8 2 2
left_child=1 -1 3 -3 -4 -6
right_child=-2 2 4 -5 5 -7
leaf_value=-7.7049898351807047e-06 -6.6727378662322459e-05 -0.0002995504131755613 7.2980686016412008e-05 0.00027741710160692379 -0.00016037543830207243 3.7290395045325232e-05
leaf_weight=14050 663 444 3184 114 400 1315
leaf_count=14050 663 444 3184 114 400 1315
internal_value=-0.000241636 7.3032e-05 0.00200018 -0.00723801 0.00306383 -0.00135174
internal_weight=20170 19507 5457 558 4899 1715
internal_count=20170 19507 5457 558 4899 1715
is_linear=0
shrinkage=0.05


Tree=485
num_leaves=7
num_cat=0
split_feature=25 20 51 22 45 44
split_gain=11.3478 15.4147 11.1182 25.8997 41.4047 44.5829
threshold=0.056967813521623618 0.97499999403953563 -0.040501473471522324 0.77500000596046459 0.084506712853908553 0.10651079192757608
decision_type=2 2 8 2 2 2
left_child=2 -2 3 4 -1 -6
right_child=1 -3 -4 -5 5 -7
leaf_value=5.7010969290072173e-06 -0.00014263709348606146 0.0003002299803250142 8.3930258320947174e-06 6.1535414893099111e-05 -0.00039871889240996407 -4.7457934689910909e-05
leaf_weight=2191 235 60 14685 1536 671 930
leaf_count=2191 235 60 14685 1536 671 930
internal_value=-0.000195687 -0.00975 4.62084e-05 -0.00190793 -0.00412826 -0.0102273
internal_weight=20308 295 20013 5328 3792 1601
internal_count=20308 295 20013 5328 3792 1601
is_linear=0
shrinkage=0.05


Tree=486
num_leaves=7
num_cat=0
split_feature=52 39 52 39 22 47
split_gain=8.15744 23.0917 19.2274 38.1377 34.3275 32.1393
threshold=-0.029377489350736138 -0.037063784897327416 -0.0003107876109424978 -0.04354626685380935 0.17500000447034839 1.1554653048515322
decision_type=8 2 8 2 2 2
left_child=1 -1 3 -2 -5 -6
right_child=2 -3 -4 4 5 -7
leaf_value=-0.00042834570435124173 -0.00066727923201201583 -8.48441056304555e-06 -2.882741412848708e-07 -0.00066166093746597432 0.00031449648142737024 -0.00020950769042405359
leaf_weight=201 67 1240 17746 55 799 110
leaf_count=201 67 1240 17746 55 799 110
internal_value=-0.000132275 -0.00354426 0.000352731 0.00697394 0.00957172 0.011953
internal_weight=20218 1441 18777 1031 964 909
internal_count=20218 1441 18777 1031 964 909
is_linear=0
shrinkage=0.05


Tree=487
num_leaves=7
num_cat=0
split_feature=21 42 36 42 3 52
split_gain=10.7228 19.5764 20.2344 29.0282 34.151 34.2736
threshold=0.47499999403953558 0.1471432372927666 -0.4602337777614593 0.107226200401783 0.0091212717816233652 -0.00013423652126220984
decision_type=2 2 2 2 2 8
left_child=1 2 -1 4 5 -4
right_child=-2 -3 3 -5 -6 -7
leaf_value=5.8508009676968709e-05 -1.4542062724557669e-05 -0.00045726014254427751 -0.0001026005863780158 0.00021004406200409543 -0.00019750262834326209 2.2756223013925246e-05
leaf_weight=2037 11249 84 987 421 507 5093
leaf_count=2037 11249 84 987 421 507 5093
internal_value=-0.000170485 0.00113039 0.00136188 8.19906e-05 -0.000731948 0.000308135
internal_weight=20378 9129 9045 7008 6587 6080
internal_count=20378 9129 9045 7008 6587 6080
is_linear=0
shrinkage=0.05


Tree=488
num_leaves=7
num_cat=0
split_feature=52 40 42 51 55 32
split_gain=10.1005 28.38 28.5328 26.9163 39.3442 37.105
threshold=8.6531454144278555e-05 0.062622267752885832 0.069045171141624465 -0.040501473471522324 62776.767578125007 0.68971428275108349
decision_type=10 2 2 10 8 2
left_child=3 -2 -3 -1 -5 -6
right_child=1 2 -4 4 5 -7
leaf_value=-7.9792219915333856e-06 8.4033645873601631e-05 -0.00055179778901087088 -4.4957563697604616e-05 -4.4282819317966479e-05 0.00014626891630472135 -0.00014367036740245279
leaf_weight=11872 705 152 3867 1407 1951 186
leaf_count=11872 705 152 3867 1407 1951 186
internal_value=-0.000127823 -0.00213047 -0.0037587 0.000510667 0.00433221 0.00860177
internal_weight=20140 4724 4019 15416 3544 2137
internal_count=20140 4724 4019 15416 3544 2137
is_linear=0
shrinkage=0.05


Tree=489
num_leaves=7
num_cat=0
split_feature=49 13 42 42 3 40
split_gain=10.7981 12.7061 19.43 19.5831 16.4291 16.0975
threshold=1.5372539758682253 0.052949666976928718 0.14107830077409747 0.12381926923990251 0.0071549005806446084 0.085131969302892699
decision_type=2 2 2 2 2 2
left_child=-1 4 3 -3 -2 -6
right_child=1 2 -4 -5 5 -7
leaf_value=-3.0577342618793744e-06 -1.3104157977864582e-05 -0.00012807248639200281 -0.0002325006832825334 0.00051811862174111001 0.00030157313156059978 6.7786973573895009e-05
leaf_weight=18948 347 85 106 62 281 443
leaf_count=18948 347 85 106 62 281 443
internal_value=-0.000166445 0.00442062 -0.00552326 0.00608553 0.00680762 0.0110768
internal_weight=20272 1324 253 147 1071 724
internal_count=20272 1324 253 147 1071 724
is_linear=0
shrinkage=0.05


Tree=490
num_leaves=7
num_cat=0
split_feature=55 41 0 53 44 36
split_gain=10.7589 35.5957 32.8623 34.2191 35.9691 29.337
threshold=117001.03906250001 0.08711555972695352 0.016938963904976848 -0.28445218503475184 0.12056406214833261 0.20582026988267901
decision_type=10 2 2 10 2 2
left_child=-1 -2 3 4 5 -3
right_child=1 2 -4 -5 -6 -7
leaf_value=7.2503326438958574e-06 2.2156742504187626e-05 -0.00021756277617604935 2.4172919120615248e-05 -0.0006050698671123232 -0.00032851126451573448 0.00070297091587794079
leaf_weight=16677 2213 87 562 347 257 110
leaf_count=16677 2213 87 562 347 257 110
internal_value=-0.000211028 -0.00222703 -0.00857091 -0.0150434 -0.00582789 0.0100248
internal_weight=20253 3576 1363 801 454 197
internal_count=20253 3576 1363 801 454 197
is_linear=0
shrinkage=0.05


Tree=491
num_leaves=7
num_cat=0
split_feature=36 47 26 44 44 38
split_gain=8.56024 54.2971 41.0884 37.2139 40.5369 35.7825
threshold=0.42110557854175573 0.97322154045104992 0.011978982482105495 0.081882029771804823 0.075727123767137541 -1.0000000180025095e-35
decision_type=2 2 2 2 2 2
left_child=-1 3 -3 4 -2 -5
right_child=1 2 -4 5 -6 -7
leaf_value=-7.1011093230552788e-06 -5.2023458423047223e-05 0.00024251872061678247 -1.5038367265698692e-05 0.00011453589395649355 -0.00031347728565845581 -6.5868851495767396e-05
leaf_weight=15530 1097 863 527 1135 298 832
leaf_count=15530 1097 863 527 1135 298 832
internal_value=-0.000235372 0.00186567 0.0101613 -0.00156668 -0.00780357 0.00285243
internal_weight=20282 4752 1390 3362 1395 1967
internal_count=20282 4752 1390 3362 1395 1967
is_linear=0
shrinkage=0.05


Tree=492
num_leaves=7
num_cat=0
split_feature=39 55 36 1 11 36
split_gain=12.6141 37.2111 32.2329 29.2111 29.5885 19.1964
threshold=-0.025136505253612992 8.1900837421417254 0.38634094595909124 -0.076240487396717058 -0.0075698192231357089 0.029732574708759788
decision_type=2 8 2 2 2 2
left_child=1 2 -1 -3 -5 -2
right_child=5 3 -4 4 -6 -7
leaf_value=-0.00037004860577346941 1.0705815888463762e-05 -0.00021400049406032786 5.6982909215191547e-06 0.00019891902123691363 2.6030946746098076e-05 -3.2435958005743559e-05
leaf_weight=179 9207 186 244 885 2874 6719
leaf_count=179 9207 186 244 885 2874 6719
internal_value=-0.000215528 0.00248685 -0.011507 0.00400633 0.00497476 -0.000544536
internal_weight=20294 4368 423 3945 3759 15926
internal_count=20294 4368 423 3945 3759 15926
is_linear=0
shrinkage=0.05


Tree=493
num_leaves=7
num_cat=0
split_feature=12 34 3 42 12 35
split_gain=9.24868 19.1638 18.7705 11.8507 7.9402 15.8668
threshold=-0.11239748075604437 -0.50343146920204151 0.013325378764420749 0.13614670187234881 0.052963843569159515 0.25668361783027654
decision_type=2 2 2 2 2 2
left_child=1 3 -3 -1 -2 -6
right_child=4 2 -4 -5 5 -7
leaf_value=0.00021035933794121762 3.0400875379542816e-06 0.00022490466175896888 -0.00075722824099478856 0.00047019789266421224 -1.8000105839834081e-06 -0.00012025386017212857
leaf_weight=67 18597 83 64 115 982 344
leaf_count=67 18597 83 64 115 982 344
internal_value=-0.000166609 0.00845808 -0.00476974 0.0191176 6.64894e-05 -0.00366266
internal_weight=20252 329 147 182 19923 1326
internal_count=20252 329 147 182 19923 1326
is_linear=0
shrinkage=0.05


Tree=494
num_leaves=7
num_cat=0
split_feature=23 46 47 9 1 52
split_gain=12.7994 18.5392 21.6698 21.3174 29.5958 50.4516
threshold=-0.0023859540233388539 0.94067120552062999 0.77555465698242199 -0.045576769858598702 -0.048927869647741311 -0.00011946979793719946
decision_type=2 2 2 2 2 10
left_child=-1 2 -2 -3 5 -5
right_child=1 3 -4 4 -6 -7
leaf_value=1.4801838342856284e-05 -0.00029858725003327436 -0.00010805307243910599 -3.4957804360389931e-05 0.00056830619247769923 7.1321776579308518e-06 -0.00013389997516289305
leaf_weight=8855 508 795 4446 286 5155 198
leaf_count=8855 508 795 4446 286 5155 198
internal_value=-0.000186438 -0.00116519 -0.0034634 0.000601802 0.00168763 0.0134458
internal_weight=20243 11388 4954 6434 5639 484
internal_count=20243 11388 4954 6434 5639 484
is_linear=0
shrinkage=0.05


Tree=495
num_leaves=7
num_cat=0
split_feature=21 2 1 35 51 35
split_gain=7.80295 23.7565 28.8227 37.4878 27.7723 28.7092
threshold=0.82500001788139354 0.0080892578698694723 0.01252114260569215 0.029902152717113498 -0.066446799784898744 -0.13645590841770169
decision_type=2 2 2 2 10 2
left_child=-1 2 3 -2 -3 -6
right_child=1 4 -4 -5 5 -7
leaf_value=-8.5940301834631467e-06 -0.00057378149854301903 0.00010998720773115365 8.8112895798790966e-05 0.00024928445898488022 -0.0001790936252693032 5.300410016553948e-05
leaf_weight=16123 259 2268 186 70 636 600
leaf_count=16123 259 2268 186 70 636 600
internal_value=-4.83943e-05 0.00164637 -0.00831731 -0.0171407 0.00312767 -0.00288074
internal_weight=20142 4019 515 329 3504 1236
internal_count=20142 4019 515 329 3504 1236
is_linear=0
shrinkage=0.05


Tree=496
num_leaves=7
num_cat=0
split_feature=57 41 22 36 36 39
split_gain=13.4951 26.0282 55.0506 46.5777 50.1695 47.9047
threshold=-7.3188292759596139e-08 0.092527456581592574 0.87500000000000011 -1.0000000180025095e-35 0.42110557854175573 0.03011525142937899
decision_type=10 2 2 2 2 2
left_child=1 2 -1 5 -5 -3
right_child=-2 3 -4 4 -6 -7
leaf_value=-1.1703994088021162e-05 1.862629260103381e-05 0.00018459362704206198 -0.00031651122254373795 -0.00029277809985894608 5.0353895157262582e-05 -0.00015161145094033657
leaf_weight=7934 8435 1805 689 561 606 377
leaf_count=7934 8435 1805 689 561 606 377
internal_value=-0.000170243 -0.000924689 -0.00237888 0.00281008 -0.00522611 0.00712163
internal_weight=20407 11972 8623 3349 1167 2182
internal_count=20407 11972 8623 3349 1167 2182
is_linear=0
shrinkage=0.05


Tree=497
num_leaves=7
num_cat=0
split_feature=52 24 52 36 1 39
split_gain=8.68772 15.1923 9.45945 23.6431 27.7951 27.6779
threshold=-0.46484526991844172 -0.081172447651624666 8.6531454144278555e-05 0.5808720886707307 0.069970041513443007 0.043531142175197608
decision_type=8 2 10 2 2 2
left_child=1 -1 -2 -4 5 -5
right_child=2 -3 3 4 -6 -7
leaf_value=0.00017086672947151131 5.9908725455684908e-06 -0.00034363800214574653 -6.7196331528494732e-05 0.00011476216911601679 -0.00034767537789643396 -0.00023341942659292582
leaf_weight=86 15352 115 3353 1236 118 87
leaf_count=86 15352 115 3353 1236 118 87
internal_value=-0.000224794 -0.0103155 3.7219e-06 -0.00193269 0.00340595 0.00551581
internal_weight=20347 201 20146 4794 1441 1323
internal_count=20347 201 20146 4794 1441 1323
is_linear=0
shrinkage=0.05


Tree=498
num_leaves=7
num_cat=0
split_feature=27 23 47 39 0 52
split_gain=9.5033 16.1522 14.079 21.2458 12.1918 20.3506
threshold=0.078220468014478697 0.0073150314856320628 0.88781979680061351 0.0060281548649072656 -0.077818077057600007 5.5771864936104982e-05
decision_type=2 2 2 2 2 10
left_child=4 -2 -3 -4 5 -1
right_child=1 2 3 -5 -6 -7
leaf_value=0.00024306523161442221 0.00018425229945636976 -0.00034694495393616939 -0.00022708179553142607 0.00010538524867178979 -1.1780585783864421e-06 -5.3457287836435913e-05
leaf_weight=180 74 80 69 93 19618 79
leaf_count=180 74 80 69 93 19618 79
internal_value=-0.000221557 -0.00864486 -0.0148785 -0.00583832 2.64058e-05 0.0107008
internal_weight=20193 316 242 162 19877 259
internal_count=20193 316 242 162 19877 259
is_linear=0
shrinkage=0.05


Tree=499
num_leaves=7
num_cat=0
split_feature=13 46 46 40 50 31
split_gain=8.64308 21.0019 23.3712 30.0598 31.6316 28.1167
threshold=0.0088904071599245089 0.54860651493072521 0.86449983716011058 0.060355370864272125 1.4087314009666445 59.793785095214851
decision_type=2 2 2 2 2 2
left_child=-1 -2 3 4 -3 -4
right_child=1 2 5 -5 -6 -7
leaf_value=-7.118187097765916e-06 0.000313252550128192 -7.0921378597565889e-05 8.1569747921201512e-05 -0.00012277736676150194 0.00038549227874866573 -3.424295100007049e-05
leaf_weight=14132 98 258 3243 920 143 1464
leaf_count=14132 98 258 3243 920 143 1464
internal_value=-0.0001863 0.00162698 0.00123902 -0.00461916 0.00671182 0.00289155
internal_weight=20258 6126 6028 1321 401 4707
internal_count=20258 6126 6028 1321 401 4707
is_linear=0
shrinkage=0.05


end of trees

feature_importances:
usd_beta_21d=199
vol_cc_63d=137
usd_beta_63d=134
vol_gk_252d=127
vol_ratio_63_252=123
kalman_trend=114
kalman_slope_zscore=113
price_to_ma_252d=111
kalman_slope=105
vol_gk_126d=103
usd_factor_63d=99
kalman_smoothness=99
rank_vol_63d=93
usd_factor_21d=90
avg_range_63d=78
mom_skip_recent=73
zscore_126d=73
ret_126d=64
vol_gk_63d=64
rank_vol_21d=63
vol_ratio_21_63=62
vol_gk_21d=55
zscore_63d=55
accel_21_63=54
ret_252d=49
sharpe_126d=49
channel_pos_126d=48
vol_cc_21d=47
avg_range_21d=44
accel_63_126=35
ret_42d=30
max_dd_63d=28
zscore_21d=28
ret_10d=25
rank_ret_126d=24
carry_proxy=22
channel_pos_21d=22
rank_ret_63d=20
rank_sharpe_63d=20
ret_21d=20
kalman_innovation=19
rank_sharpe_126d=18
price_to_ma_63d=17
ret_63d=16
bollinger_pctb_21d=15
rsi_63d=14
price_to_ma_21d=12
ret_5d=11
rsi_14d=10
channel_pos_63d=8
rank_carry_proxy=8
sharpe_21d=8
hmm_regime_transition_5d=7
sharpe_63d=6
usd_factor_1d=6
hmm_regime_prob_risk_off=6
rank_ret_21d=5
rank_sharpe_21d=5
arima_forecast=5
arima_residual_zscore=5

parameters:
[boosting: gbdt]
[objective: regression_l1]
[metric: custom]
[tree_learner: serial]
[device_type: cuda]
[data_sample_strategy: bagging]
[data: ]
[valid: ]
[num_iterations: 500]
[learning_rate: 0.05]
[num_leaves: 7]
[num_threads: 0]
[seed: 42]
[deterministic: 0]
[force_col_wise: 0]
[force_row_wise: 1]
[histogram_pool_size: -1]
[max_depth: -1]
[min_data_in_leaf: 50]
[min_sum_hessian_in_leaf: 0.001]
[bagging_fraction: 0.8]
[pos_bagging_fraction: 1]
[neg_bagging_fraction: 1]
[bagging_freq: 1]
[bagging_seed: 400]
[bagging_by_query: 0]
[feature_fraction: 0.7]
[feature_fraction_bynode: 1]
[feature_fraction_seed: 30056]
[extra_trees: 0]
[extra_seed: 12879]
[early_stopping_round: 0]
[early_stopping_min_delta: 0]
[first_metric_only: 0]
[max_delta_step: 0]
[lambda_l1: 0.5]
[lambda_l2: 5]
[linear_lambda: 0]
[min_gain_to_split: 0]
[drop_rate: 0.1]
[max_drop: 50]
[skip_drop: 0.5]
[xgboost_dart_mode: 0]
[uniform_drop: 0]
[drop_seed: 17869]
[top_rate: 0.2]
[other_rate: 0.1]
[min_data_per_group: 100]
[max_cat_threshold: 32]
[cat_l2: 10]
[cat_smooth: 10]
[max_cat_to_onehot: 4]
[top_k: 20]
[monotone_constraints: ]
[monotone_constraints_method: basic]
[monotone_penalty: 0]
[feature_contri: ]
[forcedsplits_filename: ]
[refit_decay_rate: 0.9]
[cegb_tradeoff: 1]
[cegb_penalty_split: 0]
[cegb_penalty_feature_lazy: ]
[cegb_penalty_feature_coupled: ]
[path_smooth: 0]
[interaction_constraints: ]
[verbosity: -1]
[saved_feature_importance_type: 0]
[use_quantized_grad: 0]
[num_grad_quant_bins: 4]
[quant_train_renew_leaf: 0]
[stochastic_rounding: 1]
[linear_tree: 0]
[max_bin: 63]
[max_bin_by_feature: ]
[min_data_in_bin: 3]
[bin_construct_sample_cnt: 200000]
[data_random_seed: 175]
[is_enable_sparse: 1]
[enable_bundle: 1]
[use_missing: 1]
[zero_as_missing: 0]
[feature_pre_filter: 1]
[pre_partition: 0]
[two_round: 0]
[header: 0]
[label_column: ]
[weight_column: ]
[group_column: ]
[ignore_column: ]
[categorical_feature: ]
[forcedbins_filename: ]
[precise_float_parser: 0]
[parser_config_file: ]
[objective_seed: 16083]
[num_class: 1]
[is_unbalance: 0]
[scale_pos_weight: 1]
[sigmoid: 1]
[boost_from_average: 1]
[reg_sqrt: 0]
[alpha: 0.9]
[fair_c: 1]
[poisson_max_delta_step: 0.7]
[tweedie_variance_power: 1.5]
[lambdarank_truncation_level: 30]
[lambdarank_norm: 1]
[label_gain: ]
[lambdarank_position_bias_regularization: 0]
[eval_at: ]
[multi_error_top_k: 1]
[auc_mu_weights: ]
[num_machines: 1]
[local_listen_port: 12400]
[time_out: 120]
[machine_list_filename: ]
[machines: ]
[gpu_platform_id: -1]
[gpu_device_id: -1]
[gpu_device_id_list: ]
[gpu_use_dp: 0]
[num_gpu: 1]

end of parameters

pandas_categorical:null
