tree
version=v4
num_class=1
num_tree_per_iteration=1
label_index=0
max_feature_idx=60
objective=regression_l1
feature_names=accel_21_63 accel_63_126 avg_range_21d avg_range_63d bollinger_pctb_21d carry_proxy channel_pos_126d channel_pos_21d channel_pos_63d max_dd_63d mom_skip_recent price_to_ma_21d price_to_ma_252d price_to_ma_63d rank_carry_proxy rank_ret_126d rank_ret_21d rank_ret_63d rank_sharpe_126d rank_sharpe_21d rank_sharpe_63d rank_vol_21d rank_vol_63d ret_10d ret_126d ret_21d ret_252d ret_42d ret_5d ret_63d rsi_14d rsi_63d sharpe_126d sharpe_21d sharpe_63d usd_beta_21d usd_beta_63d usd_factor_1d usd_factor_21d usd_factor_63d vol_cc_21d vol_cc_63d vol_gk_126d vol_gk_21d vol_gk_252d vol_gk_63d vol_ratio_21_63 vol_ratio_63_252 zscore_126d zscore_21d zscore_63d kalman_trend kalman_slope kalman_slope_zscore kalman_innovation kalman_smoothness hmm_regime_prob_risk_off hmm_regime_transition_5d arima_forecast arima_residual arima_residual_zscore
feature_infos=[-0.26809298992156982:0.23272283375263214] [-0.26255416870117188:0.23357897996902466] [0.00028506756643764675:0.030096430331468582] [0.00056281563593074679:0.021216129884123802] [-2.1817340850830078:2.1534316539764404] [-1.5809764862060547:1.9219774007797241] [0:1] [0:1] [0:1] [-0.2247730940580368:0] [-0.24336469173431396:0.43072208762168884] [-0.18110655248165131:0.14812014997005463] [-0.1951410174369812:0.26251325011253357] [-0.18672631680965424:0.15493281185626984] [0.05000000074505806:1] [0.05000000074505806:1] [0.05000000074505806:1] [0.05000000074505806:1] [0.05000000074505806:1] [0.05000000074505806:1] [0.05000000074505806:1] [0.05000000074505806:1] [0.05000000074505806:1] [-0.18885858356952667:0.16665816307067871] [-0.25921016931533813:0.34307342767715454] [-0.18780495226383209:0.20505939424037933] [-0.25066268444061279:0.41366931796073914] [-0.21934039890766144:0.27701249718666077] [-0.18780495226383209:0.19092723727226257] [-0.19209679961204529:0.25151437520980835] [0.47960564494132996:100] [4.3956151008605957:78.511314392089844] [-2.0049896240234375:2.7887768745422363] [-0.91847944259643555:1.0865364074707031] [-1.5809764862060547:1.9219774007797241] [-0.92238748073577881:0.91916948556900024] [-0.96863085031509399:0.96137493848800659] [-0.027317339554429054:0.020545076578855515] [-0.046890910714864731:0.082678712904453278] [-0.059918724000453949:0.083423346281051636] [0.0014676422579213977:0.73532307147979736] [0.0021560536697506905:0.42847311496734619] [0.014051584526896477:0.1934303492307663] [0.0033726203255355358:0.33884483575820923] [0.02019953541457653:0.17599578201770782] [0.010701158083975315:0.2396504282951355] [0.31516405940055847:1.7290194034576416] [0.097467020153999329:1.9800679683685303] [-15.043925285339355:4.7361602783203125] [-15.182501792907715:6.6562557220458984] [-15.029708862304688:6.1560940742492676] none none none none none none none none none none
tree_sizes=802 806 813 808 799 814 809 806 809 811 806 815 804 809 814 818 810 806 804 800 802 804 807 802 808 807 814 809 805 813 808 810 817 817 816 813 805 812 807 810 817 810 810 810 803 814 806 808 812 814 806 812 800 803 801 801 791 813 813 805 818 813 819 803 806 805 801 803 801 805 796 807 802 807 807 805 814 807 786 793 805 793 803 801 797 811 801 803 810 800 799 802 799 803 812 812 795 797 807 807 809 790 805 802 804 814 811 791 800 802 809 811 815 799 791 803 803 800 802 793 807 802 795 805 816 794 800 798 810 798 798 803 798 808 799 798 793 808 811 802 805 798 805 790 794 802 808 805 802 810 798 809 798 805 800 806 811 802 795 809 801 802 798 805 803 805 801 808 800 806 791 794 809 794 814 809 804 809 794 803 788 797 795 808 800 802 806 810 782 797 802 800 792 794 799 797 792 796 808 800 805 799 810 800 795 815 797 799 818 794 803 805 812 798 800 813 804 809 805 804 791 810 792 789 790 815 815 794 807 804 801 811 797 807 806 793 806 792 809 791 797 802 800 804 798 798 816 805 801 789 796 805 800 803 792 799 797 794 810 796 787 813 800 803 809 803 809 798 803 794 794 811 796 797 806 786 804 799 791 807 797 800 801 793 801 792 803 809 787 804 794 796 807 800 794 802 811 798 796 809 800 810 802 799 801 780 796 795 794 802 785 810 802 812 794 797 802 803 790 812 802 805 807 805 790 801 812 780 799 802 785 796 818 802 807 801 803 788 801 803 805 796 808 794 819 800 806 803 806 801 801 795 795 801 802 791 782 777 801 813 792 796 790 809 803 797 812 790 794 804 811 793 788 801 811 807 791 803 799 796 811 795 784 815 800 797 779 806 804 800 801 807 806 805 785 802 804 803 803 797 795 815 802 806 800 806 806 802 784 809 796 789 796 797 798 802 806 791 800 812 814 797 768 801 792 810 815 805 802 814 800 794 804 803 796 804 789 799 801 800 808 796 798 788 801 797 793 799 803 804 811 804 800 806 811 786 793 805 813 806 805 780 790 810 792 794 798 818 803 806 798 804 793 774 797 810 787 803 804 789 805 781 801 796 804 802 787 801 799 807 804 785 788 781 795 807 801 806 810 804

Tree=0
num_leaves=7
num_cat=0
split_feature=44 0 35 25 20 38
split_gain=205.784 307.772 157.161 151.687 80.4757 105.176
threshold=0.063427325338125243 -0.033398013561964028 0.55096033215522777 -0.051341755315661423 0.72499999403953563 -0.012025413103401659
decision_type=10 10 10 8 8 8
left_child=1 -1 3 -3 5 -2
right_child=4 2 -4 -5 -6 -7
leaf_value=0.0007178343774285167 0.00082217896706424662 0.0019821132475044577 0.00073592122062109415 -0.00010711528011597693 0.00034959613112732767 0.00050419578328728674
leaf_weight=1523 1788 175 294 3566 4691 8151
leaf_count=1523 1788 175 294 3566 4691 8151
internal_value=0.00052897 -0.00764323 -0.0148696 -0.0176427 0.0036541 0.00620151
internal_weight=20188 5558 4035 3741 14630 9939
internal_count=20188 5558 4035 3741 14630 9939
is_linear=0
shrinkage=1


Tree=1
num_leaves=7
num_cat=0
split_feature=48 13 1 24 49 35
split_gain=157.853 297.127 136.23 104.451 72.6825 71.8491
threshold=-1.9102648496627805 -0.063049886375665651 0.080080687999725356 0.056717354804277427 0.18599241971969607 0.13070254027843478
decision_type=10 10 10 10 10 8
left_child=1 -1 3 4 -3 -2
right_child=5 2 -4 -5 -6 -7
leaf_value=0.00054380357760237536 0.00017031561117619276 -0.00034475687629310415 0.00065847000136272978 -0.00099721647769911224 0.00018309436534764246 -2.8112685631640487e-05
leaf_weight=1205 9022 4323 312 492 580 4269
leaf_count=1205 9022 4323 312 492 580 4269
internal_value=0.000196704 -0.00603947 -0.0108062 -0.0126713 -0.010437 0.00327354
internal_weight=20203 6912 5707 5395 4903 13291
internal_count=20203 6912 5707 5395 4903 13291
is_linear=0
shrinkage=0.05


Tree=2
num_leaves=7
num_cat=0
split_feature=25 48 41 1 24 21
split_gain=135.663 198.845 136.551 114.541 96.0722 86.7896
threshold=-0.063658580183982835 -1.9102648496627805 0.16877767443656924 -0.021466596052050587 -0.040019830688834183 0.42499999701976782
decision_type=10 10 8 8 8 8
left_child=-1 2 4 -4 -2 -3
right_child=1 5 3 -5 -6 -7
leaf_value=0.00070418677081761415 -5.2383584450581108e-05 -3.0441322744991342e-05 -0.0018807726687082322 0.00047764501352503429 -0.00042278952740889511 0.00021649641412886924
leaf_weight=641 1702 5319 108 1077 3526 7939
leaf_count=641 1702 5319 108 1077 3526 7939
internal_value=0.000136585 -0.000646727 -0.00787239 0.00741597 -0.0113463 0.00284815
internal_weight=20312 19671 6413 1185 5228 13258
internal_count=20312 19671 6413 1185 5228 13258
is_linear=0
shrinkage=0.05


Tree=3
num_leaves=7
num_cat=0
split_feature=44 0 35 11 17 42
split_gain=154.545 256.401 131.474 132.852 75.3077 82.9776
threshold=0.063427325338125243 -0.04636245779693126 0.55096033215522777 -0.036567898467183106 0.82500001788139354 0.1022516041994095
decision_type=10 10 10 8 8 10
left_child=1 -1 3 -3 5 -2
right_child=4 2 -4 -5 -6 -7
leaf_value=0.00035554506503467564 1.8308413913052848e-05 0.0018363742597657621 0.00033796709002958779 -0.00042063274622123573 -9.8943226602682451e-05 0.00034152657202243976
leaf_weight=1354 6805 126 294 3863 3223 4680
leaf_count=1354 6805 126 294 3863 3223 4680
internal_value=0.000101966 -0.00702322 -0.0130189 -0.0154044 0.00271019 0.00460618
internal_weight=20345 5637 4283 3989 14708 11485
internal_count=20345 5637 4283 3989 14708 11485
is_linear=0
shrinkage=0.05


Tree=4
num_leaves=7
num_cat=0
split_feature=25 44 41 35 1 35
split_gain=134.851 182.431 162.816 103.528 71.3153 66.3618
threshold=-0.063658580183982835 0.063427325338125243 0.18349169939756396 0.4802138358354569 0.020032591186463836 -0.399615928530693
decision_type=10 10 8 10 8 8
left_child=-1 2 3 5 -4 -2
right_child=1 -3 4 -5 -6 -7
leaf_value=0.00066314164414923906 -0.00096458421070467018 6.2870794348758062e-05 -0.0011042638016170896 0.00013017845704061301 0.00047956142579219435 -0.00031391324922780774
leaf_weight=647 322 14418 81 429 912 3412
leaf_count=647 322 14418 81 429 912 3412
internal_value=0.000107535 -0.000529904 -0.00859814 -0.0129379 0.00954409 -0.0156125
internal_weight=20221 19574 5156 4163 993 3734
internal_count=20221 19574 5156 4163 993 3734
is_linear=0
shrinkage=0.05


Tree=5
num_leaves=7
num_cat=0
split_feature=25 48 46 39 42 24
split_gain=125.712 163.082 132.368 101.97 99.1653 98.4783
threshold=-0.063658580183982835 -1.9102648496627805 0.72186577320098888 0.042577352374792106 0.1022516041994095 0.056717354804277427
decision_type=10 10 10 10 10 10
left_child=-1 2 -2 4 -3 -4
right_child=1 3 5 -5 -6 -7
leaf_value=0.00064024946875867583 0.00029458967854725733 2.2687120699425587e-05 -0.00020199008255483526 -0.00021744927353618072 0.00039143431078973099 -0.00092145317474814784
leaf_weight=644 947 6762 5012 2383 4074 482
leaf_count=644 947 6762 5012 2383 4074 482
internal_value=0.000102171 -0.000369947 -0.00689187 0.0028074 0.00486809 -0.00986998
internal_weight=20304 19660 6441 13219 10836 5494
internal_count=20304 19660 6441 13219 10836 5494
is_linear=0
shrinkage=0.05


Tree=6
num_leaves=7
num_cat=0
split_feature=25 48 3 39 25 22
split_gain=121.145 133.147 146.003 97.8666 105.884 93.7642
threshold=-0.063658580183982835 -1.7847539186477659 0.015042200218886139 0.011678854469209911 -0.0026187340263277288 0.82500001788139354
decision_type=8 10 8 10 8 8
left_child=-1 2 -2 -3 -5 -4
right_child=1 3 5 4 -6 -7
leaf_value=0.0014240667783617343 -0.0002678207295077289 0.00015694868721869093 -0.00099269961383616082 0.00016643942377904899 -0.00017765933682827167 0.0003590164461054741
leaf_weight=344 5469 6528 156 2619 3829 1345
leaf_count=344 5469 6528 156 2619 3829 1345
internal_value=8.746e-05 -0.000560122 -0.00613262 0.0024324 -0.00193321 0.00765272
internal_weight=20290 19946 6970 12976 6448 1501
internal_count=20290 19946 6970 12976 6448 1501
is_linear=0
shrinkage=0.05


Tree=7
num_leaves=7
num_cat=0
split_feature=25 47 0 43 23 50
split_gain=91.0609 84.8397 144.023 84.0002 77.2491 75.203
threshold=-0.063658580183982835 1.1817281246185305 -0.10228887945413588 0.12616833299398425 0.023323359899222854 1.0126824378967287
decision_type=8 8 10 10 10 8
left_child=-1 4 3 -3 -2 -4
right_child=1 2 5 -5 -6 -7
leaf_value=0.0013930648929816227 9.2813343302599097e-06 0.00015043648780135581 -6.9062558992405326e-05 0.0018337263151909065 0.00059382686463436973 -0.00044582847247000691
leaf_weight=315 11846 941 2435 166 1236 3365
leaf_count=315 11846 941 2435 166 1236 3365
internal_value=3.32365e-05 -0.000556417 -0.00503834 0.0114433 0.00180905 -0.00819552
internal_weight=20304 19989 6907 1107 13082 5800
internal_count=20304 19989 6907 1107 13082 5800
is_linear=0
shrinkage=0.05


Tree=8
num_leaves=7
num_cat=0
split_feature=44 0 38 12 24 20
split_gain=127.787 188.091 102.215 121.201 84.8157 80.0894
threshold=0.063427325338125243 -0.036386433988809579 0.031115367077291015 -0.0036306261317804451 -0.027136513032019135 0.72499999403953563
decision_type=10 10 8 10 10 8
left_child=1 -1 3 -3 -4 -2
right_child=5 2 4 -5 -6 -7
leaf_value=0.00023911988645982049 0.00013547007877865268 -0.00052841219153690116 0.00075440863203548702 5.3059801156425917e-05 -0.00043358312928539031 -7.6372066268711648e-05
leaf_weight=1507 9892 2892 305 746 191 4733
leaf_count=1507 9892 2892 305 746 191 4733
internal_value=5.79646e-05 -0.0063452 -0.0118567 -0.0147612 0.00933134 0.00251025
internal_weight=20266 5641 4134 3638 496 14625
internal_count=20266 5641 4134 3638 496 14625
is_linear=0
shrinkage=0.05


Tree=9
num_leaves=7
num_cat=0
split_feature=44 13 35 35 35 29
split_gain=96.5831 141.979 93.7405 69.2198 75.1255 65.9094
threshold=0.063427325338125243 -0.063049886375665651 0.55096033215522777 -0.399615928530693 -0.078873842954635606 0.021130520850420002
decision_type=10 10 10 8 8 10
left_child=1 -1 3 -3 -5 -2
right_child=5 2 -4 4 -6 -7
leaf_value=0.00031224272101615678 0.00013034892842273815 -0.00090458736333429374 0.00033206820515384924 0.00041950651394097283 -0.00025208486322784155 -6.0619709612766182e-05
leaf_weight=1105 9155 310 316 174 3713 5461
leaf_count=1105 9155 310 316 174 3713 5461
internal_value=4.81743e-05 -0.00536635 -0.00930168 -0.0112863 -0.00943602 0.00234423
internal_weight=20234 5618 4513 4197 3887 14616
internal_count=20234 5618 4513 4197 3887 14616
is_linear=0
shrinkage=0.05


Tree=10
num_leaves=7
num_cat=0
split_feature=44 0 25 42 36 36
split_gain=105.486 176.098 105.292 126.765 112.134 70.322
threshold=0.063427325338125243 -0.033398013561964028 -0.051341755315661423 0.1022516041994095 0.44853021204471594 -0.81640949845314015
decision_type=10 10 8 8 8 8
left_child=1 -1 -3 4 -4 -2
right_child=5 2 3 -5 -6 -7
leaf_value=0.00022759335602105004 -0.0002574460641366568 0.0014025746406598656 -0.00028096048174240521 -0.00073695300351918716 0.00011171829875902078 8.6368012064157979e-05
leaf_weight=1564 1107 184 1086 1817 976 13527
leaf_count=1564 1107 184 1086 1817 976 13527
internal_value=2.83726e-05 -0.00570401 -0.011191 -0.012957 -0.0044388 0.00234818
internal_weight=20261 5627 4063 3879 2062 14634
internal_count=20261 5627 4063 3879 2062 14634
is_linear=0
shrinkage=0.05


Tree=11
num_leaves=7
num_cat=0
split_feature=25 44 0 35 36 21
split_gain=84.8817 88.2964 145.556 95.8565 65.3242 75.9928
threshold=-0.063658580183982835 0.063427325338125243 -0.036386433988809579 0.4802138358354569 -0.81640949845314015 0.12500000372529033
decision_type=8 10 10 10 8 8
left_child=-1 2 -2 -4 -3 -6
right_child=1 4 3 -5 5 -7
leaf_value=0.0012979940600632207 0.00020002193993797412 -0.00028444235041161442 -0.00035168625690879169 0.00014462734440731149 -8.5650251189127991e-05 0.00010885384969506937
leaf_weight=329 1463 1120 3570 383 839 12515
leaf_count=329 1463 1120 3570 383 839 12515
internal_value=6.30439e-05 -0.000491329 -0.00593525 -0.0109209 0.00154534 0.00252077
internal_weight=20219 19890 5416 3953 14474 13354
internal_count=20219 19890 5416 3953 14474 13354
is_linear=0
shrinkage=0.05


Tree=12
num_leaves=7
num_cat=0
split_feature=25 48 24 44 3 32
split_gain=92.0381 136.675 119.507 147.071 85.9844 79.7166
threshold=-0.063658580183982835 -1.7847539186477659 0.04921365529298783 0.13927501440048221 0.015042200218886139 -0.13012889027595517
decision_type=10 10 10 10 8 8
left_child=-1 2 3 4 -2 -5
right_child=1 -3 -4 5 -6 -7
leaf_value=0.0005497365460501594 -0.00023623891644843182 6.2984465968397052e-05 -0.00080811010758075031 0.0023615571252903946 0.00018175598881020854 0.00018827677454970898
leaf_weight=644 4330 12981 589 221 1113 293
leaf_count=644 4330 12981 589 221 1113 293
internal_value=8.30194e-05 -0.00053374 -0.00642268 -0.00428128 -0.0067043 0.0211464
internal_weight=20171 19527 6546 5957 5443 514
internal_count=20171 19527 6546 5957 5443 514
is_linear=0
shrinkage=0.05


Tree=13
num_leaves=7
num_cat=0
split_feature=25 48 36 10 41 39
split_gain=77.6439 94.9307 127.417 118.651 98.4917 75.7751
threshold=-0.063658580183982835 -1.7847539186477659 -0.33333390951156611 -0.070937596261501298 0.14508073031902316 0.020058335736393932
decision_type=8 10 8 8 8 10
left_child=-1 2 5 -4 -5 -2
right_child=1 -3 3 4 -6 -7
leaf_value=0.0012021095454521466 -0.0014490584656992125 5.2004288790478888e-05 0.00081479529705383953 -0.00019872295062724348 0.00017380583664805126 -0.00032201924040543031
leaf_weight=343 326 12968 319 4037 1702 610
leaf_count=343 326 12968 319 4037 1702 610
internal_value=-2.33875e-05 -0.000474533 -0.0051686 -0.00250289 -0.00416522 -0.0222901
internal_weight=20305 19962 6994 6058 5739 936
internal_count=20305 19962 6994 6058 5739 936
is_linear=0
shrinkage=0.05


Tree=14
num_leaves=7
num_cat=0
split_feature=25 39 0 0 12 8
split_gain=71.5577 64.9745 97.6491 77.5599 116.582 106.365
threshold=-0.063658580183982835 0.042577352374792106 -0.016107329167425629 0.026009318418800834 0.0033793736947700386 0.51633721590042125
decision_type=8 10 8 8 8 8
left_child=-1 3 -3 -2 -5 -6
right_child=1 2 -4 4 5 -7
leaf_value=0.0011657390876794495 -2.218994241775973e-05 0.00017082085120214666 -0.00037840415313216037 0.00044674329774694634 -0.00051848275356328134 0.00018319661622544768
leaf_weight=340 12561 1130 2366 1886 718 1394
leaf_count=340 12561 1130 2366 1886 718 1394
internal_value=2.81863e-05 -0.00042996 -0.00661954 0.000876902 0.00693855 -0.00112187
internal_weight=20395 20055 3496 16559 3998 2112
internal_count=20395 20055 3496 16559 3998 2112
is_linear=0
shrinkage=0.05


Tree=15
num_leaves=7
num_cat=0
split_feature=36 24 44 46 44 41
split_gain=67.218 81.7479 131.985 77.6232 94.7599 105.789
threshold=-0.81640949845314015 -0.033089421689510339 0.12376296520233156 0.89574939012527477 0.059932647272944457 0.022004112601280216
decision_type=8 8 10 8 10 10
left_child=-1 2 -2 -3 5 -5
right_child=1 3 -4 4 -6 -7
leaf_value=-0.00028686734502316022 7.9206500721357891e-05 -0.00011721293166771486 0.00094398759092512987 0.00011256286776028199 0.00012464874703901731 -0.00037873072725085646
leaf_weight=1267 3550 3888 735 1076 7808 2034
leaf_count=1267 3550 3888 735 1076 7808 2034
internal_value=2.33266e-05 0.000687317 0.00676573 -0.00107184 0.00108716 -0.00628411
internal_weight=20358 19091 4285 14806 10918 3110
internal_count=20358 19091 4285 14806 10918 3110
is_linear=0
shrinkage=0.05


Tree=16
num_leaves=7
num_cat=0
split_feature=44 17 30 48 17 15
split_gain=62.9454 107.816 75.1824 85.048 110.7 66.0396
threshold=0.096753001213073744 0.82500001788139354 33.266874313354499 -1.494889974594116 0.47499999403953558 0.57500001788139354
decision_type=10 8 10 10 8 10
left_child=2 -2 -1 4 -4 -6
right_child=1 -3 3 -5 5 -7
leaf_value=0.00012346666969454177 0.00021038261213783506 -0.00020114830404674097 -0.00045640850432509552 2.1726731528490362e-06 8.2373893045978549e-05 -0.00040352211728037006
leaf_weight=2348 5883 1943 1844 5858 1721 799
leaf_count=2348 5883 1943 1844 5858 1721 799
internal_value=6.73987e-05 0.00376389 -0.00194632 -0.00380121 -0.00908103 -0.00224752
internal_weight=20396 7826 12570 10222 4364 2520
internal_count=20396 7826 12570 10222 4364 2520
is_linear=0
shrinkage=0.05


Tree=17
num_leaves=7
num_cat=0
split_feature=36 44 0 15 21 0
split_gain=67.0639 69.7263 107.798 96.9009 81.4035 92.9407
threshold=-0.81640949845314015 0.065402470529079451 -0.0214357441291213 0.57500001788139354 0.12500000372529033 -0.011376887094229458
decision_type=8 10 10 8 8 8
left_child=-1 2 -2 -4 -3 -6
right_child=1 4 3 -5 5 -7
leaf_value=-0.00029331015981143418 0.00014296756169445123 -9.8243421020626946e-05 -4.4897529604804971e-05 -0.00045204893605354775 -4.4142549776121721e-05 0.00019673353398252285
leaf_weight=1271 1918 805 2364 1442 5226 7223
leaf_count=1271 1918 805 2364 1442 5226 7223
internal_value=0 0.000615024 -0.00399284 -0.0088625 0.00260766 0.00360727
internal_weight=20249 18978 5724 3806 13254 12449
internal_count=20249 18978 5724 3806 13254 12449
is_linear=0
shrinkage=0.05


Tree=18
num_leaves=7
num_cat=0
split_feature=48 50 44 32 45 39
split_gain=64.5207 128.828 91.4483 109.188 92.9906 85.2127
threshold=-1.7847539186477659 0.33934311568737036 0.12136373668909074 -0.1915970295667648 0.16937501728534701 0.01277802372351289
decision_type=10 10 10 8 8 10
left_child=1 2 4 -4 -1 -2
right_child=5 -3 3 -5 -6 -7
leaf_value=-0.00023203479938599619 0.00014540331332999325 -0.00091790066022348887 0.0014289301901562789 -1.7859018775423331e-05 0.00019141654872451464 -5.5486443554155899e-05
leaf_weight=4184 6793 450 398 595 1514 6396
leaf_count=4184 6793 450 398 595 1514 6396
internal_value=-2.33587e-05 -0.0038658 -0.00210947 0.0118487 -0.00455462 0.00203312
internal_weight=20330 7141 6691 993 5698 13189
internal_count=20330 7141 6691 993 5698 13189
is_linear=0
shrinkage=0.05


Tree=19
num_leaves=7
num_cat=0
split_feature=47 26 36 22 13 26
split_gain=66.096 87.1538 77.173 77.1173 73.5211 67.832
threshold=0.85239627957344066 0.24302762746810916 -0.81640949845314015 0.82500001788139354 -0.0514732077717781 0.22071006149053576
decision_type=10 8 8 10 10 10
left_child=4 2 3 -2 -1 -6
right_child=1 -3 -4 -5 5 -7
leaf_value=0.00029362459267479095 -6.0965050958495007e-06 -0.00052580593366252767 0.00014461900902020854 -0.0010230074940261187 -9.6719346425128323e-05 0.000545997756393237
leaf_weight=1205 487 390 9016 241 8742 266
leaf_count=1205 487 390 9016 241 8742 266
internal_value=3.31663e-05 0.00282819 0.00376192 -0.0118349 -0.00286994 -0.00442417
internal_weight=20347 10134 9744 728 10213 9008
internal_count=20347 10134 9744 728 10213 9008
is_linear=0
shrinkage=0.05


Tree=20
num_leaves=7
num_cat=0
split_feature=48 24 44 41 19 12
split_gain=60.8383 134.611 113.405 106.021 75.6455 93.6864
threshold=-1.9102648496627805 0.056717354804277427 0.13927501440048221 0.16877767443656924 0.67499998211860668 -0.033603854477405541
decision_type=10 10 10 8 8 10
left_child=1 2 3 -1 5 -4
right_child=-2 -3 4 -5 -6 -7
leaf_value=-0.00019797957375267415 3.4728587911340762e-05 -0.00079558823640938313 0.0016486175399456531 0.00022858383308090523 0.0015266262048197006 -0.00059289251876584617
leaf_weight=4365 13336 524 151 1513 283 169
leaf_count=4365 13336 524 151 1513 283 169
internal_value=-3.68623e-06 -0.00424037 -0.00225486 -0.00438127 0.0182977 0.00146154
internal_weight=20341 7005 6481 5878 603 320
internal_count=20341 7005 6481 5878 603 320
is_linear=0
shrinkage=0.05


Tree=21
num_leaves=7
num_cat=0
split_feature=48 50 35 1 42 42
split_gain=49.1469 124.284 115.301 101.209 80.7158 81.5364
threshold=-1.9102648496627805 -0.39200589060783381 0.55096033215522777 0.058465842157602317 0.1022516041994095 0.12974961102008822
decision_type=10 10 8 10 10 10
left_child=1 3 -3 -1 -2 -6
right_child=4 2 -4 -5 5 -7
leaf_value=-9.750193516453152e-05 -2.3593836370638165e-05 -0.00068749291437424163 0.00063096965065903153 0.00063094936080692297 0.00040023495427479391 -9.886066146008477e-05
leaf_weight=5600 8544 629 129 608 3171 1674
leaf_count=5600 8544 629 129 608 3171 1674
internal_value=-5.27996e-05 -0.00372615 -0.022772 -0.00138017 0.00145028 0.00660309
internal_weight=20355 6966 758 6208 13389 4845
internal_count=20355 6966 758 6208 13389 4845
is_linear=0
shrinkage=0.05


Tree=22
num_leaves=7
num_cat=0
split_feature=25 48 36 1 41 29
split_gain=58.7557 69.1063 123.593 104.393 99.1429 93.3469
threshold=-0.063658580183982835 -1.7847539186477659 -0.14853402972221372 -0.023539889603853222 0.10430466756224634 -0.038248864933848374
decision_type=8 10 8 8 8 10
left_child=-1 2 5 4 -4 -2
right_child=1 -3 3 -5 -6 -7
leaf_value=0.0009549253542357124 -0.00017879679170815132 3.4570279324469305e-05 -1.0266514433286115e-05 1.8333381098527277e-05 -0.0011122558962877555 -0.0010651625405399563
leaf_weight=346 556 13069 466 4939 460 461
leaf_count=346 556 13069 466 4939 460 461
internal_value=-3.69422e-06 -0.000762928 -0.00481705 -0.00201448 -0.0173738 -0.0208659
internal_weight=20297 19951 6882 5865 926 1017
internal_count=20297 19951 6882 5865 926 1017
is_linear=0
shrinkage=0.05


Tree=23
num_leaves=7
num_cat=0
split_feature=48 50 1 13 40 43
split_gain=57.2041 115.819 78.0349 89.7995 75.8679 66.0856
threshold=-1.9102648496627805 0.39306554198265081 0.058465842157602317 -0.063049886375665651 0.087683420628309264 0.12616833299398425
decision_type=10 10 10 10 8 10
left_child=1 2 3 5 -4 -1
right_child=-2 -3 4 -5 -6 -7
leaf_value=4.0919148508000391e-05 4.46587674666568e-05 -0.00093674788078549568 -0.00028416542004748439 -0.00018154566797702327 0.00088793751007268948 0.0015057223902986611
leaf_weight=947 13315 406 176 4747 431 261
leaf_count=947 13315 406 176 4747 431 261
internal_value=-4.31289e-05 -0.00386849 -0.00224989 -0.00399748 0.0147467 0.00814097
internal_weight=20283 6968 6562 5955 607 1208
internal_count=20283 6968 6562 5955 607 1208
is_linear=0
shrinkage=0.05


Tree=24
num_leaves=7
num_cat=0
split_feature=0 22 12 45 42 3
split_gain=50.9561 53.2887 76.9959 78.4731 142.576 84.2031
threshold=0.087956402450799956 0.57500001788139354 0.0071379558648914107 0.10616617649793626 0.1022516041994095 0.015940513461828235
decision_type=10 8 8 10 10 8
left_child=1 -1 -3 4 -4 -5
right_child=-2 2 3 5 -6 -7
leaf_value=-3.8630588763475921e-05 -0.00083738718962721886 0.00029109210664290123 4.6482018523007062e-06 -0.00031668728843502322 0.0010288121817060849 0.00055184948374571252
leaf_weight=10619 310 2956 2427 2896 603 469
leaf_count=10619 310 2956 2427 2896 603 469
internal_value=6.28543e-05 2.8786e-05 0.00278164 -0.000300781 0.00552718 -0.00555638
internal_weight=20280 19970 9351 6395 3030 3365
internal_count=20280 19970 9351 6395 3030 3365
is_linear=0
shrinkage=0.05


Tree=25
num_leaves=7
num_cat=0
split_feature=25 48 36 10 29 1
split_gain=61.0404 61.6537 115.298 92.0498 74.1344 61.3358
threshold=-0.063658580183982835 -1.7847539186477659 -0.33333390951156611 -0.070937596261501298 -0.038248864933848374 -0.023539889603853222
decision_type=8 10 8 8 10 8
left_child=-1 2 4 -4 -2 -5
right_child=1 -3 3 5 -6 -7
leaf_value=0.0010322840692389274 -0.0002132600058132918 2.5213027565360975e-05 0.00077317952028161047 -0.00032707900869332344 -0.0011641544447743982 -2.5713921843450918e-05
leaf_weight=338 520 13032 328 945 411 4710
leaf_count=338 520 13032 328 945 411 4710
internal_value=-3.8198e-05 -0.000936043 -0.00475141 -0.00219188 -0.0210737 -0.003697
internal_weight=20284 19946 6914 5983 931 5655
internal_count=20284 19946 6914 5983 931 5655
is_linear=0
shrinkage=0.05


Tree=26
num_leaves=7
num_cat=0
split_feature=36 24 46 6 48 39
split_gain=46.9901 66.2218 58.0882 106.601 71.5566 137.236
threshold=-0.81640949845314015 -0.13559197634458539 0.89574939012527477 0.62196704745292675 -0.39113730192184443 0.01277802372351289
decision_type=8 8 8 8 10 10
left_child=-1 -2 3 -3 -4 -6
right_child=1 2 4 -5 5 -7
leaf_value=-0.00023641283771765704 0.0018846062823854922 2.7221110760152087e-05 -3.4445061215864537e-05 -0.00024806806933625267 0.00042056451570922257 -1.6823079408196284e-05
leaf_weight=1258 225 3023 7809 2046 2565 3328
leaf_count=1258 225 3023 7809 2046 2565 3328
internal_value=-2.83824e-05 0.000398663 7.05688e-05 -0.00449842 0.0017637 0.0059215
internal_weight=20254 18996 18771 5069 13702 5893
internal_count=20254 18996 18771 5069 13702 5893
is_linear=0
shrinkage=0.05


Tree=27
num_leaves=7
num_cat=0
split_feature=36 22 12 41 42 2
split_gain=60.6592 73.3843 115.945 104.114 116.948 73.0432
threshold=-0.81640949845314015 0.57500001788139354 0.012688007205724718 0.09588948637247087 0.1022516041994095 0.0076322495006024846
decision_type=8 8 8 10 10 8
left_child=-1 -2 -3 4 5 -4
right_child=1 2 3 -5 -6 -7
leaf_value=-0.00027082594933934139 -4.3102310822238866e-05 0.00036713240327044562 -0.0002465984816200166 -0.00016678497414076662 0.0012357103091348125 0.00027676719363171692
leaf_weight=1286 10306 2781 433 3674 415 1419
leaf_count=1286 10306 2781 433 3674 415 1419
internal_value=2.33771e-05 0.000529344 0.00390455 -3.78406e-05 0.00837368 0.0029483
internal_weight=20314 19028 8722 5941 2267 1852
internal_count=20314 19028 8722 5941 2267 1852
is_linear=0
shrinkage=0.05


Tree=28
num_leaves=7
num_cat=0
split_feature=11 35 17 35 10 26
split_gain=49.9263 43.8739 84.855 72.9289 84.5321 91.2489
threshold=-0.036567898467183106 -0.60111460089683522 0.27500000596046453 -0.32118733227252955 0.18798822164535525 -0.02232125028967857
decision_type=8 10 8 8 10 8
left_child=-1 2 -2 4 5 -3
right_child=1 3 -4 -5 -6 -7
leaf_value=0.00083395168946720174 -0.00044052987164460886 7.654530685661864e-05 -1.0105498272872939e-05 2.6751215454006569e-06 -0.0013715192821307509 0.0011823195565061715
leaf_weight=319 1703 741 5874 10830 71 745
leaf_count=319 1703 741 5874 10830 71 745
internal_value=-4.31289e-05 -0.000264159 -0.00326101 0.00156754 0.0116677 0.0142689
internal_weight=20283 19964 7577 12387 1557 1486
internal_count=20283 19964 7577 12387 1557 1486
is_linear=0
shrinkage=0.05


Tree=29
num_leaves=7
num_cat=0
split_feature=25 44 17 30 22 35
split_gain=50.9908 53.5072 94.1839 86.0918 55.3018 46.1619
threshold=-0.063658580183982835 0.065402470529079451 0.27500000596046453 47.238327026367195 0.12500000372529033 0.8052598536014558
decision_type=8 10 8 10 10 10
left_child=-1 2 4 -4 -2 -3
right_child=1 5 3 -5 -6 -7
leaf_value=0.00095734588957709608 0.00018046417742217016 5.3092529617132321e-05 0.00014542440904933207 -0.00013415325590374053 -0.00055807313911235593 -0.00032601782614643642
leaf_weight=344 155 13757 1874 2533 1120 422
leaf_count=344 155 13757 1874 2533 1120 422
internal_value=5.31915e-05 -0.00015227 -0.00425092 -0.000776292 -0.0161914 0.00148935
internal_weight=20205 19861 5682 4407 1275 14179
internal_count=20205 19861 5682 4407 1275 14179
is_linear=0
shrinkage=0.05


Tree=30
num_leaves=7
num_cat=0
split_feature=0 42 32 48 26 10
split_gain=48.4087 54.5788 129.53 55.397 137.141 103.636
threshold=0.087956402450799956 0.15764832496643069 -0.16068462282419202 -0.22852062433958051 0.24302762746810916 0.20918048918247226
decision_type=10 10 8 10 8 10
left_child=1 3 -3 5 -5 -1
right_child=-2 2 -4 4 -6 -7
leaf_value=-8.0961372513422059e-05 -0.00078698143326470327 0.00095833163309551577 -0.00015459328445439777 0.00011824733154535761 -0.0010023241822663686 0.00041334272584358183
leaf_weight=11069 307 545 555 7218 249 381
leaf_count=11069 307 545 555 7218 249 381
internal_value=-6.76374e-05 0.000216012 0.0110181 -0.00041354 0.00293429 -0.0025993
internal_weight=20324 20017 1100 18917 7467 11450
internal_count=20324 20017 1100 18917 7467 11450
is_linear=0
shrinkage=0.05


Tree=31
num_leaves=7
num_cat=0
split_feature=25 41 26 3 1 41
split_gain=55.9187 53.5791 108.514 96.6799 73.4886 69.0952
threshold=-0.063658580183982835 0.09588948637247087 0.24302762746810916 0.0079939072020351904 -0.017075308598577973 0.16877767443656924
decision_type=8 10 8 8 8 8
left_child=-1 3 -3 -2 -4 -6
right_child=1 2 4 -5 5 -7
leaf_value=0.001006061972600041 -3.3940863599304627e-05 5.5278116213803961e-06 -0.00081253445602964044 0.00017025634887675545 -0.00037700021883828533 0.00049154377286589194
leaf_weight=341 6978 5470 783 5081 1260 349
leaf_count=341 6978 5470 783 5081 1260 349
internal_value=-8.26467e-05 -0.000548279 -0.00375937 0.00154385 -0.0126304 -0.00645911
internal_weight=20262 19921 7862 12059 2392 1609
internal_count=20262 19921 7862 12059 2392 1609
is_linear=0
shrinkage=0.05


Tree=32
num_leaves=7
num_cat=0
split_feature=36 24 12 38 42 50
split_gain=51.2639 60.3155 42.4584 107.839 72.7113 84.8273
threshold=-0.81640949845314015 -0.13559197634458539 0.0071379558648914107 -0.0080173616297543032 0.12726530432701114 0.042177472263574607
decision_type=8 8 8 8 10 8
left_child=-1 -2 3 -3 -4 -6
right_child=1 2 4 -5 5 -7
leaf_value=-0.00024068186941806044 0.001662619288916855 0.00024607214799912002 8.1274870714154848e-06 -8.5055411220173227e-06 0.00017010998430789091 -0.00052022492170589012
leaf_weight=1270 218 1883 9383 5290 609 1579
leaf_count=1270 218 1883 9383 5290 609 1579
internal_value=-4.81791e-05 0.00049428 0.000185343 0.00320772 -0.00168668 -0.00988372
internal_weight=20232 18962 18744 7173 11571 2188
internal_count=20232 18962 18744 7173 11571 2188
is_linear=0
shrinkage=0.05


Tree=33
num_leaves=7
num_cat=0
split_feature=0 45 44 0 42 36
split_gain=54.1143 54.6509 76.6807 83.6494 70.1184 82.3138
threshold=0.087956402450799956 0.16937501728534701 0.065402470529079451 -0.012923054862767456 0.10559679195284845 0.64812695980072033
decision_type=10 8 10 10 8 8
left_child=1 2 3 -1 5 -5
right_child=-2 -3 -4 4 -6 -7
leaf_value=9.3463109991653721e-05 -0.00075064940471996147 0.00030062324512908622 2.4920866901659357e-05 -0.00015160731605477542 -0.00060992767634062209 0.00025994306740287869
leaf_weight=1193 317 1771 13846 1359 1203 629
leaf_count=1193 317 1771 13846 1359 1203 629
internal_value=-7.74984e-05 8.62241e-05 -0.000727996 -0.00648781 -0.0107087 -0.00490467
internal_weight=20318 20001 18230 4384 3191 1988
internal_count=20318 20001 18230 4384 3191 1988
is_linear=0
shrinkage=0.05


Tree=34
num_leaves=7
num_cat=0
split_feature=30 39 0 47 0 46
split_gain=46.2871 70.5067 82.5716 67.6436 114.568 60.7617
threshold=35.318622589111335 0.042577352374792106 0.001145513844676316 0.85239627957344066 0.0072735666763037452 0.88946077227592479
decision_type=10 10 8 10 8 8
left_child=-1 3 -3 5 -5 -2
right_child=1 2 -4 4 -6 -7
leaf_value=0.00010215310103254829 -0.00012968902252730353 4.3909438974068054e-06 -0.00047364553369862069 -5.0072135978829065e-05 0.00032595050622863077 -1.0659208591942941e-05
leaf_weight=4144 1763 1369 1446 3635 2504 5383
leaf_count=4144 1763 1369 1446 3635 2504 5383
internal_value=-6.29661e-05 -0.0014452 -0.00862589 7.71257e-05 0.0039266 -0.00322682
internal_weight=20244 16100 2815 13285 6139 7146
internal_count=20244 16100 2815 13285 6139 7146
is_linear=0
shrinkage=0.05


Tree=35
num_leaves=7
num_cat=0
split_feature=36 24 46 44 42 35
split_gain=51.2167 54.81 73.2831 66.5391 61.8232 101.561
threshold=-0.81640949845314015 -0.05059345252811908 0.89574939012527477 0.1354545280337334 0.12726530432701114 -0.73850989341735829
decision_type=8 8 8 10 10 10
left_child=-1 3 -3 -2 -4 -6
right_child=1 2 4 -5 5 -7
leaf_value=-0.00025985208527952398 0.00011001331678155286 -9.5770686587006012e-05 7.7035396681571986e-05 0.0011145889456521151 -0.00089920523393497798 1.3327921118872974e-05
leaf_weight=1267 2446 4179 10760 400 394 892
leaf_count=1267 2446 4179 10760 400 394 892
internal_value=-5.77594e-05 0.000436412 -0.000685459 0.00683094 0.00129242 -0.00904338
internal_weight=20338 19071 16225 2846 12046 1286
internal_count=20338 19071 16225 2846 12046 1286
is_linear=0
shrinkage=0.05


Tree=36
num_leaves=7
num_cat=0
split_feature=29 18 44 50 38 46
split_gain=41.6606 82.7773 59.7095 63.8137 45.0318 44.5989
threshold=0.10457879304885866 0.87500000000000011 0.14373445510864261 0.092444118112325682 0.0093047861009836214 1.3748710751533511
decision_type=8 8 10 10 8 10
left_child=1 2 5 -4 -5 -1
right_child=-2 -3 3 4 -6 -7
leaf_value=-1.0615159722384693e-05 0.00023719685145901677 -0.00018104185167215132 0.00089437156307617123 -0.00073055498789891015 0.0007413136936502276 0.0010446804240658708
leaf_weight=14145 1618 3390 611 179 58 224
leaf_count=14145 1618 3390 611 179 58 224
internal_value=3.70737e-06 -0.000973834 0.000599461 0.0134525 -0.00836777 -0.00016175
internal_weight=20225 18607 15217 848 237 14369
internal_count=20225 18607 15217 848 237 14369
is_linear=0
shrinkage=0.05


Tree=37
num_leaves=7
num_cat=0
split_feature=48 10 32 42 10 26
split_gain=43.5035 86.6897 85.0401 85.311 82.684 56.1572
threshold=-0.17125922441482541 0.20918048918247226 -0.25087343156337732 0.15764832496643069 0.18798822164535525 0.095841620117425932
decision_type=10 10 10 10 10 8
left_child=1 2 3 -1 5 -2
right_child=4 -3 -4 -5 -6 -7
leaf_value=-1.1089413581301186e-05 4.2963837632286139e-05 0.00035158292619257714 -0.00018958598347538721 0.00086027311665154069 -0.00048069035986831975 0.00042358678066964622
leaf_weight=7009 5491 433 4872 492 425 1592
leaf_count=7009 5491 433 4872 492 425 1592
internal_value=-5.78276e-05 -0.00170752 -0.00248223 0.000855982 0.00308465 0.00437712
internal_weight=20314 12806 12373 7501 7508 7083
internal_count=20314 12806 12373 7501 7508 7083
is_linear=0
shrinkage=0.05


Tree=38
num_leaves=7
num_cat=0
split_feature=0 29 45 2 17 47
split_gain=42.3161 45.905 64.643 73.6695 52.9559 45.0365
threshold=0.087956402450799956 -0.064254965633153902 0.13176009058952334 0.0097125894390046614 0.17500000447034839 0.86003702878952037
decision_type=10 10 10 8 8 10
left_child=1 2 3 -1 -5 -3
right_child=-2 5 -4 4 -6 -7
leaf_value=0.00042921991583821099 -0.00070555260061223759 -5.1151802018127975e-05 0.00099300087354164219 -0.00053294494171957129 9.3251216049829264e-05 5.605575018870369e-05
leaf_weight=579 320 8868 552 409 824 8812
leaf_count=579 320 8868 552 409 824 8812
internal_value=-5.27763e-05 0.000417727 0.00695441 0.00235278 -0.00454362 -0.000456602
internal_weight=20364 20044 2364 1812 1233 17680
internal_count=20364 20044 2364 1812 1233 17680
is_linear=0
shrinkage=0.05


Tree=39
num_leaves=7
num_cat=0
split_feature=48 44 6 38 31 20
split_gain=35.9031 74.5871 78.8241 86.4721 69.6332 61.1173
threshold=-0.11210818216204642 0.11948940157890321 0.26202458143234258 0.038304524496197707 57.043123245239265 0.42499999701976782
decision_type=10 10 10 10 8 8
left_child=1 2 3 -1 -3 -2
right_child=5 4 -4 -5 -6 -7
leaf_value=-3.2164371072622545e-05 0.00029277483267649279 0.00027305068107770768 -0.0002171332798765858 0.00079975687853899849 -0.00029345218388585173 1.1841592025889478e-06
leaf_weight=5787 1579 1983 4404 269 543 5621
leaf_count=5787 1579 1983 4404 269 543 5621
internal_value=-3.83834e-05 -0.00182242 -0.0036861 1.23742e-05 0.00587712 0.00257807
internal_weight=20186 12986 10460 6056 2526 7200
internal_count=20186 12986 10460 6056 2526 7200
is_linear=0
shrinkage=0.05


Tree=40
num_leaves=7
num_cat=0
split_feature=29 18 44 39 33 0
split_gain=42.6023 79.0834 61.6963 47.9438 99.3435 57.8638
threshold=0.10457879304885866 0.87500000000000011 0.14373445510864261 0.042577352374792106 -0.18588271737098691 0.036766784265637405
decision_type=8 8 10 10 10 8
left_child=1 2 3 -1 -5 -6
right_child=-2 -3 -4 4 5 -7
leaf_value=3.2708906054848383e-05 0.00023128497761277361 -0.0001724905056567673 0.00058774105871688066 0.00016499695779748029 -0.00018457912269766142 -0.00072085552214388071
leaf_weight=11453 1610 3372 870 1068 1427 537
leaf_count=11453 1610 3372 870 1068 1427 537
internal_value=-7.7426e-05 -0.000615257 0.000906576 0.000125949 -0.00545769 -0.0121254
internal_weight=20337 18727 15355 14485 3032 1964
internal_count=20337 18727 15355 14485 3032 1964
is_linear=0
shrinkage=0.05


Tree=41
num_leaves=7
num_cat=0
split_feature=25 39 0 48 36 10
split_gain=37.8902 48.2334 65.7846 51.7077 161.189 88.9092
threshold=-0.063658580183982835 0.042577352374792106 -0.10228887945413588 -2.0586997270584102 0.26455762982368475 -0.070937596261501298
decision_type=8 10 8 10 8 8
left_child=-1 3 -3 4 -2 -6
right_child=1 2 -4 -5 5 -7
leaf_value=0.00075368845152426239 -0.00058472283885807076 0.0013061390934778841 -0.00019314414080149651 6.3667414770121595e-05 0.0013007988961862705 -2.115409699926814e-05
leaf_weight=338 856 89 3368 10938 197 4446
leaf_count=338 856 89 3368 10938 197 4446
internal_value=-3.33547e-05 -0.000506307 -0.00587088 0.000621883 -0.0033294 0.000349613
internal_weight=20232 19894 3457 16437 5499 4643
internal_count=20232 19894 3457 16437 5499 4643
is_linear=0
shrinkage=0.05


Tree=42
num_leaves=7
num_cat=0
split_feature=35 35 22 36 10 25
split_gain=39.4149 57.9684 49.7789 61.2967 57.8765 55.3775
threshold=0.4802138358354569 0.77669364213943493 0.62500000000000011 0.56696113944053661 0.20918048918247226 -0.0016654672217555342
decision_type=10 8 8 10 10 8
left_child=2 -2 4 -4 5 -1
right_child=1 -3 3 -5 -6 -7
leaf_value=1.7870834091450115e-06 0.00019236666847454381 -0.00010108843213520866 8.1423686972217403e-05 -0.00045898756847867364 0.00036480580185495359 -0.00017705001398020349
leaf_weight=4642 1527 779 8392 191 176 4615
leaf_count=4642 1527 779 8392 191 176 4615
internal_value=-7.74832e-05 0.00617698 -0.000758837 0.00199406 -0.00326605 -0.00381397
internal_weight=20322 2306 18016 8583 9433 9257
internal_count=20322 2306 18016 8583 9433 9257
is_linear=0
shrinkage=0.05


Tree=43
num_leaves=7
num_cat=0
split_feature=46 6 36 48 39 24
split_gain=43.7551 79.0105 61.5019 47.9347 103.28 56.414
threshold=0.89574939012527477 0.72426116466522228 -0.81640949845314015 -0.33487953245639795 0.01277802372351289 0.04921365529298783
decision_type=8 8 8 10 10 10
left_child=1 -1 -2 5 -5 -4
right_child=2 -3 3 4 -6 -7
leaf_value=5.1770388209292811e-06 -0.0003121477698143907 -0.00021253719014317988 2.7725893177866788e-05 0.00037505359044058382 -2.0263699899193256e-06 -0.00040918646470069651
leaf_weight=3609 979 1730 7461 2472 3246 682
leaf_count=3609 979 1730 7461 2472 3246 682
internal_value=-3.34423e-05 -0.00389689 0.00137925 0.00223749 0.00574436 -0.000223981
internal_weight=20179 5339 14840 13861 5718 8143
internal_count=20179 5339 14840 13861 5718 8143
is_linear=0
shrinkage=0.05


Tree=44
num_leaves=7
num_cat=0
split_feature=42 1 42 17 10 32
split_gain=37.694 70.0076 68.4523 75.7938 82.9825 84.5765
threshold=0.15764832496643069 0.015901020728051666 0.12449319660663606 0.82500001788139354 -0.1651569455862045 -0.86182555556297291
decision_type=10 10 10 8 10 10
left_child=2 -2 -1 4 5 -4
right_child=1 -3 3 -5 -6 -7
leaf_value=1.3507382853185288e-05 -0.00018608292639918901 0.00072441277956878996 0.0016400304283629306 -0.00071957341366273595 5.7510284689274606e-05 -0.00068956781542042636
leaf_weight=16329 564 641 76 562 1482 563
leaf_count=16329 564 641 76 562 1482 563
internal_value=-3.83246e-05 0.00845041 -0.000650734 -0.00804501 -0.00368062 -0.0186724
internal_weight=20217 1205 19012 2683 2121 639
internal_count=20217 1205 19012 2683 2121 639
is_linear=0
shrinkage=0.05


Tree=45
num_leaves=7
num_cat=0
split_feature=29 27 18 38 43 31
split_gain=39.3326 61.1087 43.5404 48.101 105.959 90.3453
threshold=0.10457879304885866 0.067453484982252135 0.87500000000000011 -0.0080173616297543032 0.12869047373533252 52.752729415893562
decision_type=8 8 8 8 10 8
left_child=1 2 3 4 5 -1
right_child=-2 -3 -4 -5 -6 -7
leaf_value=0.00027775774753526931 0.00021613777140359783 -0.00042371504172031217 -0.00014061408660867391 -1.333508320483683e-05 -0.00053987670375833091 -4.6889797136813647e-05
leaf_weight=2122 1583 810 3068 11301 473 985
leaf_count=2122 1583 810 3068 11301 473 985
internal_value=-0.000126554 -0.000811394 -0.000201905 0.00091529 0.00596234 0.0093268
internal_weight=20342 18759 17949 14881 3580 3107
internal_count=20342 18759 17949 14881 3580 3107
is_linear=0
shrinkage=0.05


Tree=46
num_leaves=7
num_cat=0
split_feature=0 11 44 0 21 0
split_gain=36.5202 35.9503 35.8882 110.933 58.1803 66.175
threshold=0.087956402450799956 -0.036567898467183106 0.065402470529079451 -0.012923054862767456 0.12500000372529033 -0.011376887094229458
decision_type=10 8 10 10 8 8
left_child=1 -1 3 -3 -4 -6
right_child=-2 2 4 -5 5 -7
leaf_value=0.00070724703867863607 -0.00060497460870035605 0.0001097622651692021 -8.1907516224242132e-05 -0.00018680006493720873 -5.4353549472357675e-05 0.00013254229829811918
leaf_weight=341 311 2300 823 3386 5660 7623
leaf_count=341 311 2300 823 3386 5660 7623
internal_value=-6.72405e-05 0.000279323 0 -0.00335178 0.00135178 0.0021542
internal_weight=20444 20133 19792 5686 14106 13283
internal_count=20444 20133 19792 5686 14106 13283
is_linear=0
shrinkage=0.05


Tree=47
num_leaves=7
num_cat=0
split_feature=36 46 12 21 49 22
split_gain=47.9942 50.0925 94.4614 57.7438 70.1146 48.6112
threshold=-0.81640949845314015 0.89574939012527477 0.012688007205724718 0.52500000596046459 -0.12543863803148267 0.77500000596046459
decision_type=8 8 8 8 8 10
left_child=5 2 3 4 -2 -1
right_child=1 -3 -4 -5 -6 -7
leaf_value=-5.2943629646501075e-06 9.5666301674513998e-05 5.4263410540069576e-05 -0.00019676493841139982 0.00035645218956959423 -9.6796838891791237e-05 -0.00060811651026502025
leaf_weight=665 833 13897 2653 779 895 589
leaf_count=665 833 13897 2653 779 895 589
internal_value=-2.83028e-05 0.000567884 -0.00363504 0.00331409 -0.00177438 -0.00951152
internal_weight=20311 19057 5160 2507 1728 1254
internal_count=20311 19057 5160 2507 1728 1254
is_linear=0
shrinkage=0.05


Tree=48
num_leaves=7
num_cat=0
split_feature=11 47 0 11 7 27
split_gain=35.4845 40.3069 67.4375 67.1631 64.2084 62.2269
threshold=-0.036567898467183106 1.1817281246185305 -0.10228887945413588 0.024458436295390133 0.73147043585777294 -0.0062122079543769351
decision_type=8 8 10 8 8 10
left_child=-1 3 5 -2 -4 -3
right_child=1 2 4 -5 -6 -7
leaf_value=0.00066426020531035407 8.108059597852023e-06 -5.4050671599453939e-06 -7.1778816897161883e-05 0.00057494232313515616 -0.00043698131125183195 0.00085127987797419989
leaf_weight=340 12379 750 4011 737 1795 362
leaf_count=340 12379 750 4011 737 1795 362
internal_value=-1.84013e-05 -0.000303159 -0.00339087 0.00132421 -0.00555412 0.00785586
internal_weight=20374 20034 6918 13116 5806 1112
internal_count=20374 20034 6918 13116 5806 1112
is_linear=0
shrinkage=0.05


Tree=49
num_leaves=7
num_cat=0
split_feature=0 42 3 6 48 46
split_gain=31.9105 36.0787 96.6146 66.9831 74.457 123.597
threshold=0.087956402450799956 0.096056789159774794 0.0097507508471608179 0.42337448894977575 -0.71000900864601124 0.90178039669990551
decision_type=10 10 8 8 10 10
left_child=1 -1 -3 -4 -5 -6
right_child=-2 2 3 4 5 -7
leaf_value=-3.0774516989522414e-05 -0.00057620898136271758 0.00025603143079826559 0.00019894618719932386 -0.00040271744282813687 -0.00039397280368382324 0.00031174348257018668
leaf_weight=11355 317 1799 2827 1577 773 1742
leaf_count=11355 317 1799 2827 1577 773 1742
internal_value=-8.70311e-05 0.000260235 0.0026797 -3.61063e-06 -0.00409446 0.00124008
internal_weight=20390 20073 8718 6919 4092 2515
internal_count=20390 20073 8718 6919 4092 2515
is_linear=0
shrinkage=0.05


Tree=50
num_leaves=7
num_cat=0
split_feature=41 42 46 43 35 42
split_gain=30.8562 75.4935 93.1919 80.5199 75.774 59.6506
threshold=0.09588948637247087 0.096056789159774794 0.89574939012527477 0.12616833299398425 -0.78142160177230824 0.15764832496643069
decision_type=10 10 10 10 8 10
left_child=1 3 -3 -1 -4 -2
right_child=5 2 4 -5 -6 -7
leaf_value=-1.1116050262494201e-05 -0.00012878179747750009 -5.872553457499483e-05 -0.00036171045921097806 0.0021121112299212373 0.00060815316210455239 0.00028805010464391043
leaf_weight=9687 7040 778 139 113 1284 1141
leaf_count=9687 7040 778 139 113 1284 1141
internal_value=-3.8391e-05 0.00171789 0.0100748 -0.000160632 0.0176646 -0.00226301
internal_weight=20182 12001 2201 9800 1423 8181
internal_count=20182 12001 2201 9800 1423 8181
is_linear=0
shrinkage=0.05


Tree=51
num_leaves=7
num_cat=0
split_feature=36 33 35 38 3 50
split_gain=33.6807 36.8302 60.727 60.4762 55.5962 69.231
threshold=-0.81640949845314015 -0.23063641786575315 -0.32118733227252955 0.033823875710368163 0.0073089690413326034 1.527072608470917
decision_type=8 10 8 10 8 10
left_child=-1 3 4 -2 -3 -6
right_child=1 2 -4 -5 5 -7
leaf_value=-0.00020565050220882673 5.5370424790115064e-05 -0.00014905421234953327 -4.6241854693525013e-05 0.00075530737026835513 0.00039142885936143621 -0.0003838571243086745
leaf_weight=1242 3352 729 12259 348 2111 329
leaf_count=1242 3352 729 12259 348 2111 329
internal_value=-8.58896e-06 0.000401139 -0.000672261 0.00487854 0.00548992 0.00911043
internal_weight=20370 19128 15428 3700 3169 2440
internal_count=20370 19128 15428 3700 3169 2440
is_linear=0
shrinkage=0.05


Tree=52
num_leaves=7
num_cat=0
split_feature=44 0 29 27 36 48
split_gain=34.7111 67.0001 40.6326 47.94 42.8872 48.4994
threshold=0.14373445510864261 -0.084327477961778627 0.10457879304885866 0.067453484982252135 -0.12028031051158904 0.44026398658752447
decision_type=10 8 10 10 10 10
left_child=2 -2 3 -1 5 -5
right_child=1 -3 -4 4 -6 -7
leaf_value=-1.0101430307175072e-05 -0.0011995955819852145 0.0004166209171820286 0.0005036350158684127 -0.00028763356469689046 -0.00084350593925552333 0.001992407597850398
leaf_weight=17977 75 980 568 264 349 102
leaf_count=17977 75 980 568 264 349 102
internal_value=-6.76673e-05 0.00870283 -0.000590449 -0.000993475 -0.0136458 -0.00154987
internal_weight=20315 1055 19260 18692 715 366
internal_count=20315 1055 19260 18692 715 366
is_linear=0
shrinkage=0.05


Tree=53
num_leaves=7
num_cat=0
split_feature=30 26 42 3 1 46
split_gain=33.0534 48.4895 64.0113 56.8481 56.3271 51.8338
threshold=47.238327026367195 0.24302762746810916 0.1022516041994095 0.0097507508471608179 -0.090793147683143602 0.88946077227592479
decision_type=10 8 10 8 8 10
left_child=-1 2 -2 5 -3 -4
right_child=1 4 3 -5 -6 -7
leaf_value=5.1429867947593556e-05 -5.7498162392877022e-05 -0.0013133638733232888 -3.2921029453443094e-05 7.9906953993919008e-05 -0.00016554612920087269 0.0010086679663125161
leaf_weight=8757 5554 156 181 2826 2329 417
leaf_count=8757 5554 156 181 2826 2329 417
internal_value=-8.77627e-05 -0.00166768 4.17455e-05 0.00541703 -0.00784137 0.0193615
internal_weight=20220 11463 8978 3424 2485 598
internal_count=20220 11463 8978 3424 2485 598
is_linear=0
shrinkage=0.05


Tree=54
num_leaves=7
num_cat=0
split_feature=23 47 42 0 46 43
split_gain=37.6759 85.624 86.1707 57.0703 50.0877 62.9008
threshold=-0.00058020642609335471 1.1817281246185305 0.1022516041994095 -0.10228887945413588 0.89574939012527477 0.12368524074554445
decision_type=10 8 10 8 10 10
left_child=-1 2 -2 -3 -4 -6
right_child=1 3 4 -5 5 -7
leaf_value=5.1336739987899865e-05 -4.3056665669249e-05 0.0008293825307114464 -1.772215888239413e-05 -0.00029730791744525791 0.00065619450608355508 -1.7984684895736319e-05
leaf_weight=9684 4632 79 826 3368 1144 508
leaf_count=9684 4632 79 826 3368 1144 508
internal_value=-9.26109e-05 -0.00180127 0.00133169 -0.00826333 0.00885018 0.0138654
internal_weight=20241 10557 7110 3447 2478 1652
internal_count=20241 10557 7110 3447 2478 1652
is_linear=0
shrinkage=0.05


Tree=55
num_leaves=7
num_cat=0
split_feature=36 24 48 11 36 46
split_gain=30.8463 55.2935 44.1819 50.2043 31.843 30.3822
threshold=-0.81640949845314015 -0.13559197634458539 -1.2638720870018003 0.0049364836886525163 -0.933234542608261 0.89574939012527477
decision_type=8 8 10 8 10 8
left_child=2 -2 4 -4 -1 -3
right_child=1 5 3 -5 -6 -7
leaf_value=2.5604052239203018e-06 0.001502422820934257 -4.9415304718424722e-05 0.0002185765955275111 -0.00027327000176676435 -0.00086832573662451147 3.845369940565767e-05
leaf_weight=131 222 5052 509 288 285 13707
leaf_count=131 222 5052 509 288 285 13707
internal_value=-7.30234e-05 0.000470083 -0.0077381 -0.000779302 -0.0208432 0.000171872
internal_weight=20194 18981 1213 797 416 18759
internal_count=20194 18981 1213 797 416 18759
is_linear=0
shrinkage=0.05


Tree=56
num_leaves=7
num_cat=0
split_feature=36 48 21 48 7 36
split_gain=29.7054 39.8126 36.8468 50.1294 43.2064 29.9516
threshold=-0.81640949845314015 -1.3375499844551084 0.72499999403953563 -0.33487953245639795 0.69598963856697094 -0.933234542608261
decision_type=8 10 8 10 8 10
left_child=1 5 4 -4 -3 -1
right_child=-2 2 3 -5 -6 -7
leaf_value=2.5244056827685143e-06 1.1264549950858595e-05 0.00054785350856835383 0.00036241153126915029 -0.00056460380301280328 -0.00016342006644467315 -0.00084437071084130758
leaf_weight=135 18997 195 177 313 151 287
leaf_count=135 18997 195 177 313 151 287
internal_value=-4.81244e-05 -0.0074228 -0.00104043 -0.00984848 0.0113248 -0.0198478
internal_weight=20255 1258 836 490 346 422
internal_count=20255 1258 836 490 346 422
is_linear=0
shrinkage=0.05


Tree=57
num_leaves=7
num_cat=0
split_feature=0 29 46 41 44 39
split_gain=31.1428 28.8647 39.1862 38.9259 68.3448 61.2828
threshold=0.087956402450799956 -0.053006188943982117 0.86271995306015026 0.12247327342629434 0.1354545280337334 0.01277802372351289
decision_type=10 10 8 8 10 10
left_child=1 2 -1 5 -5 -3
right_child=-2 3 -4 4 -6 -7
leaf_value=0.00087996680123429293 -0.00060665494936460211 5.4936988420695583e-05 7.5364428922423043e-05 -0.00034529731609528493 0.0003858536004416168 -7.4515588055514535e-05
leaf_weight=231 307 8594 2719 1961 509 5870
leaf_count=231 307 8594 2719 1961 509 5870
internal_value=-4.82769e-05 0.000134496 0.00469543 -0.00065972 -0.00645455 0.000330016
internal_weight=20191 19884 2950 16934 2470 14464
internal_count=20191 19884 2950 16934 2470 14464
is_linear=0
shrinkage=0.05


Tree=58
num_leaves=7
num_cat=0
split_feature=3 48 50 36 39 33
split_gain=30.5432 48.7244 90.6746 44.7009 43.4286 119.041
threshold=0.015940513461828235 -1.9102648496627805 0.39306554198265081 0.80508106946945202 0.01277802372351289 -0.022504822351038452
decision_type=8 10 10 10 10 10
left_child=1 2 3 -1 -3 -6
right_child=-2 4 -4 -5 5 -7
leaf_value=-7.0857039388733651e-05 0.00018410492536169898 7.223641156378543e-05 -0.00078086095347467126 0.0009514683756978601 0.00013422107410060365 -0.00021639928937277565
leaf_weight=5017 1576 6884 425 81 2784 3590
leaf_count=5017 1576 6884 425 81 2784 3590
internal_value=-0.000136283 -0.000799798 -0.00474403 -0.00287576 0.00084257 -0.00212808
internal_weight=20357 18781 5523 5098 13258 6374
internal_count=20357 18781 5523 5098 13258 6374
is_linear=0
shrinkage=0.05


Tree=59
num_leaves=7
num_cat=0
split_feature=46 32 49 46 44 48
split_gain=28.8979 69.3793 59.0595 68.3811 65.4433 47.4416
threshold=0.89574939012527477 0.66159439086914074 0.03611628711223603 0.8103587031364442 0.15486721694469455 -0.55100497603416432
decision_type=8 10 8 10 10 10
left_child=1 2 3 -1 -4 -2
right_child=5 -3 4 -5 -6 -7
leaf_value=0.00023098731135367777 -3.6585158102150671e-05 -0.00035955132976442914 -0.0001170284641008692 -1.8873970508472645e-05 0.0020540085898440672 0.00010754202775837773
leaf_weight=712 8043 708 2591 1307 59 6831
leaf_count=712 8043 708 2591 1307 59 6831
internal_value=-9.7502e-05 -0.00310758 -0.000882542 0.00554595 -0.00579096 0.00116775
internal_weight=20251 5377 4669 2019 2650 14874
internal_count=20251 5377 4669 2019 2650 14874
is_linear=0
shrinkage=0.05


Tree=60
num_leaves=7
num_cat=0
split_feature=23 48 10 26 24 47
split_gain=31.4408 33.6413 85.6732 84.4341 60.8969 83.6347
threshold=-0.044425519183278077 -0.27822594344615931 0.20918048918247226 0.24302762746810916 -0.033089421689510339 0.75956183671951305
decision_type=10 10 10 8 10 8
left_child=-1 2 4 -3 -2 -6
right_child=1 3 -4 -5 5 -7
leaf_value=0.00035569783399275163 1.4782775964009097e-05 7.8636049317255694e-05 0.00041120681214333794 -0.00065959175874278188 2.5054837888730361e-05 -0.00029216802841626667
leaf_weight=487 6096 7645 399 283 1562 3899
leaf_count=487 6096 7645 399 283 1562 3899
internal_value=-4.29427e-05 -0.000345668 -0.00202115 0.00217761 -0.00281309 -0.00664563
internal_weight=20371 19884 11956 7928 11557 5461
internal_count=20371 19884 11956 7928 11557 5461
is_linear=0
shrinkage=0.05


Tree=61
num_leaves=7
num_cat=0
split_feature=35 35 22 19 15 29
split_gain=36.6083 68.9137 46.0836 49.484 57.9023 44.7561
threshold=0.8052598536014558 0.4802138358354569 0.62500000000000011 0.67499998211860668 0.27500000596046453 -0.024778337217867371
decision_type=10 10 8 8 10 10
left_child=1 2 3 4 -1 -3
right_child=-2 5 -4 -5 -6 -7
leaf_value=-0.00016059057489352011 -0.00026682057788508329 0.00081764439469715492 5.7091230160945579e-05 -0.00020042971167386618 5.4989113060610121e-05 9.422772511576293e-05
leaf_weight=2294 506 173 8548 2947 4165 1623
leaf_count=2294 506 173 8548 2947 4165 1623
internal_value=-0.000107349 9.99747e-05 -0.000833844 -0.00324886 -0.000792853 0.00942532
internal_weight=20256 19750 17954 9406 6459 1796
internal_count=20256 19750 17954 9406 6459 1796
is_linear=0
shrinkage=0.05


Tree=62
num_leaves=7
num_cat=0
split_feature=3 42 3 42 15 26
split_gain=28.7564 51.5999 59.2323 57.9917 66.9743 62.0968
threshold=0.01404809206724167 0.12449319660663606 0.012703097425401213 0.1121722422540188 0.22500000149011615 -0.098672021180391298
decision_type=8 8 8 10 10 8
left_child=1 3 -3 4 -1 -6
right_child=-2 2 -4 -5 5 -7
leaf_value=-0.00018034441353071705 0.00015759048048979841 -2.9578796282403107e-05 -0.00054154044200607179 0.00026391836024708718 0.00062672248353666613 1.2885871880967859e-05
leaf_weight=2201 2537 2308 1022 2097 238 9886
leaf_count=2201 2537 2308 1022 2097 238 9886
internal_value=-4.31162e-05 -0.000443487 -0.00604948 0.000850835 -0.000456204 0.00126123
internal_weight=20289 17752 3330 14422 12325 10124
internal_count=20289 17752 3330 14422 12325 10124
is_linear=0
shrinkage=0.05


Tree=63
num_leaves=7
num_cat=0
split_feature=30 38 47 42 41 34
split_gain=31.9003 76.5739 61.1334 78.7591 53.7525 43.0919
threshold=47.238327026367195 0.033823875710368163 1.1817281246185305 0.1022516041994095 0.092027157545089736 0.17194355279207232
decision_type=10 8 8 10 8 8
left_child=1 -1 3 -2 -5 -6
right_child=2 -3 -4 4 5 -7
leaf_value=1.4161937189865185e-05 -4.9574859870143367e-05 0.00036696593547349952 -0.00021720706351486255 0.00058314121918628134 0.00033582616819094295 -6.5812293475655167e-05
leaf_weight=7973 5022 744 3735 582 954 1219
leaf_count=7973 5022 744 3735 582 954 1219
internal_value=-8.77236e-05 0.0021698 -0.00183859 0.000684271 0.00747283 0.00382231
internal_weight=20229 8717 11512 7777 2755 2173
internal_count=20229 8717 11512 7777 2755 2173
is_linear=0
shrinkage=0.05


Tree=64
num_leaves=7
num_cat=0
split_feature=35 35 46 29 44 46
split_gain=32.1908 66.3405 51.8078 47.7943 44.6402 40.1054
threshold=0.4802138358354569 0.8052598536014558 0.8389297127723695 -0.016050370410084721 0.066833067685365691 0.77707114815711986
decision_type=10 8 10 10 8 10
left_child=4 2 -2 -4 5 -1
right_child=1 -3 3 -5 -6 -7
leaf_value=0.00013546585526012339 -2.6787676218785126e-05 -0.00022876366093984064 0.00087326085546646183 0.00018573920317287466 -2.0556233574686961e-06 -0.00018495777295349759
leaf_weight=109 319 505 215 1243 16387 1413
leaf_count=109 319 505 215 1243 16387 1413
internal_value=3.71361e-06 0.00545474 0.0100028 0.0139952 -0.000844312 -0.00902096
internal_weight=20191 2282 1777 1458 17909 1522
internal_count=20191 2282 1777 1458 17909 1522
is_linear=0
shrinkage=0.05


Tree=65
num_leaves=7
num_cat=0
split_feature=36 22 22 36 42 39
split_gain=27.8265 53.9069 44.5569 71.9666 102.271 99.5965
threshold=-0.81640949845314015 0.82500001788139354 0.57500001788139354 -0.51190462708473194 0.12449319660663606 0.01037283753976226
decision_type=8 10 8 8 10 10
left_child=1 -1 -2 4 -4 -6
right_child=2 -3 3 -5 5 -7
leaf_value=-2.3789194069986185e-06 -3.7185965081153119e-05 -0.00070048076397465748 0.00062340233837958608 1.6424339748209249e-05 -0.00095564536317331052 0.00063867413301682357
leaf_weight=842 10225 433 1196 7216 199 137
leaf_count=842 10225 433 1196 7216 199 137
internal_value=-9.25789e-05 -0.00751953 9.6164e-05 0.00271621 0.0125407 -0.0116569
internal_weight=20248 1275 18973 8748 1532 336
internal_count=20248 1275 18973 8748 1532 336
is_linear=0
shrinkage=0.05


Tree=66
num_leaves=7
num_cat=0
split_feature=0 42 1 42 50 24
split_gain=35.0298 43.4258 62.6976 46.4931 83.9781 86.3111
threshold=0.087956402450799956 0.15764832496643069 0.015901020728051666 0.12449319660663606 -0.96653330326080311 -0.087522581219673143
decision_type=10 10 10 10 8 10
left_child=1 3 -3 -1 -5 -6
right_child=-2 2 -4 4 5 -7
leaf_value=1.6627461874147061e-05 -0.00060083528250520074 -6.0987062908184552e-05 0.00069345477801093219 0.00055809980782155037 0.00041192541346111219 -0.00040318155901791298
leaf_weight=16364 308 494 600 355 355 1854
leaf_count=16364 308 494 600 355 355 1854
internal_value=0 0.000323314 0.00998635 -0.00023636 -0.00649085 -0.0101287
internal_weight=20330 20022 1094 18928 2564 2209
internal_count=20330 20022 1094 18928 2564 2209
is_linear=0
shrinkage=0.05


Tree=67
num_leaves=7
num_cat=0
split_feature=33 38 35 44 22 44
split_gain=34.5423 57.5328 65.3811 41.2719 42.2014 39.4559
threshold=-0.11728960275650023 0.033823875710368163 -0.20705827325582501 0.054622681811451919 0.97499999403953563 0.063427325338125243
decision_type=10 10 8 8 10 8
left_child=1 2 5 -4 -5 -1
right_child=-2 -3 3 4 -6 -7
leaf_value=-0.00059500378682341576 -2.1773557251396689e-05 0.00047253970747545919 0.00012585763259530364 6.400059773276904e-05 0.0012466005781426712 -9.3540959351407345e-05
leaf_weight=189 13695 471 169 4363 98 1387
leaf_count=189 13695 471 169 4363 98 1387
internal_value=-0.00012146 0.00325127 0.00196023 0.00495685 0.00401366 -0.00681531
internal_weight=20372 6677 6206 4630 4461 1576
internal_count=20372 6677 6206 4630 4461 1576
is_linear=0
shrinkage=0.05


Tree=68
num_leaves=7
num_cat=0
split_feature=36 22 48 11 39 22
split_gain=30.4336 36.408 42.4351 54.5209 33.6101 32.542
threshold=-0.81640949845314015 0.87500000000000011 -1.4135497808456419 0.005582779413089157 -0.0089896977879106981 0.57500001788139354
decision_type=8 10 10 8 10 8
left_child=1 2 -1 -4 -3 -2
right_child=5 4 3 -5 -6 -7
leaf_value=-0.00050723426639962942 -2.7409783116478258e-05 0.00046087586799970582 0.00037467727549460566 -0.00017489808076075078 -0.00093211423180760301 7.0138687274625948e-05
leaf_weight=289 10304 66 383 241 270 8796
leaf_count=289 10304 66 383 241 270 8796
internal_value=-9.70325e-05 -0.00767544 -0.00242375 0.00488871 -0.0216276 0.000365088
internal_weight=20349 1249 913 624 336 19100
internal_count=20349 1249 913 624 336 19100
is_linear=0
shrinkage=0.05


Tree=69
num_leaves=7
num_cat=0
split_feature=44 24 50 35 35 35
split_gain=28.5415 66.2906 59.9014 44.5403 33.8296 63.1244
threshold=0.14373445510864261 -0.012887910474091767 0.56967896223068248 -0.67620697617530812 0.8052598536014558 0.4802138358354569
decision_type=10 10 10 10 10 10
left_child=4 -2 3 -3 5 -1
right_child=1 2 -4 -5 -6 -7
leaf_value=-1.7153571521678815e-05 0.00095475850443640898 -0.00041274263054760172 -0.0010489673616838923 0.00040566911192785088 -0.00027974961595014715 0.00014296295164062452
leaf_weight=17074 379 224 82 376 442 1749
leaf_count=17074 379 224 82 376 442 1749
internal_value=-5.77935e-05 0.0081848 -0.00112809 0.00442149 -0.000219253 0.000102241
internal_weight=20326 1061 682 600 19265 18823
internal_count=20326 1061 682 600 19265 18823
is_linear=0
shrinkage=0.05


Tree=70
num_leaves=7
num_cat=0
split_feature=36 24 48 22 11 44
split_gain=32.8501 45.7649 38.2399 41.2879 51.1387 48.0837
threshold=-0.81640949845314015 -0.13559197634458539 -1.3375499844551084 0.82500001788139354 0.006204338278621436 0.13072439283132556
decision_type=8 8 10 10 8 8
left_child=2 -2 -1 4 -4 -5
right_child=1 -3 3 5 -6 -7
leaf_value=-0.00054953471640533421 0.0014046005769583771 -4.3217159222893897e-07 0.00034820905653610413 -0.0012719926816559899 -0.00022663847884935663 0.00043868975317580447
leaf_weight=424 218 18878 380 175 196 86
leaf_count=424 218 18878 380 175 196 86
internal_value=-0.000101906 0.000239516 -0.00807662 -0.00181116 0.00563683 -0.0181391
internal_weight=20357 19096 1261 837 576 261
internal_count=20357 19096 1261 837 576 261
is_linear=0
shrinkage=0.05


Tree=71
num_leaves=7
num_cat=0
split_feature=23 41 15 44 10 50
split_gain=28.7739 28.8354 62.8156 71.2247 60.6205 46.3437
threshold=-0.044425519183278077 0.09456112235784532 0.22500000149011615 0.12618041038513186 -0.11349579319357871 0.1876369193196297
decision_type=10 10 8 8 8 8
left_child=-1 2 3 -2 -4 -3
right_child=1 5 4 -5 -6 -7
leaf_value=0.00032918640511894585 -0.00017023268412426397 7.8766994110257761e-05 0.0008065471698827059 0.00082067823143559435 5.0269918708551064e-05 -0.00016359665417122531
leaf_weight=457 2078 3061 128 80 9373 5130
leaf_count=457 2078 3061 128 80 9373 5130
internal_value=-0.000156312 -0.000230421 0.00136531 -0.00632224 0.00311645 -0.00250427
internal_weight=20307 19850 11659 2158 9501 8191
internal_count=20307 19850 11659 2158 9501 8191
is_linear=0
shrinkage=0.05


Tree=72
num_leaves=7
num_cat=0
split_feature=29 27 36 48 8 18
split_gain=28.2595 47.0146 49.9165 45.0372 33.626 31.8706
threshold=0.10457879304885866 0.067453484982252135 -0.12028031051158904 0.44026398658752447 0.90434104204177868 0.87500000000000011
decision_type=8 8 10 10 8 8
left_child=1 5 3 4 -3 -1
right_child=-2 2 -4 -5 -6 -7
leaf_value=1.2168639663455612e-05 0.00018063784751306121 0.00024145668403851252 -0.00078934745443146308 0.0021395094874104466 -0.00052425787892916304 -0.00011069239552422438
leaf_weight=14854 1594 130 375 98 221 3070
leaf_count=14854 1594 130 375 98 221 3070
internal_value=-0.000165872 -0.000873194 -0.0125151 -0.00115639 -0.00962079 -0.000333259
internal_weight=20342 18748 824 449 351 17924
internal_count=20342 18748 824 449 351 17924
is_linear=0
shrinkage=0.05


Tree=73
num_leaves=7
num_cat=0
split_feature=0 45 49 32 48 36
split_gain=23.143 29.9981 70.7857 60.6047 41.1502 97.0101
threshold=0.087956402450799956 0.16937501728534701 1.3437781333923342 -0.41999320685863489 -1.9102648496627805 0.26455762982368475
decision_type=10 8 10 8 10 8
left_child=1 4 3 -3 5 -1
right_child=-2 2 -4 -5 -6 -7
leaf_value=-0.00035849250451002861 -0.00052224587168405259 0.0011856777188816259 -0.0017142854647933311 0.00011440886671585563 2.5486698425871868e-05 -1.7583665401120531e-06
leaf_weight=1351 311 278 61 1427 12801 3969
leaf_count=1351 311 278 61 1427 12801 3969
internal_value=-7.3009e-05 0.000267696 0.00647939 0.00843567 -0.000337912 -0.00403286
internal_weight=20198 19887 1766 1705 18121 5320
internal_count=20198 19887 1766 1705 18121 5320
is_linear=0
shrinkage=0.05


Tree=74
num_leaves=7
num_cat=0
split_feature=23 47 11 3 46 12
split_gain=25.3541 43.3987 60.2828 66.47 43.396 44.591
threshold=-0.0033605917124077673 1.1817281246185305 0.024458436295390133 0.013617647811770441 0.89574939012527477 -0.007222563959658145
decision_type=10 8 8 8 10 10
left_child=-1 2 3 4 5 -2
right_child=1 -3 -4 -5 -6 -7
leaf_value=3.4655506261466708e-05 4.1782636764500348e-05 -0.00019505070171600824 0.00047289895164553253 0.0012954914407599391 2.0122318776198602e-05 -0.00013619444739589674
leaf_weight=8279 531 3792 735 120 5058 1728
leaf_count=8279 531 3792 735 120 5058 1728
internal_value=-8.7663e-05 -0.00184435 0.000204843 -0.00114553 -0.00176523 -0.00751988
internal_weight=20243 11964 8172 7437 7317 2259
internal_count=20243 11964 8172 7437 7317 2259
is_linear=0
shrinkage=0.05


Tree=75
num_leaves=7
num_cat=0
split_feature=30 38 48 50 20 12
split_gain=28.5163 54.2196 49.1619 109.745 57.0952 49.2017
threshold=47.238327026367195 0.033823875710368163 -1.9102648496627805 -0.50260588526725758 0.47499999403953558 -0.01258310256525874
decision_type=10 8 10 10 8 10
left_child=1 2 3 4 -1 -6
right_child=-2 -3 -4 -5 5 -7
leaf_value=-0.00014097658825256272 -3.6824431072667984e-05 0.00031536046759988171 7.6208611888871914e-05 -0.00072334797181475285 0.00040495132245194662 -0.000316450630136118
leaf_weight=1669 11478 784 4968 373 868 104
leaf_count=1669 11478 784 4968 373 868 104
internal_value=-0.00018149 0.00203797 0.000798172 -0.00423153 -0.000614135 0.00898158
internal_weight=20244 8766 7982 3014 2641 972
internal_count=20244 8766 7982 3014 2641 972
is_linear=0
shrinkage=0.05


Tree=76
num_leaves=7
num_cat=0
split_feature=0 3 20 42 42 41
split_gain=27.2787 35.4208 31.6346 67.4539 65.5749 42.838
threshold=0.087956402450799956 0.015940513461828235 0.72499999403953563 0.11825459077954294 0.1022516041994095 0.12247327342629434
decision_type=10 10 10 10 8 8
left_child=1 2 -1 4 -4 -6
right_child=-2 -3 3 -5 5 -7
leaf_value=2.6290138655751232e-05 -0.00048648607942651246 0.00033867139059274849 -8.3701561662445723e-05 -0.00039744027873418145 0.00047591792841494406 -0.00028814492850123922
leaf_weight=13836 317 541 3005 1344 1042 255
leaf_count=13836 317 541 3005 1344 1042 255
internal_value=-0.000170804 0.000305822 -4.49017e-05 -0.00319855 -0.000133504 0.00923579
internal_weight=20340 20023 19482 5646 4302 1297
internal_count=20340 20023 19482 5646 4302 1297
is_linear=0
shrinkage=0.05


Tree=77
num_leaves=7
num_cat=0
split_feature=46 26 29 36 46 15
split_gain=28.6127 43.6714 79.7725 46.854 60.1197 42.3772
threshold=0.9361979365348817 0.082266818732023253 0.062694028019905104 -0.096760604530572877 1.2144579887390139 0.52500000596046459
decision_type=8 10 10 8 10 8
left_child=5 2 -2 4 -3 -1
right_child=1 3 -4 -5 -6 -7
leaf_value=2.2923983369130263e-05 2.8171681254019704e-05 0.00086547456577656598 -0.00069634472516560172 7.2428414922002157e-05 -0.00038590354050404766 -0.00011738979213147959
leaf_weight=3596 9708 598 600 1655 113 4087
leaf_count=3596 9708 598 600 1655 113 4087
internal_value=-0.000141194 0.00137826 -2.66654e-05 0.00749684 0.0181913 -0.00248764
internal_weight=20357 12674 10308 2366 711 7683
internal_count=20357 12674 10308 2366 711 7683
is_linear=0
shrinkage=0.05


Tree=78
num_leaves=7
num_cat=0
split_feature=46 42 27 41 32 12
split_gain=32.1821 39.233 56.1653 60.8408 35.0394 34.808
threshold=0.9305415451526643 0.15764832496643069 0.051124690100550658 0.09456112235784532 0.7500194013118745 0.057531934231519706
decision_type=8 10 8 8 10 10
left_child=1 2 -1 4 -4 -3
right_child=-2 5 3 -5 -6 -7
leaf_value=-3.6775998317196894e-05 4.4721599236161818e-05 0.00030628689532485832 -0.0003873319055751731 -0.00069896751506632747 0.0026170441948117525 -0.00054039405428418037
leaf_weight=6182 12936 653 52 281 56 63
leaf_count=6182 12936 653 52 281 56 63
internal_value=-6.30314e-05 -0.00236218 -0.0035774 -0.0218909 0.00951327 0.00870319
internal_weight=20223 7287 6571 389 108 716
internal_count=20223 7287 6571 389 108 716
is_linear=0
shrinkage=0.05


Tree=79
num_leaves=7
num_cat=0
split_feature=29 27 12 47 45 41
split_gain=25.9471 49.5039 37.9953 35.9324 32.9726 42.9591
threshold=0.10457879304885866 0.060863642022013671 0.0662728287279606 1.1630882620811465 0.085538841784000411 0.09456112235784532
decision_type=10 10 8 10 8 10
left_child=1 -1 -2 4 -3 -6
right_child=2 3 -4 -5 5 -7
leaf_value=9.741775450515717e-06 -0.00075407588998173316 -0.00066194195548254062 0.00053355069781710037 -0.00091522589351562475 0.00073246217838191993 -0.00021323318332456469
leaf_weight=18579 56 156 570 247 207 499
leaf_count=18579 56 156 570 247 207 499
internal_value=-9.22782e-05 -0.00019677 0.010103 -0.0104354 -0.0055075 -0.00080872
internal_weight=20314 19688 626 1109 862 706
internal_count=20314 19688 626 1109 862 706
is_linear=0
shrinkage=0.05


Tree=80
num_leaves=7
num_cat=0
split_feature=3 1 41 39 35 35
split_gain=26.4403 67.8046 44.8119 56.2008 59.7387 48.4522
threshold=0.01404809206724167 0.017892293632030491 0.12247327342629434 0.01037283753976226 -0.18721330165863034 -0.60111460089683522
decision_type=8 10 10 10 10 8
left_child=2 -2 -1 4 -4 -5
right_child=1 -3 3 5 -6 -7
leaf_value=4.8200829865325039e-06 1.5524818282757613e-05 0.00066913130008058094 -0.00064533180982415616 0.00069707930222228786 0.00022183021769527084 -0.00011931640475843749
leaf_weight=15815 1984 554 646 145 207 917
leaf_count=15815 1984 554 646 145 207 917
internal_value=-0.000107286 0.00478765 -0.000663941 -0.0078776 -0.0173951 -0.000164011
internal_weight=20268 2538 17730 1915 853 1062
internal_count=20268 2538 17730 1915 853 1062
is_linear=0
shrinkage=0.05


Tree=81
num_leaves=7
num_cat=0
split_feature=35 35 22 13 44 29
split_gain=30.0668 42.4787 39.9166 48.2767 48.5789 38.2403
threshold=0.4802138358354569 0.77669364213943493 0.22500000149011615 -0.017279465682804581 0.14373445510864261 -0.024778337217867371
decision_type=10 8 10 8 8 10
left_child=-1 5 -3 -4 -5 -2
right_child=1 2 3 4 -6 -7
leaf_value=-1.6535920480107297e-05 0.00089007963954541337 0.00038122088639189037 0.00028168184141905091 -0.00055590972793699166 0.00031052409815921292 9.1025112136228014e-05
leaf_weight=17989 152 212 106 346 80 1385
leaf_count=17989 152 212 106 346 80 1385
internal_value=-0.000181258 0.00539151 -0.0043725 -0.0116853 -0.0191995 0.0101329
internal_weight=20270 2281 744 532 426 1537
internal_count=20270 2281 744 532 426 1537
is_linear=0
shrinkage=0.05


Tree=82
num_leaves=7
num_cat=0
split_feature=26 50 39 42 45 5
split_gain=30.5427 58.1028 57.3943 65.0418 85.6 61.1869
threshold=0.095841620117425932 1.527072608470917 0.033532328903675086 0.10068131238222124 0.098111502826213851 0.59219786524772655
decision_type=10 10 10 10 8 8
left_child=1 -1 3 -2 -5 -4
right_child=2 -3 5 4 -6 -7
leaf_value=-7.8603665242757815e-06 -2.2218072714154772e-05 -0.00026334462220101347 -0.00069296852255056106 0.00097283614009989374 0.00023633822778858715 0.00012970720243970653
leaf_weight=15818 1206 1041 328 300 1215 383
leaf_count=15818 1206 1041 328 300 1215 383
internal_value=-9.23827e-05 -0.00113407 0.00403695 0.00734593 0.014227 -0.00855447
internal_weight=20291 16859 3432 2721 1515 711
internal_count=20291 16859 3432 2721 1515 711
is_linear=0
shrinkage=0.05


Tree=83
num_leaves=7
num_cat=0
split_feature=29 27 49 39 46 36
split_gain=27.5603 51.9701 52.4109 41.5838 41.2462 46.5392
threshold=0.10457879304885866 0.060863642022013671 0.55079570412635814 -0.0016496193711645899 1.169795095920563 -0.14853402972221372
decision_type=8 8 8 8 8 10
left_child=1 -1 -3 -2 5 -5
right_child=3 2 -4 4 -6 -7
leaf_value=-6.8185514532896126e-06 -0.0006969620370605472 -0.00074940054088624421 -0.00012029817665776829 0.0013427264351570723 9.6328956989891591e-05 -3.8734896592718511e-05
leaf_weight=17591 103 277 788 224 1224 118
leaf_count=17591 103 277 788 224 1224 118
internal_value=-0.000175848 -0.00100611 -0.0117056 0.00568996 0.00774984 0.0229827
internal_weight=20325 18656 1065 1669 1566 342
internal_count=20325 18656 1065 1669 1566 342
is_linear=0
shrinkage=0.05


Tree=84
num_leaves=7
num_cat=0
split_feature=36 22 32 11 44 5
split_gain=36.1765 33.6187 29.021 33.6807 28.7607 59.8373
threshold=-0.81640949845314015 0.77500000596046459 -1.2193225622177122 -0.0062826862558722487 0.14373445510864261 0.32784613966941839
decision_type=8 10 8 8 10 8
left_child=1 2 -1 -4 -2 -6
right_child=4 -3 3 -5 5 -7
leaf_value=-0.00051510443797303767 6.012515592628115e-06 -0.00040358773895356897 0.00074847009995279669 -2.6597041550616978e-05 0.00065734540348500858 -0.00019275184537356803
leaf_weight=155 18197 604 129 384 568 294
leaf_count=155 18197 604 129 384 568 294
internal_value=-0.000146292 -0.0080462 -0.00026003 0.00545367 0.000646507 0.00954441
internal_weight=20331 1272 668 513 19059 862
internal_count=20331 1272 668 513 19059 862
is_linear=0
shrinkage=0.05


Tree=85
num_leaves=7
num_cat=0
split_feature=46 19 25 44 39 46
split_gain=31.4992 48.9202 65.8074 44.6674 42.0578 59.3321
threshold=0.9305415451526643 0.12500000372529033 -0.051341755315661423 0.054622681811451919 0.035430539399385459 1.1539548039436343
decision_type=8 8 8 8 10 10
left_child=3 -2 -3 -1 5 -4
right_child=1 2 4 -5 -6 -7
leaf_value=7.8109062633450923e-05 -0.00021068596897357391 0.00099456823084678259 0.00015098405294262734 -5.8600987713612086e-05 -7.2825647689012091e-05 -0.00016634726149788407
leaf_weight=266 1281 302 7125 6954 3191 1157
leaf_count=266 1281 302 7125 6954 3191 1157
internal_value=-0.00022065 0.00146045 0.00247241 -0.00265398 0.0018579 0.00373778
internal_weight=20276 13056 11775 7220 11473 8282
internal_count=20276 13056 11775 7220 11473 8282
is_linear=0
shrinkage=0.05


Tree=86
num_leaves=7
num_cat=0
split_feature=30 39 10 41 45 0
split_gain=29.7981 44.9284 53.3473 55.5935 56.0698 49.4223
threshold=47.238327026367195 0.035430539399385459 -0.1651569455862045 0.18349169939756396 0.12873009592294696 -0.0214357441291213
decision_type=10 10 10 10 10 8
left_child=-1 2 3 4 -2 -3
right_child=1 5 -4 -5 -6 -7
leaf_value=3.3385757720367942e-05 -0.00018669156581821566 7.3849188485028818e-05 2.836961551242949e-05 0.0012623188769383138 -0.0011043330870129022 -0.000298777161264412
leaf_weight=8781 1208 825 7249 89 389 1821
leaf_count=8781 1208 825 7249 89 389 1821
internal_value=-0.00014116 -0.00208225 -0.00038311 -0.00838261 -0.0105649 -0.00779894
internal_weight=20362 11581 8935 1686 1597 2646
internal_count=20362 11581 8935 1686 1597 2646
is_linear=0
shrinkage=0.05


Tree=87
num_leaves=7
num_cat=0
split_feature=0 29 45 2 22 19
split_gain=27.2708 36.2799 45.8139 66.7439 44.8722 33.3685
threshold=0.087956402450799956 -0.053006188943982117 0.12873009592294696 0.0097125894390046614 0.62500000000000011 0.12500000372529033
decision_type=10 10 10 8 8 8
left_child=1 2 3 -1 -5 -4
right_child=-2 -3 5 4 -6 -7
leaf_value=0.00024303263439182793 -0.00051047214442201362 -1.7916251765471825e-05 -9.4470915550024393e-05 -0.0005867055686846137 3.5413703892563792e-06 0.00073172371831272797
leaf_weight=823 322 16979 176 373 982 619
leaf_count=823 322 16979 176 373 982 619
internal_value=-0.000126979 -4.38443e-05 0.00504533 0.00127119 -0.00553309 0.0152812
internal_weight=20274 19952 2973 2178 1355 795
internal_count=20274 19952 2973 2178 1355 795
is_linear=0
shrinkage=0.05


Tree=88
num_leaves=7
num_cat=0
split_feature=0 29 44 43 45 24
split_gain=27.3152 35.6896 50.2538 43.8598 95.1647 52.241
threshold=0.087956402450799956 -0.053006188943982117 0.089986588805913939 0.099873844534158721 0.12612903118133548 -0.087522581219673143
decision_type=10 10 10 8 8 8
left_child=1 2 3 -1 -5 -6
right_child=-2 -3 -4 4 5 -7
leaf_value=0.00025257752378635536 -0.00047400050080698207 -7.4705732002041301e-06 0.00041937607611462497 -0.00081592230193082915 0.0012439895691673687 -6.1812364201189454e-05
leaf_weight=578 311 17044 1008 364 196 869
leaf_count=578 311 17044 1008 364 196 869
internal_value=-7.73006e-05 0.000494667 0.00550497 0.000907058 -0.00378312 0.00376168
internal_weight=20370 20059 3015 2007 1429 1065
internal_count=20370 20059 3015 2007 1429 1065
is_linear=0
shrinkage=0.05


Tree=89
num_leaves=7
num_cat=0
split_feature=35 35 36 29 22 46
split_gain=26.4677 50.2024 45.3984 40.1003 38.9817 53.0131
threshold=0.8052598536014558 0.4802138358354569 0.56696113944053661 -0.024778337217867371 0.12500000372529033 0.9577656388282777
decision_type=10 10 10 10 10 10
left_child=1 2 -1 -3 5 -4
right_child=-2 3 4 -5 -6 -7
leaf_value=2.1228255721135277e-06 -0.00020601977060974859 0.00078875526651748487 -0.00041493686545888135 7.7356390952343045e-05 -0.00046695542250740267 0.00035362581269071311
leaf_weight=17544 508 179 54 1616 349 75
leaf_count=17544 508 179 54 1616 349 75
internal_value=-0.00012666 0.000440167 -0.000353636 0.00840278 -0.0154762 0.00764925
internal_weight=20325 19817 18022 1795 478 129
internal_count=20325 19817 18022 1795 478 129
is_linear=0
shrinkage=0.05


Tree=90
num_leaves=7
num_cat=0
split_feature=0 39 42 24 36 42
split_gain=21.2205 28.2592 24.7477 50.987 51.5328 49.9469
threshold=0.087956402450799956 0.016325721517205242 0.15764832496643069 -0.033089421689510339 0.47995947301387792 0.12974961102008822
decision_type=10 10 10 10 10 10
left_child=2 -2 5 -4 -5 -1
right_child=1 -3 3 4 -6 -7
leaf_value=1.6860345801496268e-05 0.001133287363271926 -0.00051869026549463434 0.000543620252955444 -0.00016438209739823452 0.0010658690426030605 -0.00020546191843572425
leaf_weight=16897 55 264 501 526 51 1961
leaf_count=16897 55 264 501 526 51 1961
internal_value=-0.000136969 -0.0124228 0.000475152 0.00782548 -0.00227663 5.16885e-05
internal_weight=20255 319 19936 1078 577 18858
internal_count=20255 319 19936 1078 577 18858
is_linear=0
shrinkage=0.05


Tree=91
num_leaves=7
num_cat=0
split_feature=33 27 38 48 12 44
split_gain=23.4564 39.4979 38.6297 37.4134 39.8271 37.1421
threshold=0.6536473035812379 0.067453484982252135 0.023423666134476665 0.866603583097458 0.15747090429067614 0.11948940157890321
decision_type=10 10 8 8 10 10
left_child=1 5 -2 -3 -5 -1
right_child=2 3 -4 4 -6 -7
leaf_value=-1.4286530249910286e-05 0.00079988658394352968 -0.00069451700498692143 -0.00031645968745882478 5.0548080366357755e-06 -0.00073561790261719533 0.00011380666186150039
leaf_weight=15572 213 244 93 712 126 3323
leaf_count=15572 213 244 93 712 126 3323
internal_value=-0.000112135 -9.13322e-05 0.013746 -0.00936063 -0.00424081 0.000440476
internal_weight=20283 19977 306 1082 838 18895
internal_count=20283 19977 306 1082 838 18895
is_linear=0
shrinkage=0.05


Tree=92
num_leaves=7
num_cat=0
split_feature=23 39 0 46 41 46
split_gain=25.6466 41.664 47.8187 46.8102 67.0397 50.4638
threshold=-0.0033605917124077673 0.035430539399385459 -0.10228887945413588 1.169795095920563 0.18349169939756396 0.89574939012527477
decision_type=10 10 8 10 8 8
left_child=-1 3 -3 5 -5 -2
right_child=1 2 -4 4 -6 -7
leaf_value=4.3178807808773878e-05 -5.3693906798306795e-05 0.0014212710462375342 -0.00018747960560956678 -0.00041795655659157137 0.002912774161567753 0.00010072768856629056
leaf_weight=8333 2849 69 2635 600 51 5825
leaf_count=8333 2849 69 2635 600 51 5825
internal_value=-0.000185349 -0.00139812 -0.00685677 0.000184887 -0.0126905 0.00116085
internal_weight=20362 12029 2704 9325 651 8674
internal_count=20362 12029 2704 9325 651 8674
is_linear=0
shrinkage=0.05


Tree=93
num_leaves=7
num_cat=0
split_feature=41 15 44 24 44 50
split_gain=23.0654 51.1052 81.6161 46.9156 75.0971 58.5405
threshold=0.09588948637247087 0.22500000149011615 0.12618041038513186 0.0026624758029356603 0.1354545280337334 -1.0929045677185056
decision_type=10 8 8 8 10 8
left_child=1 2 -1 4 -2 -5
right_child=3 -3 -4 5 -6 -7
leaf_value=-0.00014629969102694846 -3.4629098787616898e-05 4.6917396711512217e-05 0.001034590457600493 0.00031895157801977873 0.00055832913952659046 -0.00022254676205107034
leaf_weight=2093 2927 9876 93 412 730 4177
leaf_count=2093 2927 9876 93 412 730 4177
internal_value=-0.000195687 0.00134872 -0.00555682 -0.00208157 0.00213681 -0.00544732
internal_weight=20308 12062 2186 8246 3657 4589
internal_count=20308 12062 2186 8246 3657 4589
is_linear=0
shrinkage=0.05


Tree=94
num_leaves=7
num_cat=0
split_feature=11 39 48 26 10 32
split_gain=24.2574 29.3516 27.2566 67.7046 61.4323 81.8259
threshold=-0.036567898467183106 0.047063780948519714 -0.27822594344615931 0.24302762746810916 0.20918048918247226 -0.22005586326122281
decision_type=10 10 10 8 10 10
left_child=1 -1 4 -4 5 -2
right_child=2 -3 3 -5 -6 -7
leaf_value=8.2791751883658579e-05 1.145230318890158e-05 0.0007727394926924264 6.4141883998533738e-05 -0.00063502222596107999 0.00035726292956129844 -0.00018551069419947474
leaf_weight=494 7137 139 7524 278 397 4278
leaf_count=494 7137 139 7524 278 397 4278
internal_value=-0.000161712 0.00944357 -0.000462562 0.00182849 -0.00197808 -0.00265543
internal_weight=20247 633 19614 7802 11812 11415
internal_count=20247 633 19614 7802 11812 11415
is_linear=0
shrinkage=0.05


Tree=95
num_leaves=7
num_cat=0
split_feature=47 47 10 50 39 7
split_gain=25.1022 50.6428 53.4927 78.3566 58.9258 55.6389
threshold=0.86003702878952037 0.92672953009605419 0.028015427291393283 0.6258828639984132 0.042577352374792106 0.44031965732574468
decision_type=10 10 10 10 10 8
left_child=-1 -2 3 4 -3 -6
right_child=1 2 -4 -5 5 -7
leaf_value=-2.8575821982623416e-05 0.00023465794046693403 0.00014555856860168552 0.00011141360118661409 -0.0003547470235393496 -3.7916184750404031e-06 -0.00059631067848074475
leaf_weight=10412 2129 2049 3332 1291 706 397
leaf_count=10412 2129 2049 3332 1291 706 397
internal_value=-0.000205452 0.00190483 2.89203e-05 -0.00355778 0.000688945 -0.00859657
internal_weight=20316 9904 7775 4443 3152 1103
internal_count=20316 9904 7775 4443 3152 1103
is_linear=0
shrinkage=0.05


Tree=96
num_leaves=7
num_cat=0
split_feature=29 50 47 39 47 27
split_gain=22.4454 37.564 41.0583 35.2332 35.2618 34.4817
threshold=0.10457879304885866 1.6389867663383486 1.1817281246185305 -0.0016496193711645899 0.92672953009605419 0.084485858678817763
decision_type=8 10 10 8 8 8
left_child=1 -1 -3 -2 -5 -6
right_child=3 2 -4 4 5 -7
leaf_value=-2.8611356624705031e-06 -0.00064144156203684304 -8.2743592587053731e-05 -0.00078154060257570413 0.0015902672997191996 0.00062877235280592411 -3.3917779892952546e-05
leaf_weight=17638 95 725 173 98 570 851
leaf_count=17638 95 725 173 98 570 851
internal_value=-0.000222029 -0.000656653 -0.0106035 0.00548178 0.00736549 0.005277
internal_weight=20150 18536 898 1614 1519 1421
internal_count=20150 18536 898 1614 1519 1421
is_linear=0
shrinkage=0.05


Tree=97
num_leaves=7
num_cat=0
split_feature=46 42 27 41 26 26
split_gain=27.5522 36.1624 45.1212 56.4639 39.7806 28.9903
threshold=0.9305415451526643 0.15764832496643069 0.051124690100550658 0.09456112235784532 0.088827747851610198 0.082266818732023253
decision_type=8 10 8 8 8 10
left_child=1 2 -1 4 -4 -2
right_child=5 -3 3 -5 -6 -7
leaf_value=-3.9092819732919427e-05 5.0937131029247816e-06 0.00016398093098952569 -0.00051994805567802979 -0.00059372572932949895 0.0021299220592050083 0.00017198214422735998
leaf_weight=6202 10600 726 50 278 66 2452
leaf_count=6202 10600 726 50 278 66 2452
internal_value=-0.000195054 -0.00250785 -0.00367747 -0.0199875 0.0088843 0.00132305
internal_weight=20374 7322 6596 394 116 13052
internal_count=20374 7322 6596 394 116 13052
is_linear=0
shrinkage=0.05


Tree=98
num_leaves=7
num_cat=0
split_feature=3 32 5 23 18 48
split_gain=24.7709 25.8412 28.7912 32.1705 28.8075 23.2225
threshold=0.015940513461828235 -0.64226868748664845 -1.0000000180025095e-35 0.021618578583002094 0.57500001788139354 -0.17125922441482541
decision_type=8 8 10 10 10 10
left_child=5 -2 3 4 -3 -1
right_child=1 2 -4 -5 -6 -7
leaf_value=-3.742607438403725e-05 0.0022809810238398382 0.00015800880313319781 0.00048796326737437189 -0.00041216251520040468 -0.00076582750990656203 4.1596109339708219e-05
leaf_weight=11332 64 1028 211 207 84 7421
leaf_count=11332 64 1028 211 207 84 7421
internal_value=-0.000165831 0.00586304 0.00447883 0.00168051 0.00508057 -0.000619736
internal_weight=20347 1594 1530 1319 1112 18753
internal_count=20347 1594 1530 1319 1112 18753
is_linear=0
shrinkage=0.05


Tree=99
num_leaves=7
num_cat=0
split_feature=38 6 47 20 18 47
split_gain=26.3732 64.6572 27.1912 42.4409 59.0745 44.4358
threshold=0.044523391872644431 0.52540904283523571 0.86003702878952037 0.47499999403953558 0.72499999403953563 0.81267371773719799
decision_type=10 8 10 8 10 8
left_child=2 -2 3 5 -5 -1
right_child=1 -3 -4 4 -6 -7
leaf_value=-9.442629470585379e-06 0.00087058652173045671 -0.00034989438902301682 5.3065411535451564e-05 9.1695197803036343e-05 -0.00012687995339140013 -0.00026750149944041769
leaf_weight=2156 210 104 9856 4106 1989 1923
leaf_count=2156 210 104 9856 4106 1989 1923
internal_value=-8.23136e-05 0.0143417 -0.00014849 -0.00196237 0.00067623 -0.0059072
internal_weight=20344 314 20030 10174 6095 4079
internal_count=20344 314 20030 10174 6095 4079
is_linear=0
shrinkage=0.05


Tree=100
num_leaves=7
num_cat=0
split_feature=50 26 1 49 48 42
split_gain=21.6136 35.2052 25.2269 58.4958 53.9843 56.4707
threshold=2.1362723112106328 -0.049533624202013009 -0.023539889603853222 2.3901141881942753 1.5711774230003359 0.15764832496643069
decision_type=10 8 8 8 10 10
left_child=2 -2 3 -1 5 -4
right_child=1 -3 4 -5 -6 -7
leaf_value=-1.4131300841429326e-05 -0.00057769087145918645 -6.3135744912930558e-05 -3.4708450571755465e-06 -0.00045906708474041625 0.00046273005571866537 0.00038816910786618631
leaf_weight=5284 120 379 12511 695 565 774
leaf_count=5284 120 379 12511 695 565 774
internal_value=-0.000215167 -0.0103671 0.000117223 -0.00259442 0.00129015 0.00064146
internal_weight=20328 499 19829 5979 13850 13285
internal_count=20328 499 19829 5979 13850 13285
is_linear=0
shrinkage=0.05


Tree=101
num_leaves=7
num_cat=0
split_feature=36 22 44 44 24 32
split_gain=21.9689 41.2134 46.3902 36.924 32.1607 31.6806
threshold=-0.81640949845314015 0.82500001788139354 0.13072439283132556 0.14625388383865359 -0.13559197634458539 -1.2193225622177122
decision_type=8 10 8 8 8 8
left_child=1 3 -3 5 -2 -1
right_child=4 2 -4 -5 -6 -7
leaf_value=-0.00044484803564321171 0.0010043967916773724 -0.000961176743900178 0.0003793997749314596 -0.0010529409265429529 8.7988403121038946e-06 0.00014337044973182587
leaf_weight=160 225 305 101 68 18796 624
leaf_count=160 225 305 101 68 18796 624
internal_value=-0.000102297 -0.00615598 -0.0191606 8.75146e-05 0.000653054 0.00326362
internal_weight=20279 1258 406 852 19021 784
internal_count=20279 1258 406 852 19021 784
is_linear=0
shrinkage=0.05


Tree=102
num_leaves=7
num_cat=0
split_feature=6 48 10 26 1 20
split_gain=21.1431 45.1528 78.2211 60.1158 57.0919 52.4453
threshold=0.2784088551998139 -0.27822594344615931 0.20918048918247226 0.24302762746810916 0.017892293632030491 0.37500000000000006
decision_type=10 10 10 8 8 8
left_child=-1 2 4 5 -2 -3
right_child=1 3 -4 -5 -6 -7
leaf_value=3.9380192800284099e-05 -0.00021867380569653419 0.00033820155484477928 0.00031734185974174168 -0.00050328724279160143 -3.0271356026027736e-06 1.5195745328480248e-05
leaf_weight=7496 2983 953 374 276 2301 5880
leaf_count=7496 2983 953 374 276 2301 5880
internal_value=-0.000146783 -0.0012547 -0.00458679 0.00139514 -0.00615901 0.0023289
internal_weight=20263 12767 5658 7109 5284 6833
internal_count=20263 12767 5658 7109 5284 6833
is_linear=0
shrinkage=0.05


Tree=103
num_leaves=7
num_cat=0
split_feature=24 26 36 2 2 35
split_gain=21.5205 58.9333 100.05 73.912 56.4932 51.4478
threshold=0.028260150924324993 0.054861532524228103 -0.12028031051158904 0.0072514472994953403 0.0064337078947573909 -0.32118733227252955
decision_type=10 10 8 8 8 8
left_child=-1 3 4 -2 -3 -6
right_child=1 2 -4 -5 5 -7
leaf_value=2.2911112199897933e-05 6.3615208524794904e-05 -0.00024969329944565951 -7.3145703075294278e-05 -0.00038469350237753798 0.001507482231964263 0.00016355599206371041
leaf_weight=13905 726 211 2862 1849 500 353
leaf_count=13905 726 211 2862 1849 500 353
internal_value=-0.000194748 -0.00243237 0.00141821 -0.00830426 0.0144761 0.0201923
internal_weight=20406 6501 3926 2575 1064 853
internal_count=20406 6501 3926 2575 1064 853
is_linear=0
shrinkage=0.05


Tree=104
num_leaves=7
num_cat=0
split_feature=35 35 47 36 24 40
split_gain=23.3873 45.1189 44.1136 36.6155 61.0543 48.6865
threshold=0.8052598536014558 0.4802138358354569 0.77571588754653942 0.26455762982368475 -0.03029611241072416 0.065296676009893431
decision_type=10 10 10 10 10 8
left_child=1 3 -2 -1 5 -5
right_child=2 -3 -4 4 -6 -7
leaf_value=3.6671157247496333e-06 0.00034661266867482059 0.00011341557293957539 -0.0003578202486833742 -0.00019032929700289237 -0.00017846920307722518 0.00057443133094545271
leaf_weight=15619 143 1804 364 136 1980 228
leaf_count=15619 143 1804 364 136 1980 228
internal_value=-0.000117116 3.16104e-05 -0.010791 -0.0007249 -0.00654534 0.0121274
internal_weight=20274 19767 507 17963 2344 364
internal_count=20274 19767 507 17963 2344 364
is_linear=0
shrinkage=0.05


Tree=105
num_leaves=7
num_cat=0
split_feature=23 21 49 35 35 1
split_gain=24.0804 32.3036 41.692 42.5037 47.5477 37.6334
threshold=-0.0033605917124077673 0.47499999403953558 -0.083243966102600084 0.55096033215522777 -0.82606002688407887 -0.017075308598577973
decision_type=10 10 8 10 8 8
left_child=-1 2 -2 4 -4 -3
right_child=1 5 3 -5 -6 -7
leaf_value=4.2852994649363262e-05 3.9145564088174417e-05 -9.5122487416706133e-05 0.00037493739316045991 8.855606399882658e-05 -0.00016286707912864268 0.00011688625773002564
leaf_weight=8351 1344 2587 156 628 3461 3817
leaf_count=8351 1344 2587 156 628 3461 3817
internal_value=-0.000200256 -0.00141065 -0.00418752 -0.00661765 -0.00870375 0.0010103
internal_weight=20344 11993 5589 4245 3617 6404
internal_count=20344 11993 5589 4245 3617 6404
is_linear=0
shrinkage=0.05


Tree=106
num_leaves=7
num_cat=0
split_feature=41 3 44 35 36 16
split_gain=22.4671 46.575 69.6988 52.97 77.9775 66.6066
threshold=0.10096509754657747 0.0079939072020351904 0.083138793706893935 0.43990893661975866 0.1319009214639664 0.52500000596046459
decision_type=10 8 10 10 10 8
left_child=1 2 3 4 5 -1
right_child=-2 -3 -4 -5 -6 -7
leaf_value=0.00021155152124333325 -4.9539047021739747e-05 0.00010628608660693487 -0.00011819323468678731 0.00018930114262994839 -0.00013579004456275973 -7.9721730805731636e-05
leaf_weight=1339 7290 6068 2356 927 1059 1253
leaf_count=1339 7290 6068 2356 927 1059 1253
internal_value=-0.000171208 0.00135888 -0.00143753 0.0021547 -0.000553884 0.00411051
internal_weight=20292 13002 6934 4578 3651 2592
internal_count=20292 13002 6934 4578 3651 2592
is_linear=0
shrinkage=0.05


Tree=107
num_leaves=7
num_cat=0
split_feature=29 35 45 41 44 46
split_gain=20.8456 45.5698 41.4662 58.7466 60.3024 48.7063
threshold=-0.057748397812247269 0.089227315038442626 0.12612903118133548 0.09588948637247087 0.088717956095933928 1.0023335814476015
decision_type=10 10 8 10 10 10
left_child=1 2 3 -1 -5 -6
right_child=-2 -3 -4 4 5 -7
leaf_value=0.00013856386111238311 -4.0922480083221208e-06 0.00072288355806834285 0.00019220484247216778 -0.0011004126047474974 0.00084374901580939836 -0.00043232956584580463
leaf_weight=344 17404 141 1907 248 107 153
leaf_count=344 17404 141 1907 248 107 153
internal_value=-0.000195726 0.00443201 0.00297576 -0.00615519 -0.0169103 0
internal_weight=20304 2900 2759 852 508 260
internal_count=20304 2900 2759 852 508 260
is_linear=0
shrinkage=0.05


Tree=108
num_leaves=7
num_cat=0
split_feature=46 44 29 48 44 13
split_gain=24.93 48.8936 40.7832 60.6279 47.3932 39.851
threshold=0.9305415451526643 0.054622681811451919 -0.035308478400111191 -1.7847539186477659 0.15486721694469455 -0.0017206128686666486
decision_type=8 8 10 10 10 8
left_child=1 5 3 -3 -4 -1
right_child=-2 2 4 -5 -6 -7
leaf_value=0.00014888004863324971 3.1832929454788006e-05 -0.00015192461696025375 -9.1007580269513488e-05 0.00043146005121969162 0.0014435205696244845 -1.4090150065210132e-05
leaf_weight=158 13069 585 5797 570 65 121
leaf_count=158 13069 585 5797 570 65 121
internal_value=-0.000106775 -0.00228393 -0.00310809 0.00545259 -0.00480228 0.0180458
internal_weight=20365 7296 7017 1155 5862 279
internal_count=20365 7296 7017 1155 5862 279
is_linear=0
shrinkage=0.05


Tree=109
num_leaves=7
num_cat=0
split_feature=48 26 50 44 0 36
split_gain=23.7307 59.2488 51.528 50.9576 57.2311 46.9518
threshold=-0.27822594344615931 0.27660740911960607 0.68572893738746654 0.1354545280337334 -0.014533788897097109 0.040248472243547447
decision_type=10 8 10 10 8 10
left_child=2 -2 3 -1 5 -5
right_child=1 -3 -4 4 -6 -7
leaf_value=-3.7132035223741075e-05 5.1099529480500703e-05 -0.0010840200356550863 -0.00035898910876134313 -0.0003157736990608076 0.00040333410642354845 0.00046717330801292081
leaf_weight=10274 7838 138 830 293 897 100
leaf_count=10274 7838 138 830 293 897 100
internal_value=-0.0002 0.0019891 -0.00150617 -0.000637479 0.00870656 -0.00709799
internal_weight=20370 7976 12394 11564 1290 393
internal_count=20370 7976 12394 11564 1290 393
is_linear=0
shrinkage=0.05


Tree=110
num_leaves=7
num_cat=0
split_feature=45 44 17 16 42 17
split_gain=28.0578 56.6382 67.4023 54.5908 48.7736 62.6308
threshold=0.079707488417625441 0.083138793706893935 0.27500000596046453 0.52500000596046459 0.080169286578893675 0.32500000298023229
decision_type=8 8 8 8 10 8
left_child=1 2 -1 -4 5 -3
right_child=-2 4 3 -5 -6 -7
leaf_value=-0.00020206008592233202 2.7272902769545855e-05 2.8369154085173317e-05 0.00015742845702284541 -2.7552430939640214e-05 -1.366667107645223e-05 -0.00032019379506995446
leaf_weight=1207 13896 334 1405 1715 1008 739
leaf_count=1207 13896 334 1405 1715 1008 739
internal_value=-0.000210498 -0.00292765 0.000328947 0.004216 -0.00969559 -0.0170918
internal_weight=20304 6408 4327 3120 2081 1073
internal_count=20304 6408 4327 3120 2081 1073
is_linear=0
shrinkage=0.05


Tree=111
num_leaves=7
num_cat=0
split_feature=41 3 44 10 35 36
split_gain=21.0859 59.4805 49.4262 56.9043 50.4572 67.3906
threshold=0.09456112235784532 0.0079939072020351904 0.083138793706893935 -0.11349579319357871 0.43990893661975866 0.1319009214639664
decision_type=10 8 10 8 10 10
left_child=1 2 4 -4 5 -1
right_child=-2 -3 3 -5 -6 -7
leaf_value=5.762764395537242e-05 -4.453294360628477e-05 0.00013875925812474802 0.00056131245495626267 -0.00011892957963152734 0.00018873720062239681 -0.00013670231201726304
leaf_weight=2636 8556 4796 106 2291 910 1047
leaf_count=2636 8556 4796 106 2291 910 1047
internal_value=-0.000190446 0.00149902 -0.00144031 -0.00725437 0.00159308 -0.00101003
internal_weight=20342 11786 6990 2397 4593 3683
internal_count=20342 11786 6990 2397 4593 3683
is_linear=0
shrinkage=0.05


Tree=112
num_leaves=7
num_cat=0
split_feature=46 38 26 24 48 18
split_gain=25.141 38.6122 33.9001 59.6229 43.3592 37.2131
threshold=0.9305415451526643 0.013131916057318451 0.082266818732023253 0.088289353996515288 2.2594373226165776 0.62500000000000011
decision_type=8 8 10 10 10 8
left_child=1 -1 3 4 -2 -4
right_child=2 -3 5 -5 -6 -7
leaf_value=-2.7856378231246326e-06 5.9036523534677309e-06 -0.00019603339635187699 -0.00015347246709539132 -0.00064871249793322185 0.00044798006301344012 0.00027425718931439931
leaf_weight=5612 10029 1709 399 303 225 2089
leaf_count=5612 10029 1709 399 303 225 2089
internal_value=-0.000146041 -0.00225566 0.00140421 0.000163321 0.000816356 0.00664862
internal_weight=20366 7321 13045 10557 10254 2488
internal_count=20366 7321 13045 10557 10254 2488
is_linear=0
shrinkage=0.05


Tree=113
num_leaves=7
num_cat=0
split_feature=47 32 35 3 8 35
split_gain=27.0292 55.1999 30.3813 40.6785 41.8136 38.6379
threshold=0.64568516612052929 0.58267223834991466 0.8052598536014558 0.0062191602773964414 0.14037846028804782 0.4802138358354569
decision_type=8 8 10 8 8 10
left_child=1 -1 5 -4 -5 -2
right_child=2 -3 3 4 -6 -7
leaf_value=8.9528146907110934e-05 -1.5019571777620013e-05 -0.00016290710934780753 9.3420969932221545e-05 0.00015496712567582266 -0.00061394197088987437 0.00016003866909236435
leaf_weight=655 17603 148 152 100 219 1463
leaf_count=655 17603 148 152 100 219 1463
internal_value=-0.00019538 0.00894183 -0.000390185 -0.0128676 -0.0229167 -7.73426e-05
internal_weight=20340 803 19537 471 319 19066
internal_count=20340 803 19537 471 319 19066
is_linear=0
shrinkage=0.05


Tree=114
num_leaves=7
num_cat=0
split_feature=47 49 36 8 29 47
split_gain=23.4777 60.0214 35.6414 26.6181 41.3801 24.065
threshold=0.64568516612052929 -0.041371252387762063 0.56696113944053661 0.2906345427036286 0.027647205628454689 0.83765330910682689
decision_type=8 8 8 8 10 8
left_child=1 -1 -3 -4 -5 -2
right_child=5 2 3 4 -6 -7
leaf_value=0.00018392721174984375 -5.5129509181114231e-05 -0.00017439712912626729 -2.5209759625682691e-05 0.00095014278745222122 -8.051892503698892e-05 1.6018650247815765e-05
leaf_weight=369 4818 166 102 103 70 14795
leaf_count=369 4818 166 102 103 70 14795
internal_value=-0.000150529 0.00831288 -0.00409193 0.006875 0.0186798 -0.000347895
internal_weight=20423 810 441 275 173 19613
internal_count=20423 810 441 275 173 19613
is_linear=0
shrinkage=0.05


Tree=115
num_leaves=7
num_cat=0
split_feature=35 3 27 35 35 20
split_gain=20.4097 32.8389 47.083 21.7045 38.0633 83.6639
threshold=0.83573606610298168 0.0062191602773964414 0.0039089317433536061 0.4802138358354569 0.25292804837226873 0.72499999403953563
decision_type=10 8 8 10 10 8
left_child=3 2 -2 4 -1 -6
right_child=1 -3 -4 -5 5 -7
leaf_value=1.401456285721609e-05 0.0005445444149687796 -0.00058179473000935717 -0.00025073415947089045 7.4945760644022102e-05 -2.3944760901891111e-06 -0.00074037891382229451
leaf_weight=16445 69 124 67 2067 1108 433
leaf_count=16445 69 124 67 2067 1108 433
internal_value=-0.000200561 -0.0134906 0.00336879 0.000474873 -8.19854e-05 -0.00758409
internal_weight=20313 260 136 20053 17986 1541
internal_count=20313 260 136 20053 17986 1541
is_linear=0
shrinkage=0.05


Tree=116
num_leaves=7
num_cat=0
split_feature=30 12 48 50 44 50
split_gain=21.2226 33.5573 43.271 56.6011 42.0477 36.5065
threshold=44.109436035156257 0.043311208486557014 -2.0586997270584102 0.1876369193196297 0.1354545280337334 -0.29347997903823847
decision_type=10 8 10 10 8 8
left_child=1 2 3 -1 -4 -3
right_child=-2 5 4 -5 -6 -7
leaf_value=-4.6961579059392741e-05 -2.6548984086235085e-05 0.00049357828776714285 2.1933645952588343e-05 -0.001052470094563263 0.00054212502455366809 0.00011739996351156444
leaf_weight=1127 12907 277 3587 163 201 2088
leaf_count=1127 12907 277 3587 163 201 2088
internal_value=-0.000268976 0.00201732 -0.00027051 -0.00816602 0.00241893 0.00693038
internal_weight=20350 7443 5078 1290 3788 2365
internal_count=20350 7443 5078 1290 3788 2365
is_linear=0
shrinkage=0.05


Tree=117
num_leaves=7
num_cat=0
split_feature=50 42 26 35 46 45
split_gain=23.6294 76.7455 67.4618 63.3796 47.8493 46.608
threshold=0.68572893738746654 0.12726530432701114 0.082266818732023253 -0.36456607282161707 0.9361979365348817 0.055376684293150909
decision_type=10 10 8 8 10 8
left_child=-1 2 5 -4 -5 -2
right_child=1 -3 3 4 -6 -7
leaf_value=2.4023513591815879e-05 0.00027886933412608889 -0.00053463638143901493 0.0018246969448329029 -0.00052972788157323229 0.00024251077467179281 -0.00015195553344248363
leaf_weight=15963 293 471 207 113 741 2396
leaf_count=15963 293 471 207 113 741 2396
internal_value=-0.000147357 -0.00298746 -0.000579228 0.010061 0.00392899 -0.0047977
internal_weight=20184 4221 3750 1061 854 2689
internal_count=20184 4221 3750 1061 854 2689
is_linear=0
shrinkage=0.05


Tree=118
num_leaves=7
num_cat=0
split_feature=0 35 43 38 22 38
split_gain=20.9429 31.9981 24.1426 34.8306 23.0765 38.1073
threshold=0.087956402450799956 -1.0000000180025095e-35 0.15021334588527682 -0.013076334726065396 0.57500001788139354 -0.01624422054737806
decision_type=10 10 10 8 8 8
left_child=4 2 -2 -4 5 -1
right_child=1 -3 3 -5 -6 -7
leaf_value=9.5156397151855831e-05 -0.0007780433000445508 0.00078707787047978218 -0.00092871876077114046 0.00057434046964805559 4.7209367865591214e-05 -5.0881816025924021e-05
leaf_weight=1408 138 53 59 75 9420 9129
leaf_count=1408 138 53 59 75 9420 9129
internal_value=-0.000245231 -0.012803 -0.0197653 -0.00413669 -0.000101443 -0.00170983
internal_weight=20282 325 272 134 19957 10537
internal_count=20282 325 272 134 19957 10537
is_linear=0
shrinkage=0.05


Tree=119
num_leaves=7
num_cat=0
split_feature=35 41 9 50 10 22
split_gain=27.5518 25.1139 22.0916 20.5535 33.7937 19.5323
threshold=0.83573606610298168 0.057411484420299537 -0.05003815330564975 2.1362723112106328 -0.064961530268192277 0.82500001788139354
decision_type=10 8 10 10 10 10
left_child=3 -2 -3 -1 -5 -6
right_child=1 2 -4 4 5 -7
leaf_value=9.3167135560123495e-06 4.0514519206392946e-05 -4.2211523468484345e-05 -0.00067293081454834931 -0.0005168731998905871 0.00010972619297214511 -0.0014552156719762109
leaf_weight=19587 99 52 101 125 313 54
leaf_count=19587 99 52 101 125 313 54
internal_value=-0.000239723 -0.0162451 -0.0286392 0.000230283 -0.00980885 -0.00194892
internal_weight=20331 252 153 20079 492 367
internal_count=20331 252 153 20079 492 367
is_linear=0
shrinkage=0.05


Tree=120
num_leaves=7
num_cat=0
split_feature=35 40 35 29 44 44
split_gain=22.723 31.3504 29.7893 37.2598 34.636 46.5891
threshold=0.8052598536014558 0.07722861692309381 0.4802138358354569 -0.022393608465790745 0.066833067685365691 0.054622681811451919
decision_type=10 8 10 10 8 8
left_child=2 -2 4 -4 5 -1
right_child=1 -3 3 -5 -6 -7
leaf_value=3.4623287180935205e-05 -3.4444246685547489e-05 -0.00051126669696157972 0.00055204024221190511 4.690762911086854e-05 1.035195050753387e-05 -0.00029121240915801628
leaf_weight=466 333 168 211 1587 16423 1057
leaf_count=466 333 168 211 1587 16423 1057
internal_value=-0.000201235 -0.0103261 0.000403818 0.00653078 -0.000210295 -0.00741165
internal_weight=20245 501 19744 1798 17946 1523
internal_count=20245 501 19744 1798 17946 1523
is_linear=0
shrinkage=0.05


Tree=121
num_leaves=7
num_cat=0
split_feature=50 26 1 35 21 49
split_gain=21.9786 28.577 21.2942 59.1552 79.0466 66.9404
threshold=2.1362723112106328 -0.049533624202013009 -0.023539889603853222 0.14874368906021121 0.57500001788139354 -1.5175207853317259
decision_type=10 8 8 8 8 8
left_child=2 -2 3 -1 -5 -6
right_child=1 -3 -4 4 5 -7
leaf_value=3.9382014878741546e-05 -0.00048651439366600969 -5.6395921582049068e-05 2.6186076329013429e-05 -1.2336320895915578e-05 0.00040611794740267465 -0.00067555929499531642
leaf_weight=3690 123 379 13749 1360 87 833
leaf_count=3690 123 379 13749 1360 87 833
internal_value=-0.000166864 -0.0102071 0.000335885 -0.00215481 -0.00847921 -0.0197568
internal_weight=20221 502 19719 5970 2280 920
internal_count=20221 502 19719 5970 2280 920
is_linear=0
shrinkage=0.05


Tree=122
num_leaves=7
num_cat=0
split_feature=46 32 36 2 36 10
split_gain=26.5318 38.2295 65.1706 44.2207 41.8362 33.2587
threshold=0.9361979365348817 0.62344488501548778 -0.51190462708473194 0.0072514472994953403 0.80508106946945202 0.20918048918247226
decision_type=8 10 8 8 10 10
left_child=1 5 3 -3 -4 -1
right_child=-2 2 4 -5 -6 -7
leaf_value=-2.5202984615627143e-05 2.6733708493930471e-05 -2.9684476645018023e-05 -0.00041636855811747636 0.0020727525724886895 0.00054818191072946527 0.00030970775194896115
leaf_weight=6093 12750 128 884 71 66 238
leaf_count=6093 12750 128 884 71 66 238
internal_value=-0.000240919 -0.00248163 -0.0108536 0.0148284 -0.0163089 -0.000950915
internal_weight=20230 7480 1149 199 950 6331
internal_count=20230 7480 1149 199 950 6331
is_linear=0
shrinkage=0.05


Tree=123
num_leaves=7
num_cat=0
split_feature=23 39 47 7 0 47
split_gain=25.5756 20.5022 65.7824 55.3762 55.4084 50.2386
threshold=-0.044425519183278077 0.042577352374792106 1.134128272533417 0.59198433160781871 0.01816357392817736 0.91636726260185253
decision_type=10 10 10 8 8 8
left_child=-1 -2 3 -3 5 -5
right_child=1 2 -4 4 -6 -7
leaf_value=0.00030436959204521502 1.0001983818261535e-05 0.00018638495130753602 -0.00033786651653258258 -0.00034043104563178842 -0.00060499527197362601 0.00021705810127491105
leaf_weight=473 16216 1087 1488 212 228 489
leaf_count=473 16216 1087 1488 212 228 489
internal_value=-0.000127488 -0.000145754 -0.00361214 0.00226373 -0.00666488 0.000318697
internal_weight=20193 19720 3504 2016 929 701
internal_count=20193 19720 3504 2016 929 701
is_linear=0
shrinkage=0.05


Tree=124
num_leaves=7
num_cat=0
split_feature=50 10 48 26 39 50
split_gain=18.4554 28.4269 20.431 50.1074 45.804 44.4326
threshold=2.1362723112106328 -0.064961530268192277 -0.27822594344615931 0.24302762746810916 0.042577352374792106 0.44875511527061468
decision_type=10 10 10 8 10 10
left_child=2 -2 5 4 -4 -1
right_child=1 -3 3 -5 -6 -7
leaf_value=2.0366802789111192e-06 -0.00048696414973046359 -4.2214187513733171e-05 0.00011201487537535967 -0.00047728142469568723 -0.00013403218862208677 -0.00025201700796543576
leaf_weight=11159 128 379 5933 275 1295 1099
leaf_count=11159 128 379 5933 275 1295 1099
internal_value=-0.000161545 -0.00922852 0.000385763 0.00244073 0.00324554 -0.000870505
internal_weight=20268 507 19761 7503 7228 12258
internal_count=20268 507 19761 7503 7228 12258
is_linear=0
shrinkage=0.05


Tree=125
num_leaves=7
num_cat=0
split_feature=22 1 26 42 32 21
split_gain=20.85 39.2393 64.6129 44.5788 43.1133 41.5255
threshold=0.57500001788139354 0.026826892979443077 0.24302762746810916 0.15256892889738086 -0.48598554730415339 0.62500000000000011
decision_type=8 8 8 10 8 8
left_child=-1 2 -2 -3 -4 -6
right_child=1 3 4 -5 5 -7
leaf_value=-2.5554225322329391e-05 3.7698808662102847e-05 7.6093131743665027e-05 0.00055985766912288913 0.00051668483200221842 8.9389557280708607e-05 -0.00064580418018207134
leaf_weight=10596 5005 3092 84 653 170 642
leaf_count=10596 5005 3092 84 653 170 642
internal_value=-0.000181508 0.00168635 -0.00085083 0.00568667 -0.0131798 -0.0167381
internal_weight=20242 9646 5901 3745 896 812
internal_count=20242 9646 5901 3745 896 812
is_linear=0
shrinkage=0.05


Tree=126
num_leaves=7
num_cat=0
split_feature=19 22 49 1 44 44
split_gain=18.7518 39.5165 33.0214 29.2338 27.977 31.1423
threshold=0.12500000372529033 0.92499998211860668 -1.5175207853317259 -0.081249568611383424 0.098995089530944838 0.11565121263265611
decision_type=8 8 8 8 10 8
left_child=1 3 -2 -1 -5 -6
right_child=2 -3 -4 4 5 -7
leaf_value=0.00046370905875436685 0.0004248560311387012 -0.000831644447538368 6.1895584482420109e-06 6.8764027839443235e-06 -0.00065313590689811433 5.0726567496949635e-05
leaf_weight=110 489 211 17764 1263 242 166
leaf_count=110 489 211 17764 1263 242 166
internal_value=-0.000220988 -0.00444417 0.000658615 -0.00197368 -0.00365453 -0.0149516
internal_weight=20245 1992 18253 1781 1671 408
internal_count=20245 1992 18253 1781 1671 408
is_linear=0
shrinkage=0.05


Tree=127
num_leaves=7
num_cat=0
split_feature=33 38 35 22 42 41
split_gain=19.8208 59.6609 77.2351 31.1197 40.53 29.6439
threshold=-0.26349769532680506 0.033823875710368163 -0.36456607282161707 0.92499998211860668 0.054272485896945007 0.055669998750090606
decision_type=8 8 8 10 10 8
left_child=1 2 3 4 -1 -4
right_child=-2 -3 5 -5 -6 -7
leaf_value=-0.00063331633599295924 -1.0577893585931477e-05 0.00048730559388628596 0.00017635864501187054 -0.0011481514359300985 -2.2581631008281382e-05 9.2985031147533031e-05
leaf_weight=83 17268 353 254 132 448 1776
leaf_count=83 17268 353 254 132 448 1776
internal_value=-0.000200551 0.00379384 0.00123239 -0.0135105 -0.00788246 0.00608108
internal_weight=20314 3046 2693 663 531 2030
internal_count=20314 3046 2693 663 531 2030
is_linear=0
shrinkage=0.05


Tree=128
num_leaves=7
num_cat=0
split_feature=23 39 49 43 45 46
split_gain=26.3612 38.3771 59.7875 97.5229 69.699 63.9101
threshold=-0.0071405563503503791 0.01277802372351289 0.36034497618675237 0.12869047373533252 0.079707488417625441 0.94684466719627391
decision_type=10 10 10 10 8 10
left_child=-1 2 -2 4 -4 -6
right_child=1 -3 3 -5 5 -7
leaf_value=5.8102507958327466e-05 -4.6527478629994725e-05 -7.8730606435601538e-05 -3.3911756923492276e-06 -0.00074688210246897757 0.0001272962785808718 0.0007619023888018275
leaf_weight=6576 5114 5639 1167 188 763 779
leaf_count=6576 5114 5639 1167 188 763 779
internal_value=-0.000142109 -0.00147016 0.000751622 0.00648691 0.00892594 0.0158856
internal_weight=20226 13650 8011 2897 2709 1542
internal_count=20226 13650 8011 2897 2709 1542
is_linear=0
shrinkage=0.05


Tree=129
num_leaves=7
num_cat=0
split_feature=27 48 12 26 5 42
split_gain=27.2544 55.1099 40.1899 50.7869 55.7718 49.6021
threshold=0.060863642022013671 0.71820116043090831 0.15747090429067614 0.10338851809501649 0.79062074422836315 0.13542550802230838
decision_type=10 8 10 10 10 10
left_child=-1 -2 3 4 -3 -5
right_child=1 2 -4 5 -6 -7
leaf_value=1.1681191221667219e-05 -0.00044817633760562087 9.9383626511695178e-05 -0.00065383433534328683 0.00066618254131288262 -0.00065717306269091175 -0.00088721034616918927
leaf_weight=18772 363 405 147 400 217 58
leaf_count=18772 363 405 147 400 217 58
internal_value=-0.000200079 -0.00619122 -0.00107549 0.00228111 -0.00697767 0.0148488
internal_weight=20362 1590 1227 1080 622 458
internal_count=20362 1590 1227 1080 622 458
is_linear=0
shrinkage=0.05


Tree=130
num_leaves=7
num_cat=0
split_feature=3 47 41 50 39 32
split_gain=17.5361 58.1866 48.6759 66.6383 47.9248 46.4973
threshold=0.01404809206724167 1.2003182768821719 0.12247327342629434 0.23635457456111911 0.01037283753976226 -0.86182555556297291
decision_type=8 8 10 8 10 8
left_child=2 -2 -1 -4 -5 -3
right_child=1 5 3 4 -6 -7
leaf_value=1.1174501141835315e-05 0.001218256072050419 0.0015318847361140437 0.00013717981074801261 -0.00054957078271589816 -0.00012892508750395046 1.7090998560926272e-05
leaf_weight=15854 165 96 732 605 533 2283
leaf_count=15854 165 96 732 605 533 2283
internal_value=-0.000102353 0.00422715 -0.000207287 -0.00782667 -0.0153762 0.00219169
internal_weight=20268 2544 17724 1870 1138 2379
internal_count=20268 2544 17724 1870 1138 2379
is_linear=0
shrinkage=0.05


Tree=131
num_leaves=7
num_cat=0
split_feature=23 44 2 47 47 0
split_gain=24.8888 21.4443 21.3063 18.9745 37.3358 45.0022
threshold=-0.044425519183278077 0.11412783712148668 0.012156269047409298 0.86003702878952037 0.9593944549560548 -0.066602051258087144
decision_type=10 10 10 10 10 8
left_child=1 2 -1 -2 5 -5
right_child=3 -3 -4 4 -6 -7
leaf_value=0.0001222615292897208 -2.8142247819024104e-05 -0.00056210439020593463 0.00092613209418653225 -0.00058551003523677066 -1.2994967371273304e-05 0.00018316542817834906
leaf_weight=187 10113 70 198 169 6728 2749
leaf_count=187 10113 70 198 169 6728 2749
internal_value=-0.000270785 0.0115761 0.0162179 -0.000188474 0.00139623 0.00611529
internal_weight=20214 455 385 19759 9646 2918
internal_count=20214 455 385 19759 9646 2918
is_linear=0
shrinkage=0.05


Tree=132
num_leaves=7
num_cat=0
split_feature=38 8 35 24 41 35
split_gain=21.3419 50.8043 15.5381 25.9925 49.3869 17.3625
threshold=0.044523391872644431 0.57222646474838268 0.83573606610298168 0.028260150924324993 0.057411484420299537 0.43990893661975866
decision_type=10 8 10 10 8 10
left_child=2 -2 5 4 -4 -1
right_child=1 -3 3 -5 -6 -7
leaf_value=-1.13902654727805e-05 0.0007393898818564851 -0.00029921892445738203 0.00065220796986807975 -0.00061821231512935624 -0.00031714412345440214 5.3363873776485564e-05
leaf_weight=17459 213 92 61 57 130 2274
leaf_count=17459 213 92 61 57 130 2274
internal_value=-0.000210685 0.0129839 -0.000236415 -0.0125494 -0.00318878 -7.72621e-05
internal_weight=20286 305 19981 248 191 19733
internal_count=20286 305 19981 248 191 19733
is_linear=0
shrinkage=0.05


Tree=133
num_leaves=7
num_cat=0
split_feature=47 49 32 35 35 44
split_gain=23.6169 51.9123 24.6699 23.5073 41.6521 47.5296
threshold=0.64568516612052929 -0.041371252387762063 0.70415768027305614 0.8052598536014558 0.4802138358354569 0.066833067685365691
decision_type=8 8 8 10 10 8
left_child=1 -1 -3 4 5 -2
right_child=3 2 -4 -5 -6 -7
leaf_value=0.00017998034033260533 -0.00012238837560978746 1.0561221851371532e-05 -0.00042106744234917054 -0.00015258353912210609 0.00016266867034258519 4.559410898310188e-06
leaf_weight=366 1486 352 76 475 1459 16147
leaf_count=366 1486 352 76 475 1459 16147
internal_value=-0.000219729 0.00860451 -0.00317552 -0.000164776 0.000108656 -0.000562706
internal_weight=20361 794 428 19567 19092 17633
internal_count=20361 794 428 19567 19092 17633
is_linear=0
shrinkage=0.05


Tree=134
num_leaves=7
num_cat=0
split_feature=42 24 36 44 42 36
split_gain=19.417 46.1452 33.2976 51.3961 30.8752 39.115
threshold=0.15764832496643069 -0.033089421689510339 0.4084292352199555 0.13342826068401339 0.12974961102008822 -0.29722732305526728
decision_type=10 10 10 8 10 10
left_child=4 -2 3 -3 -1 -6
right_child=1 2 -4 -5 5 -7
leaf_value=-2.25845656250806e-07 0.00045130438016753144 -0.0012826270699393262 0.00095826720829297039 -1.722146542035357e-05 -0.00033919267548437328 4.5384067633113205e-05
leaf_weight=16930 612 82 56 444 1316 797
leaf_count=16930 612 82 56 444 1316 797
internal_value=-0.000226015 0.00581735 -0.00421635 -0.00823917 -0.000741548 -0.00643296
internal_weight=20237 1194 582 526 19043 2113
internal_count=20237 1194 582 526 19043 2113
is_linear=0
shrinkage=0.05


Tree=135
num_leaves=7
num_cat=0
split_feature=24 44 35 35 15 0
split_gain=22.3721 66.7415 56.6527 47.1823 48.9039 46.243
threshold=-0.036609627306461327 0.12618041038513186 -0.53966474533081044 0.83573606610298168 0.22500000149011615 0.0035268018255010252
decision_type=10 10 10 8 10 8
left_child=1 -1 -3 4 -2 -5
right_child=3 2 -4 5 -6 -7
leaf_value=1.7876215066644618e-05 -0.0002273158596453908 0.00080853481684550657 7.3433926029300468e-05 -5.0485626955535436e-05 1.3361162754291657e-05 -0.00049323436671683122
leaf_weight=5904 637 396 373 885 11643 607
leaf_count=5904 637 396 373 885 11643 607
internal_value=-0.000233496 0.00250449 0.0163114 -0.00102163 0 -0.00940214
internal_weight=20445 6673 769 13772 12280 1492
internal_count=20445 6673 769 13772 12280 1492
is_linear=0
shrinkage=0.05


Tree=136
num_leaves=7
num_cat=0
split_feature=44 0 24 47 35 38
split_gain=19.0935 55.7817 28.4907 39.9512 31.9811 28.1922
threshold=0.14373445510864261 -0.074075479060411439 -0.015421736519783734 1.2338252663612368 -0.67620697617530812 0.00083615694893524062
decision_type=10 8 10 10 10 8
left_child=-1 -2 3 -3 -4 -6
right_child=1 2 4 -5 5 -7
leaf_value=-1.911094243574308e-06 -0.00061222968277854523 0.00091751970150356389 -0.00029104052037522967 -0.00027000414173324641 0.00057836775170738437 -2.3268763643768606e-05
leaf_weight=19266 104 299 220 79 217 176
leaf_count=19266 104 299 220 79 217 176
internal_value=-0.00024919 0.00665909 0.0103665 0.0210836 0.00360032 0.0121231
internal_weight=20361 1095 991 378 613 393
internal_count=20361 1095 991 378 613 393
is_linear=0
shrinkage=0.05


Tree=137
num_leaves=7
num_cat=0
split_feature=44 0 48 36 35 1
split_gain=19.1647 85.1872 52.5272 45.1116 45.4148 39.2612
threshold=0.11948940157890321 -0.014533788897097109 2.0748543739318852 -0.51190462708473194 -0.44276109337806696 -0.023539889603853222
decision_type=10 8 8 10 8 8
left_child=5 2 -2 -3 -5 -1
right_child=1 3 -4 4 -6 -7
leaf_value=-9.239302817439822e-05 2.5606850499868366e-05 0.00049817968327794222 -0.00042768177302776058 -0.0010430490058367708 0.00010293222632220888 1.9477098350333784e-05
leaf_weight=4426 1163 897 498 103 1125 12079
leaf_count=4426 1163 897 498 103 1125 12079
internal_value=-0.00021556 0.00352809 -0.00493697 0.0101526 0.00387267 -0.000413386
internal_weight=20291 3786 1661 2125 1228 16505
internal_count=20291 3786 1661 2125 1228 16505
is_linear=0
shrinkage=0.05


Tree=138
num_leaves=7
num_cat=0
split_feature=28 44 41 45 22 15
split_gain=17.9883 23.2103 21.1132 42.8119 58.6076 55.8292
threshold=-0.031160741113126274 0.12376296520233156 0.10096509754657747 0.081333179026842131 0.87500000000000011 0.22500000149011615
decision_type=8 10 10 8 10 10
left_child=1 -1 3 4 5 -2
right_child=2 -3 -4 -5 -6 -7
leaf_value=0.00045195375130972505 -0.00017820143391250362 -0.00019935338628543887 -6.9085596465378723e-05 9.1265896719669155e-05 -0.00054319958227514332 1.3890813641857586e-05
leaf_weight=272 1415 65 6965 6379 215 4980
leaf_count=272 1415 65 6965 6379 215 4980
internal_value=-0.000245122 0.0111842 -0.000379528 0.000809989 -0.0020068 -0.00112891
internal_weight=20291 337 19954 12989 6610 6395
internal_count=20291 337 19954 12989 6610 6395
is_linear=0
shrinkage=0.05


Tree=139
num_leaves=7
num_cat=0
split_feature=0 38 22 35 12 8
split_gain=19.4491 25.6377 19.9097 35.9617 46.0667 38.0451
threshold=0.087956402450799956 0.0093047861009836214 0.57500001788139354 -0.81147280335426319 0.024067983962595466 0.34583102166652685
decision_type=10 8 8 8 10 8
left_child=2 -2 -1 4 5 -4
right_child=1 -3 3 -5 -6 -7
leaf_value=-2.0148268497263171e-05 -0.00057436552869871563 0.00013505982904295409 -0.00038329523339308315 6.6435039216756941e-05 -0.00065245933398542795 0.00022200327933946272
leaf_weight=10531 210 105 307 8707 146 221
leaf_count=10531 210 105 307 8707 146 221
internal_value=-0.000226127 -0.0122656 0.000159412 0.00183518 -0.00924153 -0.0022045
internal_weight=20227 315 19912 9381 674 528
internal_count=20227 315 19912 9381 674 528
is_linear=0
shrinkage=0.05


Tree=140
num_leaves=7
num_cat=0
split_feature=23 18 26 26 40 42
split_gain=21.728 17.7941 38.0941 38.6095 48.8911 54.9754
threshold=-0.044425519183278077 0.92499998211860668 0.050298761576414115 0.2028334438800812 0.078642502427101149 0.11825459077954294
decision_type=10 10 8 10 8 10
left_child=-1 -2 -3 4 -4 -6
right_child=1 2 3 -5 5 -7
leaf_value=0.00026868382435250306 4.0077605609040688e-06 -0.00025595062371942345 -0.0001963667835887301 -0.00051481703009602787 0.00045869309050889203 -0.00064480933648872717
leaf_weight=469 17980 350 393 218 654 191
leaf_count=469 17980 350 393 218 654 191
internal_value=-0.000211007 -0.000231166 -0.00495583 -0.00135181 0.0020716 0.00885294
internal_weight=20255 19786 1806 1456 1238 845
internal_count=20255 19786 1806 1456 1238 845
is_linear=0
shrinkage=0.05


Tree=141
num_leaves=7
num_cat=0
split_feature=36 36 48 24 40 35
split_gain=24.8198 34.1372 32.5649 27.6441 31.8714 24.0869
threshold=-0.933234542608261 -0.81640949845314015 1.2938340306282046 -0.13559197634458539 0.093488808721303954 -0.82606002688407887
decision_type=8 8 10 8 8 8
left_child=-1 2 -2 4 -3 -5
right_child=1 3 -4 5 -6 -7
leaf_value=0.00030023923463241598 -0.00030347452803980961 -0.0002643333978992293 0.00021467945659292667 0.00024647785994646022 0.0012588848930853527 1.1689562560204506e-06
leaf_weight=251 855 50 134 394 174 18469
leaf_count=251 855 50 134 394 174 18469
internal_value=-0.00021026 5.35332e-05 -0.00897887 0.000525089 0.0177948 0.000314024
internal_weight=20327 20076 989 19087 224 18863
internal_count=20327 20076 989 19087 224 18863
is_linear=0
shrinkage=0.05


Tree=142
num_leaves=7
num_cat=0
split_feature=18 38 44 50 47 43
split_gain=21.416 29.6538 33.0852 26.7005 36.2447 26.5661
threshold=0.92499998211860668 -0.0063881685491651288 0.13072439283132556 1.6389867663383486 1.1817281246185305 0.15021334588527682
decision_type=10 8 10 10 10 10
left_child=3 -2 5 -1 -5 -3
right_child=1 2 -4 4 -6 -7
leaf_value=1.6531407522305714e-05 -0.00032157866510411722 0.0001178038246994521 -0.00030170956323200394 -4.2567948285453045e-05 -0.000627374264540628 -0.00063697697641627935
leaf_weight=17628 508 1037 172 782 166 125
leaf_count=17628 508 1037 172 782 166 125
internal_value=-0.00026808 -0.00512994 -0.00117625 0.000515311 -0.00763379 0.00186375
internal_weight=20418 1842 1334 18576 948 1162
internal_count=20418 1842 1334 18576 948 1162
is_linear=0
shrinkage=0.05


Tree=143
num_leaves=7
num_cat=0
split_feature=36 36 48 21 32 4
split_gain=16.6779 33.1395 34.7168 34.1966 32.3953 30.8488
threshold=-0.81640949845314015 -0.933234542608261 -1.3375499844551084 0.72499999403953563 -0.68894684314727772 0.53642395138740551
decision_type=8 10 10 8 8 8
left_child=1 -1 -3 5 -5 -4
right_child=-2 2 3 4 -6 -7
leaf_value=0.00028440070252467984 7.4112327067914271e-06 -0.00059750443331136769 0.00025191969582201565 0.00035761017260404582 -0.00035299079343979159 -0.00022015549387496098
leaf_weight=251 18965 298 209 51 394 73
leaf_count=251 18965 298 209 51 394 73
internal_value=-0.000250667 -0.00544496 -0.00944175 -0.00344945 -0.0120556 0.0100174
internal_weight=20241 1276 1025 727 445 282
internal_count=20241 1276 1025 727 445 282
is_linear=0
shrinkage=0.05


Tree=144
num_leaves=7
num_cat=0
split_feature=24 26 35 10 45 50
split_gain=19.6937 54.5517 69.2477 68.5862 88.4423 67.3595
threshold=0.033798797056078918 0.054861532524228103 -0.32118733227252955 0.17183550447225573 0.082949835807085051 2.1362723112106328
decision_type=10 8 8 10 8 8
left_child=-1 -2 3 4 -3 -6
right_child=1 2 -4 -5 5 -7
leaf_value=1.9109829503805457e-05 -0.00019068130076436025 -0.00021554968171735292 -4.5972019339758364e-05 -0.00075581595112723791 0.0014615502958875573 -0.00059555084199071047
leaf_weight=14426 1800 187 3292 96 455 53
leaf_count=14426 1800 187 3292 96 455 53
internal_value=-0.000166142 -0.00233101 0.00086228 0.0141018 0.0196071 0.0303606
internal_weight=20309 5883 4083 791 695 508
internal_count=20309 5883 4083 791 695 508
is_linear=0
shrinkage=0.05


Tree=145
num_leaves=7
num_cat=0
split_feature=0 39 29 43 3 45
split_gain=17.705 50.7762 26.4175 30.6159 62.3121 31.5093
threshold=0.072235997766256346 0.011678854469209911 -0.064254965633153902 0.098142694681882872 0.011255465913563968 0.13507443666458133
decision_type=10 10 10 8 8 10
left_child=2 -2 3 -1 -5 -6
right_child=1 -3 -4 4 5 -7
leaf_value=0.00036553992523853115 0.00091242132183250451 -0.00040642173697543767 -4.849027834457308e-07 -0.000437188966946178 5.6689593532419291e-05 0.00058778703245487764
leaf_weight=515 131 504 17558 282 939 424
leaf_count=515 131 504 17558 282 939 424
internal_value=-0.000180519 -0.00785156 0.000597019 0.00580831 0.00243939 0.00688962
internal_weight=20353 635 19718 2160 1645 1363
internal_count=20353 635 19718 2160 1645 1363
is_linear=0
shrinkage=0.05


Tree=146
num_leaves=7
num_cat=0
split_feature=27 48 5 43 44 50
split_gain=17.6944 44.0334 36.0085 51.0539 35.4953 103.259
threshold=0.060863642022013671 0.79349133372306835 0.72624069452285778 0.12616833299398425 0.1354545280337334 0.50828719139099132
decision_type=8 8 8 10 10 10
left_child=2 -2 4 -4 -1 -6
right_child=1 -3 3 -5 5 -7
leaf_value=-1.5449171719801163e-05 -0.00044898497390762835 -2.8908838219993475e-05 7.284864900018651e-05 0.0013329862841756947 0.00030590218828323502 -0.00071397963015060271
leaf_weight=15409 370 1848 800 202 1394 195
leaf_count=15409 370 1848 800 202 1394 195
internal_value=-0.000206448 -0.00430724 0.000420716 0.00960775 -0.000122037 0.0069793
internal_weight=20218 2218 18000 1002 16998 1589
internal_count=20218 2218 18000 1002 16998 1589
is_linear=0
shrinkage=0.05


Tree=147
num_leaves=7
num_cat=0
split_feature=0 1 3 42 12 10
split_gain=17.1163 19.9203 18.8248 25.5906 53.116 48.9323
threshold=0.087956402450799956 0.024577808566391472 0.015940513461828235 0.12974961102008822 0.014346609823405744 -0.1651569455862045
decision_type=10 10 8 8 8 10
left_child=2 -2 3 -1 5 -5
right_child=1 -3 -4 4 -6 -7
leaf_value=1.3629811995657205e-05 -0.00043631603644785332 0.00080885864855855926 0.00015079033270677729 -0.00077369857504971408 -0.0001997018688643255 0.00024580517458897244
leaf_weight=14893 251 50 1496 153 2474 936
leaf_count=14893 251 50 1496 153 2474 936
internal_value=-0.000309754 -0.0115196 0.000394598 -4.19804e-05 -0.00384669 0.0053245
internal_weight=20253 301 19952 18456 3563 1089
internal_count=20253 301 19952 18456 3563 1089
is_linear=0
shrinkage=0.05


Tree=148
num_leaves=7
num_cat=0
split_feature=33 39 4 36 12 3
split_gain=19.5719 27.9359 24.1593 35.0209 35.1959 33.8957
threshold=0.6536473035812379 0.01277802372351289 0.63209667801857006 -0.81640949845314015 0.10210229083895685 0.0075496626086533078
decision_type=10 8 10 8 8 8
left_child=2 -2 -1 -4 5 -5
right_child=1 -3 3 4 -6 -7
leaf_value=1.398500777967781e-05 0.00060239213839984268 -0.0001405730826522639 -0.00045826484424980229 -0.000104588109206739 -0.00030655270867694116 0.00015628636496684998
leaf_weight=16048 199 128 167 1120 953 1655
leaf_count=16048 199 128 167 1120 953 1655
internal_value=-0.000265105 0.0121235 -0.000116553 -0.00364744 -0.00261854 0.00022482
internal_weight=20270 327 19943 3895 3728 2775
internal_count=20270 327 19943 3895 3728 2775
is_linear=0
shrinkage=0.05


Tree=149
num_leaves=7
num_cat=0
split_feature=28 44 50 12 42 50
split_gain=20.4719 20.7304 56.5694 42.134 28.9156 53.6057
threshold=-0.031160741113126274 0.14373445510864261 0.092444118112325682 0.057531934231519706 0.12974961102008822 -0.29347997903823847
decision_type=10 10 10 10 10 8
left_child=-1 4 3 -3 -2 -6
right_child=1 2 -4 -5 5 -7
leaf_value=0.00033663495157521721 6.3909150206736393e-06 0.00048892568597929135 -0.00030168052361280592 -0.00047592271934065127 0.00013051650037794604 -0.00027985111324589873
leaf_weight=389 16387 657 300 95 708 1703
leaf_count=389 16387 657 300 95 708 1703
internal_value=-0.000216113 -2.39234e-05 0.00678808 0.0141017 -0.00040818 -0.00551531
internal_weight=20239 19850 1052 752 18798 2411
internal_count=20239 19850 1052 752 18798 2411
is_linear=0
shrinkage=0.05


Tree=150
num_leaves=7
num_cat=0
split_feature=3 1 49 24 49 36
split_gain=22.0566 51.8872 43.2633 31.7953 38.3205 30.4668
threshold=0.01404809206724167 0.015901020728051666 0.49957276880741125 -0.046679060906171792 1.3437781333923342 -0.096760604530572877
decision_type=8 10 10 10 8 10
left_child=-1 3 -3 -2 5 -5
right_child=1 2 -4 4 -6 -7
leaf_value=-1.2188995993503383e-05 0.00012011978826071673 0.00066128590407206836 -0.00037177847375946435 0.00092459838409625838 -0.00075501311363472849 -0.00024985927031625474
leaf_weight=17766 1261 508 64 121 251 333
leaf_count=17766 1261 508 64 121 251 333
internal_value=-0.000249889 0.00427645 0.017461 0.000393201 -0.00806338 0.000599129
internal_weight=20304 2538 572 1966 705 454
internal_count=20304 2538 572 1966 705 454
is_linear=0
shrinkage=0.05


Tree=151
num_leaves=7
num_cat=0
split_feature=50 48 36 36 35 35
split_gain=18.486 52.1904 80.3633 44.7042 42.9924 62.9823
threshold=1.0000000180025095e-35 -2.2575010061264034 0.53488701581954967 -0.14853402972221372 -0.60111460089683522 -0.32118733227252955
decision_type=10 10 10 10 8 8
left_child=-1 2 -2 4 -3 -6
right_child=1 3 -4 -5 5 -7
leaf_value=2.6085446335997413e-05 -0.00078694081966033122 -5.532428273443296e-05 7.4052305038242687e-05 -7.8904930635228198e-05 0.00063059608714410018 1.4168315604265147e-05
leaf_weight=12729 417 1461 185 3469 744 1149
leaf_count=12729 417 1461 185 3469 744 1149
internal_value=-0.000256709 -0.00188762 -0.015939 -0.000633421 0.00347574 0.0084431
internal_weight=20154 7425 602 6823 3354 1893
internal_count=20154 7425 602 6823 3354 1893
is_linear=0
shrinkage=0.05


Tree=152
num_leaves=7
num_cat=0
split_feature=27 48 36 45 21 0
split_gain=22.6728 40.1285 37.7132 44.9016 33.9722 34.7865
threshold=0.060863642022013671 0.30368407070636755 -0.51190462708473194 0.10616617649793626 0.82500001788139354 -0.10228887945413588
decision_type=8 8 8 8 10 8
left_child=-1 -2 3 -3 5 -4
right_child=1 2 4 -5 -6 -7
leaf_value=7.9162876346165372e-06 -0.00041013006406407287 0.0014660903284949916 0.0007445421345227656 -0.00032869573866674371 -0.00040427801229318881 -6.5999766932960067e-05
leaf_weight=18110 251 132 91 56 468 1229
leaf_count=18110 251 132 91 56 468 1229
internal_value=-0.000219988 -0.00489471 -0.00246088 0.0185233 -0.00472672 -0.000584906
internal_weight=20337 2227 1976 188 1788 1320
internal_count=20337 2227 1976 188 1788 1320
is_linear=0
shrinkage=0.05


Tree=153
num_leaves=7
num_cat=0
split_feature=50 36 18 10 42 47
split_gain=17.5785 25.8002 19.3811 66.8289 41.8083 63.1815
threshold=2.1362723112106328 -0.41897723078727717 0.87500000000000011 0.038686655461788184 0.094510614871978774 1.0643397569656374
decision_type=10 10 10 8 10 8
left_child=2 -2 -1 -4 -5 -6
right_child=1 -3 3 4 5 -7
leaf_value=2.2830161184718997e-05 -0.00047954968425861717 -1.6340985183358283e-05 -0.00022693167696818161 -0.0001434624792591183 0.00098402020569385686 1.2441851498653286e-05
leaf_weight=17222 140 356 596 818 271 867
leaf_count=17222 140 356 596 818 271 867
internal_value=-0.000260173 -0.00893214 0.000549826 -0.00350997 0.000956145 0.00715223
internal_weight=20270 496 19774 2552 1956 1138
internal_count=20270 496 19774 2552 1956 1138
is_linear=0
shrinkage=0.05


Tree=154
num_leaves=7
num_cat=0
split_feature=46 44 21 42 42 47
split_gain=19.991 42.336 38.7585 44.0204 43.955 73.1864
threshold=0.9305415451526643 0.054622681811451919 0.42499999701976782 0.06778531521558763 0.094510614871978774 0.83765330910682689
decision_type=8 8 8 8 8 10
left_child=1 -1 -2 -4 5 -5
right_child=2 -3 3 4 -6 -7
leaf_value=6.4651414126411252e-05 -3.9646374389356037e-05 -4.6147867441923315e-05 0.00041852429081455015 -0.00036639453248767475 0.0001416593566007185 0.00011296799738167939
leaf_weight=257 4716 6994 520 726 5701 1343
leaf_count=257 4716 6994 520 726 5701 1343
internal_value=-0.000161633 -0.0020707 0.00120475 0.00326401 0.0023119 -0.00391755
internal_weight=20257 7251 13006 8290 7770 2069
internal_count=20257 7251 13006 8290 7770 2069
is_linear=0
shrinkage=0.05


Tree=155
num_leaves=7
num_cat=0
split_feature=47 49 35 10 47 35
split_gain=16.9216 53.8919 26.1594 44.4468 48.451 33.5783
threshold=0.64568516612052929 -0.041371252387762063 0.8052598536014558 0.0073218182660639295 0.80468624830245983 0.4802138358354569
decision_type=8 8 10 10 10 10
left_child=1 -1 5 4 -4 -2
right_child=2 -3 3 -5 -6 -7
leaf_value=0.00021333459029395453 -9.0104323192256032e-06 -2.5728861595869318e-05 0.00045171688365470232 -0.00039828996834779065 -0.00025130435140730754 0.00012969590940422996
leaf_weight=360 17565 443 118 192 168 1493
leaf_count=360 17565 443 118 192 168 1493
internal_value=-0.000215051 0.00733292 -4.98951e-05 -0.0115424 0.000945017 0.000239994
internal_weight=20339 803 19536 478 286 19058
internal_count=20339 803 19536 478 286 19058
is_linear=0
shrinkage=0.05


Tree=156
num_leaves=7
num_cat=0
split_feature=18 12 2 5 27 46
split_gain=22.5058 55.2875 54.6488 53.8769 57.8373 36.1666
threshold=0.27500000596046453 0.0071379558648914107 0.016789488494396213 0.55568367242813121 -0.010815683286637066 0.88262367248535167
decision_type=8 8 8 8 8 8
left_child=2 3 -1 4 -2 -3
right_child=1 5 -4 -5 -6 -7
leaf_value=-6.3514408821986506e-05 2.184190481904812e-05 -0.00010600890560392061 0.00096642344115798688 -0.00037204186162848675 0.00018933732440342121 1.7571916027677382e-05
leaf_weight=4372 2078 2520 172 126 2043 8931
leaf_count=4372 2078 2520 172 126 2043 8931
internal_value=-0.000127179 0.000921798 -0.0030721 0.00579139 0.00679229 -0.000883816
internal_weight=20242 15698 4544 4247 4121 11451
internal_count=20242 15698 4544 4247 4121 11451
is_linear=0
shrinkage=0.05


Tree=157
num_leaves=7
num_cat=0
split_feature=19 33 35 44 50 43
split_gain=23.1374 53.2286 36.0284 31.8755 46.7975 34.2781
threshold=0.12500000372529033 -0.32722230255603785 -0.44276109337806696 0.098995089530944838 -1.4076640605926511 0.080233998596668257
decision_type=8 8 10 8 10 10
left_child=2 -2 -1 5 -5 -4
right_child=1 -3 3 4 -6 -7
leaf_value=-0.00029460382663775223 0.00029340341463013711 3.059919760243623e-06 -1.0172663038066798e-05 0.00011462891728664877 -0.00073150315341542077 0.00059449032864094717
leaf_weight=863 854 17444 495 177 202 250
leaf_count=863 854 17444 495 177 202 250
internal_value=-0.000215623 0.000741682 -0.00493223 0.00095217 -0.0107422 0.00696667
internal_weight=20285 18298 1987 1124 379 745
internal_count=20285 18298 1987 1124 379 745
is_linear=0
shrinkage=0.05


Tree=158
num_leaves=7
num_cat=0
split_feature=50 10 47 45 41 10
split_gain=17.3411 52.0472 54.6721 48.492 43.4089 31.2
threshold=1.0854036808013918 0.035201396793127067 1.1817281246185305 0.055376684293150909 0.12554420530796054 0.11948225274682046
decision_type=10 10 10 8 8 10
left_child=-1 2 3 -2 5 -3
right_child=1 4 -4 -5 -6 -7
leaf_value=9.7043118592540382e-06 0.00032653761578804106 0.0004323191777906796 -0.00056708418451011187 -0.00016540756899066579 -0.00050668554369993045 -0.00014199753216575297
leaf_weight=17524 165 576 263 1389 148 240
leaf_count=17524 165 576 263 1389 148 240
internal_value=-0.000264648 -0.00370603 -0.00868551 -0.00505131 0.00565015 0.010201
internal_weight=20305 2781 1817 1554 964 816
internal_count=20305 2781 1817 1554 964 816
is_linear=0
shrinkage=0.05


Tree=159
num_leaves=7
num_cat=0
split_feature=22 38 6 44 10 17
split_gain=25.7689 35.1297 55.9116 27.7979 80.9 60.6927
threshold=0.57500001788139354 -0.01624422054737806 0.64035823941230785 0.083138793706893935 -0.086420770734548555 0.22500000149011615
decision_type=8 8 8 10 8 10
left_child=1 2 -1 5 -5 -3
right_child=-2 3 -4 4 -6 -7
leaf_value=0.00025905120560007863 4.0907988185160646e-05 -0.00024648184805078303 -8.9897330979588771e-05 0.00029086184544107534 -0.00015799939330272234 2.6601109093617811e-05
leaf_weight=813 9701 1160 591 345 2990 4692
leaf_count=813 9701 1160 591 345 2990 4692
internal_value=-0.000235256 -0.00161618 0.00573101 -0.00274423 -0.00638473 -0.000661602
internal_weight=20292 10591 1404 9187 3335 5852
internal_count=20292 10591 1404 9187 3335 5852
is_linear=0
shrinkage=0.05


Tree=160
num_leaves=7
num_cat=0
split_feature=44 35 3 35 9 12
split_gain=27.958 42.2066 73.943 52.8883 46.4866 38.7064
threshold=0.065402470529079451 -0.399615928530693 0.0062191602773964414 -0.078873842954635606 -0.057012550532817834 -0.0036306261317804451
decision_type=8 8 8 8 10 10
left_child=1 4 3 -3 -1 -4
right_child=-2 2 5 -5 -6 -7
leaf_value=0.00015551349035975519 9.774313329955106e-06 0.00040139412107271366 -0.00093884231961686635 -6.7180332062434214e-06 -0.00053787512904830345 -7.9946853238959558e-05
leaf_weight=90 18478 186 145 1002 266 165
leaf_count=90 18478 186 145 1002 266 165
internal_value=-0.000313468 -0.00590371 -0.00217898 0.00349958 -0.0212604 -0.0237302
internal_weight=20332 1854 1498 1188 356 310
internal_count=20332 1854 1498 1188 356 310
is_linear=0
shrinkage=0.05


Tree=161
num_leaves=7
num_cat=0
split_feature=44 35 29 3 35 35
split_gain=18.3743 36.3259 62.9722 62.3117 39.1448 41.5008
threshold=0.065402470529079451 -0.399615928530693 -0.053006188943982117 0.0062191602773964414 -0.078873842954635606 0.73146840929985057
decision_type=8 8 10 8 8 8
left_child=1 2 -1 4 -3 -6
right_child=-2 3 -4 -5 5 -7
leaf_value=0.00026168634172677471 1.2150328890272144e-05 0.00035040163091741496 -0.00056396317251865508 -0.00051232192301517627 -3.2681481598853503e-05 0.00045106992062413608
leaf_weight=101 18320 175 265 317 859 157
leaf_count=101 18320 175 265 317 859 157
internal_value=-0.000211644 -0.00451038 -0.018531 -0.00104098 0.00420151 0.000367287
internal_weight=20194 1874 366 1508 1191 1016
internal_count=20194 1874 366 1508 1191 1016
is_linear=0
shrinkage=0.05


Tree=162
num_leaves=7
num_cat=0
split_feature=44 50 24 35 0 35
split_gain=17.9304 59.5916 46.0017 41.9744 28.5084 26.6852
threshold=0.14373445510864261 0.50828719139099132 -0.015421736519783734 -0.67620697617530812 0.013381637167185547 0.8052598536014558
decision_type=10 10 10 10 8 10
left_child=5 2 -2 4 -4 -1
right_child=1 -3 3 -5 -6 -7
leaf_value=1.1248506331952654e-06 0.00083418014739859215 -0.00043134240498860762 -0.00049330377335019416 0.00031593841149421916 0.00015848311472138753 -0.00017939247358179287
leaf_weight=18812 292 185 130 384 97 440
leaf_count=18812 292 185 130 384 97 440
internal_value=-0.000224871 0.00638152 0.0117015 0.00377435 -0.0130388 -0.000201226
internal_weight=20340 1088 903 611 227 19252
internal_count=20340 1088 903 611 227 19252
is_linear=0
shrinkage=0.05


Tree=163
num_leaves=7
num_cat=0
split_feature=39 49 43 41 49 35
split_gain=19.5733 75.5495 61.1962 118.705 60.8785 55.6506
threshold=0.01277802372351289 -0.083243966102600084 0.13183744251728061 0.18349169939756396 0.36034497618675237 -0.28413563966751093
decision_type=10 10 10 8 10 8
left_child=2 -2 4 5 -1 -4
right_child=1 -3 3 -5 -6 -7
leaf_value=6.7867424554619863e-06 5.0132553496712832e-05 -0.0001475778111606643 -0.001166859688066073 0.0014256895971306513 0.00017530923055571987 -0.00028033896885431051
leaf_weight=7380 5063 3755 260 164 2980 649
leaf_count=7380 5063 3755 260 164 2980 649
internal_value=-0.000275227 -0.00147059 0.00166332 -0.00967069 0.0028437 -0.016767
internal_weight=20251 8818 11433 1073 10360 909
internal_count=20251 8818 11433 1073 10360 909
is_linear=0
shrinkage=0.05


Tree=164
num_leaves=7
num_cat=0
split_feature=15 44 9 47 45 40
split_gain=19.7972 52.7149 37.5903 31.1854 28.3009 49.5442
threshold=0.22500000149011615 0.12788812071084979 -0.023653360083699223 0.97169107198715221 0.10616617649793626 0.13131397962570193
decision_type=8 8 10 8 10 10
left_child=1 -1 3 -3 5 -2
right_child=4 2 -4 -5 -6 -7
leaf_value=-0.00013219944110387649 3.2151700060470589e-05 0.00075765574549007525 -0.00035598962494210688 0.00023046160371239374 -5.1415402335616396e-05 0.00060389269950551197
leaf_weight=2776 10510 133 147 623 5800 215
leaf_count=2776 10510 133 147 623 5800 215
internal_value=-0.00029566 -0.00304696 0.00740639 0.0119251 0.00100575 0.00252796
internal_weight=20204 3679 903 756 16525 10725
internal_count=20204 3679 903 756 16525 10725
is_linear=0
shrinkage=0.05


Tree=165
num_leaves=7
num_cat=0
split_feature=50 26 45 41 47 43
split_gain=20.9025 24.875 19.5583 43.275 63.4051 49.0304
threshold=2.1362723112106328 -0.049533624202013009 0.081333179026842131 0.090572051703929915 1.2682000994682314 0.12616833299398425
decision_type=10 8 8 10 10 10
left_child=2 -2 -1 4 5 -4
right_child=1 -3 3 -5 -6 -7
leaf_value=-2.085774039213199e-05 -0.00042930870281318611 -5.1399936010692172e-05 0.00014831875828145191 -8.638283631709227e-06 -0.00086898527758257071 0.0010213181411369342
leaf_weight=6421 125 381 3953 9232 117 132
leaf_count=6421 125 381 3953 9232 117 132
internal_value=-0.000214819 -0.00973581 0.000504783 0.00159052 0.00579391 0.00685208
internal_weight=20361 506 19855 13434 4202 4085
internal_count=20361 506 19855 13434 4202 4085
is_linear=0
shrinkage=0.05


Tree=166
num_leaves=7
num_cat=0
split_feature=50 10 47 45 41 10
split_gain=16.8162 41.9383 52.5928 40.6939 37.9482 34.8322
threshold=1.0854036808013918 0.035201396793127067 1.1817281246185305 0.055376684293150909 0.12554420530796054 0.12970744818449023
decision_type=10 10 10 8 8 10
left_child=-1 2 3 -2 5 -3
right_child=1 4 -4 -5 -6 -7
leaf_value=1.2463147771840201e-05 0.00032409068080977875 0.00040059573484827263 -0.0005108706031803187 -0.00014091878608519116 -0.00046938011595572591 -0.00034973502782919571
leaf_weight=17598 160 632 274 1365 142 161
leaf_count=17598 160 632 274 1365 142 161
internal_value=-0.000234794 -0.00342278 -0.00788525 -0.00419935 0.00513298 0.00942982
internal_weight=20332 2734 1799 1525 935 793
internal_count=20332 2734 1799 1525 935 793
is_linear=0
shrinkage=0.05


Tree=167
num_leaves=7
num_cat=0
split_feature=0 39 50 44 44 0
split_gain=16.092 21.2584 18.3453 76.9103 42.501 47.6648
threshold=0.087956402450799956 0.025389277376234535 0.50828719139099132 0.13342826068401339 0.11948940157890321 -0.012923054862767456
decision_type=10 10 10 8 10 10
left_child=2 -2 4 -4 5 -1
right_child=1 -3 3 -5 -6 -7
leaf_value=0.0001118281522824879 0.00070343535105225853 -0.00043746709113635522 -1.3039674706793277e-05 -0.00058712939183693251 0.000139588287135956 -2.9638062009813666e-05
leaf_weight=3503 79 242 4630 320 2826 8824
leaf_count=3503 79 242 4630 320 2826 8824
internal_value=-0.000243526 -0.0108129 0.000384175 -0.0022553 0.00124852 -1.82452e-05
internal_weight=20424 321 20103 4950 15153 12327
internal_count=20424 321 20103 4950 15153 12327
is_linear=0
shrinkage=0.05


Tree=168
num_leaves=7
num_cat=0
split_feature=1 41 50 9 42 50
split_gain=15.8392 48.5699 38.571 31.2899 30.8778 52.3094
threshold=0.013830389827489855 0.14508073031902316 -0.3374639749526977 -0.010976078454405068 0.12726530432701114 -0.046963492408394807
decision_type=8 10 10 10 10 8
left_child=4 -2 3 -3 -1 -6
right_child=1 2 -4 -5 5 -7
leaf_value=1.8554502251903423e-06 1.4619129866749477e-05 0.00068767217752467667 -0.00048031505862867026 -4.9898839317492679e-05 5.910855656771181e-05 -0.00034717279228707511
leaf_weight=10062 7630 447 62 96 900 1105
leaf_count=10062 7630 447 62 96 900 1105
internal_value=-0.000244989 0.00187197 0.0154508 0.0197536 -0.000971256 -0.00662935
internal_weight=20302 8235 605 543 12067 2005
internal_count=20302 8235 605 543 12067 2005
is_linear=0
shrinkage=0.05


Tree=169
num_leaves=7
num_cat=0
split_feature=46 50 13 36 1 25
split_gain=17.7786 40.5189 56.7472 48.4593 52.0519 44.633
threshold=0.89574939012527477 -0.44627888500690455 0.018498789519071582 0.23563321679830554 -0.023539889603853222 0.0099426852539181727
decision_type=8 10 8 8 8 8
left_child=1 3 -3 5 -5 -1
right_child=-2 2 -4 4 -6 -7
leaf_value=0.00033014177109702092 2.7621295079909318e-05 -1.8645345632704825e-05 -0.00032974556102678178 -0.00014719726436094531 7.8739422862271138e-05 -0.00023407986165604132
leaf_weight=757 14887 1756 688 870 1173 169
leaf_count=757 14887 1756 688 870 1173 169
internal_value=-0.000259788 -0.00212717 -0.00689057 0.00179052 -0.00250244 0.0112513
internal_weight=20300 5413 2444 2969 2043 926
internal_count=20300 5413 2444 2969 2043 926
is_linear=0
shrinkage=0.05


Tree=170
num_leaves=7
num_cat=0
split_feature=42 49 32 43 39 41
split_gain=22.3238 32.2832 39.1837 45.0572 35.2494 34.0587
threshold=0.15764832496643069 1.3437781333923342 -0.27873097360134119 0.18150790780782702 0.022799528203904632 0.10732844099402429
decision_type=10 10 8 10 10 8
left_child=-1 2 4 5 -2 -4
right_child=1 -3 3 -5 -6 -7
leaf_value=-2.4344599285157886e-07 0.00092305192717066168 -0.0010055780927623139 -0.00015365247061965587 -0.00084118451542102176 0.00016715902759667381 0.0002619273980576718
leaf_weight=19056 224 50 112 127 244 455
leaf_count=19056 224 50 112 127 244 455
internal_value=-0.000201006 0.00696385 0.00871894 0.00110873 0.0198203 0.00721154
internal_weight=20268 1212 1162 694 468 567
internal_count=20268 1212 1162 694 468 567
is_linear=0
shrinkage=0.05


Tree=171
num_leaves=7
num_cat=0
split_feature=3 5 10 38 44 32
split_gain=20.9302 27.2469 29.2248 30.1652 19.1481 49.0736
threshold=0.015940513461828235 -1.0000000180025095e-35 0.23602148890495303 -0.019694096408784386 0.14373445510864261 -0.25087343156337732
decision_type=10 8 8 8 10 8
left_child=4 2 -2 -4 -1 -6
right_child=1 -3 3 -5 5 -7
leaf_value=-1.2338962295848028e-05 -0.00053824258028393242 0.00045326935221448502 -0.0010666020089810603 0.00045297610889876686 0.00078902282547378948 -3.7246710472795723e-06
leaf_weight=18689 86 222 51 275 271 724
leaf_count=18689 86 222 51 275 271 724
internal_value=-0.000264479 0.00888106 0.00113909 0.00808157 -0.000313627 0.006425
internal_weight=20318 634 412 326 19684 995
internal_count=20318 634 412 326 19684 995
is_linear=0
shrinkage=0.05


Tree=172
num_leaves=7
num_cat=0
split_feature=1 21 35 47 35 27
split_gain=18.9267 42.9473 40.4501 41.2009 32.6497 31.7542
threshold=0.013830389827489855 0.52500000596046459 0.83573606610298168 0.9593944549560548 -0.79568704962730397 0.084485858678817763
decision_type=8 8 8 10 8 8
left_child=2 -2 -1 -4 -3 -6
right_child=1 4 3 -5 5 -7
leaf_value=-1.1750835533144558e-06 -2.7204858488072686e-05 -0.00016893083758539579 -0.00014731840173362777 -0.00055932577446258906 0.00025357522602461523 -0.00010584573355691594
leaf_weight=10569 3933 388 1369 98 3241 613
leaf_count=10569 3933 388 1369 98 3241 613
internal_value=-0.000231252 0.00189792 -0.00121875 -0.00898438 0.00538615 0.00678285
internal_weight=20211 8175 12036 1467 4242 3854
internal_count=20211 8175 12036 1467 4242 3854
is_linear=0
shrinkage=0.05


Tree=173
num_leaves=7
num_cat=0
split_feature=27 49 10 3 4 0
split_gain=20.6093 33.7825 31.3874 50.0929 26.5205 26
threshold=0.067453484982252135 0.94726192951202404 0.061174282804131515 0.01140983682125807 0.35199464857578283 -0.10228887945413588
decision_type=8 8 10 8 10 10
left_child=5 -2 4 -4 -3 -1
right_child=1 2 3 -5 -6 -7
leaf_value=0.0003387095788093631 -0.00036964677394950464 5.5022060320149499e-05 0.00069963568329020457 -0.00051004406418390805 -0.00036671375975840822 3.6051349690076213e-06
leaf_weight=487 479 580 243 86 520 18022
leaf_count=487 479 580 243 86 520 18022
internal_value=-0.000248507 -0.00495295 -0.00106346 0.0123503 -0.00513575 0.000498272
internal_weight=20417 1908 1429 329 1100 18509
internal_count=20417 1908 1429 329 1100 18509
is_linear=0
shrinkage=0.05


Tree=174
num_leaves=7
num_cat=0
split_feature=44 42 44 45 36 42
split_gain=22.877 33.4801 28.8389 51.7513 55.6702 49.7242
threshold=0.065402470529079451 0.06778531521558763 0.083138793706893935 0.049702847376465804 0.1319009214639664 0.084342740476131453
decision_type=8 10 8 8 10 8
left_child=1 -1 3 -2 -5 -4
right_child=2 -3 5 4 -6 -7
leaf_value=-3.2443356865298489e-05 0.00054665869974814365 -0.0010122776622910096 -0.00010267205141889919 0.00017837078232386003 -0.00014772961839585317 1.7935938472309071e-05
leaf_weight=1778 169 111 1843 2354 1156 12837
leaf_count=1778 169 111 1843 2354 1156 12837
internal_value=-0.00029008 -0.00518743 0.000584023 0.0045399 0.00320768 -0.000406878
internal_weight=20248 1889 18359 3679 3510 14680
internal_count=20248 1889 18359 3679 3510 14680
is_linear=0
shrinkage=0.05


Tree=175
num_leaves=7
num_cat=0
split_feature=50 38 6 48 36 20
split_gain=22.0204 18.2128 43.7493 20.2094 44.566 50.7036
threshold=2.5038123130798344 0.044523391872644431 0.69245177507400524 -0.27822594344615931 0.040248472243547447 0.52500000596046459
decision_type=10 10 8 10 8 8
left_child=1 3 -3 4 -1 -6
right_child=-2 2 -4 -5 5 -7
leaf_value=-0.00012911763436481685 -0.00021959629393851962 0.00049462330745891198 -0.00040683041608449401 4.3007197766828308e-05 -4.1130446479852284e-05 9.5965219849088363e-05
leaf_weight=3532 255 250 71 7710 4385 4148
leaf_count=3532 255 250 71 7710 4385 4148
internal_value=-0.000318088 0.000317148 0.0120399 0.000122599 -0.00115369 0.000799368
internal_weight=20351 20096 321 19775 12065 8533
internal_count=20351 20096 321 19775 12065 8533
is_linear=0
shrinkage=0.05


Tree=176
num_leaves=7
num_cat=0
split_feature=33 19 35 39 43 41
split_gain=29.8961 45.3652 35.879 27.1596 57.9902 109.449
threshold=-0.26349769532680506 0.17500000447034839 -0.47690506279468531 0.01277802372351289 0.13183744251728061 0.18349169939756396
decision_type=8 8 8 10 10 8
left_child=1 2 -1 4 -2 -6
right_child=3 -3 -4 -5 5 -7
leaf_value=-0.000329181748277577 3.5046342471676306e-05 0.00027167058484349168 6.5577952896551838e-05 -6.1804032468783189e-05 -0.00053802520106558608 0.001431667336912739
leaf_weight=442 9177 1028 1589 7147 776 131
leaf_count=442 9177 1028 1589 7147 776 131
internal_value=-0.000210643 0.00460999 0.000257859 -0.000749884 0.000919318 -0.011102
internal_weight=20290 3059 2031 17231 10084 907
internal_count=20290 3059 2031 17231 10084 907
is_linear=0
shrinkage=0.05


Tree=177
num_leaves=7
num_cat=0
split_feature=46 38 44 33 20 35
split_gain=22.7347 37.8722 36.5604 34.2241 29.5733 60.6258
threshold=0.9305415451526643 0.013131916057318451 0.15486721694469455 0.22988845407962802 0.27500000596046453 0.43990893661975866
decision_type=8 8 10 10 8 10
left_child=1 2 3 -1 5 -2
right_child=4 -3 -4 -5 -6 -7
leaf_value=1.8205848635786795e-05 -0.00010865549500229115 -0.00016848932818767974 0.0011412345640572101 -0.00013500757422513264 6.7961051002227244e-05 0.00043395082093669428
leaf_weight=4472 2787 1697 77 1121 9878 252
leaf_count=4472 2787 1697 77 1121 9878 252
internal_value=-0.000269851 -0.00187534 8.37004e-05 -0.000397463 0.00160385 -0.00270204
internal_weight=20284 7367 5670 5593 12917 3039
internal_count=20284 7367 5670 5593 12917 3039
is_linear=0
shrinkage=0.05


Tree=178
num_leaves=7
num_cat=0
split_feature=44 21 35 24 4 24
split_gain=23.6186 30.3459 28.9402 55.7436 26.348 22.5372
threshold=0.065402470529079451 0.075000001117587103 0.55096033215522777 0.020686147734522823 0.53642395138740551 0.04921365529298783
decision_type=8 8 8 10 8 10
left_child=1 4 -3 -4 -1 -5
right_child=-2 2 3 5 -6 -7
leaf_value=4.4677370685316643e-05 1.300681342777609e-05 -0.00023761553513381792 0.00041880850830168341 -2.3742898538700034e-06 -0.00010017381230648219 -0.00045246606995256561
leaf_weight=384 18437 1061 123 136 104 60
leaf_count=384 18437 1061 123 136 104 60
internal_value=-0.000254801 -0.0052189 -0.00900722 0.00408951 0.00542596 -0.0123134
internal_weight=20305 1868 1380 319 488 196
internal_count=20305 1868 1380 319 488 196
is_linear=0
shrinkage=0.05


Tree=179
num_leaves=7
num_cat=0
split_feature=23 44 50 12 35 27
split_gain=24.2855 27.8586 38.792 43.934 37.1201 25.5202
threshold=-0.0033605917124077673 0.14373445510864261 0.092444118112325682 0.06176442280411721 -0.69898882508277882 -0.071470316499471651
decision_type=10 10 10 10 8 8
left_child=-1 5 3 4 -3 -2
right_child=1 2 -4 -5 -6 -7
leaf_value=4.7763493331176796e-05 -0.0004064227230511833 -2.3017617324146015e-05 -0.00030460992702502132 -0.00050681367294725765 0.00082867337264953518 -2.3700028576999765e-05
leaf_weight=8312 108 118 188 73 284 11229
leaf_count=8312 108 118 188 73 284 11229
internal_value=-0.000239947 -0.00119742 0.00872006 0.0163021 0.0227887 -0.0017832
internal_weight=20312 12000 663 475 402 11337
internal_count=20312 12000 663 475 402 11337
is_linear=0
shrinkage=0.05


Tree=180
num_leaves=7
num_cat=0
split_feature=4 48 10 44 35 38
split_gain=15.3166 25.2568 32.9823 35.5627 26.9706 16.8632
threshold=0.91802850365638744 0.58311569690704357 0.12970744818449023 0.094220943748950972 -0.69898882508277882 -0.00056574388872832049
decision_type=10 8 8 8 8 8
left_child=-1 -2 3 -3 -5 -6
right_child=1 2 -4 4 5 -7
leaf_value=1.018240145274225e-05 -0.00021957128580879298 -6.5579257566112539e-05 -0.00038039545443853352 -0.00017033106492233034 0.0011760204330489197 0.00048006137869771441
leaf_weight=18710 606 369 295 70 119 151
leaf_count=18710 606 369 295 70 119 151
internal_value=-0.000293973 -0.0043808 0.000470763 0.00633754 0.0178986 0.025
internal_weight=20320 1610 1004 709 340 270
internal_count=20320 1610 1004 709 340 270
is_linear=0
shrinkage=0.05


Tree=181
num_leaves=7
num_cat=0
split_feature=35 47 36 29 3 50
split_gain=19.8161 44.1709 35.7812 31.9588 41.2168 18.6405
threshold=0.8052598536014558 0.77571588754653942 0.77296423912048351 -0.035308478400111191 0.005507596069946886 2.1362723112106328
decision_type=10 10 10 10 8 10
left_child=2 -2 5 -3 -5 -1
right_child=1 3 -4 4 -6 -7
leaf_value=6.7149820204080264e-06 0.00032520691793282407 0.00033938166986883898 0.00022936856650119169 0.00023467628782312331 -0.00045789216475225735 -0.00019499424713109248
leaf_weight=18747 151 51 539 71 246 475
leaf_count=18747 151 51 539 71 246 475
internal_value=-0.000230466 -0.00939885 0.000451533 -0.0186997 -0.0246118 9.23181e-05
internal_weight=20280 519 19761 368 317 19222
internal_count=20280 519 19761 368 317 19222
is_linear=0
shrinkage=0.05


Tree=182
num_leaves=7
num_cat=0
split_feature=39 2 42 44 0 7
split_gain=17.921 32.1711 44.8546 29.1139 28.7291 27.01
threshold=0.060265092179179199 0.014299396425485613 0.080169286578893675 0.096753001213073744 0.0072735666763037452 0.40105535089969641
decision_type=8 10 8 8 8 8
left_child=-1 2 4 -4 -2 -6
right_child=1 -3 3 -5 5 -7
leaf_value=-6.3672660683112356e-06 0.00035581167832487396 0.00069627578022076549 -0.00038524335821667324 3.7318147945802647e-05 0.00014367595155925195 -0.00029944811680964557
leaf_weight=18098 442 145 231 1156 144 83
leaf_count=18098 442 145 231 1156 144 83
internal_value=-0.000259801 0.00445376 0.00280204 -0.00231681 0.0133902 -0.000969828
internal_weight=20299 2201 2056 1387 669 227
internal_count=20299 2201 2056 1387 669 227
is_linear=0
shrinkage=0.05


Tree=183
num_leaves=7
num_cat=0
split_feature=42 1 42 35 9 0
split_gain=18.5171 46.7787 38.9164 38.1169 70.9732 43.6796
threshold=0.15764832496643069 0.035176668316125877 0.12974961102008822 -0.81147280335426319 -0.086041707545518861 0.0023733826819807295
decision_type=10 10 10 10 10 8
left_child=2 -2 -1 4 -4 -5
right_child=1 -3 3 5 -6 -7
leaf_value=1.1811123554378821e-05 -6.0354261410558617e-05 0.00039500976943517252 0.00072734347720464123 -0.00025378319049278132 -0.00059279034867667417 0.00014757019896226387
leaf_weight=16934 669 528 101 874 485 679
leaf_count=16934 669 528 101 874 485 679
internal_value=-0.000265105 0.00634359 -5.37268e-05 -0.00640159 -0.0172166 -0.00226252
internal_weight=20270 1197 19073 2139 586 1553
internal_count=20270 1197 19073 2139 586 1553
is_linear=0
shrinkage=0.05


Tree=184
num_leaves=7
num_cat=0
split_feature=46 42 29 39 49 22
split_gain=19.1412 34.1787 32.3262 33.677 30.5711 32.4513
threshold=0.9305415451526643 0.15764832496643069 0.037269324064254768 0.042577352374792106 1.2415016889572146 0.82500001788139354
decision_type=8 10 10 10 10 10
left_child=1 2 3 -1 5 -3
right_child=-2 4 -4 -5 -6 -7
leaf_value=-4.777711419112763e-06 2.8829398402203271e-05 -5.1750216263090617e-05 -0.00019473787968201791 -0.00036551258335407438 -0.00078004547798465906 0.00048826295581844473
leaf_weight=5088 13051 246 1049 474 53 409
leaf_count=5088 13051 246 1049 474 53 409
internal_value=-0.000229448 -0.00187398 -0.00299652 -0.00146847 0.00852034 0.011553
internal_weight=20370 7319 6611 5562 708 655
internal_count=20370 7319 6611 5562 708 655
is_linear=0
shrinkage=0.05


Tree=185
num_leaves=7
num_cat=0
split_feature=44 50 24 47 35 29
split_gain=17.0768 55.6966 33.5841 31.7077 31.4727 23.3606
threshold=0.13927501440048221 0.56967896223068248 -0.018015776760876175 1.2338252663612368 -0.67620697617530812 0.10457879304885866
decision_type=10 10 10 10 10 10
left_child=5 2 3 -2 -4 -1
right_child=1 -3 4 -5 -6 -7
leaf_value=-1.0400829075297947e-05 0.00076369344314707586 -0.00034992301943322942 -0.00024856895075871233 -0.00038462146212822905 0.00022342147953137383 0.00023744007150120492
leaf_weight=18358 317 178 264 62 493 566
leaf_count=18358 317 178 264 62 493 566
internal_value=-0.000221064 0.00551554 0.00961876 0.0216797 0.00344488 -0.000368482
internal_weight=20238 1314 1136 379 757 18924
internal_count=20238 1314 1136 379 757 18924
is_linear=0
shrinkage=0.05


Tree=186
num_leaves=7
num_cat=0
split_feature=33 35 39 10 35 42
split_gain=20.5307 36.3058 49.0862 29.9798 29.5626 45.6887
threshold=-0.2471925467252731 -0.36456607282161707 0.014254579320549967 0.014932644553482534 -0.32118733227252955 0.077622924000024809
decision_type=8 8 10 10 8 10
left_child=1 2 -1 -4 5 -2
right_child=4 -3 3 -5 -6 -7
leaf_value=-0.00077949486732583695 -0.0001550822507762337 0.00013178671388123952 0.000141436177076595 -0.00091032594533190013 -2.5635413725474447e-05 0.00013697545134916671
leaf_weight=235 857 2534 531 106 12726 3347
leaf_count=235 857 2534 531 106 12726 3347
internal_value=-0.000224915 0.00377455 -0.0049886 0.00221963 -0.000476823 0.00315396
internal_weight=20336 3406 872 637 16930 4204
internal_count=20336 3406 872 637 16930 4204
is_linear=0
shrinkage=0.05


Tree=187
num_leaves=7
num_cat=0
split_feature=30 47 42 44 26 39
split_gain=17.8028 38.5449 57.5579 44.5803 59.3352 34.118
threshold=47.956926345825202 1.2175725698471072 0.1022516041994095 0.083138793706893935 -0.098672021180391298 -0.021720011718571183
decision_type=10 8 10 8 8 10
left_child=-1 2 3 -2 -5 -4
right_child=1 -3 5 4 -6 -7
leaf_value=2.9424042635585199e-05 3.3909987826130346e-05 -0.00015111561048440902 -9.0978927247344305e-05 0.00063644582993656893 -0.00015667552907049369 0.0002393682348275695
leaf_weight=9073 2714 3317 522 129 2218 2338
leaf_count=9073 2714 3317 522 129 2218 2338
internal_value=-0.000313792 -0.00114516 0.00074754 -0.00245263 -0.00749362 0.00641361
internal_weight=20311 11238 7921 5061 2347 2860
internal_count=20311 11238 7921 5061 2347 2860
is_linear=0
shrinkage=0.05


Tree=188
num_leaves=7
num_cat=0
split_feature=27 49 7 36 0 36
split_gain=18.8474 37.916 37.8659 47.093 27.046 21.3527
threshold=0.067453484982252135 0.94726192951202404 0.7786269783973695 -0.5644010305404662 -0.10228887945413588 -0.33333390951156611
decision_type=10 8 8 8 8 10
left_child=-1 4 -3 -4 5 -2
right_child=1 2 3 -5 -6 -7
leaf_value=8.103197381327315e-06 -0.00032911837661451089 0.00056488763400666295 0.0011539540117646286 -0.00017715586652627762 -0.0005305449220332504 0.00090122444212552451
leaf_weight=19056 62 128 111 563 373 51
leaf_count=19056 62 128 111 563 373 51
internal_value=-0.00029854 -0.00570379 0.000960347 -0.00379234 -0.0166497 0.00444915
internal_weight=20344 1288 802 674 486 113
internal_count=20344 1288 802 674 486 113
is_linear=0
shrinkage=0.05


Tree=189
num_leaves=7
num_cat=0
split_feature=47 32 22 36 47 26
split_gain=24.0751 38.9589 36.8679 26.2188 25.7068 75.6629
threshold=0.64568516612052929 0.70415768027305614 0.075000001117587103 0.02169856242835522 0.86003702878952037 -0.011889792513102291
decision_type=8 8 10 8 8 8
left_child=1 2 -1 -4 5 -2
right_child=4 -3 3 -5 -6 -7
leaf_value=1.4699088153704791e-07 7.7692374740431002e-05 -0.00035276727635315101 -0.00018655984192854087 0.0007310969143085877 2.4463120057305398e-05 -0.00010800926429135345
leaf_weight=310 1925 102 61 336 13941 3691
leaf_count=310 1925 102 61 336 13941 3691
internal_value=-0.000303127 0.00875307 0.0129565 0.0229478 -2.17258e-05 -0.0028776
internal_weight=20366 809 707 397 19557 5616
internal_count=20366 809 707 397 19557 5616
is_linear=0
shrinkage=0.05


Tree=190
num_leaves=7
num_cat=0
split_feature=46 32 49 36 47 17
split_gain=16.6752 46.9359 42.056 54.8127 57.5061 45.197
threshold=0.88262367248535167 0.66159439086914074 0.03611628711223603 0.23563321679830554 0.92672953009605419 0.92499998211860668
decision_type=8 10 10 8 10 8
left_child=1 2 3 4 -1 -5
right_child=-2 -3 -4 5 -6 -7
leaf_value=6.5962869528209237e-07 1.9049254713416161e-05 -0.00029287103985672913 -9.7083933633823795e-05 -4.5754377618827141e-05 0.00041827074011595712 0.00042375251270320889
leaf_weight=451 15539 612 1535 1589 496 122
leaf_count=451 15539 612 1535 1589 496 122
internal_value=-0.000323112 -0.00247921 -0.000577656 0.00322005 0.0128414 -0.00211247
internal_weight=20344 4805 4193 2658 947 1711
internal_count=20344 4805 4193 2658 947 1711
is_linear=0
shrinkage=0.05


Tree=191
num_leaves=7
num_cat=0
split_feature=36 36 22 2 3 35
split_gain=18.7869 20.3916 34.3852 35.9477 27.0217 25.492
threshold=-0.933234542608261 -0.81640949845314015 0.92499998211860668 0.0073830999899655589 0.012078520841896536 -0.84505933523178089
decision_type=8 8 10 8 8 8
left_child=-1 2 3 -2 -5 -3
right_child=1 5 -4 4 -6 -7
leaf_value=0.00028512313344117578 0.00021570534068624241 0.00028938078378330345 -0.00090879629532039912 -0.0003006068800778354 0.00026150300486476344 3.8722251619622425e-07
leaf_weight=254 228 221 181 464 145 18880
leaf_count=254 228 221 181 464 145 18880
internal_value=-0.00025395 -0.00013541 -0.00701369 -0.00264252 -0.00899837 0.000231603
internal_weight=20373 20119 1018 837 609 19101
internal_count=20373 20119 1018 837 609 19101
is_linear=0
shrinkage=0.05


Tree=192
num_leaves=7
num_cat=0
split_feature=47 49 36 35 19 22
split_gain=21.148 35.7897 27.5871 26.9601 36.417 30.5048
threshold=0.64568516612052929 -0.041371252387762063 0.61195018887519848 0.8052598536014558 0.37500000000000006 0.27500000596046453
decision_type=8 8 10 10 8 10
left_child=1 -1 -3 -2 -5 -6
right_child=3 2 -4 4 5 -7
leaf_value=0.00014447180862860336 1.1994619931719873e-06 -0.00010685656805112093 4.5740002836993206e-05 4.1427610777941863e-06 8.1244457326841649e-05 -0.00064256641472609755
leaf_weight=375 19043 248 189 265 53 145
leaf_count=375 19043 248 189 265 53 145
internal_value=-0.000225114 0.00804774 -0.00164027 -0.000162729 -0.0120192 -0.0279557
internal_weight=20318 812 437 19506 463 198
internal_count=20318 812 437 19506 463 198
is_linear=0
shrinkage=0.05


Tree=193
num_leaves=7
num_cat=0
split_feature=44 12 15 15 44 48
split_gain=18.3016 55.8441 42.7143 35.5188 32.1293 36.391
threshold=0.063427325338125243 -0.0055020905565470448 0.52500000596046459 0.52500000596046459 0.059932647272944457 -0.50141549110412587
decision_type=8 10 10 10 8 10
left_child=1 3 -3 4 5 -1
right_child=-2 2 -4 -5 -6 -7
leaf_value=-2.681956695451594e-05 5.443084548256445e-06 0.00011970715227630238 -7.7444324655687614e-05 5.5020101472161564e-05 -0.0007695749620743595 -0.00050486130906462546
leaf_weight=453 18780 480 346 64 155 131
leaf_count=453 18780 480 346 64 155 131
internal_value=-0.000277995 -0.00515606 0.00394103 -0.0145111 -0.0176411 -0.0120119
internal_weight=20409 1629 826 803 739 584
internal_count=20409 1629 826 803 739 584
is_linear=0
shrinkage=0.05


Tree=194
num_leaves=7
num_cat=0
split_feature=35 35 5 39 10 46
split_gain=16.2116 39.1762 58.722 36.9451 61.8011 57.5929
threshold=0.4802138358354569 0.25292804837226873 0.32784613966941839 -0.006004171445965766 0.024553327821195129 0.8389297127723695
decision_type=10 10 8 10 10 10
left_child=1 -1 3 4 -3 -6
right_child=-2 2 -4 -5 5 -7
leaf_value=2.7471387507679206e-06 3.8006306153065249e-05 0.00026339914257508205 -0.000695147851033732 -0.00016395900593499084 0.00029896102616737847 -0.00024646672622426565
leaf_weight=16540 2294 185 326 781 52 189
leaf_count=16540 2294 185 326 781 52 189
internal_value=-0.000293295 -0.000510289 -0.00814369 -0.00299092 0.0087587 -0.0078252
internal_weight=20367 18073 1533 1207 426 241
internal_count=20367 18073 1533 1207 426 241
is_linear=0
shrinkage=0.05


Tree=195
num_leaves=7
num_cat=0
split_feature=24 43 31 15 24 41
split_gain=15.4953 38.2781 21.6826 20.2981 29.4687 26.1505
threshold=-0.13559197634458539 0.13955748081207278 39.806808471679695 0.22500000149011615 -0.087522581219673143 0.067122384905815138
decision_type=8 10 8 8 8 8
left_child=1 2 -1 5 -5 -2
right_child=3 -3 -4 4 -6 -7
leaf_value=-0.00035199736605274638 -0.00017015961077932062 0.0011343891015845604 0.00040334066128902194 0.00082976103982895918 1.2296590750631419e-05 -1.3155636079572025e-05
leaf_weight=93 765 148 60 97 16489 2571
leaf_count=93 765 148 60 97 16489 2571
internal_value=-0.000270664 0.0115196 -0.00585443 0.000179405 0.00089657 -0.00337474
internal_weight=20223 301 153 19922 16586 3336
internal_count=20223 301 153 19922 16586 3336
is_linear=0
shrinkage=0.05


Tree=196
num_leaves=7
num_cat=0
split_feature=47 49 22 15 46 49
split_gain=22.3288 27.5708 23.3965 43.9602 19.5007 34.6368
threshold=0.61903119087219249 -0.041371252387762063 0.075000001117587103 0.77500000596046459 0.79612389206886303 1.2415016889572146
decision_type=8 8 10 10 10 10
left_child=1 -1 -3 -4 5 -2
right_child=4 2 3 -5 -6 -7
leaf_value=0.00015695225510805653 9.4747357292957921e-05 -3.210699544027442e-05 0.00097051204298109609 -0.0001096932026915493 -8.8484499154589087e-06 -0.00049086530252047942
leaf_weight=192 2275 166 82 94 17326 78
leaf_count=192 2275 166 82 94 17326 78
internal_value=-0.000226284 0.0103432 0.00165706 0.0142265 2.66714e-05 0.00429389
internal_weight=20213 534 342 176 19679 2353
internal_count=20213 534 342 176 19679 2353
is_linear=0
shrinkage=0.05


Tree=197
num_leaves=7
num_cat=0
split_feature=44 35 3 5 10 35
split_gain=17.3675 48.9356 48.9246 35.1288 32.6544 29.89
threshold=0.063427325338125243 -0.399615928530693 0.0062191602773964414 -0.65631541609764088 0.024553327821195129 -0.078873842954635606
decision_type=8 8 8 8 10 8
left_child=1 3 5 -1 -4 -3
right_child=-2 2 4 -5 -6 -7
leaf_value=-6.5051981396495318e-05 1.5087000542551182e-05 0.00042328457037950633 -0.00081366079435237968 -0.00064166577204167064 0.00012504423421238128 4.7222485039979079e-06
leaf_weight=132 18607 155 134 172 68 898
leaf_count=132 18607 155 134 172 68 898
internal_value=-0.000301175 -0.00474744 -0.000337302 -0.0225728 -0.0225845 0.00399338
internal_weight=20166 1559 1255 304 202 1053
internal_count=20166 1559 1255 304 202 1053
is_linear=0
shrinkage=0.05


Tree=198
num_leaves=7
num_cat=0
split_feature=33 19 49 44 44 39
split_gain=14.7262 41.8585 32.4456 27.759 26.0981 21.31
threshold=-0.26349769532680506 0.17500000447034839 -0.64990124106407154 0.089986588805913939 0.12788812071084979 0.035430539399385459
decision_type=8 8 10 10 8 10
left_child=1 2 3 -1 -5 -2
right_child=5 -3 -4 4 -6 -7
leaf_value=4.4198209603375874e-05 6.8937015501611155e-06 0.00023002521700585187 0.00053732863438969746 -0.00031072160728565158 0.00016360244106716892 -7.2475814816078663e-05
leaf_weight=1216 13500 1009 75 556 171 3817
leaf_count=1216 13500 1009 75 556 171 3817
internal_value=-0.000303455 0.00327342 -0.00087741 -0.00216889 -0.00987022 -0.000503695
internal_weight=20344 3027 2018 1943 727 17317
internal_count=20344 3027 2018 1943 727 17317
is_linear=0
shrinkage=0.05


Tree=199
num_leaves=7
num_cat=0
split_feature=46 12 13 17 44 3
split_gain=16.4959 40.7433 52.632 46.9355 40.7318 39.1395
threshold=0.88262367248535167 0.014346609823405744 0.023785018362104896 0.92499998211860668 0.11948940157890321 0.0085778045468032377
decision_type=8 10 8 8 8 8
left_child=1 3 4 -1 -3 -6
right_child=-2 2 -4 -5 5 -7
leaf_value=-8.4596211307329762e-06 1.597241260382007e-05 -0.00015502247683733543 -0.00037933994766495163 0.00045601484887873101 0.00068037995552254677 3.0482473328312736e-05
leaf_weight=2785 15501 914 354 219 70 379
leaf_count=2785 15501 914 354 219 70 379
internal_value=-0.000320117 -0.00265023 -0.00878339 0.000855766 -0.00425804 0.00798458
internal_weight=20222 4721 1717 3004 1363 449
internal_count=20222 4721 1717 3004 1363 449
is_linear=0
shrinkage=0.05


Tree=200
num_leaves=7
num_cat=0
split_feature=22 43 23 29 43 15
split_gain=17.8882 27.2478 49.3587 29.6438 45.0058 26.0041
threshold=0.57500001788139354 0.14478331059217456 -0.011530588380992411 0.067718572914600386 0.12368524074554445 0.22500000149011615
decision_type=8 10 10 8 10 10
left_child=1 3 -3 5 -5 -1
right_child=-2 2 -4 4 -6 -7
leaf_value=-9.8130664657461634e-05 3.3795918689700882e-05 0.00084903570827597893 -0.00079022796967871819 -0.00045929641646866689 0.00046373708080561717 1.3335489233973913e-05
leaf_weight=2437 9678 55 138 388 76 7621
leaf_count=2437 9678 55 138 388 76 7621
internal_value=-0.000238994 -0.0014389 -0.0198232 -0.00109005 -0.0133795 -0.00051426
internal_weight=20393 10715 193 10522 464 10058
internal_count=20393 10715 193 10522 464 10058
is_linear=0
shrinkage=0.05


Tree=201
num_leaves=7
num_cat=0
split_feature=33 27 3 41 2 28
split_gain=19.2323 22.8953 30.0805 25.8041 28.769 46.1023
threshold=0.6536473035812379 0.067453484982252135 0.0084731881506741064 0.09456112235784532 0.011122682131826879 0.012712846044451
decision_type=10 10 8 10 8 10
left_child=1 -1 -3 -4 -5 -6
right_child=-2 2 3 4 5 -7
leaf_value=6.6760643625376216e-06 0.00025023008748253824 -0.00068759966714714005 0.00073088878026011299 -0.0003420227251932539 0.00014395807188953663 -0.00044558036642903327
leaf_weight=18835 297 98 121 271 388 250
leaf_count=18835 297 98 121 271 388 250
internal_value=-0.000309647 -4.63241e-05 -0.00695057 -0.00432367 -0.00724836 -0.00136081
internal_weight=20260 19963 1128 1030 909 638
internal_count=20260 19963 1128 1030 909 638
is_linear=0
shrinkage=0.05


Tree=202
num_leaves=7
num_cat=0
split_feature=16 11 22 50 22 35
split_gain=18.5739 28.7269 26.8317 25.4688 22.8793 43.7244
threshold=0.075000001117587103 -0.0099813495762646181 0.82500001788139354 -0.78374817967414845 0.57500001788139354 0.19752407073974612
decision_type=8 8 10 10 8 10
left_child=2 -2 -1 -4 -3 -6
right_child=1 4 3 -5 5 -7
leaf_value=-1.8153918200658471e-05 0.00011329516832242083 -2.4510400474164688e-05 -0.00016707986108203618 -0.001455395291019967 6.4844870391335521e-05 -0.00020584030240035746
leaf_weight=653 3578 8447 221 114 6473 747
leaf_count=653 3578 8447 221 114 6473 747
internal_value=-0.000245825 0.000390909 -0.00662135 -0.0180147 -0.000531202 0.00153287
internal_weight=20233 19245 988 335 15667 7220
internal_count=20233 19245 988 335 15667 7220
is_linear=0
shrinkage=0.05


Tree=203
num_leaves=7
num_cat=0
split_feature=42 1 36 10 42 50
split_gain=15.4313 47.5555 39.7837 30.9295 28.7519 39.4306
threshold=0.15764832496643069 0.020032591186463836 0.47995947301387792 0.23602148890495303 0.12974961102008822 -1.1697083115577696
decision_type=10 10 10 10 10 8
left_child=4 2 3 -2 -1 -6
right_child=1 -3 -4 -5 5 -7
leaf_value=6.4968646603114309e-06 -0.00028661831850336923 0.00031339330287275539 0.00094790260022352521 0.00045315838185578435 0.00028813573270029125 -0.00018262599359596465
leaf_weight=16961 482 620 50 57 325 1773
leaf_count=16961 482 620 50 57 325 1773
internal_value=-0.00029966 0.00553954 -0.00458754 -0.00868566 -0.000274077 -0.00578935
internal_weight=20268 1209 589 539 19059 2098
internal_count=20268 1209 589 539 19059 2098
is_linear=0
shrinkage=0.05


Tree=204
num_leaves=7
num_cat=0
split_feature=27 2 0 21 12 26
split_gain=15.4365 26.9563 26.9451 46.492 38.684 24.9834
threshold=0.067453484982252135 0.0078972191549837607 -0.10228887945413588 0.57500001788139354 0.092313677072525038 0.082266818732023253
decision_type=8 8 10 8 8 8
left_child=2 -2 3 -1 -5 -3
right_child=1 5 -4 4 -6 -7
leaf_value=-0.00022390051408235532 -0.00061355514228508259 -0.00035329396047661206 1.9772776215094494e-06 -0.0005260290306154632 0.0014786728926877032 -1.6986856598493802e-06
leaf_weight=201 81 355 17908 50 242 1477
leaf_count=201 81 355 17908 50 242 1477
internal_value=-0.000313746 -0.00428832 0.000425133 0.0118976 0.0244949 -0.0029804
internal_weight=20314 1913 18401 493 292 1832
internal_count=20314 1913 18401 493 292 1832
is_linear=0
shrinkage=0.05


Tree=205
num_leaves=7
num_cat=0
split_feature=44 12 44 42 10 9
split_gain=16.7823 31.2996 28.1361 54.0168 84.039 60.898
threshold=0.063427325338125243 -0.01258310256525874 0.083138793706893935 0.084342740476131453 -0.11349579319357871 -0.029984086751937863
decision_type=8 10 8 8 10 10
left_child=1 -1 -2 4 -4 -6
right_child=2 -3 3 -5 5 -7
leaf_value=-0.00024877285821766352 8.4825524146031267e-05 1.2940399134262935e-06 0.00065789913798080027 8.5116656392122831e-06 5.9339552814914317e-05 -0.00023856989344602148
leaf_weight=560 4003 1043 86 12961 543 1214
leaf_count=560 4003 1043 86 12961 543 1214
internal_value=-0.000302474 -0.00499067 0.000330906 -0.000673577 -0.00867154 -0.0110812
internal_weight=20410 1603 18807 14804 1843 1757
internal_count=20410 1603 18807 14804 1843 1757
is_linear=0
shrinkage=0.05


Tree=206
num_leaves=7
num_cat=0
split_feature=26 39 39 34 39 42
split_gain=17.9961 34.955 43.0571 41.2093 25.9931 50.0431
threshold=0.095841620117425932 0.033532328903675086 -0.021720011718571183 0.59219786524772655 0.01277802372351289 0.1022516041994095
decision_type=10 10 10 8 10 10
left_child=-1 2 -2 -3 5 -4
right_child=1 3 4 -5 -6 -7
leaf_value=-1.0393279241963225e-05 -0.000137970992727898 -0.00058613926342362445 5.3156495642742632e-05 0.000105345675697912 2.9017107216697611e-05 0.00061293022145761942
leaf_weight=16930 387 340 765 373 876 678
leaf_count=16930 387 340 765 373 876 678
internal_value=-0.000288641 0.00321992 0.00581889 -0.00658078 0.00840146 0.0125173
internal_weight=20349 3419 2706 713 2319 1443
internal_count=20349 3419 2706 713 2319 1443
is_linear=0
shrinkage=0.05


Tree=207
num_leaves=7
num_cat=0
split_feature=42 1 47 42 10 41
split_gain=17.9652 47.527 39.3011 30.2812 37.211 54.7405
threshold=0.15764832496643069 0.020032591186463836 1.2338252663612368 0.12974961102008822 -0.1651569455862045 0.14508073031902316
decision_type=10 10 10 10 10 8
left_child=3 -2 -3 -1 5 -5
right_child=1 2 -4 4 -6 -7
leaf_value=2.9930878485981316e-06 -8.1689085992011279e-05 0.00039193005672079426 -0.00078389748727050702 -0.00079751913111536911 -4.6455784371306101e-05 0.00024944026906082074
leaf_weight=16913 575 525 70 400 1561 148
leaf_count=16913 575 525 70 400 1561 148
internal_value=-0.000335446 0.00585106 0.0157083 -0.000518999 -0.00616131 -0.0173146
internal_weight=20192 1170 595 19022 2109 548
internal_count=20192 1170 595 19022 2109 548
is_linear=0
shrinkage=0.05


Tree=208
num_leaves=7
num_cat=0
split_feature=44 44 3 36 39 45
split_gain=14.1574 28.4834 48.6868 49.8237 56.5661 40.5055
threshold=0.065402470529079451 0.080776870250701918 0.0046693070326000461 -0.17653131484985349 0.016325721517205242 0.081333179026842131
decision_type=8 8 8 10 10 8
left_child=-1 2 -2 -4 -5 -3
right_child=1 5 3 4 -6 -7
leaf_value=-3.7038766106533606e-05 0.00052192028533383798 -8.0706551986901495e-05 0.00024093740508639326 -0.00025632605906708296 0.00015633808723909624 1.414138947158682e-05
leaf_weight=1860 165 2539 1225 801 1033 12698
leaf_count=1860 165 2539 1225 801 1033 12698
internal_value=-0.000348076 0.00040209 0.00466863 0.00320659 -0.00199837 -0.000500262
internal_weight=20321 18461 3224 3059 1834 15237
internal_count=20321 18461 3224 3059 1834 15237
is_linear=0
shrinkage=0.05


Tree=209
num_leaves=7
num_cat=0
split_feature=44 12 15 38 15 44
split_gain=13.2823 47.2408 30.9448 28.6163 27.768 35.8729
threshold=0.063427325338125243 -0.0055020905565470448 0.52500000596046459 0.0059336163103580484 0.52500000596046459 0.059932647272944457
decision_type=8 10 10 8 10 8
left_child=1 4 3 -3 5 -1
right_child=-2 2 -4 -5 -6 -7
leaf_value=-6.6278297494620211e-05 1.1121346023569719e-05 0.00019935450347671521 -5.9076202965004783e-05 1.5857028117832046e-06 6.0707988591710982e-05 -0.00067401652302360353
leaf_weight=586 18762 231 340 234 61 155
leaf_count=586 18762 231 340 234 61 155
internal_value=-0.000278541 -0.00404777 0.00447531 0.0128191 -0.0126084 -0.015315
internal_weight=20369 1607 805 465 802 741
internal_count=20369 1607 805 465 802 741
is_linear=0
shrinkage=0.05


Tree=210
num_leaves=7
num_cat=0
split_feature=50 44 36 35 46 35
split_gain=17.7274 51.9099 53.7114 45.4781 44.7144 50.8612
threshold=0.50828719139099132 0.13342826068401339 -0.14853402972221372 -0.60111460089683522 1.1898496150970461 -0.28413563966751093
decision_type=10 8 10 8 10 8
left_child=-1 2 3 -2 5 -5
right_child=1 -3 -4 4 -6 -7
leaf_value=9.0183266422871802e-06 -0.00010562901152820118 -0.00049155494409090772 -0.00012615120078035189 0.00063108929442787579 -0.00038012670307868121 7.5771895769383016e-05
leaf_weight=15326 922 310 2287 578 172 653
leaf_count=15326 922 310 2287 578 172 653
internal_value=-0.000295018 -0.00281612 -0.0014674 0.00387339 0.0095348 0.0128843
internal_weight=20248 4922 4612 2325 1403 1231
internal_count=20248 4922 4612 2325 1403 1231
is_linear=0
shrinkage=0.05


Tree=211
num_leaves=7
num_cat=0
split_feature=27 36 33 44 9 13
split_gain=15.4768 34.6484 33.32 31.4658 38.5397 24.1252
threshold=0.067453484982252135 0.18385753780603412 0.55491080880165111 0.089986588805913939 -0.014365370385348795 0.034987095743417747
decision_type=8 10 10 8 10 8
left_child=5 2 3 -2 -5 -1
right_child=1 -3 -4 4 -6 -7
leaf_value=6.3627340264882377e-07 0.0005572641785173588 -0.00057060151045025423 0.00044764831541211091 9.3823279967823487e-06 -0.00034864282684109079 0.00021820097044171797
leaf_weight=16945 89 257 218 842 507 1364
leaf_count=16945 89 257 218 842 507 1364
internal_value=-0.000186632 -0.00418405 -0.00149007 -0.00427928 -0.0062223 0.000536475
internal_weight=20222 1913 1656 1438 1349 18309
internal_count=20222 1913 1656 1438 1349 18309
is_linear=0
shrinkage=0.05


Tree=212
num_leaves=7
num_cat=0
split_feature=6 38 38 5 41 39
split_gain=12.8241 51.4347 54.2858 43.6024 29.1962 27.2312
threshold=0.26202458143234258 -0.012025413103401659 0.038304524496197707 -0.30383688211441034 0.16877767443656924 0.014254579320549967
decision_type=8 8 8 8 8 10
left_child=1 -1 4 -2 -3 -5
right_child=3 2 -4 5 -6 -7
leaf_value=0.0002190354288482422 -0.0002144949371016195 -3.9290176962440698e-05 0.00034475142501361867 2.9548396178277348e-05 0.00048431104483064838 -6.1995680854122097e-05
leaf_weight=837 1147 3859 332 8713 132 5291
leaf_count=837 1147 3859 332 8713 132 5291
internal_value=-0.000318714 0.00214424 -5.19871e-05 -0.000740631 -0.00168293 2.67685e-05
internal_weight=20311 5160 4323 15151 3991 14004
internal_count=20311 5160 4323 15151 3991 14004
is_linear=0
shrinkage=0.05


Tree=213
num_leaves=7
num_cat=0
split_feature=47 22 32 50 1 40
split_gain=18.7376 25.9008 39.1007 18.2694 47.2316 58.896
threshold=0.61903119087219249 0.075000001117587103 0.79759767651557933 -0.24814604222774503 0.048411782830953605 0.085084408521652236
decision_type=8 10 8 10 10 8
left_child=1 -1 -3 4 -2 -6
right_child=3 2 -4 -5 5 -7
leaf_value=-3.3756376463620497e-06 6.8055944967323795e-06 0.00071830484279687625 -0.00030378655183929649 -3.0460338120293608e-05 -0.00015955577200193793 0.00046761549925583508
leaf_weight=268 10437 215 50 8370 245 705
leaf_count=268 10437 215 50 8370 245 705
internal_value=-0.000259916 0.00952602 0.020463 6.70479e-05 0.00137158 0.0120157
internal_weight=20290 533 265 19757 11387 950
internal_count=20290 533 265 19757 11387 950
is_linear=0
shrinkage=0.05


Tree=214
num_leaves=7
num_cat=0
split_feature=47 22 32 35 41 35
split_gain=14.0254 27.363 33.3138 14.8236 41.346 32.8125
threshold=0.61903119087219249 0.075000001117587103 0.43664789199829107 0.77669364213943493 0.070165053009986891 0.4802138358354569
decision_type=8 10 8 10 8 10
left_child=1 -1 -3 5 -5 -2
right_child=3 2 -4 4 -6 -7
leaf_value=-7.9233971690018648e-06 -2.8323325236433566e-06 0.00083359005034237355 -1.2626334832279291e-05 0.00010247076748299774 -0.00029397907734711671 0.00013480658420935958
leaf_weight=262 17731 156 125 255 448 1288
leaf_count=262 17731 156 125 255 448 1288
internal_value=-0.000284904 0.0082573 0.0189685 0.000145739 -0.00695621 0.000411323
internal_weight=20265 543 281 19722 703 19019
internal_count=20265 543 281 19722 703 19019
is_linear=0
shrinkage=0.05


Tree=215
num_leaves=7
num_cat=0
split_feature=23 38 38 6 39 6
split_gain=17.4551 30.4246 29.6114 34.0782 27.1383 48.7565
threshold=-0.0047553440090268842 -0.012025413103401659 0.033823875710368163 0.34810918569564825 -0.021720011718571183 0.54412010312080394
decision_type=10 10 8 8 8 8
left_child=1 -1 -3 -4 5 -2
right_child=4 2 3 -5 -6 -7
leaf_value=0.00014948942049149735 6.3358460756203548e-05 -1.7169422324135272e-05 0.00034178171696237623 -0.00027477283855494326 -1.6724114157323268e-06 -0.00025157797899597311
leaf_weight=1533 685 5527 400 107 10544 1462
leaf_count=1533 685 5527 400 107 10544 1462
internal_value=-0.000299808 0.00186543 0.000260805 0.0117676 -0.00116769 -0.00628485
internal_weight=20258 7567 6034 507 12691 2147
internal_count=20258 7567 6034 507 12691 2147
is_linear=0
shrinkage=0.05


Tree=216
num_leaves=7
num_cat=0
split_feature=3 32 49 41 39 39
split_gain=16.7741 30.9425 26.8821 25.8916 47.1035 35.3979
threshold=0.01404809206724167 -0.86182555556297291 1.449677109718323 0.12247327342629434 0.016325721517205242 0.01277802372351289
decision_type=8 8 10 10 10 10
left_child=3 -2 -3 5 -5 -1
right_child=1 2 -4 4 -6 -7
leaf_value=3.6660676177666001e-05 0.00087430179287914978 8.9602035446651474e-05 -0.00086660797343311973 -0.00030864603522822495 6.1537618344028911e-05 -4.8527420893738256e-05
leaf_weight=9116 89 2337 73 957 901 6799
leaf_count=9116 89 2337 73 957 901 6799
internal_value=-0.000279874 0.00400359 0.0028882 -0.000367027 -0.00594471 0.000284234
internal_weight=20272 2499 2410 17773 1858 15915
internal_count=20272 2499 2410 17773 1858 15915
is_linear=0
shrinkage=0.05


Tree=217
num_leaves=7
num_cat=0
split_feature=36 10 36 22 22 35
split_gain=19.4728 65.5589 32.7409 55.7064 34.2644 32.1966
threshold=0.69847875833511364 -0.064961530268192277 0.61195018887519848 0.22500000149011615 0.22500000149011615 0.6461576819419862
decision_type=8 8 10 10 10 8
left_child=2 -2 4 -4 -1 -6
right_child=1 -3 3 -5 5 -7
leaf_value=-5.5405829600256413e-05 0.00065489455944364174 2.3981285338580373e-05 0.00010438458458015945 -0.00045637568579401144 1.0436335600419565e-05 0.00043092958632700369
leaf_weight=2342 272 6199 179 325 10884 71
leaf_count=2342 272 6199 179 325 10884 71
internal_value=-0.000245352 0.00245908 -0.000863755 -0.0133104 -0.00038528 0.000786953
internal_weight=20272 6471 13801 504 13297 10955
internal_count=20272 6471 13801 504 13297 10955
is_linear=0
shrinkage=0.05


Tree=218
num_leaves=7
num_cat=0
split_feature=44 35 45 29 35 26
split_gain=13.8923 56.2619 37.9843 37.7994 34.0441 34.5755
threshold=0.063427325338125243 -0.399615928530693 0.069334965199232115 -0.048443311825394623 -0.078873842954635606 -0.026016863062977787
decision_type=8 8 8 10 8 8
left_child=1 3 4 -1 -3 -6
right_child=-2 2 -4 -5 5 -7
leaf_value=3.2570726278272069e-05 9.9394834900509426e-06 0.00038560944667698129 -0.00078701179448646013 -0.00055516685917860766 -0.00023775002906493994 2.3856321850021186e-05
leaf_weight=110 18723 165 103 209 230 794
leaf_count=110 18723 165 103 209 230 794
internal_value=-0.000244604 -0.00428527 0.00036623 -0.0229167 0.00295226 -0.000461613
internal_weight=20334 1611 1292 319 1189 1024
internal_count=20334 1611 1292 319 1189 1024
is_linear=0
shrinkage=0.05


Tree=219
num_leaves=7
num_cat=0
split_feature=15 24 24 8 27 23
split_gain=14.3098 38.3257 35.2688 29.7251 33.5741 30.0136
threshold=0.22500000149011615 -0.058614991605281823 -0.087522581219673143 0.80345976352691661 -0.071470316499471651 -0.044425519183278077
decision_type=8 10 8 8 8 10
left_child=1 3 -2 4 5 -1
right_child=2 -3 -4 -5 -6 -7
leaf_value=0.0002542305362144166 0.00082749024211271687 -0.00015007945789447549 7.373611948588259e-06 -0.00048591169522834712 0.00011336795724000543 -0.0004229784887153295
leaf_weight=82 95 1532 16630 137 1698 234
leaf_count=82 95 1532 16630 137 1698 234
internal_value=-0.000351492 -0.00279962 0.000641064 0.00149583 0.00305844 -0.0117601
internal_weight=20408 3683 16725 2151 2014 316
internal_count=20408 3683 16725 2151 2014 316
is_linear=0
shrinkage=0.05


Tree=220
num_leaves=7
num_cat=0
split_feature=50 22 22 9 45 0
split_gain=15.9172 20.3661 27.2441 20.525 18.0858 13.4389
threshold=2.1362723112106328 0.82500001788139354 0.57500001788139354 -0.010976078454405068 0.057684535160660751 0.087956402450799956
decision_type=10 10 10 10 8 10
left_child=5 2 3 -2 -5 -1
right_child=1 -3 -4 4 -6 -7
leaf_value=8.3818029742857753e-06 0.00027582684636054958 -0.00089701286031554318 0.00031182917463702881 0.0001115626775577216 -0.00032921873718690933 -0.00029759718137505032
leaf_weight=19432 60 76 127 52 163 311
leaf_count=19432 60 76 127 52 163 311
internal_value=-0.000270691 -0.00885093 -0.00411548 -0.0129464 -0.0201136 0.000335477
internal_weight=20221 478 402 275 215 19743
internal_count=20221 478 402 275 215 19743
is_linear=0
shrinkage=0.05


Tree=221
num_leaves=7
num_cat=0
split_feature=48 36 6 1 45 3
split_gain=15.1882 51.4396 51.4119 44.9518 44.1925 41.7157
threshold=-0.65325963497161854 -0.096760604530572877 0.26202458143234258 -0.023539889603853222 0.13734230399131778 0.014554852154105903
decision_type=10 8 8 8 8 10
left_child=1 2 4 -3 -1 -5
right_child=-2 3 -4 5 -6 -7
leaf_value=-7.326300081439489e-05 2.8365665683433473e-05 -0.00011169998541916185 -0.00038855784693894686 2.2936389741911452e-05 0.00061765152091456028 0.00036730324350158899
leaf_weight=1230 9609 1520 954 6256 196 599
leaf_count=1230 9609 1520 954 6256 196 599
internal_value=-0.000268791 -0.00101533 -0.00749476 0.000826372 -0.00145003 0.00255466
internal_weight=20364 10755 2380 8375 1426 6855
internal_count=20364 10755 2380 8375 1426 6855
is_linear=0
shrinkage=0.05


Tree=222
num_leaves=7
num_cat=0
split_feature=26 12 44 35 35 26
split_gain=14.1168 40.754 30.1225 23.9641 48.8646 23.9847
threshold=0.088827747851610198 0.057531934231519706 0.12788812071084979 -0.78142160177230824 -0.399615928530693 0.2028334438800812
decision_type=10 10 8 8 8 8
left_child=1 -1 -3 -2 5 -5
right_child=3 2 -4 4 -6 -7
leaf_value=-9.1008084675977231e-07 -0.00037306516162433296 -0.000191432724119663 -0.00069784173851326643 0.00066339540095494991 2.5013137692029669e-05 -0.00016886450353343198
leaf_weight=16217 80 266 92 321 3213 64
leaf_count=16217 80 266 92 321 3213 64
internal_value=-0.000235709 -0.000441797 -0.017011 0.00297991 0.00360117 0.0203205
internal_weight=20253 16575 358 3678 3598 385
internal_count=20253 16575 358 3678 3598 385
is_linear=0
shrinkage=0.05


Tree=223
num_leaves=7
num_cat=0
split_feature=36 10 1 42 48 5
split_gain=17.4461 71.4766 40.54 63.7682 37.0538 54.5385
threshold=0.69847875833511364 -0.078066796064376817 0.026826892979443077 0.10726124793291093 inf -0.56872239708900441
decision_type=8 8 10 10 8 8
left_child=4 -2 3 -3 -1 -6
right_child=1 2 -4 -5 5 -7
leaf_value=-4.0752589900657555e-06 0.001029531374170723 4.0142222026258011e-05 0.00018447802657107736 -0.00024474113475106678 0.00040721942140867272 -0.00040398231034759864
leaf_weight=13063 168 3936 1238 1173 142 645
leaf_count=13063 168 3936 1238 1173 142 645
internal_value=-0.000327688 0.0022431 0.00137358 -0.000591513 -0.000893179 -0.0113952
internal_weight=20365 6515 6347 5109 13850 787
internal_count=20365 6515 6347 5109 13850 787
is_linear=0
shrinkage=0.05


Tree=224
num_leaves=7
num_cat=0
split_feature=44 24 35 16 38 19
split_gain=23.898 31.7255 32.2075 30.144 27.4194 25.3695
threshold=0.14373445510864261 -0.015421736519783734 -0.47690506279468531 0.92499998211860668 0.0021290524164214735 0.57500001788139354
decision_type=10 10 10 8 8 8
left_child=-1 3 5 -2 -4 -3
right_child=1 2 4 -5 -6 -7
leaf_value=-5.3611448321190355e-06 0.00058736332279224479 -0.00054243484866887579 0.0004938158030859352 -0.00015407333627825114 -8.4291939705727088e-05 1.243767272554935e-05
leaf_weight=19118 293 174 176 76 122 239
leaf_count=19118 293 174 176 76 122 239
internal_value=-0.000320497 0.00725806 0.00101257 0.0190508 0.0134488 -0.00795455
internal_weight=20198 1080 711 369 298 413
internal_count=20198 1080 711 369 298 413
is_linear=0
shrinkage=0.05


Tree=225
num_leaves=7
num_cat=0
split_feature=11 39 39 36 26 0
split_gain=22.6259 27.0816 40.0609 39.6629 34.1633 33.2879
threshold=-0.0069467774592339984 0.039710281416773803 -0.021720011718571183 0.77296423912048351 0.050298761576414115 -0.10228887945413588
decision_type=10 10 8 10 10 8
left_child=-1 2 3 4 -2 -3
right_child=1 5 -4 -5 -6 -7
leaf_value=5.7935506410159575e-05 -7.288450328097381e-05 0.0008579825190084923 1.9920087332453517e-05 0.00032206052277822998 -0.00033126831491887972 -0.00014051056530300666
leaf_weight=6022 1814 84 9098 82 521 2680
leaf_count=6022 1814 84 9098 82 521 2680
internal_value=-0.000328721 -0.00118489 -0.000115017 -0.00583196 -0.00706197 -0.00562477
internal_weight=20301 14279 11515 2417 2335 2764
internal_count=20301 14279 11515 2417 2335 2764
is_linear=0
shrinkage=0.05


Tree=226
num_leaves=7
num_cat=0
split_feature=28 41 29 42 35 9
split_gain=17.0675 15.9644 31.2787 28.4734 35.1199 32.5473
threshold=-0.031160741113126274 0.09588948637247087 -0.057748397812247269 0.1038234904408455 -0.84505933523178089 -0.070023603737354265
decision_type=8 10 8 8 10 10
left_child=-1 2 -2 4 -3 -6
right_child=1 3 -4 -5 5 -7
leaf_value=0.00024679538683724693 0.00018046723865584478 0.00028795967750599972 3.1427842838654009e-06 -1.6933635351028958e-05 -0.0010315130934669436 -0.00023527967605797425
leaf_weight=339 462 153 11480 6601 124 1079
leaf_count=339 462 153 11480 6601 124 1079
internal_value=-0.000300104 -0.000403185 0.000751235 -0.00213828 -0.0087252 -0.0116101
internal_weight=20238 19899 11942 7957 1356 1203
internal_count=20238 19899 11942 7957 1356 1203
is_linear=0
shrinkage=0.05


Tree=227
num_leaves=7
num_cat=0
split_feature=44 35 3 10 9 40
split_gain=14.3285 44.1301 42.1317 31.8365 31.3197 27.1334
threshold=0.063427325338125243 -0.399615928530693 0.0062191602773964414 0.018217612057924274 -0.052317691966891282 0.060717083513736732
decision_type=8 8 8 10 10 8
left_child=1 4 5 -4 -1 -3
right_child=-2 2 3 -5 -6 -7
leaf_value=1.7182219839976653e-05 4.8890295784290947e-06 9.366677915999831e-07 -0.00069504350270331236 0.0001007856591310661 -0.0005466184774559215 0.00035760877796850904
leaf_weight=108 18746 870 136 80 211 186
leaf_count=108 18746 870 136 80 211 186
internal_value=-0.000239652 -0.0045896 -0.000371966 -0.0202489 -0.0210648 0.00374647
internal_weight=20337 1591 1272 216 319 1056
internal_count=20337 1591 1272 216 319 1056
is_linear=0
shrinkage=0.05


Tree=228
num_leaves=7
num_cat=0
split_feature=23 38 14 36 39 43
split_gain=15.445 26.1063 26.0672 24.8282 23.4626 54.1319
threshold=-0.0055622465442866078 0.028749213553965095 0.92499998211860668 0.10684821754693986 0.01277802372351289 0.13183744251728061
decision_type=10 8 10 10 8 10
left_child=1 2 -1 -3 5 -2
right_child=4 3 -4 -5 -6 -7
leaf_value=6.0984572157454488e-06 3.8394123391209724e-05 0.00024654723191311589 0.00024759003775301209 -0.00021837162228599438 -5.0892726218759987e-05 -0.00052994222023204662
leaf_weight=5976 6462 854 335 100 5974 553
leaf_count=5976 6462 854 335 100 5974 553
internal_value=-0.000294931 0.00219051 0.00101726 0.00988008 -0.000686855 0.00127137
internal_weight=20254 7265 6311 954 12989 7015
internal_count=20254 7265 6311 954 12989 7015
is_linear=0
shrinkage=0.05


Tree=229
num_leaves=7
num_cat=0
split_feature=44 50 27 27 24 24
split_gain=19.3548 41.3775 53.4384 51.5318 46.5383 42.1287
threshold=0.11948940157890321 0.50828719139099132 -0.042292015627026551 0.047047549858689315 0.09617087617516519 -0.024046068079769608
decision_type=10 10 8 8 10 10
left_child=-1 2 -2 -4 5 -3
right_child=1 4 3 -5 -6 -7
leaf_value=-1.0416624199418387e-05 -0.00032904555797208204 1.4086483307825991e-05 0.00025239405812575478 -0.00014134182908541034 0.00024277840236842409 -0.00052504840831042374
leaf_weight=16605 533 221 1904 458 264 310
leaf_count=16605 533 221 1904 458 264 310
internal_value=-0.00016133 0.00340325 0.00618103 0.00941065 -0.00665625 -0.0151586
internal_weight=20295 3690 2895 2362 795 531
internal_count=20295 3690 2895 2362 795 531
is_linear=0
shrinkage=0.05


Tree=230
num_leaves=7
num_cat=0
split_feature=46 44 29 36 44 41
split_gain=14.8233 38.6466 40.7654 42.0712 40.9017 31.8493
threshold=0.89574939012527477 0.15486721694469455 -0.041456293314695351 -0.87448811531066883 0.082009829580783858 0.18349169939756396
decision_type=8 10 10 8 10 10
left_child=1 2 5 -4 -5 -1
right_child=-2 -3 3 4 -6 -7
leaf_value=0.00031853250936867816 1.4569635009419046e-05 0.0010266992414249615 0.00035004178328467924 1.1377838408479623e-05 -0.00012362143961727471 -0.00032864276844446244
leaf_weight=553 14956 59 148 1680 2845 86
leaf_count=553 14956 59 148 1680 2845 86
internal_value=-0.00026928 -0.002274 -0.00274121 -0.00436618 -0.00523731 0.00904503
internal_weight=20327 5371 5312 4673 4525 639
internal_count=20327 5371 5312 4673 4525 639
is_linear=0
shrinkage=0.05


Tree=231
num_leaves=7
num_cat=0
split_feature=23 39 49 49 45 41
split_gain=15.985 25.2067 46.1344 44.3818 63.8165 52.7961
threshold=-0.0055622465442866078 0.01277802372351289 -0.20527413487434384 0.14684998989105227 0.13176009058952334 0.18349169939756396
decision_type=10 10 8 10 8 10
left_child=-1 3 -3 5 -5 -2
right_child=1 2 -4 4 -6 -7
leaf_value=3.0321213671313841e-05 -6.3753708767803831e-05 4.9576076928029011e-05 -0.00012402418452099785 0.0001195870513437377 -0.00043146684835023851 0.0018959003374357495
leaf_weight=7259 4083 1311 4016 3237 164 61
leaf_count=7259 4083 1311 4016 3237 164 61
internal_value=-0.000271901 -0.00144249 -0.00407446 0.000413907 0.00464621 -0.00305495
internal_weight=20131 12872 5327 7545 3401 4144
internal_count=20131 12872 5327 7545 3401 4144
is_linear=0
shrinkage=0.05


Tree=232
num_leaves=7
num_cat=0
split_feature=44 35 3 15 22 32
split_gain=17.8513 45.4807 44.4639 32.1501 33.4198 42.0563
threshold=0.063427325338125243 -0.399615928530693 0.0065139986108988532 0.27500000596046453 0.075000001117587103 0.47093826532363897
decision_type=8 8 8 10 10 8
left_child=1 -1 3 -3 5 -5
right_child=-2 2 -4 4 -6 -7
leaf_value=-0.00035061322941511277 1.0308177092022164e-05 -0.00010881297382199571 -0.00075117204375612593 1.681505629717449e-05 0.00026859239253219127 -0.00036795456213789307
leaf_weight=334 18676 347 140 344 415 62
leaf_count=334 18676 347 140 344 415 62
internal_value=-0.00027924 -0.00484214 -0.000590251 0.00262148 0.00802058 -0.00212895
internal_weight=20318 1642 1308 1168 821 406
internal_count=20318 1642 1308 1168 821 406
is_linear=0
shrinkage=0.05


Tree=233
num_leaves=7
num_cat=0
split_feature=44 26 50 27 13 21
split_gain=12.4645 54.311 40.3581 46.7583 48.4852 41.2314
threshold=0.11948940157890321 0.24302762746810916 0.6258828639984132 -0.035904040560126298 0.018498789519071582 0.12500000372529033
decision_type=10 10 10 8 8 8
left_child=1 -1 3 -2 5 -5
right_child=2 -3 -4 4 -6 -7
leaf_value=-2.3986402566997624e-06 -0.00020012761354547284 -0.00069105895344937418 -0.00017521261908649485 -3.0472520554192215e-05 -1.0628848969405696e-05 0.00034539215098866675
leaf_weight=16351 643 140 692 111 803 1419
leaf_count=16351 643 140 692 111 803 1419
internal_value=-0.000286402 -0.00039555 0.00282467 0.00535894 0.00865056 0.0138599
internal_weight=20159 16491 3668 2976 2333 1530
internal_count=20159 16491 3668 2976 2333 1530
is_linear=0
shrinkage=0.05


Tree=234
num_leaves=7
num_cat=0
split_feature=30 47 39 40 21 12
split_gain=13.0393 28.7615 52.4998 46.1077 42.3917 36.7839
threshold=47.238327026367195 0.9593944549560548 0.01277802372351289 0.06922128796577455 0.27500000596046453 0.0071379558648914107
decision_type=10 8 10 8 8 10
left_child=-1 2 3 -2 -5 -4
right_child=1 -3 5 4 -6 -7
leaf_value=2.235819574784618e-05 -1.1836377934790546e-05 -8.8627321003960911e-05 3.2432666503978463e-05 -0.00032495635449727122 0.00025990801414414884 -0.00025398716530246449
leaf_weight=8768 1866 5991 648 108 1994 915
leaf_count=8768 1866 5991 648 108 1994 915
internal_value=-0.000353535 -0.00105622 0.00153992 0.0045998 0.00967015 -0.00620217
internal_weight=20290 11522 5531 3968 2102 1563
internal_count=20290 11522 5531 3968 2102 1563
is_linear=0
shrinkage=0.05


Tree=235
num_leaves=7
num_cat=0
split_feature=36 32 5 3 0 46
split_gain=12.2715 34.756 62.0198 49.2305 36.9774 30.393
threshold=0.69847875833511364 -0.52156502008438099 -0.10500567033886908 0.010633664205670358 0.015045232139527799 1.3124611973762514
decision_type=8 8 8 8 8 10
left_child=-1 5 3 -3 -5 -2
right_child=1 2 -4 4 -6 -7
leaf_value=-8.3133838956381737e-06 0.00014516090364322158 -2.8524705121701304e-06 8.8853085313568735e-05 4.9499514316105487e-06 -0.00065673826230142876 0.0028482392604757037
leaf_weight=13835 799 1036 3930 199 463 61
leaf_count=13835 799 1036 3930 199 463 61
internal_value=-0.000249656 0.00219852 0.000758921 -0.00720787 -0.0178036 0.0115318
internal_weight=20323 6488 5628 1698 662 860
internal_count=20323 6488 5628 1698 662 860
is_linear=0
shrinkage=0.05


Tree=236
num_leaves=7
num_cat=0
split_feature=50 48 35 39 46 44
split_gain=17.5611 44.2858 55.0281 73.5106 54.016 53.4563
threshold=0.44875511527061468 0.36542652547359472 -0.28413563966751093 -0.021720011718571183 1.169795095920563 0.11565121263265611
decision_type=10 10 8 10 10 8
left_child=-1 -2 3 -3 -5 -4
right_child=1 2 5 4 -6 -7
leaf_value=1.3779435629785571e-05 -0.00016012059832621892 -0.00024549763403116168 -1.7064398142406164e-05 0.00045140141430168057 -0.00039375513298731682 -0.00057897785531115312
leaf_weight=14993 1874 192 1888 911 127 228
leaf_count=14993 1874 192 1888 911 127 228
internal_value=-0.00016693 -0.00246411 0.00097732 0.00937247 0.0146453 -0.00390146
internal_weight=20213 5220 3346 1230 1038 2116
internal_count=20213 5220 3346 1230 1038 2116
is_linear=0
shrinkage=0.05


Tree=237
num_leaves=7
num_cat=0
split_feature=4 47 48 44 36 41
split_gain=20.7921 27.7628 27.1511 20.3387 17.8561 19.7034
threshold=0.91802850365638744 1.1478515267372134 0.51798570156097423 0.13927501440048221 -0.933234542608261 0.089066434651613249
decision_type=10 8 8 8 8 8
left_child=4 2 -2 -4 5 -1
right_child=1 -3 3 -5 -6 -7
leaf_value=-0.00032982556208589807 -0.00013704203421360673 -0.00033893690102459171 6.6632523237745525e-05 0.00091118875960214188 5.5232297012573506e-06 0.00047159990497843264
leaf_weight=54 462 502 531 79 18591 182
leaf_count=54 462 502 531 79 18591 182
internal_value=-0.000263403 -0.00549398 -0.000905292 0.00597561 0.000479237 0.0140041
internal_weight=20401 1574 1072 610 18827 236
internal_count=20401 1574 1072 610 18827 236
is_linear=0
shrinkage=0.05


Tree=238
num_leaves=7
num_cat=0
split_feature=3 47 26 15 26 35
split_gain=15.3168 34.2477 24.1407 21.4927 24.6501 79.3055
threshold=0.01404809206724167 1.2003182768821719 0.24302762746810916 0.22500000149011615 -0.019075903110206124 -0.84505933523178089
decision_type=8 8 10 8 8 8
left_child=3 -2 -3 -1 5 -5
right_child=1 2 -4 4 -6 -7
leaf_value=-6.8843288220900479e-05 0.00079314259842617758 6.2870173849847481e-05 -0.00088865244972049151 0.00078659723746948677 -9.6006416409327208e-06 3.4003533134800615e-05
leaf_weight=3201 168 2277 84 136 11160 3170
leaf_count=3201 168 2277 84 136 11160 3170
internal_value=-0.000256175 0.00379834 0.00220837 -0.000357911 0.000461267 0.00425098
internal_weight=20196 2529 2361 17667 14466 3306
internal_count=20196 2529 2361 17667 14466 3306
is_linear=0
shrinkage=0.05


Tree=239
num_leaves=7
num_cat=0
split_feature=3 49 1 32 19 33
split_gain=13.7082 40.2345 39.9074 25.2642 24.9064 29.8319
threshold=0.01404809206724167 1.449677109718323 0.015901020728051666 -0.86182555556297291 0.17500000447034839 -0.18588271737098691
decision_type=8 10 10 8 8 8
left_child=-1 2 4 -4 -2 -6
right_child=1 -3 3 -5 5 -7
leaf_value=-2.5490985330528082e-06 -0.00032293427112190247 -0.00079438256903807583 0.0011008808301022053 0.00021194285190343526 0.00061746672051314177 3.5657441988171893e-05
leaf_weight=17734 282 74 80 470 181 1458
leaf_count=17734 282 74 80 470 181 1458
internal_value=-0.000284707 0.00377451 0.00489701 0.0167117 0.00146677 0.00384732
internal_weight=20279 2545 2471 550 1921 1639
internal_count=20279 2545 2471 550 1921 1639
is_linear=0
shrinkage=0.05


Tree=240
num_leaves=7
num_cat=0
split_feature=33 19 44 20 49 1
split_gain=18.5961 34.8976 28.0127 26.7939 26.6431 25.5844
threshold=-0.2471925467252731 0.27500000596046453 0.088717956095933928 0.47499999403953558 -1.6746039390563963 -0.040138473734259598
decision_type=10 10 10 10 8 10
left_child=1 2 3 -1 -5 -4
right_child=-2 -3 5 4 -6 -7
leaf_value=4.1452067975845434e-05 -8.117597375385463e-06 0.00028301883084291319 0.0001033235090565786 -0.00049738121082896092 0.0006770096804391214 -0.00019708492524262851
leaf_weight=1684 16606 546 395 64 216 781
leaf_count=1684 16606 546 395 64 216 781
internal_value=-0.000289452 0.00340694 0.0013593 0.00501524 0.0192105 -0.00472058
internal_weight=20292 3686 3140 1964 280 1176
internal_count=20292 3686 3140 1964 280 1176
is_linear=0
shrinkage=0.05


Tree=241
num_leaves=7
num_cat=0
split_feature=47 36 47 35 40 35
split_gain=16.1915 27.6613 23.6167 21.0388 36.7897 27.1487
threshold=0.61903119087219249 0.77296423912048351 0.55092602968215953 0.8052598536014558 0.079896077513694777 0.4802138358354569
decision_type=8 10 10 10 8 10
left_child=1 2 -1 5 -5 -2
right_child=3 -3 -4 4 -6 -7
leaf_value=-2.8822032897412024e-05 -7.9889871470570715e-06 0.00038485314888518857 8.8409709974026631e-05 -1.1534926228782443e-05 -0.00051884612369887146 0.00011241803158189582
leaf_weight=190 17778 131 210 349 131 1533
leaf_count=190 17778 131 210 349 131 1533
internal_value=-0.00034314 0.00862873 0.00191358 -0.000178066 -0.0104639 7.89501e-05
internal_weight=20322 531 400 19791 480 19311
internal_count=20322 531 400 19791 480 19311
is_linear=0
shrinkage=0.05


Tree=242
num_leaves=7
num_cat=0
split_feature=24 36 10 13 45 35
split_gain=17.802 37.5106 60.5337 40.1761 37.2432 36.2518
threshold=-0.040019830688834183 0.10684821754693986 -0.070937596261501298 0.027794498950243 0.13734230399131778 0.13070254027843478
decision_type=10 8 8 8 8 8
left_child=1 3 4 5 -3 -1
right_child=-2 2 -4 -5 -6 -7
leaf_value=5.1977541136613747e-06 -1.4100997105011407e-05 0.00091588335835056313 8.1204023082494334e-05 -0.00068036310090330255 -0.00034555081640494801 -0.00068152717582008757
leaf_weight=2294 14024 190 3608 102 51 124
leaf_count=2294 14024 190 3608 102 51 124
internal_value=-0.000263506 0.00224741 0.00535158 -0.00248515 0.0293699 -0.00114527
internal_weight=20393 6369 3849 2520 241 2418
internal_count=20393 6369 3849 2520 241 2418
is_linear=0
shrinkage=0.05


Tree=243
num_leaves=7
num_cat=0
split_feature=46 16 39 44 23 42
split_gain=17.947 23.7362 38.9005 40.6399 30.993 28.2283
threshold=0.9361979365348817 0.12500000372529033 0.027299152687191967 0.080776870250701918 -0.017397629097104069 0.1022516041994095
decision_type=8 8 10 8 10 8
left_child=-1 2 -2 -4 -3 -6
right_child=1 4 3 -5 5 -7
leaf_value=-2.2205022444821251e-05 -0.00039283975208352797 0.00021540655831858206 0.00068480861045457347 -5.964675841965287e-05 -2.114856062890258e-05 0.00010830621183173656
leaf_weight=7579 805 1563 119 361 5639 4252
leaf_count=7579 805 1563 119 361 5639 4252
internal_value=-0.000338287 0.00136731 -0.00505814 0.00613402 0.00209224 0.00105346
internal_weight=20318 12739 1285 480 11454 9891
internal_count=20318 12739 1285 480 11454 9891
is_linear=0
shrinkage=0.05


Tree=244
num_leaves=7
num_cat=0
split_feature=4 47 48 46 39 25
split_gain=17.3786 34.9511 38.6789 46.6402 36.574 26.4207
threshold=0.63209667801857006 1.2338252663612368 1.2938340306282046 1.0928475856781008 -0.028555613942444321 0.046494197100400932
decision_type=10 8 8 10 10 8
left_child=-1 2 -2 4 -4 -3
right_child=1 5 3 -5 -6 -7
leaf_value=1.0227883436719765e-05 -8.1531106877517811e-05 -0.00012757848951218539 -0.00026438478475354773 -0.00019460103780117189 0.00039424432970486153 -0.0005939936153728793
leaf_weight=16092 1880 811 83 328 839 249
leaf_count=16092 1880 811 83 328 839 249
internal_value=-0.000294524 -0.00294994 -0.000279107 0.00651394 0.0122708 -0.0107746
internal_weight=20282 4190 3130 1250 922 1060
internal_count=20282 4190 3130 1250 922 1060
is_linear=0
shrinkage=0.05


Tree=245
num_leaves=7
num_cat=0
split_feature=27 48 36 29 36 47
split_gain=18.1279 39.7508 40.9468 23.3633 25.0723 28.1
threshold=0.060863642022013671 0.71820116043090831 -0.63747417926788319 0.042990354821085937 0.28642398118972784 1.2682000994682314
decision_type=10 8 8 10 8 10
left_child=-1 -2 -3 -4 5 -5
right_child=1 2 3 4 -6 -7
leaf_value=9.1906741993335803e-06 -0.00031113896512070859 0.0012379776077828903 0.00038655692047902246 -6.7146384587810177e-05 -0.00037651957003564577 0.00065599068703151204
leaf_weight=18656 348 105 107 481 450 74
leaf_count=18656 348 105 107 481 450 74
internal_value=-0.000265747 -0.00498408 -0.000675123 -0.00355864 -0.00596535 0.00111607
internal_weight=20221 1565 1217 1112 1005 555
internal_count=20221 1565 1217 1112 1005 555
is_linear=0
shrinkage=0.05


Tree=246
num_leaves=7
num_cat=0
split_feature=50 44 0 33 38 36
split_gain=16.2717 31.8093 32.7045 37.6851 41.2112 35.8709
threshold=-0.09682824462652205 0.14373445510864261 -0.0214357441291213 0.031374996528029449 -0.012025413103401659 0.4084292352199555
decision_type=10 10 10 10 8 10
left_child=1 2 -1 4 -4 -5
right_child=-2 -3 3 5 -6 -7
leaf_value=0.00015856532766600503 -2.0572563189385206e-05 0.00025196378057997751 0.00015344052727164957 -0.00016433432694980596 -2.8844368924172229e-06 7.4804928474535168e-05
leaf_weight=2408 7978 701 1210 2324 5141 565
leaf_count=2408 7978 701 1210 2324 5141 565
internal_value=-0.00023977 0.00148333 0.000856003 -0.000494862 0.00165592 -0.00522633
internal_weight=20327 12349 11648 9240 6351 2889
internal_count=20327 12349 11648 9240 6351 2889
is_linear=0
shrinkage=0.05


Tree=247
num_leaves=7
num_cat=0
split_feature=50 44 47 22 44 10
split_gain=13.936 41.9477 56.9623 52.2355 46.1132 45.6863
threshold=0.56967896223068248 0.13342826068401339 0.91636726260185253 0.77500000596046459 0.076452322304248824 0.038686655461788184
decision_type=10 8 10 10 8 10
left_child=-1 2 3 4 -2 -4
right_child=1 -3 5 -5 -6 -7
leaf_value=1.2157720984696945e-05 0.00019596934476252714 -0.00041078331025935658 -0.00026232029854045925 0.00084763706922602849 -7.4308321716072938e-05 4.3043424936029805e-05
leaf_weight=15542 545 287 1482 282 985 1192
leaf_count=15542 545 287 1482 282 985 1192
internal_value=-0.000161171 -0.00226559 -0.00106324 0.005765 0.0020684 -0.00570175
internal_weight=20315 4773 4486 1812 1530 2674
internal_count=20315 4773 4486 1812 1530 2674
is_linear=0
shrinkage=0.05


Tree=248
num_leaves=7
num_cat=0
split_feature=27 42 47 46 20 35
split_gain=14.2706 17.781 16.8049 16.6132 27.2799 44.702
threshold=0.10212123021483423 0.10883222892880441 0.71723186969757091 0.9305415451526643 0.22500000149011615 0.43990893661975866
decision_type=10 10 10 8 8 10
left_child=3 -2 -3 -1 5 -5
right_child=1 2 -4 4 -6 -7
leaf_value=-1.8166270706712314e-05 4.1065183179444907e-05 4.3831017823259938e-05 -0.00067040411913522066 -0.00012115214667311183 5.3316119237380388e-05 0.00043362378219931352
leaf_weight=7216 167 55 105 2241 10252 215
leaf_count=7216 167 55 105 2241 10252 215
internal_value=-0.000206112 -0.0100151 -0.0216667 0.000435295 0.00152403 -0.00319992
internal_weight=20251 327 160 19924 12708 2456
internal_count=20251 327 160 19924 12708 2456
is_linear=0
shrinkage=0.05


Tree=249
num_leaves=7
num_cat=0
split_feature=36 10 48 34 10 36
split_gain=16.3347 52.2534 49.1535 50.1931 36.6754 35.0961
threshold=0.47995947301387792 -0.086420770734548555 inf -0.45825046300888056 -0.064961530268192277 0.20932050049304965
decision_type=8 8 8 8 10 10
left_child=2 -2 5 4 -4 -1
right_child=1 -3 3 -5 -6 -7
leaf_value=1.9762489107344332e-05 0.00091947769002454188 2.2220017077646955e-05 -0.0005282130911177643 -0.00042766477513301476 0.00049161155922298214 -8.3479367805754364e-05
leaf_weight=9585 138 7905 69 526 116 1980
leaf_count=9585 138 7905 69 526 116 1980
internal_value=-0.00016606 0.00202845 -0.000869229 -0.0135824 0.00855263 -7.99481e-05
internal_weight=20319 8043 12276 711 185 11565
internal_count=20319 8043 12276 711 185 11565
is_linear=0
shrinkage=0.05


Tree=250
num_leaves=7
num_cat=0
split_feature=3 49 41 39 50 33
split_gain=16.0647 38.7003 28.9283 39.5447 37.4819 28.1866
threshold=0.01404809206724167 1.449677109718323 0.12247327342629434 0.01037283753976226 0.1876369193196297 -0.18588271737098691
decision_type=8 10 10 10 8 10
left_child=2 -2 -1 4 5 -4
right_child=1 -3 3 -5 -6 -7
leaf_value=4.0499193015942474e-06 0.00011487553874549566 -0.00072440516504623461 -0.0010758932852685619 2.5526299813363188e-05 -0.00042582040496530639 0.00027893347446210885
leaf_weight=15777 2459 75 63 1017 651 167
leaf_count=15777 2459 75 63 1017 651 167
internal_value=-0.000260958 0.00388933 -0.000363405 -0.0061876 -0.0139108 0.00329787
internal_weight=20209 2534 17675 1898 881 230
internal_count=20209 2534 17675 1898 881 230
is_linear=0
shrinkage=0.05


Tree=251
num_leaves=7
num_cat=0
split_feature=47 48 47 6 29 50
split_gain=21.3305 41.6879 34.1091 56.5677 64.7378 43.9554
threshold=0.86003702878952037 1.5711774230003359 0.92672953009605419 0.84944471716880809 0.037269324064254768 0.87808635830879223
decision_type=8 10 8 8 10 10
left_child=1 -1 3 4 -2 -4
right_child=2 -3 5 -5 -6 -7
leaf_value=-3.8507047408022253e-05 0.00011464069502664876 0.00019275630565522651 3.3522743003396745e-05 0.00056494173745177945 -0.00050427418331694016 -0.00014526770591809758
leaf_weight=5986 1432 444 9744 515 209 2044
leaf_count=5986 1432 444 9744 515 209 2044
internal_value=-0.000317729 -0.0020474 0.001432 0.00720731 0.00262758 0.000370983
internal_weight=20374 6430 13944 2156 1641 11788
internal_count=20374 6430 13944 2156 1641 11788
is_linear=0
shrinkage=0.05


Tree=252
num_leaves=7
num_cat=0
split_feature=20 12 6 44 44 10
split_gain=13.5845 43.4031 32.4164 31.3644 42.6578 28.7183
threshold=0.22500000149011615 0.046505570411682136 0.38424955308437353 0.12618041038513186 0.11246859282255174 -0.01740499027073383
decision_type=8 10 10 10 10 10
left_child=1 -1 3 4 -2 -6
right_child=2 -3 -4 -5 5 -7
leaf_value=-5.1564187930782518e-05 5.2598432762979979e-05 0.0012385378862813795 -1.1292826024768754e-05 0.0002662112418479686 -0.00052530507396290405 6.1783260360521148e-05
leaf_weight=3798 4947 57 10709 528 201 72
leaf_count=3798 4947 57 10709 528 201 72
internal_value=-0.000244869 -0.00236399 0.000930932 0.0039588 0.00277033 -0.016277
internal_weight=20312 3855 16457 5748 5220 273
internal_count=20312 3855 16457 5748 5220 273
is_linear=0
shrinkage=0.05


Tree=253
num_leaves=7
num_cat=0
split_feature=28 46 36 39 10 1
split_gain=13.7081 12.4517 43.8003 32.9396 74.9462 36.6744
threshold=-0.031160741113126274 1.169795095920563 0.69847875833511364 0.036685531958937652 0.014932644553482534 0.053154110908508308
decision_type=10 10 10 8 8 10
left_child=-1 -2 3 5 -5 -3
right_child=1 2 -4 4 -6 -7
leaf_value=0.00021917914225919188 6.4445805313906379e-06 -0.00027034537660686631 0.00064542592462796494 -0.00019100402363474275 0.00044130759841251322 0.0010785785104504716
leaf_weight=380 17847 1035 114 438 463 57
leaf_count=380 17847 1035 114 438 463 57
internal_value=-0.000234771 1.87885e-05 -0.00361032 -0.00536787 0.00168322 -0.0111896
internal_weight=20334 19954 2107 1993 901 1092
internal_count=20334 19954 2107 1993 901 1092
is_linear=0
shrinkage=0.05


Tree=254
num_leaves=7
num_cat=0
split_feature=3 49 1 19 30 36
split_gain=14.3705 34.9524 42.4053 28.4104 25.139 23.6183
threshold=0.01404809206724167 1.449677109718323 0.015901020728051666 0.22500000149011615 47.238327026367195 -0.096760604530572877
decision_type=8 10 10 8 10 8
left_child=-1 2 3 -2 -5 -6
right_child=1 -3 -4 4 5 -7
leaf_value=-2.198641447154399e-06 -0.00025057191237492946 -0.00067661039492066628 0.00034211096032226649 0.00029575747963091897 0.00083097058570102099 -0.00011585870875034106
leaf_weight=17758 377 82 548 659 118 777
leaf_count=17758 377 82 548 659 118 777
internal_value=-0.000313669 0.00382892 0.0049215 0.00140754 0.00440988 -0.00102778
internal_weight=20319 2561 2479 1931 1554 895
internal_count=20319 2561 2479 1931 1554 895
is_linear=0
shrinkage=0.05


Tree=255
num_leaves=7
num_cat=0
split_feature=50 10 2 42 44 47
split_gain=18.168 41.5203 24.0113 21.6184 26.7103 24.0021
threshold=1.527072608470917 -0.064961530268192277 0.014299396425485613 0.1022516041994095 0.089986588805913939 1.1197054982185366
decision_type=10 10 8 10 8 10
left_child=-1 -2 3 4 5 -3
right_child=1 2 -4 -5 -6 -7
leaf_value=1.1624028092624743e-05 -0.00032036552684168136 0.00016016067245016509 -0.00038122415063034706 0.00043401467341479765 -0.00033164968618525499 -0.00012211909622520753
leaf_weight=18757 322 351 102 275 184 255
leaf_count=18757 322 351 102 275 184 255
internal_value=-0.000230853 -0.00496988 -0.000533276 0.00170561 -0.00248428 0.00257774
internal_weight=20246 1489 1167 1065 790 606
internal_count=20246 1489 1167 1065 790 606
is_linear=0
shrinkage=0.05


Tree=256
num_leaves=7
num_cat=0
split_feature=0 38 46 32 36 22
split_gain=16.1038 19.1641 14.2161 32.7345 41.8383 52.3035
threshold=0.087956402450799956 0.010841015260666611 0.9305415451526643 0.66159439086914074 -0.5644010305404662 0.32500000298023229
decision_type=10 8 8 10 8 10
left_child=2 -2 3 -1 -5 -6
right_child=1 -3 -4 4 5 -7
leaf_value=-1.3139012200769161e-06 -0.0004116026133192565 0.00024807892924635992 2.2562071642723497e-05 0.00026057277151450862 0.00013207293597303538 -0.00045817647985178323
leaf_weight=6259 229 90 12754 160 166 662
leaf_count=6259 229 90 12754 160 166 662
internal_value=-0.000284133 -0.0108796 0.000356143 -0.00140996 -0.00984391 -0.0143758
internal_weight=20320 319 20001 7247 988 828
internal_count=20320 319 20001 7247 988 828
is_linear=0
shrinkage=0.05


Tree=257
num_leaves=7
num_cat=0
split_feature=4 47 42 41 46 25
split_gain=13.7088 23.4712 34.1419 29.2115 24.8828 20.6152
threshold=0.72576186060905468 1.1478515267372134 0.1022516041994095 0.09588948637247087 0.87599658966064464 0.046494197100400932
decision_type=10 8 10 8 10 8
left_child=-1 2 -2 4 -4 -3
right_child=1 5 3 -5 -6 -7
leaf_value=9.0039303094285665e-06 -8.1491654894853566e-05 -8.9924723950844912e-05 -5.604811731568019e-05 2.3289867910656748e-05 0.00074516692784715698 -0.00050002570490184281
leaf_weight=17131 1443 751 54 525 216 224
leaf_count=17131 1443 751 54 525 216 224
internal_value=-0.000308369 -0.00295991 -0.000122604 0.00815625 0.0213636 -0.00941327
internal_weight=20344 3213 2238 795 270 975
internal_count=20344 3213 2238 795 270 975
is_linear=0
shrinkage=0.05


Tree=258
num_leaves=7
num_cat=0
split_feature=18 12 34 27 6 0
split_gain=14.6096 33.9055 36.4377 42.6996 34.4194 31.967
threshold=0.27500000596046453 0.0071379558648914107 0.59219786524772655 -0.0049166970420628777 0.34810918569564825 0.036766784265637405
decision_type=8 8 8 8 8 10
left_child=-1 2 3 4 -2 -3
right_child=1 5 -4 -5 -6 -7
leaf_value=-3.106295942862261e-05 0.00011635652304794473 2.5310414747450861e-06 -0.00036224221167549926 0.00015881227629148279 -0.00016200177698910082 -0.00025239617930816646
leaf_weight=4571 1619 10783 97 1749 808 640
leaf_count=4571 1619 10783 97 1749 808 640
internal_value=-0.000196083 0.000953761 0.00475105 0.00547118 0.0011616 -0.000465961
internal_weight=20267 15696 4273 4176 2427 11423
internal_count=20267 15696 4273 4176 2427 11423
is_linear=0
shrinkage=0.05


Tree=259
num_leaves=7
num_cat=0
split_feature=39 40 41 2 0 46
split_gain=16.5294 28.8338 30.2621 28.6611 28.2609 23.8528
threshold=0.060265092179179199 0.12463442236185075 0.11752462759613992 0.0099993809126317518 0.001145513844676316 0.9361979365348817
decision_type=8 10 10 10 8 8
left_child=-1 3 -3 5 -5 -2
right_child=1 2 -4 4 -6 -7
leaf_value=-2.7260492956701373e-06 -0.0004433690265101478 0.00097850038863931082 0.00011696747733657269 0.00038328799205469572 -0.00039948225802469346 0.00015635776212427708
leaf_weight=18101 153 138 155 104 443 1184
leaf_count=18101 153 138 155 104 443 1184
internal_value=-0.000245279 0.00441109 0.0188758 0.00210429 -0.00747283 0.0060544
internal_weight=20278 2177 293 1884 547 1337
internal_count=20278 2177 293 1884 547 1337
is_linear=0
shrinkage=0.05


Tree=260
num_leaves=7
num_cat=0
split_feature=42 32 47 12 32 19
split_gain=15.7604 32.4778 31.8111 39.1882 29.6119 28.6572
threshold=0.15764832496643069 -0.86182555556297291 1.2338252663612368 0.046505570411682136 0.19676715135574344 0.62500000000000011
decision_type=8 8 10 8 8 8
left_child=-1 -2 3 5 -4 -3
right_child=1 2 4 -5 -6 -7
leaf_value=-9.1801261169501692e-06 0.00094453330897131262 7.1856822291827251e-05 -0.00089763741174929434 4.0366069518530695e-05 0.00017274116187767746 0.00073909034045768318
leaf_weight=17224 50 180 100 2603 70 165
leaf_count=17224 50 180 100 2603 70 165
internal_value=-0.000263519 0.00323826 0.00255363 0.00378429 -0.0181429 0.0195
internal_weight=20392 3168 3118 2948 170 345
internal_count=20392 3168 3118 2948 170 345
is_linear=0
shrinkage=0.05


Tree=261
num_leaves=7
num_cat=0
split_feature=41 36 36 35 35 41
split_gain=13.8066 42.4443 49.6193 44.6747 76.349 34.9556
threshold=0.067122384905815138 -0.46010400354862208 0.10684821754693986 -0.063682399690151201 0.19752407073974612 0.090572051703929915
decision_type=8 10 10 8 8 10
left_child=1 -1 -3 -4 -5 -2
right_child=5 2 3 4 -6 -7
leaf_value=-0.00014722014688248902 6.7809849274440365e-05 0.00014100463416469311 0.00037860646742343061 -0.00032263012497572445 1.990924740498444e-06 -2.1060746244500789e-05
leaf_weight=1125 6326 1071 84 488 1699 9506
leaf_count=1125 6326 1071 84 488 1699 9506
internal_value=-0.000279502 -0.00217464 0.000649836 -0.00352592 -0.00493841 0.000970828
internal_weight=20299 4467 3342 2271 2187 15832
internal_count=20299 4467 3342 2271 2187 15832
is_linear=0
shrinkage=0.05


Tree=262
num_leaves=7
num_cat=0
split_feature=41 43 39 0 35 35
split_gain=14.482 35.5501 55.9889 63.891 70.4758 35.2406
threshold=0.13935418426990512 0.13183744251728061 0.022799528203904632 -0.074075479060411439 -0.12616510689258573 -0.28413563966751093
decision_type=8 10 10 8 10 10
left_child=1 -1 5 -4 -5 -3
right_child=-2 2 3 4 -6 -7
leaf_value=2.9889665698288118e-06 8.2398933141520766e-05 -0.0006679448157993691 0.0010287423953413925 7.3391662310531183e-05 -0.00064144987060360504 0.00022955308569753616
leaf_weight=15946 2892 546 115 563 154 83
leaf_count=15946 2892 546 115 563 154 83
internal_value=-0.000225325 -0.000478119 -0.00792974 0.000567503 -0.00502078 -0.0191246
internal_weight=20299 17407 1461 832 717 629
internal_count=20299 17407 1461 832 717 629
is_linear=0
shrinkage=0.05


Tree=263
num_leaves=7
num_cat=0
split_feature=24 36 36 20 13 41
split_gain=14.9003 33.5604 55.3179 38.52 38.2373 34.413
threshold=-0.043211458250880234 0.23563321679830554 0.50635781884193432 0.52500000596046459 0.027794498950243 0.14508073031902316
decision_type=10 8 8 10 8 8
left_child=1 4 -3 5 -1 -4
right_child=-2 2 3 -5 -6 -7
leaf_value=-1.5668458532715916e-05 -1.137349611983786e-05 0.00058807398316632867 -8.9877705865724873e-05 0.00030393100351699384 -0.00060425248894901962 0.00016418265695037823
leaf_weight=2459 14267 149 1260 772 105 1260
leaf_count=2459 14267 149 1260 772 105 1260
internal_value=-0.000284805 0.00203411 0.00525972 0.00387473 -0.00228688 0.000861386
internal_weight=20272 6005 3441 3292 2564 2520
internal_count=20272 6005 3441 3292 2564 2520
is_linear=0
shrinkage=0.05


Tree=264
num_leaves=7
num_cat=0
split_feature=45 22 21 1 35 41
split_gain=14.9509 58.5213 38.7573 39.2084 39.181 35.0868
threshold=0.081333179026842131 0.87500000000000011 0.47499999403953558 -0.021466596052050587 -0.82606002688407887 0.090572051703929915
decision_type=8 10 8 10 8 10
left_child=1 2 4 -4 -1 -2
right_child=5 -3 3 -5 -6 -7
leaf_value=0.00039162025944471676 0.00011483685020870208 -0.00045062971851625119 -8.5373020825082663e-05 0.00021803871856474367 -4.0475911672208816e-05 -1.7296182324355837e-05
leaf_weight=192 4173 229 434 946 4801 9383
leaf_count=192 4173 229 434 946 4801 9383
internal_value=-0.000251699 -0.0020395 -0.0011328 0.00626354 -0.00318627 0.000860925
internal_weight=20158 6602 6373 1380 4993 13556
internal_count=20158 6602 6373 1380 4993 13556
is_linear=0
shrinkage=0.05


Tree=265
num_leaves=7
num_cat=0
split_feature=23 36 36 21 12 5
split_gain=13.567 22.2079 28.1573 74.9047 38.3279 36.4626
threshold=-0.0063449230510741464 -0.81640949845314015 -0.5644010305404662 0.62500000000000011 0.039806550368666656 0.43508431315422064
decision_type=10 8 8 8 10 8
left_child=-1 -2 3 5 -5 -3
right_child=1 2 -4 4 -6 -7
leaf_value=3.2681368217282478e-05 -0.00013417034522351831 1.22054786203124e-05 -1.8957507938232644e-05 0.00021538357488423544 0.0013232167564912111 -0.00034351812034717267
leaf_weight=6912 714 738 10888 572 183 199
leaf_count=6912 714 738 10888 572 183 199
internal_value=-0.000315422 -0.00101323 -0.000522447 0.00546553 0.0171382 -0.00395435
internal_weight=20206 13294 12580 1692 755 937
internal_count=20206 13294 12580 1692 755 937
is_linear=0
shrinkage=0.05


Tree=266
num_leaves=7
num_cat=0
split_feature=47 49 47 48 39 21
split_gain=14.643 27.4181 18.711 37.7244 35.2624 47.1176
threshold=0.64568516612052929 1.0000000180025095e-35 0.86003702878952037 1.1952328085899355 -0.0016496193711645899 0.27500000596046453
decision_type=8 8 8 10 10 8
left_child=1 -1 3 4 5 -2
right_child=2 -3 -4 -5 -6 -7
leaf_value=0.0001127218485790329 -0.00010683487300142282 -1.2533195952860676e-05 1.3932235128950215e-05 0.00015594703831709066 -0.00017506622682633547 5.1066806667540127e-05
leaf_weight=396 671 424 13946 619 2221 2085
leaf_count=396 671 424 13946 619 2221 2085
internal_value=-0.000347376 0.00651515 -0.00028521 -0.00272719 -0.00418005 -0.000389352
internal_weight=20362 820 19542 5596 4977 2756
internal_count=20362 820 19542 5596 4977 2756
is_linear=0
shrinkage=0.05


Tree=267
num_leaves=7
num_cat=0
split_feature=44 24 35 0 47 10
split_gain=15.4072 29.208 36.5567 31.6652 30.7722 27.6195
threshold=0.14373445510864261 -0.015421736519783734 -0.53966474533081044 0.013381637167185547 0.97169107198715221 -0.094435859471559511
decision_type=10 10 10 8 10 10
left_child=-1 4 3 -3 -2 -5
right_child=1 2 -4 5 -6 -7
leaf_value=-6.4731476435853176e-06 0.00053784913959858255 -0.00035996238616914155 0.00028218468306252055 -0.00039093928245816822 -2.2059301285779108e-05 0.00043657605755753468
leaf_weight=19305 222 274 291 53 150 100
leaf_count=19305 222 274 291 53 150 100
internal_value=-0.000292892 0.00563927 -0.000242047 -0.00954861 0.0169098 0.00838608
internal_weight=20395 1090 718 427 372 153
internal_count=20395 1090 718 427 372 153
is_linear=0
shrinkage=0.05


Tree=268
num_leaves=7
num_cat=0
split_feature=47 26 35 18 35 47
split_gain=16.024 38.9944 54.1764 49.9008 35.8809 34.8793
threshold=0.86003702878952037 -0.011889792513102291 -0.81147280335426319 0.27500000596046453 0.089227315038442626 0.64568516612052929
decision_type=8 8 10 8 8 10
left_child=1 3 -3 4 -1 -4
right_child=-2 2 5 -5 -6 -7
leaf_value=-0.00021523420001860546 2.1717922733249163e-05 -0.00034689914315088444 8.52617131013979e-05 0.00011338462986081439 3.7717361073128202e-05 -6.7370286922986672e-05
leaf_weight=454 13879 324 549 1305 391 3383
leaf_count=454 13879 324 549 1305 391 3383
internal_value=-0.00029448 -0.00196147 -0.0047348 0.00351508 -0.00591176 -0.00309246
internal_weight=20285 6406 4256 2150 845 3932
internal_count=20285 6406 4256 2150 845 3932
is_linear=0
shrinkage=0.05


Tree=269
num_leaves=7
num_cat=0
split_feature=3 1 27 50 38 19
split_gain=13.2844 36.2491 39.9282 37.8484 34.8896 21.3124
threshold=0.014554852154105903 -0.054333776235580437 0.047047549858689315 -1.7264145016670225 -0.01624422054737806 0.17500000447034839
decision_type=8 8 8 10 8 8
left_child=-1 3 4 -2 -3 -6
right_child=1 2 -4 -5 5 -7
leaf_value=-7.2817961384365003e-06 -0.0010496980863201394 -0.00035247850443739451 -2.1139599563195866e-05 3.2428268556937161e-05 1.2086448764906137e-05 0.00049500066280308845
leaf_weight=18048 147 112 846 231 157 746
leaf_count=18048 147 112 846 231 157 746
internal_value=-0.000304307 0.00362077 0.00649786 -0.0103786 0.0131618 0.0164372
internal_weight=20287 2239 1861 378 1015 903
internal_count=20287 2239 1861 378 1015 903
is_linear=0
shrinkage=0.05


Tree=270
num_leaves=7
num_cat=0
split_feature=16 44 44 38 44 39
split_gain=14.7623 19.4475 21.3492 17.4203 18.1303 17.0604
threshold=0.075000001117587103 0.085979741066694274 0.13927501440048221 0.0093047861009836214 0.098995089530944838 -0.006004171445965766
decision_type=8 8 10 8 10 10
left_child=1 -1 3 4 -3 -6
right_child=-2 2 -4 -5 5 -7
leaf_value=0.00011723732338031094 8.9080928071168704e-06 0.00012424836050776408 0.00024867497784483624 -0.00061873620954417741 2.4486043142413598e-05 -0.00096692273993720693
leaf_weight=250 19275 211 78 236 81 137
leaf_count=250 19275 211 78 236 81 137
internal_value=-0.000274996 -0.00573647 -0.00979278 -0.0127239 -0.00650922 -0.0164798
internal_weight=20268 993 743 665 429 218
internal_count=20268 993 743 665 429 218
is_linear=0
shrinkage=0.05


Tree=271
num_leaves=7
num_cat=0
split_feature=47 39 6 42 36 26
split_gain=12.7668 35.3526 54.8314 41.7341 44.2306 38.2994
threshold=0.86003702878952037 0.014254579320549967 0.17407684028148654 0.084342740476131453 -0.81640949845314015 0.16912440210580829
decision_type=8 10 8 10 10 8
left_child=1 3 -3 4 -1 -4
right_child=-2 2 5 -5 -6 -7
leaf_value=-0.00037819927213745007 1.999033135761533e-05 3.8321558613806268e-05 -0.00016113517177372718 8.5403321443096162e-05 -1.4912409828129607e-05 -0.00071436305468293492
leaf_weight=157 13954 509 1257 2203 2191 109
leaf_count=157 13954 509 1257 2203 2191 109
internal_value=-0.000288202 -0.00169103 -0.00746011 0.000685909 -0.00394178 -0.0126732
internal_weight=20380 6426 1875 4551 2348 1366
internal_count=20380 6426 1875 4551 2348 1366
is_linear=0
shrinkage=0.05


Tree=272
num_leaves=7
num_cat=0
split_feature=35 45 29 9 39 12
split_gain=12.5422 27.0104 29.0743 19.6623 13.2352 60.6384
threshold=0.83573606610298168 0.059830516576766975 0.010919193737208845 -0.05003815330564975 -0.021720011718571183 0.018162951804697517
decision_type=10 8 10 10 8 10
left_child=4 2 -2 -3 5 -1
right_child=1 3 -4 -5 -6 -7
leaf_value=1.3129526667971307e-05 0.00052400836430370891 1.3107208753060861e-05 -9.8925647199496529e-05 -0.00061780610037455777 1.2617265459909837e-05 -0.00023647939778188525
leaf_weight=2596 62 54 50 96 16696 743
leaf_count=2596 62 54 50 96 16696 743
internal_value=-0.00032386 -0.0107678 0.00747863 -0.0243548 0.000140968 -0.00272877
internal_weight=20297 262 112 150 20035 3339
internal_count=20297 262 112 150 20035 3339
is_linear=0
shrinkage=0.05


Tree=273
num_leaves=7
num_cat=0
split_feature=33 38 38 41 0 46
split_gain=18.1955 31.3252 23.1058 20.9378 26.3021 23.2947
threshold=-0.2471925467252731 0.044523391872644431 -0.027014616876840588 0.075591858476400389 -0.02565508987754583 1.3748710751533511
decision_type=8 8 8 10 8 10
left_child=1 2 -1 4 -4 -5
right_child=-2 -3 3 5 -6 -7
leaf_value=0.00035644550057874701 -1.0128552244498681e-05 0.00056423244125394041 0.00060014409634867117 -7.888276825774172e-05 7.101636138160014e-05 0.0011270325609787041
leaf_weight=186 16895 149 92 1826 1006 86
leaf_count=186 16895 149 92 1826 1006 86
internal_value=-0.000250679 0.0034403 0.00236645 0.00128524 0.00677697 -0.00186489
internal_weight=20240 3345 3196 3010 1098 1912
internal_count=20240 3345 3196 3010 1098 1912
is_linear=0
shrinkage=0.05


Tree=274
num_leaves=7
num_cat=0
split_feature=46 18 24 41 27 25
split_gain=13.6419 23.5717 45.2417 27.6475 36.305 26.1968
threshold=0.9361979365348817 0.22500000149011615 -0.05059345252811908 0.16877767443656924 -0.055701630190014832 -0.019289696589112278
decision_type=8 8 10 8 8 8
left_child=-1 2 3 4 -2 -6
right_child=1 -3 -4 -5 5 -7
leaf_value=-1.9179404395414142e-05 -0.00032957497326145142 4.3506846444715907e-05 -0.00027395548930156215 0.0014042923190884186 0.00028944893600237699 -1.9253376411459968e-05
leaf_weight=7605 377 10363 705 93 380 734
leaf_count=7605 377 10363 705 93 380 734
internal_value=-0.000285016 0.000954018 -0.00362903 0.00105412 -0.000618316 0.00390974
internal_weight=20257 12652 2289 1584 1491 1114
internal_count=20257 12652 2289 1584 1491 1114
is_linear=0
shrinkage=0.05


Tree=275
num_leaves=7
num_cat=0
split_feature=12 26 1 10 46 10
split_gain=13.5478 25.6626 21.1865 30.3525 22.2714 38.6282
threshold=0.15747090429067614 0.18496914207935336 -0.10601330921053885 -0.051809713244438164 0.88946077227592479 0.18798822164535525
decision_type=10 8 8 10 10 10
left_child=2 -2 3 -1 -5 -6
right_child=1 -3 -4 4 5 -7
leaf_value=-0.00031035346667223517 0.0005613982401683487 -0.00043033390498791477 -1.1426076516448297e-06 7.9824888109175434e-06 0.00091289714909431998 -0.00018874098537570601
leaf_weight=51 67 186 19557 141 168 87
leaf_count=51 67 186 19557 141 168 87
internal_value=-0.00026034 -0.0113372 0.000193663 0.010896 0.0156484 0.0243269
internal_weight=20257 253 20004 447 396 255
internal_count=20257 253 20004 447 396 255
is_linear=0
shrinkage=0.05


Tree=276
num_leaves=7
num_cat=0
split_feature=47 41 42 44 42 44
split_gain=13.5493 30.9252 38.4742 44.1419 36.7802 37.4864
threshold=0.86003702878952037 0.09456112235784532 0.11993619799613954 0.066833067685365691 0.062170177698135383 0.059932647272944457
decision_type=8 10 10 8 10 8
left_child=-1 2 3 4 -2 -6
right_child=1 -3 -4 -5 5 -7
leaf_value=-1.8309976250731243e-05 2.9038018191719011e-05 -2.7211419459758629e-05 -0.00039419475351982932 0.00014086374081926061 0.00017969675785750258 -0.00047215050539689833
leaf_weight=6414 752 7461 123 5128 96 404
leaf_count=6414 752 7461 123 5128 96 404
internal_value=-0.000298042 0.000971795 0.00349186 0.00403681 -0.00435561 -0.014802
internal_weight=20378 13964 6503 6380 1252 500
internal_count=20378 13964 6503 6380 1252 500
is_linear=0
shrinkage=0.05


Tree=277
num_leaves=7
num_cat=0
split_feature=44 12 44 36 18 44
split_gain=19.4499 37.2294 28.9616 57.5097 28.0347 18.7426
threshold=0.063427325338125243 -0.0055020905565470448 0.057620964944362647 0.4084292352199555 0.92499998211860668 0.080776870250701918
decision_type=8 10 8 10 8 8
left_child=1 2 -1 -4 -3 -2
right_child=5 4 3 -5 -6 -7
leaf_value=-1.4095619102466953e-05 7.0077334163624424e-05 6.8061420726784301e-05 -0.00046348271797357803 0.00037762418945312052 -0.0002940832352247842 -5.4104238007148846e-06
leaf_weight=465 3518 736 278 63 55 15273
leaf_count=465 3518 736 278 63 55 15273
internal_value=-0.000342029 -0.00525905 -0.0127928 -0.0237717 0.00241834 0.000480155
internal_weight=20388 1597 806 341 791 18791
internal_count=20388 1597 806 341 791 18791
is_linear=0
shrinkage=0.05


Tree=278
num_leaves=7
num_cat=0
split_feature=3 49 1 47 1 36
split_gain=18.3605 30.1605 27.4116 22.8256 29.6439 43.8423
threshold=0.01404809206724167 1.449677109718323 0.015901020728051666 1.2003182768821719 -0.054333776235580437 -0.096760604530572877
decision_type=8 10 10 8 8 8
left_child=-1 2 3 -2 5 -5
right_child=1 -3 -4 4 -6 -7
leaf_value=-4.2982617050856599e-06 0.00085844573204167109 -0.00066539975134807458 0.00030135679492522609 0.00088926281718278003 0.00012280762593112912 -0.00061014155787685823
leaf_weight=17768 85 66 539 71 1394 346
leaf_count=17768 85 66 539 71 1394 346
internal_value=-0.000210861 0.00427973 0.00521516 0.00235402 0.00111509 -0.0104858
internal_weight=20269 2501 2435 1896 1811 417
internal_count=20269 2501 2435 1896 1811 417
is_linear=0
shrinkage=0.05


Tree=279
num_leaves=7
num_cat=0
split_feature=21 42 42 45 45 36
split_gain=14.5512 30.9249 43.7595 74.7135 43.7177 52.8484
threshold=0.47499999403953558 0.06778531521558763 0.1022516041994095 0.10616617649793626 0.10464640706777574 0.15909313410520556
decision_type=8 8 8 8 8 10
left_child=-1 -2 4 -4 5 -3
right_child=1 2 3 -5 -6 -7
leaf_value=-2.1231464469596167e-05 0.00029847797260492835 6.8805041595379284e-05 0.00040271810587272746 9.7253306448449785e-06 -0.0007322306848132964 -0.00019388530685321656
leaf_weight=8902 483 1582 1063 6509 413 1225
leaf_count=8902 483 1582 1063 6509 413 1225
internal_value=-0.000291101 0.00085328 0.000294063 0.00237231 -0.0045814 -0.00232041
internal_weight=20177 11275 10792 7572 3220 2807
internal_count=20177 11275 10792 7572 3220 2807
is_linear=0
shrinkage=0.05


Tree=280
num_leaves=7
num_cat=0
split_feature=39 27 10 21 46 1
split_gain=17.4275 28.4425 38.8113 28.1335 31.0116 24.8514
threshold=0.060265092179179199 0.047047549858689315 -0.023928976617753502 0.82500001788139354 1.1539548039436343 0.011750356759876015
decision_type=8 8 8 10 8 10
left_child=-1 2 5 4 -3 -2
right_child=1 3 -4 -5 -6 -7
leaf_value=-6.2835401641795147e-06 -0.00066061491622646017 -0.00057924686174581127 0.00024328794076617215 -0.00081851469844774084 7.5787342631035954e-05 4.5832921788881266e-05
leaf_weight=18116 101 85 1052 99 660 184
leaf_count=18116 101 85 1052 99 660 184
internal_value=-0.000328785 0.00435727 0.00888599 -0.00279741 0.000566667 -0.00732759
internal_weight=20297 2181 1337 844 745 285
internal_count=20297 2181 1337 844 745 285
is_linear=0
shrinkage=0.05


Tree=281
num_leaves=7
num_cat=0
split_feature=33 35 39 48 6 16
split_gain=16.0892 34.4266 47.8298 22.3002 38.2956 21.5584
threshold=-0.2471925467252731 0.035512069240212447 0.014254579320549967 -0.89716768264770497 0.26202458143234258 0.37500000000000006
decision_type=8 8 10 10 8 8
left_child=1 2 -1 4 -4 -3
right_child=-2 5 3 -5 -6 -7
leaf_value=-0.00040639144970293573 -6.0783397204852796e-06 0.00011158673754549982 6.6375833677577331e-05 0.000245883477038087 -0.00042356486830935955 0.00037686875544201795
leaf_weight=466 16995 1646 607 390 135 163
leaf_count=466 16995 1646 607 390 135 163
internal_value=-0.000302592 0.00328986 -0.00204304 0.00349604 -0.00157296 0.00800717
internal_weight=20402 3407 1598 1132 742 1809
internal_count=20402 3407 1598 1132 742 1809
is_linear=0
shrinkage=0.05


Tree=282
num_leaves=7
num_cat=0
split_feature=46 10 39 21 24 22
split_gain=12.7933 36.5611 33.797 27.6993 27.6867 29.0181
threshold=1.1394408345222475 -0.023928976617753502 0.036685531958937652 0.67499998211860668 -0.079583387821912752 0.27500000596046453
decision_type=10 8 8 8 8 10
left_child=-1 3 4 -2 -3 -6
right_child=1 2 -4 -5 5 -7
leaf_value=4.8662380298450821e-06 -0.00056932522777522856 0.0011683828363194754 0.00013131207551912149 -2.7050830432912967e-05 3.7079812140532568e-05 -0.00030084455137625692
leaf_weight=17532 296 87 918 232 339 950
leaf_count=17532 296 87 918 232 339 950
internal_value=-0.000239452 -0.00335161 -0.000598086 -0.0151501 -0.00555757 -0.00743818
internal_weight=20354 2822 2294 528 1376 1289
internal_count=20354 2822 2294 528 1376 1289
is_linear=0
shrinkage=0.05


Tree=283
num_leaves=7
num_cat=0
split_feature=27 36 26 49 42 36
split_gain=13.4998 20.5079 27.5956 20.5911 23.8352 26.3812
threshold=0.067453484982252135 -0.63747417926788319 0.050298761576414115 1.2415016889572146 0.096056789159774794 -0.0264925193041563
decision_type=8 8 8 8 10 10
left_child=-1 2 -2 4 -3 -6
right_child=1 3 -4 -5 5 -7
leaf_value=7.5968064828077411e-06 -5.9392595735862594e-05 -0.00071143571302429321 0.001207201457078327 -2.6958504979217857e-05 -0.0003277376236406331 0.00011572567912261419
leaf_weight=18545 54 162 63 1209 252 149
leaf_count=18545 54 162 63 1209 252 149
internal_value=-0.000311904 -0.00402587 0.0157787 -0.00538829 -0.0132482 -0.00646552
internal_weight=20434 1889 117 1772 563 401
internal_count=20434 1889 117 1772 563 401
is_linear=0
shrinkage=0.05


Tree=284
num_leaves=7
num_cat=0
split_feature=41 43 39 35 0 36
split_gain=14.0765 37.8379 54.8675 48.4427 38.8378 38.0264
threshold=0.13935418426990512 0.13183744251728061 0.029270879924297336 -0.048782136291265481 -0.04636245779693126 -0.20406042784452436
decision_type=8 10 10 10 8 10
left_child=1 -1 5 4 -4 -3
right_child=-2 2 3 -5 -6 -7
leaf_value=6.0608696120578042e-06 7.5679028001533592e-05 -0.00060597554327710291 0.0011554731509557507 -0.00043704820706984423 2.3735270661733727e-05 0.00029737871848370254
leaf_weight=15911 2882 619 100 138 530 98
leaf_count=15911 2882 619 100 138 530 98
internal_value=-0.000294582 -0.000383599 -0.00800336 0.00126132 0.00720472 -0.0179017
internal_weight=20278 17396 1485 768 630 717
internal_count=20278 17396 1485 768 630 717
is_linear=0
shrinkage=0.05


Tree=285
num_leaves=7
num_cat=0
split_feature=36 7 36 22 45 48
split_gain=12.0464 18.5193 17.3092 33.8384 44.4406 31.0551
threshold=-0.933234542608261 0.7786269783973695 -0.84395733475685109 0.92499998211860668 0.078248728066682829 -1.1935564279556272
decision_type=8 8 8 10 8 10
left_child=1 -1 3 4 -2 -6
right_child=2 -3 -4 -5 5 -7
leaf_value=0.00034025747466010306 0.00032060197122256131 -0.00010557099617193905 2.6805221462532096e-06 -0.00086683410519662737 -0.00062076727027062482 1.8426872740564898e-05
leaf_weight=197 131 57 19316 148 170 291
leaf_count=197 131 57 19316 148 170 291
internal_value=-0.00029904 0.0107143 -0.000138328 -0.00761745 -0.00213568 -0.00949571
internal_weight=20310 254 20056 740 592 461
internal_count=20310 254 20056 740 592 461
is_linear=0
shrinkage=0.05


Tree=286
num_leaves=7
num_cat=0
split_feature=4 47 42 3 25 2
split_gain=15.1352 29.5362 43.1425 26.6472 26.2656 24.7536
threshold=0.63209667801857006 1.2338252663612368 0.1022516041994095 0.0097507508471608179 0.046494197100400932 0.012420950457453729
decision_type=10 8 10 8 8 8
left_child=-1 2 3 -2 -3 -4
right_child=1 4 5 -5 -6 -7
leaf_value=1.1300875957228382e-05 -5.6910398319715179e-05 -8.5332366746573081e-05 0.0002733778291254733 -0.00068981327826858813 -0.00050147022894360762 -0.00021214861825793205
leaf_weight=16219 1929 804 943 72 253 172
leaf_count=16219 1929 804 943 72 253 172
internal_value=-0.000297838 -0.00261489 -0.000152195 -0.00454885 -0.00981638 0.00770089
internal_weight=20392 4173 3116 2001 1057 1115
internal_count=20392 4173 3116 2001 1057 1115
is_linear=0
shrinkage=0.05


Tree=287
num_leaves=7
num_cat=0
split_feature=16 25 42 38 9 29
split_gain=11.5292 21.0104 30.3509 20.4841 18.8787 24.281
threshold=0.075000001117587103 -0.051341755315661423 0.11461798101663591 -0.0097874118946492655 -0.086041707545518861 -0.079382188618183122
decision_type=8 8 10 8 8 8
left_child=3 2 -2 -1 -3 -6
right_child=1 4 -4 -5 5 -7
leaf_value=0.00019094246216046817 -0.00011128592669099841 -0.00022069337709129875 0.00056148186102069069 -0.0002174101558965966 0.00063550436038767853 3.6564883558801467e-06
leaf_weight=235 153 614 279 774 110 18209
leaf_count=235 153 614 279 774 110 18209
internal_value=-0.00028338 0.000316211 0.0111556 -0.00515286 6.46848e-05 0.00035609
internal_weight=20374 19365 432 1009 18933 18319
internal_count=20374 19365 432 1009 18933 18319
is_linear=0
shrinkage=0.05


Tree=288
num_leaves=7
num_cat=0
split_feature=3 1 48 39 11 39
split_gain=15.6079 28.6378 30.098 23.617 25.8119 22.6175
threshold=0.01404809206724167 0.017892293632030491 -1.117392838001251 0.021378634497523311 0.018592766486108307 0.021378634497523311
decision_type=10 8 10 10 8 10
left_child=-1 5 3 -3 -5 -2
right_child=1 2 -4 4 -6 -7
leaf_value=-5.8310281966353052e-06 -0.0003694557108150355 0.00071069490416156029 -0.00043202277868246031 0.00024189726233648045 -0.00021161254487281697 8.9345241303539358e-05
leaf_weight=18722 263 272 60 249 69 619
leaf_count=18722 263 272 60 249 69 619
internal_value=-0.000240634 0.00486337 0.0127863 0.0162605 0.00673375 -0.000986471
internal_weight=20254 1532 650 590 318 882
internal_count=20254 1532 650 590 318 882
is_linear=0
shrinkage=0.05


Tree=289
num_leaves=7
num_cat=0
split_feature=22 45 41 18 36 24
split_gain=12.6816 31.953 50.7536 64.024 39.7357 33.006
threshold=0.62500000000000011 0.069334965199232115 0.093323342502117171 0.82500001788139354 -0.79789415001869191 -1.0000000180025095e-35
decision_type=8 8 8 8 10 10
left_child=-1 4 3 -3 -2 -4
right_child=1 2 5 -5 -6 -7
leaf_value=-1.0822707588878118e-05 -0.00068711959211591493 9.4237290094418647e-05 8.1442259708435296e-05 0.00078708121677224709 -7.5774557198324721e-05 -7.6637652785511388e-05
leaf_weight=11578 98 1015 3974 319 353 2874
leaf_count=11578 98 1015 3974 319 353 2874
internal_value=-0.000295558 0.00163522 0.00235434 0.0112584 -0.011239 0.000609222
internal_weight=20211 8633 8182 1334 451 6848
internal_count=20211 8633 8182 1334 451 6848
is_linear=0
shrinkage=0.05


Tree=290
num_leaves=7
num_cat=0
split_feature=35 45 27 0 43 35
split_gain=14.6362 22.1043 46.9613 13.1349 24.4306 15.9469
threshold=0.83573606610298168 0.061445008963346488 -0.0024747357238084073 0.087956402450799956 0.15021334588527682 -0.017665835097432133
decision_type=10 8 8 10 10 8
left_child=3 2 -2 -1 5 -5
right_child=1 -3 -4 4 -6 -7
leaf_value=7.3815595050567492e-06 0.00057004257606351469 -0.00036384919243199294 -0.00016074993314976529 -0.00054750185678653109 0.00013861325134070869 7.7882848650618553e-05
leaf_weight=19656 56 122 77 120 133 53
leaf_count=19656 56 122 77 120 133 53
internal_value=-0.00029547 -0.0116346 0.00235507 0.000304252 -0.00988746 -0.0220506
internal_weight=20217 255 133 19962 306 173
internal_count=20217 255 133 19962 306 173
is_linear=0
shrinkage=0.05


Tree=291
num_leaves=7
num_cat=0
split_feature=20 15 42 50 22 47
split_gain=13.7197 53.9998 25.8552 37.9976 35.0441 32.9607
threshold=0.22500000149011615 0.87500000000000011 0.066386934369802489 -1.3280743956565855 0.12500000372529033 1.1197054982185366
decision_type=8 10 10 8 10 10
left_child=1 2 3 5 -5 -1
right_child=-2 -3 -4 4 -6 -7
leaf_value=-7.3867976883294813e-05 1.2959300885763957e-05 0.00051693774063076567 -2.1370390113378244e-05 1.7792095012327248e-05 -0.00043084925741119687 0.00059911518084767613
leaf_weight=251 16354 138 2779 142 453 71
leaf_count=251 16354 138 2779 142 453 71
internal_value=-0.000310751 -0.00233785 -0.00350581 -0.0107646 -0.0182083 0.00298165
internal_weight=20188 3834 3696 917 595 322
internal_count=20188 3834 3696 917 595 322
is_linear=0
shrinkage=0.05


Tree=292
num_leaves=7
num_cat=0
split_feature=4 2 44 11 44 44
split_gain=12.4063 28.7034 31.2507 19.9509 36.2179 19.9398
threshold=0.63209667801857006 0.012420950457453729 0.15486721694469455 0.017119060270488266 0.13702910393476489 0.080776870250701918
decision_type=10 8 10 10 8 10
left_child=3 2 -2 5 -5 -1
right_child=1 -3 -4 4 -6 -7
leaf_value=3.2603789980884283e-05 -3.1438727627629589e-05 -0.00024799383666801548 0.0011311452618354182 0.00054756623972334435 -0.00015574222587270449 -2.0515016665141227e-05
leaf_weight=7161 3580 550 51 260 205 8541
leaf_count=7161 3580 550 51 260 205 8541
internal_value=-0.000283742 -0.00251433 -0.000886964 0.000539513 0.0106915 0.000233972
internal_weight=20348 4181 3631 16167 465 15702
internal_count=20348 4181 3631 16167 465 15702
is_linear=0
shrinkage=0.05


Tree=293
num_leaves=7
num_cat=0
split_feature=22 43 4 45 45 36
split_gain=12.6498 29.5159 29.4106 26.5304 26.311 76.3799
threshold=0.62500000000000011 0.14478331059217456 -0.34551946818828577 0.069334965199232115 0.10616617649793626 0.32973018288612371
decision_type=8 10 8 8 8 8
left_child=1 -1 -3 -2 5 -5
right_child=3 2 -4 4 -6 -7
leaf_value=-6.0380956536523459e-06 -0.00019874951233221595 0.0002154351611051553 -0.00065934923304095724 0.00030346109772717985 1.3169367764026293e-05 -0.00020094110233913906
leaf_weight=11354 459 81 182 1624 6294 397
leaf_count=11354 459 81 182 1624 6294 397
internal_value=-0.000302755 -0.000853984 -0.0172575 0.00166021 0.0023107 0.00726802
internal_weight=20391 11617 263 8774 8315 2021
internal_count=20391 11617 263 8774 8315 2021
is_linear=0
shrinkage=0.05


Tree=294
num_leaves=7
num_cat=0
split_feature=28 47 20 36 45 3
split_gain=14.6788 17.2551 19.5646 22.828 22.1084 18.0442
threshold=-0.0083904592320322973 1.2951652407646181 0.32500000298023229 0.32973018288612371 0.12103962898254396 0.010479867458343508
decision_type=10 8 10 10 8 8
left_child=1 -1 4 5 -3 -4
right_child=-2 2 3 -5 -6 -7
leaf_value=3.6043953124297825e-06 -1.0601113788802071e-05 -0.00021967851262543145 0.00064370821482998919 -0.00012613381811113098 0.00013559025478179014 0.00028959646393077014
leaf_weight=3057 15477 281 199 122 590 511
leaf_count=3057 15477 281 199 122 590 511
internal_value=-0.000384102 0.00242917 0.00645492 0.0119176 0.00117009 0.0153497
internal_weight=20237 4760 1703 832 871 710
internal_count=20237 4760 1703 832 871 710
is_linear=0
shrinkage=0.05


Tree=295
num_leaves=7
num_cat=0
split_feature=4 2 21 47 46 48
split_gain=12.3404 25.5868 23.8222 28.2209 23.2477 30.4408
threshold=0.63209667801857006 0.013825932983309032 0.47499999403953558 1.2003182768821719 0.88946077227592479 0.44026398658752447
decision_type=10 8 8 10 10 8
left_child=-1 2 -2 4 5 -4
right_child=1 -3 3 -5 -6 -7
leaf_value=9.1045424223787463e-06 -7.8683181820354405e-05 -0.00029848827296089935 -0.00020430234475394559 -0.00038398447221310811 0.00021412591797458194 0.0001983413239277686
leaf_weight=16171 1848 315 199 196 1359 260
leaf_count=16171 1848 315 199 196 1359 260
internal_value=-0.000298482 -0.00242109 -0.00128653 0.00246409 0.00442951 -0.00522629
internal_weight=20348 4177 3862 2014 1818 459
internal_count=20348 4177 3862 2014 1818 459
is_linear=0
shrinkage=0.05


Tree=296
num_leaves=7
num_cat=0
split_feature=50 44 47 10 36 26
split_gain=12.2578 36.4351 43.1599 31.7945 53.2269 34.4159
threshold=0.56967896223068248 0.13072439283132556 0.92672953009605419 0.038686655461788184 0.36420013010501867 0.2028334438800812
decision_type=10 8 10 10 10 8
left_child=-1 2 -2 4 -4 -5
right_child=1 -3 3 5 -6 -7
leaf_value=9.8628735869335876e-06 8.2475403672719816e-05 -0.00034495424924190258 -0.00010423806209274147 8.8293128311984007e-05 -0.0008449907004580428 -0.00057165187637010686
leaf_weight=15504 1832 362 1209 1034 175 145
leaf_count=15504 1832 362 1209 1034 175 145
internal_value=-0.000324435 -0.00223121 -0.000960227 -0.00514992 -0.0102772 0.000865709
internal_weight=20261 4757 4395 2563 1384 1179
internal_count=20261 4757 4395 2563 1384 1179
is_linear=0
shrinkage=0.05


Tree=297
num_leaves=7
num_cat=0
split_feature=50 48 35 50 44 35
split_gain=12.3255 34.4904 55.7387 66.5002 55.9885 43.4832
threshold=0.56967896223068248 0.58311569690704357 -0.28413563966751093 1.527072608470917 0.11565121263265611 -0.64497238397598255
decision_type=10 10 8 8 8 8
left_child=-1 -2 3 5 -4 -3
right_child=1 2 4 -5 -6 -7
leaf_value=9.433485974712567e-06 -0.00013117161294044804 7.5804817077546892e-05 -2.463859971906146e-05 -9.1219962949651084e-05 -0.00054945643114469246 0.0009057541884610953
leaf_weight=15612 1821 333 1604 365 184 372
leaf_count=15612 1821 333 1604 365 184 372
internal_value=-0.000304247 -0.00231106 0.00110898 0.0101163 -0.00428054 0.0190493
internal_weight=20291 4679 2858 1070 1788 705
internal_count=20291 4679 2858 1070 1788 705
is_linear=0
shrinkage=0.05


Tree=298
num_leaves=7
num_cat=0
split_feature=23 2 48 39 44 13
split_gain=15.369 19.2351 21.2803 20.8512 19.1994 23.1636
threshold=-0.0055622465442866078 0.014299396425485613 1.4752272963523867 0.025389277376234535 0.14373445510864261 0.030183254741132263
decision_type=10 8 10 8 10 8
left_child=1 -1 3 -3 -2 -6
right_child=4 2 -4 -5 5 -7
leaf_value=1.4983898502215957e-05 -1.9304138503354941e-05 2.2913873120934336e-06 -0.00038323490546814408 0.00040830661195304037 0.000250911480134008 -0.00013861121350151613
leaf_weight=6429 12242 278 63 526 481 242
leaf_count=6429 12242 278 63 526 481 242
internal_value=-0.000255354 0.00188673 0.00885894 0.0110939 -0.00098111 0.00690247
internal_weight=20261 7296 867 804 12965 723
internal_count=20261 7296 867 804 12965 723
is_linear=0
shrinkage=0.05


Tree=299
num_leaves=7
num_cat=0
split_feature=28 15 44 45 22 32
split_gain=13.8731 14.5721 27.1708 29.405 29.3452 34.9675
threshold=-0.031160741113126274 0.27500000596046453 0.12618041038513186 0.10778252035379411 0.12500000372529033 -0.68894684314727772
decision_type=10 8 8 8 10 8
left_child=-1 2 4 -4 -2 -6
right_child=1 -3 3 -5 5 -7
leaf_value=0.00020068063685150657 7.9811667151595089e-05 1.2032342771067948e-05 0.00045197083461022067 2.3472693984511948e-05 -1.5255535714966788e-06 -0.00018021478081744276
leaf_weight=379 254 15286 159 932 1372 1708
leaf_count=379 254 15286 159 932 1372 1708
internal_value=-0.000302314 0.000102708 -0.00242099 0.00440237 -0.00466457 -0.00602107
internal_weight=20090 19711 4425 1091 3334 3080
internal_count=20090 19711 4425 1091 3334 3080
is_linear=0
shrinkage=0.05


Tree=300
num_leaves=7
num_cat=0
split_feature=47 18 26 32 12 48
split_gain=12.5753 32.9653 23.7243 23.6063 16.3353 42.6556
threshold=0.61903119087219249 0.42499999701976782 0.0082335905171930807 0.7500194013118745 0.0071379558648914107 -0.76616051793098439
decision_type=8 8 8 8 10 10
left_child=1 2 -1 -3 -2 -6
right_child=4 3 -4 -5 5 -7
leaf_value=-5.1344373059706108e-05 1.7203781979367782e-05 0.00022962380502074406 5.5314670185453702e-05 -9.6530339893766967e-05 -0.00018978941643988751 5.741571241671368e-07
leaf_weight=121 11963 279 50 64 1558 6294
leaf_count=121 11963 279 50 64 1558 6294
internal_value=-0.000308596 0.00785164 -0.00980114 0.0167385 -3.15338e-05 -0.00180412
internal_weight=20329 514 171 343 19815 7852
internal_count=20329 514 171 343 19815 7852
is_linear=0
shrinkage=0.05


Tree=301
num_leaves=7
num_cat=0
split_feature=41 43 38 35 10 36
split_gain=14.8131 27.3686 42.7769 42.1015 38.7696 27.1395
threshold=0.13935418426990512 0.13183744251728061 0.0099809397943317908 -0.048782136291265481 -0.11349579319357871 -1.0000000180025095e-35
decision_type=8 10 8 10 8 8
left_child=1 4 -3 -4 5 -1
right_child=-2 2 3 -5 -6 -7
leaf_value=0.0001304529541226773 7.9695515401251654e-05 -0.00030106656824066747 0.00020258879333091519 -0.00056661763798855917 -4.052987067947656e-06 0.00068383080040195345
leaf_weight=612 2829 833 544 102 15115 114
leaf_count=612 2829 833 544 102 15115 114
internal_value=-0.000370894 -0.000396825 -0.00689016 0.00272657 0.000209832 0.0114569
internal_weight=20149 17320 1479 646 15841 726
internal_count=20149 17320 1479 646 15841 726
is_linear=0
shrinkage=0.05


Tree=302
num_leaves=7
num_cat=0
split_feature=23 20 35 31 27 44
split_gain=13.7359 23.0901 31.8754 23.4483 22.8955 21.2544
threshold=-0.0055622465442866078 0.92499998211860668 0.13070254027843478 59.512323379516609 0.029283411800861362 0.15486721694469455
decision_type=10 10 10 10 8 10
left_child=1 3 -3 -1 -4 -2
right_child=5 2 4 -5 -6 -7
leaf_value=3.6621780214849169e-05 -1.1629694338150638e-05 0.00038641664192884829 -0.00050426581102924739 -0.00018641759191330727 0.00061104486680480224 0.00031629157011623418
leaf_weight=6695 12871 259 54 238 55 166
leaf_count=6695 12871 259 54 238 55 166
internal_value=-0.000333038 0.00201547 0.0141421 0.00135846 -0.00811404 -0.000691995
internal_weight=20338 7301 368 6933 109 13037
internal_count=20338 7301 368 6933 109 13037
is_linear=0
shrinkage=0.05


Tree=303
num_leaves=7
num_cat=0
split_feature=48 31 46 44 22 31
split_gain=12.7956 30.0269 36.1665 52.9922 51.7821 49.4141
threshold=-0.76616051793098439 51.649080276489265 1.1137773990631106 0.066833067685365691 0.12500000372529033 44.271152496337898
decision_type=10 8 10 8 10 8
left_child=-1 2 3 4 -2 -4
right_child=1 -3 5 -5 -6 -7
leaf_value=-1.834483533145456e-05 2.2411943329562081e-05 -1.3394877084420364e-05 -0.00085872884599398711 0.00014772470205970278 -0.00042089625194301764 0.0001116356681380056
leaf_weight=10202 228 6164 205 2902 168 345
leaf_count=10202 228 6164 205 2902 168 345
internal_value=-0.000364756 0.0011755 0.00463924 0.00662277 -0.0104115 -0.00716216
internal_weight=20214 10012 3848 3298 396 550
internal_count=20214 10012 3848 3298 396 550
is_linear=0
shrinkage=0.05


Tree=304
num_leaves=7
num_cat=0
split_feature=35 24 41 29 35 35
split_gain=13.4997 25.986 33.7312 19.6376 19.3009 39.3266
threshold=0.83573606610298168 0.033798797056078918 0.057411484420299537 -0.032310269773006432 0.4802138358354569 0.21868584305047992
decision_type=10 10 8 10 10 10
left_child=4 2 -2 -4 5 -1
right_child=1 -3 3 -5 -6 -7
leaf_value=6.2466320898714998e-06 0.00039619043179242868 -0.00060277207748069299 8.1555388133921163e-05 -0.00034363272013096611 5.1589154143329459e-05 -9.5304595480674259e-05
leaf_weight=16181 62 51 59 81 2065 1830
leaf_count=16181 62 51 59 81 2065 1830
internal_value=-0.000338104 -0.0113372 -0.00277778 -0.0163793 0.000173049 -0.000351077
internal_weight=20329 253 202 140 20076 18011
internal_count=20329 253 202 140 20076 18011
is_linear=0
shrinkage=0.05


Tree=305
num_leaves=7
num_cat=0
split_feature=3 32 47 47 42 19
split_gain=14.0905 20.4208 20.3882 24.029 19.6953 21.9796
threshold=0.01404809206724167 -0.86182555556297291 1.2003182768821719 1.2682000994682314 0.1434772536158562 0.62500000000000011
decision_type=8 8 8 8 8 8
left_child=-1 -2 -3 -4 5 -5
right_child=1 2 3 4 -6 -7
leaf_value=-5.0906648342978138e-06 0.00052656052008871171 0.00051314279657073761 -0.00052910439238799251 0.0014406058514362377 3.9086398538748428e-05 -1.5183609192792408e-05
leaf_weight=17770 91 167 242 70 1874 51
leaf_count=17770 91 167 242 70 1874 51
internal_value=-0.000344105 0.00365 0.00272935 0.00143845 0.0032625 0.0224206
internal_weight=20265 2495 2404 2237 1995 121
internal_count=20265 2495 2404 2237 1995 121
is_linear=0
shrinkage=0.05


Tree=306
num_leaves=7
num_cat=0
split_feature=47 23 48 0 13 12
split_gain=14.7472 32.9246 34.4009 27.8984 24.2124 22.9463
threshold=0.86003702878952037 0.025393796153366569 1.5711774230003359 0.046681243926286704 -0.010593239683657883 0.016195491887629036
decision_type=8 10 10 8 8 10
left_child=1 2 3 -1 -5 -4
right_child=-2 -3 5 4 -6 -7
leaf_value=-4.7634833644454796e-05 1.8811802542780326e-05 0.00028783222681822085 0.00034770836835861348 -1.6840773059583966e-05 0.00061675965647859504 -4.631636023728919e-06
leaf_weight=5495 13890 341 209 87 83 191
leaf_count=5495 13890 341 209 87 83 191
internal_value=-0.000323876 -0.00191468 -0.00277183 -0.00377866 0.0158571 0.0112963
internal_weight=20296 6406 6065 5665 170 400
internal_count=20296 6406 6065 5665 170 400
is_linear=0
shrinkage=0.05


Tree=307
num_leaves=7
num_cat=0
split_feature=24 42 47 42 3 22
split_gain=14.1579 39.421 31.2959 33.4932 26.9486 35.609
threshold=-0.036609627306461327 0.15764832496643069 1.2338252663612368 0.1801724508404732 0.015042200218886139 0.82500001788139354
decision_type=10 10 10 10 10 10
left_child=1 4 3 -3 5 -1
right_child=-2 2 -4 -5 -6 -7
leaf_value=3.4899410402119609e-05 -1.2655500447403854e-05 0.00053618832628240598 -0.0003679820867342483 5.3833245579216723e-05 0.00053160951214204833 -0.00016517769978582577
leaf_weight=4863 13682 293 82 193 155 999
leaf_count=4863 13682 293 82 193 155 999
internal_value=-0.000319406 0.00173369 0.014267 0.0190937 0.000535536 -1.27834e-05
internal_weight=20267 6585 568 486 6017 5862
internal_count=20267 6585 568 486 6017 5862
is_linear=0
shrinkage=0.05


Tree=308
num_leaves=7
num_cat=0
split_feature=35 34 43 47 36 47
split_gain=16.6486 35.604 29.8513 27.6481 17.9127 24.4951
threshold=0.8052598536014558 -0.45825046300888056 0.055536009371280677 0.77571588754653942 0.77296423912048351 0.55092602968215953
decision_type=10 8 10 10 10 8
left_child=4 -2 -3 -4 5 -1
right_child=1 2 3 -5 -6 -7
leaf_value=-4.3475941673771139e-05 0.00037010660994767113 0.00033005584199841755 0.00011135713195602792 -0.00035078291710111635 0.00015752873898481809 3.7348169221558299e-06
leaf_weight=184 78 55 96 291 537 19109
leaf_count=184 78 55 96 291 537 19109
internal_value=-0.000298452 -0.00871429 -0.0142617 -0.0191964 0.000306277 5.31143e-05
internal_weight=20350 520 442 387 19830 19293
internal_count=20350 520 442 387 19830 19293
is_linear=0
shrinkage=0.05


Tree=309
num_leaves=7
num_cat=0
split_feature=50 1 40 22 47 36
split_gain=15.0405 34.0624 37.4262 36.7139 29.2361 28.3098
threshold=-0.09682824462652205 0.048411782830953605 0.087683420628309264 0.22500000149011615 0.93843740224838268 -0.12028031051158904
decision_type=10 10 8 10 8 10
left_child=1 5 3 -3 -5 -1
right_child=-2 2 -4 4 -6 -7
leaf_value=-2.9590095816420898e-05 -1.9999746379256492e-05 0.00095517365961280169 0.00028168064399590914 8.7717960007116459e-05 -0.00046590538011703021 4.712480040891122e-05
leaf_weight=6861 7943 64 714 99 133 4437
leaf_count=6861 7943 64 714 99 133 4437
internal_value=-0.000319658 0.00115122 0.00992611 -0.00490033 -0.0142405 0.000360524
internal_weight=20251 12308 1010 296 232 11298
internal_count=20251 12308 1010 296 232 11298
is_linear=0
shrinkage=0.05


Tree=310
num_leaves=7
num_cat=0
split_feature=16 46 49 35 35 26
split_gain=11.5599 17.0562 17.7977 13.9041 18.0306 15.1869
threshold=0.97499999403953563 0.83003973960876476 1.9741151928901675 -0.69898882508277882 -0.399615928530693 0.2028334438800812
decision_type=10 8 10 8 8 10
left_child=-1 -2 3 -3 -5 -6
right_child=1 2 -4 4 5 -7
leaf_value=2.4831321409823567e-06 -0.00032540203847008858 -0.00029981914614021679 -0.00039491795069895847 0.00066602617167476296 5.4848157366639089e-05 -0.00023280297177404963
leaf_weight=19345 97 74 135 94 531 62
leaf_count=19345 97 74 135 94 531 62
internal_value=-0.000352701 -0.00533567 -0.00307991 -3.26371e-05 0.00220376 -0.00104515
internal_weight=20338 993 896 761 687 593
internal_count=20338 993 896 761 687 593
is_linear=0
shrinkage=0.05


Tree=311
num_leaves=7
num_cat=0
split_feature=39 10 35 38 4 26
split_gain=16.2927 49.3801 55.541 46.7599 29.6008 27.5575
threshold=-0.021720011718571183 0.038686655461788184 0.25292804837226873 -0.0023733709240332241 -0.48615157604217524 0.046110965311527259
decision_type=8 10 10 8 8 8
left_child=1 2 4 -3 -1 -2
right_child=5 3 -4 -5 -6 -7
leaf_value=0.00013929130766145606 -1.2234050745101397e-05 -0.00027050580871445677 0.00015617075023020583 0.00031488651333179288 -0.00011900676382656144 6.7087019426803973e-05
leaf_weight=586 9313 596 315 120 1757 7670
leaf_count=586 9313 596 315 120 1757 7670
internal_value=-0.000322905 -0.00292246 0.000215922 -0.0145284 -0.00243825 0.000878561
internal_weight=20357 3374 2658 716 2343 16983
internal_count=20357 3374 2658 716 2343 16983
is_linear=0
shrinkage=0.05


Tree=312
num_leaves=7
num_cat=0
split_feature=33 19 44 26 17 44
split_gain=13.8614 31.8402 28.7031 25.8672 20.3132 18.2265
threshold=-0.26349769532680506 0.17500000447034839 0.098995089530944838 0.15697974711656573 0.62500000000000011 0.11412783712148668
decision_type=8 8 10 10 10 8
left_child=1 2 4 5 -1 -4
right_child=-2 -3 3 -5 -6 -7
leaf_value=1.7976773585498172e-05 -7.4865016002128087e-06 0.00016064602948445033 -0.00060254371760041733 0.00016639765057422089 0.00061680840305770868 -8.2710464243995147e-05
leaf_weight=1310 17305 1015 207 71 129 304
leaf_count=1310 17305 1015 207 71 129 304
internal_value=-0.000372309 0.00311575 -0.000505923 -0.00983816 0.00327216 -0.0138081
internal_weight=20341 3036 2021 582 1439 511
internal_count=20341 3036 2021 582 1439 511
is_linear=0
shrinkage=0.05


Tree=313
num_leaves=7
num_cat=0
split_feature=44 17 21 25 42 44
split_gain=12.5036 48.5177 45.8345 36.9057 42.2136 31.489
threshold=0.083138793706893935 0.27500000596046453 0.12500000372529033 0.0099426852539181727 0.12974961102008822 0.07763350754976274
decision_type=10 8 8 8 10 10
left_child=1 5 -2 4 -3 -1
right_child=2 3 -4 -5 -6 -7
leaf_value=-0.00011621226985440228 -8.7262921281579906e-05 0.00011977911193887007 -6.536092247518249e-06 -1.7553454555183769e-05 -0.00020705623946031473 0.00037439126593259155
leaf_weight=2010 458 4013 10261 3055 327 219
leaf_count=2010 458 4013 10261 3055 327 219
internal_value=-0.000382101 0.00129557 -0.00118659 0.00324662 0.00620829 -0.00515891
internal_weight=20343 9624 10719 7395 4340 2229
internal_count=20343 9624 10719 7395 4340 2229
is_linear=0
shrinkage=0.05


Tree=314
num_leaves=7
num_cat=0
split_feature=1 38 47 47 42 44
split_gain=15.1657 22.6393 16.1852 11.7575 35.2253 52.3088
threshold=0.109265323728323 -0.019694096408784386 0.84555414319038402 0.86003702878952037 0.1022516041994095 0.13342826068401339
decision_type=10 8 8 8 10 8
left_child=3 -2 -3 4 -1 -6
right_child=1 2 -4 -5 5 -7
leaf_value=-3.821140749469805e-05 0.00011884208520566858 2.0043916101520917e-05 -0.00046076742471462854 1.4986241735589975e-05 0.00041809586714750707 -2.5017468465488113e-05
leaf_weight=4642 77 53 164 13631 585 1041
leaf_count=4642 77 53 164 13631 585 1041
internal_value=-0.000315625 -0.0112876 -0.019482 5.65213e-05 -0.00173362 0.00458308
internal_weight=20193 294 217 19899 6268 1626
internal_count=20193 294 217 19899 6268 1626
is_linear=0
shrinkage=0.05


Tree=315
num_leaves=7
num_cat=0
split_feature=45 35 3 26 40 13
split_gain=14.2268 41.9193 30.0846 30.8313 28.9992 24.5613
threshold=0.052659552544355399 0.60364270210266124 0.005280691199004651 -0.032936401665210717 0.12801834940910342 0.012039566412568094
decision_type=10 10 8 8 10 8
left_child=1 4 3 -2 -1 -5
right_child=2 -3 -4 5 -6 -7
leaf_value=3.4876729116444178e-06 0.00022700819098184127 0.00051061640461196186 -2.2885053467246739e-06 -0.00038373133161240751 0.0012206669898458995 0.00010925746352467058
leaf_weight=1998 59 184 17793 206 56 59
leaf_count=1998 59 184 17793 206 56 59
internal_value=-0.000298379 0.00377842 -0.000442832 -0.0154255 0.00168771 -0.0226852
internal_weight=20355 2238 18117 324 2054 265
internal_count=20355 2238 18117 324 2054 265
is_linear=0
shrinkage=0.05


Tree=316
num_leaves=7
num_cat=0
split_feature=42 26 36 17 3 16
split_gain=12.0892 53.7345 50.3092 49.0815 43.4437 29.5558
threshold=0.1022516041994095 -0.13124794512987134 0.4084292352199555 0.77500000596046459 0.010633664205670358 0.82500001788139354
decision_type=8 10 10 8 8 8
left_child=1 -1 -2 -4 5 -3
right_child=2 4 3 -5 -6 -7
leaf_value=0.00031685910554571589 4.8736215412500834e-06 -3.0217437171737446e-06 0.00058847842431323334 -0.00013147441865693984 -0.00074453422806994643 -0.00012205358904004041
leaf_weight=696 9281 7897 387 153 289 1696
leaf_count=696 9281 7897 387 153 289 1696
internal_value=-0.000371251 -0.00128272 0.00115255 0.0159174 -0.00223273 -0.00164878
internal_weight=20399 10578 9821 540 9882 9593
internal_count=20399 10578 9821 540 9882 9593
is_linear=0
shrinkage=0.05


Tree=317
num_leaves=7
num_cat=0
split_feature=39 10 46 44 10 31
split_gain=15.1782 56.4065 41.241 33.4884 41.1264 52.9861
threshold=0.042577352374792106 0.0073218182660639295 1.1898496150970461 0.057620964944362647 -0.094435859471559511 41.191114425659187
decision_type=10 8 10 8 10 8
left_child=-1 3 -3 -2 5 -5
right_child=1 2 -4 4 -6 -7
leaf_value=8.4097796707279144e-06 6.1770997638999067e-05 -2.6410648917941916e-05 0.00053150075582209389 -0.00029673543037822428 -0.00031720838626845378 0.00091396867141870257
leaf_weight=16610 184 1687 477 136 1080 96
leaf_count=16610 184 1687 477 136 1080 96
internal_value=-0.000348952 -0.00285812 0.00229368 -0.0103098 -0.0131169 0.00580169
internal_weight=20270 3660 2164 1496 1312 232
internal_count=20270 3660 2164 1496 1312 232
is_linear=0
shrinkage=0.05


Tree=318
num_leaves=7
num_cat=0
split_feature=0 36 40 7 39 3
split_gain=12.5285 30.1076 29.0174 16.6372 24.8384 13.7256
threshold=0.072235997766256346 0.23563321679830554 0.14547407627105716 0.71304330229759227 0.029270879924297336 0.011255465913563968
decision_type=10 10 8 8 10 8
left_child=5 2 -2 -4 -5 -1
right_child=1 -3 3 4 -6 -7
leaf_value=-4.1238701942080064e-06 -0.00039203045170794196 0.00066393325893847267 0.00060466234340976726 0.00062459001041464957 -0.00039349835174280366 6.2203553495030151e-05
leaf_weight=14175 370 50 80 50 75 5543
leaf_count=14175 370 50 80 50 75 5543
internal_value=-0.000328042 -0.00670635 -0.0100431 0.00488095 -0.00634615 0.000455052
internal_weight=20343 625 575 205 125 19718
internal_count=20343 625 575 205 125 19718
is_linear=0
shrinkage=0.05


Tree=319
num_leaves=7
num_cat=0
split_feature=44 20 23 21 35 20
split_gain=12.2362 47.2306 41.486 37.1897 36.5929 33.8812
threshold=0.083138793706893935 0.32500000298023229 -0.0087847393006086332 0.12500000372529033 0.73146840929985057 0.32500000298023229
decision_type=10 8 8 8 10 8
left_child=1 4 -3 -2 -1 -5
right_child=3 2 -4 5 -6 -7
leaf_value=-6.7504297204303387e-05 -8.9747930600606957e-05 0.00025524671050298835 2.0495974650027148e-05 7.1251447568947913e-05 0.00047933087300545702 -4.0890361623861786e-05
leaf_weight=2754 432 1526 5243 2754 83 7362
leaf_count=2754 432 1526 5243 2754 83 7362
internal_value=-0.000326157 0.00124597 0.00351712 -0.00122003 -0.0041608 -0.000600237
internal_weight=20154 9606 6769 10548 2837 10116
internal_count=20154 9606 6769 10548 2837 10116
is_linear=0
shrinkage=0.05


Tree=320
num_leaves=7
num_cat=0
split_feature=28 45 35 32 27 46
split_gain=13.6915 13.4261 33.1305 26.6475 31.8126 26.0606
threshold=-0.031160741113126274 0.052659552544355399 0.60364270210266124 0.02937067020684481 0.0039089317433536061 0.96359801292419445
decision_type=10 8 8 8 8 10
left_child=-1 2 3 5 -5 -2
right_child=1 -3 -4 4 -6 -7
leaf_value=0.00018656044690595569 1.5384275548639055e-05 -9.6670766642391159e-06 0.00044179120598217123 0.00022381938256846903 -2.2536093546639462e-05 -7.5057336874377687e-05
leaf_weight=382 377 18634 175 214 215 302
leaf_count=382 377 18634 175 214 215 302
internal_value=-0.000294277 -0.000257253 0.0046778 0.00141509 0.0111175 -0.00471491
internal_weight=20299 19917 1283 1108 429 679
internal_count=20299 19917 1283 1108 429 679
is_linear=0
shrinkage=0.05


Tree=321
num_leaves=7
num_cat=0
split_feature=42 1 35 49 10 32
split_gain=9.83615 31.0035 30.9363 37.8528 30.1149 29.1542
threshold=0.12974961102008822 0.048411782830953605 -0.20705827325582501 -0.3701073676347732 -0.11349579319357871 -0.48598554730415339
decision_type=10 8 10 8 8 8
left_child=4 2 5 -4 -1 -2
right_child=1 -3 3 -5 -6 -7
leaf_value=0.00021819799319826132 9.7465914680982055e-05 8.6566425880476539e-05 0.00026355292475966052 -0.00015172650041852661 6.7950429335458923e-06 -0.00026623274881835323
leaf_weight=628 291 985 479 443 16379 1115
leaf_count=628 291 985 479 443 16379 1115
internal_value=-0.000318573 -0.00202682 -0.00517574 0.00191478 0.00094786 -0.00983345
internal_weight=20320 3313 2328 922 17007 1406
internal_count=20320 3313 2328 922 17007 1406
is_linear=0
shrinkage=0.05


Tree=322
num_leaves=7
num_cat=0
split_feature=48 5 35 26 26 9
split_gain=12.4365 28.9249 24.21 35.7836 31.9851 32.5971
threshold=-0.65325963497161854 -0.87839412689208973 1.0000000180025095e-35 0.18496914207935336 -0.011889792513102291 -0.10322458669543265
decision_type=8 8 8 8 8 10
left_child=2 -2 3 4 5 -1
right_child=1 -3 -4 -5 -6 -7
leaf_value=-0.00032751639473444768 0.000688067751492377 5.7926574676511053e-06 1.7932436892388776e-05 0.00035374167243911651 -0.00030793937973929483 2.8007222032979924e-06
leaf_weight=190 101 15401 2339 181 814 1195
leaf_count=190 101 15401 2339 181 814 1195
internal_value=-0.0003053 0.000617463 -0.00231266 -0.00585954 -0.00763385 -0.00296763
internal_weight=20221 15502 4719 2380 2199 1385
internal_count=20221 15502 4719 2380 2199 1385
is_linear=0
shrinkage=0.05


Tree=323
num_leaves=7
num_cat=0
split_feature=1 40 39 39 43 42
split_gain=13.1554 27.1933 27.7779 24.0927 46.5951 41.5564
threshold=0.0080788042396307009 0.21545887738466266 0.017752439714968208 0.0088110459037125128 0.13955748081207278 0.084342740476131453
decision_type=8 10 10 10 10 10
left_child=3 -2 -3 4 5 -1
right_child=1 2 -4 -5 -6 -7
leaf_value=-2.225848220427663e-05 1.1624287881988136e-05 0.0013972018810859219 -3.0421290217255889e-05 -5.8114099639096473e-05 -0.00056497353838714972 0.00015349512343986547
leaf_weight=2005 8942 93 50 6291 293 2563
leaf_count=2005 8942 93 50 6291 293 2563
internal_value=-0.000354461 0.00120187 0.0224662 -0.00136013 0.00127928 0.00253116
internal_weight=20237 9085 143 11152 4861 4568
internal_count=20237 9085 143 11152 4861 4568
is_linear=0
shrinkage=0.05


Tree=324
num_leaves=7
num_cat=0
split_feature=47 22 32 11 10 45
split_gain=13.6736 34.0458 34.848 21.2409 12.805 12.1286
threshold=0.61903119087219249 0.075000001117587103 0.79759767651557933 0.011913623195141556 -0.0070796378422528497 0.052659552544355399
decision_type=8 10 8 8 10 8
left_child=1 4 3 -3 -1 -2
right_child=5 2 -4 -5 -6 -7
leaf_value=-2.3859767031283601e-05 3.5870412942972826e-05 0.00069472781561663718 -0.0002999438980113415 0.00010979089189273915 2.3463965614143876e-05 -6.456160088190791e-06
leaf_weight=190 1022 167 54 59 65 18636
leaf_count=190 1022 167 54 59 65 18636
internal_value=-0.00023641 0.00800926 0.0199123 0.0284632 -0.00509615 -5.46712e-05
internal_weight=20193 535 280 226 255 19658
internal_count=20193 535 280 226 255 19658
is_linear=0
shrinkage=0.05


Tree=325
num_leaves=7
num_cat=0
split_feature=15 44 41 41 42 44
split_gain=11.1953 26.9065 64.3995 27.2627 29.2405 31.3962
threshold=0.22500000149011615 0.12618041038513186 0.10282614082098009 0.11210115626454355 0.074969615787267699 0.063427325338125243
decision_type=8 8 8 8 10 8
left_child=1 3 -3 4 5 -1
right_child=-2 2 -4 -5 -6 -7
leaf_value=-0.00014474346094477545 3.531109815857776e-06 0.00091950384311857204 -1.3256978022883203e-05 0.00012074379787817506 -0.00020948348348436455 8.6039814295235713e-05
leaf_weight=363 16642 125 809 388 1295 666
leaf_count=363 16642 125 809 388 1295 666
internal_value=-0.00035357 -0.00284169 0.00444622 -0.00536437 -0.00741735 -0.00108801
internal_weight=20288 3646 934 2712 2324 1029
internal_count=20288 3646 934 2712 2324 1029
is_linear=0
shrinkage=0.05


Tree=326
num_leaves=7
num_cat=0
split_feature=23 9 39 39 2 42
split_gain=12.4596 17.6557 28.5383 48.1392 36.3617 64.434
threshold=-0.0033605917124077673 -0.017826776951551434 0.014254579320549967 -0.021720011718571183 0.011943649034947159 0.1022516041994095
decision_type=10 8 10 10 8 8
left_child=-1 -2 3 -3 5 -5
right_child=1 2 -4 4 -6 -7
leaf_value=2.4548344696798251e-05 -5.387713959806931e-05 -4.6717359892948315e-05 -4.8648404687290893e-05 3.5552042013986672e-05 -0.00021906273705438 0.00047355931299069361
leaf_weight=8282 4646 1800 2544 1916 256 809
leaf_count=8282 4646 1800 2544 1916 256 809
internal_value=-0.000359117 -0.000895541 0.000630969 0.00290953 0.00680676 0.00850733
internal_weight=20253 11971 7325 4781 2981 2725
internal_count=20253 11971 7325 4781 2981 2725
is_linear=0
shrinkage=0.05


Tree=327
num_leaves=7
num_cat=0
split_feature=47 36 25 47 32 35
split_gain=16.0925 26.3299 19.7988 19.071 24.0849 15.9
threshold=0.61903119087219249 0.77296423912048351 0.018910102546215061 0.55092602968215953 0.66159439086914074 0.8052598536014558
decision_type=8 10 8 10 8 10
left_child=1 3 -3 -1 -5 -2
right_child=5 2 -4 4 -6 -7
leaf_value=-2.0410913936147766e-05 5.7744810761371439e-06 0.00074328306339857943 3.7937808447549431e-05 0.00015259954951922481 -0.00023623354709200801 -0.00012057387087212627
leaf_weight=178 19207 82 51 166 57 489
leaf_count=178 19207 82 51 166 57 489
internal_value=-0.000285397 0.008859 0.0277174 0.00227833 0.0119518 0.000100249
internal_weight=20230 534 133 401 223 19696
internal_count=20230 534 133 401 223 19696
is_linear=0
shrinkage=0.05


Tree=328
num_leaves=7
num_cat=0
split_feature=46 49 12 14 42 49
split_gain=13.3145 35.3172 23.7467 25.951 22.8263 21.356
threshold=0.79612389206886303 -0.94549804925918568 0.016195491887629036 0.82500001788139354 0.13542550802230838 0.40531891584396368
decision_type=10 8 10 10 10 10
left_child=1 -1 3 5 -4 -3
right_child=-2 2 4 -5 -6 -7
leaf_value=0.00038752941007710775 -1.064406497356897e-05 4.3398076250974475e-05 -0.00037620280316530733 0.00026819976721802105 5.3951409530885331e-05 -0.00020465733008746942
leaf_weight=153 17641 1687 172 188 145 186
leaf_count=153 17641 1687 172 188 145 186
internal_value=-0.000340734 0.00320386 0.00166807 0.0036423 -0.0109472 0.00182375
internal_weight=20172 2531 2378 2061 317 1873
internal_count=20172 2531 2378 2061 317 1873
is_linear=0
shrinkage=0.05


Tree=329
num_leaves=7
num_cat=0
split_feature=28 27 44 36 38 21
split_gain=15.13 14.5656 15.3102 15.2321 14.4953 20.5026
threshold=-0.031160741113126274 -0.071470316499471651 0.089986588805913939 0.20932050049304965 0.038304524496197707 0.72499999403953563
decision_type=10 10 8 10 10 10
left_child=-1 2 -2 4 5 -4
right_child=1 -3 3 -5 -6 -7
leaf_value=0.00016899310269433718 -0.00055159520532792263 4.2262835535632977e-06 -1.564693324539535e-05 0.0002898121300172651 0.00039119569531779547 -0.00043358061762922362
leaf_weight=384 106 18851 559 58 90 312
leaf_count=384 106 18851 559 58 90 312
internal_value=-0.000367051 3.75357e-06 -0.00550885 -0.00354004 -0.00509834 -0.00710616
internal_weight=20360 19976 1125 1019 961 871
internal_count=20360 19976 1125 1019 961 871
is_linear=0
shrinkage=0.05


Tree=330
num_leaves=7
num_cat=0
split_feature=27 43 38 16 2 1
split_gain=11.3564 20.2203 21.1952 20.7645 18.9819 22.0434
threshold=-0.071470316499471651 0.1663497015833855 0.028749213553965095 0.075000001117587103 0.0094096469692885893 -0.081249568611383424
decision_type=8 10 8 8 8 10
left_child=1 2 4 -3 -1 -6
right_child=-2 3 -4 -5 5 -7
leaf_value=0.00027268654738367356 3.3483238856246367e-06 -0.00042699431791091497 8.8613198901673642e-05 0.0006122042180547627 0.00022373314762884789 -0.00067505422404914774
leaf_weight=53 19615 62 138 134 56 212
leaf_count=53 19615 62 138 134 56 212
internal_value=-0.000309494 -0.00640152 -0.0121228 0.0068408 -0.0190951 -0.0244505
internal_weight=20270 655 459 196 321 268
internal_count=20270 655 459 196 321 268
is_linear=0
shrinkage=0.05


Tree=331
num_leaves=7
num_cat=0
split_feature=4 32 48 28 33 35
split_gain=16.7978 28.8472 17.946 14.9115 14.5805 25.056
threshold=0.91802850365638744 0.17099111527204516 1.9261593222618105 0.032889887690544135 0.3591055572032929 -0.69898882508277882
decision_type=10 8 8 8 10 10
left_child=3 2 -2 -1 -3 -6
right_child=1 4 -4 -5 5 -7
leaf_value=3.9461258437914483e-07 -0.0002851110235642551 0.00011513901592390612 2.8897434540880487e-05 0.00036031364336909023 -0.00053815947231271018 -1.4491097524496102e-05
leaf_weight=18372 409 556 155 191 91 376
leaf_count=18372 409 556 155 191 91 376
internal_value=-0.000360953 -0.00516646 -0.0141916 0.000184457 -0.000121595 -0.00662076
internal_weight=20150 1587 564 18563 1023 467
internal_count=20150 1587 564 18563 1023 467
is_linear=0
shrinkage=0.05


Tree=332
num_leaves=7
num_cat=0
split_feature=41 43 2 29 15 21
split_gain=13.4277 52.9041 34.4805 32.7259 33.6397 36.9712
threshold=0.090572051703929915 0.12368524074554445 0.010136878583580257 -0.064254965633153902 0.27500000596046453 0.27500000596046453
decision_type=10 10 10 8 8 10
left_child=1 2 3 -1 -5 -6
right_child=-2 -3 -4 4 5 -7
leaf_value=0.00041345853936389443 -2.7720126135210006e-05 0.00060156702191172451 -0.00045923732131080238 -5.1860700237827285e-05 -9.6663725733658952e-06 0.00010416269192360744
leaf_weight=190 9556 172 416 2316 3751 4005
leaf_count=190 9556 172 416 2316 3751 4005
internal_value=-0.000331929 0.00099263 0.000540578 0.00111766 0.000721941 0.00230318
internal_weight=20406 10850 10678 10262 10072 7756
internal_count=20406 10850 10678 10262 10072 7756
is_linear=0
shrinkage=0.05


Tree=333
num_leaves=7
num_cat=0
split_feature=41 40 45 19 32 18
split_gain=12.5929 28.271 27.6949 49.3289 35.2191 34.1791
threshold=0.09588948637247087 0.13131397962570193 0.11761280521750452 0.52500000596046459 0.11796011030673982 0.72499999403953563
decision_type=10 10 8 8 10 8
left_child=1 -1 3 -2 -5 -6
right_child=2 -3 -4 4 5 -7
leaf_value=9.6123571880792329e-06 -0.00025725568937195228 0.0011159348093333881 1.4004024938090885e-05 0.0001953485056067698 -0.00044872982774816264 1.6982594402474138e-05
leaf_weight=11905 1615 61 4998 648 304 727
leaf_count=11905 1615 61 4998 648 304 727
internal_value=-0.000344223 0.00106716 -0.0014674 -0.00502425 0.000964964 -0.00475386
internal_weight=20258 11966 8292 3294 1679 1031
internal_count=20258 11966 8292 3294 1679 1031
is_linear=0
shrinkage=0.05


Tree=334
num_leaves=7
num_cat=0
split_feature=46 36 36 35 10 47
split_gain=11.8849 21.5954 31.8154 31.8531 31.9996 60.909
threshold=0.97492200136184703 -0.933234542608261 -0.84395733475685109 -0.82606002688407887 -0.01740499027073383 0.75141024589538585
decision_type=8 8 8 8 8 10
left_child=-1 -2 -3 -4 5 -5
right_child=1 2 3 4 -6 -7
leaf_value=-1.6347586207748489e-05 0.00043723225073447254 -0.00028168094477504772 0.00043867131123647568 0.00033078723495736111 4.9094070371995193e-05 -0.00017368219479939681
leaf_weight=9799 151 332 199 281 7441 2037
leaf_count=9799 151 332 199 281 7441 2037
internal_value=-0.000359348 0.000921405 0.00063866 0.00115176 0.000739963 -0.00438011
internal_weight=20240 10441 10290 9958 9759 2318
internal_count=20240 10441 10290 9958 9759 2318
is_linear=0
shrinkage=0.05


Tree=335
num_leaves=7
num_cat=0
split_feature=1 3 48 35 47 33
split_gain=12.1384 32.6424 30.2368 22.6388 37.0351 30.5048
threshold=0.0080788042396307009 0.014554852154105903 -1.494889974594116 0.83573606610298168 0.9593944549560548 -0.32722230255603785
decision_type=8 10 10 8 10 10
left_child=3 -2 -3 -1 5 -5
right_child=1 2 -4 4 -6 -7
leaf_value=-3.8294374116358901e-06 8.0315606724742359e-06 0.00034293974510980052 -0.00027115123649627023 0.00022187797867838314 -0.00045605403206121128 -0.00020357245079966049
leaf_weight=9808 8566 511 88 187 99 1083
leaf_count=9808 8566 511 88 187 99 1083
internal_value=-0.000244508 0.00138768 0.0126242 -0.00106645 -0.00707787 -0.00468627
internal_weight=20342 9165 599 11177 1369 1270
internal_count=20342 9165 599 11177 1369 1270
is_linear=0
shrinkage=0.05


Tree=336
num_leaves=7
num_cat=0
split_feature=24 18 44 48 26 26
split_gain=14.214 23.9887 34.332 23.7613 31.6947 33.8368
threshold=-0.036609627306461327 0.37500000000000006 0.12618041038513186 -0.11210818216204642 0.2028334438800812 0.075476530939340605
decision_type=10 10 10 10 8 8
left_child=1 -1 -3 -2 5 -5
right_child=3 2 -4 4 -6 -7
leaf_value=1.9795354590026256e-05 -4.0900157383395682e-05 6.4166060415619646e-05 0.00056578159735039583 -7.0823423508930646e-06 -0.0001941755860002713 0.0001879461462305429
leaf_weight=5918 6783 493 160 4475 472 1929
leaf_count=5918 6783 493 160 4475 472 1929
internal_value=-0.00031999 0.00191986 0.0109802 -0.000909324 0.00115899 0.00208691
internal_weight=20230 6571 653 13659 6876 6404
internal_count=20230 6571 653 13659 6876 6404
is_linear=0
shrinkage=0.05


Tree=337
num_leaves=7
num_cat=0
split_feature=32 45 1 47 30 35
split_gain=15.2863 23.0573 38.1449 33.5536 20.474 20.1278
threshold=-0.79688456654548634 0.13507443666458133 0.035176668316125877 1.2338252663612368 33.266874313354499 -0.79568704962730397
decision_type=8 8 10 8 10 10
left_child=1 3 -3 5 -5 -1
right_child=-2 2 -4 4 -6 -7
leaf_value=0.00087082026996270249 -7.8981229586541291e-06 -0.0001475873161599691 0.00082924169728851728 0.00010068524222426373 -0.00035132157882553669 5.9293937501488465e-05
leaf_weight=82 18808 102 193 161 318 707
leaf_count=82 18808 102 193 161 318 707
internal_value=-0.00035213 0.00460778 0.0170833 0.00163001 -0.00872934 0.00796599
internal_weight=20371 1563 295 1268 479 789
internal_count=20371 1563 295 1268 479 789
is_linear=0
shrinkage=0.05


Tree=338
num_leaves=7
num_cat=0
split_feature=4 2 48 10 11 10
split_gain=13.076 28.4143 26.4817 29.7205 22.3351 23.8793
threshold=0.63209667801857006 0.013825932983309032 -0.27822594344615931 0.18798822164535525 0.015880772843956951 0.024553327821195129
decision_type=10 8 8 10 10 10
left_child=4 2 3 -2 -1 -6
right_child=1 -3 -4 -5 5 -7
leaf_value=4.0086040600263545e-06 -0.00022353292643689134 -0.000325928620064528 1.7762418649761458e-05 0.00029249571522893536 4.3476841160833195e-05 0.00055057479056961993
leaf_weight=15520 731 309 3014 112 352 215
leaf_count=15520 731 309 3014 112 352 215
internal_value=-0.000339372 -0.00248741 -0.00130114 -0.00910967 0.000654052 0.0103584
internal_weight=20253 4166 3857 843 16087 567
internal_count=20253 4166 3857 843 16087 567
is_linear=0
shrinkage=0.05


Tree=339
num_leaves=7
num_cat=0
split_feature=39 26 50 13 37 38
split_gain=10.7047 49.4953 45.5971 43.2763 34.9829 32.2566
threshold=-0.021720011718571183 0.022369863465428356 -0.1472661346197128 -0.014466638676822184 0.00031943492649588739 -0.0023733709240332241
decision_type=8 10 8 8 2 8
left_child=1 2 -1 -3 -4 -5
right_child=-2 3 4 5 -6 -7
leaf_value=0.00020452203955674647 1.054084472068155e-05 0.00027903046479383617 -9.9438539813543182e-05 -0.0002937790546675579 0.00010743953574993606 7.4713476112080507e-05
leaf_weight=239 16977 83 1381 634 921 143
leaf_count=239 16977 83 1381 634 921 143
internal_value=-0.000322573 -0.0022387 0.00126669 -0.0125723 -0.000899436 -0.0162724
internal_weight=20378 3401 2541 860 2302 777
internal_count=20378 3401 2541 860 2302 777
is_linear=0
shrinkage=0.05


Tree=340
num_leaves=7
num_cat=0
split_feature=39 0 43 40 20 39
split_gain=11.7545 26.8823 27.0631 28.2751 26.2681 20.9611
threshold=0.060265092179179199 0.0072735666763037452 0.12616833299398425 0.10200837254524232 0.37500000000000006 0.049735834822058685
decision_type=8 8 10 10 8 10
left_child=5 -2 3 -3 -4 -1
right_child=1 2 4 -5 -6 -7
leaf_value=6.5754949602676342e-07 0.00019744557312814244 2.213592299035764e-05 -2.954786794836387e-05 -0.00048130782251923772 0.0010922047710783961 -0.00014069013159786654
leaf_weight=16563 669 1005 85 316 123 1525
leaf_count=16563 669 1005 85 316 123 1525
internal_value=-0.000353605 0.00343849 -0.000211864 -0.00288462 0.0163146 -0.000429724
internal_weight=20286 2198 1529 1321 208 18088
internal_count=20286 2198 1529 1321 208 18088
is_linear=0
shrinkage=0.05


Tree=341
num_leaves=7
num_cat=0
split_feature=28 16 32 4 32 10
split_gain=13.2739 13.8632 11.4917 9.91504 21.0417 26.7537
threshold=-0.031160741113126274 0.12500000372529033 -0.64226868748664845 0.91802850365638744 0.17099111527204516 0.11948225274682046
decision_type=10 8 10 8 10 8
left_child=1 2 -1 -2 -5 -6
right_child=3 -3 -4 4 5 -7
leaf_value=0.00024872240929725705 3.7367362423666934e-06 0.00029170161578051073 -0.00057655115343620842 -0.00013326934359946739 0.00017435045634973316 -0.00018107707718902118
leaf_weight=56 18091 276 51 926 633 276
leaf_count=56 18091 276 51 926 633 276
internal_value=-0.000279364 0.00934278 -0.00558036 3.76298e-06 -0.00349185 0.00188731
internal_weight=20309 383 107 19926 1835 909
internal_count=20309 383 107 19926 1835 909
is_linear=0
shrinkage=0.05


Tree=342
num_leaves=7
num_cat=0
split_feature=44 42 36 48 44 10
split_gain=13.8685 33.9475 40.3112 38.6664 19.7325 34.6121
threshold=0.065402470529079451 0.066386934369802489 0.69847875833511364 1.4752272963523867 0.080776870250701918 -0.086420770734548555
decision_type=8 10 10 10 8 10
left_child=1 2 -1 -4 5 -2
right_child=4 -3 3 -5 -6 -7
leaf_value=-2.5573927913894977e-05 -0.00014229348706045698 -0.00060412392276877722 0.00055173518478469083 -0.00024900275453245872 8.489681918024848e-07 0.00011315877939213686
leaf_weight=1528 350 163 110 51 15235 2888
leaf_count=1528 350 163 110 51 15235 2888
internal_value=-0.000293901 -0.00370221 -0.00154959 0.0218373 0.000829365 0.00437095
internal_weight=20325 1852 1689 161 18473 3238
internal_count=20325 1852 1689 161 18473 3238
is_linear=0
shrinkage=0.05


Tree=343
num_leaves=7
num_cat=0
split_feature=27 0 46 28 29 50
split_gain=10.8538 28.5011 23.1172 15.7808 14.196 11.9024
threshold=0.10212123021483423 -0.04636245779693126 1.1028566956520083 0.003341131610795856 0.10457879304885866 1.6389867663383486
decision_type=10 8 10 10 10 10
left_child=4 2 -2 -4 5 -1
right_child=1 -3 3 -5 -6 -7
leaf_value=3.5540721723731373e-06 0.00073046350156104941 -0.00066019471497610416 0.00020575504436279874 -0.00031872765144174884 0.00018174402794047737 -8.2806543478322451e-05
leaf_weight=18610 71 77 55 109 404 886
leaf_count=18610 71 77 55 109 404 886
internal_value=-0.000255973 -0.0090694 -0.000104167 -0.010503 0.000254961 6.02533e-05
internal_weight=20212 312 235 164 19900 19496
internal_count=20212 312 235 164 19900 19496
is_linear=0
shrinkage=0.05


Tree=344
num_leaves=7
num_cat=0
split_feature=6 14 38 38 12 10
split_gain=14.8715 33.1318 26.3529 25.1569 46.1829 31.5668
threshold=0.38424955308437353 0.72499999403953563 0.038304524496197707 -1.0000000180025095e-35 0.0033793736947700386 -0.027181182056665417
decision_type=10 10 10 10 8 10
left_child=1 2 3 4 -1 -5
right_child=-2 -3 -4 5 -6 -7
leaf_value=0.00011281531652571685 -1.5943975074965055e-05 0.00024203807657015758 0.00019757779888068401 -0.00012890566913880747 -4.0503595190317152e-05 2.9612291295521254e-05
leaf_weight=2030 11210 492 364 2348 2064 1792
leaf_count=2030 11210 492 364 2348 2064 1792
internal_value=-0.000304112 0.00167949 0.00095025 0.000361088 0.00314101 -0.00238239
internal_weight=20300 9090 8598 8234 4094 4140
internal_count=20300 9090 8598 8234 4094 4140
is_linear=0
shrinkage=0.05


Tree=345
num_leaves=7
num_cat=0
split_feature=24 36 36 44 42 35
split_gain=13.9483 27.0233 30.595 28.6344 40.5198 36.9368
threshold=-0.040019830688834183 0.23563321679830554 0.50635781884193432 0.12376296520233156 0.10559679195284845 -0.53966474533081044
decision_type=10 10 10 8 8 8
left_child=1 3 -3 -1 -5 -6
right_child=-2 2 -4 4 5 -7
leaf_value=-5.5263891991367761e-05 -1.1085612676777911e-05 0.0004931742863067927 1.9795055826463701e-05 0.00059529643977213184 0.00041500556246979147 1.7624792379159881e-05
leaf_weight=2349 13891 194 185 174 291 3112
leaf_count=2349 13891 194 185 174 291 3112
internal_value=-0.000325479 0.00204834 0.0149089 0.00120975 0.00402708 0.00279489
internal_weight=20196 6305 379 5926 3577 3403
internal_count=20196 6305 379 5926 3577 3403
is_linear=0
shrinkage=0.05


Tree=346
num_leaves=7
num_cat=0
split_feature=32 18 13 20 2 29
split_gain=14.1375 25.2887 24.9372 37.8869 28.1368 28.6434
threshold=-0.74590468406677235 0.12500000372529033 0.051641404628753669 0.87500000000000011 0.016789488494396213 -0.070805013179779039
decision_type=10 8 10 10 10 8
left_child=2 -2 3 4 5 -1
right_child=1 -3 -4 -5 -6 -7
leaf_value=-0.00019916358882830166 -0.00012967514420714356 -3.1618391571285025e-07 -0.00043272589887538077 0.0005771359645877068 0.0010836994770056349 5.9388876287400499e-05
leaf_weight=481 619 15865 50 133 143 3038
leaf_count=481 619 15865 50 133 143 3038
internal_value=-0.000269253 -0.000423009 0.00294156 0.00342763 0.0024475 0.00153944
internal_weight=20329 16484 3845 3795 3662 3519
internal_count=20329 16484 3845 3795 3662 3519
is_linear=0
shrinkage=0.05


Tree=347
num_leaves=7
num_cat=0
split_feature=46 49 25 2 44 2
split_gain=13.9841 31.0093 18.3594 25.4141 17.4797 22.493
threshold=0.79612389206886303 -0.94549804925918568 0.052247349172830589 0.011730685364454986 0.075277656316757216 0.0071068634279072293
decision_type=10 8 10 10 8 8
left_child=1 -1 3 4 -3 -6
right_child=-2 2 -4 -5 5 -7
leaf_value=0.00039808030624132899 -7.3091558256336946e-06 7.2128878256809656e-05 -0.0005094917339747455 0.00045556371711847292 -6.2736217738769076e-05 3.9472353693490482e-05
leaf_weight=156 17704 209 65 216 366 1540
leaf_count=156 17704 209 65 216 366 1540
internal_value=-0.000344257 0.00343176 0.00198875 0.00275043 0.00104953 -0.000457875
internal_weight=20256 2552 2396 2331 2115 1906
internal_count=20256 2552 2396 2331 2115 1906
is_linear=0
shrinkage=0.05


Tree=348
num_leaves=7
num_cat=0
split_feature=47 47 6 29 35 46
split_gain=16.1203 27.7357 42.1843 47.8448 33.3723 32.2182
threshold=0.86003702878952037 0.92672953009605419 0.87915423512458812 0.037269324064254768 -0.82606002688407887 0.87599658966064464
decision_type=8 8 8 10 10 10
left_child=-1 2 3 4 -2 -6
right_child=1 -3 -4 -5 5 -7
leaf_value=-2.1629158805961531e-05 0.00052260302768031264 -1.7524779041120341e-06 0.00049200777530433802 -0.00039033199104157687 -0.0001525121430259095 0.00015406026402655133
leaf_weight=6446 121 11702 484 244 334 1014
leaf_count=6446 121 11702 484 244 334 1014
internal_value=-0.000362408 0.000857667 0.0060059 0.00228463 0.00571574 0.00338137
internal_weight=20345 13899 2197 1713 1469 1348
internal_count=20345 13899 2197 1713 1469 1348
is_linear=0
shrinkage=0.05


Tree=349
num_leaves=7
num_cat=0
split_feature=23 44 44 44 10 48
split_gain=15.2464 18.7185 18.1441 27.4048 23.9526 19.8324
threshold=-0.0033605917124077673 0.14996511489152911 0.066833067685365691 0.080776870250701918 0.11948225274682046 -0.39113730192184443
decision_type=10 10 8 8 10 8
left_child=1 2 -1 4 5 -4
right_child=-2 -3 3 -5 -6 -7
leaf_value=-5.0693431463436516e-05 -1.5456153731231862e-05 -0.00016716024296812191 8.5300493209218027e-05 2.9629573708942621e-05 -0.00034491862997877004 0.00047596031504763825
leaf_weight=866 11854 214 491 6168 72 503
leaf_count=866 11854 214 491 6168 72 503
internal_value=-0.000291231 0.00173999 0.0021314 0.00295276 0.0103408 0.0123874
internal_weight=20168 8314 8100 7234 1066 994
internal_count=20168 8314 8100 7234 1066 994
is_linear=0
shrinkage=0.05


Tree=350
num_leaves=7
num_cat=0
split_feature=22 10 16 35 35 35
split_gain=14.7957 28.5343 26.9162 45.0447 30.7148 42.0195
threshold=0.57500001788139354 -0.11349579319357871 0.12500000372529033 -0.18721330165863034 0.19752407073974612 0.4802138358354569
decision_type=8 8 8 10 10 8
left_child=1 -1 3 -2 -4 -6
right_child=2 -3 4 -5 5 -7
leaf_value=0.00021433690463839932 -0.00040491319483287186 -1.9005310481437738e-05 7.1070680587430673e-05 0.00013445602870028675 -0.00029276183135797638 0.00023741345915656871
leaf_weight=336 673 10276 7664 422 649 222
leaf_count=336 673 10276 7664 422 649 222
internal_value=-0.000309922 -0.00109965 0.00160612 -0.00575 0.00255562 -0.00630708
internal_weight=20242 10612 9630 1095 8535 871
internal_count=20242 10612 9630 1095 8535 871
is_linear=0
shrinkage=0.05


Tree=351
num_leaves=7
num_cat=0
split_feature=27 0 28 46 20 48
split_gain=13.1205 18.9982 17.5404 17.9638 12.1948 36.7919
threshold=0.10212123021483423 -0.04636245779693126 0.01178581500425935 1.1394408345222475 0.22500000149011615 -0.39113730192184443
decision_type=10 8 10 10 8 10
left_child=4 2 -2 -4 5 -1
right_child=1 -3 3 -5 -6 -7
leaf_value=-6.2139507708772914e-05 0.00022230657758388799 -0.00055910335326602378 0.00012976599425503036 -0.00039421964473395027 1.0224340572499085e-05 0.00017024563548601602
leaf_weight=3159 115 77 52 75 16073 720
leaf_count=3159 115 77 52 75 16073 720
internal_value=-0.000329207 -0.0099537 -0.00273279 -0.0153409 0.000189157 -0.00232364
internal_weight=20271 319 242 127 19952 3879
internal_count=20271 319 242 127 19952 3879
is_linear=0
shrinkage=0.05


Tree=352
num_leaves=7
num_cat=0
split_feature=36 45 36 35 26 9
split_gain=12.0331 14.552 13.9758 23.8543 71.4969 21.5663
threshold=-0.933234542608261 0.09622568637132646 -0.84395733475685109 -0.82606002688407887 0.015565364621579649 -0.039061719551682465
decision_type=8 8 8 8 8 10
left_child=1 -1 5 4 -4 -2
right_child=2 -3 3 -5 -6 -7
leaf_value=-0.0001483692642667268 -0.00041478061428025249 0.00032512284517669936 0.00036261815797250627 -6.2875022895998032e-06 -0.00028672105303876368 4.1074092028367178e-06
leaf_weight=52 322 196 353 18854 95 438
leaf_count=52 322 196 353 18854 95 438
internal_value=-0.00035811 0.0105731 -0.000397419 -0.000133371 0.0112031 -0.00702614
internal_weight=20310 248 20062 19302 448 760
internal_count=20310 248 20062 19302 448 760
is_linear=0
shrinkage=0.05


Tree=353
num_leaves=7
num_cat=0
split_feature=49 33 4 32 0 15
split_gain=11.0403 17.8871 12.2288 9.09412 31.2722 22.759
threshold=2.3901141881942753 0.55491080880165111 0.76172888278961193 -0.68894684314727772 -0.039663525298237794 0.22500000149011615
decision_type=10 10 8 10 8 10
left_child=3 -2 -3 4 -1 -5
right_child=1 2 -4 5 -6 -7
leaf_value=0.00042616163037938133 -0.00040547224891652805 0.00018247049312612807 -0.00022051845138367735 -9.3346872202496747e-05 1.3753527943683722e-05 4.2260545799833847e-06
leaf_weight=288 91 71 78 1858 3880 14074
leaf_count=288 91 71 78 1858 3880 14074
internal_value=-0.000337921 -0.0105102 0.000162338 0.000167869 0.00224659 -0.000374914
internal_weight=20340 240 149 20100 4168 15932
internal_count=20340 240 149 20100 4168 15932
is_linear=0
shrinkage=0.05


Tree=354
num_leaves=7
num_cat=0
split_feature=36 26 36 24 1 47
split_gain=12.6813 59.3385 37.9504 78.4057 29.2795 26.1971
threshold=0.4084292352199555 -0.075780350714921937 0.28642398118972784 -0.046679060906171792 0.024577808566391472 0.76777011156082164
decision_type=8 8 10 10 10 8
left_child=2 -2 -1 -4 -5 -3
right_child=1 5 3 4 -6 -7
leaf_value=-7.4689955395865034e-06 0.00066197962231283021 4.7658570526721064e-05 0.00059150254339504493 -0.00034853887194198174 0.00019365039899369441 -1.0736002220596008e-05
leaf_weight=11012 204 1372 67 614 88 6957
leaf_count=11012 204 1372 67 614 88 6957
internal_value=-0.000338353 0.00131471 -0.00121543 -0.0119186 -0.0169378 0.000650948
internal_weight=20314 8533 11781 769 702 8329
internal_count=20314 8533 11781 769 702 8329
is_linear=0
shrinkage=0.05


Tree=355
num_leaves=7
num_cat=0
split_feature=39 45 1 10 38 10
split_gain=15.4281 27.0121 27.5222 24.422 25.1397 23.9227
threshold=0.060265092179179199 0.091784611344337477 0.013830389827489855 0.028015427291393283 0.033823875710368163 0.003871433669701219
decision_type=10 8 10 8 8 8
left_child=-1 3 5 -2 -5 -3
right_child=1 2 -4 4 -6 -7
leaf_value=-4.2858333208317494e-06 3.1619823835937908e-05 -0.00058218029407113676 0.00020833626114013013 0.0007595411857775333 -3.8307516771854425e-05 -2.5913911339962978e-05
leaf_weight=19184 364 101 213 204 66 280
leaf_count=19184 364 101 213 204 66 280
internal_value=-0.000292648 0.00549473 -0.00212855 0.0126369 0.0239091 -0.0101684
internal_weight=20412 1228 594 634 270 381
internal_count=20412 1228 594 634 270 381
is_linear=0
shrinkage=0.05


Tree=356
num_leaves=7
num_cat=0
split_feature=36 10 48 50 39 6
split_gain=11.7969 51.0772 29.0153 34.8923 35.1333 36.4136
threshold=0.69847875833511364 -0.078066796064376817 inf -1.0929045677185056 -0.0089896977879106981 0.48465856909751898
decision_type=8 8 8 8 10 8
left_child=2 -2 -1 -4 -5 -6
right_child=1 -3 3 4 5 -7
leaf_value=-7.7536891914384923e-06 0.00077332783403910805 1.2985030641289153e-05 0.00042795217975311918 1.140148135621898e-05 -0.00017401807451481425 -0.0013763091114929623
leaf_weight=12931 163 6370 109 224 253 185
leaf_count=12931 163 6370 109 224 253 185
internal_value=-0.000324852 0.00150275 -0.00107792 -0.0104704 -0.0148051 -0.0229684
internal_weight=20235 6533 13702 771 662 438
internal_count=20235 6533 13702 771 662 438
is_linear=0
shrinkage=0.05


Tree=357
num_leaves=7
num_cat=0
split_feature=32 41 50 47 3 3
split_gain=12.474 18.4637 26.453 21.7888 23.6803 27.1425
threshold=-0.74590468406677235 0.13618054986000064 -1.6080870628356931 1.2338252663612368 0.01248455233871937 0.01033905614167452
decision_type=8 8 8 8 8 8
left_child=1 3 -3 4 5 -1
right_child=-2 2 -4 -5 -6 -7
leaf_value=7.8877977158941555e-05 -9.4659700522160225e-07 -0.00010306777942508915 0.00084854174307889385 -9.3489100937521347e-05 -0.00082808094230681539 0.00077972624564539748
leaf_weight=862 18574 68 157 623 50 89
leaf_count=862 18574 68 157 623 50 89
internal_value=-0.000268014 0.0042206 0.0175 0.00231737 0.0068837 0.00870816
internal_weight=20423 1849 225 1624 1001 951
internal_count=20423 1849 225 1624 1001 951
is_linear=0
shrinkage=0.05


Tree=358
num_leaves=7
num_cat=0
split_feature=8 26 50 38 35 36
split_gain=13.1104 34.8734 24.0317 20.1919 22.4571 29.9002
threshold=0.91771188378334057 -0.036808768287301057 0.8108697533607484 0.033823875710368163 -0.78142160177230824 -0.67088043689727772
decision_type=10 8 10 8 8 8
left_child=-1 2 -2 4 -3 -6
right_child=1 3 -4 -5 5 -7
leaf_value=9.7201630962511737e-06 5.1921604634288905e-05 -0.00019387186393568401 -0.00033319152172601638 -0.0002317928511681433 0.00032547471347960024 -9.9518406510124873e-06
leaf_weight=17150 74 205 185 158 254 2244
leaf_count=17150 74 205 185 158 254 2244
internal_value=-0.000270037 -0.002776 -0.0201705 -0.00116015 -0.000120015 0.00118857
internal_weight=20270 3120 259 2861 2703 2498
internal_count=20270 3120 259 2861 2703 2498
is_linear=0
shrinkage=0.05


Tree=359
num_leaves=7
num_cat=0
split_feature=28 39 12 50 46 13
split_gain=11.5179 18.1569 43.7897 33.3285 20.7273 19.0798
threshold=-0.0083904592320322973 -0.021720011718571183 0.016195491887629036 -0.39200589060783381 0.94684466719627391 0.051641404628753669
decision_type=10 8 10 8 10 8
left_child=-1 2 3 4 -2 -5
right_child=1 -3 -4 5 -6 -7
leaf_value=3.6218852970411931e-05 4.9887272470892269e-05 -1.0967131096573883e-07 -0.00020809520291944131 -2.8450556326665925e-05 0.00053278501430599435 -0.00060641490287584906
leaf_weight=4755 148 12941 668 1613 75 76
leaf_count=4755 148 12941 668 1613 75 76
internal_value=-0.000324195 -0.000768066 -0.00459381 -0.000717267 0.0172149 -0.00314345
internal_weight=20276 15521 2580 1912 223 1689
internal_count=20276 15521 2580 1912 223 1689
is_linear=0
shrinkage=0.05


Tree=360
num_leaves=7
num_cat=0
split_feature=16 44 10 35 50 44
split_gain=11.7749 24.6566 27.6686 21.1761 34.3096 18.8782
threshold=0.075000001117587103 0.098995089530944838 0.021204527467489246 -0.67620697617530812 -1.2487327456474302 0.13072439283132556
decision_type=8 8 10 8 10 10
left_child=1 2 -1 -3 5 -5
right_child=-2 3 -4 4 -6 -7
leaf_value=0.00028754124321004221 2.4733795797822261e-06 0.00025368749991093491 -0.00030769355776797221 -0.00022000130261864531 -0.0010487876126061911 0.00032334009157536646
leaf_weight=256 19247 70 169 270 183 65
leaf_count=256 19247 70 169 270 183 65
internal_value=-0.000319516 -0.00532908 0.00377907 -0.0119309 -0.0154398 -0.00566176
internal_weight=20260 1013 425 588 518 335
internal_count=20260 1013 425 588 518 335
is_linear=0
shrinkage=0.05


Tree=361
num_leaves=7
num_cat=0
split_feature=27 7 45 0 36 10
split_gain=13.6749 17.2115 20.0546 13.3718 18.955 11.8779
threshold=0.10212123021483423 0.84082934260368358 0.10464640706777574 -0.10228887945413588 -0.46010400354862208 -0.11349579319357871
decision_type=10 8 8 8 10 8
left_child=3 -2 -3 4 -1 -5
right_child=1 2 -4 5 -6 -7
leaf_value=-6.2702609767015943e-05 0.00033723960203811031 2.0678121761693106e-05 -0.00045529622820616599 8.6227469049354275e-05 0.00058175190396365418 -1.9668316895185036e-06
leaf_weight=74 81 102 150 1074 167 18703
leaf_count=74 81 102 150 1074 167 18703
internal_value=-0.000298438 -0.00983728 -0.0162451 0.000303401 0.0118902 0.000157972
internal_weight=20351 333 252 20018 241 19777
internal_count=20351 333 252 20018 241 19777
is_linear=0
shrinkage=0.05


Tree=362
num_leaves=7
num_cat=0
split_feature=1 42 45 24 44 48
split_gain=10.6391 23.3225 14.4259 14.0939 38.5277 45.428
threshold=0.109265323728323 0.15256892889738086 0.14596860855817798 -0.046679060906171792 0.12618041038513186 -0.65325963497161854
decision_type=10 10 8 8 10 8
left_child=3 -2 -3 4 -1 -6
right_child=1 2 -4 -5 5 -7
leaf_value=8.3952161996886129e-06 -0.000351159261296336 0.00031987095195857836 -0.00017758245124716241 -6.161254286265019e-06 5.6438846377768888e-06 0.00057086190060786225
leaf_weight=2885 142 64 93 16405 275 280
leaf_count=2885 142 64 93 16405 275 280
internal_value=-0.000306467 -0.00929276 0.00385802 0.000132242 0.00304064 0.0150446
internal_weight=20144 299 157 19845 3440 555
internal_count=20144 299 157 19845 3440 555
is_linear=0
shrinkage=0.05


Tree=363
num_leaves=7
num_cat=0
split_feature=41 21 35 29 29 13
split_gain=13.2913 30.5614 37.7364 53.8167 35.358 34.5055
threshold=0.09456112235784532 0.27500000596046453 0.11016528308391572 0.067718572914600386 -0.057748397812247269 0.032528674229979522
decision_type=10 10 10 10 10 10
left_child=1 -1 5 4 -4 -3
right_child=-2 2 3 -5 -6 -7
leaf_value=-1.622860150538551e-05 -2.6897077732153776e-05 8.5199306786459581e-05 0.00054584413849003669 -0.00064559521541368646 -2.2115343161617812e-05 0.00062387775380367844
leaf_weight=4819 8590 4133 92 136 2145 437
leaf_count=4819 8590 4133 92 136 2145 437
internal_value=-0.000283686 0.00120464 0.0033283 -0.0017767 0.000100357 0.00598361
internal_weight=20352 11762 6943 2373 2237 4570
internal_count=20352 11762 6943 2373 2237 4570
is_linear=0
shrinkage=0.05


Tree=364
num_leaves=7
num_cat=0
split_feature=42 43 41 24 12 29
split_gain=10.7345 33.1888 43.8428 42.246 38.1719 35.9959
threshold=0.12726530432701114 0.12368524074554445 0.15376371890306476 -0.027136513032019135 0.10210229083895685 0.021130520850420002
decision_type=10 10 8 10 8 10
left_child=-1 4 -3 -4 5 -2
right_child=1 2 3 -5 -6 -7
leaf_value=5.3456141141290432e-06 0.00020026878457679066 -0.00028481224847539099 0.00025875102575118709 -0.00028938086110483614 -0.00018693947204855669 -3.4057961449092984e-05
leaf_weight=16603 700 1142 458 474 273 531
leaf_count=16603 700 1142 458 474 273 531
internal_value=-0.000345537 -0.00267234 -0.00677008 0.001254 0.00296554 0.00673544
internal_weight=20181 3578 2074 932 1504 1231
internal_count=20181 3578 2074 932 1504 1231
is_linear=0
shrinkage=0.05


Tree=365
num_leaves=7
num_cat=0
split_feature=22 10 36 41 35 12
split_gain=11.5773 27.1285 25.2771 31.4888 24.4168 35.0546
threshold=0.57500001788139354 -0.11349579319357871 -1.0000000180025095e-35 0.071675654500722899 -0.79568704962730397 0.033759638667106635
decision_type=8 8 8 8 8 10
left_child=1 2 3 -1 5 -2
right_child=4 -3 -4 -5 -6 -7
leaf_value=0.00048349753575741353 -3.8204458612886296e-05 -1.8847362811443612e-05 0.00060377746741472412 -0.00016447161562301621 4.2255512133537043e-05 -0.00066928650044201156
leaf_weight=78 731 10366 84 173 8862 87
leaf_count=78 731 10366 84 173 8862 87
internal_value=-0.000322525 -0.0011699 0.0127206 0.00439453 0.0012158 -0.00701701
internal_weight=20381 10701 335 251 9680 818
internal_count=20381 10701 335 251 9680 818
is_linear=0
shrinkage=0.05


Tree=366
num_leaves=7
num_cat=0
split_feature=35 35 36 36 18 10
split_gain=11.6399 84.8575 51.6902 50.6003 46.8234 41.9002
threshold=1.0000000180025095e-35 -0.048782136291265481 0.15909313410520556 0.15909313410520556 0.12500000372529033 -0.078066796064376817
decision_type=8 8 10 8 8 8
left_child=1 2 -1 4 -2 -5
right_child=3 -3 -4 5 -6 -7
leaf_value=-1.2790308832665324e-05 -0.00021369422537251661 -0.00024186611937701753 0.00028854822900777424 0.00040080917811151969 0.00019089458754612578 -1.098145722622496e-05
leaf_weight=7886 238 790 413 149 1483 9254
leaf_count=7886 238 790 413 149 1483 9254
internal_value=-0.000305421 -0.00134429 0.000147519 0.00106703 0.00893685 -0.000374681
internal_weight=20213 9089 8299 11124 1721 9403
internal_count=20213 9089 8299 11124 1721 9403
is_linear=0
shrinkage=0.05


Tree=367
num_leaves=7
num_cat=0
split_feature=26 29 32 2 46 26
split_gain=10.0972 26.7342 37.7878 31.0507 29.4977 24.6921
threshold=0.088827747851610198 -0.041456293314695351 -0.48598554730415339 0.01931495871394873 1.3748710751533511 0.16912440210580829
decision_type=8 8 8 8 10 10
left_child=-1 2 3 -2 -3 -4
right_child=1 4 5 -5 -6 -7
leaf_value=-9.9174776213140912e-06 -1.0032556734340454e-05 5.5874875613743608e-05 -0.00043765080928270827 0.0016370704709843483 -0.0010132891479135925 0.00030829206415207633
leaf_weight=12507 311 6680 521 71 77 58
leaf_count=12507 311 6680 521 71 77 58
internal_value=-0.000295353 0.00153761 -0.00623706 0.00587855 0.00265084 -0.0142551
internal_weight=20225 7718 961 382 6757 579
internal_count=20225 7718 961 382 6757 579
is_linear=0
shrinkage=0.05


Tree=368
num_leaves=7
num_cat=0
split_feature=29 41 41 17 47 41
split_gain=12.2173 31.1119 25.3256 32.424 36.8468 27.0342
threshold=-0.057748397812247269 0.081826526671648039 0.11036986485123636 0.17500000447034839 1.0643397569656374 0.093323342502117171
decision_type=10 8 8 8 10 8
left_child=1 -1 3 5 -5 -3
right_child=-2 2 -4 4 -6 -7
leaf_value=0.00043401154896154852 -1.1021975788037017e-05 8.9354151743452695e-05 9.2899929251104741e-05 0.00035987575968350139 -0.00030981297335430511 -0.0006569873397404615
leaf_weight=214 17415 108 2008 135 70 318
leaf_count=214 17415 108 2008 135 70 318
internal_value=-0.000329256 0.00277292 0.00125756 -0.00742925 0.00869048 -0.0152552
internal_weight=20268 2853 2639 631 205 426
internal_count=20268 2853 2639 631 205 426
is_linear=0
shrinkage=0.05


Tree=369
num_leaves=7
num_cat=0
split_feature=1 36 36 48 48 2
split_gain=13.1882 32.0499 38.4395 57.7369 57.5538 38.6659
threshold=0.020032591186463836 -1.0000000180025095e-35 -0.17653131484985349 0.58311569690704357 2.0748543739318852 0.012156269047409298
decision_type=8 8 10 8 8 8
left_child=-1 2 4 -4 5 -2
right_child=1 -3 3 -5 -6 -7
leaf_value=-8.7749726862040757e-06 8.1833873744268249e-05 8.0396442073253378e-05 -0.00047473586182365883 0.00016305128771294003 -0.00039502686233917569 -0.00037648024618274476
leaf_weight=12958 1599 4698 340 92 211 349
leaf_count=12958 1599 4698 340 92 211 349
internal_value=-0.000250593 0.00201878 -0.00243644 -0.0159611 0.000288817 0.00300819
internal_weight=20247 7289 2591 432 2159 1948
internal_count=20247 7289 2591 432 2159 1948
is_linear=0
shrinkage=0.05


Tree=370
num_leaves=7
num_cat=0
split_feature=46 26 26 0 32 45
split_gain=11.8117 37.5356 46.0266 41.8274 40.2214 49.0182
threshold=1.0738228559494021 0.046110965311527259 0.18496914207935336 -1.0000000180025095e-35 -0.33737632632255549 0.069334965199232115
decision_type=10 10 8 8 10 8
left_child=-1 4 3 -3 -2 -6
right_child=1 2 -4 -5 5 -7
leaf_value=7.0716430845157264e-06 2.9189790255100828e-06 0.00030642514351134238 -0.00015717304119386256 -0.00019290613730825479 4.5866643882472328e-05 -0.00042467362823400126
leaf_weight=15515 1535 1017 289 231 467 1174
leaf_count=15515 1535 1017 289 231 467 1174
internal_value=-0.000290367 -0.0022944 0.00410182 0.00828013 -0.00539925 -0.0108293
internal_weight=20228 4713 1537 1248 3176 1641
internal_count=20228 4713 1537 1248 3176 1641
is_linear=0
shrinkage=0.05


Tree=371
num_leaves=7
num_cat=0
split_feature=39 40 3 10 38 1
split_gain=15.962 25.1254 28.0196 20.3194 21.6084 19.4793
threshold=0.060265092179179199 0.12200275808572771 0.0089619006030261534 0.028015427291393283 0.028749213553965095 0.0016169426380656662
decision_type=8 10 8 8 8 10
left_child=-1 2 3 5 -5 -2
right_child=1 -3 -4 4 -6 -7
leaf_value=-6.255717737283775e-06 -0.00014929216065106052 0.00028950124307931233 -6.1413415590149659e-05 0.00074664863341771534 1.4280436081541278e-05 7.8596461012586183e-05
leaf_weight=18145 107 345 1245 157 81 273
leaf_count=18145 107 345 1245 157 81 273
internal_value=-0.000342617 0.00405558 0.00172645 0.0103933 0.0217078 0.00305195
internal_weight=20353 2208 1863 618 238 380
internal_count=20353 2208 1863 618 238 380
is_linear=0
shrinkage=0.05


Tree=372
num_leaves=7
num_cat=0
split_feature=1 47 50 27 0 21
split_gain=13.9962 17.2749 13.888 11.74 18.4858 14.7948
threshold=0.109265323728323 0.84555414319038402 1.2477719187736513 0.10212123021483423 -0.10228887945413588 0.72499999403953563
decision_type=10 10 8 10 8 8
left_child=3 -2 -3 4 -1 -5
right_child=1 2 -4 5 -6 -7
leaf_value=0.00041050799528422874 8.8318776622705209e-05 4.7641418856019489e-05 -0.00049009010490125586 0.00015280703307058796 1.6691153363906204e-06 -0.00021717040920850566
leaf_weight=213 117 54 135 81 19505 231
leaf_count=213 117 54 135 81 19505 231
internal_value=-0.000333071 -0.0105305 -0.0197165 0.000158473 0.000313086 -0.00938486
internal_weight=20336 306 189 20030 19718 312
internal_count=20336 306 189 20030 19718 312
is_linear=0
shrinkage=0.05


Tree=373
num_leaves=7
num_cat=0
split_feature=50 44 34 47 45 39
split_gain=11.8146 38.6907 42.6204 38.6617 48.4823 37.181
threshold=0.87808635830879223 0.11565121263265611 0.72624069452285778 0.93843740224838268 0.093085866421461119 -0.012688139919191597
decision_type=10 8 8 10 8 10
left_child=-1 3 -3 4 5 -2
right_child=1 2 -4 -5 -6 -7
leaf_value=4.090425704888706e-06 -0.00013824728994047715 -0.00042007151358332035 1.9573368667075502e-05 -9.7691770826251716e-05 0.00093936830604169231 0.00014637814398852598
leaf_weight=16853 279 410 276 1701 136 657
leaf_count=16853 279 410 276 1701 136 657
internal_value=-0.000289167 -0.00283632 -0.0134226 -0.000188985 0.00721913 0.00305526
internal_weight=20312 3459 686 2773 1072 936
internal_count=20312 3459 686 2773 1072 936
is_linear=0
shrinkage=0.05


Tree=374
num_leaves=7
num_cat=0
split_feature=42 10 2 36 25 36
split_gain=10.9763 29.6513 23.6398 32.9449 28.527 27.1731
threshold=0.12974961102008822 -0.11349579319357871 0.011122682131826879 0.61195018887519848 0.052247349172830589 0.18385753780603412
decision_type=10 8 10 10 10 10
left_child=1 -1 4 -4 -3 -6
right_child=-2 2 3 -5 5 -7
leaf_value=0.0001873671659603551 -4.0789432426158444e-05 -1.4075992619365375e-05 0.00012395605624679443 -0.00070741884525655986 0.00052920908817017645 -6.7373173293252368e-05
leaf_weight=622 3276 13362 2655 99 223 102
leaf_count=622 3276 13362 2655 99 223 102
internal_value=-0.000387092 0.000452601 4.40837e-05 0.00426785 -0.000805215 0.0137121
internal_weight=20339 17063 16441 2754 13687 325
internal_count=20339 17063 16441 2754 13687 325
is_linear=0
shrinkage=0.05


Tree=375
num_leaves=7
num_cat=0
split_feature=20 24 12 35 38 9
split_gain=12.7625 49.8156 38.5516 36.3287 31.6171 39.4321
threshold=0.17500000447034839 0.04921365529298783 0.0033793736947700386 -0.24008493125438687 1.0000000180025095e-35 -0.028841135092079636
decision_type=8 10 10 10 8 10
left_child=1 2 3 -1 -5 -6
right_child=-2 -3 -4 4 5 -7
leaf_value=-0.00015494469515967628 1.171976746518397e-05 0.00068952296995520765 -0.00029557190499473866 0.00017052181620947458 3.4821403412871797e-05 -0.00022543330855677056
leaf_weight=1274 17422 65 213 641 576 138
leaf_count=1274 17422 65 213 641 576 138
internal_value=-0.000239746 -0.0027215 -0.00374956 -0.00205961 0.00362132 -0.00358136
internal_weight=20329 2907 2842 2629 1355 714
internal_count=20329 2907 2842 2629 1355 714
is_linear=0
shrinkage=0.05


Tree=376
num_leaves=7
num_cat=0
split_feature=4 15 10 2 38 21
split_gain=15.1474 18.2747 17.7024 16.5115 17.1083 13.9533
threshold=0.91802850365638744 0.57500001788139354 0.11948225274682046 0.0094096469692885893 0.0059336163103580484 0.62500000000000011
decision_type=10 10 8 8 8 8
left_child=-1 -2 5 4 -4 -3
right_child=1 2 3 -5 -6 -7
leaf_value=3.3089124146625362e-06 -0.00017381934843880127 -1.2684250372960756e-05 -0.00020619003818845945 -0.00051329808585091235 0.00063255583973984345 0.00033379549635737318
leaf_weight=18711 705 361 51 165 52 246
leaf_count=18711 705 361 51 165 52 246
internal_value=-0.000353518 -0.00477918 2.84091e-05 -0.0105311 0.00486111 0.00477941
internal_weight=20291 1580 875 268 103 607
internal_count=20291 1580 875 268 103 607
is_linear=0
shrinkage=0.05


Tree=377
num_leaves=7
num_cat=0
split_feature=23 20 35 5 27 27
split_gain=13.395 22.1604 24.2722 21.7977 16.5396 16.1327
threshold=-0.0033605917124077673 0.92499998211860668 0.28557743132114416 0.72624069452285778 0.029283411800861362 0.0066044961567968139
decision_type=10 10 10 10 8 10
left_child=1 3 -3 -1 -4 -2
right_child=5 2 4 -5 -6 -7
leaf_value=2.0308987081712072e-05 -3.4196375151475832e-05 0.00035092830951846308 -0.00057056357263390346 -0.00024801069517541192 0.00024319999881580897 8.2772225388444507e-06
leaf_weight=7803 5483 323 51 100 51 6409
leaf_count=7803 5483 323 51 100 51 6409
internal_value=-0.000354759 0.00155706 0.0126163 0.000951568 -0.00817757 -0.00105699
internal_weight=20220 8328 425 7903 102 11892
internal_count=20220 8328 425 7903 102 11892
is_linear=0
shrinkage=0.05


Tree=378
num_leaves=7
num_cat=0
split_feature=33 19 49 47 42 30
split_gain=13.5967 25.7176 27.4597 25.382 27.7417 24.6438
threshold=-0.32722230255603785 0.22500000149011615 -0.86984354257583607 0.71723186969757091 0.10559679195284845 26.417401313781742
decision_type=10 10 10 10 8 10
left_child=1 2 3 4 -1 -6
right_child=-2 -3 -4 -5 5 -7
leaf_value=0.00074131570414688976 -8.1949185729367644e-06 0.00026454846029592955 0.00041375476249278821 -7.2471345435151137e-05 0.00019335159559923646 -0.00020674527010459688
leaf_weight=130 17866 342 91 1187 258 282
leaf_count=130 17866 342 91 1187 258 282
internal_value=-0.000355885 0.00351852 0.00126728 -6.71321e-05 0.00766667 0.00252294
internal_weight=20156 2290 1948 1857 670 540
internal_count=20156 2290 1948 1857 670 540
is_linear=0
shrinkage=0.05


Tree=379
num_leaves=7
num_cat=0
split_feature=27 29 5 44 36 3
split_gain=15.5131 14.3876 16.359 15.028 41.0215 12.9259
threshold=0.10212123021483423 0.10457879304885866 0.98154112696647655 0.094220943748950972 -0.12028031051158904 0.0068329283967614183
decision_type=10 10 10 8 10 8
left_child=1 2 -1 -3 -5 -4
right_child=-2 3 5 4 -6 -7
leaf_value=9.3049529864450389e-07 -0.00015460400985771333 0.00073535329818453534 5.9981227105200111e-05 0.00023329478052541664 -0.00077163902392330948 -0.00043933437330370738
leaf_weight=19465 310 115 70 227 55 121
leaf_count=19465 310 115 70 227 55 121
internal_value=-0.00032772 0.000150813 -3.94181e-05 0.00951493 0.00304878 -0.0144133
internal_weight=20363 20053 19656 397 282 191
internal_count=20363 20053 19656 397 282 191
is_linear=0
shrinkage=0.05


Tree=380
num_leaves=7
num_cat=0
split_feature=47 39 6 42 44 42
split_gain=10.8952 35.7987 43.4386 42.3432 33.3057 42.0413
threshold=0.86003702878952037 0.014254579320549967 0.83422309160232555 0.084342740476131453 0.085979741066694274 0.074969615787267699
decision_type=8 10 8 10 8 10
left_child=1 3 -3 4 -1 -6
right_child=-2 2 -4 -5 5 -7
leaf_value=-2.3638084833873957e-06 1.3933245302565719e-05 -3.0126432271167194e-05 -0.00036760571374053869 8.7000438392937377e-05 -0.00026680380288006064 -6.6009394686411738e-05
leaf_weight=1700 13891 1453 406 2177 178 496
leaf_count=1700 13891 1453 406 2177 178 496
internal_value=-0.000323796 -0.00163289 -0.00747049 0.000751756 -0.00385666 -0.013218
internal_weight=20301 6410 1859 4551 2374 674
internal_count=20301 6410 1859 4551 2374 674
is_linear=0
shrinkage=0.05


Tree=381
num_leaves=7
num_cat=0
split_feature=27 0 0 28 22 3
split_gain=13.4481 17.8953 18.8887 18.539 16.3734 33.0926
threshold=0.10212123021483423 -0.04636245779693126 -0.074075479060411439 0.0073644523508846768 0.62500000000000011 0.0062191602773964414
decision_type=10 8 8 10 8 8
left_child=4 2 3 -2 -1 -6
right_child=1 -3 -4 -5 5 -7
leaf_value=-1.1898220321488948e-05 0.00014842664672464723 -0.00050856030745469573 0.00035696715815517827 -0.00032840111182581621 -0.00034358212834055199 4.0932517089251314e-05
leaf_weight=11612 67 79 82 104 330 8097
leaf_count=11612 67 79 82 104 330 8097
internal_value=-0.000293237 -0.0100148 -0.00319767 -0.012642 5.61265e-05 0.00173446
internal_weight=20371 332 253 171 20039 8427
internal_count=20371 332 253 171 20039 8427
is_linear=0
shrinkage=0.05


Tree=382
num_leaves=7
num_cat=0
split_feature=27 21 36 36 10 48
split_gain=12.9428 15.1204 20.9371 12.0436 54.7329 43.9159
threshold=0.10212123021483423 0.72499999403953563 -0.51190462708473194 0.4084292352199555 -0.086420770734548555 inf
decision_type=10 8 8 8 8 8
left_child=3 -2 -3 5 -5 -1
right_child=1 2 -4 4 -6 -7
leaf_value=6.3091467814025135e-07 9.4363714418356401e-05 0.00021878556491234668 -0.00047832342152853854 0.00061652457203780994 1.5302159252700288e-05 -0.00024818186312767788
leaf_weight=10980 88 69 156 149 8172 701
leaf_count=10980 88 69 156 149 8172 701
internal_value=-0.000308809 -0.00982704 -0.0166304 0.000338631 0.00179258 -0.000695276
internal_weight=20315 313 225 20002 8321 11681
internal_count=20315 313 225 20002 8321 11681
is_linear=0
shrinkage=0.05


Tree=383
num_leaves=7
num_cat=0
split_feature=12 39 39 42 50 45
split_gain=10.8231 33.9274 46.9844 57.7773 63.1503 76.8552
threshold=0.0071379558648914107 -0.021720011718571183 0.01277802372351289 0.085794888436794295 -1.0000000180025095e-35 0.11261694133281709
decision_type=10 10 10 10 8 8
left_child=-1 -2 3 -3 -5 -6
right_child=1 2 -4 4 5 -7
leaf_value=1.1294230882094385e-05 -0.00014944326038254628 -5.7102723417108935e-05 -7.8630693696210389e-05 0.00044406914289769894 0.000273830898875164 -0.00029904591780512087
leaf_weight=12233 981 1446 3672 738 839 419
leaf_count=12233 981 1446 3672 738 839 419
internal_value=-0.000367629 -0.00137346 -0.000165051 0.00402524 0.00953273 0.00267221
internal_weight=20328 8095 7114 3442 1996 1258
internal_count=20328 8095 7114 3442 1996 1258
is_linear=0
shrinkage=0.05


Tree=384
num_leaves=7
num_cat=0
split_feature=45 35 40 22 35 44
split_gain=16.3439 43.6907 30.4614 22.4888 32.0465 19.5541
threshold=0.052659552544355399 0.60364270210266124 0.12463442236185075 0.37500000000000006 1.0000000180025095e-35 0.066833067685365691
decision_type=10 10 10 10 8 8
left_child=1 2 3 -1 -5 -2
right_child=5 -3 -4 4 -6 -7
leaf_value=-3.1123765635782946e-06 -8.6014611131136819e-05 0.00053079472377627721 0.0010528480111068922 0.0006314701455825165 -2.7569605193482252e-05 4.0310216175542314e-06
leaf_weight=1843 1232 178 65 78 80 16823
leaf_count=1843 1232 178 65 78 80 16823
internal_value=-0.00039278 0.00430191 0.00220908 0.00105932 0.018865 -0.000217331
internal_weight=20299 2244 2066 2001 158 18055
internal_count=20299 2244 2066 2001 158 18055
is_linear=0
shrinkage=0.05


Tree=385
num_leaves=7
num_cat=0
split_feature=46 10 35 39 41 11
split_gain=11.7557 36.5907 28.5626 30.5449 43.5016 27.3004
threshold=1.1394408345222475 -0.023928976617753502 0.73146840929985057 0.036685531958937652 0.18349169939756396 0.0088045541197061556
decision_type=10 8 10 8 8 8
left_child=-1 -2 3 4 -3 -4
right_child=1 2 5 -5 -6 -7
leaf_value=1.0222296167410522e-05 -0.00028031374820392278 -0.00014520512392167409 0.00063073717427906094 0.00011605406721723523 0.0017246986785072621 -3.1967402769216959e-05
leaf_weight=17496 553 1261 67 861 66 54
leaf_count=17496 553 1261 67 861 66 54
internal_value=-0.000313068 -0.00271189 5.4019e-05 -0.00126539 -0.00602477 0.0232143
internal_weight=20358 2862 2309 2188 1327 121
internal_count=20358 2862 2309 2188 1327 121
is_linear=0
shrinkage=0.05


Tree=386
num_leaves=7
num_cat=0
split_feature=35 41 44 20 41 45
split_gain=11.8393 23.475 20.4322 17.7257 24.6261 16.9047
threshold=0.8052598536014558 0.073109198361635222 0.096753001213073744 0.47499999403953558 0.057411484420299537 0.09622568637132646
decision_type=10 8 8 8 8 8
left_child=-1 3 -3 4 -2 -4
right_child=1 2 5 -5 -6 -7
leaf_value=5.1751277592423438e-07 0.00051259068517991763 -0.00051635884296466082 0.00039920176835803102 -0.0001485594539526573 -1.0830924999399145e-05 -0.00026272801472335339
leaf_weight=19724 55 159 56 73 105 59
leaf_count=19724 55 159 56 73 105 59
internal_value=-0.0003941 -0.00766602 -0.0174731 0.00388655 0.0131818 -0.00104167
internal_weight=20231 507 274 233 160 115
internal_count=20231 507 274 233 160 115
is_linear=0
shrinkage=0.05


Tree=387
num_leaves=7
num_cat=0
split_feature=41 43 29 2 22 2
split_gain=16.5403 32.5028 24.6557 22.0103 26.3788 34.5065
threshold=0.090572051703929915 0.12368524074554445 -0.064254965633153902 0.010287790093570949 0.87500000000000011 0.0087537360377609747
decision_type=10 10 8 10 10 8
left_child=1 2 -1 4 -4 -6
right_child=-2 -3 3 -5 5 -7
leaf_value=0.00032990145243225362 -2.6329340355255981e-05 0.00047725749752151474 2.0355372274850372e-05 -0.00048446841944779426 -0.00042883164654367056 0.0004335346862956784
leaf_weight=199 9421 165 9723 337 269 67
leaf_count=199 9421 165 9723 337 269 67
internal_value=-0.00040003 0.00139108 0.00104009 0.000699452 0.0011253 -0.0125367
internal_weight=20181 10760 10595 10396 10059 336
internal_count=20181 10760 10595 10396 10059 336
is_linear=0
shrinkage=0.05


Tree=388
num_leaves=7
num_cat=0
split_feature=9 2 42 39 32 18
split_gain=10.8636 21.2049 21.7716 17.1164 15.9226 26.9852
threshold=-0.094350792467594133 0.015736553817987445 0.15256892889738086 0.049735834822058685 -0.79688456654548634 0.22500000149011615
decision_type=8 8 10 10 8 8
left_child=1 -1 -3 -4 -2 -6
right_child=4 2 3 -5 5 -7
leaf_value=-0.00017767163514794353 8.2091882485221275e-05 0.00063180752536708845 -0.00034678432047293047 0.00024222864295915319 -5.408402700937225e-05 1.2582404944384363e-05
leaf_weight=578 1233 137 114 57 2126 16098
leaf_count=578 1233 137 114 57 2126 16098
internal_value=-0.000318213 -0.00513468 0.00535144 -0.00639205 0.000509968 0.000135773
internal_weight=20343 886 308 171 19457 18224
internal_count=20343 886 308 171 19457 18224
is_linear=0
shrinkage=0.05


Tree=389
num_leaves=7
num_cat=0
split_feature=6 20 7 15 2 44
split_gain=13.9238 20.3239 28.3844 18.1552 23.3184 25.407
threshold=0.26202458143234258 0.72499999403953563 0.84082934260368358 0.27500000596046453 0.014956626109778883 0.1354545280337334
decision_type=10 10 8 10 10 10
left_child=1 3 -3 4 5 -1
right_child=-2 2 -4 -5 -6 -7
leaf_value=-3.6816024398757951e-05 -1.3975685726901576e-05 0.00046847940808728851 -6.449591412653411e-05 5.1306736967550014e-05 0.00021398728536868168 0.00041056818665265486
leaf_weight=4180 13112 237 118 2171 370 120
leaf_count=4180 13112 237 118 2171 370 120
internal_value=-0.000338453 0.00181572 0.0134028 0.00120143 -0.000550802 -0.00159698
internal_weight=20308 7196 355 6841 4670 4300
internal_count=20308 7196 355 6841 4670 4300
is_linear=0
shrinkage=0.05


Tree=390
num_leaves=7
num_cat=0
split_feature=33 19 44 49 22 23
split_gain=9.20442 25.1346 18.3563 29.8283 24.7224 19.4713
threshold=-0.2471925467252731 0.27500000596046453 0.098995089530944838 -0.64990124106407154 0.47499999403953558 0.0046702162362635144
decision_type=8 8 10 10 10 10
left_child=1 2 3 5 -4 -1
right_child=-2 -3 4 -5 -6 -7
leaf_value=4.9479365456094984e-05 -8.3056224330625103e-06 0.00019496767542576547 -0.00035965855422977368 0.00046537896832893908 -1.8427517834118235e-05 -0.00043603529471157902
leaf_weight=1817 16874 531 177 66 674 74
leaf_count=1817 16874 531 177 66 674 74
internal_value=-0.000409289 0.0022503 0.000346605 0.00301988 -0.0057535 0.00180643
internal_weight=20213 3339 2808 1957 851 1891
internal_count=20213 3339 2808 1957 851 1891
is_linear=0
shrinkage=0.05


Tree=391
num_leaves=7
num_cat=0
split_feature=1 39 43 38 36 10
split_gain=10.5639 26.6299 51.2048 33.8431 86.1376 62.7799
threshold=0.0098411887884140032 0.0088110459037125128 0.13955748081207278 0.003716593026183546 0.32973018288612371 0.0073218182660639295
decision_type=8 10 10 8 8 8
left_child=1 2 3 5 -5 -1
right_child=-2 -3 -4 4 -6 -7
leaf_value=0.00010592112839110167 2.2562940686382452e-05 -4.591637068283285e-05 -0.00054780288471987886 0.00040391012135362024 -4.5788372772768595e-05 -5.6708563420149748e-05
leaf_weight=930 8808 6395 295 698 554 2536
leaf_count=930 8808 6395 295 698 554 2536
internal_value=-0.00036472 -0.000786384 0.00193802 0.003213 0.0102426 0.000655431
internal_weight=20216 11408 5013 4718 1252 3466
internal_count=20216 11408 5013 4718 1252 3466
is_linear=0
shrinkage=0.05


Tree=392
num_leaves=7
num_cat=0
split_feature=39 4 12 5 10 29
split_gain=13.6865 42.9652 29.3933 30.0533 19.54 32.3508
threshold=-0.021720011718571183 -0.55600833892822255 1.0000000180025095e-35 -0.45825046300888056 0.042461311444640167 -0.035308478400111191
decision_type=8 8 8 8 10 10
left_child=1 -1 3 -3 5 -4
right_child=-2 2 4 -5 -6 -7
leaf_value=0.00011604212380285166 7.2060840355842301e-06 0.0003858815629637703 -0.00057730314840267192 -2.0587802986690023e-06 -0.00029524008674414127 -5.3678231521081966e-05
leaf_weight=691 16933 92 219 465 536 1371
leaf_count=691 16933 92 219 465 536 1371
internal_value=-0.000358163 -0.00298165 -0.00585007 0.00431495 -0.00852886 -0.00568966
internal_weight=20307 3374 2683 557 2126 1590
internal_count=20307 3374 2683 557 2126 1590
is_linear=0
shrinkage=0.05


Tree=393
num_leaves=7
num_cat=0
split_feature=18 9 47 32 47 3
split_gain=11.3331 21.9968 22.0823 25.3136 23.7266 31.0275
threshold=0.27500000596046453 -0.034787781536579125 1.2485588192939761 -0.74590468406677235 0.80468624830245983 0.0060692504048347482
decision_type=8 10 10 8 10 8
left_child=1 -1 3 -3 -5 -6
right_child=-2 2 -4 4 5 -7
leaf_value=1.0269253419347975e-05 4.7389323560479307e-06 7.6819003969153088e-05 -0.00051763515506531455 -1.6535177391670177e-06 -0.00030847392077460898 -0.00012822437763298873
leaf_weight=2484 15711 333 125 650 195 775
leaf_count=2484 15711 333 125 650 195 775
internal_value=-0.000417941 -0.00253449 -0.00632501 -0.0049668 -0.00755385 -0.0124872
internal_weight=20273 4562 2078 1953 1620 970
internal_count=20273 4562 2078 1953 1620 970
is_linear=0
shrinkage=0.05


Tree=394
num_leaves=7
num_cat=0
split_feature=50 26 13 45 42 20
split_gain=12.599 30.5904 19.4737 16.675 37.9041 26.9451
threshold=1.6389867663383486 -0.054523106664419167 0.01565935276448727 0.12369841337203981 0.1022516041994095 0.87500000000000011
decision_type=10 8 8 8 10 8
left_child=-1 2 -2 4 5 -3
right_child=1 3 -4 -5 -6 -7
leaf_value=6.654545698165179e-06 -4.6945067181520015e-06 -0.0003011355696979441 -0.00040726305855006784 -0.000406381328952596 0.00043913781731027402 2.4413396973739598e-05
leaf_weight=19110 99 215 155 87 249 432
leaf_count=19110 99 215 155 87 249 432
internal_value=-0.000298496 -0.00469002 -0.0199807 -0.000632591 0.00141509 -0.00494632
internal_weight=20347 1237 254 983 896 647
internal_count=20347 1237 254 983 896 647
is_linear=0
shrinkage=0.05


Tree=395
num_leaves=7
num_cat=0
split_feature=10 22 50 26 44 22
split_gain=11.5072 61.0866 33.7527 19.0947 22.933 21.9508
threshold=-0.11349579319357871 0.97499999403953563 1.4243222475051882 -0.090278454124927507 0.074118088930845274 0.82500001788139354
decision_type=8 10 10 8 8 10
left_child=1 2 -1 4 -2 -6
right_child=3 -3 -4 -5 5 -7
leaf_value=0.00023321800243227797 -0.00045199866052830187 -0.00074129294482582625 -0.00021931498064089842 2.8312809030761828e-06 2.0150301426304606e-05 -0.00048979182470994915
leaf_weight=873 190 115 112 18279 506 192
leaf_count=873 190 115 112 18279 506 192
internal_value=-0.000442729 0.00513575 0.00921717 -0.000110839 -0.00725084 -0.00295164
internal_weight=20267 1100 985 19167 888 698
internal_count=20267 1100 985 19167 888 698
is_linear=0
shrinkage=0.05


Tree=396
num_leaves=7
num_cat=0
split_feature=36 36 24 48 39 35
split_gain=15.2865 34.3314 84.4246 38.1454 52.9348 36.2775
threshold=0.4084292352199555 0.28642398118972784 -0.046679060906171792 -1.9102648496627805 0.029270879924297336 0.035512069240212447
decision_type=8 10 10 10 10 8
left_child=1 3 -3 4 5 -1
right_child=-2 2 -4 -5 -6 -7
leaf_value=-0.00049247693587357139 2.6105660800472251e-05 0.00050704753951776504 -0.00026739604886740083 1.6023869306455937e-05 2.5175022769549269e-05 8.5903279219120773e-05
leaf_weight=596 8432 72 688 9489 739 153
leaf_count=596 8432 72 688 9489 739 153
internal_value=-0.000320958 -0.00083674 -0.0110784 -0.000120652 -0.00755191 -0.0168767
internal_weight=20169 11737 760 10977 1488 749
internal_count=20169 11737 760 10977 1488 749
is_linear=0
shrinkage=0.05


Tree=397
num_leaves=7
num_cat=0
split_feature=4 35 36 12 24 8
split_gain=11.664 16.3842 20.8108 38.8108 28.3439 24.7589
threshold=0.6603170931339265 0.77669364213943493 0.4084292352199555 0.030832130461931232 -1.0000000180025095e-35 0.94403001666069042
decision_type=10 10 8 8 10 8
left_child=-1 2 4 -4 5 -2
right_child=1 -3 3 -5 -6 -7
leaf_value=1.1516275044734644e-05 -8.791284692478827e-05 -0.00027679017705782826 0.00028267499981967146 -4.9181594517477317e-05 -8.2805770263709617e-06 -0.00032590647241821928
leaf_weight=16526 483 141 449 968 1572 226
leaf_count=16526 483 141 449 968 1572 226
internal_value=-0.000322779 -0.00221774 -0.00155955 0.00318214 -0.00451662 -0.0127801
internal_weight=20365 3839 3698 1417 2281 709
internal_count=20365 3839 3698 1417 2281 709
is_linear=0
shrinkage=0.05


Tree=398
num_leaves=7
num_cat=0
split_feature=45 35 21 42 9 3
split_gain=9.81192 34.0931 30.4889 30.1809 29.0938 31.0385
threshold=0.061445008963346488 -0.399615928530693 0.12500000372529033 0.060251584276556976 -0.034787781536579125 0.0057238216977566489
decision_type=8 8 8 8 10 8
left_child=1 2 -1 -2 -3 -6
right_child=3 4 -4 -5 5 -7
leaf_value=2.6056017522721802e-05 0.0002499515353579227 0.0002468860902892376 -0.00047575249733018801 5.2812874622864761e-06 1.4403095928722505e-06 -0.0002198653356833631
leaf_weight=124 246 180 281 17540 1733 210
leaf_count=124 246 180 281 17540 1733 210
internal_value=-0.000313746 -0.00271417 -0.0159146 0.000611264 -0.000152726 -0.00196355
internal_weight=20314 2528 405 17786 2123 1943
internal_count=20314 2528 405 17786 2123 1943
is_linear=0
shrinkage=0.05


Tree=399
num_leaves=7
num_cat=0
split_feature=32 36 26 17 36 42
split_gain=11.8874 42.3828 56.6784 45.6786 30.113 29.7791
threshold=0.66159439086914074 -0.12028031051158904 0.075476530939340605 0.42499999701976782 -0.73890262842178334 0.1022516041994095
decision_type=10 8 8 8 10 10
left_child=-1 2 4 -3 -2 -4
right_child=1 3 5 -5 -6 -7
leaf_value=1.1887338943209967e-05 0.0001012898073363779 0.00027496163825244005 0.00010542593842949441 -0.00015634634453582681 -0.00031734501901059038 0.0009201099053743997
leaf_weight=16750 124 201 445 2066 350 349
leaf_count=16750 124 201 445 2066 350 349
internal_value=-0.000264909 -0.00221045 0.00508641 -0.00630502 -0.00850731 0.0132353
internal_weight=20285 3535 1268 2267 474 794
internal_count=20285 3535 1268 2267 474 794
is_linear=0
shrinkage=0.05


Tree=400
num_leaves=7
num_cat=0
split_feature=33 27 35 44 36 21
split_gain=14.087 18.0254 23.5072 42.0655 32.5546 24.0644
threshold=0.6536473035812379 0.067453484982252135 0.17103331536054614 0.095404662191867842 -0.63747417926788319 0.37500000000000006
decision_type=10 10 10 10 8 8
left_child=1 -1 3 5 -5 -3
right_child=-2 2 -4 4 -6 -7
leaf_value=2.2651784954473219e-06 0.00011965017849724148 -9.599843468731003e-05 -0.00051169521387727217 0.00037708790788613532 -0.00022441246133416697 0.00042968213961415159
leaf_weight=18932 315 58 167 82 559 238
leaf_count=18932 315 58 167 82 559 238
internal_value=-0.000332826 -0.000183374 -0.00637962 -0.00321125 -0.0104102 0.0122093
internal_weight=20351 20036 1104 937 641 296
internal_count=20351 20036 1104 937 641 296
is_linear=0
shrinkage=0.05


Tree=401
num_leaves=7
num_cat=0
split_feature=11 19 13 41 41 50
split_gain=12.0512 18.0148 17.7318 28.1661 17.1414 33.6329
threshold=-0.0069467774592339984 0.47499999403953558 -0.032250791788101189 0.12898956984281543 0.074361596256494536 -0.09682824462652205
decision_type=10 10 8 8 8 10
left_child=1 4 3 -2 -1 -6
right_child=2 -3 -4 -5 5 -7
leaf_value=9.5764806540662748e-05 -0.00062571391137005816 0.00017868771922878161 -5.0727427405741208e-06 4.4820069425900983e-05 1.8130545089534894e-05 -0.00024104459951984365
leaf_weight=1199 171 941 13831 144 3257 685
leaf_count=1199 171 941 13831 144 3257 685
internal_value=-0.000300252 0.00203302 -0.000627164 -0.0122656 0.000859891 -0.000728401
internal_weight=20228 6082 14146 315 5141 3942
internal_count=20228 6082 14146 315 5141 3942
is_linear=0
shrinkage=0.05


Tree=402
num_leaves=7
num_cat=0
split_feature=1 44 44 2 2 16
split_gain=11.5385 25.3637 33.1076 36.7184 32.4634 40.6079
threshold=0.020032591186463836 0.074118088930845274 0.084188144654035582 0.0092701478861272352 0.0084970686584711092 0.22500000149011615
decision_type=8 8 8 8 8 8
left_child=-1 -2 3 -3 -4 -6
right_child=1 2 4 -5 5 -7
leaf_value=-1.262321412133483e-05 -0.00010955120168982074 0.00032912796919589072 -7.4263209191841777e-05 -0.00017745852231521129 -0.00020341924410303719 0.00011364496049807516
leaf_weight=12958 817 543 1392 140 764 3682
leaf_count=12958 817 543 1392 140 764 3682
internal_value=-0.000323876 0.00154909 0.00259347 0.0129724 0.00136488 0.00345428
internal_weight=20296 7338 6521 683 5838 4446
internal_count=20296 7338 6521 683 5838 4446
is_linear=0
shrinkage=0.05


Tree=403
num_leaves=7
num_cat=0
split_feature=11 38 41 44 17 38
split_gain=14.7868 23.8487 21.267 31.1577 27.6434 27.3523
threshold=-0.0069467774592339984 -0.012025413103401659 0.075591858476400389 0.066833067685365691 0.075000001117587103 0.033823875710368163
decision_type=10 8 8 8 8 10
left_child=1 -1 3 -3 -5 -4
right_child=-2 2 5 4 -6 -7
leaf_value=0.00016452419419228813 -9.1074278619636385e-06 -6.6811691675790558e-05 -4.3382073810536648e-05 -0.00024835325352764401 0.0002656296657021235 0.0001998553329213359
leaf_weight=1066 14230 388 3376 86 736 417
leaf_count=1066 14230 388 3376 86 736 417
internal_value=-0.000318903 0.00225963 0.000803714 0.00656379 0.0120617 -0.00103344
internal_weight=20299 6069 5003 1210 822 3793
internal_count=20299 6069 5003 1210 822 3793
is_linear=0
shrinkage=0.05


Tree=404
num_leaves=7
num_cat=0
split_feature=42 45 0 3 50 47
split_gain=12.2104 18.443 36.917 26.6762 33.7932 29.8732
threshold=0.050046153366565711 0.052659552544355399 0.0047097119968384513 0.005280691199004651 0.87808635830879223 0.61903119087219249
decision_type=8 8 8 8 10 8
left_child=-1 2 -2 4 -3 -5
right_child=1 3 -4 5 -6 -7
leaf_value=-1.8860648867215633e-05 0.00026344517566756427 -0.00032669904704690669 -5.4839601516594009e-05 0.00019657397781613355 0.00021247583675361751 -4.6075929988915326e-06
leaf_weight=613 421 203 277 270 78 18496
leaf_count=613 421 203 277 270 78 18496
internal_value=-0.000332711 -2.1519e-05 0.0079303 -0.00031624 -0.015472 -8.3906e-05
internal_weight=20358 19745 698 19047 281 18766
internal_count=20358 19745 698 19047 281 18766
is_linear=0
shrinkage=0.05


Tree=405
num_leaves=7
num_cat=0
split_feature=44 3 10 41 26 46
split_gain=9.17601 33.0135 26.0328 31.085 34.4842 39.4475
threshold=0.080776870250701918 0.005507596069946886 0.11948225274682046 0.067122384905815138 -0.090278454124927507 1.0643855333328249
decision_type=8 8 10 8 8 10
left_child=2 -2 3 -1 -5 -6
right_child=1 -3 -4 4 5 -7
leaf_value=-3.631700792716469e-06 -7.4143164454726338e-05 -4.3656796015458835e-06 -0.00034585289429111871 -0.00017695047747558261 0.00037207062674872313 3.1218941787076979e-05
leaf_weight=3094 203 14992 163 314 818 675
leaf_count=3094 203 14992 163 314 818 675
internal_value=-0.000344206 -0.000527961 0.00192839 0.00259376 0.00779525 0.0109646
internal_weight=20259 15195 5064 4901 1807 1493
internal_count=20259 15195 5064 4901 1807 1493
is_linear=0
shrinkage=0.05


Tree=406
num_leaves=7
num_cat=0
split_feature=39 10 1 22 40 46
split_gain=12.0661 29.312 39.8604 22.6709 21.2173 16.0445
threshold=0.060265092179179199 0.0073218182660639295 0.0080788042396307009 0.27500000596046453 0.12463442236185075 1.169795095920563
decision_type=8 10 8 10 10 10
left_child=5 2 -2 -3 -4 -1
right_child=1 3 4 -5 -6 -7
leaf_value=-3.2540971232820253e-06 -0.00027172772678615896 -0.00016304818791861239 2.2222586073168445e-05 0.00039847086176015033 0.0004634153857737818 -7.5237612567115046e-05
leaf_weight=16277 280 84 1218 448 149 1821
leaf_count=16277 280 84 1218 448 149 1821
internal_value=-0.000294596 0.00321658 -7.56659e-05 0.0133613 0.00344388 -0.000716732
internal_weight=20277 2179 1647 532 1367 18098
internal_count=20277 2179 1647 532 1367 18098
is_linear=0
shrinkage=0.05


Tree=407
num_leaves=7
num_cat=0
split_feature=36 42 44 44 10 42
split_gain=11.2101 40.3695 45.1051 41.528 40.4042 46.721
threshold=-0.51190462708473194 0.077622924000024809 0.083138793706893935 0.080776870250701918 -0.078066796064376817 0.054272485896945007
decision_type=10 8 8 8 10 10
left_child=1 3 -3 4 -1 -6
right_child=-2 2 -4 -5 5 -7
leaf_value=-0.00040763729799965059 -1.4098121269701862e-05 0.00042985691572502239 3.4617974325829114e-05 -0.00039860139276583705 -0.0003279138736404267 0.00010083283200005788
leaf_weight=92 11179 205 7554 376 140 666
leaf_count=92 11179 205 7554 376 140 666
internal_value=-0.000290597 0.00113133 0.00248905 -0.00709539 -0.00119048 0.00243527
internal_weight=20212 9033 7759 1274 898 806
internal_count=20212 9033 7759 1274 898 806
is_linear=0
shrinkage=0.05


Tree=408
num_leaves=7
num_cat=0
split_feature=27 8 48 3 36 11
split_gain=12.0417 15.9041 15.6071 13.3806 11.6663 15.2324
threshold=0.10212123021483423 0.90434104204177868 1.9261593222618105 0.01140983682125807 -0.933234542608261 0.010332456324249508
decision_type=10 8 10 8 8 8
left_child=4 -2 -3 -4 5 -1
right_child=1 2 3 -5 -6 -7
leaf_value=0.00033225279974476553 0.00039772832437031134 -0.00051183717736406149 5.1838635529975746e-05 -0.00025946906021740454 -7.0603714127869506e-07 -0.00013754255893589607
leaf_weight=214 57 105 107 52 19696 53
leaf_count=214 57 105 107 52 19696 53
internal_value=-0.000289566 -0.00958589 -0.014777 -0.00442073 0.000101412 0.010386
internal_weight=20284 321 264 159 19963 267
internal_count=20284 321 264 159 19963 267
is_linear=0
shrinkage=0.05


Tree=409
num_leaves=7
num_cat=0
split_feature=36 10 50 31 20 15
split_gain=14.155 49.1418 36.953 28.1076 31.2798 45.2142
threshold=-1.0000000180025095e-35 -0.078066796064376817 -0.29347997903823847 62.988607406616218 0.42499999701976782 0.87500000000000011
decision_type=8 8 10 10 8 10
left_child=-1 2 -2 4 5 -3
right_child=1 3 -4 -5 -6 -7
leaf_value=-2.2736980407999628e-05 0.00073402216416760635 -4.1707620427114353e-05 4.8029607791266803e-06 -0.00016375462818272497 5.0632260245714063e-05 0.00033872101687144922
leaf_weight=7989 243 4042 163 668 6858 233
leaf_count=7989 243 4042 163 668 6858 233
internal_value=-0.000330429 0.0011894 0.0181873 0.000595036 0.00119635 -0.00215537
internal_weight=20196 12207 406 11801 11133 4275
internal_count=20196 12207 406 11801 11133 4275
is_linear=0
shrinkage=0.05


Tree=410
num_leaves=7
num_cat=0
split_feature=39 10 10 5 46 5
split_gain=9.97118 47.9223 45.3091 55.7056 31.7632 40.1038
threshold=0.042577352374792106 -0.023928976617753502 -0.094435859471559511 -0.49452619254589075 1.1898496150970461 -0.6090196669101714
decision_type=10 8 10 8 10 8
left_child=-1 2 3 -2 5 -3
right_child=1 4 -4 -5 -6 -7
leaf_value=7.839801554412158e-06 -0.00024350634347778123 0.00032665661161813703 -0.00032693098348783269 0.0007045794650977408 0.00026134492492354828 -6.1189900304696665e-05
leaf_weight=16691 138 154 749 107 584 1931
leaf_count=16691 138 154 749 107 584 1931
internal_value=-0.000308217 -0.00224237 -0.0115866 0.0069 0.00124346 -0.00163876
internal_weight=20354 3663 994 245 2669 2085
internal_count=20354 3663 994 245 2669 2085
is_linear=0
shrinkage=0.05


Tree=411
num_leaves=7
num_cat=0
split_feature=50 10 41 42 38 18
split_gain=11.0683 43.3283 25.7474 37.171 20.2972 16.8169
threshold=1.6389867663383486 -0.064961530268192277 0.12554420530796054 0.1022516041994095 0.010841015260666611 0.82500001788139354
decision_type=10 10 8 10 8 8
left_child=-1 4 3 5 -2 -3
right_child=1 2 -4 -5 -6 -7
leaf_value=4.0720518516567253e-06 -0.00034235943508933314 -0.00016124997438696003 -0.00044774291691991147 0.00053936316642423708 1.6396413783148079e-05 9.2558804513011904e-05
leaf_weight=18973 205 341 83 241 75 303
leaf_count=18973 205 341 83 241 75 303
internal_value=-0.000409127 -0.00452913 0.000488181 0.0030618 -0.0216667 -0.00319723
internal_weight=20221 1248 968 885 280 644
internal_count=20221 1248 968 885 280 644
is_linear=0
shrinkage=0.05


Tree=412
num_leaves=7
num_cat=0
split_feature=42 19 30 43 38 45
split_gain=13.968 24.4656 23.9932 23.8881 49.7531 42.9549
threshold=0.15764832496643069 0.62500000000000011 60.583984375000007 0.13955748081207278 -0.01624422054737806 0.09622568637132646
decision_type=8 10 10 10 8 10
left_child=-1 2 -2 5 -5 -3
right_child=1 3 -4 4 -6 -7
leaf_value=-7.1286821557809896e-06 2.3748995747283239e-05 -3.8294419456975335e-06 -0.00042831041914819445 -0.00062682245390499093 0.00015832218835230128 0.00045728763507741737
leaf_weight=17042 1631 378 243 101 231 535
leaf_count=17042 1631 378 243 101 231 535
internal_value=-0.000281414 0.00308099 -0.000518893 0.0085 -0.00289318 0.0126634
internal_weight=20161 3119 1874 1245 332 913
internal_count=20161 3119 1874 1245 332 913
is_linear=0
shrinkage=0.05


Tree=413
num_leaves=7
num_cat=0
split_feature=26 47 21 36 36 46
split_gain=12.737 37.3819 46.3035 58.0871 30.6035 21.2634
threshold=-0.015587699599564074 0.77571588754653942 0.12500000372529033 -0.75500980019569386 -0.87448811531066883 1.0571885108947756
decision_type=10 8 8 8 10 10
left_child=1 2 -1 4 -4 -3
right_child=-2 5 3 -5 -6 -7
leaf_value=-1.8222107199703771e-05 -1.652816299634813e-05 2.4328087334110519e-05 0.00014856361664859321 0.00037617021862925099 -0.00055854676514450216 -9.4738909180961298e-05
leaf_weight=315 10142 7054 60 507 83 2175
leaf_count=315 10142 7054 60 507 83 2175
internal_value=-0.000377317 0.00120355 0.0105412 0.0181298 -0.00962838 0.000219298
internal_weight=20336 10194 965 650 143 9229
internal_count=20336 10194 965 650 143 9229
is_linear=0
shrinkage=0.05


Tree=414
num_leaves=7
num_cat=0
split_feature=16 28 44 42 47 0
split_gain=10.7375 18.1363 12.4412 15.0022 21.1595 17.3446
threshold=0.97499999403953563 -0.001351693528704345 0.12618041038513186 0.094510614871978774 0.97169107198715221 -0.0054011431057006112
decision_type=10 10 10 8 8 8
left_child=-1 -2 3 5 -5 -3
right_child=1 2 -4 4 -6 -7
leaf_value=3.3311273731623587e-06 0.00024890381368146403 -0.00032745733859786868 -0.00024718794359653023 0.00044133034084849372 -9.7894283931874656e-05 -2.6481883155918005e-05
leaf_weight=19296 174 130 179 100 280 128
leaf_count=19296 174 130 179 100 280 128
internal_value=-0.000388084 -0.00504518 -0.00818127 -0.00478227 0.00149351 -0.0139734
internal_weight=20287 991 817 638 380 258
internal_count=20287 991 817 638 380 258
is_linear=0
shrinkage=0.05


Tree=415
num_leaves=7
num_cat=0
split_feature=27 7 46 14 36 29
split_gain=10.7245 13.7269 11.9743 25.3518 46.8115 48.5391
threshold=0.10212123021483423 0.79381477832794201 0.9305415451526643 0.22500000149011615 0.4084292352199555 -0.013982726261019705
decision_type=10 8 8 8 10 10
left_child=2 -2 -1 4 -4 -6
right_child=1 -3 3 -5 5 -7
leaf_value=-1.9888955087381321e-05 0.00038045799767029214 -0.00014227784764695098 -0.00013215154750656906 3.431248810313371e-05 0.00032726228085554757 -0.00031453266326155632
leaf_weight=7269 59 251 2095 10236 331 65
leaf_count=7269 59 251 2095 10236 331 65
internal_value=-0.000387721 -0.00944444 -0.000143743 0.000779532 -0.00373598 0.0119077
internal_weight=20306 310 19996 12727 2491 396
internal_count=20306 310 19996 12727 2491 396
is_linear=0
shrinkage=0.05


Tree=416
num_leaves=7
num_cat=0
split_feature=28 16 32 18 24 37
split_gain=10.2514 11.0578 13.3054 10.1013 28.3389 17.9854
threshold=-0.031160741113126274 0.12500000372529033 -0.64226868748664845 0.32500000298023229 -0.058614991605281823 -0.0058306741993874303
decision_type=10 8 10 8 8 2
left_child=1 2 -1 5 -5 -2
right_child=3 -3 -4 4 -6 -7
leaf_value=0.00033824515133491561 -0.0001721927016318214 0.00022619578355697855 -0.00051292988856586018 0.00034346174099374253 5.1992205205829705e-06 -9.1246809276974664e-06
leaf_weight=54 372 276 52 284 14212 5007
leaf_count=54 372 276 52 284 14212 5007
internal_value=-0.000349176 0.00820413 -0.00518018 -1.13179e-05 0.000674091 -0.001862
internal_weight=20257 382 106 19875 14496 5379
internal_count=20257 382 106 19875 14496 5379
is_linear=0
shrinkage=0.05


Tree=417
num_leaves=7
num_cat=0
split_feature=42 36 1 20 43 40
split_gain=12.2803 23.0112 23.43 26.1818 26.7732 26.2938
threshold=0.15764832496643069 0.4084292352199555 0.015901020728051666 0.72499999403953563 0.098142694681882872 0.12801834940910342
decision_type=8 10 8 10 10 8
left_child=-1 2 -2 -4 -5 -6
right_child=1 -3 3 4 5 -7
leaf_value=-5.3613585768739818e-06 -0.00011980835237343284 0.00072641669162453273 2.4996642033473243e-05 -9.4975155166466838e-05 0.00053841616944190485 0.00012029285567799198
leaf_weight=17074 503 64 1979 116 270 230
leaf_count=17074 503 64 1979 116 270 230
internal_value=-0.000359419 0.00292864 0.00228005 0.00420192 0.0131643 0.0181683
internal_weight=20236 3162 3098 2595 616 500
internal_count=20236 3162 3098 2595 616 500
is_linear=0
shrinkage=0.05


Tree=418
num_leaves=7
num_cat=0
split_feature=35 40 36 10 44 36
split_gain=11.8796 28.9789 20.3419 23.0112 23.656 18.0389
threshold=0.8052598536014558 0.07722861692309381 0.69847875833511364 0.17183550447225573 0.096753001213073744 0.61195018887519848
decision_type=10 8 10 10 8 10
left_child=2 -2 5 -4 -5 -1
right_child=1 -3 3 4 -6 -7
leaf_value=-3.1662346800011707e-07 1.7069952187808509e-05 -0.00035111726523618216 0.00010028650939800267 0.00013630789033729356 -0.00064771395195747168 -0.00010555821659686171
leaf_weight=18317 336 179 921 53 56 486
leaf_count=18317 336 179 921 53 56 486
internal_value=-0.000283742 -0.00754808 0.000107118 0.00693237 -0.0142544 -0.000267174
internal_weight=20348 515 19833 1030 109 18803
internal_count=20348 515 19833 1030 109 18803
is_linear=0
shrinkage=0.05


Tree=419
num_leaves=7
num_cat=0
split_feature=22 32 47 44 16 46
split_gain=11.1273 26.2919 30.6101 38.451 42.4427 42.8805
threshold=0.62500000000000011 0.70415768027305614 0.71723186969757091 0.097810938954353346 0.32500000298023229 0.77707114815711986
decision_type=8 8 10 8 8 10
left_child=1 2 -1 4 -4 -6
right_child=-2 -3 3 -5 5 -7
leaf_value=4.7814819410680178e-05 1.711285328783044e-05 -0.00011667453572758724 7.8721379793005714e-05 -0.00016633773687273125 0.00013993262820114049 -6.2451354337930175e-05
leaf_weight=2363 8594 2172 2118 1381 155 3466
leaf_count=2363 8594 2172 2118 1381 155 3466
internal_value=-0.000324627 -0.00128002 -0.00013965 -0.00177895 2.17618e-05 -0.00326117
internal_weight=20249 11655 9483 7120 5739 3621
internal_count=20249 11655 9483 7120 5739 3621
is_linear=0
shrinkage=0.05


Tree=420
num_leaves=7
num_cat=0
split_feature=28 38 10 6 36 39
split_gain=12.4442 25.4176 24.2782 19.8116 20.3723 19.1671
threshold=-0.0083904592320322973 -0.0090624950826168043 0.018217612057924274 0.64035823941230785 0.02169856242835522 0.03042357508093119
decision_type=10 10 10 10 10 10
left_child=1 2 -1 5 -5 -3
right_child=-2 3 -4 4 -6 -7
leaf_value=0.00029172789587429243 -1.4072301042063934e-05 -0.00011934697149164373 -5.9992329530400225e-05 0.00028194135473002217 -5.8754014443911697e-05 5.6173262473591492e-05
leaf_weight=846 15623 1448 316 581 321 1213
leaf_count=846 15623 1448 316 581 321 1213
internal_value=-0.000391834 0.00197146 0.00837618 -0.000119114 0.00625689 -0.00229745
internal_weight=20348 4725 1162 3563 902 2661
internal_count=20348 4725 1162 3563 902 2661
is_linear=0
shrinkage=0.05


Tree=421
num_leaves=7
num_cat=0
split_feature=27 36 44 39 36 26
split_gain=11.6008 24.5262 24.1341 23.5957 22.2902 22.4898
threshold=0.067453484982252135 0.28642398118972784 0.093054376542568221 0.0055186916142702111 -0.63747417926788319 0.059047402814030654
decision_type=10 10 10 8 8 8
left_child=-1 2 3 -2 5 -4
right_child=1 -3 4 -5 -6 -7
leaf_value=4.9146715891915759e-06 -0.00010388172936263195 -0.00052348651311336254 -4.2484440388613267e-05 0.0004533798128764555 -0.00012919085940910473 0.00082477840993679932
leaf_weight=18887 133 190 55 185 619 57
leaf_count=18887 133 190 55 185 619 57
internal_value=-0.000356415 -0.00460209 -0.00154175 0.00982972 -0.00655571 0.0134615
internal_weight=20126 1239 1049 318 731 112
internal_count=20126 1239 1049 318 731 112
is_linear=0
shrinkage=0.05


Tree=422
num_leaves=7
num_cat=0
split_feature=17 0 47 3 22 18
split_gain=9.37653 28.2049 20.646 16.3133 14.1856 14.0792
threshold=0.075000001117587103 0.046681243926286704 0.88412424921989452 0.015042200218886139 0.32500000298023229 0.57500001788139354
decision_type=8 8 8 8 10 10
left_child=1 4 -3 -4 -1 -6
right_child=-2 2 3 -5 5 -7
leaf_value=8.22900733012732e-05 9.5727632805488014e-07 0.00052589656790787576 -8.0454231428743993e-05 0.00060599296373682404 -0.00039322413604418694 0.00023036455678935848
leaf_weight=84 19367 54 298 84 365 61
leaf_count=84 19367 54 298 84 365 61
internal_value=-0.000318683 -0.00502103 0.0042517 0 -0.0129612 -0.0166473
internal_weight=20313 946 436 382 510 426
internal_count=20313 946 436 382 510 426
is_linear=0
shrinkage=0.05


Tree=423
num_leaves=7
num_cat=0
split_feature=36 41 47 42 44 24
split_gain=12.0788 12.6366 10.4244 26.3205 35.3508 36.6648
threshold=-0.933234542608261 0.089066434651613249 0.86003702878952037 0.1022516041994095 0.12788812071084979 -0.027136513032019135
decision_type=8 8 8 10 8 10
left_child=1 -1 3 -2 -5 -6
right_child=2 -3 -4 4 5 -7
leaf_value=-0.00026632103611597558 -3.3496128939752199e-05 0.00031871180762897461 7.5880371922631759e-06 0.0002928615833381773 0.00037077869582687436 -7.9113531737723405e-05
leaf_weight=60 4747 200 13713 492 184 990
leaf_count=60 4747 200 13713 492 184 990
internal_value=-0.000312638 0.0104717 -0.000271969 -0.00193596 0.00345601 -0.00125106
internal_weight=20386 260 20126 6413 1666 1174
internal_count=20386 260 20126 6413 1666 1174
is_linear=0
shrinkage=0.05


Tree=424
num_leaves=7
num_cat=0
split_feature=0 36 46 43 40 23
split_gain=11.9185 23.6443 18.713 22.4291 19.5221 16.4181
threshold=-0.10228887945413588 -0.29722732305526728 1.169795095920563 0.12368524074554445 0.10386607795953752 0.0032502799294888978
decision_type=10 10 10 10 10 10
left_child=1 2 3 4 -1 -6
right_child=-2 -3 -4 -5 5 -7
leaf_value=0.00012966782363230627 -5.4358546902347167e-06 0.00075858121427883733 -0.00017910940770224425 0.00056614579426834076 6.5872607257407364e-06 -0.0011646493595669231
leaf_weight=717 19016 125 93 150 104 78
leaf_count=717 19016 125 93 150 104 78
internal_value=-0.000319154 0.0045794 0.00224499 0.00419829 0.00113385 -0.0132353
internal_weight=20283 1267 1142 1049 899 182
internal_count=20283 1267 1142 1049 899 182
is_linear=0
shrinkage=0.05


Tree=425
num_leaves=7
num_cat=0
split_feature=28 42 3 43 3 35
split_gain=9.5839 10.4731 22.6271 18.4787 22.7538 45.0064
threshold=-0.031160741113126274 0.12974961102008822 0.013617647811770441 0.077669501304626479 0.012703097425401213 -0.81147280335426319
decision_type=10 10 10 10 8 10
left_child=-1 2 -2 -3 5 -5
right_child=1 3 -4 4 -6 -7
leaf_value=0.00015235329137775237 2.863445495452548e-06 -0.00016828066660073152 0.00039778039274158028 -0.0002185729730635364 -8.4856621785762284e-05 0.00012737468110104888
leaf_weight=386 16578 83 255 256 2064 798
leaf_count=386 16578 83 255 256 2064 798
internal_value=-0.000356181 -3.86746e-05 0.000458784 -0.00265908 -0.00200929 0.0039424
internal_weight=20420 20034 16833 3201 3118 1054
internal_count=20420 20034 16833 3201 3118 1054
is_linear=0
shrinkage=0.05


Tree=426
num_leaves=7
num_cat=0
split_feature=42 26 44 26 42 26
split_gain=10.4322 30.5132 31.9971 17.3033 34.5183 60.2313
threshold=0.12974961102008822 -0.17327019572257993 0.14996511489152911 0.088827747851610198 0.096056789159774794 0.18496914207935336
decision_type=10 8 10 8 10 10
left_child=1 -1 3 -3 5 -5
right_child=-2 2 -4 4 -6 -7
leaf_value=0.00060418080819930821 -3.6771756243931156e-05 -6.1913483835678909e-06 -0.00057931604824887448 3.5866706775210682e-05 0.00018487528367024288 -0.00037182143505528985
leaf_weight=92 3299 10938 88 3490 2195 256
leaf_count=92 3299 10938 88 3490 2195 256
internal_value=-0.000352355 0.000640237 0.00047873 0.00064114 0.00281282 -9.99733e-05
internal_weight=20358 17059 16967 16879 5941 3746
internal_count=20358 17059 16967 16879 5941 3746
is_linear=0
shrinkage=0.05


Tree=427
num_leaves=7
num_cat=0
split_feature=33 19 44 1 0 16
split_gain=13.0132 20.458 20.6605 23.4833 16.3666 14.4276
threshold=-0.26349769532680506 0.17500000447034839 0.098995089530944838 -0.030185083858668801 0.016555048525333408 0.12500000372529033
decision_type=10 10 10 10 8 8
left_child=1 2 -1 4 -4 -2
right_child=5 -3 3 -5 -6 -7
leaf_value=4.5352222920307805e-05 -0.00017963737293870115 0.0001361073683294976 -3.1714036565759672e-05 -0.00034187010575402379 0.00051628443467942829 -3.4306944031650386e-06
leaf_weight=1736 582 1023 205 332 59 16326
leaf_count=1736 582 1023 205 332 59 16326
internal_value=-0.000432948 0.00280506 0.000203252 -0.0077787 0.00325279 -0.000601608
internal_weight=20263 3355 2332 596 264 16908
internal_count=20263 3355 2332 596 264 16908
is_linear=0
shrinkage=0.05


Tree=428
num_leaves=7
num_cat=0
split_feature=15 2 39 10 0 1
split_gain=12.4265 16.9427 35.3661 15.6179 66.9961 43.3096
threshold=0.22500000149011615 0.01931495871394873 0.021378634497523311 -0.051809713244438164 -1.0000000180025095e-35 -0.06310775130987166
decision_type=8 8 10 8 8 10
left_child=1 -1 -3 4 -2 -6
right_child=3 2 -4 -5 5 -7
leaf_value=-4.6075381239182959e-05 -0.00010051140078456518 0.0023681630175914101 -0.00021536321317443724 5.6558984162610084e-07 -0.0002313512431672135 0.00027735792407972967
leaf_weight=3550 666 60 59 14803 140 1045
leaf_count=3550 666 60 59 14803 140 1045
internal_value=-0.000328365 -0.00261976 0.0155242 0.000592773 0.00491649 0.0120378
internal_weight=20323 3669 119 16654 1851 1185
internal_count=20323 3669 119 16654 1851 1185
is_linear=0
shrinkage=0.05


Tree=429
num_leaves=7
num_cat=0
split_feature=50 44 47 39 39 41
split_gain=14.8932 33.2203 37.8509 47.4602 48.1238 39.6315
threshold=0.50828719139099132 0.11565121263265611 0.92672953009605419 -0.021720011718571183 0.025389277376234535 0.070165053009986891
decision_type=10 8 10 10 10 8
left_child=-1 2 3 -2 -5 -4
right_child=1 -3 5 4 -6 -7
leaf_value=8.4241514073487431e-06 -0.00015757153741348417 -0.00016943952337186466 -0.00023525890756341289 0.00025492171528053632 -0.00016674833676513613 -2.5508221479504008e-05
leaf_weight=15344 241 1111 381 1037 243 1986
leaf_count=15344 241 1111 381 1037 243 1986
internal_value=-0.0003477 -0.00254297 -0.000353198 0.00578309 0.00963035 -0.00431071
internal_weight=20343 4999 3888 1521 1280 2367
internal_count=20343 4999 3888 1521 1280 2367
is_linear=0
shrinkage=0.05


Tree=430
num_leaves=7
num_cat=0
split_feature=12 23 47 35 35 16
split_gain=12.2684 25.4028 23.0706 19.969 23.1493 19.7553
threshold=0.0071379558648914107 0.023323359899222854 0.55092602968215953 -0.69898882508277882 -0.399615928530693 0.92499998211860668
decision_type=10 10 10 8 10 8
left_child=-1 2 -2 -3 -5 -6
right_child=1 3 -4 4 5 -7
leaf_value=1.4355229713511158e-05 0.00030682047950706998 -0.00026994230412588914 -5.1179883868441788e-05 0.00052587051691968816 0.00019401696803841525 -9.0805312843236419e-05
leaf_weight=12227 90 86 6804 229 547 358
leaf_count=12227 90 86 6804 229 547 358
internal_value=-0.000328074 -0.00142567 -0.00260545 0.00520408 0.00700176 0.00332418
internal_weight=20341 8114 6894 1220 1134 905
internal_count=20341 8114 6894 1220 1134 905
is_linear=0
shrinkage=0.05


Tree=431
num_leaves=7
num_cat=0
split_feature=39 6 42 14 45 45
split_gain=12.6265 33.6316 31.5699 26.5503 24.804 23.4562
threshold=-0.021720011718571183 0.60259282588958751 0.1022516041994095 0.87500000000000011 0.091784611344337477 0.11939670518040658
decision_type=8 10 8 8 8 8
left_child=1 2 -1 -4 -3 -5
right_child=-2 4 3 5 -6 -7
leaf_value=8.9610780178158233e-05 6.1611149696329494e-06 -0.00021848885495298403 -9.901709948396736e-05 -3.9032516117395846e-05 -4.4770475557598163e-05 0.0010671495903286788
leaf_weight=728 16902 544 1397 87 539 77
leaf_count=728 16902 544 1397 87 539 77
internal_value=-0.000348883 -0.00289458 0.000534002 -0.00346424 -0.0101333 0.0152367
internal_weight=20274 3372 2289 1561 1083 164
internal_count=20274 3372 2289 1561 1083 164
is_linear=0
shrinkage=0.05


Tree=432
num_leaves=7
num_cat=0
split_feature=0 35 40 38 35 29
split_gain=10.8546 30.6772 22.9314 29.8813 15.0696 13.9566
threshold=0.072235997766256346 -1.0000000180025095e-35 0.14547407627105716 -0.0048785507678985587 -0.048782136291265481 -0.053006188943982117
decision_type=10 10 8 8 8 10
left_child=5 2 4 -4 -2 -1
right_child=1 -3 3 -5 -6 -7
leaf_value=6.0803836006142772e-05 -0.00021464409769776858 0.00039065068088422789 -0.00025539665955365357 0.00056574009326024069 -0.00093230375708673585 -4.091610385165189e-06
leaf_weight=2732 235 103 86 100 97 16942
leaf_count=2732 235 103 86 100 97 16942
internal_value=-0.000328818 -0.00642971 -0.0114245 0.00248691 -0.0192136 0.000257889
internal_weight=20295 621 518 186 332 19674
internal_count=20295 621 518 186 332 19674
is_linear=0
shrinkage=0.05


Tree=433
num_leaves=7
num_cat=0
split_feature=47 26 35 15 45 35
split_gain=11.0815 26.997 37.6701 25.5005 28.5369 37.1767
threshold=0.86003702878952037 -0.011889792513102291 -0.81147280335426319 0.27500000596046453 0.090445820242166533 0.089227315038442626
decision_type=8 8 10 10 8 8
left_child=1 3 -3 4 5 -1
right_child=-2 2 -4 -5 -6 -7
leaf_value=-0.00020857228760909352 1.9151228066297076e-05 -0.00029186935136260887 -2.4007280800774176e-05 6.2534354361266616e-05 0.0005533891168044042 5.8067569461636414e-05
leaf_weight=429 13928 326 3883 1354 86 327
leaf_count=429 13928 326 3883 1354 86 327
internal_value=-0.000372456 -0.00131435 -0.00366042 0.00316901 -0.00363046 -0.00680026
internal_weight=20333 6405 4209 2196 842 756
internal_count=20333 6405 4209 2196 842 756
is_linear=0
shrinkage=0.05


Tree=434
num_leaves=7
num_cat=0
split_feature=1 24 17 35 6 21
split_gain=9.65616 16.896 17.6403 28.3867 26.8319 24.0994
threshold=0.091735381633043303 -0.054673999547958367 0.27500000596046453 -0.47690506279468531 0.24511888623237613 0.82500001788139354
decision_type=10 8 8 10 8 8
left_child=1 2 -1 4 -4 -6
right_child=-2 -3 3 -5 5 -7
leaf_value=1.4334795729421179e-05 -6.1575871394007467e-05 -2.6649409738439692e-06 0.00061783720017477876 -7.4043335470531897e-05 -0.00015027823451308387 0.0003133389048899796
leaf_weight=1759 580 17111 351 296 120 146
leaf_count=1759 580 17111 351 296 120 146
internal_value=-0.00032281 0.000405549 0.00409974 0.00972222 0.0157958 0.00359779
internal_weight=20363 19783 2672 913 617 266
internal_count=20363 19783 2672 913 617 266
is_linear=0
shrinkage=0.05


Tree=435
num_leaves=7
num_cat=0
split_feature=46 0 47 48 17 26
split_gain=10.7437 21.162 42.3418 34.2293 96.309 36.9999
threshold=0.96988531947135936 -0.04636245779693126 0.87621206045150768 0.061199903488159187 0.42499999701976782 0.1441086828708649
decision_type=8 8 10 10 8 10
left_child=1 2 -1 5 -5 -3
right_child=-2 3 -4 4 -6 -7
leaf_value=4.1878560176503275e-05 1.9648766863216675e-05 -4.3485994213557274e-05 -0.00039917357185561891 0.00038253719589443833 -1.9008313990080452e-05 0.00013627178530136168
leaf_weight=428 10733 5415 459 656 1875 693
leaf_count=428 10733 5415 459 656 1875 693
internal_value=-0.000393555 -0.00121446 -0.00854821 -0.000454072 0.00442626 -0.00248241
internal_weight=20259 9526 887 8639 2531 6108
internal_count=20259 9526 887 8639 2531 6108
is_linear=0
shrinkage=0.05


Tree=436
num_leaves=7
num_cat=0
split_feature=27 18 45 0 43 39
split_gain=13.24 13.7418 15.886 11.158 31.9254 24.9173
threshold=0.10212123021483423 0.82500001788139354 0.11418308317661287 -0.10228887945413588 0.12616833299398425 0.036685531958937652
decision_type=10 8 8 10 10 8
left_child=3 -2 -3 4 -1 -6
right_child=1 2 -4 -5 5 -7
leaf_value=1.6531589647303587e-05 -0.00025514238891484892 0.00020022070920368173 -0.00034083333257440705 -1.5729794685232468e-07 5.4572485204714211e-06 0.0010491114461962877
leaf_weight=941 138 102 72 18677 95 170
leaf_count=941 138 102 72 18677 95 170
internal_value=-0.000350248 -0.0100158 -0.000418994 0.000282834 0.00493394 0.0200926
internal_weight=20195 312 174 19883 1206 265
internal_count=20195 312 174 19883 1206 265
is_linear=0
shrinkage=0.05


Tree=437
num_leaves=7
num_cat=0
split_feature=42 32 47 0 12 41
split_gain=11.5988 27.092 33.0555 43.5331 33.3497 33.2463
threshold=0.12726530432701114 -1.0164617300033567 1.2003182768821719 0.0035268018255010252 -0.077717926353216157 0.15376371890306476
decision_type=10 10 8 8 10 8
left_child=-1 -2 3 -3 -5 -4
right_child=1 2 5 4 -6 -7
leaf_value=5.5422109313060847e-06 0.00097717264015154755 -6.3266570025273525e-05 -0.00029144081962766317 -0.00021056316435340888 0.00025641519640726314 -3.3167400917277258e-05
leaf_weight=16543 66 980 821 145 539 1083
leaf_count=16543 66 980 821 145 539 1083
internal_value=-0.00037038 -0.00274114 -0.00335153 0.0017825 0.0114296 -0.00784442
internal_weight=20177 3634 3568 1664 684 1904
internal_count=20177 3634 3568 1664 684 1904
is_linear=0
shrinkage=0.05


Tree=438
num_leaves=7
num_cat=0
split_feature=14 15 6 36 45 42
split_gain=13.5432 40.9182 26.8637 23.4653 21.5959 21.3302
threshold=0.17500000447034839 0.82500001788139354 0.20883738249540332 0.26455762982368475 0.074256509542465224 0.063826207071542754
decision_type=8 10 8 10 8 10
left_child=1 2 3 -1 -4 -5
right_child=-2 -3 4 5 -6 -7
leaf_value=-6.535070417463332e-05 2.4962555817578932e-06 0.00040606482560744507 -0.00030583151970198908 -6.0157285500189842e-05 -0.00012703484633674013 0.00027884928894089656
leaf_weight=1570 17390 122 209 163 565 268
leaf_count=1570 17390 122 209 163 565 268
internal_value=-0.000314163 -0.00352343 -0.00479317 -0.00170738 -0.0126765 0.00854358
internal_weight=20287 2897 2775 2001 774 431
internal_count=20287 2897 2775 2001 774 431
is_linear=0
shrinkage=0.05


Tree=439
num_leaves=7
num_cat=0
split_feature=33 38 38 17 46 41
split_gain=13.306 21.4678 16.9008 13.9328 22.8073 23.5498
threshold=-0.2471925467252731 -0.027014616876840588 0.044523391872644431 0.075000001117587103 1.3748710751533511 0.099238540977239623
decision_type=8 8 8 8 10 10
left_child=1 -1 3 -3 5 -5
right_child=-2 2 -4 4 -6 -7
leaf_value=0.00031324527362935894 -1.1389702903428595e-05 -0.00013951254184188836 0.00027224664191754128 6.575596482517922e-05 0.0013824422589326522 -9.5579417549660742e-05
leaf_weight=182 16906 389 152 1674 56 951
leaf_count=182 16906 389 152 1674 56 951
internal_value=-0.000392567 0.00263274 0.00166563 0.000837398 0.00213142 0.00141635
internal_weight=20310 3404 3222 3070 2681 2625
internal_count=20310 3404 3222 3070 2681 2625
is_linear=0
shrinkage=0.05


Tree=440
num_leaves=7
num_cat=0
split_feature=1 24 36 35 10 0
split_gain=8.34788 12.6857 22.2029 37.035 35.0673 34.3462
threshold=0.109265323728323 -0.036609627306461327 0.10684821754693986 0.11016528308391572 -0.064961530268192277 0.001145513844676316
decision_type=10 8 8 8 8 8
left_child=1 2 3 5 -4 -1
right_child=-2 -3 4 -5 -6 -7
leaf_value=-0.00022652076999678911 -0.00012312434816958394 -7.5273389559104053e-06 0.00048782329905004663 -0.00048576940274798659 5.0916173200795725e-05 5.3362748155107414e-05
leaf_weight=486 294 15549 261 155 1672 1801
leaf_count=486 294 15549 261 155 1672 1801
internal_value=-0.000394353 0.000139244 0.00251712 -0.000643645 0.00651445 0.000970768
internal_weight=20218 19924 4375 2442 1933 2287
internal_count=20218 19924 4375 2442 1933 2287
is_linear=0
shrinkage=0.05


Tree=441
num_leaves=7
num_cat=0
split_feature=1 39 3 38 27 39
split_gain=10.6939 15.2513 11.4266 17.285 9.90365 30.4625
threshold=0.109265323728323 0.0088110459037125128 0.01248455233871937 -0.0029971608892083164 0.0025398764992132787 -0.021720011718571183
decision_type=10 10 8 8 10 8
left_child=4 2 3 -2 -1 -6
right_child=1 -3 -4 -5 5 -7
leaf_value=-9.5086179323557608e-06 5.1697356312768126e-05 0.00019461923934976046 -0.00046555261900023198 -0.00039025915008597599 -6.5343532811355204e-05 4.444053428784582e-05
leaf_weight=10787 86 82 77 64 1717 7489
leaf_count=10787 86 82 77 64 1717 7489
internal_value=-0.000392722 -0.00899682 -0.015625 -0.00693548 0.00030128 0.00150635
internal_weight=20302 309 227 150 19993 9206
internal_count=20302 309 227 150 19993 9206
is_linear=0
shrinkage=0.05


Tree=442
num_leaves=7
num_cat=0
split_feature=42 50 1 39 47 5
split_gain=12.4696 28.2114 37.2512 40.1874 37.4544 37.2008
threshold=0.12726530432701114 -0.3374639749526977 0.022120272740721706 0.021378634497523311 0.82986778020858776 -0.49452619254589075
decision_type=10 8 8 10 8 8
left_child=-1 -2 3 4 -3 -4
right_child=1 2 5 -5 -6 -7
leaf_value=3.2026647888973044e-06 8.468059325969023e-05 1.0881039269295626e-07 0.0010648653647537247 -3.0312181627893156e-05 -0.00064926949497285714 -1.7309859499001776e-05
leaf_weight=16756 953 191 58 583 547 1283
leaf_count=16756 953 191 58 583 547 1283
internal_value=-0.000415931 -0.00304558 -0.00568991 -0.0116327 -0.0193472 0.000167162
internal_weight=20371 3615 2662 1321 738 1341
internal_count=20371 3615 2662 1321 738 1341
is_linear=0
shrinkage=0.05


Tree=443
num_leaves=7
num_cat=0
split_feature=27 40 36 18 20 47
split_gain=12.3546 17.5286 13.43 13.2886 10.4094 27.4147
threshold=0.10212123021483423 0.11659010499715806 0.28642398118972784 0.82500001788139354 0.17500000447034839 1.0323765873908999
decision_type=10 8 8 8 8 10
left_child=4 -2 3 -3 5 -1
right_child=1 2 -4 -5 -6 -7
leaf_value=-6.6501021608494595e-05 0.00023297474340912397 -0.00035617316384481439 -0.00065883758311504031 7.6071721338214553e-05 1.1970650486180907e-05 9.9314790994501538e-05
leaf_weight=1991 79 50 77 94 17091 918
leaf_count=1991 79 50 77 94 17091 918
internal_value=-0.000373061 -0.0097541 -0.0169248 -0.00721477 0.000383654 -0.00237646
internal_weight=20300 300 221 144 20000 2909
internal_count=20300 300 221 144 20000 2909
is_linear=0
shrinkage=0.05


Tree=444
num_leaves=7
num_cat=0
split_feature=28 27 32 2 44 48
split_gain=9.46037 15.0056 25.8794 16.8634 17.1527 19.0326
threshold=-0.0071597388014197341 -0.014037233777344225 -0.64226868748664845 0.014299396425485613 0.12136373668909074 -0.11210818216204642
decision_type=10 10 10 8 8 8
left_child=1 3 -3 -1 -5 -6
right_child=-2 2 -4 4 5 -7
leaf_value=-3.9223195278051406e-05 -1.0403460028572934e-05 0.0003224203131150233 4.311989370524275e-05 0.00085325198507541639 -0.00097351266869456299 0.00015122343510426398
leaf_weight=2374 14859 391 2181 54 52 309
leaf_count=2374 14859 391 2181 54 52 309
internal_value=-0.000339926 0.00170052 0.00445285 -0.00083214 0.00839286 0.00416667
internal_weight=20220 5361 2572 2789 415 361
internal_count=20220 5361 2572 2789 415 361
is_linear=0
shrinkage=0.05


Tree=445
num_leaves=7
num_cat=0
split_feature=35 25 44 24 35 39
split_gain=9.64957 20.2114 20.8739 14.3955 9.46109 24.9701
threshold=0.83573606610298168 0.014843514189124109 0.085979741066694274 0.0026624758029356603 0.51106157898902904 0.053468579426407821
decision_type=10 8 8 10 10 10
left_child=4 2 -2 -4 -1 -6
right_child=1 -3 3 -5 5 -7
leaf_value=-5.0679521887671624e-07 0.00017239555465532906 -0.00051188967706174192 -0.00046756618435108425 1.0218318265044886e-05 1.3445715128048634e-05 0.00034732018640260334
leaf_weight=18082 92 54 51 54 1559 247
leaf_count=18082 92 54 51 54 1559 247
internal_value=-0.000341293 -0.00947266 -0.00160891 -0.0165909 0.00029533 0.00374103
internal_weight=20139 251 197 105 19888 1806
internal_count=20139 251 197 105 19888 1806
is_linear=0
shrinkage=0.05


Tree=446
num_leaves=7
num_cat=0
split_feature=45 35 3 26 43 25
split_gain=9.657 33.9457 28.1325 24.8289 24.0335 23.566
threshold=0.052659552544355399 0.60364270210266124 0.005280691199004651 -0.032936401665210717 0.12616833299398425 0.017483179457485679
decision_type=10 10 8 8 10 8
left_child=1 4 3 -2 -1 -3
right_child=2 5 -4 -5 -6 -7
leaf_value=3.2301515479188784e-06 0.00024025287073464646 0.00057071780245671695 7.4301684129399542e-07 -0.00028084199241753611 0.0013035116253981736 -1.9443087005751541e-05
leaf_weight=2003 56 118 17828 267 79 52
leaf_count=2003 56 118 17828 267 79 52
internal_value=-0.000336878 0.00326761 -0.000199659 -0.0147104 0.00147341 0.0244286
internal_weight=20403 2252 18151 323 2082 170
internal_count=20403 2252 18151 323 2082 170
is_linear=0
shrinkage=0.05


Tree=447
num_leaves=7
num_cat=0
split_feature=23 14 35 0 26 38
split_gain=11.5847 16.28 20.3605 18.4664 32.4498 24.2396
threshold=-0.0047553440090268842 0.92499998211860668 0.13070254027843478 -0.050199640914797776 0.075476530939340605 0.0044697008561342963
decision_type=10 10 10 8 8 8
left_child=1 3 -3 4 -1 -6
right_child=-2 2 -4 -5 5 -7
leaf_value=-0.00037226442225654112 -1.0782263757197313e-05 0.00033701125339575112 -0.00014554637524771274 3.1830522520114957e-05 0.00047772115907147167 -0.0001637105081198603
leaf_weight=321 12610 269 116 6547 190 205
leaf_count=321 12610 269 116 6547 190 205
internal_value=-0.000339288 0.00164315 0.0116026 0.00110416 -0.00648405 0.0030625
internal_weight=20258 7648 385 7263 716 395
internal_count=20258 7648 385 7263 716 395
is_linear=0
shrinkage=0.05


Tree=448
num_leaves=7
num_cat=0
split_feature=35 41 27 35 35 14
split_gain=11.1621 18.9327 25.0101 16.5407 42.738 56.1892
threshold=0.83573606610298168 0.065440662205219283 0.0039089317433536061 0.43990893661975866 0.28557743132114416 0.72499999403953563
decision_type=10 8 8 10 10 8
left_child=3 2 -2 4 -1 -6
right_child=1 -3 -4 -5 5 -7
leaf_value=2.4429790027968467e-06 0.00022732443623640528 -0.00028763359646583384 -0.00017588790635558903 3.8979015276154095e-05 -2.9811725072345426e-05 -0.00071271307767577588
leaf_weight=16754 53 127 70 2302 769 246
leaf_count=16754 53 127 70 2302 769 246
internal_value=-0.000348076 -0.0104902 0.00332031 3.61128e-05 -0.000479633 -0.0104167
internal_weight=20321 250 123 20071 17769 1015
internal_count=20321 250 123 20071 17769 1015
is_linear=0
shrinkage=0.05


Tree=449
num_leaves=7
num_cat=0
split_feature=26 12 39 46 35 44
split_gain=10.0411 37.2762 27.3749 33.0915 37.456 31.4071
threshold=0.088827747851610198 0.057531934231519706 0.033532328903675086 1.0355377793312075 0.43990893661975866 0.075277656316757216
decision_type=10 10 10 10 8 8
left_child=1 -1 5 4 -4 -2
right_child=2 -3 3 -5 -6 -7
leaf_value=-9.222978313553135e-07 -0.00033996974939187665 -0.00026314923667225288 -0.00089810075290998066 3.9236177809585247e-05 6.014291516040962e-05 0.00010005059912560184
leaf_weight=16204 113 371 197 472 144 2784
leaf_count=16204 113 371 197 472 144 2784
internal_value=-0.000378265 -0.000459891 0.00241588 -0.00565403 -0.0174133 0.00469504
internal_weight=20285 16575 3710 813 341 2897
internal_count=20285 16575 3710 813 341 2897
is_linear=0
shrinkage=0.05


Tree=450
num_leaves=7
num_cat=0
split_feature=33 39 16 39 46 49
split_gain=12.4001 23.7743 44.4114 32.8374 37.0892 41.2383
threshold=-0.11728960275650023 0.01277802372351289 0.57500001788139354 -0.021720011718571183 0.9577656388282777 1.0905836820602419
decision_type=10 10 8 8 10 10
left_child=-1 2 -2 -4 -5 -6
right_child=1 -3 3 4 5 -7
leaf_value=2.4370440676117442e-05 -3.9111152526887312e-05 -4.6534251583639587e-05 -3.6705903061815074e-05 2.7383392031251569e-05 0.00041810437401592368 4.8089698464542463e-05
leaf_weight=6731 3022 5617 1497 1932 895 581
leaf_count=6731 3022 5617 1497 1932 895 581
internal_value=-0.000294625 -0.000824784 0.000936082 0.00387475 0.00658512 0.0125422
internal_weight=20275 13544 7927 4905 3408 1476
internal_count=20275 13544 7927 4905 3408 1476
is_linear=0
shrinkage=0.05


Tree=451
num_leaves=7
num_cat=0
split_feature=21 26 35 31 26 3
split_gain=9.63139 41.1802 45.6703 35.0834 31.0065 46.7839
threshold=0.17500000447034839 0.0082335905171930807 0.60364270210266124 57.489227294921882 -0.098672021180391298 0.0062191602773964414
decision_type=10 8 10 10 8 8
left_child=1 2 4 -3 -1 -6
right_child=-2 3 -4 -5 5 -7
leaf_value=7.0795325088446779e-05 7.834727885366357e-06 6.8125967225629195e-05 0.00041350807375232991 -0.00018051304181307171 -1.9877530660595391e-05 -0.00039477810465540135
leaf_weight=123 16964 1650 84 302 695 456
leaf_count=123 16964 1650 84 302 695 456
internal_value=-0.000348883 -0.00240573 -0.00907924 0.00223556 -0.0114738 -0.0140355
internal_weight=20274 3310 1358 1952 1274 1151
internal_count=20274 3310 1358 1952 1274 1151
is_linear=0
shrinkage=0.05


Tree=452
num_leaves=7
num_cat=0
split_feature=14 12 47 48 0 26
split_gain=7.49528 38.2557 29.8885 27.4186 23.2378 23.4886
threshold=0.22500000149011615 0.043311208486557014 1.0323765873908999 -0.22852062433958051 0.010303863789886238 -0.054523106664419167
decision_type=8 10 10 10 8 8
left_child=1 2 -1 4 -4 -6
right_child=-2 -3 3 -5 5 -7
leaf_value=-6.5287204059404411e-05 6.8067069923696828e-06 0.00059237087644670389 -0.00032956534342502315 0.00045932431785966312 -5.1584306934989367e-05 0.00034772208953260503
leaf_weight=2616 16368 65 107 181 540 320
leaf_count=2616 16368 65 107 181 540 320
internal_value=-0.000315563 -0.0019627 -0.00264659 0.00405464 0.000643004 0.00343931
internal_weight=20197 3829 3764 1148 967 860
internal_count=20197 3829 3764 1148 967 860
is_linear=0
shrinkage=0.05


Tree=453
num_leaves=7
num_cat=0
split_feature=27 26 36 35 35 35
split_gain=12.6806 11.6412 31.5671 33.7183 32.4997 30.5537
threshold=0.10212123021483423 0.088827747851610198 -0.12028031051158904 -0.18721330165863034 -0.094615809619426713 -0.76016005873680104
decision_type=10 10 8 8 8 8
left_child=1 -1 5 -4 -5 -3
right_child=-2 2 3 4 -6 -7
leaf_value=-3.1962865674843947e-06 -9.4695663359512232e-05 -0.00039677729240190365 -0.00027696815561624623 0.00027663442938157326 3.1180909180283588e-06 0.00042515046574437531
leaf_weight=16419 299 73 337 370 2128 608
leaf_count=16419 299 73 337 370 2128 608
internal_value=-0.000339691 0.000337262 0.00294661 0.000607394 0.00262685 0.0125729
internal_weight=20234 19935 3516 2835 2498 681
internal_count=20234 19935 3516 2835 2498 681
is_linear=0
shrinkage=0.05


Tree=454
num_leaves=7
num_cat=0
split_feature=32 18 46 38 1 32
split_gain=9.93183 23.1682 33.5969 25.9212 31.735 24.3988
threshold=-0.68894684314727772 0.32500000298023229 1.0738228559494021 0.00083615694893524062 0.091735381633043303 -0.41999320685863489
decision_type=8 8 10 8 10 8
left_child=-1 2 3 4 -2 -3
right_child=1 5 -4 -5 -6 -7
leaf_value=4.6590383442715452e-05 5.0297424267506391e-05 0.00021814306231956573 -0.00026462141932729672 -7.614503295695647e-05 -0.0003956867808777202 6.1100182941047208e-06
leaf_weight=2141 1250 434 646 1394 93 14334
leaf_count=2141 1250 434 646 1394 93 14334
internal_value=-0.000309159 1.37696e-06 -0.00372639 -0.00128556 0.00365356 0.000857984
internal_weight=20292 18151 3383 2737 1343 14768
internal_count=20292 18151 3383 2737 1343 14768
is_linear=0
shrinkage=0.05


Tree=455
num_leaves=7
num_cat=0
split_feature=16 45 26 1 41 17
split_gain=10.7509 20.9756 19.748 19.895 16.703 19.1126
threshold=0.97499999403953563 0.079707488417625441 0.095841620117425932 -1.0000000180025095e-35 0.10096509754657747 0.67499998211860668
decision_type=10 10 10 8 8 8
left_child=-1 2 3 -2 5 -3
right_child=1 4 -4 -5 -6 -7
leaf_value=3.8269746932638311e-07 0.00022742085615302097 0.00055845637017543125 -0.00035152062036928472 -0.00044042743589860472 -0.00013469064456537633 1.2717340172535304e-06
leaf_weight=19331 55 75 74 97 486 205
leaf_count=19331 55 75 74 97 486 205
internal_value=-0.000367719 -0.00529087 -0.0185065 -0.00748408 -0.00126459 0.00833333
internal_weight=20323 992 226 152 766 280
internal_count=20323 992 226 152 766 280
is_linear=0
shrinkage=0.05


Tree=456
num_leaves=7
num_cat=0
split_feature=32 14 21 41 17 32
split_gain=12.9772 26.3006 21.6186 23.8177 37.8812 37.5759
threshold=-0.68894684314727772 0.075000001117587103 0.52500000596046459 0.12554420530796054 0.57500001788139354 -0.86182555556297291
decision_type=10 8 10 10 10 8
left_child=1 -1 -3 4 -4 -5
right_child=-2 2 3 5 -6 -7
leaf_value=-0.00012455128791631303 -5.5561251236567121e-06 6.6110977000226791e-06 0.00016866524922859918 0.00051803959977917639 0.00069306388959197653 -0.00016891542155917199
leaf_weight=472 16208 2041 892 172 177 380
leaf_count=472 16208 2041 892 172 177 380
internal_value=-0.000347717 0.00269993 0.00413826 0.00844096 0.0127793 0
internal_weight=20342 4134 3662 1621 1069 552
internal_count=20342 4134 3662 1621 1069 552
is_linear=0
shrinkage=0.05


Tree=457
num_leaves=7
num_cat=0
split_feature=20 15 47 48 24 47
split_gain=9.78079 37.4534 27.3282 25.6785 24.8924 35.783
threshold=0.22500000149011615 0.77500000596046459 1.0323765873908999 -0.39113730192184443 -0.002994277398101985 0.93843740224838268
decision_type=8 10 10 10 8 10
left_child=1 2 4 -3 5 -1
right_child=-2 3 -4 -5 -6 -7
leaf_value=-2.7081221207547489e-06 1.2402519569376962e-05 9.5410810969218844e-06 5.9734591906529874e-05 0.00061615116238048959 -0.00030839924652242584 -0.00033524647636115428
leaf_weight=1579 16396 108 1154 103 581 321
leaf_count=1579 16396 108 1154 103 581 321
internal_value=-0.00027041 -0.00204492 -0.00324863 0.0181713 -0.00620475 -0.00339895
internal_weight=20242 3846 3635 211 2481 1900
internal_count=20242 3846 3635 211 2481 1900
is_linear=0
shrinkage=0.05


Tree=458
num_leaves=7
num_cat=0
split_feature=1 40 35 39 38 32
split_gain=11.0315 23.2882 21.1333 35.325 46.9332 47.7492
threshold=0.026826892979443077 0.21545887738466266 0.77669364213943493 0.0088110459037125128 0.003716593026183546 1.1909102201461794
decision_type=8 10 8 10 8 8
left_child=2 -2 3 4 5 -1
right_child=1 -3 -4 -5 -6 -7
leaf_value=1.7878269732350751e-05 2.1310015286581541e-05 0.00053329831796549711 -0.00010180811043667982 -2.9524573564377387e-05 0.00015669831337987799 -0.00049642276218894081
leaf_weight=3391 6373 134 2112 6842 1393 144
leaf_count=3391 6373 134 2112 6842 1393 144
internal_value=-0.000371433 0.00186195 -0.000631886 0.000193206 0.00342084 0.000346045
internal_weight=20389 6507 13882 11770 4928 3535
internal_count=20389 6507 13882 11770 4928 3535
is_linear=0
shrinkage=0.05


Tree=459
num_leaves=7
num_cat=0
split_feature=44 0 32 21 12 43
split_gain=11.2397 44.3018 42.1623 32.9322 28.112 30.072
threshold=0.083138793706893935 -0.006813767831772565 0.7500194013118745 0.12500000372529033 -0.01258310256525874 0.092511538416147246
decision_type=10 8 10 8 8 10
left_child=1 2 4 -2 5 -1
right_child=3 -3 -4 -5 -6 -7
leaf_value=2.1666187696917151e-05 -7.7309114450308634e-05 -1.4427416401355763e-05 -9.1623305167328216e-05 -6.6056956227437616e-06 0.0001998994054223689 -0.00056851029078210406
leaf_weight=183 430 6232 859 10223 2274 53
leaf_count=183 430 6232 859 10223 2274 53
internal_value=-0.000354164 0.00140797 0.00602401 -0.000949991 0.00929423 -0.00695021
internal_weight=20254 9601 3369 10653 2510 236
internal_count=20254 9601 3369 10653 2510 236
is_linear=0
shrinkage=0.05


Tree=460
num_leaves=7
num_cat=0
split_feature=44 17 10 25 21 1
split_gain=10.6646 43.3009 38.6181 38.0295 36.7715 34.6326
threshold=0.083138793706893935 0.27500000596046453 0.010993933305144312 -0.022711805999279019 0.12500000372529033 0.03826440870761872
decision_type=10 8 8 8 8 10
left_child=1 2 5 -3 -2 -1
right_child=4 3 -4 -5 -6 -7
leaf_value=0.0001079642661183581 -7.1671469837233923e-05 0.00036557773063709939 -0.00018739675173379277 2.3105231657663985e-05 -7.794678152270503e-06 -0.00036214008420552585
leaf_weight=704 437 718 1338 6701 10241 171
leaf_count=704 437 718 1338 6701 10241 171
internal_value=-0.000392567 0.0012011 -0.00492561 0.00303408 -0.00109286 0.00321023
internal_weight=20310 9632 2213 7419 10678 875
internal_count=20310 9632 2213 7419 10678 875
is_linear=0
shrinkage=0.05


Tree=461
num_leaves=7
num_cat=0
split_feature=1 30 49 38 35 13
split_gain=12.9898 24.3167 22.2854 27.3192 23.0231 21.4739
threshold=-0.10601330921053885 69.43567276000978 -0.81422999501228321 -0.017763449810445305 -0.16675878316164014 0.038222247734665878
decision_type=8 10 10 8 10 8
left_child=1 2 4 -4 -1 -5
right_child=-2 -3 3 5 -6 -7
leaf_value=-0.00074384250309552724 -3.8345251555009854e-06 -0.00031105410744105888 -0.00019319721744268792 0.00054178694863363382 0.00040192125934326742 -4.8097243542026161e-06
leaf_weight=78 19680 89 50 233 90 59
leaf_count=78 19680 89 50 233 90 59
internal_value=-0.000343867 0.0071606 0.0114078 0.0186599 -0.0033237 0.0244949
internal_weight=20279 599 510 342 168 292
internal_count=20279 599 510 342 168 292
is_linear=0
shrinkage=0.05


Tree=462
num_leaves=7
num_cat=0
split_feature=35 33 49 21 35 5
split_gain=10.2838 22.4366 17.3591 17.7677 15.7926 33.6827
threshold=0.83573606610298168 0.24664256721735003 -0.45921882987022394 0.27500000596046453 0.43990893661975866 -0.49452619254589075
decision_type=10 10 8 8 10 8
left_child=4 2 -2 -4 -1 -6
right_child=1 -3 3 -5 5 -7
leaf_value=-6.5178289164005398e-06 -0.00020445225858364862 -0.00048810152566346486 0.00023754783322575191 -0.00012252670662949249 0.00049268584838747787 1.9378610846337447e-05
leaf_weight=17733 93 51 57 55 134 2201
leaf_count=17733 93 51 57 55 134 2201
internal_value=-0.000284077 -0.0098659 -0.00202381 0.0108974 0.0001233 0.00398504
internal_weight=20324 256 205 112 20068 2335
internal_count=20324 256 205 112 20068 2335
is_linear=0
shrinkage=0.05


Tree=463
num_leaves=7
num_cat=0
split_feature=6 27 45 21 39 27
split_gain=8.8997 28.0528 39.6893 49.8964 25.3826 51.0989
threshold=0.38424955308437353 0.0039089317433536061 0.13734230399131778 0.52500000596046459 -0.021720011718571183 -0.014037233777344225
decision_type=10 10 10 8 10 8
left_child=1 -1 3 -3 5 -2
right_child=4 2 -4 -5 -6 -7
leaf_value=-1.1609091655718703e-06 0.00021136391505187005 3.7031995534983231e-05 -0.00018864615800811627 0.00048115331601691306 1.2744863002867167e-07 -0.00014145411536871505
leaf_weight=7660 183 689 321 484 9555 1411
leaf_count=7660 183 689 321 484 9555 1411
internal_value=-0.000387778 0.00113277 0.00738826 0.0116511 -0.000970504 -0.00680113
internal_weight=20303 9154 1494 1173 11149 1594
internal_count=20303 9154 1494 1173 11149 1594
is_linear=0
shrinkage=0.05


Tree=464
num_leaves=7
num_cat=0
split_feature=27 21 21 21 36 46
split_gain=10.8764 14.6564 12.122 10.7831 39.3205 48.3531
threshold=0.10212123021483423 0.72499999403953563 0.92499998211860668 0.52500000596046459 0.56696113944053661 1.2144579887390139
decision_type=10 8 8 10 10 10
left_child=3 -2 -3 -1 -5 -6
right_child=1 2 -4 4 5 -7
leaf_value=-1.0826899795251567e-05 9.2291618361778436e-05 -0.00033880294582135827 -3.5483077644613136e-05 3.6590845357792143e-05 -0.00026141497284055395 0.0008191214363576409
leaf_weight=10282 79 126 99 9217 467 62
leaf_count=10282 79 126 99 9217 467 62
internal_value=-0.000288882 -0.00930421 -0.0157609 0.000148505 0.00134089 -0.0118446
internal_weight=20332 304 225 20028 9746 529
internal_count=20332 304 225 20028 9746 529
is_linear=0
shrinkage=0.05


Tree=465
num_leaves=7
num_cat=0
split_feature=33 44 46 42 36 17
split_gain=7.1919 21.4984 23.9383 21.5708 19.6216 22.3899
threshold=-0.32722230255603785 0.1354545280337334 0.8103587031364442 0.16437289863824847 0.4084292352199555 0.62500000000000011
decision_type=8 8 10 8 10 8
left_child=1 2 -1 -3 5 -4
right_child=-2 3 4 -5 -6 -7
leaf_value=0.00027551766566282594 -3.1063436804781161e-06 0.00039540074409650811 -0.00010539587466375174 -1.1114563554242056e-05 0.00012467137925486335 0.00029955586692610519
leaf_weight=103 18128 344 1010 201 303 91
leaf_count=103 18128 344 1010 201 303 91
internal_value=-0.000286104 0.0028561 -0.000214947 0.0113182 -0.00196948 -0.0050859
internal_weight=20180 2052 1507 545 1404 1101
internal_count=20180 2052 1507 545 1404 1101
is_linear=0
shrinkage=0.05


Tree=466
num_leaves=7
num_cat=0
split_feature=42 3 38 44 32 42
split_gain=10.8065 24.4069 36.9331 22.9017 20.9272 17.8602
threshold=0.12726530432701114 0.012703097425401213 -0.014105976093560455 0.14996511489152911 -1.0164617300033567 0.1121722422540188
decision_type=10 10 8 10 10 10
left_child=1 3 -3 -1 -2 -4
right_child=4 2 5 -5 -6 -7
leaf_value=4.5561569502051374e-06 0.00098880868868476621 -0.00027752535912748755 7.039645680313752e-05 -0.0006280757816783945 -4.3940131900705415e-05 0.00072928358963990586
leaf_weight=16148 65 155 163 72 3522 279
leaf_count=16148 65 155 163 72 3522 279
internal_value=-0.00036136 0.000619724 0.0105066 0.000251156 -0.00240117 0.0178412
internal_weight=20404 16817 597 16220 3587 442
internal_count=20404 16817 597 16220 3587 442
is_linear=0
shrinkage=0.05


Tree=467
num_leaves=7
num_cat=0
split_feature=41 43 43 10 3 25
split_gain=13.1083 28.7635 25.8279 37.3469 24.9755 33.0261
threshold=0.090572051703929915 0.12368524074554445 0.089820533990859999 0.18798822164535525 0.0079939072020351904 0.0099426852539181727
decision_type=10 10 10 10 10 10
left_child=1 4 3 -2 5 -1
right_child=2 -3 -4 -5 -6 -7
leaf_value=1.4630552871438478e-05 -0.00019846104238861506 0.00040943943088237258 -6.2002056255412353e-06 0.00016069597170433517 0.00010193395974392598 -9.0625676409620203e-05
leaf_weight=5601 817 169 8445 138 2836 2208
leaf_count=5601 817 169 8445 138 2836 2208
internal_value=-0.000280677 0.00123625 -0.00131579 -0.00908854 0.000903756 -0.000553494
internal_weight=20214 10814 9400 955 10645 7809
internal_count=20214 10814 9400 955 10645 7809
is_linear=0
shrinkage=0.05


Tree=468
num_leaves=7
num_cat=0
split_feature=4 33 2 44 35 36
split_gain=8.02655 19.8764 17.509 16.9157 14.8975 13.4509
threshold=0.72576186060905468 0.55491080880165111 0.01345330895856023 0.15486721694469455 0.77669364213943493 0.50635781884193432
decision_type=10 10 8 10 10 10
left_child=1 -1 3 4 5 -2
right_child=2 -3 -4 -5 -6 -7
leaf_value=2.3257444256849677e-06 -3.6371445991567043e-05 0.00017986975824627405 -0.00033047485260540233 0.0008761229388335323 -0.00025046762880615541 0.00010531378394854941
leaf_weight=16906 2429 235 253 57 119 354
leaf_count=16906 2429 235 253 57 119 354
internal_value=-0.00037209 0.000398052 -0.00232359 -0.00122301 -0.00178019 -0.00101327
internal_weight=20353 17141 3212 2959 2902 2783
internal_count=20353 17141 3212 2959 2902 2783
is_linear=0
shrinkage=0.05


Tree=469
num_leaves=7
num_cat=0
split_feature=45 35 3 10 42 43
split_gain=12.1064 31.3083 24.6781 26.5234 26.4803 32.0727
threshold=0.052659552544355399 0.60364270210266124 0.005280691199004651 -0.038946596905589097 0.060251584276556976 0.061286909505724914
decision_type=10 10 8 10 8 10
left_child=1 -1 3 -2 5 -4
right_child=2 -3 4 -5 -6 -7
leaf_value=1.0723998289706915e-05 0.00021208482442953156 0.00033112126560991571 -5.1599145260381745e-05 -0.00024281459590617881 -9.8344479569602568e-06 0.00028311834615828298
leaf_weight=2072 50 185 189 271 17125 377
leaf_count=2072 50 185 189 271 17125 377
internal_value=-0.000314442 0.0033267 -0.000553644 -0.0141871 -0.000300915 0.010289
internal_weight=20269 2257 18012 321 17691 566
internal_count=20269 2257 18012 321 17691 566
is_linear=0
shrinkage=0.05


Tree=470
num_leaves=7
num_cat=0
split_feature=45 22 3 47 32 48
split_gain=13.5017 25.8428 23.8032 22.7399 25.4422 21.782
threshold=0.052659552544355399 0.37500000000000006 0.005280691199004651 0.61903119087219249 0.85581710934638988 0.061199903488159187
decision_type=10 10 8 8 8 10
left_child=1 -1 -2 4 -4 -3
right_child=2 5 3 -5 -6 -7
leaf_value=9.9090852395192169e-06 -0.0001301946118925734 0.00015431506165867367 0.0003109668247538598 -8.7554083152217861e-06 -0.00019291256516593242 0.00066540156633853806
leaf_weight=2060 315 107 220 17518 51 70
leaf_count=2060 315 107 220 17518 51 70
internal_value=-0.000347734 0.00349019 -0.000622619 -0.000377936 0.0138587 0.0215659
internal_weight=20341 2237 18104 17789 271 177
internal_count=20341 2237 18104 17789 271 177
is_linear=0
shrinkage=0.05


Tree=471
num_leaves=7
num_cat=0
split_feature=39 49 10 11 10 31
split_gain=8.44379 35.7517 31.7807 29.9217 27.2553 50.4609
threshold=0.035430539399385459 -0.20527413487434384 0.11948225274682046 0.027331192977726463 -0.094435859471559511 40.457872390747077
decision_type=10 10 10 8 10 8
left_child=-1 2 3 -2 5 -3
right_child=1 4 -4 -5 -6 -7
leaf_value=6.149379254840899e-06 7.0034739846984011e-05 -0.00035715594316972798 -0.00028165950738741081 -0.00072264493465340647 -0.00016620004312018725 0.00051470170705031966
leaf_weight=15386 2488 96 270 70 1807 157
leaf_count=15386 2488 96 270 70 1807 157
internal_value=-0.000324227 -0.00195688 0.00168549 0.00342372 -0.00696126 0.00823643
internal_weight=20274 4888 2828 2558 2060 253
internal_count=20274 4888 2828 2558 2060 253
is_linear=0
shrinkage=0.05


Tree=472
num_leaves=7
num_cat=0
split_feature=4 32 32 50 3 47
split_gain=10.1121 15.4254 18.117 13.6207 21.3306 15.3601
threshold=0.91802850365638744 0.17099111527204516 1.3526210784912112 0.44875511527061468 0.0078405286185443419 1.2338252663612368
decision_type=10 8 10 10 8 8
left_child=-1 3 -3 4 -2 -6
right_child=1 2 -4 -5 5 -7
leaf_value=4.2686631469014457e-06 -0.00020593180729435733 5.4685478818627958e-05 -0.00021744649375034128 -0.00029514448899567761 0.00035650069841873403 -0.00033965320913228287
leaf_weight=18789 126 872 159 239 133 81
leaf_count=18789 126 872 159 239 133 81
internal_value=-0.000312439 -0.00382353 -0.000120656 -0.0103168 -0.00369565 0.00582192
internal_weight=20399 1610 1031 579 340 214
internal_count=20399 1610 1031 579 340 214
is_linear=0
shrinkage=0.05


Tree=473
num_leaves=7
num_cat=0
split_feature=1 10 46 35 0 30
split_gain=13.3652 44.9218 35.0629 29.0402 25.5355 14.744
threshold=-0.10601330921053885 0.20918048918247226 0.87599658966064464 -0.20705827325582501 -0.006813767831772565 68.332649230957045
decision_type=8 8 10 10 8 10
left_child=1 2 4 -3 -1 -4
right_child=-2 3 5 -5 -6 -7
leaf_value=-0.000449706660811426 -4.5695718456155792e-06 -0.0011416118477752437 0.00072136940368373403 0.00012725457349906512 0.00019695987680626249 0.00011595943107343818
leaf_weight=52 19655 100 237 103 53 60
leaf_count=52 19655 100 237 103 53 60
internal_value=-0.000230693 0.0072541 0.0168919 -0.0116587 -0.0075 0.0255795
internal_weight=20260 605 402 203 105 297
internal_count=20260 605 402 203 105 297
is_linear=0
shrinkage=0.05


Tree=474
num_leaves=7
num_cat=0
split_feature=28 16 33 46 46 35
split_gain=9.02336 12.3655 15.9264 10.6155 9.37083 34.6442
threshold=-0.031160741113126274 0.27500000596046453 -0.30295930802822107 1.1539548039436343 1.169795095920563 0.55096033215522777
decision_type=10 8 10 10 10 10
left_child=1 2 3 -1 -2 -6
right_child=4 -3 -4 -5 5 -7
leaf_value=-0.00010947364633741629 1.8979633295109194e-06 0.00040004653821362697 -0.00049600461150745576 0.00075645852301828233 -6.9081539358558519e-05 0.00029509025475279424
leaf_weight=93 17683 193 54 60 1926 192
leaf_count=93 17683 193 54 60 1926 192
internal_value=-0.000231367 0.00734568 -0.00106132 0.00712025 -0.000193123 -0.00333255
internal_weight=20201 400 207 153 19801 2118
internal_count=20201 400 207 153 19801 2118
is_linear=0
shrinkage=0.05


Tree=475
num_leaves=7
num_cat=0
split_feature=24 26 2 42 42 36
split_gain=10.1713 34.2541 57.563 45.9669 61.5956 38.6187
threshold=0.033798797056078918 0.054861532524228103 0.0072514472994953403 0.1022516041994095 0.11825459077954294 -0.12028031051158904
decision_type=10 8 8 10 10 8
left_child=-1 2 -2 -3 -5 -6
right_child=1 3 -4 4 5 -7
leaf_value=8.2412163176140809e-06 4.5846224697087455e-05 -7.8689166747350972e-05 -0.00026012473324732384 0.00042221175828765259 0.00086846259452289247 -7.2647438530656745e-05
leaf_weight=14449 583 2006 1218 846 131 1045
leaf_count=14449 583 2006 1218 846 131 1045
internal_value=-0.000343884 -0.00182122 -0.0075443 0.000737664 0.00605575 -0.00133362
internal_weight=20278 5829 1801 4028 2022 1176
internal_count=20278 5829 1801 4028 2022 1176
is_linear=0
shrinkage=0.05


Tree=476
num_leaves=7
num_cat=0
split_feature=16 47 47 3 41 27
split_gain=8.43973 17.9438 16.0375 12.5328 16.2307 12.3137
threshold=0.97499999403953563 1.2338252663612368 1.0837405920028689 0.0078405286185443419 0.083050381392240538 0.051124690100550658
decision_type=10 10 10 8 8 8
left_child=-1 2 3 -2 5 -5
right_child=1 -3 -4 4 -6 -7
leaf_value=1.0270603535474251e-06 -0.00022204715008731238 -0.00038609583277027758 0.0002950762788453 0.00051842217056721686 -8.7172282812545746e-05 -5.4403782308542349e-06
leaf_weight=19367 175 144 137 54 439 50
leaf_count=19367 175 144 137 54 439 50
internal_value=-0.000322763 -0.00460657 -0.00177326 -0.00480636 -0.000958029 0.0162844
internal_weight=20366 999 855 718 543 104
internal_count=20366 999 855 718 543 104
is_linear=0
shrinkage=0.05


Tree=477
num_leaves=7
num_cat=0
split_feature=1 1 20 35 22 13
split_gain=9.96766 10.9034 24.1565 22.8574 32.4442 31.4165
threshold=0.109265323728323 0.0098411887884140032 0.12500000372529033 -0.73850989341735829 0.42499999701976782 0.017050283029675487
decision_type=10 8 8 8 10 8
left_child=1 -1 -3 5 -5 -4
right_child=-2 2 3 4 -6 -7
leaf_value=-1.264291958429263e-05 -0.0001327090964910363 -0.0001116849116984993 7.5585505286836869e-06 -7.8087239231065635e-08 0.00013436479024504043 -0.00025496440400506437
leaf_weight=11521 284 743 634 3595 3268 256
leaf_count=11521 284 743 634 3595 3268 256
internal_value=-0.000328721 9.61442e-05 0.00145571 0.00228474 0.00326514 -0.00522346
internal_weight=20301 20017 8496 7753 6863 890
internal_count=20301 20017 8496 7753 6863 890
is_linear=0
shrinkage=0.05


Tree=478
num_leaves=7
num_cat=0
split_feature=47 48 42 41 21 36
split_gain=11.5568 25.316 30.8118 36.1076 34.9567 37.5146
threshold=0.86003702878952037 1.1952328085899355 0.09786305204033853 0.075591858476400389 0.37500000000000006 0.32973018288612371
decision_type=8 10 10 8 8 10
left_child=1 2 3 -1 -4 -6
right_child=-2 -3 4 -5 5 -7
leaf_value=-2.3117106944132707e-05 9.6546949819628643e-06 6.9026020102044052e-05 -0.00019066897430604818 -0.00023706390352381179 3.5945182696182302e-05 0.0004328238152848077
leaf_weight=3100 13878 701 244 793 1423 179
leaf_count=3100 13878 701 244 793 1423 179
internal_value=-0.000323525 -0.00195112 -0.00305101 -0.00557337 0.00225554 0.00496266
internal_weight=20318 6440 5739 3893 1846 1602
internal_count=20318 6440 5739 3893 1846 1602
is_linear=0
shrinkage=0.05


Tree=479
num_leaves=7
num_cat=0
split_feature=36 26 39 50 41 44
split_gain=9.6514 10.942 17.059 14.5093 10.1237 30.3887
threshold=-0.933234542608261 -0.036808768287301057 0.042577352374792106 -1.0290185213088987 0.10096509754657747 0.087375525385141387
decision_type=8 8 10 8 10 8
left_child=1 2 -1 -4 -2 -6
right_child=4 -3 3 -5 5 -7
leaf_value=0.00083934743935401394 7.5076261729301959e-06 -0.00012276232512505896 0.00019214097119201712 -0.00024080265354748024 -0.00036596400871915152 -1.2523365768288774e-05
leaf_weight=75 12808 50 76 55 513 6637
leaf_count=75 12808 50 76 55 513 6637
internal_value=-0.000325189 0.00948276 0.0145735 0.003125 -0.000194109 -0.00170161
internal_weight=20214 256 206 131 19958 7150
internal_count=20214 256 206 131 19958 7150
is_linear=0
shrinkage=0.05


Tree=480
num_leaves=7
num_cat=0
split_feature=18 24 2 35 0 35
split_gain=9.48058 27.0852 20.4986 21.4347 54.0462 51.3393
threshold=0.62500000000000011 0.088289353996515288 0.01931495871394873 0.21868584305047992 0.046681243926286704 0.35705128312110906
decision_type=8 10 10 10 8 8
left_child=1 -1 3 -2 5 -5
right_child=2 -3 -4 4 -6 -7
leaf_value=-7.619220440365556e-06 4.7613044624688317e-05 -0.00085124772274243964 -0.00098129340636046009 -0.00047781113493905285 0.00052109263454539693 -2.8141966853215738e-06
leaf_weight=10978 7347 53 112 406 64 1385
leaf_count=10978 7347 53 112 406 64 1385
internal_value=-0.00035258 -0.000826839 0.00133866 0.00160476 -0.00318548 -0.00485802
internal_weight=20345 11031 9314 9202 1855 1791
internal_count=20345 11031 9314 9202 1855 1791
is_linear=0
shrinkage=0.05


Tree=481
num_leaves=7
num_cat=0
split_feature=1 46 44 36 20 36
split_gain=8.86395 24.3775 22.4851 20.0985 18.9365 12.9816
threshold=-0.10601330921053885 0.88946077227592479 0.11246859282255174 -1.0000000180025095e-35 0.77500000596046459 -0.096760604530572877
decision_type=8 10 8 10 8 8
left_child=1 3 -3 -1 -4 -6
right_child=-2 2 4 -5 5 -7
leaf_value=-0.00051185097218241053 -3.8696855543459167e-06 0.00084939208555504452 0.00017853498594786645 0.00010487042261540699 0.0001662309944726501 -0.00055469161776777048
leaf_weight=73 19737 105 199 120 60 57
leaf_count=73 19737 105 199 120 60 57
internal_value=-0.00030335 0.00577544 0.0125 -0.00871212 0.0055296 -0.010041
internal_weight=20351 614 421 193 316 117
internal_count=20351 614 421 193 316 117
is_linear=0
shrinkage=0.05


Tree=482
num_leaves=7
num_cat=0
split_feature=6 5 5 20 46 22
split_gain=13.5451 31.4018 20.4743 30.9568 20.03 22.6976
threshold=0.24511888623237613 -0.30383688211441034 -0.14726219326257703 0.47499999403953558 1.1261165142059328 0.97499999403953563
decision_type=8 8 8 8 10 10
left_child=2 -2 4 -4 5 -1
right_child=1 -3 3 -5 -6 -7
leaf_value=7.0958797950203357e-05 -0.00013911895539595251 -1.604625277167851e-06 -0.00015329306482722628 5.9592468177595048e-05 -3.4510030188681633e-05 -0.00039549335842635274
leaf_weight=3314 1210 14051 329 230 961 131
leaf_count=3314 1210 14051 329 230 961 131
internal_value=-0.000354654 -0.000827001 0.00217807 -0.00678191 0.00332691 0.0051087
internal_weight=20226 15261 4965 559 4406 3445
internal_count=20226 15261 4965 559 4406 3445
is_linear=0
shrinkage=0.05


Tree=483
num_leaves=7
num_cat=0
split_feature=27 28 45 27 47 39
split_gain=9.52494 15.4807 15.3578 11.4659 34.385 34.13
threshold=0.10212123021483423 0.0022857472067698841 0.10464640706777574 0.018888558261096481 1.517952620983124 -0.021720011718571183
decision_type=10 10 8 10 10 8
left_child=3 -2 -3 -1 5 -5
right_child=1 2 -4 4 -6 -7
leaf_value=-6.9645438767715864e-06 0.00018403314216146137 5.7831767311022821e-06 -0.00046140230748681647 -8.0792777782721212e-05 -0.0003729234825293794 8.6175314353557325e-05
leaf_weight=14340 77 93 134 1149 64 4461
leaf_count=14340 77 93 134 1149 64 4461
internal_value=-0.00027432 -0.00865696 -0.015194 0.000188571 0.00209104 0.00252449
internal_weight=20318 304 227 20014 5674 5610
internal_count=20318 304 227 20014 5674 5610
is_linear=0
shrinkage=0.05


Tree=484
num_leaves=7
num_cat=0
split_feature=30 38 9 14 36 26
split_gain=8.99271 21.7874 24.9722 22.7201 21.5334 18.3688
threshold=43.350194931030281 -0.012025413103401659 -0.032315840944647782 0.92499998211860668 0.80508106946945202 -0.029510598629713055
decision_type=10 10 10 10 8 10
left_child=1 2 4 -3 -1 -6
right_child=-2 3 -4 -5 5 -7
leaf_value=0.00033655831841080107 -1.3651713711591417e-05 -9.5683445849905875e-06 -3.083971426397794e-05 0.00027286241037303348 0.00015832387898982188 -0.00020063673996597773
leaf_weight=339 13150 5371 369 206 666 69
leaf_count=339 13150 5371 369 206 666 69
internal_value=-0.000335812 0.00132028 0.00678522 -9.40523e-05 0.0106348 0.00570946
internal_weight=20170 7020 1443 5577 1074 735
internal_count=20170 7020 1443 5577 1074 735
is_linear=0
shrinkage=0.05


Tree=485
num_leaves=7
num_cat=0
split_feature=28 39 12 48 21 50
split_gain=16.0713 15.7715 21.6568 21.2331 18.8884 19.3178
threshold=-0.0027794390916824336 -0.019825532101094719 -0.0055020905565470448 1.3877112269401553 0.22500000149011615 0.23635457456111911
decision_type=10 8 8 10 8 8
left_child=-1 2 4 -4 -2 -6
right_child=1 -3 3 -5 5 -7
leaf_value=2.5922498375668439e-05 -3.5593845738335223e-05 -4.60593230587926e-06 -0.00010115951043231147 -0.00040218138458028357 0.00033601030990004934 2.9578427623319289e-05
leaf_weight=8159 99 9906 1729 78 123 214
leaf_count=8159 99 9906 1729 78 123 214
internal_value=-0.000294147 -0.00121154 -0.00499333 -0.00740894 0.00493197 0.0105994
internal_weight=20308 12149 2243 1807 436 337
internal_count=20308 12149 2243 1807 436 337
is_linear=0
shrinkage=0.05


Tree=486
num_leaves=7
num_cat=0
split_feature=47 32 22 36 13 3
split_gain=11.1441 33.6265 40.4359 29.4788 20.0503 10.6851
threshold=0.64568516612052929 0.7500194013118745 0.075000001117587103 0.02169856242835522 0.025621345266699794 0.01404809206724167
decision_type=8 8 10 8 8 8
left_child=1 2 -1 -4 -5 -2
right_child=5 -3 3 4 -6 -7
leaf_value=-9.552048075779251e-06 -8.0413190415559758e-06 -0.00023628722400742083 -0.00023879091078748643 0.00057127211702012509 -1.7045338910097052e-05 5.6567264753110483e-05
leaf_weight=305 16865 93 67 295 58 2535
leaf_count=305 16865 93 67 295 58 2535
internal_value=-0.000280621 0.00580194 0.0094863 0.0194706 0.0252095 -0.000137851
internal_weight=20218 818 725 420 353 19400
internal_count=20218 818 725 420 353 19400
is_linear=0
shrinkage=0.05


Tree=487
num_leaves=7
num_cat=0
split_feature=5 39 48 45 21 44
split_gain=13.309 15.601 13.6464 9.79091 34.6263 25.5814
threshold=-0.87839412689208973 0.051520138978958137 -1.117392838001251 0.052659552544355399 0.62500000000000011 0.066833067685365691
decision_type=8 10 10 8 8 8
left_child=1 2 -1 4 -2 -5
right_child=3 -3 -4 5 -6 -7
leaf_value=0.00016933287058614775 8.1883166005063251e-06 -3.1305624031110605e-05 0.00093794743219441216 -9.2160786824418213e-05 0.00066716760324448808 -6.3433875029171409e-07
leaf_weight=145 1178 128 55 1173 53 17646
leaf_count=145 1178 128 55 1173 53 17646
internal_value=-0.000342197 0.00983483 0.0184146 -0.000243082 0.00406553 -0.000527252
internal_weight=20378 328 200 20050 1231 18819
internal_count=20378 328 200 20050 1231 18819
is_linear=0
shrinkage=0.05


Tree=488
num_leaves=7
num_cat=0
split_feature=27 2 43 41 36 32
split_gain=9.54434 22.8145 31.78 19.1398 31.6287 19.0765
threshold=-0.050732318311929696 0.015736553817987445 0.099873844534158721 0.10880656540393831 -0.79789415001869191 -0.33737632632255549
decision_type=10 10 10 8 8 10
left_child=1 2 -1 -4 -5 -3
right_child=-2 5 3 4 -6 -7
leaf_value=4.6188903571713808e-05 5.216608211951874e-06 0.00051881948472171514 -0.00044114043541513724 0.00031018380540994719 -0.00018671253129885247 -0.00013180533286696338
leaf_weight=832 17853 217 383 70 652 133
leaf_count=832 17853 217 383 70 652 133
internal_value=-0.000366096 -0.00297775 -0.00511071 -0.0106532 -0.00574278 0.00866197
internal_weight=20140 2287 1937 1105 722 350
internal_count=20140 2287 1937 1105 722 350
is_linear=0
shrinkage=0.05


Tree=489
num_leaves=7
num_cat=0
split_feature=28 39 10 38 50 2
split_gain=11.4647 13.9274 25.1855 28.8425 27.6895 27.1171
threshold=-0.0027794390916824336 -0.021720011718571183 0.010993933305144312 -0.0023733709240332241 0.28589037060737615 0.0095587470568716543
decision_type=10 8 8 8 8 8
left_child=-1 2 -2 -4 -5 -6
right_child=1 -3 3 4 5 -7
leaf_value=2.7626272898650478e-05 3.2909448207817465e-05 -1.9329055253800023e-07 -0.00024689991856532636 0.0006039267318792721 -0.00060284010660571503 0.00018639615873240723
leaf_weight=8049 623 10220 1024 54 84 218
leaf_count=8049 623 10220 1024 54 84 218
internal_value=-0.000260147 -0.000787128 -0.00459412 -0.0083574 0.00380886 -0.0021987
internal_weight=20272 12223 2003 1380 356 302
internal_count=20272 12223 2003 1380 356 302
is_linear=0
shrinkage=0.05


Tree=490
num_leaves=7
num_cat=0
split_feature=25 50 43 44 38 38
split_gain=13.008 32.131 31.7837 42.761 33.5166 27.0317
threshold=-0.0035271820379421111 0.23635457456111911 0.076176144182682051 0.061767773702740676 0.0059336163103580484 -0.012025413103401659
decision_type=10 10 10 8 8 8
left_child=1 5 3 -3 -4 -1
right_child=-2 2 4 -5 -6 -7
leaf_value=0.00012858005525445354 -1.5028169177529444e-05 -0.00015901407223910033 -0.00047659970178460625 0.00016623211301257536 -7.1590954880407584e-05 1.7226460034969649e-05
leaf_weight=1429 11471 96 382 310 541 6024
leaf_count=1429 11471 96 382 310 541 6024
internal_value=-0.000388735 0.00135143 -0.00579085 0.00577859 -0.0109106 0.0026314
internal_weight=20253 8782 1329 406 923 7453
internal_count=20253 8782 1329 406 923 7453
is_linear=0
shrinkage=0.05


Tree=491
num_leaves=7
num_cat=0
split_feature=44 2 44 46 44 48
split_gain=9.83534 16.3334 21.8579 19.3891 16.9105 31.5617
threshold=0.14373445510864261 0.011943649034947159 0.15486721694469455 0.95234856009483349 0.14996511489152911 -0.33487953245639795
decision_type=10 8 8 10 8 8
left_child=-1 2 3 -2 5 -3
right_child=1 4 -4 -5 -6 -7
leaf_value=-8.6160583777175103e-07 -1.5419237106173261e-06 -0.00011841744732906925 0.00079553639957157603 0.00041994670862634714 -0.00013439967325861794 0.00067988821763891819
leaf_weight=19203 373 92 73 179 297 65
leaf_count=19203 373 92 73 179 297 65
internal_value=-0.000329028 0.00482011 0.0100397 0.00641831 -0.00234205 0.0106481
internal_weight=20282 1079 625 552 454 157
internal_count=20282 1079 625 552 454 157
is_linear=0
shrinkage=0.05


Tree=492
num_leaves=7
num_cat=0
split_feature=42 16 3 47 22 38
split_gain=10.9001 24.8454 14.4281 28.3903 21.3176 22.3561
threshold=0.1801724508404732 0.47499999403953558 0.015940513461828235 1.3383410573005678 0.82500001788139354 0.028749213553965095
decision_type=10 8 10 10 10 8
left_child=2 -2 -1 4 -4 -6
right_child=1 -3 3 -5 5 -7
leaf_value=-2.43027518036453e-06 -0.00032387332555248332 9.6685470387048594e-05 -6.1904707412177104e-05 -0.00034629296677677717 0.00063257970868411278 -6.4231621132795902e-05
leaf_weight=19547 124 172 105 84 204 58
leaf_count=19547 124 172 105 84 204 58
internal_value=-0.000294349 -0.0095515 3.37449e-05 0.00882675 0.0148522 0.0223783
internal_weight=20294 296 19998 451 367 262
internal_count=20294 296 19998 451 367 262
is_linear=0
shrinkage=0.05


Tree=493
num_leaves=7
num_cat=0
split_feature=47 24 2 39 46 21
split_gain=15.4121 25.0843 32.2522 17.2248 15.1485 18.9941
threshold=0.64568516612052929 0.052924994379282005 0.0062663527205586442 0.0071812991518527278 0.99627918004989635 0.27500000596046453
decision_type=8 10 8 10 10 8
left_child=1 2 4 -3 -1 -6
right_child=-2 3 -4 -5 5 -7
leaf_value=-5.5086192876654734e-06 -1.3578153522760895e-06 3.8264778773771665e-05 0.00060541827161259974 -0.0003421738846044564 7.8445542478244087e-06 0.0010304558273079424
leaf_weight=362 19447 65 151 72 94 61
leaf_count=362 19447 65 151 72 94 61
internal_value=-0.000309769 0.00694444 0.0109584 -0.0121479 0.00483716 0.0176563
internal_weight=20252 805 668 137 517 155
internal_count=20252 805 668 137 517 155
is_linear=0
shrinkage=0.05


Tree=494
num_leaves=7
num_cat=0
split_feature=30 38 27 45 21 20
split_gain=11.7898 16.835 15.1981 28.9662 18.5365 15.7181
threshold=33.266874313354499 -0.012025413103401659 -0.055701630190014832 0.13734230399131778 0.77500000596046459 0.27500000596046453
decision_type=10 8 8 10 8 8
left_child=1 -1 3 -2 -5 -6
right_child=2 -3 -4 4 5 -7
leaf_value=0.00016087086106543176 -0.00028332543304059992 1.1367923634478208e-05 -4.9304502972202964e-06 -0.00037780657891717912 8.1570173409232062e-05 0.0010211847455658377
leaf_weight=592 384 2897 16151 54 111 54
leaf_count=592 384 2897 16151 54 111 54
internal_value=-0.000364234 0.00252576 -0.000666806 -0.00842928 0.00591518 0.0142647
internal_weight=20243 3489 16754 603 219 165
internal_count=20243 3489 16754 603 219 165
is_linear=0
shrinkage=0.05


Tree=495
num_leaves=7
num_cat=0
split_feature=20 12 44 38 38 3
split_gain=9.40422 36.7747 24.2384 42.5243 24.8521 31.7276
threshold=0.22500000149011615 0.046505570411682136 0.11721568554639818 0.031115367077291015 1.0000000180025095e-35 0.012078520841896536
decision_type=8 10 8 8 8 8
left_child=1 2 4 -4 -1 -6
right_child=-2 -3 3 -5 5 -7
leaf_value=5.0260213401731917e-05 6.397391056793916e-06 0.00097496032367588186 -0.00024221918141387831 0.00023194522681486558 -8.2923429462193962e-05 0.0005443030264596757
leaf_weight=1047 16301 60 1050 130 1462 92
leaf_count=1047 16301 60 1050 130 1462 92
internal_value=-0.000246935 -0.00226859 -0.00291204 -0.00883966 -0.000201458 -0.00421745
internal_weight=20142 3841 3781 1180 2601 1554
internal_count=20142 3841 3781 1180 2601 1554
is_linear=0
shrinkage=0.05


Tree=496
num_leaves=7
num_cat=0
split_feature=27 47 5 35 36 40
split_gain=9.6868 29.7365 29.7855 30.1594 42.6162 58.5069
threshold=0.018888558261096481 1.517952620983124 0.084525290876626982 -0.72319629788398732 -0.5644010305404662 0.12463442236185075
decision_type=10 10 8 8 10 8
left_child=-1 2 -2 -4 5 -5
right_child=1 -3 3 4 -6 -7
leaf_value=-1.1523002272393605e-05 0.00020095861925437998 -0.00051577646964947081 -0.00013244317365698611 0.00036564585120439815 -1.748290545845548e-05 -0.00017135594078033015
leaf_weight=14371 675 77 558 1005 3331 390
leaf_count=14371 675 77 558 1005 3331 390
internal_value=-0.000341711 0.00153534 0.0019492 0.000675931 0.00198161 0.00930357
internal_weight=20407 6036 5959 5284 4726 1395
internal_count=20407 6036 5959 5284 4726 1395
is_linear=0
shrinkage=0.05


Tree=497
num_leaves=7
num_cat=0
split_feature=6 20 12 36 39 9
split_gain=9.82196 23.1257 32.5429 28.3444 27.2773 25.2797
threshold=0.38424955308437353 0.47499999403953558 -0.036913324147462838 -0.33333390951156611 -0.034336557611823075 -0.034787781536579125
decision_type=10 10 8 10 10 10
left_child=1 -1 3 5 -4 -3
right_child=-2 2 4 -5 -6 -7
leaf_value=8.6090586417890413e-07 -1.4308001760251652e-05 0.00043997216587577254 -1.5272558245703708e-05 -0.00086761663392993262 0.00020848017779789854 -0.00018891619467616296
leaf_weight=7332 11209 123 424 83 1056 120
leaf_count=7332 11209 123 424 83 1056 120
internal_value=-0.000323064 0.00133162 0.0063915 -0.00777946 0.00954545 0.000907258
internal_weight=20347 9138 1806 326 1480 243
internal_count=20347 9138 1806 326 1480 243
is_linear=0
shrinkage=0.05


Tree=498
num_leaves=7
num_cat=0
split_feature=4 28 31 16 35 40
split_gain=8.63676 11.1932 14.2335 13.4977 28.4752 53.0194
threshold=0.72576186060905468 0.023021938279271129 49.823814392089851 0.67499998211860668 -0.28413563966751093 0.057503681629896171
decision_type=10 8 10 10 10 8
left_child=1 3 -3 -1 5 -5
right_child=-2 2 -4 4 -6 -7
leaf_value=-7.4554862814065052e-06 -3.1631676530585916e-05 0.00026209644683066971 -3.2529078439661863e-05 -0.00032811583658084011 -1.5842135364614922e-05 0.00014802890548375734
leaf_weight=12096 3210 251 134 135 2357 2010
leaf_count=12096 3210 251 134 135 2357 2010
internal_value=-0.000355233 0.000407641 0.00878205 0.0002093 0.00254604 0.0067093
internal_weight=20193 16983 385 16598 4502 2145
internal_count=20193 16983 385 16598 4502 2145
is_linear=0
shrinkage=0.05


Tree=499
num_leaves=7
num_cat=0
split_feature=44 21 17 10 10 45
split_gain=14.2537 36.2791 32.9802 37.8205 41.5809 34.591
threshold=0.083138793706893935 0.12500000372529033 0.27500000596046453 0.010993933305144312 -0.051809713244438164 0.074256509542465224
decision_type=10 8 8 8 10 8
left_child=2 -2 3 4 -1 -6
right_child=1 -3 -4 -5 5 -7
leaf_value=-0.0001449497835673965 -7.6026097845187105e-05 -9.9650632381730924e-06 4.8662579466540631e-05 -0.00017582504538157578 3.8379083501341373e-05 0.00078626516240122416
leaf_weight=391 445 10196 7421 1309 384 112
leaf_count=391 445 10196 7421 1309 384 112
internal_value=-0.000304743 -0.00127043 0.00138485 -0.00398682 0.00395179 0.013523
internal_weight=20258 10641 9617 2196 887 496
internal_count=20258 10641 9617 2196 887 496
is_linear=0
shrinkage=0.05


end of trees

feature_importances:
usd_beta_21d=205
vol_gk_252d=192
usd_beta_63d=178
vol_ratio_63_252=128
vol_gk_126d=125
usd_factor_63d=120
mom_skip_recent=102
vol_ratio_21_63=96
zscore_126d=94
accel_21_63=93
vol_cc_63d=93
zscore_63d=88
ret_252d=84
avg_range_63d=78
usd_factor_21d=75
accel_63_126=73
vol_gk_63d=72
rank_vol_63d=71
sharpe_126d=67
ret_126d=66
ret_42d=66
price_to_ma_252d=54
ret_63d=52
rank_vol_21d=51
zscore_21d=48
vol_gk_21d=45
avg_range_21d=44
rank_sharpe_63d=37
ret_21d=34
sharpe_21d=34
rank_ret_126d=32
ret_10d=31
rank_sharpe_126d=30
channel_pos_126d=29
vol_cc_21d=28
rank_ret_63d=27
rank_ret_21d=26
carry_proxy=25
ret_5d=25
price_to_ma_63d=24
bollinger_pctb_21d=23
rank_sharpe_21d=23
price_to_ma_21d=22
max_dd_63d=21
rsi_14d=18
channel_pos_21d=11
rank_carry_proxy=11
rsi_63d=11
channel_pos_63d=10
sharpe_63d=6
usd_factor_1d=2

parameters:
[boosting: gbdt]
[objective: regression_l1]
[metric: custom]
[tree_learner: serial]
[device_type: cuda]
[data_sample_strategy: bagging]
[data: ]
[valid: ]
[num_iterations: 500]
[learning_rate: 0.05]
[num_leaves: 7]
[num_threads: 0]
[seed: 42]
[deterministic: 0]
[force_col_wise: 0]
[force_row_wise: 1]
[histogram_pool_size: -1]
[max_depth: -1]
[min_data_in_leaf: 50]
[min_sum_hessian_in_leaf: 0.001]
[bagging_fraction: 0.8]
[pos_bagging_fraction: 1]
[neg_bagging_fraction: 1]
[bagging_freq: 1]
[bagging_seed: 400]
[bagging_by_query: 0]
[feature_fraction: 0.7]
[feature_fraction_bynode: 1]
[feature_fraction_seed: 30056]
[extra_trees: 0]
[extra_seed: 12879]
[early_stopping_round: 0]
[early_stopping_min_delta: 0]
[first_metric_only: 0]
[max_delta_step: 0]
[lambda_l1: 0.5]
[lambda_l2: 5]
[linear_lambda: 0]
[min_gain_to_split: 0]
[drop_rate: 0.1]
[max_drop: 50]
[skip_drop: 0.5]
[xgboost_dart_mode: 0]
[uniform_drop: 0]
[drop_seed: 17869]
[top_rate: 0.2]
[other_rate: 0.1]
[min_data_per_group: 100]
[max_cat_threshold: 32]
[cat_l2: 10]
[cat_smooth: 10]
[max_cat_to_onehot: 4]
[top_k: 20]
[monotone_constraints: ]
[monotone_constraints_method: basic]
[monotone_penalty: 0]
[feature_contri: ]
[forcedsplits_filename: ]
[refit_decay_rate: 0.9]
[cegb_tradeoff: 1]
[cegb_penalty_split: 0]
[cegb_penalty_feature_lazy: ]
[cegb_penalty_feature_coupled: ]
[path_smooth: 0]
[interaction_constraints: ]
[verbosity: -1]
[saved_feature_importance_type: 0]
[use_quantized_grad: 0]
[num_grad_quant_bins: 4]
[quant_train_renew_leaf: 0]
[stochastic_rounding: 1]
[linear_tree: 0]
[max_bin: 63]
[max_bin_by_feature: ]
[min_data_in_bin: 3]
[bin_construct_sample_cnt: 200000]
[data_random_seed: 175]
[is_enable_sparse: 1]
[enable_bundle: 1]
[use_missing: 1]
[zero_as_missing: 0]
[feature_pre_filter: 1]
[pre_partition: 0]
[two_round: 0]
[header: 0]
[label_column: ]
[weight_column: ]
[group_column: ]
[ignore_column: ]
[categorical_feature: ]
[forcedbins_filename: ]
[precise_float_parser: 0]
[parser_config_file: ]
[objective_seed: 16083]
[num_class: 1]
[is_unbalance: 0]
[scale_pos_weight: 1]
[sigmoid: 1]
[boost_from_average: 1]
[reg_sqrt: 0]
[alpha: 0.9]
[fair_c: 1]
[poisson_max_delta_step: 0.7]
[tweedie_variance_power: 1.5]
[lambdarank_truncation_level: 30]
[lambdarank_norm: 1]
[label_gain: ]
[lambdarank_position_bias_regularization: 0]
[eval_at: ]
[multi_error_top_k: 1]
[auc_mu_weights: ]
[num_machines: 1]
[local_listen_port: 12400]
[time_out: 120]
[machine_list_filename: ]
[machines: ]
[gpu_platform_id: -1]
[gpu_device_id: -1]
[gpu_device_id_list: ]
[gpu_use_dp: 0]
[num_gpu: 1]

end of parameters

pandas_categorical:null
