tree
version=v4
num_class=1
num_tree_per_iteration=1
label_index=0
max_feature_idx=60
objective=regression_l1
feature_names=accel_21_63 accel_63_126 avg_range_21d avg_range_63d bollinger_pctb_21d carry_proxy channel_pos_126d channel_pos_21d channel_pos_63d max_dd_63d mom_skip_recent price_to_ma_21d price_to_ma_252d price_to_ma_63d rank_carry_proxy rank_ret_126d rank_ret_21d rank_ret_63d rank_sharpe_126d rank_sharpe_21d rank_sharpe_63d rank_vol_21d rank_vol_63d ret_10d ret_126d ret_21d ret_252d ret_42d ret_5d ret_63d rsi_14d rsi_63d sharpe_126d sharpe_21d sharpe_63d usd_beta_21d usd_beta_63d usd_factor_1d usd_factor_21d usd_factor_63d vol_cc_21d vol_cc_63d vol_gk_126d vol_gk_21d vol_gk_252d vol_gk_63d vol_ratio_21_63 vol_ratio_63_252 zscore_126d zscore_21d zscore_63d kalman_trend kalman_slope kalman_slope_zscore kalman_innovation kalman_smoothness hmm_regime_prob_risk_off hmm_regime_transition_5d arima_forecast arima_residual arima_residual_zscore
feature_infos=[-0.19679328799247742:0.20472531020641327] [-0.26255416870117188:0.20294597744941711] [0.00028506756643764675:0.032857734709978104] [0.00056281563593074679:0.021232530474662781] [-2.1817340850830078:2.1534316539764404] [-1.5809764862060547:1.9219774007797241] [0:1] [0:1] [0:1] [-0.20013526082038879:0] [-0.35089993476867676:0.43072208762168884] [-0.18110655248165131:0.14812014997005463] [-0.2430165559053421:0.26251325011253357] [-0.18672631680965424:0.15493281185626984] [0.05000000074505806:1] [0.05000000074505806:1] [0.05000000074505806:1] [0.05000000074505806:1] [0.05000000074505806:1] [0.05000000074505806:1] [0.05000000074505806:1] [0.05000000074505806:1] [0.05000000074505806:1] [-0.18885858356952667:0.16665816307067871] [-0.24452370405197144:0.34307342767715454] [-0.18780495226383209:0.13435123860836029] [-0.32876867055892944:0.41366931796073914] [-0.18802806735038757:0.20023827254772186] [-0.18780495226383209:0.19092723727226257] [-0.19209679961204529:0.25151437520980835] [0.47960564494132996:98.965812683105469] [4.3956151008605957:78.511314392089844] [-2.0049896240234375:2.7887768745422363] [-0.91847944259643555:1.0865364074707031] [-1.5809764862060547:1.9219774007797241] [-0.92238748073577881:0.91916948556900024] [-0.96863085031509399:0.96137493848800659] [-0.027317339554429054:0.019427619874477386] [-0.041289318352937698:0.050707641988992691] [-0.076491691172122955:0.081928655505180359] [0.0014676422579213977:0.73532307147979736] [0.0021560536697506905:0.42847311496734619] [0.014051584526896477:0.227898970246315] [0.0033726203255355358:0.44004997611045837] [0.02019953541457653:0.18940684199333191] [0.010701158083975315:0.28529408574104309] [0.31516405940055847:1.7290194034576416] [0.097467020153999329:1.9800679683685303] [-15.043925285339355:4.7361602783203125] [-15.182501792907715:6.6562557220458984] [-15.029708862304688:6.1560940742492676] none none none none none none none none none none
tree_sizes=800 812 806 812 807 806 802 804 794 795 802 808 807 809 809 802 802 810 813 796 802 805 812 805 804 801 813 798 798 809 809 814 807 803 798 800 802 807 806 802 804 815 808 814 808 806 803 796 807 801 808 805 797 804 798 803 801 805 811 803 798 810 808 807 800 798 805 807 810 805 787 804 795 797 806 790 796 791 797 788 807 798 798 785 793 801 801 803 800 805 809 802 809 804 782 803 799 805 800 800 799 802 799 805 811 804 809 787 806 787 800 802 807 801 795 778 808 785 798 808 799 802 780 812 789 808 787 788 804 818 807 798 797 805 804 802 804 811 810 799 805 806 813 802 798 813 805 789 807 805 799 801 811 780 791 810 795 796 788 800 803 807 792 788 789 801 810 807 806 805 799 808 799 809 802 800 790 797 801 808 803 793 794 808 790 805 781 788 784 795 810 781 801 801 796 816 799 800 779 809 808 801 812 792 796 806 789 803 790 785 788 802 807 800 784 807 805 805 798 794 792 796 791 800 794 780 802 811 793 802 792 797 800 801 790 786 803 796 800 809 803 803 802 803 787 800 799 799 798 784 795 803 808 808 805 813 806 797 807 793 789 800 808 806 787 792 794 778 795 795 793 802 800 802 797 788 800 802 788 800 796 788 780 803 792 816 799 805 783 804 802 801 803 803 807 809 794 799 786 810 806 786 798 809 806 790 793 798 799 785 796 803 783 801 798 806 805 802 814 799 795 802 801 796 804 805 786 808 800 797 789 800 809 804 791 786 798 790 797 804 805 775 796 812 795 786 802 802 790 802 788 790 798 803 809 806 780 796 790 799 792 781 796 795 814 798 792 791 794 793 791 795 780 787 796 782 796 807 806 794 801 802 798 804 788 791 800 798 786 797 799 796 794 808 800 801 799 782 796 798 814 812 789 791 797 794 787 810 800 805 791 775 784 786 810 800 797 801 789 780 784 795 792 796 808 809 800 788 784 788 799 792 798 785 798 795 800 796 801 799 794 804 791 814 795 809 777 808 803 797 799 779 804 789 794 796 796 793 789 796 801 801 791 799 777 810 812 803 800 783 803 797 799 799 790 800 773 791 797 789 795 803 787 782 785 800 800 808 801 802 787 798 799 806 807 784 793 794 799 806

Tree=0
num_leaves=7
num_cat=0
split_feature=44 35 17 48 26 39
split_gain=113.922 137.511 68.7363 94.4056 92.9745 95.3965
threshold=0.062993790954351439 0.54769179224967968 0.82500001788139354 0.88272601366043102 0.2344203591346741 -0.018792528659105297
decision_type=2 10 2 10 2 2
left_child=1 -1 -2 -4 5 -5
right_child=2 -3 3 4 -6 -7
leaf_value=0.00021246566757326946 0.00054221712489379572 0.00077838399301981558 0.00016047044045990332 -2.2251812333706799e-05 -0.0012623828384676018 0.0007963741649291479
leaf_weight=1304 14619 294 2071 223 123 1554
leaf_count=1304 14619 294 2071 223 123 1554
internal_value=0.000554394 -0.0121965 0.00169525 -0.00413212 0.00390308 0.00686297
internal_weight=20188 1598 18590 3971 1900 1777
internal_count=20188 1598 18590 3971 1900 1777
is_linear=0
shrinkage=1


Tree=1
num_leaves=7
num_cat=0
split_feature=3 48 38 29 0 46
split_gain=112.307 78.4693 144.325 86.0336 75.7891 67.5564
threshold=0.0041848833207041034 -0.058912964537739747 -0.010783429723232983 0.071561682969331755 -0.010956853628158568 0.89553052186965953
decision_type=2 10 2 2 2 2
left_child=-1 2 4 -4 -2 -3
right_child=1 5 3 -5 -6 -7
leaf_value=-7.0921789665590046e-05 -0.00016249031243205535 -8.272205937828404e-05 -0.00012114523931813892 -0.0012043022468424171 0.00035344326381164137 0.00024700664427655282
leaf_weight=651 571 2072 8255 311 2012 6331
leaf_count=651 571 2072 8255 311 2012 6331
internal_value=0.000171962 0.000719691 -0.00202842 -0.00515401 0.00831723 0.00436786
internal_weight=20203 19552 11149 8566 2583 8403
internal_count=20203 19552 11149 8566 2583 8403
is_linear=0
shrinkage=0.05


Tree=2
num_leaves=7
num_cat=0
split_feature=21 48 10 0 46 48
split_gain=96.4788 76.6614 148.821 135.646 101.694 90.6523
threshold=0.17500000447034839 -0.28880846500396723 0.22600437700748446 -0.029615771956741806 0.89553052186965953 -1.9260837435722349
decision_type=2 10 2 2 2 10
left_child=-1 2 3 5 -3 -2
right_child=1 4 -4 -5 -6 -7
leaf_value=-8.1243011551123347e-05 -0.0012040448436637236 -0.00014972476584443941 0.00062802580370407675 -1.8593207092635564e-05 0.00028600177593398257 -0.00018564025067462355
leaf_weight=3048 444 1900 332 7438 6469 681
leaf_count=3048 444 1900 332 7438 6469 681
internal_value=8.24433e-05 0.00142886 -0.00180056 -0.00308415 0.00486327 -0.0192257
internal_weight=20312 17264 8895 8563 8369 1125
internal_count=20312 17264 8895 8563 8369 1125
is_linear=0
shrinkage=0.05


Tree=3
num_leaves=7
num_cat=0
split_feature=44 35 35 35 2 36
split_gain=130.408 116.98 70.2829 81.3066 67.4519 64.9454
threshold=0.062993790954351439 0.4778112024068833 0.15508352965116504 0.43759913742542272 0.0024437067331746225 -0.82887965440750111
decision_type=2 10 10 10 2 8
left_child=1 -1 5 -4 -5 -2
right_child=2 -3 3 4 -6 -7
leaf_value=-0.00026988999742225134 -0.00025155864832977391 0.00011780818793868094 -0.00032184930686180455 -2.5538789365054988e-05 0.00010255816428416439 0.00011927087335625402
leaf_weight=1274 1176 413 2469 111 2745 12157
leaf_count=1274 1176 413 2469 111 2745 12157
internal_value=0.000146192 -0.0136082 0.000888121 -0.00396341 0.00177386 0.00282839
internal_weight=20345 1687 18658 5325 2856 13333
internal_count=20345 1687 18658 5325 2856 13333
is_linear=0
shrinkage=0.05


Tree=4
num_leaves=7
num_cat=0
split_feature=3 42 3 10 20 44
split_gain=103.975 66.2848 96.3984 74.7508 73.648 67.0436
threshold=0.0041848833207041034 0.102775726467371 0.0088289086706936377 -0.11799949035048483 0.87500000000000011 0.083516556769609465
decision_type=2 2 2 2 2 2
left_child=-1 3 -3 -2 -4 -5
right_child=1 2 4 5 -6 -7
leaf_value=-6.0720826574552126e-05 0.00056158754680681337 0.00089997544859278609 0.00016713814216972423 2.3562567068702263e-05 -0.00030486073789407788 -0.00016451349683292392
leaf_weight=631 297 485 7033 5232 1288 5255
leaf_count=631 297 485 7033 5232 1288 5255
internal_value=0.000117423 0.000376372 0.00359494 -0.00224998 0.00232104 -0.00295701
internal_weight=20221 19590 8806 10784 8321 10487
internal_count=20221 19590 8806 10784 8321 10487
is_linear=0
shrinkage=0.05


Tree=5
num_leaves=7
num_cat=0
split_feature=42 17 41 48 38 39
split_gain=100.121 101.312 99.5727 95.2717 82.0358 70.2537
threshold=0.102775726467371 0.77500000596046459 0.10068249702453615 -0.28880846500396723 -0.0065476286690682164 0.0025397454155609016
decision_type=2 2 2 10 2 2
left_child=3 -2 -3 4 -1 -4
right_child=1 2 5 -5 -6 -7
leaf_value=2.8467253303387675e-05 0.00028579393259213747 0.00043677169167502641 -0.00070797910671441472 3.1228977998343917e-05 -0.00022837137319294519 -7.0055841048587809e-05
leaf_weight=1497 6226 720 917 5629 4320 995
leaf_count=1497 6226 720 917 5629 4320 995
internal_value=4.80083e-05 0.00370924 -0.00450322 -0.0033687 -0.00785383 -0.0104721
internal_weight=20304 8858 2632 11446 5817 1912
internal_count=20304 8858 2632 11446 5817 1912
is_linear=0
shrinkage=0.05


Tree=6
num_leaves=7
num_cat=0
split_feature=48 38 26 25 26 39
split_gain=89.4967 125.131 119.005 74.0387 73.2043 105.039
threshold=-0.058912964537739747 -0.012004600837826727 0.2344203591346741 -0.06650239601731299 0.15751183778047564 0.012268618214875461
decision_type=10 2 2 2 2 2
left_child=1 -1 -2 -3 -5 -6
right_child=2 3 -4 4 5 -7
leaf_value=0.00016823824779623579 0.00015609505823798689 0.00063962835635023225 -0.00091118904484897834 -0.00017277294900194429 0.00073844026548490125 -0.0002662316424999324
leaf_weight=2493 8330 281 296 8213 393 284
leaf_count=2493 8330 281 296 8213 393 284
internal_value=8.25326e-05 -0.00266304 0.00405225 -0.00536454 -0.0061692 0.00956745
internal_weight=20290 11664 8626 9171 8890 677
internal_count=20290 11664 8626 9171 8890 677
is_linear=0
shrinkage=0.05


Tree=7
num_leaves=7
num_cat=0
split_feature=22 35 36 36 0 41
split_gain=74.3908 83.819 76.9727 97.8684 97.9897 137.13
threshold=0.42499999701976782 0.54769179224967968 -0.82887965440750111 -0.47983635962009424 -0.0024253956507891412 0.10068249702453615
decision_type=2 10 8 10 2 2
left_child=1 -1 -2 4 5 -4
right_child=2 -3 3 -5 -6 -7
leaf_value=-0.00012714904616065623 -0.00028337319385092155 0.00014550095403452457 0.00063721742558708406 2.6766369093068443e-05 0.00069247914162594434 -0.00062549941719943435
leaf_weight=6573 986 1553 765 8237 1551 639
leaf_count=6573 986 1553 765 8237 1551 639
internal_value=7.75518e-05 -0.0037972 0.00237831 0.00356122 0.0113598 0.00175656
internal_weight=20304 8126 12178 11192 2955 1404
internal_count=20304 8126 12178 11192 2955 1404
is_linear=0
shrinkage=0.05


Tree=8
num_leaves=7
num_cat=0
split_feature=42 0 48 26 0 27
split_gain=76.969 148.344 176.728 94.0609 82.5998 79.7717
threshold=0.102775726467371 -0.010956853628158568 -2.0810037851333614 -0.084119502454996095 0.092399697750806822 -0.0048097383696585885
decision_type=2 2 10 2 2 2
left_child=-1 2 -2 -4 5 -3
right_child=1 4 3 -5 -6 -7
leaf_value=-5.0826326811500982e-05 -0.0010058330668907946 0.00019308444055576428 -0.00096756337501748132 0.00013746565306929493 -0.00074136480370224614 0.00059989830163159499
leaf_weight=11414 490 2964 439 2527 317 2115
leaf_count=11414 490 2964 439 2527 317 2115
internal_value=0.000171427 0.00346336 -0.00461572 0 0.00864192 0.0101937
internal_weight=20266 8852 3456 2966 5396 5079
internal_count=20266 8852 3456 2966 5396 5079
is_linear=0
shrinkage=0.05


Tree=9
num_leaves=7
num_cat=0
split_feature=42 35 41 17 46 39
split_gain=72.5595 71.5153 81.8906 92.271 85.8633 83.63
threshold=0.102775726467371 -0.80180099606513966 0.095687117427587523 0.77500000596046459 0.88927435874938976 0.0025397454155609016
decision_type=2 8 2 2 2 2
left_child=-1 -2 4 -4 -3 -5
right_child=1 2 3 5 -6 -7
leaf_value=-4.6479389010332248e-05 -0.0003353440820617168 -6.5876993314871116e-05 0.00023660802944982934 -0.00061410661144360073 0.00078892409305734719 0.0001159841756936447
leaf_weight=11404 561 487 4677 880 1163 1062
leaf_count=11404 561 487 4677 880 1163 1062
internal_value=0.000206285 0.0035399 0.00471658 0.00222298 0.0146677 -0.0069209
internal_weight=20234 8830 8269 6619 1650 1942
internal_count=20234 8830 8269 6619 1650 1942
is_linear=0
shrinkage=0.05


Tree=10
num_leaves=7
num_cat=0
split_feature=42 0 48 27 45 44
split_gain=67.7806 125.003 164.565 83.5655 132.323 78.8801
threshold=0.102775726467371 -0.017210964113473889 -2.0810037851333614 -0.0011722721392288802 0.18304008245468142 0.13054222613573077
decision_type=2 2 10 2 2 2
left_child=-1 2 -2 5 -5 -3
right_child=1 3 -4 4 -6 -7
leaf_value=-5.335607950426085e-05 -0.00097280414802360842 -7.838508611946585e-05 -2.8057527879089764e-05 0.00058495946361372014 -0.00097516455501527413 0.00049223663596939049
leaf_weight=11416 417 2213 2635 2037 166 1377
leaf_count=11416 417 2213 2635 2037 166 1377
internal_value=4.31758e-05 0.00298588 -0.005193 0.00729993 0.014957 0.00257997
internal_weight=20261 8845 3052 5793 2203 3590
internal_count=20261 8845 3052 5793 2203 3590
is_linear=0
shrinkage=0.05


Tree=11
num_leaves=7
num_cat=0
split_feature=44 35 0 42 46 43
split_gain=65.1437 92.2098 85.6335 90.6798 102.952 93.6298
threshold=0.065135478973388686 0.4778112024068833 -0.010956853628158568 0.11209433525800706 0.59286242723464977 0.11203956604003908
decision_type=2 10 2 2 2 2
left_child=1 -1 -2 5 -5 -4
right_child=2 -3 3 4 -6 -7
leaf_value=-0.00020906184175654023 -0.00011782885564489256 0.00015368713171191669 3.4800228609163621e-05 -0.0005842511101612699 0.00039687059372724485 -0.00045903488797829873
leaf_weight=1507 7080 454 6340 224 3944 670
leaf_count=1507 7080 454 6340 224 3944 670
internal_value=9.76563e-05 -0.00901577 0.000562613 0.00328847 0.00912413 -0.000181753
internal_weight=20219 1961 18258 11178 4168 7010
internal_count=20219 1961 18258 11178 4168 7010
is_linear=0
shrinkage=0.05


Tree=12
num_leaves=7
num_cat=0
split_feature=48 10 38 46 6 44
split_gain=71.0112 126.422 99.9887 96.3727 116.542 75.1239
threshold=-0.2361374422907829 0.22600437700748446 -0.014154326170682905 0.89553052186965953 0.62020957469940197 0.13889769464731219
decision_type=10 2 2 2 2 2
left_child=1 2 -1 4 -2 -4
right_child=3 -3 5 -5 -6 -7
leaf_value=0.00017177798850428138 0.00021036717360171315 0.00050289070784284074 -0.0001844296571970592 0.00019559316958046638 -0.00028403090275160091 0.00028578521852092937
leaf_weight=1837 933 330 7449 7085 1468 1069
leaf_count=1837 933 330 7449 7085 1468 1069
internal_value=0.000107801 -0.00283676 -0.00381515 0.00310557 -0.00553824 -0.0060982
internal_weight=20171 10685 10355 9486 2401 8518
internal_count=20171 10685 10355 9486 2401 8518
is_linear=0
shrinkage=0.05


Tree=13
num_leaves=7
num_cat=0
split_feature=36 22 35 35 10 35
split_gain=56.8387 74.2466 94.7715 80.3974 79.8433 84.7765
threshold=-0.82887965440750111 0.42499999701976782 0.15508352965116504 0.54769179224967968 -0.11799949035048483 -0.83558541536331166
decision_type=8 2 10 10 2 8
left_child=-1 3 -3 4 -2 -6
right_child=1 2 -4 -5 5 -7
leaf_value=-0.0002884475655775737 0.0004984142492973772 0.00019455447206421478 -0.00014489529719812776 0.00015146707363557094 0.00061315263160018768 -0.00014342221363670515
leaf_weight=1295 201 8434 2804 1535 161 5875
leaf_count=1295 201 8434 2804 1535 161 5875
internal_value=4.30822e-05 0.00055614 0.0031553 -0.00319853 -0.00572333 -0.00676626
internal_weight=20305 19010 11238 7772 6237 6036
internal_count=20305 19010 11238 7772 6237 6036
is_linear=0
shrinkage=0.05


Tree=14
num_leaves=7
num_cat=0
split_feature=14 39 21 15 40 10
split_gain=52.1203 85.9601 66.0515 70.0463 67.3153 48.5094
threshold=0.72499999403953563 -0.01522282464429736 0.52500000596046459 0.22500000149011615 0.097797557711601271 0.17552861571311953
decision_type=2 2 2 2 2 2
left_child=2 -2 3 -1 -5 -3
right_child=1 5 -4 4 -6 -7
leaf_value=-0.00027749577783804674 -0.00030452302387134984 2.4826933211828718e-05 0.00018493863013129453 5.2104522006336541e-05 -0.00049220544791349471 -0.00043431816990485109
leaf_weight=1748 1196 4335 6856 5052 675 533
leaf_count=1748 1196 4335 6856 5052 675 533
internal_value=0.000116422 -0.00390097 0.00162702 -0.00162099 0.00105112 -0.000938847
internal_weight=20395 6064 14331 7475 5727 4868
internal_count=20395 6064 14331 7475 5727 4868
is_linear=0
shrinkage=0.05


Tree=15
num_leaves=7
num_cat=0
split_feature=36 21 36 20 46 16
split_gain=52.6587 61.9503 87.1935 68.621 80.048 63.0669
threshold=-0.82887965440750111 0.52500000596046459 -0.47983635962009424 0.77500000596046459 0.99988016486167919 0.57500001788139354
decision_type=8 2 10 2 2 2
left_child=-1 -2 5 -4 -5 -3
right_child=1 2 3 4 -6 -7
leaf_value=-0.0002746387211666203 -3.4587897853756308e-05 0.0001261760528308739 0.000122321800810848 -0.00061340095819874339 7.7869825863842475e-06 0.0006833772380721915
leaf_weight=1296 9813 1220 4787 674 1159 1409
leaf_count=1296 9813 1220 4787 674 1159 1409
internal_value=5.77027e-05 0.000654272 0.00359034 0.000524528 -0.00768498 0.0112851
internal_weight=20358 19062 9249 6620 1833 2629
internal_count=20358 19062 9249 6620 1833 2629
is_linear=0
shrinkage=0.05


Tree=16
num_leaves=7
num_cat=0
split_feature=44 35 14 48 46 26
split_gain=58.3768 135.692 53.1191 76.2924 95.4953 73.4513
threshold=0.062993790954351439 -0.49827945232391352 0.72499999403953563 1.0474091768264773 0.9419933855533601 0.2344203591346741
decision_type=2 10 2 10 2 2
left_child=1 -1 -2 -4 -5 -6
right_child=2 -3 3 4 5 -7
leaf_value=-0.00097497236805000232 6.8712267889604328e-05 -2.5952522144322599e-05 -0.0001726870602570061 -0.00027687137334844736 0.00046459436105715377 -0.0014083870891994008
leaf_weight=311 12794 1336 3674 736 1459 86
leaf_count=311 12794 1336 3674 736 1459 86
internal_value=2.32832e-05 -0.0092161 0.000587875 -0.00330956 0.00386045 0.0109194
internal_weight=20396 1647 18749 5955 2281 1545
internal_count=20396 1647 18749 5955 2281 1545
is_linear=0
shrinkage=0.05


Tree=17
num_leaves=7
num_cat=0
split_feature=20 11 35 44 35 35
split_gain=40.2628 56.3132 49.1311 82.8706 65.1936 71.2825
threshold=0.72499999403953563 0.024029437452554706 0.43759913742542272 0.062993790954351439 -0.49827945232391352 -0.071040339767932878
decision_type=2 2 8 2 10 10
left_child=2 -2 3 4 -1 -6
right_child=1 -3 -4 -5 5 -7
leaf_value=-0.00091444315998131728 -0.00011936365839682435 0.00033591611318030038 0.00015506851373365345 4.0706839475010339e-05 0.00041703736028588791 -0.00013625173714937027
leaf_weight=271 5256 839 2215 10825 171 672
leaf_count=271 5256 839 2215 10825 171 672
internal_value=5.30759e-05 -0.00365984 0.00119888 -6.90723e-05 -0.013025 -0.00604363
internal_weight=20249 6095 14154 11939 1114 843
internal_count=20249 6095 14154 11939 1114 843
is_linear=0
shrinkage=0.05


Tree=18
num_leaves=7
num_cat=0
split_feature=44 35 0 48 39 39
split_gain=63.6208 80.9056 68.2067 154.254 85.7914 77.7551
threshold=0.065135478973388686 0.54769179224967968 -0.010956853628158568 -2.0810037851333614 -0.036721169948577874 0.045398078858852393
decision_type=2 10 2 10 2 2
left_child=1 -1 3 -2 -5 -4
right_child=2 -3 5 4 -6 -7
leaf_value=-0.00017580073354818039 -0.0007048412071671427 0.00031697802534301755 0.00013159363272768941 -0.0006056499790728035 1.4793927821274087e-05 -0.00025152193494036649
leaf_weight=1603 718 369 9763 216 6198 1463
leaf_count=1603 718 369 9763 216 6198 1463
internal_value=8.23703e-05 -0.00858624 0.000853619 -0.00296693 -0.000494625 0.00328332
internal_weight=20330 1972 18358 7132 6414 11226
internal_count=20330 1972 18358 7132 6414 11226
is_linear=0
shrinkage=0.05


Tree=19
num_leaves=7
num_cat=0
split_feature=36 32 50 44 13 26
split_gain=50.1298 81.0073 94.1709 55.4516 61.548 43.1258
threshold=0.86140617728233349 -0.033395081758499139 0.47914569079875952 0.12000794708728792 0.0044791018590331086 0.098982293158769621
decision_type=8 2 8 2 2 2
left_child=5 3 -3 4 -2 -1
right_child=1 2 -4 -5 -6 -7
leaf_value=-4.7928619722273186e-05 0.00044457627890541495 0.00068788536123875761 -0.00024409456650262035 0.0021933475912684973 -0.00026872658513573609 0.00012534296634952562
leaf_weight=15418 353 246 585 204 119 3422
leaf_count=15418 353 246 585 204 119 3422
internal_value=0.000106869 0.00861442 -0.00182416 0.0214023 0.0116876 -0.000847705
internal_weight=20347 1507 831 676 472 18840
internal_count=20347 1507 831 676 472 18840
is_linear=0
shrinkage=0.05


Tree=20
num_leaves=7
num_cat=0
split_feature=48 26 38 44 0 35
split_gain=59.8137 118.553 111.654 66.9791 106.562 68.3641
threshold=-0.058912964537739747 0.2344203591346741 -0.010783429723232983 0.13889769464731219 -0.010956853628158568 -0.35129682719707483
decision_type=10 2 2 2 2 8
left_child=2 -2 -1 -4 5 -5
right_child=1 -3 3 4 -6 -7
leaf_value=0.00014812138431364178 0.00012798233717473194 -0.00097906954758876421 -0.00014076091538161133 -0.0010270795922645505 0.00066729864740025524 0.00058286551088982449
leaf_weight=2655 8405 296 7848 265 715 157
leaf_count=2655 8405 296 7848 265 715 157
internal_value=8.23258e-05 0.00333391 -0.0021447 -0.00480812 0.00650175 -0.0132904
internal_weight=20341 8701 11640 8985 1137 422
internal_count=20341 8701 11640 8985 1137 422
is_linear=0
shrinkage=0.05


Tree=21
num_leaves=7
num_cat=0
split_feature=48 26 38 29 44 26
split_gain=43.5765 124.639 102.106 71.565 89.626 57.8566
threshold=-0.11925665661692618 0.2344203591346741 -0.012004600837826727 0.071561682969331755 0.13889769464731219 0.15751183778047564
decision_type=10 2 2 2 2 2
left_child=2 -2 -1 4 5 -4
right_child=1 -3 3 -5 -6 -7
leaf_value=0.00015365906305186093 0.00011805478244900018 -0.00081881297508256963 -0.00014700038897363555 -0.00095296238975148663 0.00037320302242520157 0.00024328105401591967
leaf_weight=2422 8707 325 7085 309 1003 504
leaf_count=2422 8707 325 7085 309 1003 504
internal_value=0.000111739 0.0028079 -0.00184719 -0.00432574 -0.00346342 -0.00532328
internal_weight=20355 9032 11323 8901 8592 7589
internal_count=20355 9032 11323 8901 8592 7589
is_linear=0
shrinkage=0.05


Tree=22
num_leaves=7
num_cat=0
split_feature=25 27 47 42 22 49
split_gain=47.494 85.4037 62.563 48.9116 54.768 58.9511
threshold=0.031422382220625884 0.060181418433785445 1.1835272908210757 0.11209433525800706 0.87500000000000011 -0.084888041019439683
decision_type=2 2 2 2 2 10
left_child=1 3 -2 4 5 -1
right_child=2 -3 -4 -5 -6 -7
leaf_value=4.316309202013139e-05 0.00033294113069174595 -0.00065643206308722715 -0.00039343155006664406 0.00012703945249977809 -0.00047702191055252287 -8.9520275596559676e-05
leaf_weight=6125 2024 560 530 5353 484 5221
leaf_count=6125 2024 560 530 5353 484 5221
internal_value=0.000107132 -0.00100434 0.00628175 -0.000373807 -0.00216941 -0.00146022
internal_weight=20297 17743 2554 17183 11830 11346
internal_count=20297 17743 2554 17183 11830 11346
is_linear=0
shrinkage=0.05


Tree=23
num_leaves=7
num_cat=0
split_feature=48 26 0 44 48 36
split_gain=47.5088 76.6561 74.8585 114.66 83.7162 56.2056
threshold=-0.058912964537739747 0.2344203591346741 -0.041366012766957276 0.13054222613573077 -0.11925665661692618 0.45144879817962652
decision_type=10 2 2 2 8 8
left_child=2 -2 4 5 -1 -4
right_child=1 -3 3 -5 -6 -7
leaf_value=-0.00011158004890519149 0.0001079272562427816 -0.00072789398367928719 -0.00015933110481373687 0.00031769990852139983 -0.0010535118411359305 5.7215241314018694e-05
leaf_weight=583 8299 298 6133 1953 395 2622
leaf_count=583 8299 298 6133 1953 395 2622
internal_value=1.84838e-05 0.00266508 -0.00223035 -0.00101512 -0.0154374 -0.00346176
internal_weight=20283 8597 11686 10708 978 8755
internal_count=20283 8597 11686 10708 978 8755
is_linear=0
shrinkage=0.05


Tree=24
num_leaves=7
num_cat=0
split_feature=21 35 35 42 20 41
split_gain=40.202 64.3256 76.2177 74.0485 76.7288 72.6571
threshold=0.47499999403953558 0.20227060467004779 -0.80180099606513966 0.06675655767321588 0.72499999403953563 0.14569563418626788
decision_type=2 10 8 2 2 2
left_child=-1 2 -2 -3 -5 -4
right_child=1 3 5 4 -6 -7
leaf_value=-5.0271183925356086e-05 -0.00030338415549193104 0.00076030945250720686 0.00023296114836538918 -8.977671472107623e-05 -0.00089363636889204555 -0.00023157495244686334
leaf_weight=9101 857 130 6874 1419 552 1347
leaf_count=9101 857 130 6874 1419 552 1347
internal_value=8.75031e-05 0.00149544 0.00332214 -0.00637464 -0.00881832 0.00480489
internal_weight=20280 11179 9078 2101 1971 8221
internal_count=20280 11179 9078 2101 1971 8221
is_linear=0
shrinkage=0.05


Tree=25
num_leaves=7
num_cat=0
split_feature=38 17 26 25 47 11
split_gain=40.8347 53.7184 57.6528 49.4476 58.9948 48.7334
threshold=0.0089986040256917494 0.82500001788139354 -0.05159406550228595 0.026751725003123287 1.2338294386863711 0.024029437452554706
decision_type=2 2 2 2 2 2
left_child=1 3 -3 -1 -5 -4
right_child=-2 2 5 4 -6 -7
leaf_value=4.417747880122767e-05 -9.0105231398608654e-05 -0.0007889550256499168 -0.00011810506528105044 0.0005589567274413012 -0.00047259762237962044 0.0006564666443659011
leaf_weight=9089 7721 293 1830 786 220 345
leaf_count=9089 7721 293 1830 786 220 345
internal_value=3.32693e-05 0.00131485 -0.0052871 0.00293317 0.0134273 -0.00244266
internal_weight=20284 12563 2468 10095 1006 2175
internal_count=20284 12563 2468 10095 1006 2175
is_linear=0
shrinkage=0.05


Tree=26
num_leaves=7
num_cat=0
split_feature=25 39 48 10 50 39
split_gain=47.2146 58.7136 59.0712 93.7546 76.4338 73.7195
threshold=-0.06650239601731299 0.042908836156129844 0.065048415213823332 0.19685406237840655 0.4246621578931809 -0.020366040058434006
decision_type=2 2 10 2 10 2
left_child=-1 2 4 5 -2 -4
right_child=1 -3 3 -5 -6 -7
leaf_value=0.00068974855401648407 3.384914676666384e-06 -0.00019295084672327117 -0.00011892225566337374 -0.00059646637788587659 -0.0002969688339803237 0.00024690264113681444
leaf_weight=349 8496 3065 976 314 1683 5371
leaf_count=349 8496 3065 976 314 1683 5371
internal_value=2.83824e-05 -0.000553742 0.000604037 0.00426418 -0.00178957 0.00559273
internal_weight=20254 19905 16840 6661 10179 6347
internal_count=20254 19905 16840 6661 10179 6347
is_linear=0
shrinkage=0.05


Tree=27
num_leaves=7
num_cat=0
split_feature=21 35 35 47 48 50
split_gain=41.465 57.22 87.7928 72.9458 121.859 147.793
threshold=0.47499999403953558 0.20227060467004779 0.03935340233147145 0.98539635539054882 -1.524229049682617 -0.60569465160369862
decision_type=2 10 8 2 10 10
left_child=-1 2 3 4 5 -2
right_child=1 -3 -4 -5 -6 -7
leaf_value=-5.34240444133471e-05 0.00016678278520352365 -0.00019095705988753155 0.00048726715636189386 -0.00015317370373610771 0.00031965111435846427 -0.0012223571560095155
leaf_weight=9136 595 2147 1434 3538 3131 333
leaf_count=9136 595 2147 1434 3538 3131 333
internal_value=4.30631e-05 0.00164312 0.00338922 0.00123981 0.00581324 -0.0100482
internal_weight=20314 11178 9031 7597 4059 928
internal_count=20314 11178 9031 7597 4059 928
is_linear=0
shrinkage=0.05


Tree=28
num_leaves=7
num_cat=0
split_feature=42 3 21 45 10 47
split_gain=32.8449 78.4279 65.7891 54.1431 64.7424 48.0037
threshold=0.102775726467371 0.0089614940807223337 0.12500000372529033 0.10315514728426935 -0.11799949035048483 0.83227059245109569
decision_type=2 2 2 2 2 2
left_child=3 2 -2 4 -1 -6
right_child=1 -3 -4 -5 5 -7
leaf_value=0.0005695645812014001 -0.0001995305023944475 1.9046484766615579e-05 0.00078072299020996911 -0.00043578146257156514 -7.4968167797584426e-05 3.2588805012986617e-05
leaf_weight=244 84 8199 532 951 4357 5916
leaf_count=244 84 8199 532 951 4357 5916
internal_value=3.81999e-05 0.00182823 0.0189614 -0.00222915 -0.00119036 -0.00180239
internal_weight=20283 8815 616 11468 10517 10273
internal_count=20283 8815 616 11468 10517 10273
is_linear=0
shrinkage=0.05


Tree=29
num_leaves=7
num_cat=0
split_feature=17 45 36 19 44 17
split_gain=39.6513 51.6911 67.8906 52.6095 63.8453 55.5286
threshold=0.82500001788139354 0.08183594793081285 0.86140617728233349 0.62500000000000011 0.084741882979869856 0.27500000596046453
decision_type=2 2 8 2 2 2
left_child=1 3 -3 4 5 -1
right_child=-2 2 -4 -5 -6 -7
leaf_value=-9.5678765799897916e-05 -0.00012105142165358431 6.5090167391424454e-05 0.00063822125524288359 -0.00016559296780793611 -9.6825165039237927e-05 0.00013132313283975875
leaf_weight=1118 4013 9304 587 1979 1376 1828
leaf_count=1118 4013 9304 587 1979 1376 1828
internal_value=1.36071e-05 0.000788726 0.00304416 -0.00274738 0.000340883 0.00449848
internal_weight=20205 16192 9891 6301 4322 2946
internal_count=20205 16192 9891 6301 4322 2946
is_linear=0
shrinkage=0.05


Tree=30
num_leaves=7
num_cat=0
split_feature=48 26 24 44 0 10
split_gain=43.1123 107.926 75.2896 68.5997 65.0307 114.636
threshold=-0.11925665661692618 0.2344203591346741 0.092719964683055892 0.12000794708728792 0.0023474807385355238 0.19685406237840655
decision_type=10 2 2 2 2 2
left_child=2 -2 3 -1 5 -5
right_child=1 -3 -4 4 -6 -7
leaf_value=-9.0285576322342125e-05 0.00010775915170358999 -0.00073667588011673557 -0.00053261888644082222 -0.00028608575404629019 0.00034196388677431802 0.00084532691518992653
leaf_weight=7884 8668 321 186 1209 1826 230
leaf_count=7884 8668 321 186 1209 1826 230
internal_value=6.27183e-05 0.00239326 -0.00224206 -0.00170567 0.00438073 -0.00354917
internal_weight=20324 8989 11335 11149 3265 1439
internal_count=20324 8989 11335 11149 3265 1439
is_linear=0
shrinkage=0.05


Tree=31
num_leaves=7
num_cat=0
split_feature=44 12 44 43 47 30
split_gain=36.4008 52.3224 49.1031 75.0036 55.7776 50.9475
threshold=0.065135478973388686 -0.014869321603327988 0.080620508641004576 0.049419974908232696 0.65808573365211498 48.359689712524421
decision_type=2 2 2 2 2 2
left_child=1 -1 4 -4 -2 -6
right_child=2 -3 3 -5 5 -7
leaf_value=-0.00042849694967582897 0.00098736274408725024 -1.1070215856600319e-05 -7.8669168095621652e-05 -1.0830348739559603e-05 0.00026205704618635699 -1.7588855951796764e-05
leaf_weight=603 105 1359 177 14829 1311 1878
leaf_count=603 105 1359 177 14829 1311 1878
internal_value=6.29101e-05 -0.00659634 0.000561322 -0.000651189 0.00608518 0.00486068
internal_weight=20262 1962 18300 15006 3294 3189
internal_count=20262 1962 18300 15006 3294 3189
is_linear=0
shrinkage=0.05


Tree=32
num_leaves=7
num_cat=0
split_feature=38 21 17 39 10 33
split_gain=37.9537 46.0565 45.4794 55.1096 39.563 37.6804
threshold=0.011213873513042929 0.17500000447034839 0.82500001788139354 -0.033457489684224122 0.22600437700748446 0.38336928188800817
decision_type=2 2 2 2 2 2
left_child=2 -2 4 -4 5 -1
right_child=1 -3 3 -5 -6 -7
leaf_value=2.8047110193275157e-05 -0.0002204377949847047 -6.004604819783359e-05 -0.00051672428526275014 -6.2690139108537905e-05 0.00041878247826380115 0.00041424752699574172
leaf_weight=9805 1003 5714 206 2541 341 622
leaf_count=9805 1003 5714 206 2541 341 622
internal_value=8.64753e-06 -0.00355921 0.00103735 -0.00469658 0.00250395 0.00194833
internal_weight=20232 6717 13515 2747 10768 10427
internal_count=20232 6717 13515 2747 10768 10427
is_linear=0
shrinkage=0.05


Tree=33
num_leaves=7
num_cat=0
split_feature=36 22 48 9 21 36
split_gain=38.2293 60.6207 44.504 65.2458 43.8211 86.446
threshold=-0.82887965440750111 0.87500000000000011 -1.3068882822990415 -0.018666575662791726 0.57500001788139354 -0.47983635962009424
decision_type=8 2 10 2 2 10
left_child=1 2 -1 -4 -2 -6
right_child=4 -3 3 -5 5 -7
leaf_value=-0.00072915224498234588 -3.2629721401284516e-05 -0.0010219342576753179 0.00052159999351961942 -0.00016328291076598162 0.00042756384480719528 -9.0174110320504387e-06
leaf_weight=287 10782 299 379 328 2434 5809
leaf_count=287 10782 299 379 328 2434 5809
internal_value=-3.81341e-05 -0.00849384 -0.00247748 0.0042486 0.000374409 0.00311894
internal_weight=20318 1293 994 707 19025 8243
internal_count=20318 1293 994 707 19025 8243
is_linear=0
shrinkage=0.05


Tree=34
num_leaves=7
num_cat=0
split_feature=49 46 39 46 50 26
split_gain=40.8458 82.2099 65.2584 77.3372 66.0438 71.1977
threshold=-0.29037247598171229 0.73646843433380138 0.014653794001787903 0.9419933855533601 1.9136995077133181 0.029732331633567814
decision_type=10 2 2 2 8 2
left_child=1 -1 3 -2 -4 -6
right_child=2 -3 4 -5 5 -7
leaf_value=0.00052458435041155495 -6.5862571536472094e-05 4.164304077809193e-05 -0.0002254973193204812 0.00019454156959765713 0.0015167142720058744 -0.00010984015340587774
leaf_weight=366 3972 7591 4262 3619 185 249
leaf_count=366 3972 7591 4262 3619 185 249
internal_value=-8.6424e-06 0.00255275 -0.00204401 0.00081951 -0.00667411 0.0117882
internal_weight=20244 7957 12287 7591 4696 434
internal_count=20244 7957 12287 7591 4696 434
is_linear=0
shrinkage=0.05


Tree=35
num_leaves=7
num_cat=0
split_feature=0 26 36 46 44 3
split_gain=40.1472 81.5721 103.657 51.9527 51.2553 68.0303
threshold=-0.034936394542455666 0.091780338436365141 -0.098513036966323839 1.2061432003974917 0.14173739403486255 0.015262004919350149
decision_type=2 2 8 2 2 2
left_child=1 -1 3 -3 -2 -6
right_child=4 2 -4 -5 5 -7
leaf_value=-0.00033811787679911771 3.5744368715374691e-06 0.0011862511761777897 -0.0001493618156640048 -0.0001836944050308589 0.0005733603963535101 -0.00031860894390552504
leaf_weight=1987 15167 422 1109 112 1174 367
leaf_count=1987 15167 422 1109 112 1174 367
internal_value=-1.84339e-05 -0.00475241 0.00347391 0.021475 0.00104559 0.00971863
internal_weight=20338 3630 1643 534 16708 1541
internal_count=20338 3630 1643 534 16708 1541
is_linear=0
shrinkage=0.05


Tree=36
num_leaves=7
num_cat=0
split_feature=48 26 38 10 39 29
split_gain=38.1712 87.054 83.6985 55.6029 80.9587 62.2473
threshold=-0.11925665661692618 0.2344203591346741 -0.014154326170682905 0.19685406237840655 0.012268618214875461 0.061398409307003028
decision_type=10 2 2 2 2 2
left_child=2 -2 -1 5 -5 -4
right_child=1 -3 3 4 -6 -7
leaf_value=0.0001491035034165279 9.3130251648203006e-05 -0.00067019149041526872 -8.4615620167866065e-05 0.00075109179495815102 -0.00029280041039060346 -0.00078472075224846776
leaf_weight=2022 8595 312 8473 278 139 406
leaf_count=2022 8595 312 8473 278 139 406
internal_value=2.84231e-05 0.00246017 -0.00191425 -0.00392162 0.0138033 -0.00476418
internal_weight=20225 8907 11318 9296 417 8879
internal_count=20225 8907 11318 9296 417 8879
is_linear=0
shrinkage=0.05


Tree=37
num_leaves=7
num_cat=0
split_feature=36 22 21 26 39 40
split_gain=38.4138 61.8031 47.9308 70.1705 66.3964 93.2802
threshold=-0.82887965440750111 0.87500000000000011 0.67499998211860668 0.2344203591346741 -0.011363276746124027 0.12415176257491113
decision_type=8 2 2 2 2 2
left_child=1 -1 -2 4 5 -4
right_child=2 -3 3 -5 -6 -7
leaf_value=-6.2299924402160417e-05 -3.2514652244292485e-05 -0.0010106164713463443 9.7933432011678139e-05 -0.00061782583436642774 0.00031095317833714647 -0.00077403196666433582
leaf_weight=999 12716 294 1015 340 4454 496
leaf_count=999 12716 294 1015 340 4454 496
internal_value=-8.61263e-06 -0.00872496 0.000164249 0.00372821 0.00499581 -0.00404024
internal_weight=20314 1293 19021 6305 5965 1511
internal_count=20314 1293 19021 6305 5965 1511
is_linear=0
shrinkage=0.05


Tree=38
num_leaves=7
num_cat=0
split_feature=25 1 0 38 0 47
split_gain=37.7638 52.7658 35.9089 37.8623 52.9967 61.3715
threshold=-0.06650239601731299 0.015321857761591675 0.092399697750806822 0.013080482371151449 -0.099042512476444231 1.1835272908210757
decision_type=2 2 2 2 2 2
left_child=1 -1 3 -2 -5 -6
right_child=2 -3 -4 4 5 -7
leaf_value=0.0012658294507319878 2.3451691852352117e-05 -0.00028611583634359966 -0.00078144010669630457 0.0011641159633077869 -4.0697957866518484e-05 -0.00044450135320509964
leaf_weight=198 13862 132 329 143 4356 1344
leaf_count=198 13862 132 329 143 4356 1344
internal_value=2.82292e-05 0.0163433 -0.000582614 -0.000305682 -0.00368075 -0.00444785
internal_weight=20364 330 20034 19705 5843 5700
internal_count=20364 330 20034 19705 5843 5700
is_linear=0
shrinkage=0.05


Tree=39
num_leaves=7
num_cat=0
split_feature=42 41 45 31 46 42
split_gain=34.1581 74.6619 64.5303 54.1494 56.4045 67.9665
threshold=0.102775726467371 0.090823281556367888 0.10913955792784692 52.822687149047859 0.94768840074539196 0.11911164224147798
decision_type=2 2 2 2 2 2
left_child=2 -2 -1 -3 -5 -6
right_child=1 3 -4 4 5 -7
leaf_value=-2.2059213011261767e-05 0.00041041837057596099 0.00011725157183348651 -0.00069869450409642674 -0.00034090321204132795 0.000543052724816676 -0.0002567953324992338
leaf_weight=10820 1080 4885 505 1259 592 1045
leaf_count=10820 1080 4885 505 1259 592 1045
internal_value=3.34307e-05 0.00206688 -0.00207635 0.000349987 -0.0050586 0.00105055
internal_weight=20186 8861 11325 7781 2896 1637
internal_count=20186 8861 11325 7781 2896 1637
is_linear=0
shrinkage=0.05


Tree=40
num_leaves=7
num_cat=0
split_feature=30 0 36 46 29 22
split_gain=40.8748 53.5827 48.9625 51.9622 105.869 70.6035
threshold=35.676717758178718 0.092399697750806822 -0.82887965440750111 0.89553052186965953 0.028417015448212627 0.42499999701976782
decision_type=2 2 8 2 2 2
left_child=-1 2 -2 4 -4 -5
right_child=1 -3 3 5 -6 -7
leaf_value=0.00011570506502284856 -0.00027853486853241508 -0.0009717562423446121 -8.3296924896257001e-06 -5.8867109553789764e-05 -0.00043330089395302116 0.00017375030107266411
leaf_weight=4266 915 277 3398 4426 914 6141
leaf_count=4266 915 277 3398 4426 914 6141
internal_value=0 -0.00117722 -0.000789607 -9.57404e-05 -0.00471971 0.00179011
internal_weight=20337 16071 15794 14879 4312 10567
internal_count=20337 16071 15794 14879 4312 10567
is_linear=0
shrinkage=0.05


Tree=41
num_leaves=7
num_cat=0
split_feature=17 25 47 35 35 48
split_gain=32.0548 53.8586 57.1483 48.2021 54.9468 52.7224
threshold=0.82500001788139354 0.031422382220625884 0.79188778996467601 0.43759913742542272 0.38222186267375952 -1.9260837435722349
decision_type=2 2 2 8 10 10
left_child=1 3 -3 4 5 -1
right_child=-2 2 -4 -5 -6 -7
leaf_value=-0.00019081880611196002 -0.00010840867768746959 0.00091314178918791957 0.00020498973912819443 0.0001129081717773195 -0.00052220643237074836 2.1915120425176043e-05
leaf_weight=1960 4013 218 1020 2479 291 10251
leaf_count=1960 4013 218 1020 2479 291 10251
internal_value=3.33547e-05 0.00100006 0.0110016 0.000168491 -0.00109339 -0.000575065
internal_weight=20232 16219 1238 14981 12502 12211
internal_count=20232 16219 1238 14981 12502 12211
is_linear=0
shrinkage=0.05


Tree=42
num_leaves=7
num_cat=0
split_feature=48 10 29 39 42 39
split_gain=42.6428 67.0957 62.0206 58.4032 52.7264 42.1649
threshold=-0.058912964537739747 0.19685406237840655 0.071561682969331755 -0.036721169948577874 0.079788938164711012 -0.047239122912287705
decision_type=10 2 2 2 2 2
left_child=2 3 5 4 -2 -1
right_child=1 -3 -4 -5 -6 -7
leaf_value=0.00039343805686411755 0.00034441843401426938 -0.00044912454508774455 -0.00070317516971692509 0.00010769144843893824 -0.00077177852875524888 -4.738542472388644e-05
leaf_weight=224 55 394 357 8029 183 11080
leaf_count=224 55 394 357 8029 183 11080
internal_value=-4.30462e-05 0.00228768 -0.00234228 0.00325496 -0.0208848 -0.00168671
internal_weight=20322 8661 11661 8267 238 11304
internal_count=20322 8661 11661 8267 238 11304
is_linear=0
shrinkage=0.05


Tree=43
num_leaves=7
num_cat=0
split_feature=14 39 38 21 3 36
split_gain=36.7636 61.8278 50.5299 49.6615 61.5541 60.6123
threshold=0.72499999403953563 -0.01522282464429736 -0.012004600837826727 0.52500000596046459 0.0097138211131095904 0.69269269704818737
decision_type=2 2 2 2 2 8
left_child=2 -2 -1 4 5 -4
right_child=1 -3 3 -5 -6 -7
leaf_value=0.00016416864986832454 -0.00025138902711601855 -1.9004411466408271e-05 -7.1039074129678736e-05 0.00010052274241447684 -0.00046841115582083005 0.00022626894099626578
leaf_weight=2807 1196 4847 4317 5375 824 813
leaf_count=2807 1196 4847 4317 5375 824 813
internal_value=2.84879e-05 -0.00339368 0.00126405 -0.000222781 -0.00336885 -0.00131938
internal_weight=20179 6043 14136 11329 5954 5130
internal_count=20179 6043 14136 11329 5954 5130
is_linear=0
shrinkage=0.05


Tree=44
num_leaves=7
num_cat=0
split_feature=35 35 44 35 35 17
split_gain=36.3051 73.5763 67.0709 68.3431 69.8869 66.3475
threshold=0.50966355204582225 0.25287304818630224 0.062993790954351439 -0.49827945232391352 -0.071040339767932878 0.72499999403953563
decision_type=8 10 2 10 10 2
left_child=1 2 3 -1 -5 -3
right_child=-2 5 -4 4 -6 -7
leaf_value=-0.00074376280643584109 8.8482780333018794e-05 -6.806223173037595e-05 2.5237394853079143e-05 0.00044794037255681284 -0.00017302001142753532 -0.00074173842944997952
leaf_weight=297 2783 1686 14281 177 440 553
leaf_count=297 2783 1686 14281 177 440 553
internal_value=2.34893e-05 -0.00118556 6.08553e-05 -0.0130305 -0.0034164 -0.00963681
internal_weight=20217 17434 15195 914 617 2239
internal_count=20217 17434 15195 914 617 2239
is_linear=0
shrinkage=0.05


Tree=45
num_leaves=7
num_cat=0
split_feature=30 48 0 48 0 44
split_gain=34.9087 68.6766 74.2146 58.4946 60.1106 77.0088
threshold=42.954414367675788 -1.9260837435722349 -0.018826864659786221 1.2157299518585207 -0.014004367869347332 0.098444141447544112
decision_type=2 10 2 8 2 2
left_child=1 2 -1 -2 -5 -6
right_child=3 -3 -4 4 5 -7
leaf_value=-0.00087392520567720715 -7.5773118028441941e-05 0.00014413021945453429 -2.4657223139600586e-05 -6.5956625791514071e-05 -3.7535663964449338e-05 0.0005428408507118838
leaf_weight=269 9401 5361 1250 2167 783 1111
leaf_count=269 9401 5361 1250 2167 783 1111
internal_value=1.84302e-05 0.00291576 -0.00644685 -0.00146098 0.00354771 0.0100448
internal_weight=20342 6880 1519 13462 4061 1894
internal_count=20342 6880 1519 13462 4061 1894
is_linear=0
shrinkage=0.05


Tree=46
num_leaves=7
num_cat=0
split_feature=25 39 38 44 41 10
split_gain=35.2895 37.7959 33.4459 47.4216 43.8583 44.8614
threshold=-0.06650239601731299 0.02995458617806435 0.013080482371151449 0.062993790954351439 0.14569563418626788 -0.08691833913326262
decision_type=2 2 2 2 2 2
left_child=1 -1 -2 -4 5 -5
right_child=2 -3 3 4 -6 -7
leaf_value=-6.2760853258744939e-05 1.880877654590733e-05 0.0014540632578181889 -0.0002616256630304195 0.0004483205178372337 -0.00095299259879034559 -6.7627683036680704e-05
leaf_weight=160 14152 177 670 695 328 4262
leaf_count=160 14152 177 670 695 328 4262
internal_value=-4.76796e-05 0.0158626 -0.000334377 -0.00347735 -0.00187618 -0.000690246
internal_weight=20444 337 20107 5955 5285 4957
internal_count=20444 337 20107 5955 5285 4957
is_linear=0
shrinkage=0.05


Tree=47
num_leaves=7
num_cat=0
split_feature=48 38 27 44 31 35
split_gain=41.0702 67.0021 51.7 51.6661 53.047 65.0601
threshold=-0.11925665661692618 -0.012004600837826727 0.060181418433785445 0.13889769464731219 40.277009963989265 -0.28308211266994471
decision_type=10 2 2 2 2 8
left_child=1 -1 3 -3 -5 -6
right_child=-2 2 -4 4 5 -7
leaf_value=0.00010281926708316158 4.7419456204582426e-05 -8.9695932071856072e-05 -0.00058515420132568404 0.0012131123283636012 -0.00064844110474403618 0.00049433367654196862
leaf_weight=2410 8949 7643 353 193 306 457
leaf_count=2410 8949 7643 353 193 306 457
internal_value=8.6139e-06 -0.00234671 -0.00434018 -0.00355939 0.00736212 0.00133464
internal_weight=20311 11362 8952 8599 956 763
internal_count=20311 11362 8952 8599 956 763
is_linear=0
shrinkage=0.05


Tree=48
num_leaves=7
num_cat=0
split_feature=0 11 47 27 42 42
split_gain=34.8947 38.7382 90.8534 40.3609 68.5122 63.4867
threshold=0.092399697750806822 0.024029437452554706 1.0543931722640993 0.060181418433785445 0.11911164224147798 0.11209433525800706
decision_type=2 2 2 2 2 2
left_child=1 3 -3 5 -5 -1
right_child=-2 2 -4 4 -6 -7
leaf_value=-3.3635642571946341e-05 -0.00071219654954488172 0.00068495966960203957 -0.00026738862067128474 1.874391841714986e-05 -0.00068150710846894696 0.00014853462119435835
leaf_weight=12224 331 760 508 611 400 5540
leaf_count=12224 331 760 508 611 400 5540
internal_value=8.58727e-06 0.000101008 0.00854281 -0.000469915 -0.0101624 8.30097e-05
internal_weight=20374 20043 1268 18775 1011 17764
internal_count=20374 20043 1268 18775 1011 17764
is_linear=0
shrinkage=0.05


Tree=49
num_leaves=7
num_cat=0
split_feature=36 48 29 12 36 30
split_gain=36.3491 90.8089 112.826 83.3081 77.5456 71.8723
threshold=0.69269269704818737 -2.0810037851333614 -0.028523639775812622 -0.025692893192172047 0.54225829243659984 48.359689712524421
decision_type=8 10 2 2 10 2
left_child=1 2 -1 -2 -4 -3
right_child=3 5 4 -5 -6 -7
leaf_value=-1.0170376859608882e-05 0.00057837107399676146 0.00010307591093537769 -0.00086787337876436223 1.1594828674396372e-05 0.00072707029456688913 -6.3428380452524333e-05
leaf_weight=912 554 6870 668 2239 58 9089
leaf_count=912 554 6870 668 2239 58 9089
internal_value=-2.329e-05 -0.00108652 -0.0122794 0.00504825 -0.0269152 6.4207e-05
internal_weight=20390 17597 1638 2793 726 15959
internal_count=20390 17597 1638 2793 726 15959
is_linear=0
shrinkage=0.05


Tree=50
num_leaves=7
num_cat=0
split_feature=35 44 35 20 35 22
split_gain=35.6378 60.3536 67.2007 79.5083 50.0201 48.1925
threshold=0.4778112024068833 0.065135478973388686 0.25287304818630224 0.67499998211860668 0.78233981132507335 0.27500000596046453
decision_type=8 2 10 2 10 2
left_child=1 -1 -3 -4 -2 -6
right_child=4 2 3 -5 5 -7
leaf_value=-0.00013505763054217818 0.00017132337911672914 2.7294072216912761e-05 -5.98089791333091e-05 -0.00082506472384798234 0.00032554335711899466 -0.00027578767801269757
leaf_weight=1480 2130 14015 1079 499 386 593
leaf_count=1480 2130 14015 1079 499 386 593
internal_value=-2.353e-05 -0.000991041 -7.21246e-05 -0.00983891 0.00482498 -0.00449695
internal_weight=20182 17073 15593 1578 3109 979
internal_count=20182 17073 15593 1578 3109 979
is_linear=0
shrinkage=0.05


Tree=51
num_leaves=7
num_cat=0
split_feature=25 1 36 46 35 32
split_gain=29.2853 33.4014 28.8034 47.0166 47.0044 98.8842
threshold=-0.06650239601731299 0.015321857761591675 -0.82887965440750111 0.86229240894317638 -0.83558541536331166 1.0000000180025095e-35
decision_type=2 2 8 2 10 2
left_child=1 -1 3 -2 5 -4
right_child=2 -3 4 -5 -6 -7
leaf_value=0.0010473899201112675 0.00029041249094833324 -0.00017164950194634225 0.00096148975232608765 -0.00031938171699150576 -4.9702572838561036e-06 -0.00031261405562642394
leaf_weight=203 174 139 324 1070 18279 181
leaf_count=203 174 139 324 1070 18279 181
internal_value=3.68098e-06 0.0143372 -0.000313233 -0.00766613 0.000174304 0.0151471
internal_weight=20370 342 20028 1244 18784 505
internal_count=20370 342 20028 1244 18784 505
is_linear=0
shrinkage=0.05


Tree=52
num_leaves=7
num_cat=0
split_feature=48 32 10 42 47 26
split_gain=32.5604 65.6939 68.8228 64.6911 64.2029 55.498
threshold=-0.11925665661692618 0.44960688054561621 0.11733907088637353 0.15859673172235492 1.2338294386863711 0.2344203591346741
decision_type=10 2 2 2 2 2
left_child=1 3 -3 -1 -5 -2
right_child=5 2 -4 4 -6 -7
leaf_value=-3.3644529345445527e-05 7.1668733746130565e-05 -0.00045309011309611278 -5.8891027124826849e-06 0.00078787640111063122 -0.00062970240263910391 -0.00052272272992510917
leaf_weight=9625 8585 514 511 604 170 306
leaf_count=9625 8585 514 511 604 170 306
internal_value=3.69094e-06 -0.00186149 -0.0139078 -0.000665609 0.01319 0.00217232
internal_weight=20315 11424 1025 10399 774 8891
internal_count=20315 11424 1025 10399 774 8891
is_linear=0
shrinkage=0.05


Tree=53
num_leaves=7
num_cat=0
split_feature=48 26 29 36 39 35
split_gain=41.2134 66.1515 63.3608 56.3207 54.0799 56.7016
threshold=0.18401905149221423 0.2344203591346741 0.071561682969331755 -0.098513036966323839 -0.047239122912287705 -0.053196303546428673
decision_type=10 2 2 8 2 10
left_child=2 -2 3 -1 -5 -6
right_child=1 -3 -4 4 5 -7
leaf_value=-0.00016921797254580088 0.00011192700988904373 -0.00076023489806008315 -0.00056218188662414371 0.00061438186339693435 0.00023919524133027596 -2.2564284839923745e-05
leaf_weight=4543 7186 242 396 175 1672 6006
leaf_count=4543 7186 242 396 175 1672 6006
internal_value=0 0.00286224 -0.00181879 -0.00118337 0.00137758 0.000738644
internal_weight=20220 7428 12792 12396 7853 7678
internal_count=20220 7428 12792 12396 7853 7678
is_linear=0
shrinkage=0.05


Tree=54
num_leaves=7
num_cat=0
split_feature=35 48 13 47 35 42
split_gain=29.0056 67.8878 74.0092 46.5502 55.7726 55.5123
threshold=-0.68967264890670765 -1.0438198447227476 0.024783577769994739 0.74813905358314525 -0.83558541536331166 0.12052195891737939
decision_type=8 8 2 2 10 2
left_child=1 -1 3 -3 5 -5
right_child=-2 2 -4 4 -6 -7
leaf_value=-0.00048946745067124982 6.1740148258201087e-06 -0.00035804012968644817 -0.00036256124459383424 0.00069665409454113458 1.5304418052524132e-05 -0.00053713983080050235
leaf_weight=569 16929 333 418 320 1607 65
leaf_count=569 16929 333 418 320 1607 65
internal_value=-4.32184e-05 -0.00478595 -0.00150109 0.00198498 0.00489484 0.021859
internal_weight=20241 3312 2743 2325 1992 385
internal_count=20241 3312 2743 2325 1992 385
is_linear=0
shrinkage=0.05


Tree=55
num_leaves=7
num_cat=0
split_feature=30 0 45 46 44 11
split_gain=36.3354 57.1382 46.9297 45.0605 41.8839 35.3666
threshold=37.63183784484864 0.092399697750806822 0.12089557200670244 0.87594845890998851 0.045148750767111785 0.024029437452554706
decision_type=2 2 2 2 2 2
left_child=2 5 4 -4 -1 -2
right_child=1 -3 3 -5 -6 -7
leaf_value=0.00014743325699153931 -3.8345588547225725e-05 -0.00098919551531306523 0.00071883107150620077 0.00024111583221425663 -2.6926639017488482e-06 0.00023751266962672749
leaf_weight=84 13806 264 327 804 3686 1223
leaf_count=84 13806 264 327 804 3686 1223
internal_value=-4.82697e-05 -0.00159661 0.00334794 0.0122579 0.000655629 -0.00118565
internal_weight=20194 15293 4901 1131 3770 15029
internal_count=20194 15293 4901 1131 3770 15029
is_linear=0
shrinkage=0.05


Tree=56
num_leaves=7
num_cat=0
split_feature=48 26 38 18 36 31
split_gain=28.9187 57.1328 53.7031 50.7866 50.3996 47.0515
threshold=-0.11925665661692618 0.2344203591346741 -0.010783429723232983 0.87500000000000011 0.4816082119941712 62.86775207519532
decision_type=10 2 2 2 8 2
left_child=2 -2 3 4 -1 -4
right_child=1 -3 5 -5 -6 -7
leaf_value=2.7371768030614644e-05 6.6157004069182447e-05 -0.00053673178669435986 -6.1171716493360493e-05 -0.00033419730104851408 0.00043986126113226034 -0.00061090491800267106
leaf_weight=1656 8570 343 8474 124 847 241
leaf_count=1656 8570 343 8474 124 847 241
internal_value=6.78677e-05 0.00196513 -0.00183969 0.00441679 0.00599083 -0.00372993
internal_weight=20255 8913 11342 2627 2503 8715
internal_count=20255 8913 11342 2627 2503 8715
is_linear=0
shrinkage=0.05


Tree=57
num_leaves=7
num_cat=0
split_feature=26 39 0 0 44 42
split_gain=29.6757 59.349 66.1186 53.0612 45.0661 39.3489
threshold=0.098982293158769621 0.032830081880092628 -0.099042512476444231 -0.041366012766957276 0.09420152381062509 0.11209433525800706
decision_type=2 2 2 2 2 2
left_child=3 -2 -3 -1 -4 -5
right_child=1 2 4 5 -6 -7
leaf_value=-0.00031059156368838837 0.0001929334015951247 0.0013481847028224223 4.2806441247230753e-05 -3.7244153831220458e-05 -0.0006522992453646205 0.00011445975916247087
leaf_weight=1602 2828 100 257 10384 410 4610
leaf_count=1602 2828 100 257 10384 410 4610
internal_value=-5.81798e-05 0.00370139 -0.00858161 -0.00130564 -0.0143229 -0.000378359
internal_weight=20191 3595 767 16596 667 14994
internal_count=20191 3595 767 16596 667 14994
is_linear=0
shrinkage=0.05


Tree=58
num_leaves=7
num_cat=0
split_feature=48 45 36 10 4 41
split_gain=29.6002 125.348 101.288 73.4533 63.0854 102.741
threshold=-1.9260837435722349 0.13760080933570865 0.54225829243659984 -0.072402313351631151 -0.22460765391588208 0.14569563418626788
decision_type=10 2 8 2 2 2
left_child=1 2 -1 -4 -2 -6
right_child=4 -3 3 -5 5 -7
leaf_value=-0.00044146541214698087 0.00011216774920849598 0.0010575480228388373 0.0013013982873842189 -2.4457217682727041e-05 -1.0532946696602159e-05 -0.00068599954065411595
leaf_weight=1608 6257 278 194 1027 10155 838
leaf_count=1608 6257 278 194 1027 10155 838
internal_value=-8.59444e-06 -0.00495662 -0.00812456 0.00271207 0.000340481 -0.00193899
internal_weight=20357 3107 2829 1221 17250 10993
internal_count=20357 3107 2829 1221 17250 10993
is_linear=0
shrinkage=0.05


Tree=59
num_leaves=7
num_cat=0
split_feature=24 48 23 29 35 24
split_gain=28.1986 33.7052 76.8753 68.3798 72.7456 58.8494
threshold=-0.14463941752910611 -1.9260837435722349 0.0083921598270535486 -0.051314985379576676 -0.12221250310540198 0.063834726810455336
decision_type=2 10 2 2 8 2
left_child=-1 2 3 -2 -5 -4
right_child=1 -3 5 4 -6 -7
leaf_value=0.00057570602902203894 0.00012226500130947492 1.0798548267994182e-05 0.00042888098566801203 -0.00062078733998212256 -6.0816761978012203e-05 -0.00098004425638423091
leaf_weight=342 655 16941 592 692 971 58
leaf_count=342 655 16941 592 692 971 58
internal_value=-4.31971e-05 -0.000327659 -0.00523882 -0.0095028 -0.0148831 0.0098855
internal_weight=20251 19909 2968 2318 1663 650
internal_count=20251 19909 2968 2318 1663 650
is_linear=0
shrinkage=0.05


Tree=60
num_leaves=7
num_cat=0
split_feature=0 11 39 11 41 48
split_gain=37.3819 34.5891 38.2152 27.524 86.5043 35.3169
threshold=0.092399697750806822 -0.0036453487118706103 0.0068404991179704675 0.024029437452554706 0.1316599249839783 -1.9260837435722349
decision_type=2 2 2 2 2 10
left_child=3 2 -2 5 -5 -1
right_child=1 -3 -4 4 -6 -7
leaf_value=-9.6930877460584656e-05 0.0012098314409124708 -0.001012232508858391 -0.00065333877661618255 0.00047761487386094445 -0.0006113975075121771 8.8787257334653517e-06
leaf_weight=2895 53 219 69 982 280 15873
leaf_count=2895 53 219 69 982 280 15873
internal_value=-2.33117e-05 -0.0165462 0.00452756 2.86998e-05 0.00716259 -0.000451446
internal_weight=20371 341 122 20030 1262 18768
internal_count=20371 341 122 20030 1262 18768
is_linear=0
shrinkage=0.05


Tree=61
num_leaves=7
num_cat=0
split_feature=0 29 48 36 29 32
split_gain=32.2615 40.8127 36.3928 94.6357 72.3355 55.6955
threshold=0.092399697750806822 -0.080721411854028688 -1.9260837435722349 -0.098513036966323839 -0.051314985379576676 0.41482180356979376
decision_type=2 2 10 8 2 2
left_child=1 -1 3 4 -3 -5
right_child=-2 2 -4 5 -6 -7
leaf_value=0.00037200269939395727 -0.00063709508560455584 3.4922722312111485e-05 1.1039957314310076e-05 6.8457080515522132e-05 -0.00078979054566397685 -0.00037150075793395651
leaf_weight=741 319 300 16510 1559 611 216
leaf_count=741 319 300 16510 1559 611 216
internal_value=8.63728e-06 8.65009e-05 -0.000358054 -0.00575065 -0.0188046 0.000969101
internal_weight=20256 19937 19196 2686 911 1775
internal_count=20256 19937 19196 2686 911 1775
is_linear=0
shrinkage=0.05


Tree=62
num_leaves=7
num_cat=0
split_feature=11 45 44 27 38 48
split_gain=27.3136 57.1383 62.6246 49.7247 45.2437 49.2209
threshold=-0.0054597528651356688 0.18304008245468142 0.16818986088037494 -0.018455443903803822 0.034225855022668845 -2.0810037851333614
decision_type=2 2 2 2 2 10
left_child=4 2 -2 -3 5 -1
right_child=1 3 -4 -5 -6 -7
leaf_value=-0.00020922112386556439 -2.6314931181515433e-05 -1.4291766478057109e-05 0.0016070895301684763 -0.0011509949990037335 0.00051103356382565829 0.00010337086414089665
leaf_weight=1149 13197 160 146 180 302 5155
leaf_count=1149 13197 160 146 180 302 5155
internal_value=-2.83335e-05 -0.00157255 -0.00105072 -0.0216667 0.0023408 0.00142257
internal_weight=20289 13683 13343 340 6606 6304
internal_count=20289 13683 13343 340 6606 6304
is_linear=0
shrinkage=0.05


Tree=63
num_leaves=7
num_cat=0
split_feature=48 20 39 46 47 35
split_gain=32.9958 59.5553 82.0748 76.0171 59.0798 57.2647
threshold=-0.11925665661692618 0.37500000000000006 -0.020366040058434006 1.1027992963790896 0.97308355569839489 0.096723251044750228
decision_type=10 2 2 2 2 10
left_child=-1 3 -3 -2 5 -4
right_child=1 2 4 -5 -6 -7
leaf_value=-3.2227529723852885e-05 0.00044687743678033991 -0.00020391009842595669 0.00032087143701175076 -0.00055786743052403187 -7.5272540846823944e-05 -4.3759265704584771e-05
leaf_weight=11336 1146 975 2408 262 3152 950
leaf_count=11336 1146 975 2408 262 3152 950
internal_value=2.84175e-05 0.00238537 0.000604139 0.0118011 0.00263622 0.00724799
internal_weight=20229 8893 7485 1408 6510 3358
internal_count=20229 8893 7485 1408 6510 3358
is_linear=0
shrinkage=0.05


Tree=64
num_leaves=7
num_cat=0
split_feature=48 24 44 50 12 33
split_gain=25.5619 60.4782 65.3075 66.6028 60.5276 50.9361
threshold=-0.11925665661692618 0.092719964683055892 0.14173739403486255 -1.0885432958602903 0.033778341487050063 -0.22425639629364011
decision_type=10 2 2 10 2 2
left_child=1 2 -1 4 -4 -5
right_child=-2 -3 3 5 -6 -7
leaf_value=-4.7763052676921917e-05 5.1984624323499815e-05 -0.00045573829751500376 0.0014520660579475193 -0.00068186750176914615 -0.00017975793659418424 0.00027165547713809584
leaf_weight=9964 8854 179 348 159 99 588
leaf_count=9964 8854 179 348 159 99 588
internal_value=3.71361e-06 -0.00158923 -0.00111753 0.00990409 0.0250553 0.000698138
internal_weight=20191 11337 11158 1194 447 747
internal_count=20191 11337 11158 1194 447 747
is_linear=0
shrinkage=0.05


Tree=65
num_leaves=7
num_cat=0
split_feature=49 22 41 23 42 19
split_gain=22.8806 50.0048 43.5968 67.4081 61.043 41.0433
threshold=-1.5443058013916013 0.67499998211860668 0.15545155107975009 0.0039767653215676555 0.16421613842248919 0.27500000596046453
decision_type=10 2 2 2 2 2
left_child=1 -1 4 -4 -2 -3
right_child=2 5 3 -5 -6 -7
leaf_value=-6.7211785782261745e-05 -7.7280918298009972e-06 0.00031209677859462854 6.560577122358435e-05 -0.00076826219747472681 0.00058467500116870022 0.0014278280230565668
leaf_weight=936 17061 421 563 487 592 188
leaf_count=936 17061 421 563 487 592 188
internal_value=-1.85158e-05 0.0058871 -0.000434306 -0.0103081 0.000154321 0.0169788
internal_weight=20248 1545 18703 1050 17653 609
internal_count=20248 1545 18703 1050 17653 609
is_linear=0
shrinkage=0.05


Tree=66
num_leaves=7
num_cat=0
split_feature=49 46 39 46 46 48
split_gain=33.1128 79.9961 63.3114 55.348 54.185 79.949
threshold=-0.29037247598171229 0.73646843433380138 0.042908836156129844 0.90713828802108776 1.1684044599533083 1.2157299518585207
decision_type=10 2 2 2 2 10
left_child=1 -1 3 -2 5 -5
right_child=2 -3 -4 4 -6 -7
leaf_value=0.00043432348310658091 -8.0007586049454796e-05 3.327946296158046e-05 -0.00033966838859052624 2.3705566520457855e-05 -0.00024619976811305976 0.0004637682456406886
leaf_weight=367 3837 7627 1767 4513 851 1368
leaf_count=367 3837 7627 1767 4513 851 1368
internal_value=-4.30293e-05 0.00242218 -0.00170772 -0.000238793 0.00248998 0.00420065
internal_weight=20330 7994 12336 10569 6732 5881
internal_count=20330 7994 12336 10569 6732 5881
is_linear=0
shrinkage=0.05


Tree=67
num_leaves=7
num_cat=0
split_feature=22 35 36 44 10 47
split_gain=26.3253 47.868 52.8816 59.7492 99.7022 63.0403
threshold=0.42499999701976782 -0.83558541536331166 0.57727503776550304 0.080620508641004576 -0.094194397330284105 0.91439703106880199
decision_type=2 8 10 2 2 2
left_child=1 -1 3 -3 -5 -6
right_child=-2 2 -4 4 5 -7
leaf_value=0.00058910920837024281 3.329896857499641e-05 -1.1069869938211581e-05 6.1949405364824836e-05 0.00036153278918686882 -0.00044987863892685339 -9.1348333241582651e-05
leaf_weight=205 12187 3379 1818 318 1546 919
leaf_count=205 12187 3379 1818 318 1546 919
internal_value=-2.33106e-05 -0.00248168 -0.00310269 -0.00531458 -0.0107335 -0.0141397
internal_weight=20372 8185 7980 6162 2783 2465
internal_count=20372 8185 7980 6162 2783 2465
is_linear=0
shrinkage=0.05


Tree=68
num_leaves=7
num_cat=0
split_feature=35 35 35 38 49 41
split_gain=29.244 51.9904 45.4809 58.2611 66.9291 43.3565
threshold=0.50966355204582225 0.80738040804862987 0.20227060467004779 -0.0016139935469254849 -0.25002046674489969 0.08785628899931909
decision_type=8 10 10 2 10 2
left_child=2 -2 -1 -4 -5 -3
right_child=1 5 3 4 -6 -7
leaf_value=1.19002426226283e-05 0.00017413416965506647 -2.0602928645608969e-05 3.5667684920451053e-05 -1.0230207336908688e-05 -0.00039340499873958911 -0.00056571865094275087
leaf_weight=14578 2150 508 1184 765 1015 149
leaf_count=14578 2150 508 1184 765 1015 149
internal_value=-0.000101946 0.00480974 -0.000682453 -0.00632368 -0.0120308 -0.00743958
internal_weight=20349 2807 17542 2964 1780 657
internal_count=20349 2807 17542 2964 1780 657
is_linear=0
shrinkage=0.05


Tree=69
num_leaves=7
num_cat=0
split_feature=44 45 26 42 39 36
split_gain=24.232 69.6315 54.9988 52.2378 57.7539 57.4197
threshold=0.083516556769609465 0.080234024673700347 -0.09845405817031859 0.083824396133422865 0.010844707954674961 0.33538621664047247
decision_type=2 2 2 2 2 10
left_child=-1 2 -2 5 -5 -4
right_child=1 -3 3 4 -6 -7
leaf_value=4.4222986949439713e-05 0.00034286113759639399 1.336806674014308e-05 -0.00046484982516699412 0.00013497446852635083 -0.00040581813508562282 -3.9914001377435625e-05
leaf_weight=5884 114 12081 763 650 178 656
leaf_count=5884 114 12081 763 650 178 656
internal_value=-2.82819e-05 -0.00112653 -0.00897084 -0.0107127 -0.000690276 -0.0165204
internal_weight=20326 14442 2361 2247 828 1419
internal_count=20326 14442 2361 2247 828 1419
is_linear=0
shrinkage=0.05


Tree=70
num_leaves=7
num_cat=0
split_feature=49 46 47 39 3 4
split_gain=28.7468 83.271 59.2838 49.133 82.1575 62.4921
threshold=-0.084888041019439683 0.73646843433380138 0.6304403841495515 0.014653794001787903 0.012526951730251314 0.10813933238387109
decision_type=10 2 2 2 2 2
left_child=1 -1 -3 4 -2 -6
right_child=3 2 -4 -5 5 -7
leaf_value=0.00036301064708615331 5.5742997159113909e-05 0.00025154596859016954 1.3869573689088978e-07 -0.00017428916669084369 0.00014834499919562903 -0.00063798792600913614
leaf_weight=452 5728 211 9070 4032 285 579
leaf_count=452 5728 211 9070 4032 285 579
internal_value=0 0.00164562 0.000616519 -0.0021145 0.000541913 -0.0137802
internal_weight=20357 9733 9281 10624 6592 864
internal_count=20357 9733 9281 10624 6592 864
is_linear=0
shrinkage=0.05


Tree=71
num_leaves=7
num_cat=0
split_feature=39 40 20 36 35 18
split_gain=26.6453 79.2456 68.2062 37.9097 38.4341 57.8291
threshold=-0.01522282464429736 0.12415176257491113 0.72499999403953563 -0.33784481883049006 0.11452801898121835 0.52500000596046459
decision_type=2 2 2 8 10 2
left_child=1 2 3 -1 -5 -6
right_child=-2 -3 -4 4 5 -7
leaf_value=0.00027294849887079647 1.4282231973305885e-05 -0.00063172124471758758 -0.00019027433080765787 -0.00018293043973848617 0.00028663425821476648 -8.2534557220846809e-05
leaf_weight=495 16279 566 1048 696 599 624
leaf_count=495 16279 566 1048 696 599 624
internal_value=-2.33852e-05 -0.00388668 -0.00103115 0.00358619 0.000376819 0.00572068
internal_weight=20307 4028 3462 2414 1919 1223
internal_count=20307 4028 3462 2414 1919 1223
is_linear=0
shrinkage=0.05


Tree=72
num_leaves=7
num_cat=0
split_feature=17 42 44 46 42 46
split_gain=29.0636 50.7205 43.4432 39.781 80.4348 48.2668
threshold=0.82500001788139354 0.11911164224147798 0.16818986088037494 1.1142522692680361 0.10408548265695573 0.92464783787727367
decision_type=2 2 2 2 2 2
left_child=-1 3 -3 4 -2 -6
right_child=1 2 -4 -5 5 -7
leaf_value=1.7617433074262891e-05 -0.00018454436834035835 -0.0004089289959326086 0.00098153858616755124 0.00023736590084784786 -3.8984798943102219e-05 0.0011607728719404303
leaf_weight=16315 1468 1241 105 642 268 303
leaf_count=16315 1468 1241 105 642 268 303
internal_value=-9.70659e-05 -0.00385045 -0.0117506 0.000120998 -0.00329012 0.0125434
internal_weight=20342 4027 1346 2681 2039 571
internal_count=20342 4027 1346 2681 2039 571
is_linear=0
shrinkage=0.05


Tree=73
num_leaves=7
num_cat=0
split_feature=17 42 35 46 42 35
split_gain=20.7421 65.9458 46.2818 57.8118 65.7571 53.7787
threshold=0.82500001788139354 0.11911164224147798 -0.40061053633689875 1.1142522692680361 0.11209433525800706 -0.68967264890670765
decision_type=2 2 8 2 2 10
left_child=-1 2 5 4 -4 -2
right_child=1 -3 3 -5 -6 -7
leaf_value=1.1673669952180614e-05 -6.3242369962455399e-06 -0.00035596812921299069 -0.0002334335433451188 0.00024748179304448975 0.00053352128312361832 0.0014875097091860759
leaf_weight=16149 323 1357 1359 595 146 269
leaf_count=16149 323 1357 1359 595 146 269
internal_value=-6.80592e-05 -0.00345955 0.001066 -0.00241093 -0.00763245 0.0133585
internal_weight=20198 4049 2692 2100 1505 592
internal_count=20198 4049 2692 2100 1505 592
is_linear=0
shrinkage=0.05


Tree=74
num_leaves=7
num_cat=0
split_feature=30 47 11 29 10 45
split_gain=27.8491 44.4654 68.3312 50.8807 60.625 54.4966
threshold=37.63183784484864 0.97308355569839489 0.024029437452554706 0.036032162606716163 -0.072402313351631151 0.10913955792784692
decision_type=2 2 2 2 2 2
left_child=-1 2 3 4 -2 -5
right_child=1 -3 -4 5 -6 -7
leaf_value=6.9406761971826217e-05 0.00037469011894789711 -0.00013717049619387482 0.0006114255953980867 -5.2688257580965456e-05 -5.3079429525266444e-07 -0.00049749051340384869
leaf_weight=4907 1070 6355 634 1235 5567 475
leaf_count=4907 1070 6355 634 1235 5567 475
internal_value=-4.32141e-05 -0.00100222 0.00126029 5.0886e-05 0.00203628 -0.00762391
internal_weight=20243 15336 8981 8347 6637 1710
internal_count=20243 15336 8981 8347 6637 1710
is_linear=0
shrinkage=0.05


Tree=75
num_leaves=7
num_cat=0
split_feature=0 30 0 44 46 48
split_gain=22.5275 37.1241 28.9641 65.0441 60.4387 50.1516
threshold=0.092399697750806822 39.460992813110359 0.027880475856363777 0.13054222613573077 1.126844108104706 0.52766811847686779
decision_type=2 2 2 2 2 10
left_child=2 -2 -1 4 -4 -5
right_child=1 -3 3 5 -6 -7
leaf_value=-1.0451236346014508e-05 0.00046456612590175584 -0.00088990179853936551 0.00011252637872764126 0.00060922249477523107 -0.00035255563119318707 -0.00036139434657968608
leaf_weight=15987 70 255 2406 815 550 161
leaf_count=15987 70 255 2406 815 550 161
internal_value=3.82735e-05 -0.012803 0.000367647 0.00421006 0.000498143 0.015367
internal_weight=20244 325 19919 3932 2956 976
internal_count=20244 325 19919 3932 2956 976
is_linear=0
shrinkage=0.05


Tree=76
num_leaves=7
num_cat=0
split_feature=48 26 10 0 45 39
split_gain=25.8937 60.9843 59.6997 55.0119 58.4714 50.9123
threshold=-0.28880846500396723 0.2344203591346741 0.22600437700748446 -0.031977757811546319 0.12089557200670244 -0.047239122912287705
decision_type=10 2 2 2 2 2
left_child=2 5 3 -1 -5 -2
right_child=1 -3 -4 4 -6 -7
leaf_value=-0.00030939981293899316 -0.0008673111656445345 -0.00039712500044567552 0.00035075345308739067 -6.038274499520144e-05 0.00022931218250476067 7.1682026185321336e-05
leaf_weight=1101 140 366 299 7059 1980 9395
leaf_count=1101 140 366 299 7059 1980 9395
internal_value=0 0.00189027 -0.001678 -0.00233366 -0.00104213 0.00266509
internal_weight=20340 9901 10439 10140 9039 9535
internal_count=20340 9901 10439 10140 9039 9535
is_linear=0
shrinkage=0.05


Tree=77
num_leaves=7
num_cat=0
split_feature=36 35 12 46 21 16
split_gain=29.3778 48.3684 75.0707 41.4655 37.1524 37.3015
threshold=-0.82887965440750111 -0.83558541536331166 0.017372813075780872 0.86229240894317638 0.22500000149011615 0.17500000447034839
decision_type=8 10 2 2 2 2
left_child=3 2 4 -1 -2 -6
right_child=1 -3 -4 -5 5 -7
leaf_value=0.00028379622070806403 -0.00010102577826638581 4.5623566924117741e-07 -0.00040476303917264087 -0.00032632148156097656 7.352559825684821e-06 0.00096315451236488644
leaf_weight=174 69 18573 107 1104 70 260
leaf_count=174 69 18573 107 1104 70 260
internal_value=-8.59444e-06 0.000430989 0.0156067 -0.00738504 0.0255569 0.0324627
internal_weight=20357 19079 506 1278 399 330
internal_count=20357 19079 506 1278 399 330
is_linear=0
shrinkage=0.05


Tree=78
num_leaves=7
num_cat=0
split_feature=25 46 27 36 43 38
split_gain=24.8196 49.1558 48.421 39.7605 43.2072 35.7156
threshold=0.031422382220625884 0.84704995155334484 0.060181418433785445 0.26713068783283239 0.11622725799679758 0.0016514498856849971
decision_type=2 2 2 10 2 2
left_child=2 -2 -1 4 -3 -5
right_child=1 3 -4 5 -6 -7
leaf_value=-7.8235830729824281e-06 -0.00037630507843360359 0.00060549613778626988 -0.00038512517267695503 0.00057278739895563627 5.2259363044012755e-05 -0.0003142853031537305
leaf_weight=17144 311 919 554 81 765 449
leaf_count=17144 311 919 554 81 765 449
internal_value=-2.84259e-05 0.00443676 -0.000857199 0.00706399 0.01082 -0.00481308
internal_weight=20223 2525 17698 2214 1684 530
internal_count=20223 2525 17698 2214 1684 530
is_linear=0
shrinkage=0.05


Tree=79
num_leaves=7
num_cat=0
split_feature=24 41 31 50 10 48
split_gain=26.5557 34.5939 49.3514 32.4729 31.5421 30.0349
threshold=-0.14463941752910611 0.14569563418626788 40.277009963989265 -1.1658039689064024 -0.18460358679294583 -1.9260837435722349
decision_type=2 2 2 8 2 8
left_child=1 3 -3 -1 -2 -6
right_child=4 2 -4 -5 5 -7
leaf_value=-2.604299210261117e-05 -0.00086501183129093393 0.0012323643450462187 -0.001651767210374337 0.0014733980478237757 -0.00021810139868790046 9.6437976893793355e-06
leaf_weight=70 192 64 76 136 1099 18677
leaf_count=70 192 64 76 136 1099 18677
internal_value=-2.82986e-05 0.013604 -0.00534483 0.0264218 -0.000269113 -6.95111e-05
internal_weight=20314 346 140 206 19968 19776
internal_count=20314 346 140 206 19968 19776
is_linear=0
shrinkage=0.05


Tree=80
num_leaves=7
num_cat=0
split_feature=26 39 46 38 36 39
split_gain=31.5844 63.2902 83.1474 71.1422 52.8314 47.6672
threshold=0.098982293158769621 0.012268618214875461 0.90152427554130565 -0.0016139935469254849 -0.12262367829680441 -0.0012697819038294254
decision_type=2 2 2 2 10 2
left_child=-1 3 -3 5 -4 -2
right_child=1 2 4 -5 -6 -7
leaf_value=-2.9986480646079144e-05 -0.0001039497135036387 -0.00053677695089460957 0.00086739247158479989 0.00069677344201521212 -5.8937091253605443e-05 0.00054405280520338059
leaf_weight=16700 784 306 247 852 1111 268
leaf_count=16700 784 306 247 852 1111 268
internal_value=-3.82282e-05 0.00382732 -0.00328041 0.0100445 0.00203595 0.00130085
internal_weight=20268 3568 1664 1904 1358 1052
internal_count=20268 3568 1664 1904 1358 1052
is_linear=0
shrinkage=0.05


Tree=81
num_leaves=7
num_cat=0
split_feature=36 22 48 23 35 12
split_gain=23.6682 47.2902 51.2129 45.9184 41.4963 73.1744
threshold=-0.82887965440750111 0.92499998211860668 -1.3764882683753965 -0.0038408754626289006 -0.83558541536331166 0.013499538414180281
decision_type=8 2 10 2 10 2
left_child=1 2 -1 -4 5 -2
right_child=4 -3 3 -5 -6 -7
leaf_value=-0.00061262505234805525 0.0006917182184712229 -0.0009583469267796914 0.00052318358194465542 -0.00011687559864613114 6.6598241126881986e-06 -0.00031174550610619373
leaf_weight=310 366 235 303 442 18494 120
leaf_count=310 366 235 303 442 18494 120
internal_value=2.34279e-05 -0.00631274 -0.0017217 0.00536667 0.0006729 0.0150204
internal_weight=20270 1290 1055 745 18980 486
internal_count=20270 1290 1055 745 18980 486
is_linear=0
shrinkage=0.05


Tree=82
num_leaves=7
num_cat=0
split_feature=11 45 45 2 47 42
split_gain=25.8868 50.6831 47.1581 51.313 62.5175 45.7424
threshold=-0.0054597528651356688 0.18304008245468142 0.12089557200670244 0.011398395057767631 1.2694885134696963 0.15317037701606753
decision_type=2 2 2 2 2 2
left_child=2 -2 -1 -4 5 -5
right_child=1 -3 3 4 -6 -7
leaf_value=4.8800143088229523e-06 -1.17655838851604e-05 -0.00068702184239369593 0.00060238816840356966 -0.00053183239756789764 0.00063045635027379765 0.00037872879545232982
leaf_weight=4769 13354 341 387 564 480 396
leaf_count=4769 13354 341 387 564 480 396
internal_value=-8.62239e-06 -0.00111861 0.00269277 0.00951146 0.00510381 -0.00225389
internal_weight=20291 13695 6596 1827 1440 960
internal_count=20291 13695 6596 1827 1440 960
is_linear=0
shrinkage=0.05


Tree=83
num_leaves=7
num_cat=0
split_feature=1 26 10 46 17 35
split_gain=24.583 53.5989 53.6646 49.2829 48.2561 27.4765
threshold=-0.088295049965381608 0.2344203591346741 -0.039578380063176148 0.91296213865280162 0.32500000298023229 0.4778112024068833
decision_type=2 2 2 2 2 8
left_child=1 2 -1 4 -4 -2
right_child=5 -3 3 -5 -6 -7
leaf_value=-0.00033705278702904546 -2.7493647659160791e-05 -0.000438255066600204 0.00087536109251818361 0.00090422745937232096 -0.00032716038508240672 7.2256527604683068e-05
leaf_weight=88 16385 246 89 411 157 2949
leaf_count=88 16385 246 89 411 157 2949
internal_value=8.23906e-05 0.00775602 0.0144333 0.0193731 0.00149402 -0.000298619
internal_weight=20325 991 745 657 246 19334
internal_count=20325 991 745 657 246 19334
is_linear=0
shrinkage=0.05


Tree=84
num_leaves=7
num_cat=0
split_feature=49 22 19 41 44 32
split_gain=21.901 43.0711 39.9975 39.5411 47.4343 40.2544
threshold=-1.5443058013916013 0.67499998211860668 0.42499999701976782 0.14569563418626788 0.16818986088037494 0.23154726624488833
decision_type=10 2 2 2 2 2
left_child=1 -1 -3 4 -2 -6
right_child=3 2 -4 -5 5 -7
leaf_value=-4.8153323297713143e-05 -7.1295722310297436e-06 0.00038983469382664797 0.0016562634273357268 -0.00028546740364080413 0.0016993889710431008 -0.00024500894018984195
leaf_weight=950 17274 520 89 1340 106 52
leaf_count=950 17274 520 89 1340 106 52
internal_value=-7.74489e-05 0.00551471 0.0158388 -0.000643074 -4.3012e-06 0.0268405
internal_weight=20331 1559 609 18772 17432 158
internal_count=20331 1559 609 18772 17432 158
is_linear=0
shrinkage=0.05


Tree=85
num_leaves=7
num_cat=0
split_feature=0 39 11 42 0 36
split_gain=24.294 35.4475 41.4414 28.3483 87.7702 79.9224
threshold=0.092399697750806822 0.0039081380236893901 0.00097358252969570469 0.11209433525800706 -0.007984518073499201 -0.36603672802448267
decision_type=2 2 2 2 2 10
left_child=3 2 -2 -1 5 -5
right_child=1 -3 -4 4 -6 -7
leaf_value=-2.2707957974185897e-05 0.0010784973295025395 -0.00081699012640948409 -0.000820259955350009 -0.0003940572850477789 0.00022237600546114994 0.00012892454333172582
leaf_weight=13336 67 218 58 1197 3745 1655
leaf_count=13336 67 218 58 1197 3745 1655
internal_value=-3.32824e-05 -0.0130029 0.00788462 0.000322249 0.00300288 -0.00359643
internal_weight=20276 343 125 19933 6597 2852
internal_count=20276 343 125 19933 6597 2852
is_linear=0
shrinkage=0.05


Tree=86
num_leaves=7
num_cat=0
split_feature=24 41 10 15 25 36
split_gain=21.559 24.6306 116.282 51.1924 51.0002 73.8994
threshold=-0.14463941752910611 0.10068249702453615 -0.10935737192630766 0.22500000149011615 0.040835890918970115 0.18002957105636599
decision_type=2 2 2 2 2 10
left_child=-1 2 3 -2 -4 -6
right_child=1 -3 4 -5 5 -7
leaf_value=0.00057581087599858395 0.00018749744387197822 -9.1191082793577998e-05 -1.3841483166182948e-05 0.0010174556396261756 0.0010013347819587107 -0.00014787295092305626
leaf_weight=338 289 7238 11529 284 439 245
leaf_count=338 289 7238 11529 284 439 245
internal_value=-1.35022e-05 -0.000178491 0.00113947 0.0230536 0.000100262 0.0133164
internal_weight=20362 20024 12786 573 12213 684
internal_count=20362 20024 12786 573 12213 684
is_linear=0
shrinkage=0.05


Tree=87
num_leaves=7
num_cat=0
split_feature=36 22 23 11 41 26
split_gain=20.7981 40.2504 35.2293 23.6204 76.4229 48.0294
threshold=-0.82887965440750111 0.82500001788139354 -0.0060951425693929187 0.018429572694003585 0.12810643762350085 -0.066518101841211305
decision_type=8 2 2 2 2 2
left_child=1 2 -1 -2 -5 -6
right_child=3 -3 -4 4 5 -7
leaf_value=0.00036779961111645728 1.9488476089393835e-06 -0.00075455891643822111 -0.00017644212160711871 0.00032698885158508544 -0.0013685709499180949 -6.1015533759890309e-05
leaf_weight=357 16815 362 557 1665 136 382
leaf_count=357 16815 362 557 1665 136 382
internal_value=1.35608e-05 -0.00583528 -0.000190424 0.000745935 0.005633 -0.0110421
internal_weight=20274 1276 914 18998 2183 518
internal_count=20274 1276 914 18998 2183 518
is_linear=0
shrinkage=0.05


Tree=88
num_leaves=7
num_cat=0
split_feature=49 46 41 44 32 27
split_gain=26.2708 44.2512 28.6811 53.3122 39.5296 37.6522
threshold=-1.408842086791992 0.79979583621025097 0.15545155107975009 0.16818986088037494 0.23154726624488833 -0.048510625958442681
decision_type=10 2 2 2 2 2
left_child=1 -1 3 -2 -5 -4
right_child=2 -3 5 4 -6 -7
leaf_value=0.00096078658920033819 -6.7002267078944501e-06 8.5572343163099933e-05 0.0002519124940370596 0.0016815394595769842 -0.00028592661291294315 -0.00043702938497224654
leaf_weight=137 17288 1738 235 115 53 804
leaf_count=137 17288 1738 235 115 53 804
internal_value=8.22086e-05 0.00570479 -0.000498649 -1.57494e-05 0.0276012 -0.00854885
internal_weight=20370 1875 18495 17456 168 1039
internal_count=20370 1875 18495 17456 168 1039
is_linear=0
shrinkage=0.05


Tree=89
num_leaves=7
num_cat=0
split_feature=35 35 35 22 10 33
split_gain=28.8637 48.2814 47.7468 56.0041 51.7288 46.8292
threshold=0.4778112024068833 0.80738040804862987 0.25287304818630224 0.52500000596046459 -0.072402313351631151 -0.22425639629364011
decision_type=8 10 10 2 2 2
left_child=2 -2 -1 4 -4 -5
right_child=1 -3 3 5 -6 -7
leaf_value=7.5679736002687557e-07 0.0001358000249913015 -0.00015115852455856334 0.00054713695092363458 6.7879099724314857e-05 -5.0911093051022265e-05 -0.00066715462232535346
leaf_weight=15188 2509 665 123 198 985 657
leaf_count=15188 2509 665 123 198 985 657
internal_value=-8.60797e-06 0.00427021 -0.000916589 -0.00824441 -0.000786164 -0.0178198
internal_weight=20325 3174 17151 1963 1108 855
internal_count=20325 3174 17151 1963 1108 855
is_linear=0
shrinkage=0.05


Tree=90
num_leaves=7
num_cat=0
split_feature=35 35 17 21 35 12
split_gain=23.846 46.341 52.7536 47.1186 49.4189 53.2105
threshold=0.4778112024068833 0.25287304818630224 0.72499999403953563 0.42499999701976782 -0.80180099606513966 0.030598313547670845
decision_type=8 10 2 2 10 2
left_child=1 3 -3 -1 5 -5
right_child=-2 2 -4 4 -6 -7
leaf_value=-8.3831630229520403e-05 5.5893879423765087e-05 -4.7953440261681122e-05 -0.00065615731863799163 -8.3430140749083618e-05 8.6023173094400697e-05 -0.00074474128903974455
leaf_weight=5274 3126 1515 453 745 8974 168
leaf_count=5274 3126 1515 453 745 8974 168
internal_value=-9.25469e-05 -0.000888584 -0.00809681 4.78043e-05 0.00208502 -0.00895969
internal_weight=20255 17129 1968 15161 9887 913
internal_count=20255 17129 1968 15161 9887 913
is_linear=0
shrinkage=0.05


Tree=91
num_leaves=7
num_cat=0
split_feature=42 41 49 22 0 26
split_gain=22.5416 61.4765 75.1147 58.1824 56.4916 98.5106
threshold=0.10143939778208734 0.086268097162246718 0.60313212871551525 0.87500000000000011 -0.0051332060247659675 -0.084119502454996095
decision_type=2 2 10 2 2 2
left_child=3 2 -2 -1 5 -3
right_child=1 4 -4 -5 -6 -7
leaf_value=-1.1946179182144291e-05 0.00012324970668375077 -0.00084910063039841152 0.0012021868878404813 -0.00044789754829670128 0.0001220670095699727 -1.3586107971810986e-05
leaf_weight=10679 606 570 222 420 4674 3112
leaf_count=10679 606 570 222 420 4674 3112
internal_value=5.2987e-05 0.00202144 0.014976 -0.0013261 0.000726588 -0.00389883
internal_weight=20283 9184 828 11099 8356 3682
internal_count=20283 9184 828 11099 8356 3682
is_linear=0
shrinkage=0.05


Tree=92
num_leaves=7
num_cat=0
split_feature=6 36 39 26 39 38
split_gain=29.1425 45.9322 51.4523 29.8734 53.5051 73.369
threshold=0.11362153291702272 -0.55802375078201283 0.016670338809490207 0.098982293158769621 0.012268618214875461 -0.0016139935469254849
decision_type=2 8 2 2 2 2
left_child=1 2 -1 -2 5 -5
right_child=3 -3 -4 4 -6 -7
leaf_value=-0.00099102600858949207 -4.0523593603647483e-05 0.00013956502669245678 7.6764713071441526e-06 1.7582261984497283e-05 -7.4790083416048951e-05 0.00068067404675283721
leaf_weight=154 13486 2508 646 1050 1650 868
leaf_count=154 13486 2508 646 1050 1650 868
internal_value=-8.59233e-06 0.00458044 -0.00580745 -0.000543701 0.00351945 0.00919137
internal_weight=20362 3308 800 17054 3568 1918
internal_count=20362 3308 800 17054 3568 1918
is_linear=0
shrinkage=0.05


Tree=93
num_leaves=7
num_cat=0
split_feature=42 44 26 26 0 47
split_gain=25.1354 61.7741 74.5882 51.3952 79.4635 57.2213
threshold=0.102775726467371 0.083516556769609465 -0.09845405817031859 -0.09845405817031859 -0.010956853628158568 0.88294333219528209
decision_type=2 2 2 2 2 2
left_child=1 -1 -3 4 -2 -6
right_child=3 2 -4 -5 5 -7
leaf_value=3.3119743029572209e-05 -0.00086989095463460824 0.00049076151799615881 -0.00012554730169729418 0.0001116216562961818 0.00067982761065994159 -0.00011818679441359907
leaf_weight=5891 438 310 5313 6464 305 1587
leaf_count=5891 438 310 5313 6464 305 1587
internal_value=-3.81529e-05 -0.00155178 -0.0052994 0.00199739 -0.0043576 9.22509e-05
internal_weight=20308 11514 5623 8794 2330 1892
internal_count=20308 11514 5623 8794 2330 1892
is_linear=0
shrinkage=0.05


Tree=94
num_leaves=7
num_cat=0
split_feature=35 12 10 47 21 1
split_gain=26.2353 65.3377 62.1438 44.8859 35.7631 26.5879
threshold=-0.83558541536331166 0.025703525170683864 0.014730088878422977 1.2694885134696963 0.22500000149011615 -0.0017262466135434804
decision_type=10 2 2 2 2 2
left_child=1 2 3 4 -1 -6
right_child=-2 -3 -4 -5 5 -7
leaf_value=-0.00014942858022263473 -7.7108445066114064e-06 -0.00039144964770990425 -0.0002097848199360086 -0.0010126364929552093 0.00044058558896215721 0.00095206366998994716
leaf_weight=64 19376 141 171 55 180 260
leaf_count=64 19376 141 171 55 180 260
internal_value=-4.81434e-05 0.00847603 0.0145238 0.0225621 0.0272593 0.0323034
internal_weight=20247 871 730 559 504 440
internal_count=20247 871 730 559 504 440
is_linear=0
shrinkage=0.05


Tree=95
num_leaves=7
num_cat=0
split_feature=30 38 0 0 47 46
split_gain=31.9506 43.8587 46.7219 35.7254 43.9569 43.2413
threshold=42.954414367675788 0.023353855125606063 0.092399697750806822 -0.099042512476444231 1.1835272908210757 0.88231807947158825
decision_type=2 2 2 2 2 2
left_child=-1 2 -2 -3 5 -5
right_child=1 3 -4 4 -6 -7
leaf_value=6.1578795173730815e-05 8.2387946727318135e-06 0.0013908307480529607 -0.00079717405044200354 -0.00059025157770361712 -0.00066956604840396835 -1.4090931709926877e-05
leaf_weight=6892 11451 56 210 186 485 1036
leaf_count=6892 11451 56 210 186 485 1036
internal_value=1.35328e-05 -0.0011598 -4.50026e-05 -0.0084983 -0.00982769 -0.0047066
internal_weight=20316 13424 11661 1763 1707 1222
internal_count=20316 13424 11661 1763 1707 1222
is_linear=0
shrinkage=0.05


Tree=96
num_leaves=7
num_cat=0
split_feature=17 39 41 35 42 42
split_gain=24.365 42.983 43.5981 86.8391 39.2683 38.9798
threshold=0.82500001788139354 -0.01522282464429736 0.10068249702453615 -0.088436849415302263 0.082317486405372634 0.062462259083986289
decision_type=2 2 2 8 2 2
left_child=-1 -2 3 4 -3 -5
right_child=1 2 -4 5 -6 -7
leaf_value=1.3384721654505751e-05 -0.00024989495038991354 -0.00017316344792985472 -0.00027725383577208813 0.00030429294474055234 0.0008695274855147439 -0.0001494692440983746
leaf_weight=16117 802 115 1438 253 441 984
leaf_count=16117 802 115 1438 253 441 984
internal_value=-3.34904e-05 -0.00364661 -0.00105841 0.00412959 0.0204545 -0.00324074
internal_weight=20150 4033 3231 1793 556 1237
internal_count=20150 4033 3231 1793 556 1237
is_linear=0
shrinkage=0.05


Tree=97
num_leaves=7
num_cat=0
split_feature=23 48 6 45 48 21
split_gain=18.5356 62.2871 75.3864 57.7252 53.5931 44.1229
threshold=0.0019470364204607906 -2.0810037851333614 0.31282570958137518 0.12859395146369937 1.2157299518585207 0.12500000372529033
decision_type=2 10 2 2 8 2
left_child=1 2 3 -1 -2 -6
right_child=4 -3 -4 -5 5 -7
leaf_value=-5.4301633231228874e-05 -0.00011507270029806885 5.6763277107026472e-05 -0.00038391298202089584 0.00084924377754665723 -0.00029564427842956149 0.00012212273056255564
leaf_weight=1113 6320 9153 607 140 123 2918
leaf_count=1113 6320 9153 607 140 123 2918
internal_value=5.27504e-05 0.00110047 -0.0072252 -0.000178855 -0.00192451 0.00352101
internal_weight=20374 11013 1860 1253 9361 3041
internal_count=20374 11013 1860 1253 9361 3041
is_linear=0
shrinkage=0.05


Tree=98
num_leaves=7
num_cat=0
split_feature=18 46 10 29 36 44
split_gain=21.3338 43.8535 36.0708 43.2875 42.6118 69.0085
threshold=0.87500000000000011 0.87594845890998851 0.040061863139271743 0.061398409307003028 -0.12262367829680441 0.11217100173234941
decision_type=2 2 2 2 8 2
left_child=-1 -2 3 -3 -4 -6
right_child=1 2 4 -5 5 -7
leaf_value=9.4619961398551372e-06 -0.00027931251421508554 -4.4840549984233575e-05 0.00042178265610796494 -0.00075317285831535724 0.00018565051571452036 -0.00048497330554686047
leaf_weight=17294 650 545 531 200 739 388
leaf_count=17294 650 545 531 200 739 388
internal_value=-3.68514e-06 -0.00406311 -0.000924003 -0.0100333 0.00317198 -0.0023189
internal_weight=20347 3053 2403 745 1658 1127
internal_count=20347 3053 2403 745 1658 1127
is_linear=0
shrinkage=0.05


Tree=99
num_leaves=7
num_cat=0
split_feature=49 46 47 6 38 46
split_gain=24.3963 67.1269 47.0976 43.5067 40.7176 67.1105
threshold=-0.12699579447507856 0.76460012793540966 0.6304403841495515 0.46107268333435064 0.0065947459079325208 0.89553052186965953
decision_type=10 2 2 2 2 2
left_child=1 3 -3 -1 -2 -6
right_child=4 2 -4 -5 5 -7
leaf_value=0.00051501890772726619 1.7603924703601499e-05 0.00027508595177808386 7.9414564074809962e-06 -1.021075414137547e-05 -0.00032123323435681052 -5.080737500765098e-05
leaf_weight=371 6547 207 8552 191 1004 3472
leaf_count=371 6547 207 8552 191 1004 3472
internal_value=2.33427e-05 0.00197566 0.000892857 0.0186508 -0.00149846 -0.00517184
internal_weight=20344 9321 8759 562 11023 4476
internal_count=20344 9321 8759 562 11023 4476
is_linear=0
shrinkage=0.05


Tree=100
num_leaves=7
num_cat=0
split_feature=36 24 48 31 36 45
split_gain=18.6832 71.878 42.6435 82.8297 58.7904 46.8437
threshold=0.81429642438888561 -0.054931130260229104 -2.0810037851333614 43.076259613037116 0.54225829243659984 0.13505203276872638
decision_type=8 2 10 2 10 2
left_child=2 -2 3 5 -5 -1
right_child=1 -3 -4 4 -6 -7
leaf_value=-4.3558962530244058e-05 0.00062871858716736671 1.6693025021831094e-05 1.3181956250981646e-05 -0.00064918556306310215 9.4186551475099157e-05 0.00087701621645660437
leaf_weight=809 270 1571 16689 672 164 153
leaf_count=809 270 1571 16689 672 164 153
internal_value=3.81154e-05 0.00505146 -0.000223069 -0.00752912 -0.0189952 0.00245605
internal_weight=20328 1841 18487 1798 836 962
internal_count=20328 1841 18487 1798 836 962
is_linear=0
shrinkage=0.05


Tree=101
num_leaves=7
num_cat=0
split_feature=35 12 41 40 35 29
split_gain=25.0014 51.5746 71.3659 48.901 40.1654 47.7897
threshold=0.50966355204582225 -0.019804012030363079 0.08785628899931909 0.12415176257491113 0.25287304818630224 0.036032162606716163
decision_type=8 2 2 2 10 2
left_child=4 3 -3 -2 -1 -6
right_child=1 2 -4 -5 5 -7
leaf_value=9.5900606420580421e-06 0.00060283816029940425 9.5736978291411889e-05 -0.00032991374295042507 -0.0011506746860803444 -4.291214914241829e-05 -0.00070328508997254385
leaf_weight=15221 501 1713 537 50 1943 314
leaf_count=15221 501 1713 537 50 1943 314
internal_value=-3.32775e-05 0.00457056 0.00118625 0.0182104 -0.000513356 -0.00673077
internal_weight=20279 2801 2250 551 17478 2257
internal_count=20279 2801 2250 551 17478 2257
is_linear=0
shrinkage=0.05


Tree=102
num_leaves=7
num_cat=0
split_feature=0 11 29 47 45 2
split_gain=26.1012 33.9276 30.91 40.9229 40.6551 38.5723
threshold=0.092399697750806822 -0.0096883266232907755 -0.066459745168685899 0.88294333219528209 0.12859395146369937 0.015287254936993124
decision_type=2 2 2 2 2 2
left_child=2 -2 3 -1 -5 -4
right_child=1 -3 5 4 -6 -7
leaf_value=0.00092151519943551208 0.00033673904246255882 -0.0007277652584625244 4.2282654457071155e-06 -0.00011917726156620992 0.00038175012963884348 -0.00036490223420602709
leaf_weight=209 83 236 17972 564 600 599
leaf_count=209 83 236 17972 564 600 599
internal_value=9.25104e-05 -0.013966 0.000339616 0.00756531 0.00382806 -0.000195144
internal_weight=20263 319 19944 1373 1164 18571
internal_count=20263 319 19944 1373 1164 18571
is_linear=0
shrinkage=0.05


Tree=103
num_leaves=7
num_cat=0
split_feature=11 41 44 26 13 0
split_gain=26.0769 35.2168 57.9794 37.346 47.7488 34.8259
threshold=-0.0054597528651356688 0.17817118763923648 0.16818986088037494 -0.1150783523917198 -0.0025383653119206424 0.016286486759781841
decision_type=2 2 2 2 2 2
left_child=5 2 -2 -3 -5 -1
right_child=1 3 -4 4 -6 -7
leaf_value=5.0922251483136524e-06 -1.7597168758768713e-05 -0.00093812765792684622 0.0011728713930558785 0.0019775856143001125 -0.00055094745995107894 0.00020528788978900521
leaf_weight=4570 13176 164 154 63 111 2168
leaf_count=4570 13176 164 154 63 111 2168
internal_value=8.20636e-05 -0.00101477 -0.000605549 -0.0168367 -0.000418994 0.00278437
internal_weight=20406 13668 13330 338 174 6738
internal_count=20406 13668 13330 338 174 6738
is_linear=0
shrinkage=0.05


Tree=104
num_leaves=7
num_cat=0
split_feature=48 47 43 22 29 36
split_gain=22.1604 72.9218 61.8004 48.3306 38.7938 40.2961
threshold=1.3122426867485049 0.92381009459495556 0.10255235061049463 0.12500000372529033 0.071561682969331755 0.81429642438888561
decision_type=10 2 2 2 2 8
left_child=4 3 -3 -2 5 -1
right_child=1 2 -4 -5 -6 -7
leaf_value=-2.3725391233638243e-05 -0.00017488567667362431 -0.00037109189375750956 9.7444749689563816e-05 0.00040691700152998628 -0.00027829386651925342 0.00015051091176606583
leaf_weight=15042 119 621 1178 1094 681 1539
leaf_count=15042 119 621 1178 1094 681 1539
internal_value=-2.83545e-05 0.00386974 -0.00250831 0.013321 -0.000774599 -0.000290908
internal_weight=20274 3012 1799 1213 17262 16581
internal_count=20274 3012 1799 1213 17262 16581
is_linear=0
shrinkage=0.05


Tree=105
num_leaves=7
num_cat=0
split_feature=30 38 48 31 45 42
split_gain=21.6304 41.3137 48.3397 49.921 41.3021 47.3061
threshold=42.954414367675788 0.034225855022668845 -2.2813094854354854 40.924810409545906 0.18304008245468142 0.16421613842248919
decision_type=2 2 10 2 2 2
left_child=1 2 3 -1 5 -2
right_child=4 -3 -4 -5 -6 -7
leaf_value=6.9706707047445873e-05 -2.8422581819530224e-05 0.00036411995939302877 6.729250335846177e-05 -0.00037280736017882715 -0.00052914517440073253 0.00051067033356643409
leaf_weight=472 12556 302 5544 575 388 507
leaf_count=472 12556 302 5544 575 388 507
internal_value=-3.68568e-06 0.00217817 0.00133793 -0.00848384 -0.00126523 -0.000782446
internal_weight=20344 6893 6591 1047 13451 13063
internal_count=20344 6893 6591 1047 13451 13063
is_linear=0
shrinkage=0.05


Tree=106
num_leaves=7
num_cat=0
split_feature=35 35 22 9 44 46
split_gain=23.9706 42.0908 53.3033 44.5155 44.1917 56.3487
threshold=0.4778112024068833 0.25287304818630224 0.12500000372529033 -0.015148931648582218 0.066888868808746352 0.78291279077529918
decision_type=8 10 2 2 2 2
left_child=1 4 3 -3 5 -1
right_child=-2 2 -4 -5 -6 -7
leaf_value=0.00011129285452147943 6.7763822261126885e-05 0.00039150922759649163 -0.00030095579113294322 -5.2087151853692413e-06 2.3384904807280188e-05 -0.00023509451504105823
leaf_weight=116 3185 98 1611 253 13869 1160
leaf_count=116 3185 98 1611 253 13869 1160
internal_value=-7.75977e-05 -0.000731942 -0.00761312 0.00990169 0.000160066 -0.00872365
internal_weight=20292 17107 1962 351 15145 1276
internal_count=20292 17107 1962 351 15145 1276
is_linear=0
shrinkage=0.05


Tree=107
num_leaves=7
num_cat=0
split_feature=49 22 48 10 6 48
split_gain=24.6325 74.0166 40.6974 42.2209 38.1082 33.9459
threshold=-1.7171533703804014 0.67499998211860668 -1.8026565909385679 -0.010643922723829745 0.60060319304466259 -0.77514439821243275
decision_type=10 2 10 2 2 8
left_child=1 4 -3 -4 5 -1
right_child=-2 2 3 -5 -6 -7
leaf_value=-0.00023701011577300388 -1.4376680745528193e-05 0.0010359185667572636 -0.00057013695677959799 0.00062119383174783958 -0.00062760468323943349 0.00040226182939636198
leaf_weight=385 19086 213 66 213 80 261
leaf_count=385 19086 213 66 213 80 261
internal_value=-6.278e-05 0.00660262 0.0214789 0.00853873 -0.00352257 0.000576037
internal_weight=20304 1218 492 279 726 646
internal_count=20304 1218 492 279 726 646
is_linear=0
shrinkage=0.05


Tree=108
num_leaves=7
num_cat=0
split_feature=26 24 48 48 47 47
split_gain=24.1023 39.3591 54.5011 32.0558 38.2489 31.5272
threshold=0.098982293158769621 0.047317272052168853 0.52766811847686779 1.8680770397186282 0.81656524538993847 1.089279353618622
decision_type=2 2 10 10 2 2
left_child=1 3 -3 -1 -5 -4
right_child=-2 2 5 4 -6 -7
leaf_value=-7.9939759164649884e-06 9.5569321036302379e-05 -0.00036202020174514929 7.2247355365534486e-05 0.00089473697471144679 0.0001109967705862385 -0.00045497447466521878
leaf_weight=14079 3623 543 1039 117 323 641
leaf_count=14079 3623 543 1039 117 323 641
internal_value=3.68189e-06 -0.000959873 -0.00714767 -8.60644e-06 0.0132022 -0.00265579
internal_weight=20365 16742 2223 14519 440 1680
internal_count=20365 16742 2223 14519 440 1680
is_linear=0
shrinkage=0.05


Tree=109
num_leaves=7
num_cat=0
split_feature=36 35 6 42 22 44
split_gain=22.2894 44.411 72.37 38.048 37.7246 36.7466
threshold=-0.82887965440750111 -0.83558541536331166 0.60060319304466259 0.10014918074011804 0.82500001788139354 0.13493266701698306
decision_type=8 10 2 2 2 2
left_child=4 2 -2 -4 -1 -6
right_child=1 -3 3 -5 5 -7
leaf_value=-2.3012675263278964e-05 0.00068658723936348628 3.9529710667960661e-06 0.00023630508690508563 -0.00049877422500028588 -0.0010913285050584169 0.00035031724274710643
leaf_weight=945 293 18573 85 115 277 82
leaf_count=945 293 18573 85 115 277 82
internal_value=-2.82209e-05 0.000575481 0.0153112 -0.00768293 -0.00616883 -0.0198489
internal_weight=20370 19066 493 200 1304 359
internal_count=20370 19066 493 200 1304 359
is_linear=0
shrinkage=0.05


Tree=110
num_leaves=7
num_cat=0
split_feature=4 45 50 40 44 38
split_gain=29.4882 40.4327 44.5545 43.1558 32.8353 31.6611
threshold=-0.3719459325075149 0.12859395146369937 -0.33606541156768793 0.087242770940065398 0.086741536855697646 0.034225855022668845
decision_type=2 2 10 2 2 2
left_child=1 4 -3 -4 -1 -6
right_child=-2 2 3 -5 5 -7
leaf_value=7.7451359730246379e-05 -3.1920282664666256e-05 0.00055832378626751236 0.00047592656135901575 -0.00029945307517616676 -8.8485463748708886e-05 0.00041380397298749355
leaf_weight=2380 13669 742 52 348 2957 156
leaf_count=2380 13669 742 52 348 2957 156
internal_value=2.83126e-05 0.00268449 0.0112249 -0.00216049 0.00089578 -0.00247755
internal_weight=20304 6635 1142 400 5493 3113
internal_count=20304 6635 1142 400 5493 3113
is_linear=0
shrinkage=0.05


Tree=111
num_leaves=7
num_cat=0
split_feature=48 39 1 0 10 35
split_gain=21.1315 43.6981 71.1754 60.8351 53.224 99.4938
threshold=-0.11925665661692618 0.040987951681017883 0.025722547434270385 -0.099042512476444231 -0.10935737192630766 -0.18375066667795178
decision_type=10 2 2 2 2 10
left_child=-1 4 3 -3 5 -2
right_child=1 2 -4 -5 -6 -7
leaf_value=-3.3465210954751652e-05 -0.00045441440966337255 0.0015840043452468779 0.0012921386409374745 -0.00032630337468513541 0.00010040631428317208 0.00077470431157577449
leaf_weight=11400 615 81 138 1389 6534 185
leaf_count=11400 615 81 138 1389 6534 185
internal_value=3.68605e-06 0.00157315 -0.00587415 -0.00913559 0.00321229 -0.00891304
internal_weight=20342 8942 1608 1470 7334 800
internal_count=20342 8942 1608 1470 7334 800
is_linear=0
shrinkage=0.05


Tree=112
num_leaves=7
num_cat=0
split_feature=26 39 29 35 44 2
split_gain=24.5517 43.5056 43.818 37.5279 36.3726 50.7129
threshold=0.098982293158769621 0.032830081880092628 0.10242311283946039 -0.78794619441032399 0.080620508641004576 0.0046939866151660689
decision_type=2 2 2 10 2 2
left_child=4 3 -3 -2 -1 -6
right_child=1 2 -4 -5 5 -7
leaf_value=4.6051289879576828e-05 -0.0007625237795206507 -0.00031353349616203502 0.00070209470138794068 0.00020742574987333269 -8.5558871994925604e-05 -4.6796570615512818e-05
leaf_weight=4817 83 603 156 2771 160 11776
leaf_count=4817 83 603 156 2771 160 11776
internal_value=1.34996e-05 0.00401465 -0.00657723 0.0068468 -0.000526614 -0.00200779
internal_weight=20366 3613 759 2854 16753 11936
internal_count=20366 3613 759 2854 16753 11936
is_linear=0
shrinkage=0.05


Tree=113
num_leaves=7
num_cat=0
split_feature=17 25 27 47 42 35
split_gain=20.2967 37.6441 39.7473 35.6299 35.7739 34.4185
threshold=0.92499998211860668 0.031422382220625884 0.055176481604576118 1.0410020351409914 0.13013689219951632 0.2235435172915459
decision_type=2 2 2 2 2 10
left_child=1 2 -1 -3 5 -5
right_child=-2 3 -4 4 -6 -7
leaf_value=1.8550138393689186e-06 -0.0001195339032528919 0.00033224147577423305 -0.0003342337293606272 0.00034381655638749645 -0.00042885230689866367 -0.0012309322634278764
leaf_weight=16046 2037 1103 440 377 246 91
leaf_count=16046 2037 1103 440 377 246 91
internal_value=-4.30081e-05 0.000492954 -0.000259232 0.00731339 -0.00135605 0.00671247
internal_weight=20340 18303 16486 1817 714 468
internal_count=20340 18303 16486 1817 714 468
is_linear=0
shrinkage=0.05


Tree=114
num_leaves=7
num_cat=0
split_feature=0 29 20 47 2 26
split_gain=19.7855 29.8887 34.2796 35.2514 28.6672 48.254
threshold=0.092399697750806822 -0.080721411854028688 0.17500000447034839 0.89011844992637645 0.014591147191822531 0.12906383723020556
decision_type=2 2 2 2 2 2
left_child=1 2 3 -1 -3 -6
right_child=-2 4 -4 -5 5 -7
leaf_value=0.0013849110656641607 -0.00043680125702785897 4.7301500933676082e-06 0.00068199430168906523 -4.454949277670562e-05 -0.00049427076647116377 0.00027610950879449706
leaf_weight=78 327 18354 204 482 699 279
leaf_count=78 327 18354 204 482 699 279
internal_value=-2.81476e-05 0.000182827 0.00985046 0.00331858 -0.000200393 -0.00851984
internal_weight=20423 20096 764 560 19332 978
internal_count=20423 20096 764 560 19332 978
is_linear=0
shrinkage=0.05


Tree=115
num_leaves=7
num_cat=0
split_feature=35 6 42 22 2 46
split_gain=25.3773 72.1645 54.905 44.5857 44.1263 33.0667
threshold=-0.83558541536331166 0.69382384419441234 0.077168159186840071 0.37500000000000006 0.0079748565331101435 0.87594845890998851
decision_type=10 2 2 2 2 2
left_child=1 2 3 -1 5 -3
right_child=-2 4 -4 -5 -6 -7
leaf_value=0.00043499655822574075 -3.0695957562869782e-06 -0.00021149306948741749 0.00057173671159625652 -0.001401781716884613 -0.00038948292406742259 0.00061260062625099424
leaf_weight=96 19441 65 405 52 187 67
leaf_count=96 19441 65 405 52 187 67
internal_value=-1.35348e-05 0.00852338 0.0193996 -0.00637255 -0.0102623 0.0114964
internal_weight=20313 872 553 148 319 132
internal_count=20313 872 553 148 319 132
is_linear=0
shrinkage=0.05


Tree=116
num_leaves=7
num_cat=0
split_feature=44 45 26 50 46 45
split_gain=21.2561 68.7833 45.9261 41.9529 63.7057 55.3543
threshold=0.083516556769609465 0.080234024673700347 -0.09845405817031859 -1.2438338994979856 0.79979583621025097 0.18304008245468142
decision_type=2 2 2 10 2 2
left_child=-1 2 -2 4 5 -3
right_child=1 3 -4 -5 -6 -7
leaf_value=3.7786363651825755e-05 0.00019339673938475305 0.00080229871616571246 -0.00014076613405595952 -3.0295790890316841e-05 5.2208580754914284e-05 -0.00012967679290298869
leaf_weight=5863 129 324 2237 9574 2093 130
leaf_count=5863 129 324 2237 9574 2093 130
internal_value=-1.35102e-05 -0.00105748 -0.00884648 0.000463879 0.00616183 0.0230392
internal_weight=20350 14487 2366 12121 2547 454
internal_count=20350 14487 2366 12121 2547 454
is_linear=0
shrinkage=0.05


Tree=117
num_leaves=7
num_cat=0
split_feature=35 22 40 24 35 35
split_gain=20.9645 39.5926 53.519 38.8763 45.9898 44.8119
threshold=0.4778112024068833 0.82500001788139354 0.10284943878650667 0.031722817569971092 0.50966355204582225 0.78233981132507335
decision_type=8 2 2 2 10 10
left_child=-1 2 3 5 -5 -2
right_child=1 -3 -4 4 -6 -7
leaf_value=-1.2473532144850839e-05 0.00027163224243083355 0.0012223412101532933 -0.00042198832604411357 -0.0003825407259183176 2.4787965085615215e-05 6.8133719867671286e-06
leaf_weight=17088 972 77 396 87 878 686
leaf_count=17088 972 77 396 87 878 686
internal_value=-8.79192e-05 0.00379716 0.00285218 0.00545091 -0.0025 0.0100872
internal_weight=20184 3096 3019 2623 965 1658
internal_count=20184 3096 3019 2623 965 1658
is_linear=0
shrinkage=0.05


Tree=118
num_leaves=7
num_cat=0
split_feature=42 47 32 21 36 45
split_gain=23.7821 53.3656 80.7925 64.7851 61.4455 51.1724
threshold=0.102775726467371 0.80796399712562572 -0.065212231129407869 0.37500000000000006 -0.73772594332694996 0.11060186102986337
decision_type=2 2 2 2 8 2
left_child=5 2 -2 -4 -5 -1
right_child=1 -3 3 4 -6 -7
leaf_value=-1.6296233594835096e-05 0.00060863866516396763 2.7177195174593695e-06 -0.00042073564281916594 -0.00053565577072096264 0.00035946806321374158 -0.00060466690767659579
leaf_weight=10964 576 7374 137 196 627 408
leaf_count=10964 576 7374 137 196 627 408
internal_value=-1.84847e-05 0.00190409 0.0103666 0.00142487 0.00679348 -0.00154478
internal_weight=20282 8910 1536 960 823 11372
internal_count=20282 8910 1536 960 823 11372
is_linear=0
shrinkage=0.05


Tree=119
num_leaves=7
num_cat=0
split_feature=44 43 47 46 44 35
split_gain=16.986 43.9062 42.553 38.8574 48.4596 55.1889
threshold=0.083516556769609465 0.049419974908232696 0.65808573365211498 0.73646843433380138 0.062993790954351439 -0.49827945232391352
decision_type=2 2 2 2 2 10
left_child=2 -2 -1 -4 5 -5
right_child=1 -3 3 4 -6 -7
leaf_value=0.00012258467197753857 -7.9433926886703901e-05 -1.767087838856434e-05 0.00013940664918531519 -0.00054139249071724366 6.7971266288360073e-05 -2.5597193197143388e-05
leaf_weight=288 158 14293 140 299 4063 1090
leaf_count=288 158 14293 140 299 4063 1090
internal_value=-4.79445e-05 -0.00103244 0.00215378 0.00117474 0.000490196 -0.00755022
internal_weight=20331 14451 5880 5592 5452 1389
internal_count=20331 14451 5880 5592 5452 1389
is_linear=0
shrinkage=0.05


Tree=120
num_leaves=7
num_cat=0
split_feature=39 40 14 44 1 35
split_gain=19.3449 63.7066 46.0002 39.3857 35.0229 36.5349
threshold=-0.01522282464429736 0.12415176257491113 0.72499999403953563 0.10472008585929872 0.030224386602640155 -0.71284055709838856
decision_type=2 2 2 2 2 10
left_child=1 2 -1 -4 5 -3
right_child=-2 4 3 -5 -6 -7
leaf_value=6.2951609562422755e-05 1.669094937153519e-05 0.00071489137547207861 -0.00035542932448262267 3.5158991044953548e-06 -0.00085429911414173088 -0.00036962461271869705
leaf_weight=2442 16184 50 526 520 330 193
leaf_count=2442 16184 50 526 520 330 193
internal_value=-9.25926e-05 -0.00300664 -0.000450902 -0.00920552 -0.0183824 -0.00372984
internal_weight=20245 4061 3488 1046 573 243
internal_count=20245 4061 3488 1046 573 243
is_linear=0
shrinkage=0.05


Tree=121
num_leaves=7
num_cat=0
split_feature=6 35 38 45 26 46
split_gain=20.8214 51.7351 66.4281 44.8815 31.144 42.1733
threshold=0.11362153291702272 -0.24058630317449567 0.034225855022668845 0.13760080933570865 0.098982293158769621 0.88927435874938976
decision_type=2 8 2 2 2 2
left_child=1 2 3 -1 -2 -6
right_child=4 -3 -4 -5 5 -7
leaf_value=-0.0004179700945039107 -4.3145316484018857e-05 0.00011620817439563354 0.00051582281589200693 0.00035058829482293 -0.00012034939969027377 0.00017958797929009193
leaf_weight=858 13408 2031 135 261 910 2618
leaf_count=858 13408 2031 135 261 910 2618
internal_value=-1.85405e-05 0.00353343 -0.00442812 -0.0084742 -0.000813116 0.00336117
internal_weight=20221 3285 1254 1119 16936 3528
internal_count=20221 3285 1254 1119 16936 3528
is_linear=0
shrinkage=0.05


Tree=122
num_leaves=7
num_cat=0
split_feature=1 26 46 48 10 47
split_gain=21.3259 42.5617 30.9605 50.3371 34.4802 22.0695
threshold=-0.088295049965381608 0.2344203591346741 0.88231807947158825 1.2157299518585207 -0.024204703047871586 1.2003747820854189
decision_type=2 2 2 8 2 2
left_child=1 2 3 -1 -4 -3
right_child=-2 5 4 -5 -6 -7
leaf_value=0.00029514194749465252 -6.5114582263708837e-06 0.00022902863842568497 -0.00019430677675896536 -0.00041470955592685379 0.00080831512269270711 -0.00069121421769622953
leaf_weight=118 19248 61 95 95 434 179
leaf_count=118 19248 61 95 95 434 179
internal_value=-5.80677e-05 0.00716819 0.0130857 -0.00286697 0.0195225 -0.0109184
internal_weight=20230 982 742 213 529 240
internal_count=20230 982 742 213 529 240
is_linear=0
shrinkage=0.05


Tree=123
num_leaves=7
num_cat=0
split_feature=11 0 39 47 0 38
split_gain=23.1977 43.5276 38.4052 34.7378 58.3017 45.2161
threshold=-0.0054597528651356688 0.016286486759781841 0.055818911641836173 1.1835272908210757 -0.099042512476444231 0.018364225514233116
decision_type=2 2 2 2 2 2
left_child=1 2 -1 -2 -5 -6
right_child=3 -3 -4 4 5 -7
leaf_value=-5.5802975175625755e-05 -5.1105436943386928e-06 0.00019583091161406936 0.00046340480911918528 0.0012895261090066666 -0.00011814726969056401 -0.00057947109290710488
leaf_weight=4075 11366 2115 373 82 1542 640
leaf_count=4075 11366 2115 373 82 1542 640
internal_value=-2.35172e-05 0.00218103 -0.000623175 -0.00143564 -0.00708462 -0.00867627
internal_weight=20193 6563 4448 13630 2264 2182
internal_count=20193 6563 4448 13630 2264 2182
is_linear=0
shrinkage=0.05


Tree=124
num_leaves=7
num_cat=0
split_feature=35 12 47 35 22 13
split_gain=25.1107 61.3139 49.5092 31.6095 31.5438 27.9702
threshold=-0.83558541536331166 0.033778341487050063 0.74813905358314525 -0.80180099606513966 0.92499998211860668 0.029315561987459663
decision_type=10 2 2 10 2 2
left_child=1 2 -1 4 -2 -4
right_child=3 -3 5 -5 -6 -7
leaf_value=-0.00050688764869080954 -0.00019363489813368663 -0.00045628039425167947 0.00040987440307691225 6.7958524116236865e-07 -0.0012080314183165125 -0.00019377666678276637
leaf_weight=81 579 63 648 18767 76 54
leaf_count=81 579 63 648 18767 76 54
internal_value=-4.31609e-05 0.00843126 0.0123414 -0.000343594 -0.0110985 0.0166549
internal_weight=20268 846 783 19422 655 702
internal_count=20268 846 783 19422 655 702
is_linear=0
shrinkage=0.05


Tree=125
num_leaves=7
num_cat=0
split_feature=21 15 36 45 0 48
split_gain=21.834 38.5982 36.867 40.8946 69.5669 65.6077
threshold=0.52500000596046459 0.22500000149011615 0.54225829243659984 0.10620553418993951 -0.0051332060247659675 2.4494185447692876
decision_type=2 2 10 2 2 8
left_child=1 -1 3 -2 5 -5
right_child=2 -3 -4 4 -6 -7
leaf_value=-0.00021002585842808046 0.0001727222683088052 -2.6690574240574908e-06 -0.0001972328313254705 -6.2378968350676342e-05 0.00012595113981884323 -0.00055225201558201976
leaf_weight=1837 3454 8251 803 2023 3332 542
leaf_count=1837 3454 8251 803 2023 3332 542
internal_value=-5.80333e-05 -0.0016125 0.00167093 0.00255718 2.11793e-05 -0.00615759
internal_weight=20242 10088 10154 9351 5897 2565
internal_count=20242 10088 10154 9351 5897 2565
is_linear=0
shrinkage=0.05


Tree=126
num_leaves=7
num_cat=0
split_feature=22 49 44 36 0 43
split_gain=21.7133 49.2009 42.2971 49.0816 60.125 59.7622
threshold=0.57500001788139354 inf 0.080620508641004576 0.41490533947944647 -0.072345379739999757 0.052234869450330741
decision_type=2 8 2 8 2 2
left_child=2 -2 -1 4 -4 -5
right_child=1 -3 3 5 -6 -7
leaf_value=2.6332747624704805e-05 2.669439233407545e-05 0.00082325188921982722 0.0005077085812892632 -7.6043961207249839e-05 -0.00026320586652096568 5.7583885005250318e-05
leaf_weight=4855 9032 89 131 149 3572 2417
leaf_count=4855 9032 89 131 149 3572 2417
internal_value=-9.75309e-05 0.00150394 -0.00178587 -0.00449872 -0.00817826 0.000807079
internal_weight=20245 9121 11124 6269 3703 2566
internal_count=20245 9121 11124 6269 3703 2566
is_linear=0
shrinkage=0.05


Tree=127
num_leaves=7
num_cat=0
split_feature=48 14 46 9 42 22
split_gain=17.0395 40.9156 59.2259 49.4613 47.8716 60.5943
threshold=-0.11925665661692618 0.37500000000000006 1.1027992963790896 -0.023318681865930554 0.06675655767321588 0.92499998211860668
decision_type=10 2 2 2 2 2
left_child=-1 2 4 -4 -2 -6
right_child=1 -3 3 -5 5 -7
leaf_value=-2.2293680518921377e-05 -0.0001544575119393541 4.1583780732420103e-06 -0.00079513756055687881 0.00058127529585508654 0.0005634454009089962 -0.00046988359800471165
leaf_weight=11379 183 7527 199 74 869 83
leaf_count=11379 183 7527 199 74 869 83
internal_value=-0.000102121 0.00165828 0.00946568 -0.011241 0.0144956 0.0189916
internal_weight=20314 8935 1408 273 1135 952
internal_count=20314 8935 1408 273 1135 952
is_linear=0
shrinkage=0.05


Tree=128
num_leaves=7
num_cat=0
split_feature=49 46 19 41 30 42
split_gain=21.7384 43.9079 25.4059 24.7841 58.1873 50.4153
threshold=-1.408842086791992 0.78291279077529918 0.27500000596046453 0.14569563418626788 49.931715011596687 0.15317037701606753
decision_type=10 2 2 2 2 2
left_child=1 -1 -3 5 -5 -2
right_child=3 2 -4 4 -6 -7
leaf_value=0.00066048306289818071 -1.3561496565806658e-05 -7.5973796130145333e-06 0.00033312816871408759 0.0001069711026591367 -0.00047083087683639233 0.00035388727236845027
leaf_weight=127 16254 1378 356 604 714 793
leaf_count=127 16254 1378 356 604 714 793
internal_value=8.65009e-06 0.00494373 0.00280334 -0.000719924 -0.00731293 -0.000206721
internal_weight=20226 1861 1734 18365 1318 17047
internal_count=20226 1861 1734 18365 1318 17047
is_linear=0
shrinkage=0.05


Tree=129
num_leaves=7
num_cat=0
split_feature=35 35 35 29 21 49
split_gain=25.2619 34.4985 34.5334 54.2109 34.3675 41.2644
threshold=0.80738040804862987 0.4778112024068833 0.25287304818630224 0.012034867890179159 0.47499999403953558 0.039033122360706336
decision_type=10 8 10 2 2 10
left_child=1 2 4 -4 5 -1
right_child=-2 -3 3 -5 -6 -7
leaf_value=2.3799532376464744e-05 -0.00017663359720730909 9.7803375120363156e-05 -2.3399868706813811e-05 -0.0005944566528662933 5.7182960304768738e-05 -0.00016155786425685396
leaf_weight=3154 647 2507 1456 501 9221 2876
leaf_count=3154 647 2507 1456 501 9221 2876
internal_value=-5.27815e-05 0.000148327 -0.000649219 -0.00689348 0.000152399 -0.00277962
internal_weight=20362 19715 17208 1957 15251 6030
internal_count=20362 19715 17208 1957 15251 6030
is_linear=0
shrinkage=0.05


Tree=130
num_leaves=7
num_cat=0
split_feature=39 26 39 39 44 36
split_gain=26.0654 19.5803 43.2296 54.7622 52.0176 97.3882
threshold=0.066379044204950347 0.098982293158769621 0.012268618214875461 -0.020366040058434006 0.11389912292361261 -0.098513036966323839
decision_type=2 2 2 2 2 10
left_child=1 -1 3 -3 -4 -6
right_child=-2 2 4 -5 5 -7
leaf_value=-2.8037650886756022e-05 0.00013736061286067933 -9.6628944705691954e-05 0.00015511093622957539 0.00032621246249575023 0.0011239848274786711 -0.0004024990475991957
leaf_weight=16118 654 437 693 1477 186 703
leaf_count=16118 654 437 693 1477 186 703
internal_value=-3.82282e-05 -0.000737805 0.00264924 0.00769932 -0.00344991 -0.0114374
internal_weight=20268 19614 3496 1914 1582 889
internal_count=20268 19614 3496 1914 1582 889
is_linear=0
shrinkage=0.05


Tree=131
num_leaves=7
num_cat=0
split_feature=30 0 36 38 39 0
split_gain=19.197 40.8651 38.6313 38.0771 37.2895 50.2166
threshold=48.359689712524421 0.059415137395262725 0.41490533947944647 0.023353855125606063 0.061461536213755615 0.038505261763930328
decision_type=2 2 8 2 2 2
left_child=4 3 -3 -2 5 -1
right_child=1 2 -4 -5 -6 -7
leaf_value=-1.4716970321533899e-05 9.3183213124814175e-06 -0.00046059378668234299 0.00058690926034636322 -0.000208181678093082 0.00021370233595692219 0.0002504067071276918
leaf_weight=7549 8923 651 157 1378 469 1087
leaf_count=7549 8923 651 157 1378 469 1087
internal_value=3.70938e-06 -0.0017208 -0.0125154 -0.000866 0.00137486 0.000622034
internal_weight=20214 11109 808 10301 9105 8636
internal_count=20214 11109 808 10301 9105 8636
is_linear=0
shrinkage=0.05


Tree=132
num_leaves=7
num_cat=0
split_feature=39 26 15 31 20 1
split_gain=21.7447 47.3654 48.6208 41.8056 36.8571 30.3727
threshold=-0.01522282464429736 -0.10577942430973052 0.52500000596046459 40.924810409545906 0.72499999403953563 -0.088295049965381608
decision_type=2 2 2 2 2 2
left_child=1 3 4 -1 -3 -4
right_child=-2 2 5 -5 -6 -7
leaf_value=0.00046611077617586273 1.489237121272075e-05 0.00013523833553832025 0.00023724093206756232 -0.00068801630166090378 -0.00014705542200744876 -0.0001357141295846075
leaf_weight=75 16210 1313 154 357 306 1871
leaf_count=75 16210 1313 154 357 306 1871
internal_value=-1.35528e-05 -0.0033754 -0.00150041 -0.0189359 0.0049415 -0.00666256
internal_weight=20286 4076 3644 432 1619 2025
internal_count=20286 4076 3644 432 1619 2025
is_linear=0
shrinkage=0.05


Tree=133
num_leaves=7
num_cat=0
split_feature=11 0 44 43 44 21
split_gain=18.1834 30.3028 32.8601 36.6938 35.2536 38.0008
threshold=-0.0054597528651356688 0.032736431807279594 0.098444141447544112 0.078509151935577406 0.066888868808746352 0.92499998211860668
decision_type=2 2 2 2 2 2
left_child=1 2 4 -4 -1 -6
right_child=-2 -3 3 -5 5 -7
leaf_value=-0.00015489840036556356 -1.4162394828949079e-05 0.00021752528484898402 0.0003118135349718403 -0.00013069375034481108 0.00021766043170042229 -0.0010880177426512705
leaf_weight=586 13710 1196 258 2521 2036 54
leaf_count=586 13710 1196 258 2521 2036 54
internal_value=-3.68261e-06 0.00236253 0.00077381 -0.00302622 0.00472771 0.0077685
internal_weight=20361 6651 5455 2779 2676 2090
internal_count=20361 6651 5455 2779 2676 2090
is_linear=0
shrinkage=0.05


Tree=134
num_leaves=7
num_cat=0
split_feature=11 38 45 27 44 48
split_gain=21.4059 36.873 36.3627 46.5331 43.299 33.0642
threshold=-0.0054597528651356688 0.034225855022668845 0.18304008245468142 -0.018455443903803822 0.16818986088037494 -2.5599025487899776
decision_type=2 2 2 2 2 10
left_child=1 5 4 -4 -2 -1
right_child=2 -3 3 -5 -6 -7
leaf_value=-0.00020985192033481736 -1.6713636430786839e-05 0.00040825839379995341 0.0001563476397374705 -0.0007582879320532362 0.00099393129313022689 6.9023491203270637e-05
leaf_weight=786 13141 308 169 194 147 5492
leaf_count=786 13141 308 169 194 147 5492
internal_value=-4.3227e-05 0.00233273 -0.00113686 -0.016644 -0.000705258 0.00149212
internal_weight=20237 6586 13651 363 13288 6278
internal_count=20237 6586 13651 363 13288 6278
is_linear=0
shrinkage=0.05


Tree=135
num_leaves=7
num_cat=0
split_feature=42 44 26 47 26 0
split_gain=25.0713 55.2524 84.7062 53.7457 45.5626 60.2342
threshold=0.102775726467371 0.083516556769609465 -0.09845405817031859 0.65808573365211498 -0.09845405817031859 -0.010956853628158568
decision_type=2 2 2 2 2 2
left_child=1 3 -3 -1 5 -2
right_child=4 2 -4 -5 -6 -7
leaf_value=0.00011967407097624529 -0.000722734255159228 0.0004642473694001384 -0.00011557668905365796 1.2472833661954177e-05 9.2540111145916071e-05 -9.9049364724874793e-06
leaf_weight=286 434 303 5317 5649 6584 1872
leaf_count=286 434 303 5317 5649 6584 1872
internal_value=1.83374e-05 -0.00172362 -0.00527556 0.00163721 0.0018072 -0.00422977
internal_weight=20445 11555 5620 5935 8890 2306
internal_count=20445 11555 5620 5935 8890 2306
is_linear=0
shrinkage=0.05


Tree=136
num_leaves=7
num_cat=0
split_feature=22 44 35 35 35 36
split_gain=28.7745 40.8059 51.8476 58.1742 56.1606 54.7914
threshold=0.47499999403953558 0.070305861532688155 0.20227060467004779 0.03935340233147145 0.4778112024068833 0.056925343349576003
decision_type=2 2 10 8 10 10
left_child=-1 -2 3 -3 -4 -5
right_child=1 2 4 5 -6 -7
leaf_value=-3.8634800689748746e-05 0.00046852646326489089 2.3104494111207642e-05 -0.00031413037957632505 0.00083174009810626853 0.00015975163033376421 0.00012712733076984545
leaf_weight=9175 159 7667 1272 438 712 938
leaf_count=9175 159 7667 1272 438 712 938
internal_value=-8.59275e-06 0.0016062 0.00123504 0.00284317 -0.00607089 0.0122918
internal_weight=20361 11186 11027 9043 1984 1376
internal_count=20361 11186 11027 9043 1984 1376
is_linear=0
shrinkage=0.05


Tree=137
num_leaves=7
num_cat=0
split_feature=37 32 48 45 36 10
split_gain=23.3899 19.4653 18.3902 92.5025 63.0681 65.8265
threshold=-0.0096759740263223631 -0.24588679522275922 -1.9260837435722349 0.14114694297313693 -0.12262367829680441 -0.072402313351631151
decision_type=2 2 10 2 8 2
left_child=1 -1 3 4 -2 -6
right_child=2 -3 -4 -5 5 -7
leaf_value=-0.00067558772122606754 -0.00035599768982231932 -3.461604447412704e-05 1.5566706627296041e-05 0.00072388022830013909 0.00054273752814113006 -4.3861151301643007e-05
leaf_weight=160 999 191 16895 238 261 1547
leaf_count=160 999 191 16895 238 261 1547
internal_value=-5.29661e-05 -0.0127107 0.000219353 -0.00335246 -0.00591216 -0.000317154
internal_weight=20291 351 19940 3045 2807 1808
internal_count=20291 351 19940 3045 2807 1808
is_linear=0
shrinkage=0.05


Tree=138
num_leaves=7
num_cat=0
split_feature=22 44 35 10 42 35
split_gain=23.4797 42.6108 57.4481 63.8688 50.4183 68.759
threshold=0.57500001788139354 0.080620508641004576 -0.16103835403919217 -0.094194397330284105 0.12252848595380784 -0.28308211266994471
decision_type=2 2 10 2 2 10
left_child=1 -1 4 -4 5 -3
right_child=-2 2 3 -5 -6 -7
leaf_value=2.7044604919244596e-05 4.7554471875465689e-05 -0.00023798820306782835 0.0003968097792648462 -4.9898517074142274e-05 0.00027667661507215028 -0.00071419589043890559
leaf_weight=4849 9151 1554 384 3818 206 329
leaf_count=4849 9151 1554 384 3818 206 329
internal_value=8.62239e-06 -0.00151413 -0.00422888 -0.000849774 -0.0109957 -0.0135726
internal_weight=20291 11140 6291 4202 2089 1883
internal_count=20291 11140 6291 4202 2089 1883
is_linear=0
shrinkage=0.05


Tree=139
num_leaves=7
num_cat=0
split_feature=22 42 1 45 35 5
split_gain=20.7823 44.394 50.53 50.3807 49.2768 64.1164
threshold=0.42499999701976782 0.068291068077087416 -0.023535431362688538 0.064616296440362944 0.20227060467004779 -0.7787487506866454
decision_type=2 2 2 2 10 2
left_child=-1 2 -2 -3 -5 -6
right_child=1 3 -4 4 5 -7
leaf_value=-3.2023058373195568e-05 -0.00031677136992758572 -0.00032542868834178012 0.00057632182731248433 6.9450848331922079e-05 0.0010246156465464763 -0.00016656349463146222
leaf_weight=8097 99 280 418 9082 94 2157
leaf_count=8097 99 280 418 9082 94 2157
internal_value=-5.31336e-05 0.00148949 0.0157567 0.000845671 0.00136929 -0.00524158
internal_weight=20227 12130 517 11613 11333 2251
internal_count=20227 12130 517 11613 11333 2251
is_linear=0
shrinkage=0.05


Tree=140
num_leaves=7
num_cat=0
split_feature=48 46 33 47 47 39
split_gain=19.4942 42.8984 52.4474 56.4299 42.7447 43.3775
threshold=-0.28880846500396723 0.81192579865455639 0.18377944827079776 0.58011323213577282 0.71104663610458385 0.02995458617806435
decision_type=10 2 2 2 2 2
left_child=1 2 3 -1 -3 -6
right_child=-2 4 -4 -5 5 -7
leaf_value=-7.2839709608842889e-05 3.1790769419719736e-05 7.9035790912499601e-05 -0.00020038231096898806 0.00022203555646003027 -0.00015343633522021125 2.6915066613014206e-05
leaf_weight=85 9855 1074 286 1064 5605 2286
leaf_count=85 9855 1074 286 1064 5605 2286
internal_value=3.33169e-05 -0.00166987 0.00633681 0.0111135 -0.00295708 -0.00423316
internal_weight=20255 10400 1435 1149 8965 7891
internal_count=20255 10400 1435 1149 8965 7891
is_linear=0
shrinkage=0.05


Tree=141
num_leaves=7
num_cat=0
split_feature=0 39 11 29 38 39
split_gain=22.8392 27.8176 31.0154 18.2749 46.3653 39.1657
threshold=0.092399697750806822 0.0039081380236893901 -0.0036453487118706103 0.010188838467001917 -0.014154326170682905 -0.047239122912287705
decision_type=2 2 2 2 2 2
left_child=3 2 -2 4 -1 -5
right_child=1 -3 -4 5 -6 -7
leaf_value=0.00016227045150824871 0.00098148834400630389 -0.00063944738758261977 -0.00051708755742588351 -0.00049616433628048198 2.134474204814471e-06 -2.1944263387551182e-05
leaf_weight=2066 53 210 63 128 9601 8206
leaf_count=2066 53 210 63 128 9601 8206
internal_value=-8.73008e-05 -0.0129154 0.00640496 0.000326152 0.00160427 -0.00146001
internal_weight=20327 326 116 20001 11667 8334
internal_count=20327 326 116 20001 11667 8334
is_linear=0
shrinkage=0.05


Tree=142
num_leaves=7
num_cat=0
split_feature=41 35 35 35 3 22
split_gain=21.4413 46.6457 50.5906 46.5609 39.4478 83.1528
threshold=0.095687117427587523 0.25287304818630224 0.43759913742542272 1.0000000180025095e-35 0.0079817627556622046 0.67499998211860668
decision_type=2 10 10 8 2 2
left_child=4 3 -3 -2 -1 -6
right_child=1 2 -4 -5 5 -7
leaf_value=-7.0096033048833816e-06 -5.0072786838217118e-05 -0.00066023355996155453 -6.7495178187769271e-05 0.00025551245954878201 3.3948342152428922e-05 0.00053642285053745909
leaf_weight=7544 5848 562 833 1356 3312 963
leaf_count=7544 5848 562 833 1356 3312 963
internal_value=-0.000101601 -0.00159519 -0.00994643 2.42752e-05 0.00168513 0.00551986
internal_weight=20418 8599 1395 7204 11819 4275
internal_count=20418 8599 1395 7204 11819 4275
is_linear=0
shrinkage=0.05


Tree=143
num_leaves=7
num_cat=0
split_feature=26 39 46 47 39 41
split_gain=16.9049 46.0425 61.1258 65.4945 47.6212 40.5053
threshold=0.098982293158769621 0.012268618214875461 0.90713828802108776 1.0115900635719302 -0.020366040058434006 0.072415716946125044
decision_type=2 2 2 2 2 2
left_child=-1 4 -3 -4 -2 -6
right_child=1 2 3 -5 5 -7
leaf_value=-1.6902455741514234e-05 -9.7334010168175845e-05 -0.00044997693602811861 -0.00021842583476607984 0.00030559429794726621 -0.0001036300002035872 0.00041333499856382062
leaf_weight=16660 422 332 527 825 291 1184
leaf_count=16660 422 332 527 825 291 1184
internal_value=-7.28539e-05 0.00287925 -0.00312315 0.0016028 0.00821504 0.0124493
internal_weight=20241 3581 1684 1352 1897 1475
internal_count=20241 3581 1684 1352 1897 1475
is_linear=0
shrinkage=0.05


Tree=144
num_leaves=7
num_cat=0
split_feature=39 0 27 49 43 35
split_gain=18.4447 20.6828 23.3195 18.2465 18.2435 15.5765
threshold=0.066379044204950347 0.003474515513516963 0.060181418433785445 2.3669121265411381 0.078509151935577406 -0.83558541536331166
decision_type=2 2 2 10 2 10
left_child=3 2 4 5 -2 -1
right_child=1 -3 -4 -5 -6 -7
leaf_value=0.00014364938023783935 3.6000249698510249e-05 -1.7407494568814004e-05 -0.00028075030867468148 -0.00033357184922138094 0.00096005551555414204 -8.2193110540563428e-06
leaf_weight=864 94 335 53 266 190 18507
leaf_count=864 94 335 53 266 190 18507
internal_value=-0.000102146 0.00808715 0.0167398 -0.000306741 0.0224048 -0.000125155
internal_weight=20309 672 337 19637 284 19371
internal_count=20309 672 337 19637 284 19371
is_linear=0
shrinkage=0.05


Tree=145
num_leaves=7
num_cat=0
split_feature=35 35 42 25 44 38
split_gain=21.2167 36.8903 59.4683 67.4626 53.8255 48.0862
threshold=0.4778112024068833 0.15508352965116504 0.075791336596012129 -0.0053532943129539481 0.062993790954351439 -0.014154326170682905
decision_type=8 10 2 2 2 2
left_child=1 4 3 -3 -1 -4
right_child=-2 2 5 -5 -6 -7
leaf_value=-0.00025667765787026328 5.3577070261254726e-05 0.00024198320116749591 9.2192490618267625e-05 -5.7201579991950134e-05 2.4103385074315333e-05 -0.00036711635388942082
leaf_weight=750 3146 450 393 769 13188 1657
leaf_count=750 3146 450 393 769 13188 1657
internal_value=-3.31565e-05 -0.000820648 -0.00559713 0.003125 0.000299433 -0.0107908
internal_weight=20353 17207 3269 1219 13938 2050
internal_count=20353 17207 3269 1219 13938 2050
is_linear=0
shrinkage=0.05


Tree=146
num_leaves=7
num_cat=0
split_feature=44 45 26 42 39 0
split_gain=15.4809 48.0689 56.7977 38.1731 42.7681 40.1081
threshold=0.083516556769609465 0.080234024673700347 -0.09845405817031859 0.083824396133422865 0.010844707954674961 0.038505261763930328
decision_type=2 2 2 2 2 2
left_child=-1 2 -2 5 -5 -4
right_child=1 -3 3 4 -6 -7
leaf_value=3.772447020698347e-05 0.00022685949996853664 1.329497037583624e-05 -0.00022746885265362933 9.861360982031157e-05 -0.00040564979203271036 0.00042197452646867956
leaf_weight=5870 132 12046 1322 621 176 51
leaf_count=5870 132 12046 1322 621 176 51
internal_value=-4.32676e-05 -0.000701944 -0.00731469 -0.00927586 -0.000529925 -0.0143142
internal_weight=20218 14348 2302 2170 797 1373
internal_count=20218 14348 2302 2170 797 1373
is_linear=0
shrinkage=0.05


Tree=147
num_leaves=7
num_cat=0
split_feature=47 24 46 42 36 5
split_gain=19.5191 34.8794 31.6643 22.6439 57.4055 42.2844
threshold=0.6304403841495515 0.047317272052168853 0.78291279077529918 0.15859673172235492 -0.30396337807178492 0.48278659582138067
decision_type=2 2 2 2 8 2
left_child=1 2 -1 -2 -5 -6
right_child=3 -3 -4 4 5 -7
leaf_value=-2.941677169291207e-05 -1.2836506049844922e-05 -0.00012911701656609929 0.00021381401417933554 -0.00018365810509363067 0.00060343912432209471 -0.00053404937846393552
leaf_weight=90 18340 136 405 469 710 103
leaf_count=90 18340 136 405 469 710 103
internal_value=-8.63856e-06 0.00868711 0.01485 -0.000212717 0.00619658 0.0142115
internal_weight=20253 631 495 19622 1282 813
internal_count=20253 631 495 19622 1282 813
is_linear=0
shrinkage=0.05


Tree=148
num_leaves=7
num_cat=0
split_feature=35 41 39 35 0 36
split_gain=18.8833 30.6884 28.2592 26.7091 40.3911 37.4394
threshold=0.80738040804862987 0.08785628899931909 -0.028555613942444321 0.4778112024068833 -0.053574968129396432 0.20674330741167071
decision_type=10 2 2 8 2 10
left_child=3 2 -2 5 -5 -1
right_child=1 -3 -4 4 -6 -7
leaf_value=1.3293740249953357e-05 0.00042110435516223811 -0.0005418256874222256 -0.00014081889138817672 -0.00039982777549656627 0.00010715349371624604 -9.4097376443864989e-05
leaf_weight=13578 64 143 445 199 2262 3579
leaf_count=13578 64 143 445 199 2262 3579
internal_value=-1.35635e-05 -0.00848554 -0.00257782 0.000131224 0.00499797 -0.000566659
internal_weight=20270 652 509 19618 2461 17157
internal_count=20270 652 509 19618 2461 17157
is_linear=0
shrinkage=0.05


Tree=149
num_leaves=7
num_cat=0
split_feature=0 10 48 36 35 26
split_gain=17.4898 66.3355 58.6618 55.2498 53.2125 57.0619
threshold=-0.00948870414867997 -0.07901600748300551 -2.0810037851333614 -0.36603672802448267 -0.31892089545726771 0.20986753702163699
decision_type=2 2 10 8 10 2
left_child=1 3 -3 -1 5 -4
right_child=-2 2 4 -5 -6 -7
leaf_value=-0.00084465506057071092 1.8774519926500514e-05 -0.00030705204438244015 0.00025126786362273372 1.8468698085313514e-06 -4.4800315960916879e-05 -0.00094082021441935367
leaf_weight=380 12398 710 1773 271 4616 91
leaf_count=380 12398 710 1773 271 4616 91
internal_value=-4.32227e-05 -0.0018895 -0.000496873 -0.0171113 0.000998458 0.00811932
internal_weight=20239 7841 7190 651 6480 1864
internal_count=20239 7841 7190 651 6480 1864
is_linear=0
shrinkage=0.05


Tree=150
num_leaves=7
num_cat=0
split_feature=4 45 22 29 36 1
split_gain=16.6322 29.204 45.1543 31.3946 30.8305 28.9683
threshold=-0.3719459325075149 0.12859395146369937 0.82500001788139354 0.0050100393127650031 -0.36603672802448267 0.032755265012383468
decision_type=2 2 2 2 10 2
left_child=1 5 -3 4 -4 -1
right_child=-2 2 3 -5 -6 -7
leaf_value=3.3247910641688489e-05 -2.1872653142800603e-05 0.0005227009595032585 -0.00010213697693238788 -0.00061650038335100271 0.00071642122973653044 -0.00016201841118659304
leaf_weight=4470 13664 395 272 175 312 1016
leaf_count=4470 13664 395 272 175 312 1016
internal_value=-5.78561e-05 0.00199774 0.00921053 0.00199607 0.00759762 0.000468949
internal_weight=20304 6640 1154 759 584 5486
internal_count=20304 6640 1154 759 584 5486
is_linear=0
shrinkage=0.05


Tree=151
num_leaves=7
num_cat=0
split_feature=6 35 38 45 48 26
split_gain=19.7759 58.702 43.3765 39.277 33.4501 34.2697
threshold=0.11362153291702272 -0.24058630317449567 0.034225855022668845 0.13760080933570865 -0.11925665661692618 0.26827672123909002
decision_type=2 8 2 2 10 2
left_child=1 2 3 -1 -2 -6
right_child=4 -3 -4 -5 5 -7
leaf_value=-0.000372495882469091 -6.2703148742577133e-05 0.0001089610950313721 0.00043220857160663763 0.00021775721797603895 4.087747669488787e-05 -0.00048479360481243014
leaf_weight=882 8252 2048 127 267 8425 153
leaf_count=882 8252 2048 127 267 8425 153
internal_value=-7.81289e-05 0.00341694 -0.00497658 -0.00808059 -0.000800416 0.00138355
internal_weight=20154 3324 1276 1149 16830 8578
internal_count=20154 3324 1276 1149 16830 8578
is_linear=0
shrinkage=0.05


Tree=152
num_leaves=7
num_cat=0
split_feature=26 24 36 44 35 36
split_gain=20.4818 34.855 51.1775 55.1213 44.3533 41.9169
threshold=0.098982293158769621 0.047317272052168853 -0.9269936978816985 0.14173739403486255 -0.74709701538085926 -0.82887965440750111
decision_type=2 2 10 2 8 10
left_child=1 2 3 -1 -3 -4
right_child=-2 4 5 -5 -6 -7
leaf_value=7.4138557334013969e-05 9.0109576337799412e-05 0.00024946579203215805 -0.00031494039775411311 0.00091477153112078016 -0.00022093772293730704 1.081034988301081e-05
leaf_weight=719 3628 276 791 253 1909 12761
leaf_count=719 3628 276 791 253 1909 12761
internal_value=-2.82666e-05 -0.000294663 0.000590199 0.0116428 -0.0061758 -0.000204691
internal_weight=20337 16709 14524 972 2185 13552
internal_count=20337 16709 14524 972 2185 13552
is_linear=0
shrinkage=0.05


Tree=153
num_leaves=7
num_cat=0
split_feature=0 30 43 1 46 48
split_gain=19.8655 25.7099 18.1591 17.8387 48.4845 50.3481
threshold=0.092399697750806822 41.288347244262702 0.14878887683153155 -0.088295049965381608 0.89553052186965953 1.2157299518585207
decision_type=2 2 2 2 2 8
left_child=3 -2 -3 4 5 -1
right_child=1 2 -4 -5 -6 -7
leaf_value=0.0001215392112275308 0.0002606463795217233 -0.00073231699594257581 0.00019359424577359985 -6.5353931670694351e-07 0.00043251113221510037 -0.00057371325434534166
leaf_weight=176 86 170 68 19020 621 129
leaf_count=176 86 170 68 19020 621 129
internal_value=2.836e-05 -0.0120821 -0.0204733 0.000304496 0.0070623 -0.0091129
internal_weight=20270 324 238 19946 926 305
internal_count=20270 324 238 19946 926 305
is_linear=0
shrinkage=0.05


Tree=154
num_leaves=7
num_cat=0
split_feature=49 46 9 16 26 2
split_gain=17.6465 35.3585 25.8041 21.2982 23.1818 22.7522
threshold=-1.5443058013916013 0.79979583621025097 -0.021391332149505612 0.075000001117587103 -0.091334003955125795 0.015287254936993124
decision_type=10 2 2 2 2 2
left_child=1 -1 3 -3 -5 -6
right_child=-2 2 -4 4 5 -7
leaf_value=0.00058701374134150007 -5.3736424062715041e-06 -0.00015994451300731452 -0.00050134503344115224 -0.00017653956074386949 0.00018724602253809486 0.0013902941110920494
leaf_weight=125 18711 392 53 247 642 87
leaf_count=125 18711 392 53 247 642 87
internal_value=-0.000112279 0.00520632 0.00289271 0.00427895 0.0082314 0.0127044
internal_weight=20257 1546 1421 1368 976 729
internal_count=20257 1546 1421 1368 976 729
is_linear=0
shrinkage=0.05


Tree=155
num_leaves=7
num_cat=0
split_feature=22 3 35 35 2 47
split_gain=15.5838 46.0559 40.2897 74.0056 63.2679 77.7887
threshold=0.37500000000000006 0.0049700604286044845 0.15508352965116504 0.03935340233147145 0.0063126517925411471 0.97308355569839489
decision_type=2 2 10 8 2 2
left_child=-1 -2 3 4 -3 -6
right_child=1 2 -4 -5 5 -7
leaf_value=-2.8775470775119227e-05 0.00051986006370694003 -0.00035138967828990874 -9.4417400254610299e-05 0.00030976747042806035 0.00016354729341669629 -8.5376595506571169e-05
leaf_weight=7112 169 400 3254 1297 3983 4124
leaf_count=7112 169 400 3254 1297 3983 4124
internal_value=-0.000116742 0.00102214 0.0006794 0.00228107 0.000578595 0.00154401
internal_weight=20339 13227 13058 9804 8507 8107
internal_count=20339 13227 13058 9804 8507 8107
is_linear=0
shrinkage=0.05


Tree=156
num_leaves=7
num_cat=0
split_feature=49 19 46 6 41 30
split_gain=14.6803 45.2184 29.767 26.0439 20.2326 49.9409
threshold=-1.408842086791992 0.32500000298023229 0.83067864179611217 0.62020957469940197 0.14569563418626788 49.931715011596687
decision_type=10 2 2 2 2 2
left_child=1 2 -1 -3 -2 -6
right_child=4 3 -4 -5 5 -7
leaf_value=0.0003587713425323764 5.2455785339316449e-06 0.00063551827934613288 -3.7958327240392842e-05 -0.00021151396871080816 0.00010175244433650502 -0.00040086495621878879
leaf_weight=119 17070 263 1433 62 610 685
leaf_count=119 17070 263 1433 62 610 685
internal_value=-2.34603e-05 0.00447662 0.000883109 0.0212879 -0.000159227 -0.00617308
internal_weight=20242 1877 1552 325 18365 1295
internal_count=20242 1877 1552 325 18365 1295
is_linear=0
shrinkage=0.05


Tree=157
num_leaves=7
num_cat=0
split_feature=35 32 35 36 43 35
split_gain=22.3285 25.1506 39.6253 41.4354 71.0857 34.6307
threshold=0.4778112024068833 0.38341410458087927 0.80738040804862987 0.78016537427902233 0.11029630154371263 0.78233981132507335
decision_type=8 2 8 10 2 10
left_child=-1 5 3 -3 -5 -2
right_child=1 2 -4 4 -6 -7
leaf_value=-9.7705595001847584e-06 0.00019315911112065601 -7.6836607738400722e-05 -0.00055447305184531427 0.00053419965058696002 -0.0013347113881160071 -2.3447723407489779e-05
leaf_weight=17144 1235 598 151 353 54 750
leaf_count=17144 1235 598 151 353 54 750
internal_value=-7.26959e-05 0.00414018 -0.00170112 0.00190594 0.0141383 0.00755025
internal_weight=20285 3141 1156 1005 407 1985
internal_count=20285 3141 1156 1005 407 1985
is_linear=0
shrinkage=0.05


Tree=158
num_leaves=7
num_cat=0
split_feature=41 50 47 47 44 12
split_gain=18.273 55.0452 54.9235 59.157 44.1328 36.097
threshold=0.15545155107975009 -2.0571565628051753 1.2487985491752627 1.3782085776329043 0.16818986088037494 0.037194062024354942
decision_type=2 10 2 2 2 2
left_child=4 -2 -3 -4 -1 -6
right_child=1 2 3 -5 5 -7
leaf_value=1.5814579234567057e-06 0.00062962278496114929 -0.00059047987676676507 0.00040081709957037341 -0.00034672150485511624 0.001427295102991864 -0.0002989350324378037
leaf_weight=18812 138 482 319 385 117 52
leaf_count=18812 138 482 319 385 117 52
internal_value=-7.7548e-05 -0.00569977 -0.00921495 -0.000246827 0.000364742 0.025431
internal_weight=20305 1324 1186 704 18981 169
internal_count=20305 1324 1186 704 18981 169
is_linear=0
shrinkage=0.05


Tree=159
num_leaves=7
num_cat=0
split_feature=17 41 48 3 22 22
split_gain=16.213 34.5439 36.0096 61.5896 52.9907 34.3712
threshold=0.82500001788139354 0.083394296467304244 1.3122426867485049 0.011958030983805658 0.47499999403953558 0.17500000447034839
decision_type=2 2 10 2 2 2
left_child=-1 5 -3 4 -4 -2
right_child=1 2 3 -5 -6 -7
leaf_value=1.2981443177327926e-05 -0.00024008847846470217 -0.00019812138207435034 -0.00027766389421947786 -0.00039023961067703792 0.00085499906167445033 0.00013925092964163027
leaf_weight=16256 208 1737 169 472 441 1009
leaf_count=16256 208 1737 169 472 441 1009
internal_value=-4.80367e-05 -0.00274066 -0.00578081 0.00135695 0.0118293 0.00427578
internal_weight=20292 4036 2819 1082 610 1217
internal_count=20292 4036 2819 1082 610 1217
is_linear=0
shrinkage=0.05


Tree=160
num_leaves=7
num_cat=0
split_feature=39 26 14 36 35 1
split_gain=16.1076 51.2328 48.5263 52.1736 46.7829 46.429
threshold=-0.01522282464429736 -0.1150783523917198 0.62500000000000011 -0.2729909867048263 0.2235435172915459 -0.033211257308721535
decision_type=2 2 2 8 10 2
left_child=1 -1 3 -3 -5 -6
right_child=-2 2 -4 4 5 -7
leaf_value=-0.00046950417297881734 1.6695306571751311e-05 0.00036475797571257427 -0.00012426727191906193 -0.00016025368749340719 -8.9377212898070045e-05 0.00022665715727663606
leaf_weight=373 16271 370 1560 756 332 670
leaf_count=373 16271 370 1560 756 332 670
internal_value=8.60501e-06 -0.00263773 -0.000832656 0.00406704 0.000439592 0.00752234
internal_weight=20332 4061 3688 2128 1758 1002
internal_count=20332 4061 3688 2128 1758 1002
is_linear=0
shrinkage=0.05


Tree=161
num_leaves=7
num_cat=0
split_feature=45 41 46 22 11 44
split_gain=14.3369 47.6515 69.5444 64.2819 42.7079 42.2906
threshold=0.077440403401851668 0.090823281556367888 1.0640688538551333 0.67499998211860668 0.010248591657727959 0.084741882979869856
decision_type=2 2 2 2 2 2
left_child=4 2 -2 -4 5 -1
right_child=1 -3 3 -5 -6 -7
leaf_value=2.7002720866299667e-05 0.00019478625784083263 -2.7763379791804747e-05 -0.00033804084676737422 0.0011514739149139663 -0.00025845530416845392 -8.2577729356744344e-05
leaf_weight=3846 3290 9766 786 153 858 1495
leaf_count=3846 3290 9766 786 153 858 1495
internal_value=-2.84668e-05 0.000723214 0.0051547 -0.00680614 -0.00216393 -0.000491021
internal_weight=20194 13995 4229 939 6199 5341
internal_count=20194 13995 4229 939 6199 5341
is_linear=0
shrinkage=0.05


Tree=162
num_leaves=7
num_cat=0
split_feature=36 12 44 13 48 50
split_gain=17.6734 56.0498 45.1422 37.2209 34.6605 32.4874
threshold=0.69269269704818737 -0.025692893192172047 0.12000794708728792 -0.0025383653119206424 -1.171515882015228 0.4246621578931809
decision_type=8 2 2 2 8 8
left_child=-1 2 3 -2 -3 -6
right_child=1 4 -4 -5 5 -7
leaf_value=-8.5809473501703505e-06 0.00026486733780041298 -0.00025909755619894391 0.0013873720158504332 -0.00038744505249771553 0.00022559225764937887 -4.6873549164437561e-05
leaf_weight=17557 371 247 116 54 950 1045
leaf_count=17557 371 247 116 54 950 1045
internal_value=-1.8432e-05 0.00381098 0.0181777 0.0102907 0.000300401 0.0025125
internal_weight=20340 2783 541 425 2242 1995
internal_count=20340 2783 541 425 2242 1995
is_linear=0
shrinkage=0.05


Tree=163
num_leaves=7
num_cat=0
split_feature=22 49 41 35 41 29
split_gain=16.882 34.506 30.1276 69.6151 71.3728 55.8273
threshold=0.57500001788139354 inf 0.10068249702453615 -0.80180099606513966 0.064761791378259673 0.0016152182361111047
decision_type=2 8 2 10 2 2
left_child=-1 2 3 -2 -5 -4
right_child=1 -3 5 4 -6 -7
leaf_value=-2.3579389625094489e-05 -0.00032944656578622229 0.00053192726270748561 7.7704486205203065e-05 -0.00013335487961367194 0.00034079514255732675 -0.00016976148180795417
leaf_weight=11155 437 93 3169 530 2164 2703
leaf_count=11155 437 93 3169 530 2164 2703
internal_value=-2.83867e-05 0.00134875 0.00102409 0.00498246 0.0079937 -0.00108474
internal_weight=20251 9096 9003 3131 2694 5872
internal_count=20251 9096 9003 3131 2694 5872
is_linear=0
shrinkage=0.05


Tree=164
num_leaves=7
num_cat=0
split_feature=26 35 35 12 1 47
split_gain=14.4567 41.6912 60.7152 62.165 40.9554 39.3452
threshold=0.091780338436365141 -0.78794619441032399 -0.35129682719707483 0.14991958439350131 0.011483112815767528 0.78389880061149608
decision_type=2 10 10 2 2 2
left_child=-1 -2 3 5 -4 -3
right_child=1 2 4 -5 -6 -7
leaf_value=-1.5149249193870249e-05 -0.000704279279101723 5.2283972992187275e-05 -3.1652967304786144e-05 -6.5160299268240512e-05 0.00036679696133024508 0.0017402489038632132
leaf_weight=16301 98 88 2815 171 431 300
leaf_count=16301 98 88 2815 171 431 300
internal_value=-7.29873e-05 0.00248849 0.0033399 0.018484 0.000699785 0.0294529
internal_weight=20204 3903 3805 559 3246 388
internal_count=20204 3903 3805 559 3246 388
is_linear=0
shrinkage=0.05


Tree=165
num_leaves=7
num_cat=0
split_feature=26 36 46 29 35 35
split_gain=16.609 41.2478 60.0647 61.5861 54.2273 43.7048
threshold=0.091780338436365141 -0.098513036966323839 1.2061432003974917 0.066092118620872511 -0.18375066667795178 -0.088436849415302263
decision_type=2 8 2 2 10 10
left_child=-1 2 3 -2 -3 -6
right_child=1 4 -4 -5 5 -7
leaf_value=-1.3673796152301274e-05 0.00010019877107869501 -0.00039672369584454266 -0.00049469032407696339 0.0010385820901828615 0.00036437153661270756 -9.5140455371024793e-06
leaf_weight=16490 465 304 129 398 398 2177
leaf_count=16490 465 304 129 398 398 2177
internal_value=-4.29638e-05 0.00284443 0.0116098 0.0163882 -0.000182039 0.00218023
internal_weight=20361 3871 992 863 2879 2575
internal_count=20361 3871 992 863 2879 2575
is_linear=0
shrinkage=0.05


Tree=166
num_leaves=7
num_cat=0
split_feature=26 32 48 39 42 39
split_gain=18.7985 41.447 50.7377 37.3515 36.534 51.068
threshold=0.091780338436365141 0.67940169572830211 1.5000206232070925 0.032830081880092628 0.10143939778208734 1.0000000180025095e-35
decision_type=2 2 10 2 2 2
left_child=1 2 -1 4 5 -2
right_child=3 -3 -4 -5 -6 -7
leaf_value=-9.0002243105964782e-06 -0.00022538627778196513 -0.00019823683824489189 0.0003081104079631059 -0.00015421400612541391 0.00026762353367558922 0.00016738888880827283
leaf_weight=14238 687 1278 865 867 1687 710
leaf_count=14238 687 1278 865 867 1687 710
internal_value=-3.81079e-05 -0.000471439 0.000259796 0.0033683 0.00594853 -1.78317e-05
internal_weight=20332 16381 15103 3951 3084 1397
internal_count=20332 16381 15103 3951 3084 1397
is_linear=0
shrinkage=0.05


Tree=167
num_leaves=7
num_cat=0
split_feature=48 26 39 38 35 44
split_gain=20.5076 40.6424 38.202 37.8905 47.5999 44.6499
threshold=-0.28880846500396723 0.2344203591346741 -0.047239122912287705 -0.012004600837826727 -0.16103835403919217 0.13493266701698306
decision_type=10 2 2 2 8 2
left_child=3 2 -2 -1 -5 -6
right_child=1 -3 -4 4 5 -7
leaf_value=7.7523655272672816e-05 -0.00055757208708454996 -0.00029730857231353297 5.9916263599247926e-05 -0.00021119475190340504 -3.015411480571666e-05 0.000297976294309327
leaf_weight=2259 139 363 9457 2936 4663 607
leaf_count=2259 139 363 9457 2936 4663 607
internal_value=-8.56625e-06 0.00182908 0.00245547 -0.00133954 -0.00291986 -7.109e-05
internal_weight=20424 9959 9596 10465 8206 5270
internal_count=20424 9959 9596 10465 8206 5270
is_linear=0
shrinkage=0.05


Tree=168
num_leaves=7
num_cat=0
split_feature=23 41 26 42 41 41
split_gain=15.9263 35.8073 48.5371 36.0113 69.6009 46.7276
threshold=-0.0060951425693929187 0.15545155107975009 -0.1150783523917198 0.11209433525800706 0.10250769928097726 0.084763180464506163
decision_type=2 2 2 2 2 2
left_child=-1 3 -3 4 -2 -5
right_child=1 2 -4 5 -6 -7
leaf_value=3.8601692996119994e-05 -1.0905638101574805e-05 -0.00062076266931142276 -6.6402692211886137e-06 0.00071450524447571489 -0.0004412507548590363 5.325412195292408e-05
leaf_weight=7002 8106 317 415 229 937 3296
leaf_count=7002 8106 317 415 229 937 3296
internal_value=-3.81642e-05 -0.00119316 -0.0119064 -0.000562714 -0.0022353 0.00371813
internal_weight=20302 13300 732 12568 9043 3525
internal_count=20302 13300 732 12568 9043 3525
is_linear=0
shrinkage=0.05


Tree=169
num_leaves=7
num_cat=0
split_feature=48 20 46 10 47 10
split_gain=15.796 46.0554 63.0265 52.0862 48.8307 41.8389
threshold=-0.11925665661692618 0.42499999701976782 0.97676753997802745 -0.017327803187072274 0.97308355569839489 0.17552861571311953
decision_type=10 2 2 2 2 2
left_child=-1 2 -2 -4 5 -3
right_child=1 4 3 -5 -6 -7
leaf_value=-1.9766275965982339e-05 0.00036604840949934768 9.0636125654550842e-05 -0.00034411316647158581 0.00033368502695133208 -0.00011663167949757018 -0.00029066181587350217
leaf_weight=11387 912 3740 469 405 3249 138
leaf_count=11387 912 3740 469 405 3249 138
internal_value=-0.000116966 0.00163994 0.00880793 -0.000767918 -0.00015774 0.00362477
internal_weight=20300 8913 1786 874 7127 3878
internal_count=20300 8913 1786 874 7127 3878
is_linear=0
shrinkage=0.05


Tree=170
num_leaves=7
num_cat=0
split_feature=18 42 15 45 22 9
split_gain=19.5168 55.5091 36.0051 38.2295 32.697 31.4886
threshold=0.27500000596046453 0.1439958140254021 0.32500000298023229 0.15632429718971255 0.97499999403953563 -0.12034809216856955
decision_type=2 2 2 2 2 2
left_child=1 -1 -2 -4 -5 -3
right_child=2 5 3 4 -6 -7
leaf_value=-7.5831657761765722e-05 0.00023050647973753662 -0.00059652775826889897 9.7236522559340528e-06 -0.00045186458377729328 0.00027050487534340895 0.00040810367624045116
leaf_weight=4449 1274 90 13232 511 181 531
leaf_count=4449 1274 90 13232 511 181 531
internal_value=-8.63217e-06 -0.00287192 0.000708742 -2.69222e-05 -0.0114419 0.0110623
internal_weight=20268 5070 15198 13924 692 621
internal_count=20268 5070 15198 13924 692 621
is_linear=0
shrinkage=0.05


Tree=171
num_leaves=7
num_cat=0
split_feature=44 43 47 46 36 36
split_gain=16.2694 57.6724 43.7464 41.96 49.4789 82.9135
threshold=0.080620508641004576 0.049419974908232696 0.68110153079032909 0.73646843433380138 0.12871784716844561 0.41490533947944647
decision_type=2 2 2 2 10 10
left_child=2 -2 -1 -4 -5 -6
right_child=1 -3 3 4 5 -7
leaf_value=9.0949313346697506e-05 -8.9775282672280955e-05 -8.2070492748243208e-06 0.00011450269892887412 8.0824279597307638e-05 -0.00041264989586193006 1.9968397091604765e-05
leaf_weight=328 177 14898 136 2973 580 1226
leaf_count=328 177 14898 136 2973 580 1226
internal_value=-4.79752e-05 -0.000731101 0.00250095 0.00130589 0.000506898 -0.00600497
internal_weight=20318 15075 5243 4915 4779 1806
internal_count=20318 15075 5243 4915 4779 1806
is_linear=0
shrinkage=0.05


Tree=172
num_leaves=7
num_cat=0
split_feature=18 45 6 10 32 44
split_gain=18.8685 44.1415 33.7557 30.5237 41.8351 31.3056
threshold=0.27500000596046453 0.11529869213700296 0.11362153291702272 -0.18460358679294583 -0.78858280181884755 0.13493266701698306
decision_type=2 2 2 2 2 2
left_child=1 -1 -2 4 -3 -5
right_child=2 3 -4 5 -6 -7
leaf_value=-8.9291093466035648e-05 0.00015327424818356434 0.00035178329849911523 6.9931888332068411e-06 8.9451321123571779e-05 -0.00097366336165982453 0.0004936371641280343
leaf_weight=3583 1069 164 14073 890 138 294
leaf_count=3583 1069 164 14073 890 138 294
internal_value=2.34962e-05 -0.0025473 0.000975441 0.00467807 -0.00936482 0.0083053
internal_weight=20211 5069 15142 1486 302 1184
internal_count=20211 5069 15142 1486 302 1184
is_linear=0
shrinkage=0.05


Tree=173
num_leaves=7
num_cat=0
split_feature=49 39 1 3 42 46
split_gain=14.6236 53.5347 63.1318 58.5701 54.1697 52.9744
threshold=-0.042715847492218011 0.012268618214875461 0.023387562483549122 0.012526951730251314 0.10711995512247087 0.9419933855533601
decision_type=10 2 2 2 2 2
left_child=-1 3 -3 5 -4 -2
right_child=1 2 4 -5 -6 -7
leaf_value=2.5385793721980927e-05 -1.8660724180001093e-05 -0.00018421366674623444 -0.00010864452209392588 -0.00026192252899555389 0.00056637786877431829 0.00022770689757453549
leaf_weight=10090 2587 3245 550 793 491 2661
leaf_count=10090 2587 3245 550 793 491 2661
internal_value=-7.2226e-05 -0.00122193 -0.00549406 0.00180698 0.00518642 0.00372644
internal_weight=20417 10327 4286 6041 1041 5248
internal_count=20417 10327 4286 6041 1041 5248
is_linear=0
shrinkage=0.05


Tree=174
num_leaves=7
num_cat=0
split_feature=44 46 44 35 47 36
split_gain=19.7615 37.7398 42.1327 60.828 52.1413 70.0212
threshold=0.080620508641004576 0.69900795817375194 0.066888868808746352 0.54769179224967968 0.65808573365211498 0.12871784716844561
decision_type=2 2 2 10 2 10
left_child=1 -1 3 -3 -4 -6
right_child=-2 2 4 -5 5 -7
leaf_value=0.00015270915644971926 -2.1339895882412563e-05 -0.00010749777615818436 0.00075909074810740374 0.00025586943438904994 0.00019901646248727948 -0.00015542400394835885
leaf_weight=97 15007 1697 120 496 2000 831
leaf_count=97 15007 1697 120 496 2000 831
internal_value=-2.34533e-05 0.00246378 0.00185958 -0.00337807 0.00575947 0.00434591
internal_weight=20248 5241 5144 2193 2951 2831
internal_count=20248 5241 5144 2193 2951 2831
is_linear=0
shrinkage=0.05


Tree=175
num_leaves=7
num_cat=0
split_feature=50 45 38 26 40 0
split_gain=20.0107 45.8643 39.1168 42.397 44.4727 33.954
threshold=-1.2438338994979856 0.12859395146369937 0.003939203917980195 -0.077981404960155473 0.11582326889038087 0.07643603160977365
decision_type=10 2 2 2 2 2
left_child=1 2 3 -1 -5 -3
right_child=-2 5 -4 4 -6 -7
leaf_value=0.00063707896170529408 -1.6010212796829359e-05 0.00045115853655707953 -0.00015540690071207602 6.6538856786652617e-05 -0.00067059325084641019 -1.2339665932496921e-05
leaf_weight=228 16536 648 1363 1145 128 303
leaf_count=228 16536 648 1363 1145 128 303
internal_value=-2.82472e-05 0.00320026 2.61415e-05 0.00559429 0.00197574 0.0126831
internal_weight=20351 3815 2864 1501 1273 951
internal_count=20351 3815 2864 1501 1273 951
is_linear=0
shrinkage=0.05


Tree=176
num_leaves=7
num_cat=0
split_feature=17 46 43 36 35 46
split_gain=15.7912 27.1477 40.488 33.6028 46.8637 26.1018
threshold=0.92499998211860668 1.1142522692680361 0.10701252147555353 -0.62848541140556324 -0.56424194574356068 0.73646843433380138
decision_type=2 2 2 8 10 2
left_child=-1 3 -3 4 -2 -5
right_child=1 2 -4 5 -6 -7
leaf_value=8.8969339842334888e-06 -5.1807904461062537e-05 0.00068269583195241276 -8.0017369261771622e-05 0.00043920767765776253 0.0015651012538117348 -0.00029966797786296117
leaf_weight=18231 295 156 372 74 73 1089
leaf_count=18231 295 156 372 74 73 1089
internal_value=-2.83321e-05 -0.00413033 0.00558161 -0.00750326 0.005563 -0.0116652
internal_weight=20290 2059 528 1531 368 1163
internal_count=20290 2059 528 1531 368 1163
is_linear=0
shrinkage=0.05


Tree=177
num_leaves=7
num_cat=0
split_feature=37 12 27 48 12 47
split_gain=13.8413 12.8871 12.3549 58.6824 62.9845 33.9723
threshold=-0.0096759740263223631 0.025703525170683864 0.066552676260471358 0.80840983986854564 0.14991958439350131 1.0115900635719302
decision_type=2 2 2 10 2 2
left_child=1 -1 -2 -4 5 -5
right_child=2 -3 3 4 -6 -7
leaf_value=-0.00034096243951210677 8.4860812878426525e-06 0.00017924818889980703 -0.00039788202295805138 0.00090300022357409906 -0.00060795127991965432 2.0114288022367225e-05
leaf_weight=281 18644 83 502 260 160 354
leaf_count=281 18644 83 502 260 160 354
internal_value=-5.29844e-05 -0.00968835 8.40652e-05 -0.00466432 0.00394737 0.0112682
internal_weight=20284 364 19920 1276 774 614
internal_count=20284 364 19920 1276 774 614
is_linear=0
shrinkage=0.05


Tree=178
num_leaves=7
num_cat=0
split_feature=11 47 45 31 13 44
split_gain=15.9235 28.2091 32.338 27.0631 36.7121 36.5964
threshold=-0.0054597528651356688 1.2694885134696963 0.11910872906446458 38.882844924926765 -0.023914572782814499 0.13493266701698306
decision_type=2 2 2 2 2 2
left_child=1 3 -3 5 -5 -1
right_child=-2 2 -4 4 -6 -7
leaf_value=6.4654750517433894e-05 -2.0003785003765989e-05 -0.00015639349904134482 0.00035425116734135798 -0.00019383221220327319 3.3657307126111672e-05 0.00078017116331666561
leaf_weight=748 13677 286 650 1299 3496 149
leaf_count=748 13677 286 650 1299 3496 149
internal_value=-0.000102166 0.00183552 0.00985654 0.000504652 -0.000984375 0.00845344
internal_weight=20305 6628 936 5692 4795 897
internal_count=20305 6628 936 5692 4795 897
is_linear=0
shrinkage=0.05


Tree=179
num_leaves=7
num_cat=0
split_feature=49 47 25 27 38 35
split_gain=14.1987 17.9048 16.8968 31.548 27.3342 38.6443
threshold=2.3669121265411381 1.2487985491752627 0.031422382220625884 0.060181418433785445 0.0065947459079325208 -0.68967264890670765
decision_type=10 2 2 2 2 8
left_child=2 -2 3 -1 5 -4
right_child=1 -3 4 -5 -6 -7
leaf_value=-2.7043668349943998e-06 -2.5592829720695939e-05 -0.00060780584573637622 -0.00014982296083264755 -0.00025624613971993773 -4.9432005564974822e-05 0.00035112217762582664
leaf_weight=17136 245 83 268 576 975 1029
leaf_count=17136 245 83 268 576 975 1029
internal_value=-1.35355e-05 -0.0104354 -2.37631e-05 -0.000546086 0.00402942 0.00877496
internal_weight=20312 328 19984 17712 2272 1297
internal_count=20312 328 19984 17712 2272 1297
is_linear=0
shrinkage=0.05


Tree=180
num_leaves=7
num_cat=0
split_feature=30 16 36 36 12 50
split_gain=14.3346 21.2088 25.8618 20.7777 44.667 39.2363
threshold=32.60229682922364 0.27500000596046453 0.12871784716844561 0.81429642438888561 -0.012332112994045017 0.47914569079875952
decision_type=2 2 8 8 2 8
left_child=1 -1 -3 -2 -5 -6
right_child=3 2 -4 4 5 -7
leaf_value=3.0851220168842284e-07 -2.2534131828473862e-05 0.00022949252719885166 -3.6232749158333474e-05 0.00035505363065935669 0.00029921233169928027 -0.00012469782652714274
leaf_weight=2205 15444 708 387 466 444 666
leaf_count=2205 15444 708 387 466 444 666
internal_value=-8.73309e-05 0.00280635 0.00847727 -0.000791483 0.00466477 -0.000784753
internal_weight=20320 3300 1095 17020 1576 1110
internal_count=20320 3300 1095 17020 1576 1110
is_linear=0
shrinkage=0.05


Tree=181
num_leaves=7
num_cat=0
split_feature=35 42 10 16 45 41
split_gain=16.8576 48.2887 38.0137 32.0985 28.5184 44.6475
threshold=0.54769179224967968 0.062462259083986289 -0.072402313351631151 0.92499998211860668 0.13505203276872638 0.089432440698146834
decision_type=8 2 2 2 2 2
left_child=-1 3 -3 -2 5 -4
right_child=1 2 4 -5 -6 -7
leaf_value=-1.3554942458133112e-05 0.00054173408866833406 0.00069955966085973281 5.2121446710793211e-05 -5.4718098756032323e-05 0.00060268119724066075 -0.00031860363951313227
leaf_weight=17814 296 85 1400 74 57 554
leaf_count=17814 296 85 1400 74 57 554
internal_value=-5.29948e-05 0.0036726 0.000702047 0.0202 -0.000706845 -0.00177386
internal_weight=20280 2466 2096 370 2011 1954
internal_count=20280 2466 2096 370 2011 1954
is_linear=0
shrinkage=0.05


Tree=182
num_leaves=7
num_cat=0
split_feature=39 48 0 35 39 46
split_gain=15.3873 36.7426 54.5985 45.2188 25.5491 42.058
threshold=0.061461536213755615 0.44928385317325598 0.0072725422214716682 0.54769179224967968 0.045398078858852393 1.2330791354179385
decision_type=2 8 2 10 2 2
left_child=4 2 -2 -3 -1 -6
right_child=1 3 -4 -5 5 -7
leaf_value=7.8355744856763953e-06 0.00065218308201295521 -0.00036165533090808778 -6.5999960445670445e-06 0.00045775518024843023 -0.00025459119650488775 0.00032562736889614892
leaf_weight=17420 311 195 360 99 1551 363
leaf_count=17420 311 195 360 99 1551 363
internal_value=4.3095e-05 0.00631443 0.0127589 -0.00827759 -0.000138322 -0.0056149
internal_weight=20299 965 671 294 19334 1914
internal_count=20299 965 671 294 19334 1914
is_linear=0
shrinkage=0.05


Tree=183
num_leaves=7
num_cat=0
split_feature=7 47 26 48 39 35
split_gain=17.9288 43.3122 65.6914 42.0965 63.0989 45.4371
threshold=0.66266503930091869 0.99842301011085521 -0.056696342304348939 -2.5599025487899776 0.02995458617806435 0.03935340233147145
decision_type=2 2 2 10 2 8
left_child=3 -2 -3 4 5 -1
right_child=1 2 -4 -5 -6 -7
leaf_value=-0.00051142117739550353 1.6374057089947386e-05 -0.00056504991115354679 -5.0613024019803207e-05 3.5028240085629821e-05 0.00018405955519045072 -2.6236311222313319e-05
leaf_weight=536 5078 661 2258 10792 389 556
leaf_count=536 5078 661 2258 10792 389 556
internal_value=-0.000102343 -0.0021026 -0.00695109 0.000938671 -0.00694818 -0.0131039
internal_weight=20270 7997 2919 12273 1481 1092
internal_count=20270 7997 2919 12273 1481 1092
is_linear=0
shrinkage=0.05


Tree=184
num_leaves=7
num_cat=0
split_feature=36 24 44 33 47 46
split_gain=16.8875 79.8322 35.0463 33.2127 26.2603 20.8273
threshold=-0.9269936978816985 0.0026044212281703953 0.12346175312995912 0.12944176048040393 0.79188778996467601 0.89553052186965953
decision_type=10 2 2 2 2 2
left_child=1 2 3 5 -3 -1
right_child=-2 4 -4 -5 -6 -7
leaf_value=-2.9418822999149647e-05 -5.9846038454379454e-06 -4.6371105060351824e-05 0.0009517748130580862 -0.00036642815886088573 -0.00047540794818839321 0.00037025653352599374
leaf_weight=141 19164 289 277 113 124 262
leaf_count=141 19164 289 277 113 124 262
internal_value=-5.27607e-05 0.00567713 0.0149436 0.00705374 -0.0120215 0.0137868
internal_weight=20370 1206 793 516 413 403
internal_count=20370 1206 793 516 413 403
is_linear=0
shrinkage=0.05


Tree=185
num_leaves=7
num_cat=0
split_feature=11 0 44 44 44 47
split_gain=15.2894 25.7472 47.5677 35.6079 36.1195 30.702
threshold=-0.0054597528651356688 0.016286486759781841 0.13054222613573077 0.098444141447544112 0.066888868808746352 1.2694885134696963
decision_type=2 2 2 2 2 2
left_child=1 3 -3 4 -1 -5
right_child=-2 2 -4 5 -6 -7
leaf_value=-0.0001314550545124439 -1.239295498498949e-05 5.0050907541063848e-05 0.00065094154470054307 -0.00012488973932889483 0.00018236373839034526 0.00055206418762223633
leaf_weight=450 13604 1678 465 2153 1685 203
leaf_count=450 13604 1678 465 2153 1685 203
internal_value=1.35849e-05 0.00212005 0.00662244 -2.78025e-05 0.00463785 -0.00426726
internal_weight=20238 6634 2143 4491 2135 2356
internal_count=20238 6634 2143 4491 2135 2356
is_linear=0
shrinkage=0.05


Tree=186
num_leaves=7
num_cat=0
split_feature=27 48 41 35 46 46
split_gain=12.3853 44.8675 66.0047 30.8455 27.6921 25.8946
threshold=0.066552676260471358 0.80840983986854564 0.12176669389009477 0.17948710173368457 1.152762830257416 1.2061432003974917
decision_type=2 10 2 10 2 2
left_child=-1 -2 3 5 -5 -3
right_child=1 2 -4 4 -6 -7
leaf_value=6.4601397406673831e-06 -0.00034591383584050612 0.0011032290464841634 -0.00045922371294366627 -0.00094857889584352723 0.00052649245118909058 8.6097895243855826e-05
leaf_weight=19037 522 250 252 84 56 135
leaf_count=19037 522 250 252 84 56 135
internal_value=-6.26813e-05 -0.0046204 0.00297315 0.013066 -0.00672414 0.0203205
internal_weight=20336 1299 777 525 140 385
internal_count=20336 1299 777 525 140 385
is_linear=0
shrinkage=0.05


Tree=187
num_leaves=7
num_cat=0
split_feature=17 29 42 44 38 10
split_gain=13.6608 27.6822 25.7737 19.5059 22.5749 19.3893
threshold=0.87500000000000011 0.088200334459543242 0.062462259083986289 0.065135478973388686 0.020976234227418903 0.11733907088637353
decision_type=2 2 2 2 2 2
left_child=1 -1 3 -2 -5 -3
right_child=2 5 -4 4 -6 -7
leaf_value=4.2860032880997604e-06 -0.00010346642802022545 0.00094196715820880406 -7.5005901385724434e-05 0.00066607251997379598 -7.7294244876365329e-05 5.3402438131641784e-06
leaf_weight=16999 61 146 2860 98 52 95
leaf_count=16999 61 146 2860 98 52 95
internal_value=-3.3225e-05 0.000520441 -0.00309655 0.0135417 0.0230645 0.0171748
internal_weight=20311 17240 3071 211 150 241
internal_count=20311 17240 3071 211 150 241
is_linear=0
shrinkage=0.05


Tree=188
num_leaves=7
num_cat=0
split_feature=10 24 43 15 44 40
split_gain=14.3011 31.6725 18.8939 22.835 13.2026 26.9398
threshold=-0.18460358679294583 -0.096812993288040147 0.14878887683153155 0.075000001117587103 0.16818986088037494 0.12415176257491113
decision_type=2 2 2 2 2 2
left_child=1 2 3 -1 -2 -6
right_child=4 -3 -4 -5 5 -7
leaf_value=-0.0012454831380882517 6.3275920001722814e-07 -0.0010312629852026272 0.00078838227473769821 0.00033687439041645999 0.00060566528615351117 -0.00023657142024511083
leaf_weight=71 19775 78 100 71 158 91
leaf_count=71 19775 78 100 71 158 91
internal_value=-7.73994e-05 -0.0103846 -0.00111336 -0.0127551 0.000188477 0.0115157
internal_weight=20344 320 242 142 20024 249
internal_count=20344 320 242 142 20024 249
is_linear=0
shrinkage=0.05


Tree=189
num_leaves=7
num_cat=0
split_feature=27 48 41 22 19 35
split_gain=18.2411 50.1114 59.2388 29.3394 28.1522 24.7538
threshold=0.066552676260471358 0.80840983986854564 0.11707798019051553 0.52500000596046459 0.62500000000000011 -0.83558541536331166
decision_type=2 10 2 2 2 10
left_child=5 -2 3 -3 -5 -1
right_child=1 2 -4 4 -6 -7
leaf_value=0.00017489225051257233 -0.00034008723434250345 -8.9209637757965612e-05 -0.00038546517571439143 -0.00082343386724466588 0.00092174812806887225 -3.8613283828817609e-06
leaf_weight=822 502 136 306 50 282 18268
leaf_count=822 502 136 306 50 282 18268
internal_value=-0.000106769 -0.00606948 0.00189345 0.013055 0.0209941 9.29563e-05
internal_weight=20366 1276 774 468 332 19090
internal_count=20366 1276 774 468 332 19090
is_linear=0
shrinkage=0.05


Tree=190
num_leaves=7
num_cat=0
split_feature=26 36 46 29 32 36
split_gain=12.2403 46.0786 39.0687 49.4638 38.0808 32.3286
threshold=0.091780338436365141 -0.098513036966323839 1.2061432003974917 0.066092118620872511 0.67940169572830211 -1.0000000180025095e-35
decision_type=2 8 2 2 2 8
left_child=4 2 3 -2 -1 -3
right_child=1 5 -4 -5 -6 -7
leaf_value=-1.4616141670669402e-07 0.00014098014061254984 -0.00047858824484459193 -0.00041515157317586728 0.00095703857371392306 -0.00017602710917466458 1.4712001535020049e-05
leaf_weight=15102 484 237 113 403 1284 2721
leaf_count=15102 484 237 113 403 1284 2721
internal_value=-0.000121628 0.00236563 0.0116169 0.0151626 -0.000730584 -0.000767803
internal_weight=20344 3958 1000 887 16386 2958
internal_count=20344 3958 1000 887 16386 2958
is_linear=0
shrinkage=0.05


Tree=191
num_leaves=7
num_cat=0
split_feature=35 12 3 36 43 47
split_gain=15.6131 59.0404 51.8434 29.0673 18.9993 17.4759
threshold=-0.83558541536331166 0.019359848462045196 0.006920015439391137 -0.77976873517036427 0.080924414098262801 1.2964434623718264
decision_type=10 2 2 10 2 2
left_child=1 2 -1 5 -3 -4
right_child=-2 4 3 -5 -6 -7
leaf_value=-0.00050147453734361699 -1.0958062473391046e-05 0.00012553614868150679 0.00028913729991050053 0.00075419293533535376 -0.00039304406340958634 -0.00089815237680850003
leaf_weight=80 19518 61 406 122 134 52
leaf_count=80 19518 61 406 122 134 52
internal_value=-8.71037e-05 0.00619186 0.0133459 0.0185897 -0.017625 0.012473
internal_weight=20373 855 660 580 195 458
internal_count=20373 855 660 580 195 458
is_linear=0
shrinkage=0.05


Tree=192
num_leaves=7
num_cat=0
split_feature=21 50 22 26 9 29
split_gain=16.2155 38.7771 53.9946 37.2885 36.9211 30.4838
threshold=0.17500000447034839 -0.38955739140510554 0.075000001117587103 0.0078082873951643714 -0.055913036689162247 -0.0063023029360920182
decision_type=2 8 2 2 2 2
left_child=1 2 -1 4 -4 -3
right_child=-2 5 3 -5 -6 -7
leaf_value=0.00011892301967968247 5.764194549849177e-06 -0.00019614717937036123 0.00026486820115567022 0.00011542328632723706 -0.0006065392521080365 -5.4687117386696934e-05
leaf_weight=329 17282 312 79 387 256 1673
leaf_count=329 17282 312 79 387 256 1673
internal_value=-4.30547e-05 -0.00364189 0.00409564 -0.00354195 -0.0156618 -0.00775126
internal_weight=20318 3036 1051 722 335 1985
internal_count=20318 3036 1051 722 335 1985
is_linear=0
shrinkage=0.05


Tree=193
num_leaves=7
num_cat=0
split_feature=4 47 45 46 0 40
split_gain=13.4825 56.2793 33.7524 33.7326 32.1519 26.6312
threshold=0.63913801312446605 1.1666057705879214 0.080234024673700347 0.88927435874938976 0.0072725422214716682 0.099370229989290251
decision_type=2 2 2 2 2 2
left_child=-1 2 4 -4 -2 -5
right_child=1 -3 3 5 -6 -7
leaf_value=1.5444886212569915e-05 -6.9233441357812125e-06 -0.00034953476216857226 -0.00010755162202468324 0.00039514477711182134 -0.00025649519897608314 3.5579576735432929e-05
leaf_weight=16200 908 690 620 852 400 739
leaf_count=16200 908 690 620 852 400 739
internal_value=-1.83697e-05 -0.00221286 0.000347616 0.00411778 -0.00599772 0.00797306
internal_weight=20409 4209 3519 2211 1308 1591
internal_count=20409 4209 3519 2211 1308 1591
is_linear=0
shrinkage=0.05


Tree=194
num_leaves=7
num_cat=0
split_feature=48 27 10 39 1 46
split_gain=18.4292 39.1135 33.307 29.8769 29.0192 35.7614
threshold=0.18401905149221423 0.060181418433785445 0.19685406237840655 -0.047239122912287705 -0.10258127748966216 0.87594845890998851
decision_type=10 2 2 2 2 2
left_child=1 -1 3 -2 5 -5
right_child=2 -3 -4 4 -6 -7
leaf_value=-8.977364043045533e-06 -0.00062589505697467445 -0.00024475330976805843 -0.0003145292357910924 -0.00022566624608687691 5.3604868944118791e-05 0.00094543792576078111
leaf_weight=12434 113 509 292 83 6712 224
leaf_count=12434 113 509 292 83 6712 224
internal_value=-7.7312e-05 -0.00112179 0.00200229 0.0026867 0.0031072 0.0180288
internal_weight=20367 12943 7424 7132 7019 307
internal_count=20367 12943 7424 7132 7019 307
is_linear=0
shrinkage=0.05


Tree=195
num_leaves=7
num_cat=0
split_feature=26 44 2 0 44 35
split_gain=18.2248 26.2957 39.6007 35.1476 50.835 52.3984
threshold=0.098982293158769621 0.080620508641004576 0.0046939866151660689 -0.00948870414867997 0.13054222613573077 -0.56424194574356068
decision_type=2 2 2 2 2 10
left_child=1 -1 -3 -4 -5 -6
right_child=-2 2 3 4 5 -7
leaf_value=3.1549092156524442e-05 5.7396358542085857e-05 -8.7571579649762182e-05 -0.00013038124718053743 -4.037938163232565e-05 0.00050979045429609996 4.2169486681598209e-05
leaf_weight=4783 3601 151 4008 5832 594 1254
leaf_count=4783 3601 151 4008 5832 594 1254
internal_value=-7.29187e-05 -0.000780357 -0.00204534 -0.00170829 0.000270007 0.00748786
internal_weight=20223 16622 11839 11688 7680 1848
internal_count=20223 16622 11839 11688 7680 1848
is_linear=0
shrinkage=0.05


Tree=196
num_leaves=7
num_cat=0
split_feature=44 42 49 44 22 44
split_gain=15.1726 37.4954 40.2299 38.3842 35.665 39.465
threshold=0.083516556769609465 0.098948687314987196 0.76159560680389415 0.066888868808746352 0.32500000298023229 0.076764691621065154
decision_type=2 2 10 2 2 2
left_child=1 2 3 -1 5 -4
right_child=-2 -3 4 -5 -6 -7
leaf_value=-4.7533493005154767e-06 -1.3823610578573144e-05 -0.00054617265646241463 -9.953128320626983e-05 0.00018513321963789932 8.60607478048555e-05 -0.00046301335272571633
leaf_weight=1781 14371 55 645 2515 666 180
leaf_count=1781 14371 55 645 2515 666 180
internal_value=-5.81165e-05 0.00221909 0.00262863 0.00508603 -0.00442848 -0.0113554
internal_weight=20213 5842 5787 4296 1491 825
internal_count=20213 5842 5787 4296 1491 825
is_linear=0
shrinkage=0.05


Tree=197
num_leaves=7
num_cat=0
split_feature=22 50 3 39 22 44
split_gain=17.2186 48.9083 57.4517 46.9266 48.1767 41.0287
threshold=0.17500000447034839 -0.38955739140510554 0.0063182320445775994 -0.003965491894632577 0.075000001117587103 0.13254270702600482
decision_type=2 8 2 2 2 2
left_child=1 3 5 -1 -5 -3
right_child=-2 2 -4 4 -6 -7
leaf_value=0.00020538038068787642 1.186767553246343e-05 7.6323480198035738e-06 -0.0003602217624869233 8.7669212971211159e-05 -0.00025055402389912839 -0.0001273385674411154
leaf_weight=454 17178 1038 715 215 502 64
leaf_count=454 17178 1038 715 215 502 64
internal_value=-2.85063e-05 -0.00349983 -0.00863063 0.00444303 -0.00349723 -0.00142276
internal_weight=20166 2988 1817 1171 717 1102
internal_count=20166 2988 1817 1171 717 1102
is_linear=0
shrinkage=0.05


Tree=198
num_leaves=7
num_cat=0
split_feature=47 15 32 49 40 9
split_gain=11.5643 33.2115 50.9284 29.8267 26.5915 47.3722
threshold=0.6304403841495515 0.42499999701976782 0.72664552927017223 -0.2096012011170387 0.052495980635285384 -0.012576463632285593
decision_type=2 2 2 10 2 2
left_child=1 3 4 -1 5 -3
right_child=-2 2 -4 -5 -6 -7
leaf_value=0.00015125999457136675 -8.8249236748390303e-06 -0.00026038531728723318 -0.00027476173089706921 -6.6547814975897868e-05 0.00064246703059683797 8.5199742789170187e-05
leaf_weight=52 19664 54 88 115 214 157
leaf_count=52 19664 54 88 115 214 157
internal_value=-3.68568e-06 0.00609489 0.0124035 -0.012936 0.019593 0.00659722
internal_weight=20344 680 513 167 425 211
internal_count=20344 680 513 167 425 211
is_linear=0
shrinkage=0.05


Tree=199
num_leaves=7
num_cat=0
split_feature=35 35 44 35 35 26
split_gain=13.1339 32.4585 35.5584 43.9836 63.5535 61.3832
threshold=0.4778112024068833 0.25287304818630224 0.062993790954351439 -0.49827945232391352 -0.071040339767932878 -0.026530922390520569
decision_type=8 10 2 10 10 2
left_child=1 2 3 -1 -5 -6
right_child=-2 -3 -4 4 5 -7
leaf_value=-0.00051741029157127911 3.4770255315014404e-05 -9.6621095344607855e-05 9.1719928556212492e-06 0.00046535871583765507 -0.00054895599002739877 8.5076749205622905e-06
leaf_weight=295 3100 1935 14279 171 135 307
leaf_count=295 3100 1935 14279 171 135 307
internal_value=-4.3259e-05 -0.000932738 -0.000153041 -0.0097207 -0.0019822 -0.0120246
internal_weight=20222 17122 15187 908 613 442
internal_count=20222 17122 15187 908 613 442
is_linear=0
shrinkage=0.05


Tree=200
num_leaves=7
num_cat=0
split_feature=26 12 21 39 39 46
split_gain=14.673 30.4738 30.9028 25.0123 45.5822 49.2214
threshold=0.091780338436365141 0.051927413791418083 0.52500000596046459 -0.025288160890340802 0.010844707954674961 0.88231807947158825
decision_type=2 2 2 2 2 2
left_child=1 -1 -3 -2 -5 -6
right_child=3 2 -4 4 5 -7
leaf_value=-5.2616064543580786e-06 -0.00014530425783186758 4.1234707240138732e-05 -0.00056247334562675223 0.00023621773110104813 -0.00038442096399905653 5.1960593662992623e-05
leaf_weight=15786 403 259 395 1656 311 1583
leaf_count=15786 403 259 395 1656 311 1583
internal_value=-7.72135e-05 -0.000807236 -0.0113429 0.00258338 0.00393108 -0.00135598
internal_weight=20393 16440 654 3953 3550 1894
internal_count=20393 16440 654 3953 3550 1894
is_linear=0
shrinkage=0.05


Tree=201
num_leaves=7
num_cat=0
split_feature=21 36 27 26 12 3
split_gain=15.6552 30.2611 27.6949 30.3166 28.8884 41.0679
threshold=0.17500000447034839 0.57727503776550304 0.012117984239012005 0.01151451747864485 -0.058631643652915948 0.0063182320445775994
decision_type=2 10 2 2 2 2
left_child=1 2 3 4 -1 -6
right_child=-2 -3 -4 -5 5 -7
leaf_value=0.00023712367275186393 1.118094540117293e-05 5.174855896807073e-05 -0.00028688733217337533 9.0045508936848105e-05 -9.13763834314049e-06 -0.00048677542128480354
leaf_weight=125 17215 732 461 562 701 464
leaf_count=125 17215 732 461 562 701 464
internal_value=-6.29164e-05 -0.00328689 -0.00609362 -0.00332526 -0.00754826 -0.0100214
internal_weight=20260 3045 2313 1852 1290 1165
internal_count=20260 3045 2313 1852 1290 1165
is_linear=0
shrinkage=0.05


Tree=202
num_leaves=7
num_cat=0
split_feature=26 0 21 21 44 35
split_gain=15.6286 30.021 42.3948 30.3327 34.4324 46.7159
threshold=0.091780338436365141 -0.058953689411282532 0.57500001788139354 0.52500000596046459 0.083516556769609465 1.0000000180025095e-35
decision_type=2 2 2 2 2 8
left_child=1 2 -1 4 -3 -6
right_child=-2 3 -4 -5 5 -7
leaf_value=0.00021145820730599803 5.1926333637989324e-05 7.2783211552312875e-06 -0.00056242344505183148 4.8906640087112907e-05 -0.00025189161194039258 -1.1805860753310607e-05
leaf_weight=193 3887 4461 479 6853 1894 2466
leaf_count=193 3887 4461 479 6853 1894 2466
internal_value=-4.32355e-05 -0.00102593 -0.0113368 -0.0005788 -0.00251813 -0.00567583
internal_weight=20233 16346 672 15674 8821 4360
internal_count=20233 16346 672 15674 8821 4360
is_linear=0
shrinkage=0.05


Tree=203
num_leaves=7
num_cat=0
split_feature=36 10 47 41 50 47
split_gain=13.8683 45.0983 30.188 46.9072 37.2273 30.9592
threshold=0.69269269704818737 -0.072402313351631151 0.85343831777572643 0.08785628899931909 -0.49705690145492548 0.77548065781593334
decision_type=8 2 2 2 8 2
left_child=-1 -2 5 4 -4 -3
right_child=1 2 3 -5 -6 -7
leaf_value=-1.454394027620869e-05 0.0006354365713489153 3.2992124538929677e-05 0.0005402581462128198 -7.2259514376347289e-05 0.00016271331549584048 -0.0001995087619094698
leaf_weight=17545 210 703 187 554 518 551
leaf_count=17545 210 703 187 554 518 551
internal_value=-8.26222e-05 0.00301503 0.00112192 0.00658623 0.0151056 -0.00434869
internal_weight=20268 2723 2513 1259 705 1254
internal_count=20268 2723 2513 1259 705 1254
is_linear=0
shrinkage=0.05


Tree=204
num_leaves=7
num_cat=0
split_feature=21 50 38 18 30 41
split_gain=14.3778 26.2464 27.5357 21.2838 18.439 23.2508
threshold=0.17500000447034839 -0.38955739140510554 -0.019054358825087544 0.42499999701976782 35.676717758178718 0.050334488973021514
decision_type=2 8 2 2 2 2
left_child=1 2 -1 4 -4 -6
right_child=-2 -3 3 -5 5 -7
leaf_value=0.00042223722180018559 1.1654439665038784e-05 -5.9164914947019262e-05 2.0882735988201557e-05 0.00012244123271427866 1.5606072886883462e-05 -0.00045470648621414884
leaf_weight=130 17252 1994 259 418 113 148
leaf_count=130 17252 1994 259 418 113 148
internal_value=-3.32201e-05 -0.00315455 0.00314539 7.95334e-05 -0.00661905 -0.0158835
internal_weight=20314 3062 1068 938 520 261
internal_count=20314 3062 1068 938 520 261
is_linear=0
shrinkage=0.05


Tree=205
num_leaves=7
num_cat=0
split_feature=44 49 44 42 33 1
split_gain=17.8383 31.1033 28.6479 37.4123 35.9023 45.3108
threshold=0.065135478973388686 1.1565649509429934 0.083516556769609465 0.098948687314987196 -0.14035467803478238 -0.023535431362688538
decision_type=2 10 2 2 2 2
left_child=1 -1 3 4 5 -2
right_child=2 -3 -4 -5 -6 -7
leaf_value=-2.2471785634682617e-05 -0.00027670837722490688 -0.00028652208280857807 -8.2498639659047811e-06 -0.0004854042275444762 4.2654319391937338e-05 0.00033943559260757685
leaf_weight=1747 191 201 14484 57 2900 830
leaf_count=1747 191 201 14484 57 2900 830
internal_value=-9.67426e-05 -0.00454429 0.000480587 0.00423676 0.0048459 0.0128899
internal_weight=20410 1948 18462 3978 3921 1021
internal_count=20410 1948 18462 3978 3921 1021
is_linear=0
shrinkage=0.05


Tree=206
num_leaves=7
num_cat=0
split_feature=47 32 22 35 26 37
split_gain=16.2984 32.5098 34.4582 35.1701 19.8469 16.922
threshold=0.6304403841495515 0.82473072409629833 0.075000001117587103 0.4778112024068833 -0.038174100220203393 -0.0096759740263223631
decision_type=2 2 2 8 2 2
left_child=1 2 3 -1 -5 -2
right_child=5 -3 -4 4 -6 -7
leaf_value=4.0800759594928273e-05 -0.00026062360990553236 -0.00036290043125313188 0.00067606771822354382 -0.00010321933232299848 3.3930021711553992e-07 -7.7728207817844095e-06
leaf_weight=166 338 56 309 71 63 19346
leaf_count=166 338 56 309 71 63 19346
internal_value=-5.28152e-05 0.00735075 0.0107899 -0.00122951 -0.019964 -0.000577734
internal_weight=20349 665 609 300 134 19684
internal_count=20349 665 609 300 134 19684
is_linear=0
shrinkage=0.05


Tree=207
num_leaves=7
num_cat=0
split_feature=42 44 41 41 1 43
split_gain=18.1751 58.4205 63.0478 45.2399 44.2902 41.731
threshold=0.11209433525800706 0.097418718039989485 0.08785628899931909 0.10873907804489137 -0.035831898450851433 0.082136150449514403
decision_type=2 2 2 2 2 2
left_child=3 -2 4 -1 -3 -4
right_child=1 2 5 -5 -6 -7
leaf_value=-3.3981794655853153e-06 0.00067890826838201126 -0.00013286676475336069 0.00050578794536706745 -0.00031755277315208334 0.00094799041197531639 -1.3199129970972463e-05
leaf_weight=12373 270 71 155 1000 266 6057
leaf_count=12373 270 71 155 1000 266 6057
internal_value=-8.29331e-05 0.00205525 0.00110238 -0.00111564 0.0220029 -4.42336e-05
internal_weight=20192 6819 6549 13373 337 6212
internal_count=20192 6819 6549 13373 337 6212
is_linear=0
shrinkage=0.05


Tree=208
num_leaves=7
num_cat=0
split_feature=1 10 36 46 36 17
split_gain=13.9143 31.8143 36.6799 37.4061 34.5561 25.9071
threshold=-0.088295049965381608 0.17552861571311953 -0.2729909867048263 0.88927435874938976 -1.0000000180025095e-35 0.42499999701976782
decision_type=2 2 10 2 10 2
left_child=1 2 -1 5 -3 -4
right_child=-2 4 3 -5 -6 -7
leaf_value=-5.0327332550361761e-05 -8.2134410104401915e-06 -0.00066238650850471256 0.00057483814586793778 0.0008844348809441808 8.5046165772498632e-05 -0.00024688318477579562
leaf_weight=228 19342 103 62 261 258 67
leaf_count=228 19342 103 62 261 258 67
internal_value=-6.76473e-05 0.00561484 0.0124799 0.0217089 -0.00607923 -0.000186567
internal_weight=20321 979 618 390 361 129
internal_count=20321 979 618 390 361 129
is_linear=0
shrinkage=0.05


Tree=209
num_leaves=7
num_cat=0
split_feature=36 10 5 26 44 46
split_gain=12.3093 59.3577 27.6135 36.825 36.2714 32.407
threshold=0.86140617728233349 -0.072402313351631151 0.72009101510047924 0.12906383723020556 0.1522067189216614 0.87594845890998851
decision_type=8 2 2 2 2 2
left_child=-1 -2 3 4 5 -3
right_child=1 2 -4 -5 -6 -7
leaf_value=-8.3340297252817302e-06 0.00090100156342707248 -0.00014855020157154798 -0.00038178437093317727 0.001059675111396309 0.001119716800126995 7.3769381252396357e-05
leaf_weight=18860 186 380 158 70 70 645
leaf_count=18860 186 380 158 70 70 645
internal_value=-0.000126387 0.00417768 0.000395331 0.00309829 0.00075 -0.00167476
internal_weight=20369 1509 1323 1165 1095 1025
internal_count=20369 1509 1323 1165 1095 1025
is_linear=0
shrinkage=0.05


Tree=210
num_leaves=7
num_cat=0
split_feature=39 10 48 38 12 50
split_gain=13.9994 35.3479 27.7943 23.6019 21.0691 20.2652
threshold=0.061461536213755615 0.0071534493472427138 0.59275412559509288 0.038885843008756645 0.061013195663690574 -0.38955739140510554
decision_type=2 2 8 2 2 10
left_child=-1 2 5 4 -3 -2
right_child=1 3 -4 -5 -6 -7
leaf_value=-4.0791001168676146e-06 -5.3979776245717301e-05 0.00082336179748506181 -0.00058141872488242004 -0.00016507144757111239 3.954742508442118e-05 0.00018206963111731323
leaf_weight=19299 250 319 85 60 131 104
leaf_count=19299 250 319 85 60 131 104
internal_value=-3.82659e-05 0.00600105 -0.00433559 0.0149029 0.0188462 0.00188022
internal_weight=20248 949 439 510 450 354
internal_count=20248 949 439 510 450 354
is_linear=0
shrinkage=0.05


Tree=211
num_leaves=7
num_cat=0
split_feature=10 0 2 35 36 35
split_gain=12.8111 35.357 35.2687 33.3365 45.0163 38.028
threshold=0.080756794661283507 -0.053574968129396432 0.007476573809981347 -0.78794619441032399 -0.12262367829680441 -0.18375066667795178
decision_type=2 2 2 10 8 10
left_child=1 2 -1 -2 -5 -6
right_child=3 -3 -4 4 5 -7
leaf_value=0.00030436370171462579 -0.0006792140291381765 -3.611333328170383e-06 -0.00036370788085999145 0.00040585134858515145 -0.00030815917100859033 4.7028157352607606e-05
leaf_weight=71 140 15250 717 849 328 2867
leaf_count=71 140 15250 717 849 328 2867
internal_value=-3.70792e-06 -0.000771364 -0.0110656 0.00233349 0.0031798 0.000445312
internal_weight=20222 16038 788 4184 4044 3195
internal_count=20222 16038 788 4184 4044 3195
is_linear=0
shrinkage=0.05


Tree=212
num_leaves=7
num_cat=0
split_feature=23 45 48 39 38 47
split_gain=12.1857 28.99 31.1137 56.9334 27.6068 28.9083
threshold=-0.0060951425693929187 0.11910872906446458 -2.2813094854354854 0.036337237805128104 0.023353855125606063 1.1835272908210757
decision_type=2 2 10 2 2 2
left_child=1 -1 3 -3 -2 -6
right_child=4 2 -4 -5 5 -7
leaf_value=-3.4051687734457711e-06 1.8358697263421917e-06 -0.00055370399843201275 0.00027040594918987512 0.00083842094241895731 -5.0077875643441438e-05 -0.00046040923272304971
leaf_weight=4997 11584 202 1700 72 1287 469
leaf_count=4997 11584 202 1700 72 1287 469
internal_value=2.83028e-05 0.00183845 0.00696059 -0.00851254 -0.000739978 -0.00657297
internal_weight=20311 6971 1974 274 13340 1756
internal_count=20311 6971 1974 274 13340 1756
is_linear=0
shrinkage=0.05


Tree=213
num_leaves=7
num_cat=0
split_feature=26 43 42 22 39 44
split_gain=12.6306 27.5364 31.5759 45.6405 25.8919 55.718
threshold=0.098982293158769621 0.071600269526243224 0.083824396133422865 0.72499999403953563 0.010844707954674961 0.095416579395532622
decision_type=2 2 2 2 2 2
left_child=-1 2 -2 -4 -3 -6
right_child=1 4 3 -5 5 -7
leaf_value=-9.8767636707957457e-06 -0.00042086149500675886 0.00017628108276106409 0.00068063463568701014 -0.00031571723646815514 0.00035773895266206113 -0.00014549038228632935
leaf_weight=16684 248 1562 85 59 444 1208
leaf_count=16684 248 1562 85 59 444 1208
internal_value=-1.35501e-05 0.00265162 -0.00976071 0.00855705 0.00418608 -0.000165963
internal_weight=20290 3606 392 144 3214 1652
internal_count=20290 3606 392 144 3214 1652
is_linear=0
shrinkage=0.05


Tree=214
num_leaves=7
num_cat=0
split_feature=47 32 43 26 30 47
split_gain=20.8946 39.2749 38.8412 32.4383 17.6359 15.823
threshold=0.6304403841495515 0.72664552927017223 0.049419974908232696 -0.05159406550228595 64.500595092773452 0.69640472531318676
decision_type=2 2 2 2 2 2
left_child=1 2 3 -1 -4 -2
right_child=5 -3 4 -5 -6 -7
leaf_value=-0.00014608535305532457 -7.2312307828608776e-05 -0.00022979499776858625 0.00081878819169007113 1.6636440449248001e-05 0.00022810650652641914 1.7019666000752874e-06
leaf_weight=50 975 86 200 233 81 18640
leaf_count=50 975 86 200 233 81 18640
internal_value=-1.85002e-05 0.00881679 0.0136643 0.000434028 0.0266608 -0.000261213
internal_weight=20265 650 564 283 281 19615
internal_count=20265 650 564 283 281 19615
is_linear=0
shrinkage=0.05


Tree=215
num_leaves=7
num_cat=0
split_feature=48 47 39 42 35 36
split_gain=16.4911 33.9152 41.5343 62.8805 50.3238 60.4988
threshold=0.18401905149221423 0.97308355569839489 0.012268618214875461 0.12795344740152362 -0.68967264890670765 -0.62848541140556324
decision_type=10 2 2 2 10 10
left_child=-1 2 4 -4 -2 -6
right_child=1 -3 3 -5 5 -7
leaf_value=-1.8636291508724778e-05 -8.9798143455877704e-06 -3.8691041502943781e-05 -0.00011986346731745848 0.00080064957168579165 0.0012592074015194692 0.00023541919920119791
leaf_weight=12849 952 3358 1164 235 297 1403
leaf_count=12849 952 3358 1164 235 297 1403
internal_value=-6.29226e-05 0.00193216 0.00501109 -0.00194088 0.00868461 0.013827
internal_weight=20258 7409 4051 1399 2652 1700
internal_count=20258 7409 4051 1399 2652 1700
is_linear=0
shrinkage=0.05


Tree=216
num_leaves=7
num_cat=0
split_feature=39 46 46 39 48 36
split_gain=16.1393 35.0553 24.5851 37.0547 29.8906 38.4714
threshold=0.061461536213755615 0.93054738640785228 1.1684044599533083 0.045398078858852393 0.80840983986854564 0.20674330741167071
decision_type=2 2 2 2 8 10
left_child=2 -2 3 -1 -5 -6
right_child=1 -3 -4 4 5 -7
leaf_value=1.4700950246158193e-05 -0.00039517840167386988 0.00020123543484946326 -0.00012621325364300657 -0.00041113799451375933 0.00047438348844486939 -0.00041530474040814671
leaf_weight=15670 153 807 2243 913 254 232
leaf_count=15670 153 807 2243 913 254 232
internal_value=-6.78108e-05 0.00619171 -0.000433556 0.000212311 -0.00756766 0.00239308
internal_weight=20272 960 19312 17069 1399 486
internal_count=20272 960 19312 17069 1399 486
is_linear=0
shrinkage=0.05


Tree=217
num_leaves=7
num_cat=0
split_feature=39 26 29 20 36 35
split_gain=17.6045 38.9619 37.951 30.844 47.4022 35.4209
threshold=-0.01522282464429736 -0.1150783523917198 -0.060672231018543236 0.37500000000000006 -0.23752783983945844 -0.46112549304962153
decision_type=2 2 2 2 8 10
left_child=1 2 -1 4 -3 -5
right_child=-2 3 -4 5 -6 -7
leaf_value=0.0001099868544454993 1.4998057809958392e-05 0.00055199611155069459 -0.00068151978927109532 4.0839606479855404e-05 2.4162934089188841e-05 -0.00017024403701384951
leaf_weight=105 16265 130 259 1011 1081 1421
leaf_count=105 16265 130 259 1011 1081 1421
internal_value=-3.82206e-05 -0.00287263 -0.0183604 -0.00129523 0.00520148 -0.00454452
internal_weight=20272 4007 364 3643 1211 2432
internal_count=20272 4007 364 3643 1211 2432
is_linear=0
shrinkage=0.05


Tree=218
num_leaves=7
num_cat=0
split_feature=48 39 26 39 44 39
split_gain=12.2196 31.156 35.0463 49.9718 33.902 43.5885
threshold=-0.2361374422907829 -0.047239122912287705 0.15751183778047564 0.0094885872676968592 0.12000794708728792 -0.027100019156932827
decision_type=10 2 2 2 2 2
left_child=1 -1 -3 4 -4 -6
right_child=-2 2 3 -5 5 -7
leaf_value=0.00044894204265253116 2.3072910391045752e-05 -4.1103123900432966e-05 2.5057232079795117e-05 -0.00017027550256378478 0.00014889203177609353 0.00077004789350050822
leaf_weight=196 9565 9796 209 279 108 181
leaf_count=196 9565 9796 209 279 108 181
internal_value=-0.000106937 -0.00120893 -0.00158111 0.00859974 0.0180417 0.0289966
internal_weight=20334 10769 10573 777 498 289
internal_count=20334 10769 10573 777 498 289
is_linear=0
shrinkage=0.05


Tree=219
num_leaves=7
num_cat=0
split_feature=11 9 21 46 32 47
split_gain=15.6918 24.215 26.5092 22.7352 31.4441 25.4813
threshold=-0.0054597528651356688 -0.02040715608745813 0.97499999403953563 0.83067864179611217 0.56103327870368969 0.95187091827392589
decision_type=2 2 2 2 2 2
left_child=3 2 -2 4 5 -1
right_child=1 -3 -4 -5 -6 -7
leaf_value=1.850571908806855e-05 -0.00010449924126811988 9.0389968251985606e-06 0.0002304152798206287 1.9929307950108896e-05 -0.00040711672395939125 0.00037490652059870623
leaf_weight=293 4814 8695 299 5738 90 479
leaf_count=293 4814 8695 299 5738 90 479
internal_value=-2.81683e-05 -0.000968291 -0.00369773 0.0019947 0.00954441 0.0128378
internal_weight=20408 13808 5113 6600 862 772
internal_count=20408 13808 5113 6600 862 772
is_linear=0
shrinkage=0.05


Tree=220
num_leaves=7
num_cat=0
split_feature=33 36 3 27 0 26
split_gain=12.9931 18.6117 29.4942 16.6898 17.2643 37.0452
threshold=0.64932528138160717 -0.52165156602859486 0.0092305457219481486 0.1005651392042637 -0.099042512476444231 0.06054447032511235
decision_type=2 8 2 2 2 2
left_child=3 -2 -3 4 5 -1
right_child=1 2 -4 -5 -6 -7
leaf_value=-0.00041252666362091487 0.0012928836223411149 0.00014666842565610165 -0.00046419586532622586 -0.00036891395124035603 -1.1278507466202734e-05 0.00086891968896715514
leaf_weight=61 81 195 57 253 19385 189
leaf_count=61 81 195 57 253 19385 189
internal_value=-9.27025e-05 0.00924556 0.00223735 -0.000637159 -0.000469705 0.012451
internal_weight=20221 333 252 19888 19635 250
internal_count=20221 333 252 19888 19635 250
is_linear=0
shrinkage=0.05


Tree=221
num_leaves=7
num_cat=0
split_feature=33 38 27 48 12 26
split_gain=14.8394 18.163 16.2078 25.6682 26.2351 32.2762
threshold=0.64932528138160717 0.0057568787597119817 0.066552676260471358 0.80840983986854564 0.12387423962354661 0.11730950698256494
decision_type=2 2 2 8 2 2
left_child=2 -2 -1 -4 5 -5
right_child=1 -3 3 4 -6 -7
leaf_value=-3.6478943408639131e-08 0.00076966684725886041 6.9413376307248326e-06 -0.00044465811166587512 -4.3691375927353698e-05 -0.00035208868851576954 0.0008114667294132228
leaf_weight=18920 128 190 272 414 282 158
leaf_count=18920 128 190 272 414 282 158
internal_value=-9.69611e-05 0.0104489 -0.00035285 -0.00616711 -0.00183353 0.00428943
internal_weight=20364 318 20046 1126 854 572
internal_count=20364 318 20046 1126 854 572
is_linear=0
shrinkage=0.05


Tree=222
num_leaves=7
num_cat=0
split_feature=1 26 10 46 44 15
split_gain=15.6641 26.5516 27.7678 29.3439 22.5687 19.5249
threshold=-0.088295049965381608 0.26827672123909002 -0.031185240484774109 0.90152427554130565 0.12527605891227725 0.92499998211860668
decision_type=2 2 2 2 2 2
left_child=1 2 -1 -4 -3 -2
right_child=5 4 3 -5 -6 -7
leaf_value=-0.00013249908071432038 1.2708728866181658e-06 -0.0015161951475979605 -7.379150112228736e-06 0.00059314305458270746 4.8212281068718035e-05 -0.00014271440757889745
leaf_weight=101 17740 52 242 482 88 1548
leaf_count=101 17740 52 242 482 88 1548
internal_value=-8.26834e-05 0.00610825 0.00954819 0.0129973 -0.0136207 -0.000402996
internal_weight=20253 965 825 724 140 19288
internal_count=20253 965 825 724 140 19288
is_linear=0
shrinkage=0.05


Tree=223
num_leaves=7
num_cat=0
split_feature=23 41 10 13 42 41
split_gain=16.4731 28.5761 38.2884 32.347 31.211 41.587
threshold=0.0019470364204607906 0.15545155107975009 -0.039578380063176148 0.015086762607097627 0.11209433525800706 0.10873907804489137
decision_type=2 2 2 2 2 2
left_child=-1 4 -3 -4 5 -2
right_child=1 2 3 -5 -6 -7
leaf_value=2.1038861967124763e-05 -3.8369282857531835e-05 -0.00057619872151093085 0.00064722800029601486 -0.00024494316207665658 9.5671153935157616e-05 -0.00043991600921329256
leaf_weight=10968 5638 341 99 151 2725 443
leaf_count=10968 5638 341 99 151 2725 443
internal_value=-2.82278e-05 -0.00152361 -0.0121225 0.00264706 -0.000802974 -0.0027974
internal_weight=20365 9397 591 250 8806 6081
internal_count=20365 9397 591 250 8806 6081
is_linear=0
shrinkage=0.05


Tree=224
num_leaves=7
num_cat=0
split_feature=36 12 48 50 1 19
split_gain=16.8628 37.048 36.5005 41.5667 41.536 34.9897
threshold=0.69269269704818737 -0.017304455861449238 -0.90619552135467518 0.4246621578931809 -0.048103192821145051 0.47499999403953558
decision_type=8 2 8 8 2 2
left_child=-1 -2 -3 5 -5 -4
right_child=1 2 3 4 -6 -7
leaf_value=-1.3347878887831829e-05 0.00027034193656415149 -0.00031546617909143041 -9.5810793860650183e-06 -0.00032391810674635668 2.0913820555305352e-05 0.00031644919996864554
leaf_weight=17473 697 262 351 192 777 446
leaf_count=17473 697 262 351 192 777 446
internal_value=4.82602e-05 0.00352564 8.60797e-05 0.00269622 -0.00423511 0.0111284
internal_weight=20198 2725 2028 1766 969 797
internal_count=20198 2725 2028 1766 969 797
is_linear=0
shrinkage=0.05


Tree=225
num_leaves=7
num_cat=0
split_feature=1 46 20 44 41 7
split_gain=13.7245 19.5346 27.2323 22.964 26.8117 21.2409
threshold=-0.088295049965381608 0.92464783787727367 0.37500000000000006 0.11217100173234941 0.10873907804489137 0.88311621546745311
decision_type=2 2 2 2 2 2
left_child=1 2 -1 -3 -5 -6
right_child=-2 3 -4 4 5 -7
leaf_value=0.00029649916348486132 -1.1018571262283451e-05 0.00071193118439318948 -0.00022903418300546661 -0.00032501245483973002 0.00055185098030215444 -0.00021386194565673801
leaf_weight=132 19320 142 269 67 278 93
leaf_count=132 19320 142 269 67 278 93
internal_value=3.69349e-06 0.00540061 -0.00301724 0.0112393 0.00536117 0.0107048
internal_weight=20301 981 401 580 438 371
internal_count=20301 981 401 580 438 371
is_linear=0
shrinkage=0.05


Tree=226
num_leaves=7
num_cat=0
split_feature=7 47 42 41 3 46
split_gain=14.3501 44.002 34.8314 67.6097 37.8885 30.0679
threshold=0.74735239148139965 1.1835272908210757 0.10143939778208734 0.094462163746356978 0.0098757254891097563 0.86229240894317638
decision_type=2 2 2 2 2 2
left_child=-1 2 4 5 -2 -4
right_child=1 -3 3 -5 -6 -7
leaf_value=1.3475608536999312e-05 -5.5521547979472771e-05 -0.00027314494708557621 -0.00018455593179142672 -1.4444994382108689e-05 -0.00064935814872399476 0.00065355742262257564
leaf_weight=13442 3215 1066 88 1776 110 541
leaf_count=13442 3215 1066 88 1776 110 541
internal_value=-3.82848e-05 -0.00215777 -0.000414124 0.00415975 -0.00373123 0.0181782
internal_weight=20238 6796 5730 2405 3325 629
internal_count=20238 6796 5730 2405 3325 629
is_linear=0
shrinkage=0.05


Tree=227
num_leaves=7
num_cat=0
split_feature=11 42 41 47 47 21
split_gain=13.0015 26.3478 51.1321 50.0203 48.4972 54.0413
threshold=-0.0054597528651356688 0.11209433525800706 0.10873907804489137 0.86049172282218944 0.97308355569839489 0.22500000149011615
decision_type=2 2 2 2 2 2
left_child=-1 2 3 -2 5 -5
right_child=1 -3 -4 4 -6 -7
leaf_value=2.9450459127381477e-05 -6.7329211513588659e-05 5.4251134675997696e-05 -0.00046463456670337928 -5.6418007899763276e-05 -5.1152235247511935e-05 0.00035554260222453606
leaf_weight=6696 4120 4366 559 690 2586 1320
leaf_count=6696 4120 4366 559 690 2586 1320
internal_value=-6.26782e-05 -0.00096182 -0.00247037 -0.00152219 0.00205933 0.00787841
internal_weight=20337 13641 9275 8716 4596 2010
internal_count=20337 13641 9275 8716 4596 2010
is_linear=0
shrinkage=0.05


Tree=228
num_leaves=7
num_cat=0
split_feature=37 32 35 22 8 12
split_gain=15.4752 16.5957 14.6375 42.3108 44.6129 28.0416
threshold=-0.0096759740263223631 -0.2731270939111709 0.80738040804862987 0.27500000596046453 0.13157671689987185 0.0096177342347800749
decision_type=2 2 10 2 2 2
left_child=1 -1 -2 5 -5 -4
right_child=2 -3 3 4 -6 -7
leaf_value=-0.00050352769913689164 4.5313728425530353e-06 -3.7257618143097648e-06 0.00039108895289190605 0.00027449131811653699 -0.00041935834636688715 -0.00042622369954819567
leaf_weight=154 19262 188 193 82 290 85
leaf_count=154 19262 188 193 82 290 85
internal_value=3.70206e-06 -0.0105908 5.89948e-05 -0.00729008 -0.0182361 0.00733216
internal_weight=20254 342 19912 650 372 278
internal_count=20254 342 19912 650 372 278
is_linear=0
shrinkage=0.05


Tree=229
num_leaves=7
num_cat=0
split_feature=41 10 36 44 45 49
split_gain=12.3408 68.8819 39.6939 33.9113 31.2203 44.2348
threshold=0.097186189144849791 -0.11799949035048483 -0.098513036966323839 0.1522067189216614 0.11739794537425043 0.31589730083942419
decision_type=2 2 8 2 2 10
left_child=1 2 -1 -3 5 -2
right_child=4 3 -4 -5 -6 -7
leaf_value=0.00014394722500564737 -0.000266552683599881 2.6809094922850865e-06 0.0011489335792937356 0.0013161690732079007 2.5907328088759039e-05 4.2816418305465825e-05
leaf_weight=241 1906 11614 184 50 5098 1202
leaf_count=241 1906 11614 184 50 5098 1202
internal_value=-8.74384e-05 0.00110179 0.0207558 0.000374925 -0.00140969 -0.00535657
internal_weight=20295 12089 425 11664 8206 3108
internal_count=20295 12089 425 11664 8206 3108
is_linear=0
shrinkage=0.05


Tree=230
num_leaves=7
num_cat=0
split_feature=1 10 17 50 36 45
split_gain=14.1178 34.6497 25.4997 25.5132 24.0084 37.1876
threshold=-0.071905646473169313 -0.066399861127138124 0.22500000149011615 -1.6051099896430967 -0.12262367829680441 0.12859395146369937
decision_type=2 2 2 10 8 2
left_child=1 -1 3 -3 5 -4
right_child=-2 2 4 -5 -6 -7
leaf_value=-0.00068421520942049208 -1.0431378124862394e-05 5.181703355164819e-05 -2.0361371343625111e-05 0.00071887303284863221 -1.7844991931338714e-05 0.0011998590701545635
leaf_weight=100 18684 145 174 156 923 145
leaf_count=100 18684 145 174 156 923 145
internal_value=-6.2709e-05 0.00420206 0.0060885 0.0190359 0.00286688 0.0145833
internal_weight=20327 1643 1543 301 1242 319
internal_count=20327 1643 1543 301 1242 319
is_linear=0
shrinkage=0.05


Tree=231
num_leaves=7
num_cat=0
split_feature=36 10 50 45 35 31
split_gain=22.7939 52.0477 36.4011 39.5144 30.2476 51.9425
threshold=0.86140617728233349 -0.072402313351631151 0.70278471708297741 0.12342797219753267 0.80738040804862987 44.346839904785163
decision_type=8 2 8 2 10 2
left_child=4 -2 -3 -4 -1 -6
right_child=1 2 3 -5 5 -7
leaf_value=-4.8705987020402884e-06 0.00083214205355637094 0.00025662953989708849 -0.00012728438230385862 0.00036413552176181552 0.00028368332988894625 -0.00058786037816013596
leaf_weight=18325 159 495 678 156 99 219
leaf_count=18325 159 495 678 156 99 219
internal_value=-5.83532e-05 0.00587743 0.00256747 -0.00378427 -0.000542954 -0.0157121
internal_weight=20131 1488 1329 834 18643 318
internal_count=20131 1488 1329 834 18643 318
is_linear=0
shrinkage=0.05


Tree=232
num_leaves=7
num_cat=0
split_feature=36 36 12 40 21 21
split_gain=12.7832 43.9947 43.9936 74.3121 42.7933 63.0777
threshold=0.41490533947944647 0.26713068783283239 -0.022653814405202862 0.12415176257491113 0.075000001117587103 0.32500000298023229
decision_type=8 10 2 2 2 2
left_child=1 -1 3 -2 -3 -6
right_child=2 4 -4 -5 5 -7
leaf_value=1.685922021243372e-06 0.0003207639083263421 0.00019305732054787682 -4.2340322064991952e-06 -0.000754711387660584 -0.00056618662414897262 -0.0001693201918952181
leaf_weight=13717 995 76 4158 162 195 1015
leaf_count=13717 995 76 4158 162 195 1015
internal_value=-9.226e-05 -0.000761261 0.00209117 0.0106928 -0.00958559 -0.0119136
internal_weight=20318 15003 5315 1157 1286 1210
internal_count=20318 15003 5315 1157 1286 1210
is_linear=0
shrinkage=0.05


Tree=233
num_leaves=7
num_cat=0
split_feature=26 12 48 48 36 33
split_gain=15.526 26.1215 48.7396 33.7307 28.0978 22.7198
threshold=0.098982293158769621 0.056334022432565696 0.88272601366043102 1.7321327328681948 0.056925343349576003 0.021690856665372852
decision_type=2 2 10 8 10 2
left_child=1 -1 -3 4 -4 -2
right_child=5 2 3 -5 -6 -7
leaf_value=-3.3841598052312289e-06 0.00016026286030395803 -0.00062012957725258815 0.00067221220929194461 -0.00040487463458079438 -0.00050815973673576744 5.3517169590768515e-06
leaf_weight=15987 1179 164 150 210 77 2392
leaf_count=15987 1179 164 150 210 77 2392
internal_value=-5.33128e-05 -0.000577051 -0.0107673 -0.00186652 0.0113147 0.00305509
internal_weight=20159 16588 601 437 227 3571
internal_count=20159 16588 601 437 227 3571
is_linear=0
shrinkage=0.05


Tree=234
num_leaves=7
num_cat=0
split_feature=26 41 18 7 47 42
split_gain=14.3228 50.2857 62.8911 46.3503 50.0393 36.409
threshold=-0.09845405817031859 0.10068249702453615 0.32500000298023229 0.5749742090702058 1.2175127267837527 0.15859673172235492
decision_type=2 2 2 2 2 2
left_child=1 2 -1 4 5 -3
right_child=-2 3 -4 -5 -6 -7
leaf_value=7.8481614279689824e-06 8.3495608798347736e-06 -0.00055693857593742957 0.00088112964225648327 -0.0005740629605255357 0.00022570690581437565 5.1466882932801021e-05
leaf_weight=706 17326 573 161 654 588 282
leaf_count=706 17326 573 161 654 588 282
internal_value=-2.34048e-05 -0.00329235 0.00679472 -0.00748097 -0.00243439 -0.0101453
internal_weight=20290 2964 867 2097 1443 855
internal_count=20290 2964 867 2097 1443 855
is_linear=0
shrinkage=0.05


Tree=235
num_leaves=7
num_cat=0
split_feature=27 48 36 35 22 46
split_gain=19.2036 27.2258 25.77 28.8428 19.7216 28.8628
threshold=0.066552676260471358 0.80840983986854564 -0.62848541140556324 -0.65850695967674244 0.77500000596046459 1.1027992963790896
decision_type=2 8 8 10 2 2
left_child=-1 -2 3 -3 -4 -6
right_child=1 2 4 -5 5 -7
leaf_value=7.5828293993695284e-06 -0.00041567763275387212 -0.00022630657726378092 1.8086445307847196e-05 0.0016910854333105803 0.00011032590529117805 -0.00049572919036952785
leaf_weight=19056 297 53 491 66 153 207
leaf_count=19056 297 53 491 66 153 207
internal_value=-8.60882e-06 -0.00583726 -0.00171795 0.0195565 -0.00481893 -0.0136301
internal_weight=20323 1267 970 119 851 360
internal_count=20323 1267 970 119 851 360
is_linear=0
shrinkage=0.05


Tree=236
num_leaves=7
num_cat=0
split_feature=39 31 26 15 26 1
split_gain=14.8211 35.987 57.3558 29.1708 25.7348 37.1425
threshold=-0.01522282464429736 40.924810409545906 -0.1150783523917198 0.52500000596046459 0.003915374632924796 -0.088295049965381608
decision_type=2 2 2 2 2 2
left_child=1 -1 -3 -4 -5 -6
right_child=-2 2 3 4 5 -7
leaf_value=0.00023071619295909294 9.2909232094572911e-06 -0.00053088613708706137 4.033407919029186e-05 3.8297462035841623e-05 0.00034935258774553745 -0.00021355944659706469
leaf_weight=337 16229 302 1494 568 117 1166
leaf_count=337 16229 302 1494 568 117 1166
internal_value=-8.77931e-05 -0.00285159 -0.00430586 -0.00239552 -0.00658675 -0.0105008
internal_weight=20213 3984 3647 3345 1851 1283
internal_count=20213 3984 3647 3345 1851 1283
is_linear=0
shrinkage=0.05


Tree=237
num_leaves=7
num_cat=0
split_feature=47 15 24 50 46 49
split_gain=13.3091 29.8379 42.3881 22.7475 19.8875 59.3816
threshold=0.6304403841495515 0.42499999701976782 0.029042124748229984 0.27127584815025335 0.76460012793540966 1.0903010964393618
decision_type=2 2 2 8 2 10
left_child=1 -1 -3 -4 5 -2
right_child=4 2 3 -5 -6 -7
leaf_value=-2.5984224281348915e-05 0.00013622306089032871 0.00055926220276122994 0.00029948172499984259 -0.00010223996064541576 -1.3854978491133144e-05 -0.00043167615866662571
leaf_weight=167 1036 236 91 179 18531 161
leaf_count=167 1036 236 91 179 18531 161
internal_value=-4.77801e-05 0.00682153 0.0128669 -0.000636364 -0.000302792 0.00592762
internal_weight=20401 673 506 270 19728 1197
internal_count=20401 673 506 270 19728 1197
is_linear=0
shrinkage=0.05


Tree=238
num_leaves=7
num_cat=0
split_feature=22 3 45 38 47 26
split_gain=13.0022 55.1658 42.1083 40.7095 37.2689 31.1544
threshold=0.17500000447034839 0.0063182320445775994 0.075045779347419753 -0.0049850582145154467 0.83227059245109569 -0.10577942430973052
decision_type=2 2 2 2 2 2
left_child=1 4 -3 -4 -1 -5
right_child=-2 2 3 5 -6 -7
leaf_value=-2.0196443511526314e-05 5.7531333174386941e-06 -0.00045440687938197162 0.00025316015319804631 0.00049274656151840541 0.00012711484169154066 -0.00026685630147007259
leaf_weight=1132 17163 476 267 64 686 408
leaf_count=1132 17163 476 267 64 686 408
internal_value=-4.82649e-05 -0.00326695 -0.0114959 -0.00393145 0.00223533 -0.0127358
internal_weight=20196 3033 1215 739 1818 472
internal_count=20196 3033 1215 739 1818 472
is_linear=0
shrinkage=0.05


Tree=239
num_leaves=7
num_cat=0
split_feature=35 41 13 35 40 44
split_gain=13.8264 29.0917 28.0734 20.7467 42.6687 26.8998
threshold=0.80738040804862987 0.08785628899931909 -0.003332187887281179 0.4778112024068833 0.12415176257491113 0.066888868808746352
decision_type=10 2 2 10 2 2
left_child=3 2 -2 5 -5 -1
right_child=1 -3 -4 4 -6 -7
leaf_value=-6.4063950637491048e-05 0.00028133742318163616 -0.00043507180359560757 -0.00016460501771979467 0.00010501299394905626 -0.00054168288495409517 9.2984318145052681e-06
leaf_weight=1713 214 159 289 2099 177 15628
leaf_count=1713 214 159 289 2099 177 15628
internal_value=3.6975e-06 -0.00685907 -0.000836614 0.000459943 0.00494301 -0.000128272
internal_weight=20279 662 503 19617 2276 17341
internal_count=20279 662 503 19617 2276 17341
is_linear=0
shrinkage=0.05


Tree=240
num_leaves=7
num_cat=0
split_feature=22 44 3 36 36 42
split_gain=13.7034 35.2389 53.6374 61.2751 55.5781 51.5036
threshold=0.57500001788139354 0.089639749377965941 0.01071513118222356 0.37427431344985967 0.64587223529815685 0.078464061021804823
decision_type=2 2 2 8 8 2
left_child=1 -1 3 -3 -4 -5
right_child=-2 2 4 5 -6 -7
leaf_value=1.113557692326473e-05 2.4505597849174954e-05 -0.00026983563627679173 0.00031618104151253214 -8.1231831756965896e-05 -0.00067965330140887844 8.1545849180425297e-05
leaf_weight=6545 9113 2258 543 266 121 1446
leaf_count=6545 9113 2258 543 266 121 1446
internal_value=2.34025e-05 -0.00142391 -0.00475857 -0.00696226 0.00833333 0.000160163
internal_weight=20292 11179 4634 3970 664 1712
internal_count=20292 11179 4634 3970 664 1712
is_linear=0
shrinkage=0.05


Tree=241
num_leaves=7
num_cat=0
split_feature=22 35 20 44 44 1
split_gain=11.9776 34.0232 48.2286 33.9734 35.2985 54.1063
threshold=0.17500000447034839 0.59820640087127697 0.57500001788139354 0.066888868808746352 0.075284797698259368 0.023387562483549122
decision_type=2 10 2 2 2 2
left_child=1 -1 -3 -2 5 -5
right_child=3 2 -4 4 -6 -7
leaf_value=-3.9922331215765415e-05 -0.00015685675323385482 0.0004501381164856049 -7.4455297523030197e-05 0.00033058590652313737 6.0773996782874207e-06 -9.5007660518938502e-05
leaf_weight=2570 915 215 260 789 15114 459
leaf_count=2570 915 215 260 789 15114 459
internal_value=-2.82875e-05 -0.0029918 0.00921875 0.000406492 0.00093328 0.0089984
internal_weight=20322 3045 475 17277 16362 1248
internal_count=20322 3045 475 17277 16362 1248
is_linear=0
shrinkage=0.05


Tree=242
num_leaves=7
num_cat=0
split_feature=48 43 39 1 34 45
split_gain=13.1626 35.0096 28.5923 108.138 62.2556 60.9172
threshold=0.18401905149221423 0.21806193888187411 0.012268618214875461 0.025722547434270385 0.16479939222335818 0.11529869213700296
decision_type=10 2 2 2 2 2
left_child=-1 2 4 -4 -2 -6
right_child=1 -3 3 -5 5 -7
leaf_value=-1.7688427136847418e-05 0.00029955056005545074 -0.0011092746088176664 -6.827181032012133e-05 0.0009766150443443805 6.1911800809028448e-05 -0.00042704848971417846
leaf_weight=12905 1427 66 3344 279 1955 417
leaf_count=12905 1427 66 3344 279 1955 417
internal_value=-4.77988e-05 0.00147805 0.00181433 -0.0013575 0.00484359 -0.000115692
internal_weight=20393 7488 7422 3623 3799 2372
internal_count=20393 7488 7422 3623 3799 2372
is_linear=0
shrinkage=0.05


Tree=243
num_leaves=7
num_cat=0
split_feature=39 14 48 44 39 36
split_gain=14.1075 25.1652 34.0696 29.4318 34.809 28.6305
threshold=-0.018792528659105297 0.37500000000000006 0.24259451776742938 0.089639749377965941 -0.047239122912287705 -0.55802375078201283
decision_type=2 2 10 2 2 10
left_child=1 2 3 -1 -5 -3
right_child=-2 5 -4 4 -6 -7
leaf_value=0.00013371318450942923 8.2951049272488923e-06 1.3973689475401536e-05 0.00042388821838685084 0.00060263597755492884 -0.00019780056171812209 -0.0001815359574446324
leaf_weight=366 16950 876 119 99 583 1325
leaf_count=366 16950 876 119 99 583 1325
internal_value=-7.74984e-05 -0.0030759 0.00283703 -7.12251e-05 -0.00622271 -0.00622167
internal_weight=20318 3368 1167 1048 682 2201
internal_count=20318 3368 1167 1048 682 2201
is_linear=0
shrinkage=0.05


Tree=244
num_leaves=7
num_cat=0
split_feature=39 40 23 35 6 13
split_gain=18.1306 28.4838 30.1145 27.1696 23.5424 28.1714
threshold=0.061461536213755615 0.11582326889038087 0.0026580938138067727 0.20227060467004779 0.36403456330299383 -0.016791676171123978
decision_type=2 2 2 10 2 2
left_child=-1 2 3 4 5 -2
right_child=1 -3 -4 -5 -6 -7
leaf_value=-5.0394081766659902e-06 -2.0026915521188447e-05 0.00045255134133111375 -0.00012302480418112903 0.0010982154553802763 -0.0003928349672772636 0.00029727117317321112
leaf_weight=19314 186 205 294 101 80 102
leaf_count=19314 186 205 294 101 80 102
internal_value=-6.77774e-05 0.00665468 0.00211589 0.00996835 0.00341823 0.0101536
internal_weight=20282 968 763 469 368 288
internal_count=20282 968 763 469 368 288
is_linear=0
shrinkage=0.05


Tree=245
num_leaves=7
num_cat=0
split_feature=22 3 45 36 36 1
split_gain=17.3967 36.1811 46.0823 56.0364 45.467 38.4958
threshold=0.57500001788139354 0.010420666076242925 0.072004791349172606 -0.77976873517036427 0.2930015921592713 -0.030648589134216305
decision_type=2 2 2 10 8 2
left_child=-1 2 3 -2 -4 -6
right_child=1 -3 4 -5 5 -7
leaf_value=-2.1587329094180789e-05 -0.00073182045574493224 -2.4090243777363277e-05 0.00029191893875884475 1.5104713672469371e-05 -0.00025143829211400094 0.00011707948646672573
leaf_weight=11149 114 5770 2041 496 220 431
leaf_count=11149 114 5770 2041 496 220 431
internal_value=-9.27025e-05 0.00138537 0.0055564 -0.00678862 0.00837041 -0.00308689
internal_weight=20221 9072 3302 610 2692 651
internal_count=20221 9072 3302 610 2692 651
is_linear=0
shrinkage=0.05


Tree=246
num_leaves=7
num_cat=0
split_feature=22 44 10 50 49 3
split_gain=13.8031 34.317 42.4356 49.6368 46.6281 40.3429
threshold=0.62500000000000011 0.083516556769609465 -0.08691833913326262 -1.498767018318176 0.65254834294319164 0.01071513118222356
decision_type=2 2 2 10 10 2
left_child=1 -1 3 -3 -5 -4
right_child=-2 2 5 4 -6 -7
leaf_value=2.1797899612408122e-05 3.4702767623230992e-05 0.00093002997834793248 -0.00011918537811089186 -0.00010717359061679409 0.00040590501729662526 0.00011751053648504782
leaf_weight=5540 8118 114 4905 471 281 898
leaf_count=5540 8118 114 4905 471 281 898
internal_value=-2.33622e-05 -0.00112371 -0.00353986 0.00674512 0.00194848 -0.00508351
internal_weight=20327 12209 6669 866 752 5803
internal_count=20327 12209 6669 866 752 5803
is_linear=0
shrinkage=0.05


Tree=247
num_leaves=7
num_cat=0
split_feature=35 3 8 44 44 10
split_gain=13.5265 54.7163 46.6754 35.1182 47.3307 64.8855
threshold=-0.68967264890670765 0.0061683487147092828 0.91436618566513073 0.12848141044378283 0.080620508641004576 -0.056869646534323685
decision_type=8 2 2 2 2 2
left_child=1 -1 3 4 5 -3
right_child=-2 2 -4 -5 -6 -7
leaf_value=-0.00028082835743354387 1.0559070769569787e-05 -0.00043551272619743941 -0.00021850026803461113 0.00032752034821893408 -9.7766561024827559e-05 0.0005448935901553126
leaf_weight=465 16985 105 429 629 1462 240
leaf_count=465 16985 105 429 629 1462 240
internal_value=-2.82972e-05 -0.00275112 -0.000148084 0.0025297 -0.00100717 0.0155
internal_weight=20315 3330 2865 2436 1807 345
internal_count=20315 3330 2865 2436 1807 345
is_linear=0
shrinkage=0.05


Tree=248
num_leaves=7
num_cat=0
split_feature=47 46 24 43 48 35
split_gain=18.9014 36.5318 22.6394 28.9273 14.5738 52.7139
threshold=0.6304403841495515 0.78291279077529918 0.050972053781151778 0.049419974908232696 1.2157299518585207 -0.31892089545726771
decision_type=2 2 2 2 10 10
left_child=1 -1 3 -3 -2 -6
right_child=4 2 -4 -5 5 -7
leaf_value=-2.5726364080188409e-05 -1.7447309355082472e-05 1.3004593846009498e-05 -0.00010161151013457679 0.00072913030477461866 0.00020681846750735065 -6.5559486706034267e-05
leaf_weight=125 16356 188 94 253 1443 1792
leaf_count=125 16356 188 94 253 1443 1792
internal_value=-8.76284e-05 0.00823308 0.0139352 0.0186659 -0.000338079 0.00272377
internal_weight=20251 660 535 441 19591 3235
internal_count=20251 660 535 441 19591 3235
is_linear=0
shrinkage=0.05


Tree=249
num_leaves=7
num_cat=0
split_feature=46 11 48 6 10 34
split_gain=13.1246 33.466 55.3874 25.1849 33.8047 31.3172
threshold=0.78291279077529918 0.013635569252073767 -1.3068882822990415 0.48180589079856878 -0.03525967709720134 0.39902718365192419
decision_type=2 2 10 2 2 2
left_child=1 3 -3 4 -1 -5
right_child=-2 2 -4 5 -6 -7
leaf_value=2.6284371666003235e-05 -4.9275860154105813e-06 0.0005416898073898152 -0.00047474946663261677 -0.00010432385387022267 0.0002060483727148131 0.00024939708505116977
leaf_weight=481 18703 50 169 378 464 74
leaf_count=481 18703 50 169 378 464 74
internal_value=-9.22555e-05 0.00442628 -0.0135045 0.00729315 0.0119211 -0.0023523
internal_weight=20319 1616 219 1397 945 452
internal_count=20319 1616 219 1397 945 452
is_linear=0
shrinkage=0.05


Tree=250
num_leaves=7
num_cat=0
split_feature=36 46 38 40 39 48
split_gain=11.1604 27.4816 27.7875 29.1183 34.4124 27.5753
threshold=-0.82887965440750111 0.85489541292190563 -0.0032010105205699797 0.10116479173302652 0.0025397454155609016 -0.17816468328237531
decision_type=8 2 2 2 2 8
left_child=1 -1 5 4 -4 -3
right_child=-2 2 3 -5 -6 -7
leaf_value=0.00023630455428623804 3.6604111007842654e-06 0.0001313674951121207 0.0002366716206050316 0.00021505747529079907 -0.00037819509591304688 -0.00052791784964959551
leaf_weight=143 18914 86 107 373 355 231
leaf_count=143 18914 86 107 373 355 231
internal_value=-6.30751e-05 -0.00455769 -0.00715212 -0.00229167 -0.0106531 -0.0196429
internal_weight=20209 1295 1152 835 462 317
internal_count=20209 1295 1152 835 462 317
is_linear=0
shrinkage=0.05


Tree=251
num_leaves=7
num_cat=0
split_feature=23 27 47 39 11 43
split_gain=12.0842 25.7758 23.843 37.661 31.9123 26.4181
threshold=-0.0060951425693929187 -0.053100224584341042 1.2694885134696963 0.045398078858852393 -0.036955434828996651 0.12042462825775148
decision_type=2 2 2 2 2 2
left_child=2 -2 5 -4 -5 -1
right_child=1 -3 3 4 -6 -7
leaf_value=3.9247002542471122e-05 -0.00036629743725141625 -1.0738278493970943e-05 0.00034593738299413938 0.00075855673990257375 -0.00027438081471348484 -0.00016415275383189142
leaf_weight=4792 477 12914 619 53 302 1217
leaf_count=4792 477 12914 619 53 302 1217
internal_value=-2.33083e-05 -0.001144 0.00142029 0.00865679 -0.00423611 0.000236947
internal_weight=20374 13391 6983 974 355 6009
internal_count=20374 13391 6983 974 355 6009
is_linear=0
shrinkage=0.05


Tree=252
num_leaves=7
num_cat=0
split_feature=22 41 41 36 36 0
split_gain=13.0538 39.2294 66.438 53.0111 63.8301 52.9398
threshold=0.62500000000000011 0.063177414238452925 0.097186189144849791 -0.75832524895668019 0.37427431344985967 -0.0051332060247659675
decision_type=2 2 2 8 8 2
left_child=-1 -2 3 -3 -5 -4
right_child=1 2 5 4 -6 -7
leaf_value=-1.1577944888213348e-05 -0.00029738272851766818 -8.5256739921850663e-05 -0.00013174086678751851 0.00068590637763572273 -7.6735531665804348e-05 0.00010789041544794257
leaf_weight=12213 377 417 2762 1085 328 3130
leaf_count=12213 377 417 2762 1085 328 3130
internal_value=-1.84574e-05 0.00169361 0.00246862 0.0107766 0.0153914 -0.000114465
internal_weight=20312 8099 7722 1830 1413 5892
internal_count=20312 8099 7722 1830 1413 5892
is_linear=0
shrinkage=0.05


Tree=253
num_leaves=7
num_cat=0
split_feature=35 39 29 35 3 47
split_gain=11.6393 35.097 36.062 32.2105 57.4111 50.4057
threshold=0.4778112024068833 0.053116288036108024 0.030998657457530502 0.15508352965116504 0.0066170771606266507 0.93352091312408458
decision_type=8 2 2 10 2 2
left_child=3 2 -2 -1 -5 -6
right_child=1 -3 -4 4 5 -7
leaf_value=1.1026417737590878e-05 4.5947441267484621e-05 0.00043973471818711758 -0.00020177417670496131 3.7917132191866194e-05 -0.00040341642442643077 -7.704763257102335e-05
leaf_weight=13954 2302 257 546 1111 866 1298
leaf_count=13954 2302 257 546 1111 866 1298
internal_value=-3.31875e-05 0.00280547 0.00118297 -0.000517872 -0.00497713 -0.00971646
internal_weight=20334 3105 2848 17229 3275 2164
internal_count=20334 3105 2848 17229 3275 2164
is_linear=0
shrinkage=0.05


Tree=254
num_leaves=7
num_cat=0
split_feature=39 46 46 36 21 39
split_gain=13.4085 23.1711 17.2264 36.6023 41.8226 46.9264
threshold=0.066379044204950347 0.93634897470474254 1.1385878920555117 0.64587223529815685 0.67499998211860668 0.036337237805128104
decision_type=2 2 2 10 2 2
left_child=2 -2 -1 4 -4 -6
right_child=1 -3 3 -5 5 -7
leaf_value=1.8514239711874367e-06 -0.00031133600052216646 0.00019383372140908397 -0.00025415496062040395 0.00030579283652198741 -0.00014901074004322954 0.00047058649071596954
leaf_weight=16705 120 534 1286 328 875 471
leaf_count=16705 120 534 1286 328 875 471
internal_value=-0.000151299 0.00679059 -0.000458821 -0.00397133 -0.00594425 0.000203553
internal_weight=20319 654 19665 2960 2632 1346
internal_count=20319 654 19665 2960 2632 1346
is_linear=0
shrinkage=0.05


Tree=255
num_leaves=7
num_cat=0
split_feature=42 3 47 44 36 42
split_gain=12.6683 33.8989 48.6348 34.9228 43.8205 62.707
threshold=0.102775726467371 0.0097138211131095904 0.86049172282218944 0.066888868808746352 -0.23752783983945844 0.074356574565172209
decision_type=2 2 2 2 10 2
left_child=1 2 -1 -4 -5 -6
right_child=-2 -3 3 4 5 -7
leaf_value=-3.9971671120285431e-05 2.6722375787636935e-05 -0.00025401367371859836 -6.0132571889644845e-05 0.00025306088131438594 0.0003740885146700432 -6.0613072911339161e-05
leaf_weight=5215 8823 1084 1325 1381 615 1803
leaf_count=5215 8823 1084 1325 1381 615 1803
internal_value=-1.35796e-05 -0.00122725 -0.000340777 0.00311464 0.00555336 0.00147544
internal_weight=20246 11423 10339 5124 3799 2418
internal_count=20246 11423 10339 5124 3799 2418
is_linear=0
shrinkage=0.05


Tree=256
num_leaves=7
num_cat=0
split_feature=22 44 44 49 3 36
split_gain=14.0803 30.2158 31.131 52.385 36.9625 49.7056
threshold=0.57500001788139354 0.14514036476612094 0.089639749377965941 1.0903010964393618 0.01071513118222356 0.37427431344985967
decision_type=2 2 2 10 2 8
left_child=1 2 3 -1 5 -4
right_child=-2 -3 4 -5 -6 -7
leaf_value=3.1203619387355572e-05 2.3335757549857655e-05 0.00039220800204959363 -0.00026033680635372778 -0.00018437019491428621 0.00012936374443998515 -8.6347324712000118e-07
leaf_weight=5543 9143 137 2261 951 646 1639
leaf_count=5543 9143 137 2261 951 646 1639
internal_value=-0.000121771 -0.00160302 -0.00189905 0.00031928 -0.00507031 -0.00690781
internal_weight=20320 11177 11040 6494 4546 3900
internal_count=20320 11177 11040 6494 4546 3900
is_linear=0
shrinkage=0.05


Tree=257
num_leaves=7
num_cat=0
split_feature=4 47 42 41 42 46
split_gain=12.1825 41.4677 30.4098 22.1885 43.4024 29.8962
threshold=0.63913801312446605 1.1666057705879214 0.16421613842248919 0.10250769928097726 0.10143939778208734 0.87594845890998851
decision_type=2 2 2 2 2 2
left_child=-1 2 3 4 -2 -6
right_child=1 -3 -4 -5 5 -7
leaf_value=9.3742213665202245e-06 -6.0090810396665737e-05 -0.00031645523407497917 0.0005181308191452809 -0.00019888690875643079 -0.00018172685577189042 0.00051948106962500934
leaf_weight=16146 1974 693 215 705 135 476
leaf_count=16146 1974 693 215 705 135 476
internal_value=-0.000121628 -0.0023733 -0.000149573 -0.00135812 0.000781853 0.0123782
internal_weight=20344 4198 3505 3290 2585 611
internal_count=20344 4198 3505 3290 2585 611
is_linear=0
shrinkage=0.05


Tree=258
num_leaves=7
num_cat=0
split_feature=41 42 2 23 8 45
split_gain=13.0242 42.0765 42.8189 34.9528 32.7642 31.0649
threshold=0.095687117427587523 0.13233414292335513 0.0077183884568512448 0.033568793907761581 0.94136455655097973 0.10760123655200006
decision_type=2 2 2 2 2 2
left_child=1 3 -3 5 -2 -1
right_child=4 2 -4 -5 -6 -7
leaf_value=7.7287816805879112e-06 -5.6506408568460975e-06 -0.00026847233890342227 0.00071416941552760219 0.00064101029042711315 -0.00021146610083166238 -0.00029370639980987474
leaf_weight=10910 7526 52 222 264 1006 287
leaf_count=10910 7526 52 222 264 1006 287
internal_value=-5.79617e-05 0.00115204 0.0203405 0.000682452 -0.00141443 0.000252187
internal_weight=20267 11735 274 11461 8532 11197
internal_count=20267 11735 274 11461 8532 11197
is_linear=0
shrinkage=0.05


Tree=259
num_leaves=7
num_cat=0
split_feature=35 41 46 10 15 13
split_gain=13.4205 40.8682 50.0355 33.0707 28.9055 40.6193
threshold=0.4778112024068833 0.086268097162246718 0.83903682231903087 -0.14909878373146054 0.27500000596046453 -0.015332284849137066
decision_type=10 2 2 2 2 2
left_child=-1 2 -2 -3 5 -4
right_child=1 3 4 -5 -6 -7
leaf_value=-1.7211848143486915e-05 -5.7985914702585601e-05 0.0015282609814387441 0.00052040141036567122 -0.00016098609726249787 0.00020129223715149118 -0.0001438420007347185
leaf_weight=17307 345 54 52 854 1356 310
leaf_count=17307 345 54 52 854 1356 310
internal_value=-8.25815e-05 0.00269657 0.00658849 -0.00610624 0.0100842 -0.0023842
internal_weight=20278 2971 2063 908 1718 362
internal_count=20278 2971 2063 908 1718 362
is_linear=0
shrinkage=0.05


Tree=260
num_leaves=7
num_cat=0
split_feature=27 48 3 35 42 28
split_gain=18.1442 39.9782 33.6535 27.372 25.9816 21.7971
threshold=0.060181418433785445 0.80840983986854564 0.012170006521046163 -0.40061053633689875 0.16421613842248919 0.0058697601780295381
decision_type=2 10 2 10 2 2
left_child=-1 4 3 -3 -2 -5
right_child=1 2 -4 5 -6 -7
leaf_value=4.6952501367665768e-06 -0.00029978960678969007 0.0012686259607272812 -0.0003819141517307597 0.00048010544520647063 0.00020176077787581632 -8.2429527672154418e-05
leaf_weight=18806 555 142 273 188 83 345
leaf_count=18806 555 142 273 188 83 345
internal_value=-4.78011e-05 -0.00526398 0.00123295 0.00724265 -0.0148911 0.0019052
internal_weight=20392 1586 948 675 638 533
internal_count=20392 1586 948 675 638 533
is_linear=0
shrinkage=0.05


Tree=261
num_leaves=7
num_cat=0
split_feature=21 35 41 36 22 35
split_gain=13.5704 40.8322 56.6565 61.6637 46.9385 42.5776
threshold=0.67499998211860668 -0.73129531741142262 0.097186189144849791 -0.65841361880302418 0.82500001788139354 -0.61982083320617665
decision_type=2 8 2 10 2 10
left_child=-1 4 3 -3 -2 -5
right_child=1 2 -4 5 -6 -7
leaf_value=-1.8616695115235977e-05 5.0268606973197859e-05 0.0010526111683067773 5.4677012860286128e-06 -0.0011757213674661361 -0.00037032009500619599 0.00017479608058763559
leaf_weight=13151 563 323 4552 65 484 1161
leaf_count=13151 563 323 4552 65 484 1161
internal_value=-2.83195e-05 0.00146442 0.0030339 0.0112773 -0.00762833 0.0060723
internal_weight=20299 7148 6101 1549 1047 1226
internal_count=20299 7148 6101 1549 1047 1226
is_linear=0
shrinkage=0.05


Tree=262
num_leaves=7
num_cat=0
split_feature=48 39 10 39 39 39
split_gain=14.4935 32.7353 27.4545 49.6917 29.7668 29.5114
threshold=-0.28880846500396723 -0.033457489684224122 0.19685406237840655 0.010844707954674961 -0.047239122912287705 0.02995458617806435
decision_type=10 2 2 2 2 2
left_child=2 -2 4 -4 -1 -6
right_child=1 -3 3 -5 5 -7
leaf_value=0.00041259775827561998 -0.00016027088459560072 3.2628536650402454e-05 0.00035419649488328901 -0.00023086906093587828 -6.6960530160502233e-05 4.1538346886996335e-05
leaf_weight=187 405 9422 359 138 7189 2599
leaf_count=187 405 9422 359 138 7189 2599
internal_value=-0.000116972 0.00108066 -0.00159158 0.00981076 -0.00216683 -0.00255029
internal_weight=20299 9827 10472 497 9975 9788
internal_count=20299 9827 10472 497 9975 9788
is_linear=0
shrinkage=0.05


Tree=263
num_leaves=7
num_cat=0
split_feature=4 47 42 41 3 48
split_gain=18.8984 40.4601 36.6487 36.8518 35.0261 23.2375
threshold=0.63913801312446605 1.1666057705879214 0.102775726467371 0.094462163746356978 0.0098757254891097563 -1.9260837435722349
decision_type=2 2 2 2 2 10
left_child=5 2 4 -4 -2 -1
right_child=1 -3 3 -5 -6 -7
leaf_value=-4.3580890748720971e-05 -7.1791258541129021e-05 -0.00030945749000006615 0.00048219087244315458 3.6384012845256527e-06 -0.00057242405190489106 2.9286939799809138e-05
leaf_weight=2639 2000 689 410 1020 78 13436
leaf_count=2639 2000 689 410 1020 78 13436
internal_value=-4.8084e-05 -0.00312351 -0.000932252 0.00520906 -0.00517283 0.000642102
internal_weight=20272 4197 3508 1430 2078 16075
internal_count=20272 4197 3508 1430 2078 16075
is_linear=0
shrinkage=0.05


Tree=264
num_leaves=7
num_cat=0
split_feature=1 18 17 46 50 42
split_gain=12.064 18.4232 23.5022 32.3551 21.3126 18.0749
threshold=-0.071905646473169313 0.47499999403953558 0.22500000149011615 0.91296213865280162 -0.89368009567260731 0.086734667420387282
decision_type=2 2 2 2 8 2
left_child=1 -1 4 -4 -3 -5
right_child=-2 2 3 5 -6 -7
leaf_value=-0.00070243245213455225 -1.2054422058613019e-05 0.00046688908476696049 -0.00011869527232573245 -0.00021051382350079298 -0.00015128195472619246 0.00020879379955539453
leaf_weight=62 18529 252 475 59 62 719
leaf_count=62 18529 252 475 59 62 719
internal_value=-8.3073e-05 0.00362607 0.00472328 0.0016097 0.0168495 0.00788633
internal_weight=20158 1629 1567 1253 314 778
internal_count=20158 1629 1567 1253 314 778
is_linear=0
shrinkage=0.05


Tree=265
num_leaves=7
num_cat=0
split_feature=30 48 39 44 45 42
split_gain=17.7994 33.2891 47.2454 48.4904 32.4876 27.6243
threshold=43.727031707763679 -2.5599025487899776 0.036337237805128104 0.098444141447544112 0.11910872906446458 0.11365797370672227
decision_type=2 10 2 2 2 2
left_child=1 2 3 -1 -3 -4
right_child=-2 4 5 -5 -6 -7
leaf_value=0.00010273734605887504 -1.6536994451940221e-05 2.6135774943029705e-05 3.0445579287942089e-05 -0.00034623061673903787 0.00025462236575390235 0.0011200734368500026
leaf_weight=229 13011 4661 169 505 1556 75
leaf_count=229 13011 4661 169 505 1556 75
internal_value=-4.32933e-05 0.00205903 -0.00648525 -0.0128214 0.00341128 0.0123494
internal_weight=20206 7195 978 734 6217 244
internal_count=20206 7195 978 734 6217 244
is_linear=0
shrinkage=0.05


Tree=266
num_leaves=7
num_cat=0
split_feature=27 48 12 39 35 1
split_gain=15.9343 28.8026 25.9379 20.3682 22.7432 21.3677
threshold=0.066552676260471358 0.80840983986854564 0.14991958439350131 -0.0058762985281646243 -0.37597930431365961 -0.0089822509326040727
decision_type=2 8 2 2 10 2
left_child=-1 -2 3 5 -5 -3
right_child=1 2 -4 4 -6 -7
leaf_value=2.282117015837623e-06 -0.00036207478540526149 0.00021000510925686701 -0.00043056075567299458 0.00092816433255941868 3.242678271591446e-05 -0.00032756905070398376
leaf_weight=19078 303 56 156 150 434 185
leaf_count=19078 303 56 156 150 434 185
internal_value=-8.59233e-06 -0.00556633 -0.00134381 0.0021988 0.00725806 -0.00985772
internal_weight=20362 1284 981 825 584 241
internal_count=20362 1284 981 825 584 241
is_linear=0
shrinkage=0.05


Tree=267
num_leaves=7
num_cat=0
split_feature=17 48 11 21 11 46
split_gain=11.3584 22.894 20.775 31.7761 20.1472 21.5078
threshold=0.97499999403953563 -0.61505582928657521 0.0049189657438546428 0.57500001788139354 0.030536544509232048 0.981958568096161
decision_type=2 8 2 2 2 2
left_child=-1 -2 3 -3 5 -4
right_child=1 2 4 -5 -6 -7
leaf_value=1.0139255332046242e-06 0.0005472573462709506 0.00054297240353493644 -0.0004224541090982555 -0.00024454695370698258 0.00016101416862948609 -8.7418915253877376e-05
leaf_weight=19377 61 115 262 205 133 242
leaf_count=19377 61 115 262 205 133 242
internal_value=-9.68137e-05 -0.00535191 -0.00730249 0.003 -0.0125 -0.0170432
internal_weight=20395 1018 957 320 637 504
internal_count=20395 1018 957 320 637 504
is_linear=0
shrinkage=0.05


Tree=268
num_leaves=7
num_cat=0
split_feature=10 32 43 40 1 46
split_gain=13.3043 45.6622 14.1822 13.3809 33.781 25.4384
threshold=-0.18460358679294583 -0.78858280181884755 0.14878887683153155 0.13078688830137256 0.013418276794254782 1.4260517954826357
decision_type=2 2 2 2 2 2
left_child=1 2 -1 5 -5 -2
right_child=3 -3 -4 4 -6 -7
leaf_value=-0.00029135838887477095 8.4771999646824724e-06 -0.0006551824007967296 0.00089408333169464435 2.4048753397581383e-05 -0.00029659917124742784 0.00019891908591304272
leaf_weight=82 17354 166 80 1638 882 83
leaf_count=82 17354 166 80 1638 882 83
internal_value=-2.83391e-05 -0.00983483 0.00883234 0.000241709 -0.00315842 0.000735294
internal_weight=20285 328 162 19957 2520 17437
internal_count=20285 328 162 19957 2520 17437
is_linear=0
shrinkage=0.05


Tree=269
num_leaves=7
num_cat=0
split_feature=26 41 18 36 11 47
split_gain=17.1393 43.6397 55.053 51.9571 35.53 34.7576
threshold=-0.09845405817031859 0.10068249702453615 0.32500000298023229 0.081778064370155348 0.0020070265745744113 1.2175127267837527
decision_type=2 2 2 8 2 2
left_child=1 2 3 -1 5 -3
right_child=-2 4 -4 -5 -6 -7
leaf_value=-0.0001524339531148457 4.782325791416725e-06 -0.00024915570801920813 0.00068106671918180181 0.00074280656449318141 -0.00043856741663182556 0.00019911950721070807
leaf_weight=602 17339 814 161 113 683 575
leaf_count=602 17339 814 161 113 683 575
internal_value=-7.26887e-05 -0.00378429 0.00553348 -0.000451389 -0.00773953 -0.00310258
internal_weight=20287 2948 876 715 2072 1389
internal_count=20287 2948 876 715 2072 1389
is_linear=0
shrinkage=0.05


Tree=270
num_leaves=7
num_cat=0
split_feature=13 36 44 36 1 42
split_gain=12.5759 56.6946 22.5046 19.225 58.7616 42.1945
threshold=0.057591376826167114 -0.62848541140556324 0.091174963861703887 -0.9269936978816985 -0.019186839461326596 0.083824396133422865
decision_type=2 8 2 10 2 2
left_child=3 -2 -3 4 -1 -6
right_child=1 2 -4 -5 5 -7
leaf_value=-0.00013115669216835361 0.0010781532427171605 0.00016417404520396685 -0.0003743159095511389 -1.6365096342710079e-06 -0.00020564506385153115 0.00027444621854121574
leaf_weight=294 59 137 449 18521 74 734
leaf_count=294 59 137 449 18521 74 734
internal_value=-9.24875e-05 -0.00680769 -0.0116328 0.000261107 0.00666215 0.0136224
internal_weight=20268 645 586 19623 1102 808
internal_count=20268 645 586 19623 1102 808
is_linear=0
shrinkage=0.05


Tree=271
num_leaves=7
num_cat=0
split_feature=47 50 36 36 39 36
split_gain=13.834 22.4603 30.7576 16.6009 57.0741 40.5184
threshold=0.6304403841495515 0.37267945706844335 0.78016537427902233 0.20674330741167071 -0.047239122912287705 0.41490533947944647
decision_type=2 8 10 10 2 10
left_child=1 2 -1 -2 -5 -6
right_child=3 -3 -4 4 5 -7
leaf_value=2.7408524147863508e-05 1.0052251521550788e-05 -3.9481829875167131e-05 0.00089043521775324726 0.00056877589962959607 -0.00016752943635187954 -1.0727239748408132e-05
leaf_weight=398 13772 197 70 141 1777 4025
leaf_count=398 13772 197 70 141 1777 4025
internal_value=-6.74516e-05 0.00690299 0.0128436 -0.000401876 -0.00261012 -0.00338815
internal_weight=20380 665 468 19715 5943 5802
internal_count=20380 665 468 19715 5943 5802
is_linear=0
shrinkage=0.05


Tree=272
num_leaves=7
num_cat=0
split_feature=27 46 45 27 26 47
split_gain=15.1306 36.9107 31.3094 33.1162 30.0421 42.6263
threshold=-0.037529146298766129 0.84704995155334484 0.18304008245468142 -0.013654885347932575 -0.011466229800134895 1.2487985491752627
decision_type=2 2 2 2 2 2
left_child=1 -1 -2 -4 -3 -6
right_child=2 4 3 -5 5 -7
leaf_value=0.000229661161581328 1.2574072862619298e-05 -5.1969554728008425e-05 0.00015500596579680182 -0.00049549075035028507 -0.00053301068691297951 0.00010290123839682916
leaf_weight=394 16889 2067 98 264 439 146
leaf_count=394 16889 2067 98 264 439 146
internal_value=-6.28017e-05 -0.00320387 0.000615728 -0.0138283 -0.00533496 -0.0152966
internal_weight=20297 3046 17251 362 2652 585
internal_count=20297 3046 17251 362 2652 585
is_linear=0
shrinkage=0.05


Tree=273
num_leaves=7
num_cat=0
split_feature=36 36 22 21 40 10
split_gain=12.4949 41.665 39.963 84.3919 37.0809 68.3755
threshold=0.41490533947944647 0.20674330741167071 0.42499999701976782 0.075000001117587103 0.12415176257491113 -0.08691833913326262
decision_type=8 10 2 2 2 2
left_child=1 -1 3 -3 5 -2
right_child=4 2 -4 -5 -6 -7
leaf_value=9.1210579737100759e-06 0.00072811495624258455 0.00011576387782117507 -6.421178242007598e-05 -0.00056201897522521749 -0.00029687710597895551 2.7692987057743261e-05
leaf_weight=13037 217 123 1393 404 458 4608
leaf_count=13037 217 123 1393 404 458 4608
internal_value=-6.29785e-05 -0.000496257 -0.00736364 -0.019032 0.00233075 0.00362836
internal_weight=20240 14957 1920 527 5283 4825
internal_count=20240 14957 1920 527 5283 4825
is_linear=0
shrinkage=0.05


Tree=274
num_leaves=7
num_cat=0
split_feature=8 35 36 46 46 27
split_gain=13.5063 40.9253 41.7473 33.6552 24.1094 28.1462
threshold=0.94136455655097973 -0.71284055709838856 -0.65841361880302418 1.0832018256187441 0.88231807947158825 0.036452280357480056
decision_type=2 10 10 2 2 2
left_child=-1 -2 3 -3 5 -4
right_child=1 2 4 -5 -6 -7
leaf_value=4.1431168547230838e-06 -0.00027269575177720125 0.0010210871043567977 -4.3082745728564984e-05 -0.00041485719637376732 -1.0480356286530601e-05 -0.00055022593610339749
leaf_weight=17635 365 182 192 52 1682 149
leaf_count=17635 365 182 192 52 1682 149
internal_value=-0.00012215 -0.00356871 -0.00102785 0.0187238 -0.00336538 -0.0153902
internal_weight=20257 2622 2257 234 2023 341
internal_count=20257 2622 2257 234 2023 341
is_linear=0
shrinkage=0.05


Tree=275
num_leaves=7
num_cat=0
split_feature=36 22 44 9 48 3
split_gain=11.8196 33.3378 36.6833 41.383 40.3458 32.6834
threshold=-0.82887965440750111 0.82500001788139354 0.14514036476612094 -0.013398666866123675 -1.3068882822990415 0.007845432963222267
decision_type=8 2 2 2 8 2
left_child=1 2 3 4 5 -1
right_child=-2 -3 -4 -5 -6 -7
leaf_value=0.00052505649415522584 3.9155893896452762e-06 -0.00049236904441699123 -0.00095853714414412749 -0.00018459056570696718 0.00042568487678641497 -0.00063917117559683992
leaf_weight=68 18982 377 97 224 391 118
leaf_count=68 18982 377 97 224 391 118
internal_value=-4.81196e-05 -0.00470703 0.000526024 0.00412531 0.0112113 -0.00772251
internal_weight=20257 1275 898 801 577 186
internal_count=20257 1275 898 801 577 186
is_linear=0
shrinkage=0.05


Tree=276
num_leaves=7
num_cat=0
split_feature=26 12 48 10 36 50
split_gain=11.1194 25.9497 33.2725 45.9883 30.0521 39.7593
threshold=0.098982293158769621 0.017372813075780872 1.8680770397186282 -0.066399861127138124 -0.2068582475185394 0.89486387372016918
decision_type=2 2 10 2 10 10
left_child=1 2 -1 4 5 -4
right_child=-2 -3 3 -5 -6 -7
leaf_value=9.4949582567969118e-07 4.5533405096840349e-05 -7.1685520763101291e-05 0.00063194658914883365 0.00059084805287859033 0.00072986795058251259 -0.00060513203749260102
leaf_weight=12288 3565 4091 68 187 63 116
leaf_count=12288 3565 4091 68 187 63 116
internal_value=-5.274e-05 -0.000572303 0.00054019 0.0140661 -9.92063e-05 -0.0104497
internal_weight=20378 16813 12722 434 247 184
internal_count=20378 16813 12722 434 247 184
is_linear=0
shrinkage=0.05


Tree=277
num_leaves=7
num_cat=0
split_feature=18 45 46 5 42 45
split_gain=14.4028 38.7444 35.5655 32.2034 34.0277 48.3306
threshold=0.27500000596046453 0.11529869213700296 1.1385878920555117 -0.8873334228992461 0.095879178494215025 0.080234024673700347
decision_type=2 2 2 2 2 2
left_child=1 2 3 -1 5 -5
right_child=-2 -3 -4 4 -6 -7
leaf_value=0.00038711309461762013 6.398774761137054e-06 0.00012125078577774821 -0.0003514278184931633 -5.414849638963784e-05 -0.00026393680782897661 0.00029627233734143168
leaf_weight=108 15343 1464 536 1651 763 523
leaf_count=108 15343 1464 536 1651 763 523
internal_value=-0.000101751 -0.00269802 -0.00550056 -0.00338525 -0.00439327 -0.00118173
internal_weight=20388 5045 3581 3045 2937 2174
internal_count=20388 5045 3581 3045 2937 2174
is_linear=0
shrinkage=0.05


Tree=278
num_leaves=7
num_cat=0
split_feature=10 48 21 1 10 36
split_gain=15.2834 25.9702 21.6603 14.3702 26.5879 33.5499
threshold=-0.18460358679294583 -0.97482523322105397 0.87500000000000011 -0.088295049965381608 0.17552861571311953 -0.2729909867048263
decision_type=2 8 2 2 2 10
left_child=1 -1 -3 4 5 -2
right_child=3 2 -4 -5 -6 -7
leaf_value=0.0005071434504266009 -2.2540039046630557e-05 -0.00013939607729005171 -0.0010444581522737453 2.7625647497649122e-06 -9.8698711259738317e-05 0.00049684277462283912
leaf_weight=133 231 105 98 18938 359 405
leaf_count=133 231 105 98 18938 359 405
internal_value=-3.82263e-05 -0.0101906 -0.021274 0.000482747 0.006325 0.0124415
internal_weight=20269 336 203 19933 995 636
internal_count=20269 336 203 19933 995 636
is_linear=0
shrinkage=0.05


Tree=279
num_leaves=7
num_cat=0
split_feature=3 42 50 47 42 0
split_gain=11.1739 39.501 38.5527 39.8667 35.7241 35.073
threshold=0.013032392133027317 0.12795344740152362 -1.2438338994979856 1.2694885134696963 0.15317037701606753 -0.018826864659786221
decision_type=2 2 10 2 2 2
left_child=4 -2 -3 -4 -1 -6
right_child=1 2 3 -5 5 -7
leaf_value=-3.8853928534749242e-07 0.00052035584292432931 0.00019664858570228214 -0.00040130929278426914 8.9075210246133596e-05 -0.00013823551463414108 0.00053725595927534388
leaf_weight=17234 219 518 1099 441 210 456
leaf_count=17234 219 518 1099 441 210 456
internal_value=-5.32653e-05 -0.00329755 -0.00546534 -0.00943366 0.000417481 0.0117362
internal_weight=20177 2277 2058 1540 17900 666
internal_count=20177 2277 2058 1540 17900 666
is_linear=0
shrinkage=0.05


Tree=280
num_leaves=7
num_cat=0
split_feature=11 38 48 43 36 39
split_gain=15.4566 25.6226 30.4694 50.3875 40.4827 40.4798
threshold=-0.0054597528651356688 0.034225855022668845 -2.5599025487899776 0.083284612745046629 -0.098513036966323839 0.02995458617806435
decision_type=2 2 10 2 10 2
left_child=1 2 3 4 -1 -5
right_child=-2 -3 -4 5 -6 -7
leaf_value=-1.91452891219858e-05 -1.0857185055882369e-05 0.00030264207254880902 5.7308125168772422e-05 -0.00053969907542758457 0.00052362830454236327 0.00010734667066116037
leaf_weight=217 13651 300 5551 383 66 129
leaf_count=217 13651 300 5551 383 66 129
internal_value=-3.3248e-05 0.00214629 0.0014604 -0.00765625 0.00911458 -0.0169729
internal_weight=20297 6646 6346 795 283 512
internal_count=20297 6646 6346 795 283 512
is_linear=0
shrinkage=0.05


Tree=281
num_leaves=7
num_cat=0
split_feature=10 32 21 46 36 47
split_gain=13.5617 43.7894 13.2747 11.9341 45.015 26.252
threshold=-0.18460358679294583 -0.78858280181884755 0.87500000000000011 0.73646843433380138 -0.36603672802448267 0.69640472531318676
decision_type=2 2 2 2 8 2
left_child=1 2 -1 4 -2 -6
right_child=3 -3 -4 -5 5 -7
leaf_value=0.00065180500345680742 -0.00032180892634439364 -0.00062641980063961745 -0.00011171802887470747 -2.0413082873887275e-06 -2.5201825630278946e-05 0.00018433232655326029
leaf_weight=71 192 173 92 19129 84 661
leaf_count=71 192 173 92 19129 84 661
internal_value=-2.32763e-05 -0.00989736 0.00848214 0.000158188 0.00565287 0.0112333
internal_weight=20402 336 163 20066 937 745
internal_count=20402 336 163 20066 937 745
is_linear=0
shrinkage=0.05


Tree=282
num_leaves=7
num_cat=0
split_feature=21 10 50 49 15 43
split_gain=14.3054 20.4278 34.5127 38.8483 30.4212 24.8085
threshold=0.97499999403953563 -0.14909878373146054 -0.83407399058341969 -0.83100703358650196 0.47499999403953558 0.15485148131847384
decision_type=2 2 8 8 2 2
left_child=-1 5 -3 -4 -5 -2
right_child=1 2 3 4 -6 -7
leaf_value=-5.4533035654115573e-06 -0.0012426206067599106 0.0005279930335128644 -0.0010968158831049159 0.0004737341820555705 -1.8310553820864632e-05 0.00046511104943838463
leaf_weight=19323 65 235 85 192 389 65
leaf_count=19323 65 235 85 192 389 65
internal_value=-5.7714e-05 0.00571911 0.00841611 0.00249627 0.0072099 -0.0124074
internal_weight=20354 1031 901 666 581 130
internal_count=20354 1031 901 666 581 130
is_linear=0
shrinkage=0.05


Tree=283
num_leaves=7
num_cat=0
split_feature=0 36 43 39 26 0
split_gain=15.3511 32.6076 31.6761 18.8626 40.3239 35.9721
threshold=0.07643603160977365 0.2930015921592713 0.14356902986764911 -0.01522282464429736 -0.1150783523917198 -0.0051332060247659675
decision_type=2 8 2 2 2 2
left_child=3 2 -2 4 -1 -6
right_child=1 -3 -4 -5 5 -7
leaf_value=-0.00038088018755891686 -0.00060850460954902567 0.00040301513415521607 2.0986971337951141e-05 1.6774098650170297e-05 -9.7130673505134327e-05 4.7385177560704144e-05
leaf_weight=326 294 117 236 15860 1693 1908
leaf_count=326 294 117 236 15860 1693 1908
internal_value=-5.74881e-05 -0.00755368 -0.0128505 0.000243785 -0.00285478 -0.00131032
internal_weight=20434 647 530 19787 3927 3601
internal_count=20434 647 530 19787 3927 3601
is_linear=0
shrinkage=0.05


Tree=284
num_leaves=7
num_cat=0
split_feature=0 39 23 43 42 42
split_gain=16.1921 34.9106 30.2288 25.4668 20.5636 16.8655
threshold=0.07643603160977365 0.0039081380236893901 0.0068194870837032804 0.14878887683153155 0.15317037701606753 0.102775726467371
decision_type=2 2 2 2 2 2
left_child=5 2 -2 -3 -5 -1
right_child=1 3 -4 4 -6 -7
leaf_value=-1.4501350165533229e-05 0.00056089739269719614 -0.00057807937907157437 -0.00025658061274689349 0.00064872495722247071 -0.00057432557127777637 3.9717317437369704e-05
leaf_weight=11378 136 294 108 62 59 8241
leaf_count=11378 136 294 108 62 59 8241
internal_value=-6.77908e-05 -0.00771837 0.00712851 -0.0164881 0.00257937 0.000220393
internal_weight=20278 659 244 415 121 19619
internal_count=20278 659 244 415 121 19619
is_linear=0
shrinkage=0.05


Tree=285
num_leaves=7
num_cat=0
split_feature=23 9 24 10 27 45
split_gain=12.1184 23.5995 22.6767 23.475 21.6193 28.2955
threshold=-0.0060951425693929187 -0.12034809216856955 -0.14463941752910611 -0.18460358679294583 -0.053100224584341042 0.12597177177667621
decision_type=2 2 2 2 2 2
left_child=-1 -2 -3 -4 5 -5
right_child=1 2 3 4 -6 -7
leaf_value=3.1050961182295176e-05 -0.00061757459282725676 0.0010412072691796173 -0.00062895825666467215 -0.00096822310976059931 -5.7103926186301744e-06 8.7585223498980444e-06
leaf_weight=6964 64 107 121 167 12697 190
leaf_count=6964 64 107 121 167 12697 190
internal_value=-9.72188e-05 -0.000896937 -0.000743208 -0.000935129 -0.000725553 -0.0127762
internal_weight=20310 13346 13282 13175 13054 357
internal_count=20310 13346 13282 13175 13054 357
is_linear=0
shrinkage=0.05


Tree=286
num_leaves=7
num_cat=0
split_feature=19 44 36 44 41 26
split_gain=12.0559 35.6876 45.8415 43.1404 36.0234 27.2787
threshold=0.17500000447034839 0.098444141447544112 -0.59252068400382985 0.078965641558170332 0.10873907804489137 -0.015317601151764391
decision_type=2 2 8 2 2 2
left_child=1 2 5 -4 -5 -1
right_child=-2 -3 3 4 -6 -7
leaf_value=-2.2636643269312025e-05 5.4327002782305768e-06 -0.00016097002602823195 -1.8349456652308218e-05 0.00049773491319105251 -0.00014310393347659943 -0.0006577634320857113
leaf_weight=241 17373 1355 657 474 118 174
leaf_count=241 17373 1355 657 474 118 174
internal_value=-2.32877e-05 -0.0030506 0.00184242 0.00663876 0.0163735 -0.0124405
internal_weight=20392 3019 1664 1249 592 415
internal_count=20392 3019 1664 1249 592 415
is_linear=0
shrinkage=0.05


Tree=287
num_leaves=7
num_cat=0
split_feature=26 36 38 35 30 36
split_gain=12.0035 37.2283 39.767 39.3672 31.8945 30.894
threshold=-0.015317601151764391 0.41490533947944647 0.00092503934865817438 -0.83558541536331166 30.271517753601078 0.18002957105636599
decision_type=2 8 2 10 2 10
left_child=1 3 4 -1 -3 -5
right_child=-2 2 -4 5 -6 -7
leaf_value=0.00036131483813934884 -1.9447623271340028e-05 -3.2681344945577169e-05 -1.1354091263193583e-05 -1.5876765086067155e-06 0.00028404201477814234 -0.00019157829716809295
leaf_weight=337 11815 178 701 5922 769 652
leaf_count=337 11815 178 701 5922 769 652
internal_value=-1.84013e-05 0.00122898 0.00797036 -0.000379555 0.0146271 -0.00124259
internal_weight=20374 8559 1648 6911 947 6574
internal_count=20374 8559 1648 6911 947 6574
is_linear=0
shrinkage=0.05


Tree=288
num_leaves=7
num_cat=0
split_feature=35 24 22 43 8 3
split_gain=11.6802 32.4958 25.2213 39.5548 31.0368 23.7834
threshold=0.80738040804862987 0.029042124748229984 0.22500000149011615 0.096446882933378233 0.13157671689987185 0.0060087814927101144
decision_type=8 2 2 2 2 2
left_child=-1 2 5 4 -4 -2
right_child=1 -3 3 -5 -6 -7
leaf_value=1.1680995486342688e-06 0.0006251848853373569 -0.00034221228152073093 0.00011200476558032225 0.00056529462872051948 -0.0003786040202292826 5.3540405601056728e-05
leaf_weight=19411 63 184 108 91 214 183
leaf_count=19411 63 184 108 91 214 183
internal_value=-9.25515e-05 -0.00592571 -0.00064006 -0.00819378 -0.0164373 0.0118526
internal_weight=20254 843 659 413 322 246
internal_count=20254 843 659 413 322 246
is_linear=0
shrinkage=0.05


Tree=289
num_leaves=7
num_cat=0
split_feature=44 42 17 16 12 35
split_gain=11.609 39.8694 28.3799 40.8036 35.0533 33.9559
threshold=0.083516556769609465 0.098948687314987196 0.27500000596046453 0.47499999403953558 0.011612612288445236 -0.49827945232391352
decision_type=2 2 2 2 2 10
left_child=1 2 5 4 -4 -1
right_child=-2 -3 3 -5 -6 -7
leaf_value=-0.00039641628609191401 -1.3937132194734413e-05 -0.00040842637564521132 0.00018907704753493875 7.7828608013156367e-06 2.3435559372649561e-05 4.8982550224879264e-06
leaf_weight=341 14327 58 1004 2763 585 1133
leaf_count=341 14327 58 1004 2763 585 1133
internal_value=-2.84428e-05 0.00184666 0.00227662 0.00430916 0.0106807 -0.00370183
internal_weight=20211 5884 5826 4352 1589 1474
internal_count=20211 5884 5826 4352 1589 1474
is_linear=0
shrinkage=0.05


Tree=290
num_leaves=7
num_cat=0
split_feature=37 27 48 12 10 27
split_gain=14.1085 14.1456 21.4394 24.5128 24.0004 17.2606
threshold=0.00018428072507958862 0.066552676260471358 0.80840983986854564 0.12387423962354661 0.063294850289821639 0.018419638276100162
decision_type=2 2 10 2 2 2
left_child=-1 5 -3 4 -4 -2
right_child=1 2 3 -5 -6 -7
leaf_value=-2.5004975079803857e-05 2.2645522007781617e-06 -0.00029428438171849965 -7.2128702638184152e-05 -0.00028307182967412614 0.0009290837833418027 9.1605741553873335e-05
leaf_weight=9811 7272 252 120 166 111 2485
leaf_count=9811 7272 252 120 166 111 2485
internal_value=-0.000166897 0.000958121 -0.00615443 0.00105721 0.0115466 0.00143669
internal_weight=20217 10406 649 397 231 9757
internal_count=20217 10406 649 397 231 9757
is_linear=0
shrinkage=0.05


Tree=291
num_leaves=7
num_cat=0
split_feature=28 39 47 39 38 46
split_gain=16.3862 22.0306 30.0401 22.7797 19.9881 19.2968
threshold=0.014902104623615743 0.066379044204950347 0.98539635539054882 0.0094885872676968592 -0.0058026004116982213 1.0735953450202944
decision_type=2 2 2 2 2 2
left_child=-1 2 -2 4 -4 -5
right_child=1 -3 3 5 -6 -7
leaf_value=5.4692386485423244e-06 1.0216648831660146e-05 0.00045610112521425123 -0.00028819354784668621 5.5713577434730877e-05 -0.00068464641351266011 -0.00037407410209933052
leaf_weight=17625 1302 90 289 398 175 309
leaf_count=17625 1302 90 289 398 175 309
internal_value=-4.82841e-05 -0.00386488 -0.00477199 -0.0105655 -0.0191365 -0.00481039
internal_weight=20188 2563 2473 1171 464 707
internal_count=20188 2563 2473 1171 464 707
is_linear=0
shrinkage=0.05


Tree=292
num_leaves=7
num_cat=0
split_feature=5 48 22 36 36 21
split_gain=15.3069 25.3612 16.8205 29.5047 50.5239 46.2924
threshold=-0.8873334228992461 -0.46334770321846003 0.62500000000000011 0.41490533947944647 0.20674330741167071 0.075000001117587103
decision_type=2 8 2 10 10 2
left_child=1 -1 3 4 -2 -6
right_child=2 -3 -4 -5 5 -7
leaf_value=3.9422725907164568e-05 -2.5881661919204362e-05 0.00098964592091643029 2.7360856759644874e-05 2.6388396911071913e-05 0.00010331694331946177 -0.00033455265285966553
leaf_weight=279 7229 64 8027 3704 128 917
leaf_count=279 7229 64 8027 3704 128 917
internal_value=-1.84248e-05 0.0101293 -0.000446027 -0.00163356 -0.00329448 -0.0135476
internal_weight=20348 343 20005 11978 8274 1045
internal_count=20348 343 20005 11978 8274 1045
is_linear=0
shrinkage=0.05


Tree=293
num_leaves=7
num_cat=0
split_feature=11 27 45 0 7 48
split_gain=13.0681 17.9081 42.8279 27.4293 43.734 44.9144
threshold=-0.0054597528651356688 -0.0061085734050720921 0.18304008245468142 0.032736431807279594 0.76229059696197521 0.44928385317325598
decision_type=2 2 2 2 2 8
left_child=-1 -2 3 -3 -5 -6
right_child=1 2 -4 4 5 -7
leaf_value=3.482184778577476e-05 -7.5496221450789303e-05 -3.5838745422363437e-06 -0.00053914242065530849 0.00048417533615784678 -0.00014426070493429107 0.00033840459645410832
leaf_weight=6643 3779 8984 143 277 345 220
leaf_count=6643 3779 8984 143 277 345 220
internal_value=-9.19298e-05 -0.000936159 0.00017295 0.000577256 0.00917946 0.00109649
internal_weight=20391 13748 9969 9826 842 565
internal_count=20391 13748 9969 9826 842 565
is_linear=0
shrinkage=0.05


Tree=294
num_leaves=7
num_cat=0
split_feature=45 44 11 17 9 44
split_gain=12.0283 36.4925 40.0449 49.1948 55.4802 40.5137
threshold=0.080234024673700347 0.083516556769609465 0.0094932788051664847 0.27500000596046453 -0.065070983022451387 0.07798017188906671
decision_type=2 2 2 2 2 2
left_child=1 2 3 4 -1 -6
right_child=-2 -3 -4 -5 5 -7
leaf_value=0.00042141741475557049 1.7775447016557571e-05 -7.4290699980413065e-05 -0.00020284146972876271 8.0469257521223995e-05 -0.00019213613228860954 0.00036966369101962759
leaf_weight=95 13331 2348 785 2600 931 147
leaf_count=95 13331 2348 785 2600 931 147
internal_value=-7.78085e-05 -0.00164593 0.000958799 0.00310349 -0.00536927 -0.00865651
internal_weight=20237 6906 4558 3773 1173 1078
internal_count=20237 6906 4558 3773 1173 1078
is_linear=0
shrinkage=0.05


Tree=295
num_leaves=7
num_cat=0
split_feature=44 45 44 12 21 42
split_gain=12.3273 31.3575 28.8821 58.5648 70.4487 33.6902
threshold=0.080620508641004576 0.080234024673700347 0.095416579395532622 0.0035665816394612197 0.17500000447034839 0.077168159186840071
decision_type=2 2 2 2 2 2
left_child=-1 2 3 4 -2 -5
right_child=1 -3 -4 5 -6 -7
leaf_value=2.583500338005562e-05 -0.00034995798927503577 3.6024729497014939e-06 5.8648834673355079e-06 -0.00063667112291506528 9.8201974729287698e-05 -0.00017728507505106747
leaf_weight=5272 294 12356 1056 280 744 346
leaf_count=5272 294 12356 1056 280 744 346
internal_value=-5.28178e-05 -0.000860354 -0.0057156 -0.00981126 -0.00246884 -0.0218304
internal_weight=20348 15076 2720 1664 1038 626
internal_count=20348 15076 2720 1664 1038 626
is_linear=0
shrinkage=0.05


Tree=296
num_leaves=7
num_cat=0
split_feature=10 32 28 35 32 45
split_gain=11.1896 37.9368 14.7618 11.5956 23.9639 21.3889
threshold=-0.18460358679294583 -0.78858280181884755 -0.0097575555555522425 0.80738040804862987 0.35054402053356176 0.059491248801350601
decision_type=2 2 2 8 2 2
left_child=1 2 -1 -2 5 -5
right_child=3 -3 -4 4 -6 -7
leaf_value=-0.00048724055965055171 3.8248725708159627e-06 -0.00054358891819065048 0.00062092873877601755 0.00042145596892445867 -0.00043296323561719705 -8.2721078731564423e-05
leaf_weight=64 19079 169 95 75 165 614
leaf_count=64 19079 169 95 75 165 614
internal_value=-5.79789e-05 -0.00923423 0.00807927 6.26944e-06 -0.0056752 -0.00147695
internal_weight=20261 328 159 19933 854 689
internal_count=20261 328 159 19933 854 689
is_linear=0
shrinkage=0.05


Tree=297
num_leaves=7
num_cat=0
split_feature=32 10 40 21 1 38
split_gain=13.0755 40.1182 22.9092 35.7557 36.2503 38.885
threshold=-0.78858280181884755 -0.18460358679294583 0.06561074405908586 0.72499999403953563 0.011483112815767528 -0.010783429723232983
decision_type=2 2 2 2 2 2
left_child=2 -2 -1 4 -4 -6
right_child=1 -3 3 -5 5 -7
leaf_value=0.00018458564926859689 -0.00051143883762887372 -4.3933371085891956e-06 0.0002057313961312968 0.00025781089847322369 0.00019524913361597211 -0.0002827120032310649
leaf_weight=322 175 18102 160 616 258 658
leaf_count=322 175 18102 160 616 258 658
internal_value=-8.25286e-05 -0.000537414 0.00370233 0.0013406 -0.00413969 -0.0080076
internal_weight=20291 18277 2014 1692 1076 916
internal_count=20291 18277 2014 1692 1076 916
is_linear=0
shrinkage=0.05


Tree=298
num_leaves=7
num_cat=0
split_feature=18 44 21 22 44 9
split_gain=14.1119 37.1005 22.1039 41.3057 22.395 26.0661
threshold=0.27500000596046453 0.13054222613573077 0.57500001788139354 0.92499998211860668 0.15712169557809832 -0.01956059597432613
decision_type=2 2 2 2 2 2
left_child=1 -1 -3 -4 5 -5
right_child=-2 2 3 4 -6 -7
leaf_value=-6.9347416194833722e-05 3.6077422673312393e-06 -0.00011269528561946739 0.00063224214361094874 0.00047664423558285571 -0.0010053848944689863 -0.00033397686749871836
leaf_weight=4391 15189 116 240 188 77 60
leaf_count=4391 15189 116 240 188 77 60
internal_value=-4.31758e-05 -0.00275261 0.00805394 0.0121491 0.000378788 0.00780632
internal_weight=20261 5072 681 565 325 248
internal_count=20261 5072 681 565 325 248
is_linear=0
shrinkage=0.05


Tree=299
num_leaves=7
num_cat=0
split_feature=22 3 22 40 3 29
split_gain=13.5452 27.4019 34.1388 31.7731 37.9399 61.0364
threshold=0.57500001788139354 0.0066170771606266507 0.37500000000000006 0.061192322522401817 0.0079817627556622046 -0.055591451004147523
decision_type=2 2 2 2 2 2
left_child=1 2 -1 -3 5 -5
right_child=-2 3 -4 4 -6 -7
leaf_value=3.3739063873851598e-06 2.7995379716066291e-05 0.00012178110716250515 0.00022806924551872152 0.00060927631790646576 -3.5804018930449118e-05 -0.00020499365694797781
leaf_weight=3154 9091 868 464 100 4430 1983
leaf_count=3154 9091 868 464 100 4430 1983
internal_value=-9.82832e-05 -0.00127454 0.00228402 -0.00302261 -0.00422292 -0.00978209
internal_weight=20090 10999 3618 7381 6513 2083
internal_count=20090 10999 3618 7381 6513 2083
is_linear=0
shrinkage=0.05


Tree=300
num_leaves=7
num_cat=0
split_feature=22 3 44 46 22 12
split_gain=12.0478 34.9463 42.8817 48.6014 74.0245 43.5916
threshold=0.57500001788139354 0.010420666076242925 0.10472008585929872 1.2330791354179385 0.82500001788139354 1.0000000180025095e-35
decision_type=2 2 2 2 2 2
left_child=-1 2 3 4 5 -2
right_child=1 -3 -4 -5 -6 -7
leaf_value=-1.6806281426818706e-05 0.00057917581871159626 -3.0435897909166998e-05 0.00022710630370182205 0.00075630882651698368 -0.00057230822065934062 -1.9559883742873308e-05
leaf_weight=11152 213 5811 1503 231 359 1060
leaf_count=11152 213 5811 1503 231 359 1060
internal_value=-0.000121717 0.0011027 0.00515426 6.69165e-05 -0.00297801 0.00267997
internal_weight=20329 9177 3366 1863 1632 1273
internal_count=20329 9177 3366 1863 1632 1273
is_linear=0
shrinkage=0.05


Tree=301
num_leaves=7
num_cat=0
split_feature=36 10 50 6 7 1
split_gain=16.5409 25.1122 27.924 33.807 39.1027 32.0564
threshold=0.81429642438888561 -0.072402313351631151 0.47914569079875952 0.69382384419441234 0.77782857418060314 0.057538203895092017
decision_type=8 2 8 2 2 2
left_child=-1 -2 3 4 -3 -4
right_child=1 2 5 -5 -6 -7
leaf_value=-5.2749670178624773e-06 0.00060379188215433125 0.00014177863998521769 -8.7717441285060373e-05 0.00060114706000426697 -0.00038194176073382403 0.00027916716124841222
leaf_weight=18358 178 383 811 210 70 139
leaf_count=18358 178 383 811 210 70 139
internal_value=-6.82247e-05 0.00469098 0.00267305 0.0105165 0.00267467 -0.00280105
internal_weight=20149 1791 1613 663 453 950
internal_count=20149 1791 1613 663 453 950
is_linear=0
shrinkage=0.05


Tree=302
num_leaves=7
num_cat=0
split_feature=4 47 48 35 47 3
split_gain=9.24174 36.3689 22.4122 26.4395 41.0556 36.2058
threshold=0.63913801312446605 1.2338294386863711 0.59275412559509288 -0.68967264890670765 0.98539635539054882 0.0077300656121224174
decision_type=2 2 8 8 2 2
left_child=-1 2 -2 -4 5 -5
right_child=1 -3 3 4 -6 -7
leaf_value=5.3638250062579102e-06 -7.855978069659696e-05 -0.00026830633077359726 -0.0001273934948823371 1.6978586510760229e-05 -0.0001304461347498922 0.00057574098921252552
leaf_weight=16131 1712 479 417 476 454 669
leaf_count=16131 1712 479 417 476 454 669
internal_value=-0.000136411 -0.00223765 -0.000555853 0.00300594 0.00593828 0.0109783
internal_weight=20338 4207 3728 2016 1599 1145
internal_count=20338 4207 3728 2016 1599 1145
is_linear=0
shrinkage=0.05


Tree=303
num_leaves=7
num_cat=0
split_feature=37 18 26 46 10 44
split_gain=10.4671 15.7979 11.966 29.2026 31.1574 24.6084
threshold=-0.0096759740263223631 0.37500000000000006 -0.015317601151764391 1.0640688538551333 -0.024204703047871586 0.062993790954351439
decision_type=2 2 2 2 2 2
left_child=1 -1 3 4 5 -2
right_child=2 -3 -4 -5 -6 -7
leaf_value=-0.00031410718391345743 -0.00019504328984008639 -1.1344121782798259e-05 -1.1779037687266462e-05 -8.8390063831278939e-05 0.00013585846574201837 5.0978593450693588e-05
leaf_weight=119 254 231 11540 2100 891 5079
leaf_count=119 254 231 11540 2100 891 5079
internal_value=-0.000132301 -0.00838028 0.000280588 0.0017259 0.00344758 0.00199045
internal_weight=20214 350 19864 8324 6224 5333
internal_count=20214 350 19864 8324 6224 5333
is_linear=0
shrinkage=0.05


Tree=304
num_leaves=7
num_cat=0
split_feature=44 11 21 35 44 22
split_gain=12.5163 29.4108 44.1678 38.383 40.3088 31.8094
threshold=0.083516556769609465 0.010248591657727959 0.62500000000000011 0.74409368634223949 0.066888868808746352 0.075000001117587103
decision_type=2 2 2 10 2 2
left_child=1 3 -3 4 5 -1
right_child=-2 2 -4 -5 -6 -7
leaf_value=2.1966984548201795e-05 -1.8795048453909913e-05 -0.00022053180026558258 0.00041909909924119483 0.00038588520307612583 0.00011027557098905919 -0.00013129345943064193
leaf_weight=576 14438 913 175 304 2638 1285
leaf_count=576 14438 913 175 304 2638 1285
internal_value=-0.000141389 0.00156462 -0.00583257 0.00324979 0.00207038 -0.00355038
internal_weight=20329 5891 1088 4803 4499 1861
internal_count=20329 5891 1088 4803 4499 1861
is_linear=0
shrinkage=0.05


Tree=305
num_leaves=7
num_cat=0
split_feature=10 32 22 13 44 48
split_gain=10.9089 33.0137 24.2385 12.6667 11.8937 46.1543
threshold=-0.18460358679294583 -0.74278229475021351 0.97499999403953563 -0.021776049397885796 0.14514036476612094 -0.46334770321846003
decision_type=2 2 2 2 2 8
left_child=1 2 3 -1 -2 -6
right_child=4 -3 -4 -5 5 -7
leaf_value=0.0013257337478298301 -4.089987971416865e-06 -0.00069567264035477782 -0.0004646122279460095 5.1250843215276634e-05 0.00070088635352035097 4.3477697325136103e-06
leaf_weight=57 18431 136 78 58 265 1240
leaf_count=57 18431 136 78 58 265 1240
internal_value=-0.000107301 -0.00905689 0.00416667 0.0185417 5.3909e-05 0.00432119
internal_weight=20265 329 193 115 19936 1505
internal_count=20265 329 193 115 19936 1505
is_linear=0
shrinkage=0.05


Tree=306
num_leaves=7
num_cat=0
split_feature=27 36 35 22 47 32
split_gain=14.108 16.1175 28.3241 36.9705 29.6218 42.7749
threshold=0.1005651392042637 0.69269269704818737 0.78233981132507335 0.27500000596046453 0.65808573365211498 -0.2731270939111709
decision_type=2 8 8 2 2 2
left_child=1 -1 -3 -4 -5 -6
right_child=-2 2 3 4 5 -7
leaf_value=-9.1140961786578092e-06 -0.0001875124652956398 9.8801143365121781e-05 0.0002055942899380726 0.00059111029589670259 1.3159031898214366e-05 -0.00043363067718134925
leaf_weight=17251 323 1573 410 74 316 349
leaf_count=17251 323 1573 410 74 316 349
internal_value=-3.32496e-05 1.12624e-05 0.00358453 -0.00236135 -0.00903898 -0.0124254
internal_weight=20296 19973 2722 1149 739 665
internal_count=20296 19973 2722 1149 739 665
is_linear=0
shrinkage=0.05


Tree=307
num_leaves=7
num_cat=0
split_feature=5 46 41 27 47 43
split_gain=11.5503 17.4517 18.5589 15.7731 31.3976 49.2373
threshold=-0.8873334228992461 1.1385878920555117 0.11707798019051553 -0.037529146298766129 0.98539635539054882 0.10255235061049463
decision_type=2 2 2 2 2 2
left_child=1 2 -1 4 -2 -6
right_child=3 -3 -4 -5 5 -7
leaf_value=0.00048157113140215557 -0.00022994284778212815 -8.1879850148265933e-05 -4.5600663807648528e-05 2.1140222239854346e-06 0.00033881261162256582 -0.00010025610412007238
leaf_weight=139 985 141 55 17230 317 1400
leaf_count=139 985 141 55 17230 317 1400
internal_value=-0.000127022 0.00889706 0.0184673 -0.000394994 -0.00394348 0.000130662
internal_weight=20267 335 194 19932 2702 1717
internal_count=20267 335 194 19932 2702 1717
is_linear=0
shrinkage=0.05


Tree=308
num_leaves=7
num_cat=0
split_feature=0 36 43 39 26 26
split_gain=12.8842 36.039 22.7872 15.9539 29.0435 38.3706
threshold=0.07643603160977365 0.2930015921592713 0.14356902986764911 -0.018792528659105297 -0.1150783523917198 0.055794315412640579
decision_type=2 8 2 2 2 2
left_child=3 2 -2 4 -1 -6
right_child=1 -3 -4 -5 5 -7
leaf_value=-0.00037569820536869931 -0.00058057580675577867 0.00037359778746213899 -1.8073389089800185e-05 1.6836353251372489e-05 3.1579435782467102e-05 -0.00013743285545214309
leaf_weight=262 301 120 228 16436 2088 915
leaf_count=262 301 120 228 16436 2088 915
internal_value=-3.80742e-05 -0.00676606 -0.0124064 0.00036664 -0.0028211 -0.00140459
internal_weight=20350 649 529 19701 3265 3003
internal_count=20350 649 529 19701 3265 3003
is_linear=0
shrinkage=0.05


Tree=309
num_leaves=7
num_cat=0
split_feature=34 47 45 3 36 47
split_gain=10.6382 20.0409 14.5295 14.4691 11.046 20.3511
threshold=-0.8873334228992461 0.92381009459495556 0.07883716002106668 0.0077300656121224174 0.69269269704818737 0.76670905947685253
decision_type=2 2 2 2 8 2
left_child=1 2 -1 -3 -2 -6
right_child=4 3 -4 -5 5 -7
leaf_value=5.9628408075123632e-05 -1.1987164198871568e-05 0.0004193790779248745 0.0012004591071109944 -0.00015085250395851344 0.00012599602487906036 1.3379438715162718e-06
leaf_weight=64 17179 57 56 152 731 2012
leaf_count=64 17179 57 56 152 731 2012
internal_value=-5.30707e-05 0.00875749 0.0246 -0.000584112 -0.000239625 0.00270197
internal_weight=20251 329 120 209 19922 2743
internal_count=20251 329 120 209 19922 2743
is_linear=0
shrinkage=0.05


Tree=310
num_leaves=7
num_cat=0
split_feature=0 39 7 48 46 48
split_gain=14.0811 34.0249 29.5059 49.7293 38.6544 32.3731
threshold=0.032736431807279594 -0.047239122912287705 0.76229059696197521 0.88272601366043102 0.99366092681884777 -1.524229049682617
decision_type=2 2 2 8 2 10
left_child=-1 -2 4 -4 5 -3
right_child=1 2 3 -5 -6 -7
leaf_value=-9.5855625125951606e-06 0.0010449846602974004 -2.4179141949944897e-06 -0.00019412597158901753 0.0002838703228258563 -3.5819777975490179e-05 0.00033032224980204095
leaf_weight=16756 99 413 879 293 1051 847
leaf_count=16756 99 413 879 293 1051 847
internal_value=-0.000102001 0.00280875 0.00195671 -0.00448173 0.00523532 0.0111265
internal_weight=20338 3582 3483 1172 2311 1260
internal_count=20338 3582 3483 1172 2311 1260
is_linear=0
shrinkage=0.05


Tree=311
num_leaves=7
num_cat=0
split_feature=21 42 35 35 44 13
split_gain=11.7092 46.3209 52.0511 61.0076 53.2908 56.1913
threshold=0.47499999403953558 0.065454322844743743 0.15508352965116504 0.03935340233147145 0.13254270702600482 0.029315561987459663
decision_type=2 2 8 10 2 2
left_child=-1 -2 3 -3 -4 -6
right_child=1 2 4 -5 5 -7
leaf_value=-1.7918864316075935e-05 0.00029156236027611508 1.7429271054424361e-05 -0.00018185333834003334 0.00030112135301287924 0.00047663135428832165 -0.00052274215344085971
leaf_weight=9165 362 7504 2037 939 299 51
leaf_count=9165 362 7504 2037 939 299 51
internal_value=-0.000116639 0.000989104 0.000394555 0.00224018 -0.00611413 0.0117606
internal_weight=20357 11192 10830 8443 2387 350
internal_count=20357 11192 10830 8443 2387 350
is_linear=0
shrinkage=0.05


Tree=312
num_leaves=7
num_cat=0
split_feature=1 10 47 47 34 0
split_gain=15.6832 25.845 28.277 31.4255 26.027 23.7351
threshold=-0.071905646473169313 -0.07901600748300551 1.2003747820854189 1.2694885134696963 0.54642558097839367 0.035737538710236556
decision_type=2 2 2 2 2 2
left_child=1 -1 -3 4 -4 -5
right_child=-2 2 3 5 -6 -7
leaf_value=-0.00065807562024136623 -1.0062642432968363e-05 0.00016451536571477832 -0.00047360272429501638 0.00028359319177900989 0.00030757479664279364 -0.00056095365684260005
leaf_weight=83 18704 933 217 294 54 56
leaf_count=83 18704 933 217 294 54 56
internal_value=-0.000141305 0.00446102 0.00594933 -0.00227636 -0.0149457 0.00753521
internal_weight=20341 1637 1554 621 271 350
internal_count=20341 1637 1554 621 271 350
is_linear=0
shrinkage=0.05


Tree=313
num_leaves=7
num_cat=0
split_feature=42 3 47 22 47 1
split_gain=10.5054 46.9334 37.4858 32.7571 32.4133 50.916
threshold=0.102775726467371 0.01016959408298135 0.86049172282218944 0.92499998211860668 0.74813905358314525 -0.0017262466135434804
decision_type=2 2 2 2 2 2
left_child=1 2 3 -1 5 -2
right_child=4 -3 -4 -5 -6 -7
leaf_value=-2.7959820355538604e-05 -4.8895282803560103e-05 -0.00034816603659430426 5.4129747766234278e-05 -0.0006065753769512914 5.0951141870271648e-06 0.00060698845696728675
leaf_weight=5122 306 698 5545 143 8112 417
leaf_count=5122 306 698 5545 143 8112 417
internal_value=-7.74032e-05 -0.00110093 -0.000284327 -0.00330645 0.00119061 0.0112981
internal_weight=20343 11508 10810 5265 8835 723
internal_count=20343 11508 10810 5265 8835 723
is_linear=0
shrinkage=0.05


Tree=314
num_leaves=7
num_cat=0
split_feature=45 35 21 25 35 39
split_gain=13.7698 44.9831 28.5222 21.0744 19.3865 21.551
threshold=0.052401376888155944 0.59820640087127697 0.47499999403953558 0.018537912517786029 0.80738040804862987 -0.028555613942444321
decision_type=2 10 2 2 8 2
left_child=1 2 -1 -3 -2 -6
right_child=4 3 -4 -5 5 -7
leaf_value=-1.1480864670789747e-05 -1.6685336611419951e-06 0.00068986709674598778 0.00041851397130139578 0.00010563412917782157 0.00015294025307587315 -0.000152913867475414
leaf_weight=1001 18104 122 117 54 100 695
leaf_count=1001 18104 122 117 54 100 695
internal_value=-0.000157194 0.00490762 0.00113535 0.0280387 -0.000413934 -0.00803125
internal_weight=20193 1294 1118 176 18899 795
internal_count=20193 1294 1118 176 18899 795
is_linear=0
shrinkage=0.05


Tree=315
num_leaves=7
num_cat=0
split_feature=48 45 36 50 10 39
split_gain=12.2395 50.9689 38.3668 39.197 47.4999 33.9655
threshold=-1.9260837435722349 0.15102086961269381 0.54225829243659984 -0.60569465160369862 0.011000270489603283 -0.009064513258635996
decision_type=10 2 10 10 2 2
left_child=1 2 3 4 -1 -5
right_child=-2 -3 -4 5 -6 -7
leaf_value=1.6057819570892064e-05 6.0306866340051772e-06 0.00080201798090592628 7.6767205089899536e-05 -2.4372025078575264e-05 -0.00028544851783299821 -0.00080203154359584404
leaf_weight=1372 17224 119 480 228 514 418
leaf_count=1372 17224 119 480 228 514 418
internal_value=-0.000160855 -0.00297353 -0.00426748 -0.00673039 -0.00305394 -0.0173195
internal_weight=20355 3131 3012 2532 1886 646
internal_count=20355 3131 3012 2532 1886 646
is_linear=0
shrinkage=0.05


Tree=316
num_leaves=7
num_cat=0
split_feature=23 9 0 20 50 26
split_gain=14.6286 22.85 20.4136 27.0206 18.9606 21.1482
threshold=-0.0060951425693929187 -0.12034809216856955 0.013160814996808769 0.92499998211860668 -1.8702495694160459 -0.1357237175107002
decision_type=2 2 2 2 10 2
left_child=2 -2 3 -1 5 -4
right_child=1 -3 4 -5 -6 -7
leaf_value=-2.305741334305703e-05 -0.00035377651268793858 -1.2434090263607329e-05 0.00034698301219326759 0.00021585842283979403 0.00015616236867091715 -0.00010363258377531692
leaf_weight=4219 66 13243 118 368 1853 532
leaf_count=4219 66 13243 118 368 1853 532
internal_value=-8.20917e-05 -0.000925717 0.00188513 -9.25523e-05 0.00551236 -0.00179389
internal_weight=20399 13309 7090 4587 2503 650
internal_count=20399 13309 7090 4587 2503 650
is_linear=0
shrinkage=0.05


Tree=317
num_leaves=7
num_cat=0
split_feature=44 35 44 35 19 9
split_gain=10.3663 32.2063 33.4317 92.7268 62.5966 46.3418
threshold=0.080620508641004576 -0.088436849415302263 0.062993790954351439 -0.49827945232391352 0.77500000596046459 -0.051456140354275696
decision_type=2 10 2 10 2 2
left_child=1 2 3 5 -4 -1
right_child=-2 -3 4 -5 -6 -7
leaf_value=0.00011302489669013354 -8.6212678618812193e-06 -8.9218677126935538e-06 0.0003263299698932808 0.00045152092515838801 -0.00010726195730963807 -0.00058179615248980332
leaf_weight=107 15055 3456 942 140 373 197
leaf_count=107 15055 3456 942 140 373 197
internal_value=-9.24784e-05 0.00211207 0.00761054 -0.00417595 0.0116098 -0.0196602
internal_weight=20270 5215 1759 444 1315 304
internal_count=20270 5215 1759 444 1315 304
is_linear=0
shrinkage=0.05


Tree=318
num_leaves=7
num_cat=0
split_feature=18 44 15 44 32 2
split_gain=13.3048 25.155 23.9068 26.1304 38.4029 30.0892
threshold=0.27500000596046453 0.13493266701698306 0.32500000298023229 0.080620508641004576 0.64133113622665416 0.0061752223409712323
decision_type=2 2 2 2 2 2
left_child=1 -1 -2 4 -4 -5
right_child=2 -3 3 5 -6 -7
leaf_value=-4.9203251272156913e-05 0.00017247005684917034 0.00026383936959144879 0.00010071134035157187 -0.00010829695190914125 -5.2311923751143789e-05 -6.3584830514342838e-06
leaf_weight=4522 1278 556 2285 781 1119 9802
leaf_count=4522 1278 556 2285 781 1119 9802
internal_value=-9.70611e-05 -0.00217883 0.000774394 0.000173313 0.00398211 -0.00105072
internal_weight=20343 5078 15265 13987 3404 10583
internal_count=20343 5078 15265 13987 3404 10583
is_linear=0
shrinkage=0.05


Tree=319
num_leaves=7
num_cat=0
split_feature=35 46 35 10 39 36
split_gain=12.9692 26.9276 22.9704 35.3817 35.4366 29.775
threshold=0.78233981132507335 1.0927844643592837 0.54769179224967968 0.063294850289821639 0.042908836156129844 0.57727503776550304
decision_type=8 2 10 2 2 10
left_child=2 -2 -1 -4 5 -5
right_child=1 -3 3 4 -6 -7
leaf_value=-2.873671875212869e-06 -0.00011585832092971946 0.00032777705450980901 0.00020822168912640831 -0.00053033730131706264 0.00045787361985885036 -7.5066364829552639e-05
leaf_weight=17684 1050 125 752 63 167 313
leaf_count=17684 1050 125 752 63 167 313
internal_value=-3.84444e-05 -0.00510593 0.000296302 0.00671154 -0.00296533 -0.0114829
internal_weight=20154 1175 18979 1295 543 376
internal_count=20154 1175 18979 1295 543 376
is_linear=0
shrinkage=0.05


Tree=320
num_leaves=7
num_cat=0
split_feature=22 36 17 8 24 42
split_gain=13.6668 29.6021 49.5063 37.163 34.8229 41.6805
threshold=0.17500000447034839 0.57727503776550304 0.57500001788139354 0.10216849297285081 -0.0769841894507408 0.069711755961179747
decision_type=2 10 2 2 2 2
left_child=1 4 3 -3 -1 -6
right_child=-2 2 -4 -5 5 -7
leaf_value=0.00037907448996441357 6.0379362995249587e-06 -2.7148325989594515e-05 -4.8538981257002453e-05 0.00035154450720224577 -1.6617093915775845e-05 -0.00028470787496625509
leaf_weight=157 17239 97 403 256 1395 752
leaf_count=157 17239 97 403 256 1395 752
internal_value=-3.32447e-05 -0.00331974 0.00522339 0.0187849 -0.00613902 -0.00781831
internal_weight=20299 3060 756 353 2304 2147
internal_count=20299 3060 756 353 2304 2147
is_linear=0
shrinkage=0.05


Tree=321
num_leaves=7
num_cat=0
split_feature=18 6 46 32 36 23
split_gain=11.2435 23.9787 22.6105 36.9927 26.1865 36.9299
threshold=0.27500000596046453 0.11362153291702272 1.126844108104706 -0.74278229475021351 -0.80312269926071156 -0.0060951425693929187
decision_type=2 2 2 2 8 2
left_child=2 -2 4 -4 5 -1
right_child=1 -3 3 -5 -6 -7
leaf_value=3.2511530134660909e-05 0.00012349410577233228 1.6357413151597834e-06 -3.7086689946264214e-05 -0.00054879480990505309 1.2564157690124044e-05 -0.00063137674535170864
leaf_weight=230 1076 14132 647 312 3735 188
leaf_count=230 1076 14132 647 312 3735 188
internal_value=-8.73309e-05 0.000662263 -0.0020471 -0.0089471 -0.000438913 -0.012234
internal_weight=20320 15208 5112 959 4153 418
internal_count=20320 15208 5112 959 4153 418
is_linear=0
shrinkage=0.05


Tree=322
num_leaves=7
num_cat=0
split_feature=26 39 0 50 23 4
split_gain=13.1808 30.8106 61.4571 54.7446 42.2353 28.0744
threshold=-0.09845405817031859 0.016670338809490207 0.016286486759781841 1.0000000180025095e-35 0.021391931921243671 0.073710963129997267
decision_type=2 2 2 10 2 2
left_child=1 2 -1 5 -4 -3
right_child=-2 3 4 -5 -6 -7
leaf_value=-0.0004440907952794217 7.6490781169284879e-06 1.6746398111922011e-05 0.00012400057763194383 0.00056327700459218053 -0.00052797125128045924 -0.00053201000270974364
leaf_weight=763 17296 716 827 315 145 159
leaf_count=763 17296 716 827 315 145 159
internal_value=-7.78701e-05 -0.00318259 -0.00742816 0.00299163 0.000895599 -0.0034375
internal_weight=20221 2925 1735 1190 972 875
internal_count=20221 2925 1735 1190 972 875
is_linear=0
shrinkage=0.05


Tree=323
num_leaves=7
num_cat=0
split_feature=28 47 39 26 42 46
split_gain=11.8383 20.7781 23.2916 20.5051 19.6433 17.8402
threshold=-0.0083812195807695371 1.2964434623718264 0.045398078858852393 -0.1150783523917198 0.14095003157854083 0.83903682231903087
decision_type=2 2 2 2 2 2
left_child=1 3 4 -1 -3 -5
right_child=-2 2 -4 5 -6 -7
leaf_value=-0.00017165512468690541 -1.1529672275683526e-05 0.00073674175347542166 -5.3081491336463447e-05 0.00019525969864212113 0.00012250517836336679 1.5516924055430157e-05
leaf_weight=602 15532 216 229 410 162 3086
leaf_count=602 15532 216 229 410 162 3086
internal_value=-0.000142031 0.00206476 0.0106618 0.000773824 0.0182115 0.00224936
internal_weight=20237 4705 607 4098 378 3496
internal_count=20237 4705 607 4098 378 3496
is_linear=0
shrinkage=0.05


Tree=324
num_leaves=7
num_cat=0
split_feature=44 35 35 10 27 29
split_gain=12.9883 47.2874 45.3208 44.0108 57.9215 31.6004
threshold=0.062993790954351439 -0.49827945232391352 -0.071040339767932878 -0.024204703047871586 -0.0048097383696585885 -0.051314985379576676
decision_type=2 10 10 2 2 2
left_child=1 5 -3 -4 -5 -1
right_child=-2 2 3 4 -6 -7
leaf_value=5.5243223476223684e-05 1.84301137403263e-06 0.0004259990726221368 -0.00033512692340464923 0.00012867328013478835 -2.9613402515295545e-05 -0.00050817929596943623
leaf_weight=94 18555 165 230 272 665 212
leaf_count=94 18555 165 230 272 665 212
internal_value=-0.000107684 -0.0045496 -0.000430067 -0.00394625 0.000875796 -0.0221061
internal_weight=20193 1638 1332 1167 937 306
internal_count=20193 1638 1332 1167 937 306
is_linear=0
shrinkage=0.05


Tree=325
num_leaves=7
num_cat=0
split_feature=28 41 42 49 26 6
split_gain=14.3398 16.5787 29.9381 61.8183 49.6164 28.1618
threshold=-0.0083812195807695371 0.095687117427587523 0.10143939778208734 0.76159560680389415 0.10765022039413454 0.15793074667453769
decision_type=2 2 2 10 2 2
left_child=-1 2 -2 4 5 -4
right_child=1 -3 3 -5 -6 -7
leaf_value=3.5804985908364149e-05 -1.4991540958961766e-05 -6.9752555472045821e-05 0.00018732672304311063 0.00062961431137626539 0.00037455605736721911 -0.00018616662755636948
leaf_weight=4676 8113 5953 200 385 231 730
leaf_count=4676 8113 5953 200 385 231 730
internal_value=-0.00015153 -0.00147115 -0.000188845 0.00617344 0.000364494 -0.0047861
internal_weight=20288 15612 9659 1546 1161 930
internal_count=20288 15612 9659 1546 1161 930
is_linear=0
shrinkage=0.05


Tree=326
num_leaves=7
num_cat=0
split_feature=47 40 32 10 35 49
split_gain=11.2001 33.3907 39.0745 17.5463 18.6622 16.1714
threshold=0.6304403841495515 0.052495980635285384 0.82473072409629833 -0.0070548802614212027 0.2235435172915459 0.039033122360706336
decision_type=2 2 2 2 10 10
left_child=1 3 5 -1 -5 -3
right_child=-2 2 -4 4 -6 -7
leaf_value=-2.6455297350976429e-05 -1.0295762182652896e-05 0.00097969094456828889 -0.00025056326888378766 -0.00035288129650486427 8.1493099169949637e-05 8.2773246420968553e-05
leaf_weight=193 19588 117 54 50 135 116
leaf_count=193 19588 117 54 50 135 116
internal_value=-7.77471e-05 0.00585821 0.0185788 -0.00385117 0.00697368 0.027416
internal_weight=20253 665 287 378 185 233
internal_count=20253 665 287 378 185 233
is_linear=0
shrinkage=0.05


Tree=327
num_leaves=7
num_cat=0
split_feature=35 35 6 46 3 44
split_gain=13.3646 32.3097 50.013 47.4678 42.7399 31.0097
threshold=0.43759913742542272 0.28369069099426275 0.62020957469940197 0.84704995155334484 0.0095617505721747893 0.066888868808746352
decision_type=10 8 2 2 2 2
left_child=1 5 3 -3 -5 -1
right_child=-2 2 -4 4 -6 -7
leaf_value=-6.7557845663794041e-05 3.1480063994447291e-05 0.00011050098055979694 -0.00054572652710973787 -5.3067717909494402e-06 -0.0006238056060115844 1.4071841503467604e-05
leaf_weight=1348 3266 301 365 574 235 14141
leaf_count=1348 3266 301 365 574 235 14141
internal_value=-8.77193e-05 -0.00059373 -0.00765203 -0.00230942 -0.00863022 7.90629e-05
internal_weight=20230 16964 1475 1110 809 15489
internal_count=20230 16964 1475 1110 809 15489
is_linear=0
shrinkage=0.05


Tree=328
num_leaves=7
num_cat=0
split_feature=26 41 15 36 26 7
split_gain=11.0106 34.5557 64.5083 44.5189 42.9181 35.5302
threshold=-0.091334003955125795 0.10068249702453615 0.22500000149011615 -0.027332807891070839 -0.10577942430973052 0.55611363053321849
decision_type=2 2 2 8 2 2
left_child=1 2 3 -1 -4 -3
right_child=-2 5 4 -5 -6 -7
leaf_value=-0.00023086685456132755 1.8165784590618957e-06 -4.7808425104049063e-05 0.00097246709628238677 0.00039002136892075934 4.4494077909112522e-05 -0.00033001963046262473
leaf_weight=517 16899 1460 188 167 211 730
leaf_count=517 16899 1460 188 167 211 730
internal_value=-0.000132577 -0.00302776 0.00425092 -0.00504354 0.0201114 -0.00664009
internal_weight=20172 3273 1083 684 399 2190
internal_count=20172 3273 1083 684 399 2190
is_linear=0
shrinkage=0.05


Tree=329
num_leaves=7
num_cat=0
split_feature=28 25 46 36 6 36
split_gain=13.7593 17.936 13.7048 17.541 29.4519 21.3837
threshold=-0.0032150616170838471 0.031422382220625884 0.83067864179611217 0.45144879817962652 0.084815856069326415 0.23584507405757907
decision_type=2 2 2 10 2 10
left_child=1 2 -1 5 -5 -4
right_child=-2 -3 3 4 -6 -7
leaf_value=0.00011433772938374988 -1.302125384034067e-05 0.00019891898717031324 3.0946443195491822e-06 0.00034086162286950226 1.7000299399398506e-05 -0.00015334424063730866
leaf_weight=977 12616 320 4594 294 951 608
leaf_count=977 12616 320 4594 294 951 608
internal_value=-0.000106801 0.0016486 0.0011408 0.000298357 0.00562 -0.00097465
internal_weight=20360 7744 7424 6447 1245 5202
internal_count=20360 7744 7424 6447 1245 5202
is_linear=0
shrinkage=0.05


Tree=330
num_leaves=7
num_cat=0
split_feature=36 26 1 41 36 50
split_gain=11.1071 23.5534 31.178 22.7364 14.3339 29.862
threshold=-0.9269936978816985 -0.038174100220203393 0.075010560452938094 0.093301855027675643 -0.82887965440750111 -0.77694535255432118
decision_type=8 2 2 2 8 10
left_child=1 2 3 -1 5 -2
right_child=4 -3 -4 -5 -6 -7
leaf_value=2.4720137845220217e-05 -0.00060171090329127054 -0.00019983792884034331 -0.00036492586648308092 0.00070346176399788238 1.580680656097112e-06 -1.5826026335263171e-05
leaf_weight=67 246 64 56 137 19010 690
leaf_count=67 246 64 56 137 19010 690
internal_value=-9.74106e-05 0.00904255 0.0157547 0.0247608 -0.000219287 -0.00624336
internal_weight=20270 324 260 204 19946 936
internal_count=20270 324 260 204 19946 936
is_linear=0
shrinkage=0.05


Tree=331
num_leaves=7
num_cat=0
split_feature=39 46 46 36 21 10
split_gain=11.2615 20.9852 14.6676 31.4189 36.1886 54.6057
threshold=0.066379044204950347 0.97676753997802745 1.1684044599533083 0.64587223529815685 0.67499998211860668 0.058148199692368514
decision_type=2 2 2 10 2 2
left_child=2 -2 -1 4 5 -4
right_child=1 -3 3 -5 -6 -7
leaf_value=5.3856455926749173e-07 -0.00023992859611053434 0.00021658607981911221 -0.00034201911556460427 0.0002931524981120203 2.0894243609774097e-06 0.00018087242050831344
leaf_weight=17166 145 496 845 226 1127 145
leaf_count=17166 145 496 845 226 1127 145
internal_value=-0.000132721 0.00623065 -0.000477862 -0.00418441 -0.00609095 -0.0130402
internal_weight=20150 641 19509 2343 2117 990
internal_count=20150 641 19509 2343 2117 990
is_linear=0
shrinkage=0.05


Tree=332
num_leaves=7
num_cat=0
split_feature=21 23 1 27 36 47
split_gain=16.3715 22.8299 19.5358 34.796 26.0501 25.5678
threshold=0.27500000596046453 -0.019384370185434815 -0.003579303040169179 -0.0048097383696585885 -0.47983635962009424 1.2338294386863711
decision_type=2 2 2 2 8 2
left_child=1 -1 5 4 -4 -3
right_child=-2 2 3 -5 -6 -7
leaf_value=0.00025885127207474559 1.3958796967926316e-05 -1.2695075709378429e-05 -0.00023410026301199976 -8.1678921664128141e-05 5.1639402099717616e-05 0.00029194957469351945
leaf_weight=300 15326 1831 240 1699 833 177
leaf_count=300 15326 1831 240 1699 833 177
internal_value=-8.69629e-05 -0.00251229 -0.00335946 -0.0060767 0.000950835 0.000384998
internal_weight=20406 5080 4780 2772 1073 2008
internal_count=20406 5080 4780 2772 1073 2008
is_linear=0
shrinkage=0.05


Tree=333
num_leaves=7
num_cat=0
split_feature=27 48 41 30 18 38
split_gain=13.9148 25.231 28.2181 22.1829 19.3444 41.6797
threshold=0.066552676260471358 0.80840983986854564 0.11707798019051553 68.510520935058608 0.92499998211860668 -0.0065476286690682164
decision_type=2 10 2 2 2 2
left_child=4 -2 -3 -4 -1 -6
right_child=1 2 3 -5 5 -7
leaf_value=1.1180782773558344e-05 -0.00021840308115124527 0.00029980704827104062 -1.2700898497664242e-05 -0.00056758031761327307 -0.00034308415516981695 7.4893993514186212e-06
leaf_weight=17381 508 490 189 114 526 1050
leaf_count=17381 508 490 189 114 526 1050
internal_value=-6.78577e-05 -0.00514931 0.000407268 -0.0114448 0.000185898 -0.00510753
internal_weight=20258 1301 793 303 18957 1576
internal_count=20258 1301 793 303 18957 1576
is_linear=0
shrinkage=0.05


Tree=334
num_leaves=7
num_cat=0
split_feature=27 46 28 21 44 36
split_gain=14.1241 15.1758 18.7921 15.0304 33.5724 35.1144
threshold=0.1005651392042637 1.1027992963790896 0.0070152280386537322 0.47499999403953558 0.13254270702600482 0.78016537427902233
decision_type=2 2 2 2 2 10
left_child=3 -2 -3 4 -1 -6
right_child=1 2 -4 -5 5 -7
leaf_value=-8.713759039553307e-06 0.00016232849352793862 6.6987543852489208e-05 -0.00044403091417848182 2.876931003280665e-05 -0.00024949181275111279 0.00032978392166935037
leaf_weight=8634 109 82 136 10815 390 74
leaf_count=8634 109 82 136 10815 390 74
internal_value=-0.000137071 -0.0103163 -0.0178251 8.15845e-05 -0.00141437 -0.0144456
internal_weight=20240 327 218 19913 9098 464
internal_count=20240 327 218 19913 9098 464
is_linear=0
shrinkage=0.05


Tree=335
num_leaves=7
num_cat=0
split_feature=15 33 1 42 42 43
split_gain=11.2057 16.0692 15.1807 18.0909 20.2712 19.9854
threshold=0.97499999403953563 0.64932528138160717 -0.13016736507415769 0.13233414292335513 0.10553261265158655 0.097958926111459746
decision_type=2 2 2 2 2 2
left_child=-1 2 -2 4 -4 -6
right_child=1 -3 3 -5 5 -7
leaf_value=3.4958416790794832e-06 0.00023964856451536153 0.00069673542293534904 -0.00021257967672537031 -0.00071126431987172934 0.0006095305805627764 -4.0607116231453796e-05
leaf_weight=19331 94 52 422 147 55 241
leaf_count=19331 94 52 422 147 55 241
internal_value=-2.82597e-05 -0.00514272 -0.00666494 -0.00876437 -0.00535961 0.00456811
internal_weight=20342 1011 959 865 718 296
internal_count=20342 1011 959 865 718 296
is_linear=0
shrinkage=0.05


Tree=336
num_leaves=7
num_cat=0
split_feature=36 47 47 26 38 21
split_gain=10.5326 45.1796 41.9267 46.9251 33.1914 34.1936
threshold=0.41490533947944647 0.76670905947685253 0.85343831777572643 0.01151451747864485 0.003939203917980195 0.075000001117587103
decision_type=8 2 2 2 2 2
left_child=-1 4 3 -3 5 -2
right_child=1 2 -4 -5 -6 -7
leaf_value=-9.0250359837053978e-06 -3.4608517154531974e-06 3.3031108815010682e-05 3.2071912034832834e-05 -0.00029006266135585436 3.3916545080205874e-06 0.00034778011108164145
leaf_weight=14877 208 455 2845 530 621 694
leaf_count=14877 208 455 2845 530 621 694
internal_value=-0.000112429 0.00203901 -0.000853977 -0.00972222 0.00930955 0.0154079
internal_weight=20230 5353 3830 985 1523 902
internal_count=20230 5353 3830 985 1523 902
is_linear=0
shrinkage=0.05


Tree=337
num_leaves=7
num_cat=0
split_feature=45 50 22 35 22 42
split_gain=13.5738 30.6069 46.044 35.4033 32.2933 32.1463
threshold=0.11739794537425043 0.96497198939323436 0.77500000596046459 -0.61982083320617665 0.92499998211860668 0.12795344740152362
decision_type=2 10 2 8 2 2
left_child=-1 3 -3 4 5 -2
right_child=1 2 -4 -5 -6 -7
leaf_value=-1.4354660300914483e-05 6.7064265802364338e-05 0.0001723562336298297 -0.00036787527433326383 2.565049344148468e-05 -2.2582868760745185e-05 0.00068280199256329037
leaf_weight=15138 213 359 553 3449 286 373
leaf_count=15138 213 359 553 3449 286 373
internal_value=-9.69278e-05 0.00166571 -0.00662486 0.00342695 0.0124002 0.0190778
internal_weight=20371 5233 912 4321 872 586
internal_count=20371 5233 912 4321 872 586
is_linear=0
shrinkage=0.05


Tree=338
num_leaves=7
num_cat=0
split_feature=26 12 48 48 36 48
split_gain=10.587 25.9312 37.4587 21.8445 29.3804 20.9725
threshold=0.098982293158769621 0.061013195663690574 0.73579213023185741 1.7321327328681948 0.1060534529387951 -1.4469211697578428
decision_type=2 2 10 8 10 10
left_child=1 -1 -3 4 -4 -2
right_child=5 2 3 -5 -6 -7
leaf_value=-5.2878400146275617e-06 0.00020798620018577476 -0.00051053198419095556 0.00053770448126085914 -0.00040309730612135851 -0.00078911253664283804 2.7808388139510507e-05
leaf_weight=16222 253 100 122 163 54 3339
leaf_count=16222 253 100 122 163 54 3339
internal_value=-8.26834e-05 -0.00074553 -0.0126689 -0.00443314 0.00759669 0.00224493
internal_weight=20253 16661 439 339 176 3592
internal_count=20253 16661 439 339 176 3592
is_linear=0
shrinkage=0.05


Tree=339
num_leaves=7
num_cat=0
split_feature=11 38 42 42 35 41
split_gain=17.2874 26.8963 17.4013 47.2283 48.088 46.3873
threshold=-0.0060517152305692426 0.034225855022668845 0.11209433525800706 0.11911164224147798 -0.021504709497094151 0.10873907804489137
decision_type=2 2 2 2 10 2
left_child=1 -1 5 4 -4 -2
right_child=2 -3 3 -5 -6 -7
leaf_value=2.4762185617861668e-05 -1.6532906321775577e-05 0.00026740476004830321 8.0672742572088186e-05 -2.5482419291261732e-05 0.0006622805307372493 -0.00033688704537366036
leaf_weight=6061 8900 316 676 3570 261 594
leaf_count=6061 8900 316 676 3570 261 594
internal_value=-8.70824e-05 0.00200956 -0.00112987 0.00142398 0.0113854 -0.00234498
internal_weight=20378 6377 14001 4507 937 9494
internal_count=20378 6377 14001 4507 937 9494
is_linear=0
shrinkage=0.05


Tree=340
num_leaves=7
num_cat=0
split_feature=16 46 30 8 21 4
split_gain=12.1006 23.7831 16.9758 31.1092 22.5727 19.2868
threshold=0.97499999403953563 0.84704995155334484 73.548912048339858 0.47020462155342108 0.12500000372529033 0.84174552559852611
decision_type=2 2 2 2 2 2
left_child=2 -2 5 -4 -5 -1
right_child=1 -3 3 4 -6 -7
leaf_value=8.0586815141691678e-06 -0.00024303876894644981 -1.4106005546193728e-05 -0.00029241706074728118 -0.00014606690042055822 0.00022011072034766664 -9.1312101161119706e-05
leaf_weight=16492 145 878 100 106 1320 1245
leaf_count=16492 145 878 100 106 1320 1245
internal_value=-5.29792e-05 -0.00508268 0.000483963 0.0055356 0.00745982 4.64998e-05
internal_weight=20286 1023 19263 1526 1426 17737
internal_count=20286 1023 19263 1526 1426 17737
is_linear=0
shrinkage=0.05


Tree=341
num_leaves=7
num_cat=0
split_feature=47 32 22 11 36 22
split_gain=10.4258 21.3944 30.5868 18.8401 20.1733 18.2149
threshold=0.6304403841495515 0.8873618245124818 0.075000001117587103 0.012716694734990599 0.57727503776550304 0.52500000596046459
decision_type=2 2 2 2 10 2
left_child=1 2 -1 4 5 -4
right_child=-2 -3 3 -5 -6 -7
leaf_value=-6.7761173371562368e-06 -3.4556785798343903e-06 -0.00028475426831441183 -0.000117403781879496 -6.0477839912124846e-05 0.00074262891924868591 0.00080545556179113613
leaf_weight=302 19645 60 57 65 112 68
leaf_count=302 19645 60 57 65 112 68
internal_value=-9.23009e-05 0.00609118 0.00899015 0.020114 0.0265496 0.0117308
internal_weight=20309 664 604 302 237 125
internal_count=20309 664 604 302 237 125
is_linear=0
shrinkage=0.05


Tree=342
num_leaves=7
num_cat=0
split_feature=26 47 0 44 38 48
split_gain=14.2733 41.4178 43.8621 37.0008 29.0741 48.976
threshold=-0.084119502454996095 0.76670905947685253 0.0011462602997198703 0.11886643618345262 0.0029850642895326023 0.44928385317325598
decision_type=2 2 2 2 2 10
left_child=1 3 4 -1 -3 -6
right_child=-2 2 -4 -5 5 -7
leaf_value=-2.06114166997169e-05 6.5126118700742367e-06 -0.00088074968319567419 -2.5730384531342406e-05 0.00093311306464156571 -0.00038401378507273241 0.00037410979014279556
leaf_weight=150 16690 375 2525 143 313 129
leaf_count=150 16690 375 2525 143 313 129
internal_value=-0.000102066 -0.00300137 -0.00459367 0.014849 -0.014629 -0.00576063
internal_weight=20325 3635 3342 293 817 442
internal_count=20325 3635 3342 293 817 442
is_linear=0
shrinkage=0.05


Tree=343
num_leaves=7
num_cat=0
split_feature=21 35 29 12 35 1
split_gain=13.0094 27.5989 27.4541 38.3618 38.0769 72.042
threshold=0.52500000596046459 -0.83558541536331166 0.010188838467001917 -0.019804012030363079 -0.31892089545726771 0.0096110408194363135
decision_type=2 8 2 2 8 2
left_child=1 -1 -2 -4 -5 -6
right_child=2 -3 3 4 5 -7
leaf_value=0.00027357118144073176 7.1508234517247195e-05 -1.8510547482899826e-05 -0.00052671186001714985 0.00011833090307266041 -0.00019339551485175537 0.00026188006956637564
leaf_weight=219 5470 9856 380 1722 1842 723
leaf_count=219 5470 9856 380 1722 1842 723
internal_value=-8.28511e-05 -0.00116319 0.001373 -0.00143943 -7.57223e-05 -0.00393969
internal_weight=20212 10075 10137 4667 4287 2565
internal_count=20212 10075 10137 4667 4287 2565
is_linear=0
shrinkage=0.05


Tree=344
num_leaves=7
num_cat=0
split_feature=46 6 10 41 12 24
split_gain=10.5136 28.5127 36.6892 27.0165 27.2836 26.8967
threshold=0.79979583621025097 0.62020957469940197 -0.094194397330284105 0.038522472605109222 0.0055203353986144075 -0.082554887980222688
decision_type=2 2 2 2 2 2
left_child=1 2 5 -4 -5 -1
right_child=-2 -3 3 4 -6 -7
leaf_value=9.7082126599156522e-05 -4.6502250691064612e-06 -8.3289189281751319e-05 -1.5247009948830154e-05 0.00032772079745956462 7.7180755903189316e-05 -0.00037327016368513525
leaf_weight=296 18347 514 184 498 314 147
leaf_count=296 18347 514 184 498 314 147
internal_value=-0.000146516 0.00353677 0.00715028 0.0124625 0.0163709 -0.0047433
internal_weight=20300 1953 1439 996 812 443
internal_count=20300 1953 1439 996 812 443
is_linear=0
shrinkage=0.05


Tree=345
num_leaves=7
num_cat=0
split_feature=18 44 49 35 36 36
split_gain=9.89909 23.4322 22.903 28.8306 24.9647 25.8347
threshold=0.27500000596046453 0.13054222613573077 1.3334264159202578 -0.49827945232391352 -0.30396337807178492 0.18002957105636599
decision_type=2 2 8 10 10 10
left_child=1 -1 3 -3 -5 -6
right_child=-2 2 -4 4 5 -7
leaf_value=-3.8680822289604736e-05 1.0623629251274842e-05 0.00081884082731603224 -0.00017845987353330914 -0.00054879174079846443 0.00050276280735042764 -0.00010558718187307676
leaf_weight=4387 15120 98 108 90 298 95
leaf_count=4387 15120 98 108 90 298 95
internal_value=-0.000172021 -0.00186479 0.00666427 0.0106229 0.0053791 0.0108668
internal_weight=20196 5076 689 581 483 393
internal_count=20196 5076 689 581 483 393
is_linear=0
shrinkage=0.05


Tree=346
num_leaves=7
num_cat=0
split_feature=44 42 42 26 44 44
split_gain=10.8093 41.5639 25.6635 38.7598 35.6334 30.6915
threshold=0.083516556769609465 0.098948687314987196 0.10143939778208734 -0.10577942430973052 0.09420152381062509 0.085647866129875197
decision_type=2 2 2 2 2 2
left_child=1 -1 3 -2 5 -4
right_child=2 -3 4 -5 -6 -7
leaf_value=2.7961044236363046e-05 0.00049962538774378756 -0.00045472803192203056 -0.00056537740454266905 -5.9923502803084076e-05 -1.8061037536293073e-06 0.00042015614489283176
leaf_weight=5850 194 60 58 5034 8624 509
leaf_count=5850 194 60 58 5034 8624 509
internal_value=-0.000116799 0.00166948 -0.000868344 -0.00366425 0.000720422 0.0128059
internal_weight=20329 5910 14419 5228 9191 567
internal_count=20329 5910 14419 5228 9191 567
is_linear=0
shrinkage=0.05


Tree=347
num_leaves=7
num_cat=0
split_feature=26 47 39 44 44 44
split_gain=11.7906 36.3527 32.1785 37.0831 50.4411 41.7286
threshold=-0.09845405817031859 0.76670905947685253 0.02995458617806435 0.098444141447544112 0.085647866129875197 0.10472008585929872
decision_type=2 2 2 2 2 2
left_child=1 -1 3 4 -3 -5
right_child=-2 2 -4 5 -6 -7
leaf_value=0.00031181469294229826 8.6862561125492045e-06 -0.00011992889705256102 0.00014900226585838131 -0.00093366256772117132 0.00087649058963066738 -0.00017105847095560752
leaf_weight=198 17287 207 735 157 121 1551
leaf_count=198 17287 207 735 157 121 1551
internal_value=-0.000132027 -0.00279926 -0.00429575 -0.00753307 0.00773273 -0.0104933
internal_weight=20256 2969 2771 2036 328 1708
internal_count=20256 2969 2771 2036 328 1708
is_linear=0
shrinkage=0.05


Tree=348
num_leaves=7
num_cat=0
split_feature=44 41 36 13 44 32
split_gain=10.6031 42.2944 37.8067 26.872 41.0224 23.4555
threshold=0.14514036476612094 0.16630510240793231 -0.73772594332694996 0.024783577769994739 0.15712169557809832 -0.094030834734439836
decision_type=2 2 8 2 2 2
left_child=-1 2 5 -4 -5 -2
right_child=1 -3 3 4 -6 -7
leaf_value=-7.305145487020572e-06 0.0005062420875310491 -0.00023859348155944057 0.00051839833078379943 -0.00022681320785510837 0.0007795729468551394 -0.00057284726727689335
leaf_weight=18708 64 320 722 214 127 190
leaf_count=18708 64 320 722 214 127 190
internal_value=-0.00013145 0.0036084 0.00758321 0.0117275 7.22543e-05 -0.00955598
internal_weight=20345 1637 1317 1063 341 254
internal_count=20345 1637 1317 1063 341 254
is_linear=0
shrinkage=0.05


Tree=349
num_leaves=7
num_cat=0
split_feature=44 1 26 10 22 48
split_gain=10.474 36.0989 38.4603 35.8059 47.0316 34.8707
threshold=0.083516556769609465 -0.025578078813850876 0.015110427979379894 -0.07901600748300551 0.32500000298023229 -1.9260837435722349
decision_type=2 2 2 2 2 8
left_child=1 2 -1 -3 -5 -6
right_child=-2 3 -4 4 5 -7
leaf_value=0.00030049968818689839 -1.341839501001433e-05 -0.00017743121618620631 -0.00023226201092687725 1.4110509823046835e-05 -0.00026016159620184177 0.00033432843421211706
leaf_weight=203 14315 524 870 2856 138 1262
leaf_count=203 14315 524 870 2856 138 1262
internal_value=-0.000162346 0.0015577 -0.00670223 0.00342215 0.00494602 0.0124377
internal_weight=20168 5853 1073 4780 4256 1400
internal_count=20168 5853 1073 4780 4256 1400
is_linear=0
shrinkage=0.05


Tree=350
num_leaves=7
num_cat=0
split_feature=27 36 2 44 3 40
split_gain=10.1484 21.3556 25.0066 37.5143 21.291 29.4373
threshold=0.066552676260471358 -0.12262367829680441 0.011610409244894983 0.10229114070534708 0.010420666076242925 0.11582326889038087
decision_type=2 8 2 2 2 2
left_child=-1 4 -3 -4 5 -2
right_child=1 2 3 -5 -6 -7
leaf_value=2.7189006707603171e-06 0.00096772303829429154 -0.00033333660093363781 0.00059652708702842355 -0.00024244139235804677 -0.00011906831146156264 -0.00010443415517590206
leaf_weight=18948 164 437 93 223 299 78
leaf_count=18948 164 437 93 223 299 78
internal_value=-0.000161752 -0.00436875 -0.00979551 0.000856698 0.00315934 0.0140688
internal_weight=20242 1294 753 316 541 242
internal_count=20242 1294 753 316 541 242
is_linear=0
shrinkage=0.05


Tree=351
num_leaves=7
num_cat=0
split_feature=26 36 44 44 44 46
split_gain=15.2095 24.7214 31.28 27.0119 38.0651 45.9796
threshold=0.098982293158769621 -0.65841361880302418 0.10101906210184099 0.070305861532688155 0.095416579395532622 0.97676753997802745
decision_type=2 8 2 2 2 2
left_child=-1 2 -2 -3 5 -5
right_child=1 3 -4 4 -6 -7
leaf_value=-1.0743483055663593e-05 -0.00027948041195192442 -0.00061822342322658485 0.0011393684554656825 -1.1573160003343005e-06 -9.1873020611555769e-06 0.00053154143782366216
leaf_weight=16723 59 73 101 375 2543 397
leaf_count=16723 59 73 101 375 2543 397
internal_value=-0.000146725 0.0027512 0.0216667 0.00181992 0.00250753 0.0121943
internal_weight=20271 3548 160 3388 3315 772
internal_count=20271 3548 160 3388 3315 772
is_linear=0
shrinkage=0.05


Tree=352
num_leaves=7
num_cat=0
split_feature=26 1 35 36 43 44
split_gain=9.63492 29.2458 30.9463 47.3419 24.7624 28.1097
threshold=0.098982293158769621 -0.0089822509326040727 -0.73129531741142262 -0.69085052609443653 0.083284612745046629 0.09420152381062509
decision_type=2 2 10 10 2 2
left_child=-1 2 -2 -4 -3 -6
right_child=1 4 3 -5 5 -7
leaf_value=-6.642339355801552e-06 -0.00059600985712619878 0.00044261886898026441 0.0012058541035094531 -1.0870756208674628e-05 0.00057896009759379199 -5.0225687246029631e-05
leaf_weight=16676 82 315 77 2587 113 460
leaf_count=16676 82 315 77 2587 113 460
internal_value=-0.000161211 0.00230146 -0.000245365 0.00070251 0.0101624 0.00384948
internal_weight=20310 3634 2746 2664 888 573
internal_count=20310 3634 2746 2664 888 573
is_linear=0
shrinkage=0.05


Tree=353
num_leaves=7
num_cat=0
split_feature=12 35 47 35 26 35
split_gain=10.2876 23.1506 31.3159 21.0638 39.8938 28.1924
threshold=0.011612612288445236 0.80738040804862987 0.79188778996467601 -0.83558541536331166 0.0078082873951643714 -0.13713324815034864
decision_type=2 8 2 8 2 8
left_child=3 -2 -3 4 -1 -5
right_child=1 2 -4 5 -6 -7
leaf_value=0.00033254770652995226 -1.3443037604970663e-05 3.7983555474867802e-05 -0.00055907016172504053 -4.810545663748948e-05 -0.00058974857055004294 3.1529557511546663e-05
leaf_weight=387 8264 105 154 4878 52 6500
leaf_count=387 8264 105 154 4878 52 6500
internal_value=-7.74146e-05 -0.00142179 -0.0160038 0.000856454 0.0115428 0.000437055
internal_weight=20340 8523 259 11817 439 11378
internal_count=20340 8523 259 11817 439 11378
is_linear=0
shrinkage=0.05


Tree=354
num_leaves=7
num_cat=0
split_feature=35 35 42 25 36 22
split_gain=10.1474 36.3154 44.6267 46.7065 44.2624 30.9135
threshold=0.15508352965116504 0.43759913742542272 0.078464061021804823 -0.010682414285838602 0.41490533947944647 0.32500000298023229
decision_type=8 10 2 2 8 2
left_child=5 2 3 -2 -4 -1
right_child=1 -3 4 -5 -6 -7
leaf_value=-4.5740760529996441e-05 0.00026092233752033874 1.8565883900163456e-05 -0.00048514011248602181 -2.2737498336335138e-05 -3.5313370080860893e-05 4.5991701890435618e-05
leaf_weight=3509 307 3242 914 929 957 10456
leaf_count=3509 307 3242 914 929 957 10456
internal_value=-9.71997e-05 -0.00157775 -0.00543862 0.00191378 -0.0103012 0.00083214
internal_weight=20314 6349 3107 1236 1871 13965
internal_count=20314 6349 3107 1236 1871 13965
is_linear=0
shrinkage=0.05


Tree=355
num_leaves=7
num_cat=0
split_feature=26 47 49 10 36 47
split_gain=9.3725 62.3861 47.8868 35.5221 35.301 34.6265
threshold=-0.015317601151764391 0.78389880061149608 0.50140139460563671 -0.017327803187072274 -0.18007821589708325 0.86049172282218944
decision_type=2 2 10 2 10 2
left_child=1 2 4 -3 -1 -2
right_child=5 3 -4 -5 -6 -7
leaf_value=-2.6599623683173283e-05 -5.8859653367290609e-05 -3.7441053142125638e-05 0.00044909484832688468 0.00018670281654953953 0.00014687053553145927 2.1475489485482454e-05
leaf_weight=553 4938 6505 356 809 398 6853
leaf_count=553 4938 6505 356 809 398 6853
internal_value=-9.18352e-05 0.000953513 0.0109947 -0.000843694 0.00504707 -0.00121439
internal_weight=20412 8621 1307 7314 951 11791
internal_count=20412 8621 1307 7314 951 11791
is_linear=0
shrinkage=0.05


Tree=356
num_leaves=7
num_cat=0
split_feature=5 47 30 29 26 47
split_gain=9.67133 16.9286 17.1173 13.3329 11.8561 28.2274
threshold=-0.8873334228992461 0.92381009459495556 31.452054023742679 -0.072703968733549104 -0.09845405817031859 0.77548065781593334
decision_type=2 2 2 2 2 2
left_child=1 3 -3 -1 5 -2
right_child=4 2 -4 -5 -6 -7
leaf_value=0.00084812923174513999 0.00026695084212005041 0.00027309101334113049 -0.00023393684480550378 2.7163305244971654e-05 5.0907339844597558e-06 -7.6400061340521706e-05
leaf_weight=62 199 117 93 53 17090 2621
leaf_count=62 199 117 93 53 17090 2621
internal_value=-8.27569e-05 0.00856061 0 0.0235417 -6.90434e-05 -0.0030708
internal_weight=20235 325 210 115 19910 2820
internal_count=20235 325 210 115 19910 2820
is_linear=0
shrinkage=0.05


Tree=357
num_leaves=7
num_cat=0
split_feature=7 32 24 36 22 39
split_gain=11.5177 18.3441 18.9724 24.7559 35.0698 23.4064
threshold=0.98414114117622387 1.1545665264129641 0.015563552267849447 -0.12262367829680441 0.37500000000000006 0.012268618214875461
decision_type=2 2 2 8 2 2
left_child=-1 2 3 -2 -5 -4
right_child=1 -3 5 4 -6 -7
leaf_value=4.43495674893222e-06 -0.00028017239620539285 -0.0002944452229260716 0.00015814279756590005 -0.00015817481013460314 0.00018795458223669107 -9.8552481164538918e-05
leaf_weight=17580 500 343 758 254 396 592
leaf_count=17580 500 343 758 254 396 592
internal_value=-0.000130948 -0.00309867 -0.00158683 -0.0062987 0.000114504 0.00241697
internal_weight=20423 2843 2500 1150 650 1350
internal_count=20423 2843 2500 1150 650 1350
is_linear=0
shrinkage=0.05


Tree=358
num_leaves=7
num_cat=0
split_feature=27 6 43 45 26 36
split_gain=12.3903 16.9575 15.1398 14.8348 13.4115 30.6671
threshold=0.1005651392042637 0.98376819491386425 0.11400203406810762 0.10760123655200006 0.091780338436365141 -0.12262367829680441
decision_type=2 2 2 2 2 10
left_child=4 3 -3 -2 -1 -6
right_child=1 2 -4 -5 5 -7
leaf_value=-5.7906556303845806e-06 0.00044120603883377255 -1.7613998977712989e-05 -0.00086586729868906673 -0.00017933792469244429 0.00027181204238761021 9.7944257874057163e-06
leaf_weight=16295 54 55 92 114 777 2883
leaf_count=16295 54 55 92 114 777 2883
internal_value=-0.000171393 -0.00976562 -0.021875 0.00101156 0.000151553 0.0028854
internal_weight=20270 315 147 168 19955 3660
internal_count=20270 315 147 168 19955 3660
is_linear=0
shrinkage=0.05


Tree=359
num_leaves=7
num_cat=0
split_feature=36 12 40 1 47 42
split_gain=11.7917 38.6987 46.9439 35.6308 30.8536 44.4599
threshold=0.41490533947944647 -0.019804012030363079 0.12415176257491113 0.025722547434270385 0.75730273127555858 0.15859673172235492
decision_type=8 2 2 2 2 2
left_child=-1 2 -2 -4 -3 -6
right_child=1 4 3 -5 5 -7
leaf_value=-1.0760037007094938e-05 0.00023061375430006599 3.4583482756046344e-05 0.0006111443227216364 -0.0010075561736119457 -8.803809003377945e-05 0.00041161074060324428
leaf_weight=14969 1092 1226 50 121 2699 119
leaf_count=14969 1092 1226 50 121 2699 119
internal_value=-0.00015162 0.00201901 0.00964117 -0.0143466 -0.000364287 -0.00325009
internal_weight=20276 5307 1263 171 4044 2818
internal_count=20276 5307 1263 171 4044 2818
is_linear=0
shrinkage=0.05


Tree=360
num_leaves=7
num_cat=0
split_feature=35 26 35 47 4 44
split_gain=13.9352 40.5772 27.6834 19.7613 25.1676 19.5689
threshold=-0.83558541536331166 -0.0036944840103387828 -0.80180099606513966 0.76670905947685253 0.32673364877700811 0.12848141044378283
decision_type=8 2 10 2 2 2
left_child=1 -1 5 -3 -5 -2
right_child=2 3 -4 4 -6 -7
leaf_value=0.00032795405038498691 -0.00026603294754924347 -0.0004782917199687464 3.9279371054383975e-06 0.0001736325432543579 -0.00019107314376320229 5.4393293223170048e-05
leaf_weight=399 640 80 18750 109 68 214
leaf_count=399 640 80 18750 109 68 214
internal_value=-9.25241e-05 0.0072239 -0.000156816 -0.00811069 0.00123626 -0.00893481
internal_weight=20260 656 19604 257 177 854
internal_count=20260 656 19604 257 177 854
is_linear=0
shrinkage=0.05


Tree=361
num_leaves=7
num_cat=0
split_feature=10 32 45 45 36 7
split_gain=11.3226 32.633 11.1688 13.6211 10.0506 18.9353
threshold=-0.18460358679294583 -0.78858280181884755 0.13760080933570865 0.16692391782999041 -0.9269936978816985 0.82533249258995067
decision_type=2 2 2 2 8 2
left_child=1 2 -1 -4 5 -2
right_child=4 -3 3 -5 -6 -7
leaf_value=-0.0005520465555450306 0.00027980493795368193 -0.0005376856340386729 0.00087058596956621909 -4.8868482306789647e-05 -1.209210986938096e-06 -0.00021752952601853835
leaf_weight=50 238 164 60 54 19721 64
leaf_count=50 238 164 60 54 19721 64
internal_value=-8.71979e-05 -0.00923423 0.00636095 0.014916 6.11644e-05 0.00903909
internal_weight=20351 328 164 114 20023 302
internal_count=20351 328 164 114 20023 302
is_linear=0
shrinkage=0.05


Tree=362
num_leaves=7
num_cat=0
split_feature=21 42 45 41 44 42
split_gain=11.5514 26.5909 34.1139 32.092 38.8293 48.5949
threshold=0.67499998211860668 0.068291068077087416 0.072004791349172606 0.094462163746356978 0.12143727764487268 0.11740966886281969
decision_type=2 2 2 2 2 2
left_child=-1 -2 -3 4 5 -4
right_child=1 2 3 -5 -6 -7
leaf_value=-1.1468525238395555e-05 0.00073142944241750499 -0.00026399020543072996 0.00015226172113759368 1.8964962356435011e-06 0.00054070875120553516 -0.00099363422883486422
leaf_weight=13142 179 291 859 5361 232 80
leaf_count=13142 179 291 859 5361 232 80
internal_value=-6.32786e-05 0.00148066 0.000970269 0.0017248 0.00920493 0.00458157
internal_weight=20144 7002 6823 6532 1171 939
internal_count=20144 7002 6823 6532 1171 939
is_linear=0
shrinkage=0.05


Tree=363
num_leaves=7
num_cat=0
split_feature=18 38 42 44 44 2
split_gain=11.2479 38.8893 27.4829 20.3629 32.9666 45.3339
threshold=0.92499998211860668 -0.0091591402888298017 0.085445132106542601 0.11520815640687944 0.096423782408237471 0.012327881064265968
decision_type=2 2 2 2 2 2
left_child=-1 2 -2 4 5 -3
right_child=1 3 -4 -5 -6 -7
leaf_value=6.2351309475041857e-06 -0.00051959360224210856 -6.468136598445429e-05 -0.00016408100571714624 -0.00014118148044541977 0.00032487858759631542 0.0010660116746166626
leaf_weight=18323 106 623 398 550 282 70
leaf_count=18323 106 623 398 550 282 70
internal_value=-9.70182e-05 -0.00350295 -0.0154715 0.000473856 0.00482143 -0.00103868
internal_weight=20352 2029 504 1525 975 693
internal_count=20352 2029 504 1525 975 693
is_linear=0
shrinkage=0.05


Tree=364
num_leaves=7
num_cat=0
split_feature=35 35 42 25 48 41
split_gain=9.86282 40.1283 31.0422 54.3312 28.1664 47.7309
threshold=0.15508352965116504 0.43759913742542272 0.079788938164711012 -0.006404763087630271 -1.6952283978462217 0.13564825057983401
decision_type=8 8 2 2 10 2
left_child=4 2 3 -2 5 -1
right_child=1 -3 -4 -5 -6 -7
leaf_value=-0.00011638182530061433 0.00020444867726923788 2.0122030713655968e-05 -0.00020882880726241708 -5.1792515049984333e-05 3.5391260866681582e-05 0.00036129602706478541
leaf_weight=2095 429 3428 1636 868 11535 190
leaf_count=2095 429 3428 1636 868 11535 190
internal_value=-0.000132518 -0.00160619 -0.00589687 -9.60061e-05 0.000772152 -0.00429039
internal_weight=20181 6361 2933 1297 13820 2285
internal_count=20181 6361 2933 1297 13820 2285
is_linear=0
shrinkage=0.05


Tree=365
num_leaves=7
num_cat=0
split_feature=12 46 46 36 48 10
split_gain=13.8181 46.5001 40.8137 37.1911 28.5173 30.5466
threshold=0.011612612288445236 0.87594845890998851 0.69900795817375194 -0.65841361880302418 -1.238903760910034 0.10052698105573656
decision_type=2 2 2 8 8 2
left_child=-1 2 -2 -4 5 -5
right_child=1 -3 3 4 -6 -7
leaf_value=1.7828513763963395e-05 0.00025247844094921176 7.1358505106434647e-06 8.1203583692306526e-05 -0.00029919965429851537 -0.00023717874870461493 0.00026423539007201937
leaf_weight=11873 130 6530 315 60 1368 105
leaf_count=11873 130 6530 315 60 1368 105
internal_value=-9.68802e-05 -0.00150065 -0.00820726 -0.0101322 -0.0133453 0.00602941
internal_weight=20381 8508 1978 1848 1533 165
internal_count=20381 8508 1978 1848 1533 165
is_linear=0
shrinkage=0.05


Tree=366
num_leaves=7
num_cat=0
split_feature=39 38 48 48 1 30
split_gain=10.01 24.6098 31.0202 26.6155 20.5069 19.1081
threshold=-0.01522282464429736 0.018364225514233116 0.24259451776742938 1.2157299518585207 0.041786894202232368 60.937772750854499
decision_type=2 2 10 10 2 2
left_child=1 3 -3 5 -5 -1
right_child=-2 2 -4 4 -6 -7
leaf_value=-3.0719721008630982e-05 6.2638983254091271e-06 -0.00075992486739365065 0.00043499204266975752 -0.00012248503759563443 -0.00043297851306273676 7.9459770698276342e-05
leaf_weight=2386 16207 198 56 247 73 1046
leaf_count=2386 16207 198 56 247 73 1046
internal_value=-0.000122416 -0.00236225 -0.017278 -0.00132419 -0.015 -2.18214e-05
internal_weight=20213 4006 254 3752 320 3432
internal_count=20213 4006 254 3752 320 3432
is_linear=0
shrinkage=0.05


Tree=367
num_leaves=7
num_cat=0
split_feature=35 46 49 35 41 7
split_gain=10.6178 29.1143 30.3959 25.0798 53.4191 20.9248
threshold=0.78233981132507335 1.0832018256187441 0.55263155698776256 0.74409368634223949 0.090823281556367888 0.88311621546745311
decision_type=8 2 10 10 2 2
left_child=3 2 -2 -1 -5 -3
right_child=1 5 -4 4 -6 -7
leaf_value=5.7183301782238072e-06 -4.7716160461249121e-05 0.00040651398237566785 -0.00048081088602382958 0.00035308474717276792 -0.00066940338141619285 -0.00021171912090864792
leaf_weight=18736 867 96 145 266 59 56
leaf_count=18736 867 96 145 266 59 56
internal_value=-0.000127286 -0.00425577 -0.00735005 0.000651684 0.0143182 0.0157643
internal_weight=20225 1164 1012 19061 325 152
internal_count=20225 1164 1012 19061 325 152
is_linear=0
shrinkage=0.05


Tree=368
num_leaves=7
num_cat=0
split_feature=7 48 38 50 24 22
split_gain=11.5918 22.1027 33.45 26.8898 17.1947 24.666
threshold=0.95519688725471508 2.757803320884705 -1.0000000180025095e-35 -1.498767018318176 0.012981139589101078 0.32500000298023229
decision_type=2 8 2 10 2 2
left_child=-1 4 -3 -4 5 -2
right_child=1 2 3 -5 -6 -7
leaf_value=2.7583004604653759e-06 -0.00026051276118729713 0.00037767175547147075 -0.00053341409917449204 5.4133792873561387e-05 -2.8758479844694444e-05 -7.8376945457569978e-05
leaf_weight=16936 306 190 55 218 1764 799
leaf_count=16936 306 190 55 218 1764 799
internal_value=-0.000136882 -0.00295924 0.0071047 -0.00404676 -0.0046016 -0.00948198
internal_weight=20268 3332 463 273 2869 1105
internal_count=20268 3332 463 273 2869 1105
is_linear=0
shrinkage=0.05


Tree=369
num_leaves=7
num_cat=0
split_feature=26 1 18 8 35 36
split_gain=10.6724 27.6385 23.1433 22.9293 22.9157 50.6018
threshold=0.098982293158769621 0.011483112815767528 0.62500000000000011 0.90049222111701976 -0.73129531741142262 -0.69085052609443653
decision_type=2 2 2 2 10 10
left_child=-1 2 -2 -3 -4 -6
right_child=1 3 4 -5 5 -7
leaf_value=-3.2168879467262238e-06 -0.0001573683100469372 0.00037303127080055344 -0.00047791697840787848 1.9780943882808519e-05 0.0010496009914322715 3.3807961653328261e-05
leaf_weight=16649 426 258 74 190 82 2568
leaf_count=16649 426 258 74 190 82 2568
internal_value=-8.76457e-05 0.00274077 0.00106973 0.0142936 0.00277574 0.00356874
internal_weight=20247 3598 3150 448 2724 2650
internal_count=20247 3598 3150 448 2724 2650
is_linear=0
shrinkage=0.05


Tree=370
num_leaves=7
num_cat=0
split_feature=22 35 12 42 44 13
split_gain=9.85693 28.1214 34.9084 34.6522 52.8348 29.1034
threshold=0.17500000447034839 -0.43044844269752497 -0.06350878998637198 0.07117252424359323 0.065135478973388686 0.0044791018590331086
decision_type=2 10 2 2 2 2
left_child=1 2 -1 4 -4 -6
right_child=-2 -3 3 -5 5 -7
leaf_value=0.00061250093692333816 4.5303204336074551e-06 -3.2312989062676865e-06 -0.00049844285896526153 -0.00051407875924988904 0.00062759032783061468 -0.00014211754045516118
leaf_weight=54 17212 2482 143 194 70 73
leaf_count=54 17212 2482 143 194 70 73
internal_value=-0.00013221 -0.00277226 -0.0131262 -0.0174742 -0.00609966 0.0150338
internal_weight=20228 3016 534 480 286 143
internal_count=20228 3016 534 480 286 143
is_linear=0
shrinkage=0.05


Tree=371
num_leaves=7
num_cat=0
split_feature=4 3 42 48 3 41
split_gain=11.5806 18.8601 29.5767 23.4922 21.8579 20.7615
threshold=0.63913801312446605 0.012170006521046163 0.10711995512247087 -1.1031865477561948 0.0086961076594889181 0.098961815237998976
decision_type=2 2 2 10 2 2
left_child=-1 2 5 -3 -4 -2
right_child=1 3 4 -5 -6 -7
leaf_value=5.3875656665617392e-06 -4.0147942584547991e-05 0.0002121930961234272 0.00068252793274070189 -0.00026836855222583483 8.3653521163925241e-05 -0.00027447250477350012
leaf_weight=16144 2352 131 96 518 873 239
leaf_count=16144 2352 131 96 518 873 239
internal_value=-0.000126486 -0.0024739 -0.00103086 -0.0102829 0.00639117 -0.00382319
internal_weight=20353 4209 3560 649 969 2591
internal_count=20353 4209 3560 649 969 2591
is_linear=0
shrinkage=0.05


Tree=372
num_leaves=7
num_cat=0
split_feature=27 0 12 0 50 42
split_gain=13.815 21.6326 26.9318 17.0467 17.8435 15.7666
threshold=0.1005651392042637 -0.099042512476444231 0.071113064885139479 -0.082885187119245515 0.96497198939323436 0.102775726467371
decision_type=2 2 2 2 10 2
left_child=1 2 -1 -2 -5 -6
right_child=3 -3 -4 4 5 -7
leaf_value=-0.00017522504310590986 -0.00035186697923939269 1.0983653247055083e-06 0.00090924019568010316 -0.0004416709393292766 -3.2692759982656611e-05 0.0010389782434322042
leaf_weight=72 128 19773 173 59 73 58
leaf_count=72 128 19773 173 59 73 58
internal_value=-0.000106927 0.000283424 0.0149 -0.0101393 -0.000384615 0.00974265
internal_weight=20336 20018 245 318 190 131
internal_count=20336 20018 245 318 190 131
is_linear=0
shrinkage=0.05


Tree=373
num_leaves=7
num_cat=0
split_feature=16 3 45 35 4 47
split_gain=13.76 15.9686 21.039 23.6963 14.3517 16.1221
threshold=0.97499999403953563 0.0079817627556622046 0.089670151472091689 0.096723251044750228 0.607842117547989 1.2338294386863711
decision_type=2 2 2 10 2 2
left_child=-1 -2 -3 4 -4 -6
right_child=1 2 3 -5 5 -7
leaf_value=5.8386600390601936e-06 -0.00023550583783486339 0.00053028146979942632 0.00014202725693937893 -0.00054486752139612147 -1.224105020599998e-05 -0.00046528715388171314
leaf_weight=19288 218 88 220 129 291 78
leaf_count=19288 218 88 220 129 291 78
internal_value=-7.75213e-05 -0.00551506 -0.00218866 -0.00508299 -0.000715488 -0.00675134
internal_weight=20312 1024 806 718 589 369
internal_count=20312 1024 806 718 589 369
is_linear=0
shrinkage=0.05


Tree=374
num_leaves=7
num_cat=0
split_feature=22 3 32 35 35 39
split_gain=8.26275 42.1905 44.35 40.66 31.9723 43.5655
threshold=0.17500000447034839 0.0060087814927101144 -0.96605294942855824 -1.0000000180025095e-35 0.59820640087127697 0.022724223323166374
decision_type=2 2 2 10 10 2
left_child=1 4 -3 -4 -1 -6
right_child=-2 2 3 -5 5 -7
leaf_value=2.1966735318034183e-06 7.3427856855545549e-06 0.00054108014990551388 -0.00033570657605115352 -8.1260252658652265e-05 0.00053625468590822237 -8.2399781931838284e-05
leaf_weight=1427 17289 118 471 835 138 61
leaf_count=1427 17289 118 471 835 138 61
internal_value=-6.2672e-05 -0.00231588 -0.00858992 -0.01127 0.0031729 0.0216912
internal_weight=20339 3050 1424 1306 1626 199
internal_count=20339 3050 1424 1306 1626 199
is_linear=0
shrinkage=0.05


Tree=375
num_leaves=7
num_cat=0
split_feature=38 5 48 39 33 6
split_gain=10.7725 38.0525 25.3 25.8152 21.1782 19.2226
threshold=-0.016245205886662003 0.14179752767086032 2.757803320884705 0.0025397454155609016 0.11689115315675737 0.52205318212509166
decision_type=2 2 8 2 2 2
left_child=1 -1 3 4 -3 -6
right_child=-2 2 -4 -5 5 -7
leaf_value=9.3258506088705252e-05 -5.0874709212486455e-06 -0.00040524098979189641 0.00038452461818459847 0.0006575481366288071 0.0002063315364245321 -0.00011513199147749365
leaf_weight=1811 17646 261 88 74 59 390
leaf_count=1811 17646 261 88 74 59 390
internal_value=-0.000131553 0.00298549 -0.00555872 -0.00846008 -0.0114336 -0.00468062
internal_weight=20329 2683 872 784 710 449
internal_count=20329 2683 872 784 710 449
is_linear=0
shrinkage=0.05


Tree=376
num_leaves=7
num_cat=0
split_feature=7 48 38 3 13 3
split_gain=10.4994 13.6068 22.725 17.8475 15.5183 14.9124
threshold=0.99999997019767772 2.757803320884705 0.0022385367192327981 0.012170006521046163 0.031763503327965743 0.0075957132503390321
decision_type=2 8 2 2 2 2
left_child=-1 3 -3 5 -4 -2
right_child=1 2 4 -5 -6 -7
leaf_value=1.0747609110941993e-05 -0.00012917570429795636 0.00034169902318335259 0.00019179404250684485 -0.00021431607224985973 -0.00027468623853149502 2.0554750904297048e-05
leaf_weight=17706 676 182 68 320 137 1202
leaf_count=17706 676 182 68 320 137 1202
internal_value=-0.000112091 -0.00263514 0.00593112 -0.00416478 -0.00535714 -0.00227031
internal_weight=20291 2585 387 2198 205 1878
internal_count=20291 2585 387 2198 205 1878
is_linear=0
shrinkage=0.05


Tree=377
num_leaves=7
num_cat=0
split_feature=11 13 45 0 3 35
split_gain=10.1354 18.8649 20.04 16.6947 23.6942 25.141
threshold=-0.0067408201284706584 -0.034383591264486306 0.12597177177667621 0.032736431807279594 0.0063182320445775994 -0.49827945232391352
decision_type=2 2 2 2 2 10
left_child=3 2 -2 4 5 -1
right_child=1 -3 -4 -5 -6 -7
leaf_value=-0.00012090421691298866 -0.00099616668472244144 -6.5273871356345827e-06 -2.3219343859672092e-05 0.00012224526744657305 -1.9004911538618427e-05 0.00018995438194412871
leaf_weight=170 117 13937 184 1098 4218 496
leaf_count=170 117 13937 184 1098 4218 496
internal_value=-0.000166873 -0.000868848 -0.0131536 0.0015826 0.000322152 0.00905365
internal_weight=20220 14238 301 5982 4884 666
internal_count=20220 14238 301 5982 4884 666
is_linear=0
shrinkage=0.05


Tree=378
num_leaves=7
num_cat=0
split_feature=42 45 22 44 21 47
split_gain=9.67835 58.3902 41.1333 30.6222 31.2493 44.6195
threshold=0.10143939778208734 0.11060186102986337 0.87500000000000011 0.09420152381062509 0.52500000596046459 0.73771169781684887
decision_type=2 2 2 2 2 2
left_child=1 2 -1 -2 -5 -6
right_child=3 -3 -4 4 5 -7
leaf_value=2.8508083142047941e-06 0.00035479045857807 -0.00048707567320433224 -0.00035566404167515768 -7.7278349231936841e-05 0.00052458270992815142 2.2221464451328942e-05
leaf_weight=10408 562 331 340 1856 332 6327
leaf_count=10408 562 331 340 1856 332 6327
internal_value=-0.000152522 -0.000976633 -0.000332465 0.00122495 0.000472418 0.00207458
internal_weight=20156 11079 10748 9077 8515 6659
internal_count=20156 11079 10748 9077 8515 6659
is_linear=0
shrinkage=0.05


Tree=379
num_leaves=7
num_cat=0
split_feature=36 4 36 22 10 23
split_gain=12.1039 16.8548 13.8777 39.4896 26.4383 23.3721
threshold=-0.9269936978816985 0.57658246159553539 -0.82887965440750111 0.92499998211860668 -0.031185240484774109 -0.0038408754626289006
decision_type=8 2 8 2 2 2
left_child=1 -1 3 4 -2 -6
right_child=2 -3 -4 -5 5 -7
leaf_value=0.00030287357288221492 -0.00017782821474248616 -0.00016758499537144805 4.3216945773301258e-06 -0.00079868558425367294 0.00042286984287281189 -6.8788247962167434e-05
leaf_weight=241 422 61 19104 159 156 220
leaf_count=241 422 61 19104 159 156 220
internal_value=-0.000150972 0.0100163 1.1213e-05 -0.00584719 -0.0012142 0.00833333
internal_weight=20363 302 20061 957 798 376
internal_count=20363 302 20061 957 798 376
is_linear=0
shrinkage=0.05


Tree=380
num_leaves=7
num_cat=0
split_feature=48 47 50 10 3 2
split_gain=9.36098 25.8194 29.1711 45.0389 37.484 39.2237
threshold=-0.35160449147224421 1.1835272908210757 -0.38955739140510554 0.040061863139271743 0.0082309623248875158 0.012327881064265968
decision_type=10 2 10 2 2 2
left_child=-1 -2 -3 -4 -5 -6
right_child=1 2 3 4 5 -7
leaf_value=-1.2845812342988885e-05 3.7228274974515884e-05 0.00022044450762890699 -0.00030264335012603462 0.0009173407063653449 -0.00025416616784934624 0.00027207048631331109
leaf_weight=10150 8245 406 576 71 443 410
leaf_count=10150 8245 406 576 71 443 410
internal_value=-0.000107111 0.00116434 -0.00406855 -0.00729236 -0.00040366 -0.00340909
internal_weight=20301 10151 1906 1500 924 853
internal_count=20301 10151 1906 1500 924 853
is_linear=0
shrinkage=0.05


Tree=381
num_leaves=7
num_cat=0
split_feature=11 2 48 44 50 21
split_gain=12.6094 17.3204 16.7698 36.1937 31.8782 39.0215
threshold=-0.0067408201284706584 0.01846355572342873 -2.5599025487899776 0.098444141447544112 -0.7199110984802245 0.77500000596046459
decision_type=2 2 10 2 10 2
left_child=2 -2 3 -1 5 -5
right_child=1 -3 -4 4 -6 -7
leaf_value=0.00018558722449377358 -5.7119807931727064e-06 -0.00063813247953164391 6.05730273689377e-05 -0.00022426199401077846 -0.00080367963234516653 0.00046316573519475292
leaf_weight=287 14253 148 5135 239 206 103
leaf_count=287 14253 148 5135 239 206 103
internal_value=-0.000141097 -0.000744481 0.00198745 -0.00455357 -0.0120705 -0.00252161
internal_weight=20371 14401 5970 835 548 342
internal_count=20371 14401 5970 835 548 342
is_linear=0
shrinkage=0.05


Tree=382
num_leaves=7
num_cat=0
split_feature=22 45 45 10 36 35
split_gain=12.387 34.3047 42.8315 45.9937 39.9157 38.6183
threshold=0.67499998211860668 0.072004791349172606 0.1045862063765526 -0.066399861127138124 0.26713068783283239 -0.28308211266994471
decision_type=2 2 2 2 10 10
left_child=-1 4 3 -3 -2 -5
right_child=1 2 -4 5 -6 -7
leaf_value=-9.7934990095668213e-06 -0.00044085991540010282 -0.00029496460219943506 7.5289143115448835e-06 0.00066850838933710385 7.0745505346105864e-05 5.8580973883252564e-05
leaf_weight=13187 293 138 5307 553 131 706
leaf_count=13187 293 138 5307 553 131 706
internal_value=-8.73524e-05 0.00163676 0.00251528 0.0102889 -0.0120629 0.0133109
internal_weight=20315 7128 6704 1397 424 1259
internal_count=20315 7128 6704 1397 424 1259
is_linear=0
shrinkage=0.05


Tree=383
num_leaves=7
num_cat=0
split_feature=45 49 3 49 42 47
split_gain=10.6867 27.5867 25.7455 67.4583 54.3573 37.4774
threshold=0.11910872906446458 1.3334264159202578 0.0097138211131095904 0.31589730083942419 0.10408548265695573 1.0704052448272707
decision_type=2 10 2 10 2 2
left_child=2 -2 -1 -4 -5 -6
right_child=1 -3 3 4 5 -7
leaf_value=7.3586664396615466e-06 6.8974797508302921e-05 -0.00017720555870936298 -0.0001899110854353619 -0.00022107276500788026 0.00012429694930581685 0.00062261271521024816
leaf_weight=11776 4406 486 2230 410 787 233
leaf_count=11776 4406 486 2230 410 787 233
internal_value=-0.000102051 0.00211864 -0.000561816 -0.00422237 0.00423345 0.0104146
internal_weight=20328 4892 15436 3660 1430 1020
internal_count=20328 4892 15436 3660 1430 1020
is_linear=0
shrinkage=0.05


Tree=384
num_leaves=7
num_cat=0
split_feature=15 44 44 44 1 38
split_gain=9.87053 23.8629 25.8486 17.7489 20.5838 16.825
threshold=0.97499999403953563 0.072102006524801268 0.088208783417940154 0.11687441542744638 -0.13016736507415769 -0.017677731812000271
decision_type=2 2 2 2 2 2
left_child=-1 -2 -3 5 -5 -4
right_child=1 2 3 4 -6 -7
leaf_value=-3.0483248380505757e-06 0.00040134485573828783 -0.00037792986374860318 -0.00034475790299117598 0.00023986486617124091 -0.00041116082129518381 0.00019369704765718733
leaf_weight=19275 62 149 52 65 381 315
leaf_count=19275 62 149 52 65 381 315
internal_value=-0.000156373 -0.0053207 -0.00731644 -0.00369804 -0.0103659 0.00436828
internal_weight=20299 1024 962 813 446 367
internal_count=20299 1024 962 813 446 367
is_linear=0
shrinkage=0.05


Tree=385
num_leaves=7
num_cat=0
split_feature=27 2 48 22 24 42
split_gain=12.2354 15.7669 24.9095 28.4875 17.5215 15.5087
threshold=0.060181418433785445 0.014591147191822531 1.0474091768264773 0.87500000000000011 0.15823487937450412 0.16421613842248919
decision_type=2 2 10 2 2 2
left_child=-1 2 5 4 -4 -2
right_child=1 -3 3 -5 -6 -7
leaf_value=1.6661000715330962e-06 -0.00016782842218536118 -0.0003368702760550514 9.7774814233635501e-05 0.0011470242312293869 -0.00030421741914943214 0.00015468297557398093
leaf_weight=18761 627 177 440 113 153 87
leaf_count=18761 627 177 440 113 153 87
internal_value=-0.000121544 -0.00438514 -0.00257895 0.0040436 -0.000376254 -0.00914465
internal_weight=20358 1597 1420 706 593 714
internal_count=20358 1597 1420 706 593 714
is_linear=0
shrinkage=0.05


Tree=386
num_leaves=7
num_cat=0
split_feature=22 35 41 41 36 36
split_gain=10.1502 32.579 38.9167 69.8787 38.7913 32.813
threshold=0.62500000000000011 -0.80180099606513966 0.095687117427587523 0.063177414238452925 0.26713068783283239 0.37427431344985967
decision_type=2 8 2 2 10 10
left_child=-1 -2 3 4 -3 -5
right_child=1 2 -4 5 -6 -7
leaf_value=-1.1277226352830912e-05 -0.00015593448552332794 -0.00041021477244933919 5.6791979198198054e-06 0.00039694806968585696 0.0001284864280337565 -3.8918836024713788e-05
leaf_weight=12114 789 262 5519 1200 100 247
leaf_count=12114 789 262 5519 1200 100 247
internal_value=-0.000147015 0.00127124 0.00231488 0.00866869 -0.0108311 0.0135847
internal_weight=20231 8117 7328 1809 362 1447
internal_count=20231 8117 7328 1809 362 1447
is_linear=0
shrinkage=0.05


Tree=387
num_leaves=7
num_cat=0
split_feature=27 35 26 47 35 33
split_gain=13.3204 16.0752 44.8506 17.8091 17.0784 41.4391
threshold=0.066552676260471358 -0.83558541536331166 0.0078082873951643714 1.2694885134696963 -0.80180099606513966 -0.38704597949981684
decision_type=2 8 2 2 8 2
left_child=1 2 3 -1 5 -3
right_child=-2 4 -4 -5 -6 -7
leaf_value=0.00040902276719701359 -8.5637498814663667e-05 0.00056005782442539198 -0.0001660246161911311 -0.0004459526701049848 4.6170813873533353e-06 -0.00030762585201770596
leaf_weight=374 1271 71 194 51 17663 557
leaf_count=374 1271 71 194 51 17663 557
internal_value=-0.000132518 0.000321174 0.00821314 0.0172674 5.05575e-05 -0.00801738
internal_weight=20181 18910 619 425 18291 628
internal_count=20181 18910 619 425 18291 628
is_linear=0
shrinkage=0.05


Tree=388
num_leaves=7
num_cat=0
split_feature=28 36 35 1 30 47
split_gain=14.4608 15.3657 17.5332 17.3917 14.776 12.98
threshold=-0.0083812195807695371 -0.88965815305709828 -0.80180099606513966 1.0000000180025095e-35 37.63183784484864 1.2694885134696963
decision_type=2 10 10 2 2 2
left_child=1 2 3 -1 -5 -3
right_child=-2 5 -4 4 -6 -7
leaf_value=-0.0004260708205368948 -1.0495581568941912e-05 5.4651421512339104e-06 0.00029832814706759085 0.00045737323872930489 -0.00017345011799623883 0.00019278045317644134
leaf_weight=76 15680 3678 150 82 54 623
leaf_count=76 15680 3678 150 82 54 623
internal_value=-0.000111805 0.00236183 0.0121935 0.00264977 0.0132979 0.00151533
internal_weight=20343 4663 362 212 136 4301
internal_count=20343 4663 362 212 136 4301
is_linear=0
shrinkage=0.05


Tree=389
num_leaves=7
num_cat=0
split_feature=35 40 39 12 35 1
split_gain=13.4083 32.9487 38.714 32.9856 26.604 23.519
threshold=0.43759913742542272 0.10475093498826028 0.053116288036108024 -0.022653814405202862 0.38222186267375952 -0.030648589134216305
decision_type=10 2 2 2 10 2
left_child=4 3 -3 -2 -1 -6
right_child=1 2 -4 -5 5 -7
leaf_value=-5.8784619571180049e-06 0.00033255710788909868 -0.00038512199835457321 0.00031613100931967913 2.0744063828675584e-05 0.0004555886364333143 -0.00037863198828683349
leaf_weight=16681 389 430 71 2411 57 269
leaf_count=16681 389 430 71 2411 57 269
internal_value=-0.000185842 0.00279038 -0.00894269 0.00491087 -0.000689219 -0.0147281
internal_weight=20308 3301 501 2800 17007 326
internal_count=20308 3301 501 2800 17007 326
is_linear=0
shrinkage=0.05


Tree=390
num_leaves=7
num_cat=0
split_feature=28 39 40 48 3 36
split_gain=10.9242 16.3182 14.3292 13.8504 35.6106 35.7035
threshold=0.01195289893075824 0.066379044204950347 0.10284943878650667 -1.9260837435722349 0.014152212534099819 0.54225829243659984
decision_type=2 2 2 10 2 10
left_child=3 -2 -3 4 5 -1
right_child=1 2 -4 -5 -6 -7
leaf_value=-8.1515927021944866e-05 -5.3118045891492607e-05 -1.767202018855273e-05 0.00084923761176762752 2.1993397407792842e-05 0.00090949436225890652 9.4973608468614727e-05
leaf_weight=2228 3372 51 68 14020 64 410
leaf_count=2228 3372 51 68 14020 64 410
internal_value=-6.80087e-05 -0.00226688 0.0155242 0.000805584 -0.00246583 -0.00339576
internal_weight=20213 3491 119 16722 2702 2638
internal_count=20213 3491 119 16722 2702 2638
is_linear=0
shrinkage=0.05


Tree=391
num_leaves=7
num_cat=0
split_feature=28 40 39 22 3 43
split_gain=15.9437 21.835 27.0993 21.3659 21.652 19.6305
threshold=0.014902104623615743 0.13874115049839023 0.021333767101168636 0.62500000000000011 0.0088289086706936377 0.14356902986764911
decision_type=2 2 2 2 2 2
left_child=-1 3 -3 -2 -5 -6
right_child=1 2 -4 4 5 -7
leaf_value=5.475016012294627e-06 -0.00013730461127691194 -0.00054264776978878452 -1.2380616500061362e-05 0.00070509490762844633 -3.0461172603471651e-05 0.00059175827785186636
leaf_weight=17694 989 266 226 120 810 111
leaf_count=17694 989 266 226 120 810 111
internal_value=-9.27254e-05 -0.00382865 -0.0132294 -0.00151106 0.00346558 0.000782937
internal_weight=20216 2522 492 2030 1041 921
internal_count=20216 2522 492 2030 1041 921
is_linear=0
shrinkage=0.05


Tree=392
num_leaves=7
num_cat=0
split_feature=22 24 40 40 28 26
split_gain=11.9187 24.3375 45.5645 32.1564 29.9022 28.7564
threshold=0.62500000000000011 0.092719964683055892 0.13078688830137256 0.1212170533835888 -0.012397800106555222 0.046912314370274551
decision_type=2 2 2 2 2 2
left_child=1 3 -3 -1 -5 -6
right_child=-2 2 -4 4 5 -7
leaf_value=-1.689509085520515e-07 2.7505285802098244e-05 -0.00029256112382214546 0.00053396754625905545 0.0001934666087968863 -0.00044633669287309579 7.0285247500465159e-05
leaf_weight=10928 8162 517 84 171 343 102
leaf_count=10928 8162 517 84 171 343 102
internal_value=-0.000136619 -0.00116255 -0.0109323 -0.000647242 -0.011715 -0.0185
internal_weight=20307 12145 601 11544 616 445
internal_count=20307 12145 601 11544 616 445
is_linear=0
shrinkage=0.05


Tree=393
num_leaves=7
num_cat=0
split_feature=12 46 42 42 44 46
split_gain=11.6883 23.295 33.399 58.1507 35.927 35.1009
threshold=0.011612612288445236 0.88927435874938976 0.095879178494215025 0.12795344740152362 0.082214023917913451 1.2061432003974917
decision_type=2 2 2 2 2 2
left_child=-1 -2 4 5 -3 -4
right_child=1 2 3 -5 -6 -7
leaf_value=1.4860631275040464e-05 -7.2841598911688014e-05 2.204645363730138e-05 0.00034117291735162657 -0.00013797710729464659 -0.00019400374509026663 -0.00021539337330431024
leaf_weight=11810 2246 1844 1756 1026 1426 165
leaf_count=11810 2246 1844 1756 1026 1426 165
internal_value=-8.75333e-05 -0.00136101 0.000212954 0.00407351 -0.00325954 0.00920301
internal_weight=20273 8463 6217 2947 3270 1921
internal_count=20273 8463 6217 2947 3270 1921
is_linear=0
shrinkage=0.05


Tree=394
num_leaves=7
num_cat=0
split_feature=22 35 36 42 43 35
split_gain=14.5432 23.0019 39.9712 56.1047 49.9271 43.7457
threshold=0.57500001788139354 -0.80180099606513966 -0.55802375078201283 0.078464061021804823 0.11400203406810762 -0.31892089545726771
decision_type=2 8 10 2 2 10
left_child=-1 -2 3 -3 5 -5
right_child=1 2 -4 4 -6 -7
leaf_value=-1.6882279963385688e-05 -0.00012017847158565586 -0.00064986403917636267 6.5197668822227982e-06 0.00044820403676933026 1.0049117707644201e-05 -0.00015649469636829462
leaf_weight=11166 851 70 6190 1129 855 86
leaf_count=11166 851 70 6190 1129 855 86
internal_value=-0.000101956 0.00146146 0.00226455 0.00814685 0.0096747 0.016168
internal_weight=20347 9181 8330 2140 2070 1215
internal_count=20347 9181 8330 2140 2070 1215
is_linear=0
shrinkage=0.05


Tree=395
num_leaves=7
num_cat=0
split_feature=28 39 47 26 48 48
split_gain=10.5769 20.9155 22.3956 17.5633 15.9939 15.9137
threshold=0.014902104623615743 0.066379044204950347 0.98539635539054882 -0.061435678973793977 2.0183427333831792 0.66291955113410961
decision_type=2 2 2 2 10 8
left_child=-1 2 5 -4 -5 -2
right_child=1 -3 3 4 -6 -7
leaf_value=4.8195569154782671e-06 -9.5293583089321615e-05 0.00050958160426071259 -0.00040754481843485469 -4.878560292690699e-05 -0.00029239809260816558 0.00012351513338227748
leaf_weight=17693 569 88 343 654 166 754
leaf_count=17693 569 88 343 654 166 754
internal_value=-0.000205949 -0.00309228 -0.00396427 -0.00901113 -0.00493939 0.000470633
internal_weight=20267 2574 2486 1163 820 1323
internal_count=20267 2574 2486 1163 820 1323
is_linear=0
shrinkage=0.05


Tree=396
num_leaves=7
num_cat=0
split_feature=35 36 26 39 44 44
split_gain=10.0771 28.2112 29.1678 43.7923 27.6333 30.2499
threshold=0.43759913742542272 0.54225829243659984 -0.0036944840103387828 0.031472591683268554 0.088208783417940154 0.098444141447544112
decision_type=10 10 2 2 2 2
left_child=1 -1 3 -3 -4 -6
right_child=-2 2 4 -5 5 -7
leaf_value=-3.5669779320491714e-06 2.0895218751182216e-05 0.00041535300421936073 -0.0006904184169690946 -0.00034961143903329485 0.00011926098404277082 -0.00027895328748236986
leaf_weight=16275 3280 92 170 53 119 180
leaf_count=16275 3280 92 170 53 119 180
internal_value=-0.000152424 -0.000628922 -0.0111066 0.00816667 -0.0171414 -0.00764803
internal_weight=20169 16889 614 145 469 299
internal_count=20169 16889 614 145 469 299
is_linear=0
shrinkage=0.05


Tree=397
num_leaves=7
num_cat=0
split_feature=13 36 44 7 10 38
split_gain=12.5252 38.093 27.5295 17.7904 16.5672 9.49851
threshold=0.057591376826167114 -0.62848541140556324 0.091174963861703887 0.79319849610328685 0.058148199692368514 -0.0022977750049903985
decision_type=2 8 2 2 2 2
left_child=-1 -2 4 -4 -3 -5
right_child=1 2 3 5 -6 -7
leaf_value=-5.5989466006805405e-07 0.00072762964692880397 -0.00010709856711408564 0.00030957097807877721 -4.0198950945459635e-05 0.00053537047989182156 -0.00044936243081831963
leaf_weight=19720 63 63 51 81 78 309
leaf_count=19720 63 63 51 81 78 309
internal_value=-0.000185322 -0.00711538 -0.011201 -0.0173206 0.00770548 -0.0209494
internal_weight=20365 645 582 441 141 390
internal_count=20365 645 582 441 141 390
is_linear=0
shrinkage=0.05


Tree=398
num_leaves=7
num_cat=0
split_feature=0 45 42 39 43 21
split_gain=9.02415 33.4705 29.535 31.2423 34.9556 37.041
threshold=-0.044769622385501855 0.072004791349172606 0.095879178494215025 0.018058377318084243 0.13102734833955768 0.97499999403953563
decision_type=2 2 2 2 2 2
left_child=1 -1 -3 4 5 -4
right_child=-2 2 3 -5 -6 -7
leaf_value=0.00045577225880083749 1.0024590325431857e-05 -0.00023711142399112902 -5.5503772951454185e-05 0.00027221060308063892 -0.00041556582047134745 0.0012082245782428383
leaf_weight=70 17697 683 760 702 339 63
leaf_count=70 17697 683 760 702 339 63
internal_value=-0.00013165 -0.00256484 -0.00353644 -0.000254147 -0.00529135 0.000271739
internal_weight=20314 2617 2547 1864 1162 823
internal_count=20314 2617 2547 1864 1162 823
is_linear=0
shrinkage=0.05


Tree=399
num_leaves=7
num_cat=0
split_feature=22 3 32 42 50 39
split_gain=8.93335 33.5969 33.245 43.4527 37.2452 41.3023
threshold=0.17500000447034839 0.0063182320445775994 -0.96605294942855824 0.082317486405372634 -0.38955739140510554 0.024853320792317394
decision_type=2 2 2 2 10 2
left_child=1 -1 -3 -4 5 -5
right_child=-2 2 3 4 -6 -7
leaf_value=1.1125094524003926e-05 2.1123624207324348e-06 0.00055580202355125609 -0.00041421069312729182 0.00035711563304452313 -0.00024824666994975494 -0.00027103781566506589
leaf_weight=1826 17236 106 502 204 354 57
leaf_count=1826 17236 106 502 204 354 57
internal_value=-0.000146624 -0.00282417 -0.00922231 -0.011787 -0.00278226 0.0113722
internal_weight=20285 3049 1223 1117 615 261
internal_count=20285 3049 1223 1117 615 261
is_linear=0
shrinkage=0.05


Tree=400
num_leaves=7
num_cat=0
split_feature=11 13 2 42 35 13
split_gain=15.4448 22.0005 22.4607 23.0092 48.8489 36.2126
threshold=-0.0067408201284706584 -0.034383591264486306 0.01846355572342873 0.11209433525800706 -0.80180099606513966 0.057591376826167114
decision_type=2 2 2 2 8 2
left_child=-1 -2 3 -3 -5 -6
right_child=1 2 -4 4 5 -7
leaf_value=3.98358059752425e-05 -0.00023401610752726073 -2.3245777246153555e-05 -0.00072917285959554258 -0.00033253644807188908 0.00011138001280612368 -0.00023483076689963646
leaf_weight=6013 312 9723 106 264 3699 234
leaf_count=6013 312 9723 106 264 3699 234
internal_value=-0.000151061 -0.0010859 -0.000789324 -0.000608618 0.00248096 0.00389157
internal_weight=20351 14338 14026 13920 4197 3933
internal_count=20351 14338 14026 13920 4197 3933
is_linear=0
shrinkage=0.05


Tree=401
num_leaves=7
num_cat=0
split_feature=12 39 26 35 36 43
split_gain=11.4134 37.1359 32.9311 42.6263 53.0391 41.3163
threshold=0.017372813075780872 -0.020366040058434006 0.055794315412640579 -0.78794619441032399 -0.65841361880302418 0.049419974908232696
decision_type=2 2 2 10 8 2
left_child=-1 -2 -3 -4 -5 -6
right_child=1 2 3 4 5 -7
leaf_value=1.1626503921188066e-05 -0.00013039247099373401 -0.00011135068072362041 -0.00041986309120315893 0.00058294416331173811 -0.00038642931374330774 4.7409054973215297e-05
leaf_weight=12783 1033 1972 167 260 86 3927
leaf_count=12783 1033 1972 167 260 86 3927
internal_value=-0.000181634 -0.00165436 -0.000229858 0.00215411 0.00313815 0.00169861
internal_weight=20228 7445 6412 4440 4273 4013
internal_count=20228 7445 6412 4440 4273 4013
is_linear=0
shrinkage=0.05


Tree=402
num_leaves=7
num_cat=0
split_feature=1 26 44 50 26 20
split_gain=12.3968 25.2093 21.2584 19.535 17.6169 27.4244
threshold=-0.071905646473169313 0.2344203591346741 0.12527605891227725 -2.0571565628051753 -0.10577942430973052 0.17500000447034839
decision_type=2 2 2 8 2 2
left_child=1 3 -3 -1 -5 -6
right_child=-2 2 -4 4 5 -7
leaf_value=-0.00019630314864061972 -4.2391768853712595e-06 -0.00060947647594085375 8.1604409798622892e-05 -0.00080308618123304122 0.00053044530315267402 9.2449055008796721e-05
leaf_weight=69 18650 138 137 54 153 1095
leaf_count=69 18650 138 137 54 153 1095
internal_value=-0.0001761 0.00428528 -0.009375 0.00706759 0.0084736 0.00971668
internal_weight=20296 1646 275 1371 1302 1248
internal_count=20296 1646 275 1371 1302 1248
is_linear=0
shrinkage=0.05


Tree=403
num_leaves=7
num_cat=0
split_feature=16 46 0 28 35 44
split_gain=9.30046 20.8983 17.0482 16.8356 18.7753 10.2358
threshold=0.97499999403953563 0.84704995155334484 0.038505261763930328 0.00268556468654424 0.6547069549560548 0.14514036476612094
decision_type=2 2 2 2 10 2
left_child=5 2 -2 -3 -5 -1
right_child=1 3 -4 4 -6 -7
leaf_value=-2.261150167527019e-06 -0.00035260228867040961 0.0001593011322098363 -1.390276768180581e-05 -4.7763017491527835e-05 -0.00042446777636412006 0.00010594899192261617
leaf_weight=17760 91 239 61 581 68 1499
leaf_count=17760 91 239 61 581 68 1499
internal_value=-0.000116972 -0.00466507 -0.0214968 -0.00165174 -0.00584862 0.000177793
internal_weight=20299 1040 152 888 649 19259
internal_count=20299 1040 152 888 649 19259
is_linear=0
shrinkage=0.05


Tree=404
num_leaves=7
num_cat=0
split_feature=8 35 13 46 13 13
split_gain=11.6824 31.2632 22.7064 21.8802 25.09 21.9041
threshold=0.91436618566513073 -0.68967264890670765 0.024783577769994739 0.87594845890998851 0.012720440514385702 0.050412282347679145
decision_type=2 10 2 2 2 2
left_child=-1 2 -2 4 -3 -5
right_child=1 3 -4 5 -6 -7
leaf_value=1.1038328087009404e-05 -1.3831268169187833e-05 0.0001284381054974513 -0.00031913436210043975 0.00010146014462963391 -0.00025019355745239946 -8.8923443254706338e-05
leaf_weight=17114 208 56 308 1580 380 712
leaf_count=17114 208 56 308 1580 380 712
internal_value=-0.000131366 -0.00254694 -0.0137716 -0.000393341 -0.0106009 0.00155638
internal_weight=20358 3244 516 2728 436 2292
internal_count=20358 3244 516 2728 436 2292
is_linear=0
shrinkage=0.05


Tree=405
num_leaves=7
num_cat=0
split_feature=0 46 30 45 48 48
split_gain=12.8535 40.4787 38.9902 31.9545 28.9178 28.5344
threshold=0.035737538710236556 1.1385878920555117 49.174787521362312 0.12597177177667621 1.0474091768264773 -1.524229049682617
decision_type=2 2 2 2 8 10
left_child=-1 2 5 -3 -4 -2
right_child=1 3 4 -5 -6 -7
leaf_value=-5.5754617523157921e-06 2.7009157179724072e-05 -0.00033414896266987024 -4.7087472329326691e-05 8.8385317621376901e-05 0.00031183713205112148 0.00036446321799220825
leaf_weight=16998 417 290 1364 245 276 669
leaf_count=16998 417 290 1364 245 276 669
internal_value=-0.000117203 0.00300827 0.00548334 -0.00949074 0.000592705 0.0128093
internal_weight=20259 3261 2726 535 1640 1086
internal_count=20259 3261 2726 535 1640 1086
is_linear=0
shrinkage=0.05


Tree=406
num_leaves=7
num_cat=0
split_feature=35 22 10 10 43 47
split_gain=10.0505 32.8961 29.3926 41.7791 25.2096 27.6449
threshold=0.78233981132507335 0.27500000596046453 -0.0070548802614212027 0.044038962572813041 0.10860075429081918 0.65808573365211498
decision_type=8 2 2 2 2 2
left_child=-1 2 -2 -4 5 -3
right_child=1 4 3 -5 -6 -7
leaf_value=4.0929785880743605e-06 0.00050262835640798112 0.00039611520803054472 -0.00023333385082763627 0.00063173021191042231 0.00026397951859182249 -0.00023594349515763163
leaf_weight=19106 143 75 223 66 59 605
leaf_count=19106 143 75 223 66 59 605
internal_value=-0.000220639 -0.00452806 0.00635011 -0.00280612 -0.0109207 -0.0136861
internal_weight=20277 1171 432 289 739 680
internal_count=20277 1171 432 289 739 680
is_linear=0
shrinkage=0.05


Tree=407
num_leaves=7
num_cat=0
split_feature=22 3 32 44 44 44
split_gain=9.00774 29.9296 37.0203 31.3816 26.926 34.9689
threshold=0.17500000447034839 0.0063182320445775994 -0.96605294942855824 0.088208783417940154 0.066888868808746352 0.070305861532688155
decision_type=2 2 2 2 2 2
left_child=1 -1 -3 -4 -2 -6
right_child=4 2 3 -5 5 -7
leaf_value=1.0948835003557499e-05 -0.00010541633121943887 0.00055230865814295284 -0.00034962903001025617 -2.5245814348861219e-05 0.00025125432480613985 7.1852701251286063e-06
leaf_weight=1787 922 109 581 561 384 15868
leaf_count=1787 922 109 581 561 384 15868
internal_value=-0.000201563 -0.00262077 -0.00853901 -0.0112249 0.000330345 0.000804269
internal_weight=20212 3038 1251 1142 17174 16252
internal_count=20212 3038 1251 1142 17174 16252
is_linear=0
shrinkage=0.05


Tree=408
num_leaves=7
num_cat=0
split_feature=36 26 1 48 35 1
split_gain=13.5943 20.6967 16.9755 12.4564 33.8939 57.2211
threshold=-0.9269936978816985 -0.030315582640469071 0.075010560452938094 0.80840983986854564 -0.31892089545726771 0.023387562483549122
decision_type=8 2 2 10 10 2
left_child=1 2 -1 -2 -5 -6
right_child=3 -3 -4 4 5 -7
leaf_value=0.00036280698538652202 -7.2922484308593674e-06 -0.00025600380008375634 -0.00016377454776524459 0.00014011535306730725 -5.6236903721333189e-05 0.00045794793587516008
leaf_weight=207 15218 52 61 2010 2409 327
leaf_count=207 15218 52 61 2010 2409 327
internal_value=-0.000186061 0.0103846 0.0160256 7.38645e-05 0.00231004 -0.00130427
internal_weight=20284 320 268 19964 4746 2736
internal_count=20284 320 268 19964 4746 2736
is_linear=0
shrinkage=0.05


Tree=409
num_leaves=7
num_cat=0
split_feature=26 12 2 46 26 46
split_gain=11.1658 20.7096 26.6054 30.4577 30.0846 43.6405
threshold=0.098982293158769621 0.011612612288445236 0.014591147191822531 0.88927435874938976 0.038053670898079879 0.69900795817375194
decision_type=2 2 2 2 2 2
left_child=1 -1 3 4 -3 -6
right_child=-2 2 -4 -5 5 -7
leaf_value=4.7289241268077842e-06 4.9484586098876798e-05 -4.0501291362722552e-06 -0.00070573243757496718 -5.3697634361438505e-06 0.0004001734557286642 -0.00022554974632816002
leaf_weight=11669 3560 569 106 3529 57 706
leaf_count=11669 3560 569 106 3529 57 706
internal_value=-0.000176971 -0.000761673 -0.0034644 -0.00290279 -0.00933059 -0.0157878
internal_weight=20196 16636 4967 4861 1332 763
internal_count=20196 16636 4967 4861 1332 763
is_linear=0
shrinkage=0.05


Tree=410
num_leaves=7
num_cat=0
split_feature=21 36 50 42 38 15
split_gain=11.0836 27.7528 30.4882 31.387 24.8801 23.1992
threshold=0.52500000596046459 0.54225829243659984 -1.6051099896430967 0.07117252424359323 0.013080482371151449 0.22500000149011615
decision_type=2 10 10 2 2 2
left_child=5 -2 -3 -4 -5 -1
right_child=1 2 3 4 -6 -7
leaf_value=-0.0001004798238829 3.8544919973553753e-05 0.00045752718973894856 0.00049038100299843735 -0.00012051659387318942 -0.00069858678999215357 3.499075308838391e-07
leaf_weight=1869 9342 75 68 459 192 8349
leaf_count=1869 9342 75 68 459 192 8349
internal_value=-6.75377e-05 0.00121043 -0.00772841 -0.0109461 -0.0143674 -0.00112247
internal_weight=20354 10136 794 719 651 10218
internal_count=20354 10136 794 719 651 10218
is_linear=0
shrinkage=0.05


Tree=411
num_leaves=7
num_cat=0
split_feature=36 9 50 25 6 28
split_gain=8.07196 24.6357 30.6669 17.9695 15.9578 13.3865
threshold=0.86140617728233349 -0.04381673410534858 0.64357629418373119 0.012195741292089226 0.869309961795807 0.007636306108906866
decision_type=10 2 10 2 2 2
left_child=-1 -2 3 5 -5 -3
right_child=1 2 -4 4 -6 -7
leaf_value=-2.9189962872212621e-06 -0.00024394727184082253 0.0004597645925293178 -0.00017635384564099944 -0.0002091786237314426 0.00026821454383728187 0.00016942426296901773
leaf_weight=19599 66 189 168 77 72 50
leaf_count=19599 66 189 168 77 72 50
internal_value=-0.00016192 0.00554226 0.00904635 0.0167303 0.00275974 0.0251025
internal_weight=20221 622 556 388 149 239
internal_count=20221 622 556 388 149 239
is_linear=0
shrinkage=0.05


Tree=412
num_leaves=7
num_cat=0
split_feature=16 28 35 41 40 20
split_gain=12.5798 21.1599 17.8336 13.2871 20.1311 15.7379
threshold=0.97499999403953563 -0.0053301346488296977 0.6547069549560548 0.1316599249839783 0.12743414193391803 0.97499999403953563
decision_type=2 2 8 2 2 2
left_child=-1 -2 3 4 5 -3
right_child=1 2 -4 -5 -6 -7
leaf_value=4.2116897707171326e-06 0.00020416185487154444 -1.754199402249977e-06 -0.00031522663225205599 -0.000295948277072232 0.00082388238102800565 -0.0002619828448917667
leaf_weight=19164 104 436 88 168 65 136
leaf_count=19164 104 436 88 168 65 136
internal_value=-0.000177279 -0.00541417 -0.0079343 -0.00546296 -0.00206386 -0.00515598
internal_weight=20161 997 893 805 637 572
internal_count=20161 997 893 805 637 572
is_linear=0
shrinkage=0.05


Tree=413
num_leaves=7
num_cat=0
split_feature=15 0 33 39 27 20
split_gain=9.43949 20.0625 22.5632 24.0298 24.076 16.7446
threshold=0.97499999403953563 -0.014004367869347332 0.55445274710655224 0.021333767101168636 -0.0061085734050720921 0.97499999403953563
decision_type=2 2 2 2 2 2
left_child=-1 2 3 4 -2 -5
right_child=1 -3 -4 5 -6 -7
leaf_value=2.1113112674954773e-06 0.00042525513730626177 0.00014785282765792296 0.00054435765520612588 0.00019703135367660544 -0.00045592140186775031 -0.00019935197896605133
leaf_weight=19341 56 277 59 153 330 120
leaf_count=19341 56 277 59 153 330 120
internal_value=-0.000239664 -0.004825 -0.00923237 -0.0119352 -0.0198849 -0.00044964
internal_weight=20336 995 718 659 386 273
internal_count=20336 995 718 659 386 273
is_linear=0
shrinkage=0.05


Tree=414
num_leaves=7
num_cat=0
split_feature=37 35 27 47 48 42
split_gain=8.24605 19.0252 36.2679 25.6298 25.4137 20.6551
threshold=0.00018428072507958862 0.096723251044750228 -0.037529146298766129 1.0543931722640993 -2.0810037851333614 0.083824396133422865
decision_type=2 8 2 2 10 2
left_child=-1 2 3 -2 -4 -6
right_child=1 -3 4 -5 5 -7
leaf_value=-1.4797071711062336e-05 -0.00025411191675832106 -2.2754383083563074e-05 -0.00011076339433040012 3.092323975133802e-05 1.0623744328048093e-05 0.00016320604677589855
leaf_weight=9818 543 3762 504 630 1653 3377
leaf_count=9818 543 3762 504 630 1653 3377
internal_value=-0.000151538 0.000909395 0.0025067 -0.00545416 0.00420202 0.00527805
internal_weight=20287 10469 6707 1173 5534 5030
internal_count=20287 10469 6707 1173 5534 5030
is_linear=0
shrinkage=0.05


Tree=415
num_leaves=7
num_cat=0
split_feature=44 43 10 41 12 46
split_gain=8.12631 24.789 22.1543 31.6337 48.7964 41.5758
threshold=0.080620508641004576 0.049419974908232696 -0.07901600748300551 0.067910958081483855 0.037194062024354942 1.0565453767776491
decision_type=2 2 2 2 2 2
left_child=2 -2 -1 -4 5 -5
right_child=1 -3 3 4 -6 -7
leaf_value=-0.00016775587137985467 -3.4475007791061515e-05 -9.1141563717934159e-06 -1.0823170564045989e-06 0.0004532046615036957 -6.351554520168987e-05 5.0211418103065025e-05
leaf_weight=468 171 14905 3233 567 547 415
leaf_count=468 171 14905 3233 567 547 415
internal_value=-0.00018586 -0.000800676 0.0014852 0.00251206 0.00842568 0.0150709
internal_weight=20306 15076 5230 4762 1529 982
internal_count=20306 15076 5230 4762 1529 982
is_linear=0
shrinkage=0.05


Tree=416
num_leaves=7
num_cat=0
split_feature=35 1 35 0 11 46
split_gain=9.76516 25.0775 29.4853 32.0635 31.9727 37.8667
threshold=0.43759913742542272 0.057538203895092017 0.78233981132507335 0.035737538710236556 -0.013394743669778107 1.1385878920555117
decision_type=10 2 10 2 2 2
left_child=-1 2 3 -2 -4 -6
right_child=1 -3 4 -5 5 -7
leaf_value=-9.8942411462645174e-06 3.7284527459302815e-05 -0.00028128166156233137 0.00032711733433536813 0.00057286652378766428 -0.00018033392997623585 0.00042947160964822785
leaf_weight=17005 1876 194 129 213 765 75
leaf_count=17005 1876 194 129 213 765 75
internal_value=-0.000206051 0.00223365 0.00335455 0.00669771 -0.00382444 -0.00742604
internal_weight=20257 3252 3058 2089 969 840
internal_count=20257 3252 3058 2089 969 840
is_linear=0
shrinkage=0.05


Tree=417
num_leaves=7
num_cat=0
split_feature=26 35 36 35 35 42
split_gain=11.9631 23.0766 26.6612 22.5798 73.2238 76.8781
threshold=-0.015317601151764391 -0.83558541536331166 -0.77976873517036427 -0.68967264890670765 -0.37597930431365961 0.077168159186840071
decision_type=2 8 10 10 10 2
left_child=1 2 -1 -2 5 -5
right_child=3 -3 -4 4 -6 -7
leaf_value=5.0643665714113564e-05 -9.5120307981052483e-05 1.5145901018912826e-05 0.0006134342138393522 -0.0007303392387794567 -1.6372537184694308e-05 0.0005809875660057099
leaf_weight=256 1718 8202 114 113 9055 778
leaf_count=256 1718 8202 114 113 9055 778
internal_value=-8.76933e-05 0.00166433 0.0138 -0.000794841 0.000118079 0.0137556
internal_weight=20236 8572 370 11664 9946 891
internal_count=20236 8572 370 11664 9946 891
is_linear=0
shrinkage=0.05


Tree=418
num_leaves=7
num_cat=0
split_feature=40 47 47 10 36 36
split_gain=14.0301 29.1545 40.3758 25.634 20.395 20.0127
threshold=0.13436462730169299 0.99842301011085521 1.1368031501770022 0.10052698105573656 0.45144879817962652 -0.33784481883049006
decision_type=2 2 2 2 8 10
left_child=-1 4 3 -3 5 -2
right_child=1 2 -4 -5 -6 -7
leaf_value=6.1435580910565187e-06 7.3752184866742772e-05 -0.00060904661629356384 -4.8544450704315728e-05 3.9354239626642269e-05 -0.00029820978730411406 0.0006027187014086198
leaf_weight=18061 320 289 1392 100 53 133
leaf_count=18061 320 289 1392 100 53 133
internal_value=-0.000210043 -0.00371946 -0.00673292 -0.0208756 0.00680039 0.0103166
internal_weight=20348 2287 1781 389 506 453
internal_count=20348 2287 1781 389 506 453
is_linear=0
shrinkage=0.05


Tree=419
num_leaves=7
num_cat=0
split_feature=5 48 48 47 22 47
split_gain=10.2936 24.6974 11.6227 20.0774 17.7505 18.3888
threshold=-0.7787487506866454 -0.51674348115921009 -2.2813094854354854 1.0704052448272707 0.67499998211860668 1.2964434623718264
decision_type=2 10 10 2 2 2
left_child=1 2 3 -1 5 -4
right_child=-2 -3 4 -5 -6 -7
leaf_value=-1.2500776883865973e-05 -5.5433492019533542e-06 0.0007665348688961752 0.00014833035116367215 0.0005628500422269145 -0.00058274966204459138 -0.00053927550844617002
leaf_weight=160 19607 70 161 115 71 65
leaf_count=160 19607 70 161 115 71 65
internal_value=-0.000186383 0.00598918 0.00238302 0.00973214 -0.00438742 0.00248918
internal_weight=20249 642 572 275 297 226
internal_count=20249 642 572 275 297 226
is_linear=0
shrinkage=0.05


Tree=420
num_leaves=7
num_cat=0
split_feature=35 36 38 50 47 1
split_gain=9.26712 32.1825 21.317 25.2537 26.4284 19.8899
threshold=-0.83558541536331166 -0.77976873517036427 -0.012877776287496088 0.47914569079875952 0.76670905947685253 -0.028068933635950085
decision_type=8 10 2 8 2 2
left_child=1 2 -1 4 -4 -6
right_child=-2 -3 3 -5 5 -7
leaf_value=-0.0002288809874771119 -4.6911420544235082e-06 0.00039658738313519214 -0.00054677806892250512 0.00023633334402755406 0.00048141468753804239 -6.2193394880802515e-05
leaf_weight=95 19673 158 83 116 58 165
leaf_count=95 19673 158 83 116 58 165
internal_value=-0.000195303 0.005625 -0.000431034 0.0043911 -0.00313505 0.0058114
internal_weight=20348 675 517 422 306 223
internal_count=20348 675 517 422 306 223
is_linear=0
shrinkage=0.05


Tree=421
num_leaves=7
num_cat=0
split_feature=36 7 36 38 48 22
split_gain=10.1602 12.8437 12.7021 29.7677 40.7007 32.7323
threshold=-0.9269936978816985 0.79319849610328685 -0.82887965440750111 -0.0032010105205699797 -1.1031865477561948 0.92499998211860668
decision_type=8 2 8 2 10 2
left_child=1 -1 3 -2 -5 -6
right_child=2 -3 -4 4 5 -7
leaf_value=0.00029060021899833917 -0.00032214659094841226 -0.00013548878385490475 -1.1532661342925599e-06 -0.00043229135001490986 0.00024209391614452293 -0.00046115528603708371
leaf_weight=249 275 73 18863 278 320 68
leaf_count=249 275 73 18863 278 320 68
internal_value=-0.000212359 0.00848624 -0.000397547 -0.0060518 -0.000260805 0.0101145
internal_weight=20126 322 19804 941 666 388
internal_count=20126 322 19804 941 666 388
is_linear=0
shrinkage=0.05


Tree=422
num_leaves=7
num_cat=0
split_feature=31 10 16 2 50 47
split_gain=13.3673 16.0517 11.3489 17.3173 19.1946 17.6571
threshold=34.096593856811531 -0.10117210447788237 0.97499999403953563 0.0094731324352324026 1.2041946649551394 1.2338294386863711
decision_type=2 2 2 2 10 2
left_child=1 -1 -2 4 -4 -5
right_child=2 -3 3 5 -6 -7
leaf_value=0.00044214854724201511 9.4830819108264464e-07 4.4760797233894079e-05 -3.2377427377137598e-05 0.00012698509825616566 -0.00033423782511122059 -0.0002322166781924675
leaf_weight=79 18965 245 278 414 162 170
leaf_count=79 18965 245 278 414 162 170
internal_value=-0.000136578 0.00995441 -0.000206312 -0.0053207 -0.0127528 0.000297114
internal_weight=20313 324 19989 1024 440 584
internal_count=20313 324 19989 1024 440 584
is_linear=0
shrinkage=0.05


Tree=423
num_leaves=7
num_cat=0
split_feature=7 0 31 48 16 36
split_gain=9.60091 18.5762 15.805 20.1358 18.3783 16.0032
threshold=0.96958383917808544 -0.065042823553085313 47.06884956359864 -1.3068882822990415 0.87500000000000011 0.41490533947944647
decision_type=2 2 2 10 2 10
left_child=-1 -2 3 -3 -4 -5
right_child=1 2 4 5 -6 -7
leaf_value=7.9618148294614916e-06 -0.00035751569170250537 0.00011491288855491212 6.4291156472285471e-05 -0.00042835304699094621 -8.6524275094477295e-05 7.3382640790952983e-05
leaf_weight=17320 178 114 1366 200 1135 73
leaf_count=17320 178 114 1366 200 1135 73
internal_value=-0.000150802 -0.00243406 -0.00144314 -0.0107781 9.97606e-06 -0.0180755
internal_weight=20386 3066 2888 387 2501 273
internal_count=20386 3066 2888 387 2501 273
is_linear=0
shrinkage=0.05


Tree=424
num_leaves=7
num_cat=0
split_feature=11 13 45 2 2 2
split_gain=12.7292 20.1945 23.7741 21.5118 19.4198 29.0244
threshold=-0.007389701670035719 -0.034383591264486306 0.12597177177667621 0.01846355572342873 0.0078539820387959498 0.0049965903162956246
decision_type=2 2 2 2 2 2
left_child=4 2 -2 -3 5 -1
right_child=1 3 -4 -5 -6 -7
leaf_value=-0.00015067065820323599 -0.001005570609997808 -4.1307329982006974e-06 -3.3093595911541619e-05 -0.00061103041255457322 3.0427587550746201e-06 0.00015680889525854
leaf_weight=172 123 14176 213 109 4118 1372
leaf_count=172 123 14176 213 109 4118 1372
internal_value=-0.000151567 -0.000801655 -0.0128299 -0.000512596 0.00198959 0.00676243
internal_weight=20283 14621 336 14285 5662 1544
internal_count=20283 14621 336 14285 5662 1544
is_linear=0
shrinkage=0.05


Tree=425
num_leaves=7
num_cat=0
split_feature=42 45 47 24 3 43
split_gain=9.00996 36.0085 30.393 29.043 28.8937 39.0675
threshold=0.11209433525800706 0.11060186102986337 0.86049172282218944 -0.10852713882923125 0.010016832966357471 0.083284612745046629
decision_type=2 2 2 2 2 2
left_child=1 2 4 -4 5 -1
right_child=-2 -3 3 -5 -6 -7
leaf_value=-1.2185377723274141e-05 2.5859229670868042e-05 -0.00018852323531070816 -0.00084328594049350278 4.3889912891074426e-05 0.00045700426498515839 -0.00021558433728090451
leaf_weight=4746 6939 1061 98 6527 136 913
leaf_count=4746 6939 1061 98 6527 136 913
internal_value=-0.000140759 -0.000773024 -1.40845e-05 0.00229638 -0.00265948 -0.00321769
internal_weight=20420 13481 12420 6625 5795 5659
internal_count=20420 13481 12420 6625 5795 5659
is_linear=0
shrinkage=0.05


Tree=426
num_leaves=7
num_cat=0
split_feature=35 40 22 10 50 44
split_gain=8.71244 28.0852 35.7115 29.5195 20.3019 39.1604
threshold=0.43759913742542272 0.10284943878650667 0.47499999403953558 -0.08691833913326262 -1.0000000180025095e-35 0.072102006524801268
decision_type=10 2 2 2 8 2
left_child=-1 3 -3 -2 -5 -6
right_child=1 2 -4 4 5 -7
leaf_value=-5.2172652887949068e-06 0.0010853523019531206 -0.00069540153241671825 2.006244122111367e-05 7.9199203792772654e-05 0.00021955918892266736 -4.1815059363994601e-05
leaf_weight=17082 79 167 358 1293 499 880
leaf_count=17082 79 167 358 1293 499 880
internal_value=-0.000160831 0.0023697 -0.00816038 0.00439949 0.0034647 -0.000740607
internal_weight=20358 3276 525 2751 2672 1379
internal_count=20358 3276 525 2751 2672 1379
is_linear=0
shrinkage=0.05


Tree=427
num_leaves=7
num_cat=0
split_feature=36 43 47 41 44 15
split_gain=9.93604 21.9658 19.8507 29.5548 27.9943 25.9244
threshold=0.69269269704818737 0.11400203406810762 0.85343831777572643 0.084763180464506163 0.13889769464731219 0.67499998211860668
decision_type=10 2 2 2 2 2
left_child=-1 2 3 4 -2 -4
right_child=1 -3 5 -5 -6 -7
leaf_value=-3.0827935148779089e-06 -6.1264496020426994e-06 -0.00057669937377786962 1.8412465644885768e-05 -0.00039877034990116285 0.00058291889633621931 0.00034325653854493224
leaf_weight=18353 780 95 479 59 69 428
leaf_count=18353 780 95 479 59 69 428
internal_value=-0.000196122 0.00353786 0.00479396 -0.000410734 0.00201991 0.0100055
internal_weight=20263 1910 1815 908 849 907
internal_count=20263 1910 1815 908 849 907
is_linear=0
shrinkage=0.05


Tree=428
num_leaves=7
num_cat=0
split_feature=36 26 9 18 36 30
split_gain=13.2111 15.3351 12.7861 14.4519 12.5937 39.3504
threshold=-0.9269936978816985 -0.038174100220203393 -0.04381673410534858 0.32500000298023229 -0.82887965440750111 28.901463508605961
decision_type=8 2 2 2 8 2
left_child=1 2 -1 -4 5 -2
right_child=4 -3 3 -5 -6 -7
leaf_value=0.00046261188534966265 0.00026567423624384586 -0.0002065946345699678 -0.0003368376714861451 0.00046533233752204823 9.261300893643652e-07 -0.00019378935091322292
leaf_weight=153 161 58 57 51 19033 810
leaf_count=153 161 58 57 51 19033 810
internal_value=-0.000170946 0.0099537 0.0151316 0.00154867 -0.000223649 -0.00576332
internal_weight=20323 319 261 108 20004 971
internal_count=20323 319 261 108 20004 971
is_linear=0
shrinkage=0.05


Tree=429
num_leaves=7
num_cat=0
split_feature=39 10 1 38 19 1
split_gain=9.39734 26.9793 52.9663 21.0011 19.2729 18.0519
threshold=0.061461536213755615 0.0071534493472427138 0.0016246960731223228 0.038885843008756645 0.62500000000000011 -0.019186839461326596
decision_type=2 2 2 2 2 2
left_child=-1 2 -2 5 -4 -3
right_child=1 3 4 -5 -6 -7
leaf_value=-4.7872598870775905e-06 -0.00062219770021008447 2.8715651963828141e-05 0.00012090839442779431 -0.00016516033901998813 -0.00018188441916905986 0.00076117499550689164
leaf_weight=19373 134 158 247 61 78 292
leaf_count=19373 134 158 247 61 78 292
internal_value=-0.000195351 0.00458974 -0.00414871 0.0124516 0.00674242 0.0162088
internal_weight=20343 970 459 511 325 450
internal_count=20343 970 459 511 325 450
is_linear=0
shrinkage=0.05


Tree=430
num_leaves=7
num_cat=0
split_feature=35 44 35 21 49 18
split_gain=9.70119 32.2109 36.6559 39.2065 34.6482 30.2577
threshold=0.15508352965116504 0.098444141447544112 0.43759913742542272 0.22500000149011615 0.88342314958572399 0.22500000149011615
decision_type=8 2 8 2 10 2
left_child=-1 4 3 -3 -2 -5
right_child=1 2 -4 5 -6 -7
leaf_value=1.1794477133024408e-05 4.0723157469422697e-05 0.00050383940721764346 -4.4738439453031699e-06 4.8046766364028817e-05 -0.00013429631788925003 -0.00046868347635826009
leaf_weight=13934 3216 72 1387 189 682 861
leaf_count=13934 3216 72 1387 189 682 861
internal_value=-0.00015605 -0.00164145 -0.00605609 -0.0127551 0.0011978 -0.015237
internal_weight=20341 6407 2509 1122 3898 1050
internal_count=20341 6407 2509 1122 3898 1050
is_linear=0
shrinkage=0.05


Tree=431
num_leaves=7
num_cat=0
split_feature=36 41 42 39 45 32
split_gain=8.64841 20.7864 43.9538 34.4184 31.6921 27.3604
threshold=0.69269269704818737 0.08785628899931909 0.13459139317274096 0.050631551072001464 0.095119949430227294 -0.21460101008415219
decision_type=8 2 2 2 2 2
left_child=-1 4 3 5 -2 -3
right_child=1 2 -4 -5 -6 -7
leaf_value=-6.7734588474687234e-06 4.6048705651493825e-05 -2.2035772279317337e-05 0.00016995151471276484 0.0001825235243639021 0.00074081729982661368 -0.00038231082639387484
leaf_weight=17496 1803 201 313 107 57 297
leaf_count=17496 1803 201 313 107 57 297
internal_value=-0.00017136 0.00247036 -0.00365655 -0.0115164 0.00550938 -0.0170477
internal_weight=20274 2778 918 605 1860 498
internal_count=20274 2778 918 605 1860 498
is_linear=0
shrinkage=0.05


Tree=432
num_leaves=7
num_cat=0
split_feature=41 3 31 44 31 8
split_gain=9.41437 31.3438 32.4565 31.0451 30.8355 39.2289
threshold=0.095687117427587523 0.011168764438480141 59.328685760498054 0.1522067189216614 52.822687149047859 0.66076797246932995
decision_type=2 2 2 2 2 2
left_child=3 2 4 -1 5 -2
right_child=1 -3 -4 -5 -6 -7
leaf_value=1.2477285951635132e-05 -0.00011395412285593407 2.7516478739317678e-05 9.7382268543474537e-05 0.00086612624702301797 -0.00031733748547472249 0.000287266586958199
leaf_weight=11750 1617 5201 593 55 834 245
leaf_count=11750 1617 5201 593 55 834 245
internal_value=-0.00016133 -0.000985874 -0.00480419 0.00119602 -0.00713625 -0.00352169
internal_weight=20295 8490 3289 11805 2696 1862
internal_count=20295 8490 3289 11805 2696 1862
is_linear=0
shrinkage=0.05


Tree=433
num_leaves=7
num_cat=0
split_feature=15 44 44 40 47 45
split_gain=8.87438 15.6089 20.7617 32.2476 17.6843 12.5887
threshold=0.97499999403953563 0.11687441542744638 0.09286076202988626 0.09435670450329782 1.3782085776329043 0.13760080933570865
decision_type=2 2 2 2 2 2
left_child=-1 2 3 -2 -5 -3
right_child=1 5 -4 4 -6 -7
leaf_value=2.0938028365374364e-06 -0.00032222360236221713 -0.00038486190702943438 0.00015080161370581817 0.00030999020093020976 -0.00040230309291062853 2.0307224874501799e-05
leaf_weight=19324 129 291 326 75 52 136
leaf_count=19324 129 291 326 75 52 136
internal_value=-0.000180696 -0.00465976 0.000638842 -0.0098659 0.00776515 -0.0118634
internal_weight=20333 1009 582 256 127 427
internal_count=20333 1009 582 256 127 427
is_linear=0
shrinkage=0.05


Tree=434
num_leaves=7
num_cat=0
split_feature=3 42 50 3 26 26
split_gain=10.6848 43.1146 36.9658 40.5086 34.8793 30.3885
threshold=0.013032392133027317 0.12795344740152362 -1.1658039689064024 0.014627580530941488 0.091780338436365141 -0.12536692619323728
decision_type=2 2 10 2 2 2
left_child=-1 -2 4 -4 5 -3
right_child=1 2 3 -5 -6 -7
leaf_value=5.6934170005392604e-06 0.00045402183077056203 -3.1536041692824084e-06 -0.00044387616095578673 -1.2797203099300317e-05 -0.00041191058305705731 0.00062561635058428844
leaf_weight=18053 231 219 768 753 140 199
leaf_count=18053 231 219 768 753 140 199
internal_value=-0.000150972 -0.00318575 -0.00548225 -0.00951835 0.00546181 0.0127069
internal_weight=20363 2310 2079 1521 558 418
internal_count=20363 2310 2079 1521 558 418
is_linear=0
shrinkage=0.05


Tree=435
num_leaves=7
num_cat=0
split_feature=49 19 47 32 46 39
split_gain=10.4656 20.6089 16.9268 22.2915 24.914 19.7807
threshold=-1.408842086791992 0.32500000298023229 0.85343831777572643 0.64133113622665416 0.83067864179611217 0.022724223323166374
decision_type=8 2 2 2 2 2
left_child=1 2 -1 4 -4 -6
right_child=-2 -3 3 -5 5 -7
leaf_value=0.0001646593148125636 -8.2557237690453558e-06 0.00038312910795720406 0.00032907925170835481 -0.00025066226935582992 -0.00019082863781868262 0.00016358150628206344
leaf_weight=277 18598 195 67 109 462 551
leaf_count=277 18598 195 67 109 462 551
internal_value=-0.000210965 0.00355642 0.00147859 -0.00110972 0.00108295 -0.000908644
internal_weight=20259 1661 1466 1189 1080 1013
internal_count=20259 1661 1466 1189 1080 1013
is_linear=0
shrinkage=0.05


Tree=436
num_leaves=7
num_cat=0
split_feature=22 19 1 24 45 15
split_gain=13.9578 27.5132 26.7371 22.7495 33.2432 30.392
threshold=0.17500000447034839 0.92499998211860668 -0.003579303040169179 -0.0769841894507408 0.064616296440362944 0.37500000000000006
decision_type=2 2 2 2 2 2
left_child=1 2 -1 -4 -5 -6
right_child=-2 -3 3 4 5 -7
leaf_value=4.7875291765941415e-05 9.2595043871762133e-06 -0.00026119018053430464 0.00029259697785844483 -5.2349287868707182e-06 -0.00048378338549798314 -0.000111524423959492
leaf_weight=1081 17241 243 143 881 208 398
leaf_count=1081 17241 243 143 881 208 398
internal_value=-0.000211634 -0.00310071 -0.00162923 -0.00567278 -0.00752346 -0.0164894
internal_weight=20195 2954 2711 1630 1487 606
internal_count=20195 2954 2711 1630 1487 606
is_linear=0
shrinkage=0.05


Tree=437
num_leaves=7
num_cat=0
split_feature=34 35 43 11 27 47
split_gain=12.4168 15.9326 12.1558 16.9653 10.5334 43.0162
threshold=-0.8873334228992461 0.096723251044750228 0.099564585834741606 -0.030023035593330857 -0.037529146298766129 0.98539635539054882
decision_type=2 10 2 2 2 2
left_child=1 2 -1 -4 5 -2
right_child=4 -3 3 -5 -6 -7
leaf_value=0.0001948299315236634 -0.00022409915839779714 0.00097611694688721747 0.0002246916369255241 -0.00046564631500274037 4.1629811613270245e-06 2.9007534316736681e-05
leaf_weight=139 969 66 68 69 17095 1771
leaf_count=139 969 66 68 69 17095 1771
internal_value=-0.000142454 0.00943804 0.00382562 -0.00651408 -0.000102067 -0.00297814
internal_weight=20177 342 276 137 19835 2740
internal_count=20177 342 276 137 19835 2740
is_linear=0
shrinkage=0.05


Tree=438
num_leaves=7
num_cat=0
split_feature=36 36 22 21 42 26
split_gain=10.5985 25.1477 44.6444 56.147 39.1981 53.4534
threshold=0.45144879817962652 0.20674330741167071 0.37500000000000006 0.075000001117587103 0.078464061021804823 0.003915374632924796
decision_type=8 10 2 2 2 2
left_child=1 -1 3 -3 5 -4
right_child=-2 2 4 -5 -6 -7
leaf_value=4.0774833853779687e-06 2.3911022807709004e-05 3.9411021495042372e-05 0.00088739903072187403 -0.00041013634385558562 -8.4100218966923679e-05 2.0226842331000536e-05
leaf_weight=13050 5031 189 92 388 1279 258
leaf_count=13050 5031 189 92 388 1279 258
internal_value=-0.000250099 -0.000574995 -0.00550656 -0.0173969 -0.00123929 0.0134507
internal_weight=20287 15256 2206 577 1629 350
internal_count=20287 15256 2206 577 1629 350
is_linear=0
shrinkage=0.05


Tree=439
num_leaves=7
num_cat=0
split_feature=12 46 46 10 39 48
split_gain=11.1243 29.3103 47.727 22.5026 37.4938 20.3767
threshold=0.017372813075780872 0.85489541292190563 0.69900795817375194 0.19685406237840655 0.019962892867624763 1.8680770397186282
decision_type=2 2 2 2 2 10
left_child=5 2 -2 -4 -5 -1
right_child=1 -3 3 4 -6 -7
leaf_value=5.1929495703119757e-06 0.00029603681549524318 -2.979224747483734e-06 -0.00019959157786390369 0.00022173333230308956 -0.00030414273553140833 0.00027918725253741814
leaf_weight=12451 119 6120 928 163 108 421
leaf_count=12451 119 6120 928 163 108 421
internal_value=-0.000205513 -0.00162233 -0.00837113 -0.0113995 0.00117754 0.0008057
internal_weight=20310 7438 1318 1199 271 12872
internal_count=20310 7438 1318 1199 271 12872
is_linear=0
shrinkage=0.05


Tree=440
num_leaves=7
num_cat=0
split_feature=1 10 26 50 17 12
split_gain=11.6254 32.5527 38.0176 23.9103 19.3135 22.4275
threshold=-0.071905646473169313 -0.10117210447788237 0.2344203591346741 -2.0571565628051753 0.17500000447034839 0.095945123583078398
decision_type=2 2 2 10 2 2
left_child=1 -1 3 -3 -5 -6
right_child=-2 2 -4 4 5 -7
leaf_value=-0.00082433646813701131 -5.9550089537814458e-06 -5.4665348748886018e-05 -0.00020781678385057493 0.00053879378981470819 3.3983771698603039e-05 0.00048369626370123791
leaf_weight=63 18602 153 279 197 623 301
leaf_count=63 18602 153 279 197 623 301
internal_value=-7.29368e-05 0.00405614 0.00553594 0.00920641 0.0117451 0.0085845
internal_weight=20218 1616 1553 1274 1121 924
internal_count=20218 1616 1553 1274 1121 924
is_linear=0
shrinkage=0.05


Tree=441
num_leaves=7
num_cat=0
split_feature=3 10 43 49 48 42
split_gain=13.7814 38.474 24.8919 51.4375 44.0788 33.8848
threshold=0.0097138211131095904 -0.11799949035048483 0.10116819664835931 -1.408842086791992 -1.3764882683753965 0.10143939778208734
decision_type=2 2 2 8 10 2
left_child=1 -1 3 -2 -5 -4
right_child=2 -3 5 4 -6 -7
leaf_value=0.00029178535353317092 0.00039412011400867698 6.6238262568357509e-06 -0.00025995733650315884 -0.00035172304464573152 -6.849936770578586e-05 1.9514635260742525e-05
leaf_weight=388 81 11457 689 324 1219 6144
leaf_count=388 81 11457 689 324 1219 6144
internal_value=-0.00015635 0.00109072 -0.00155105 -0.00710559 -0.00918928 -0.000223018
internal_weight=20302 11845 8457 1624 1543 6833
internal_count=20302 11845 8457 1624 1543 6833
is_linear=0
shrinkage=0.05


Tree=442
num_leaves=7
num_cat=0
split_feature=23 47 45 44 39 10
split_gain=12.4588 18.8193 34.9523 26.6997 21.7696 18.5486
threshold=-0.0084805670194327814 1.2694885134696963 0.12859395146369937 0.11217100173234941 0.042908836156129844 -0.027472705580294129
decision_type=2 2 2 2 2 2
left_child=1 -1 4 -4 -3 -6
right_child=-2 2 3 -5 5 -7
leaf_value=9.7274826086897737e-06 -1.0702123532909119e-05 0.00020324414846351741 0.0011319433391673375 0.00016577182406573587 -0.00050072386140862478 0.00011920957912131348
leaf_weight=5127 14370 153 168 329 143 81
leaf_count=5127 14370 153 168 329 143 81
internal_value=-0.000141097 0.00196886 0.00873151 0.0173805 -0.00268325 -0.0125546
internal_weight=20371 6001 874 497 377 224
internal_count=20371 6001 874 497 377 224
is_linear=0
shrinkage=0.05


Tree=443
num_leaves=7
num_cat=0
split_feature=11 19 27 45 42 46
split_gain=10.423 20.9984 18.8156 24.9328 22.8813 34.2996
threshold=-0.007389701670035719 0.47499999403953558 -0.037529146298766129 0.18304008245468142 0.10408548265695573 0.97182941436767589
decision_type=2 2 2 2 2 2
left_child=1 -1 -2 4 -4 -6
right_child=2 -3 3 -5 5 -7
leaf_value=6.4588793034377721e-06 -0.00011449921951257517 0.00016205435999143739 -1.7137692971070773e-05 -0.00033288544274703326 -1.1334031259131577e-05 0.0001879312784771375
leaf_weight=4760 984 876 8542 237 2787 2114
leaf_count=4760 984 876 8542 237 2787 2114
internal_value=-0.00017114 0.00173285 -0.000795896 -0.000312386 -2.41672e-05 0.00269568
internal_weight=20300 5636 14664 13680 13443 4901
internal_count=20300 5636 14664 13680 13443 4901
is_linear=0
shrinkage=0.05


Tree=444
num_leaves=7
num_cat=0
split_feature=29 27 0 21 45 32
split_gain=10.1665 34.5275 31.9811 23.3185 27.352 30.8543
threshold=0.010188838467001917 0.023870432749390606 0.066735062748193755 0.075000001117587103 0.052401376888155944 0.72664552927017223
decision_type=2 2 2 2 2 2
left_child=1 -1 -3 -2 5 -5
right_child=3 2 -4 4 -6 -7
leaf_value=3.5849107248663446e-06 -0.00029247556323407168 0.00022878475243179571 -0.00029374059159073714 0.00036669017752585732 -2.9739597061396388e-05 -0.00013161420786137308
leaf_weight=11329 176 556 64 145 7862 88
leaf_count=11329 176 556 64 145 7862 88
internal_value=-0.000280593 0.000838631 0.01228 -0.00144091 -0.00104012 0.0156513
internal_weight=20220 11949 620 8271 8095 233
internal_count=20220 11949 620 8271 8095 233
is_linear=0
shrinkage=0.05


Tree=445
num_leaves=7
num_cat=0
split_feature=21 1 23 27 35 42
split_gain=11.2866 26.4312 33.6612 29.6411 30.0913 31.1329
threshold=0.27500000596046453 -0.003579303040169179 -0.015289307571947573 -0.0035901581868529315 1.0000000180025095e-35 0.07117252424359323
decision_type=2 2 2 2 8 2
left_child=1 -1 -3 4 5 -4
right_child=-2 2 3 -5 -6 -7
leaf_value=2.357247915388298e-05 1.3720033883735282e-05 0.00016749817552413375 2.6259048361133993e-05 -9.1097030137628448e-05 4.8091770740085467e-05 -0.00050145936975126877
leaf_weight=2088 15127 329 233 1567 604 191
leaf_count=2088 15127 329 233 1567 604 191
internal_value=-0.000192365 -0.00190851 -0.0049761 -0.00689423 -0.000266215 -0.0104312
internal_weight=20139 5012 2924 2595 1028 424
internal_count=20139 5012 2924 2595 1028 424
is_linear=0
shrinkage=0.05


Tree=446
num_leaves=7
num_cat=0
split_feature=0 2 36 5 26 47
split_gain=8.75402 13.4211 18.5062 10.9252 15.329 11.5985
threshold=0.092399697750806822 0.014040199574083092 0.2930015921592713 -0.8873334228992461 -0.1357237175107002 1.2964434623718264
decision_type=2 2 8 2 2 2
left_child=3 2 -2 4 -1 -5
right_child=1 -3 -4 5 -6 -7
leaf_value=0.0005016100000426679 -0.00054310020523197174 0.00018601615308864441 0.00034874821313816886 -5.19153180447542e-06 1.1200508653571272e-05 6.4585574803784776e-05
leaf_weight=85 168 110 50 18062 198 1730
leaf_count=85 168 110 50 18062 198 1730
internal_value=-0.000165376 -0.00803303 -0.0151345 0.000140687 0.00980903 0
internal_weight=20403 328 218 20075 283 19792
internal_count=20403 328 218 20075 283 19792
is_linear=0
shrinkage=0.05


Tree=447
num_leaves=7
num_cat=0
split_feature=38 47 1 26 48 39
split_gain=9.52763 21.5443 36.4941 24.8939 50.8248 36.1406
threshold=0.019199294038116935 1.1835272908210757 -0.044599812477827065 -0.015317601151764391 -0.11925665661692618 -0.0058762985281646243
decision_type=2 2 2 2 10 2
left_child=-1 2 -2 4 5 -4
right_child=1 -3 3 -5 -6 -7
leaf_value=1.3351592686948641e-05 0.00025850906903604975 -0.00014729604747063543 -0.0017865815588471883 -0.00010333152121296771 0.00034230758761793622 -8.9267235211541681e-06
leaf_weight=16072 429 1083 70 1526 415 663
leaf_count=16072 429 1083 70 1526 415 663
internal_value=-0.000132014 -0.00168814 0.000426319 -0.00174505 0.00379445 -0.00409892
internal_weight=20258 4186 3103 2674 1148 733
internal_count=20258 4186 3103 2674 1148 733
is_linear=0
shrinkage=0.05


Tree=448
num_leaves=7
num_cat=0
split_feature=30 32 35 47 46 0
split_gain=9.40049 16.0712 19.1786 15.6722 21.8165 20.3624
threshold=32.60229682922364 -1.1965578794479368 -0.80180099606513966 0.98539635539054882 0.86229240894317638 0.035737538710236556
decision_type=2 2 10 2 2 2
left_child=3 2 -2 5 -5 -1
right_child=1 -3 -4 4 -6 -7
leaf_value=-2.5715473009941389e-05 -0.00082400304071736201 -5.8984475070970892e-06 -7.6713012495471626e-05 0.00026821871830089037 7.7862184739031182e-05 0.00039271134961031706
leaf_weight=1781 51 16865 130 243 1141 110
leaf_count=1781 51 16865 130 243 1141 110
internal_value=-0.000195562 -0.000567415 -0.0151882 0.00235518 0.00638949 -0.000593354
internal_weight=20321 17046 181 3275 1384 1891
internal_count=20321 17046 181 3275 1384 1891
is_linear=0
shrinkage=0.05


Tree=449
num_leaves=7
num_cat=0
split_feature=36 10 39 40 46 20
split_gain=10.4193 23.8137 20.4755 29.5543 27.8359 24.4606
threshold=0.69269269704818737 -0.066399861127138124 -0.0058762985281646243 0.11330075934529306 1.126844108104706 0.97499999403953563
decision_type=8 2 2 2 2 2
left_child=-1 -2 3 -3 5 -4
right_child=1 2 4 -5 -6 -7
leaf_value=-7.285892018524341e-06 0.0002874363691020076 -1.6556729483901967e-05 3.9378395735331902e-05 -0.00071055072080325541 0.00035778078884748541 -0.00032785636201432343
leaf_weight=17522 264 886 1143 61 281 128
leaf_count=17522 264 886 1143 61 281 128
internal_value=-0.000215623 0.00286308 0.00132788 -0.00443803 0.00486513 0.00166536
internal_weight=20285 2763 2499 947 1552 1271
internal_count=20285 2763 2499 947 1552 1271
is_linear=0
shrinkage=0.05


Tree=450
num_leaves=7
num_cat=0
split_feature=24 43 36 10 32 21
split_gain=9.24262 21.2956 26.4153 10.3955 13.2817 9.63791
threshold=-0.14463941752910611 0.13884174823760989 0.18002957105636599 -0.18460358679294583 -0.69930660724639881 0.92499998211860668
decision_type=2 2 10 2 2 2
left_child=1 -1 -3 4 -2 -5
right_child=3 2 -4 5 -6 -7
leaf_value=-0.00011298915495316607 5.3209210188734824e-06 0.00070673867927538642 -0.00020442675675221941 -3.5582122150959651e-06 -0.00051185125098982226 6.3858511902106096e-05
leaf_weight=130 101 150 55 17921 95 1823
leaf_count=130 101 150 55 17921 95 1823
internal_value=-0.000136834 0.00830882 0.0182143 -3.76034e-06 -0.0113184 0.000110132
internal_weight=20275 335 205 19940 196 19744
internal_count=20275 335 205 19940 196 19744
is_linear=0
shrinkage=0.05


Tree=451
num_leaves=7
num_cat=0
split_feature=0 39 10 40 15 48
split_gain=8.89768 30.27 24.3108 18.7192 12.1741 11.0989
threshold=0.07643603160977365 0.0039081380236893901 -0.10935737192630766 0.14975212514400485 0.52500000596046459 -1.1031865477561948
decision_type=2 2 2 2 2 10
left_child=-1 2 5 4 -3 -2
right_child=1 3 -4 -5 -6 -7
leaf_value=3.0445577679864921e-06 0.00059589604505073794 -0.00050472345898597466 -0.00030730826272880936 0.00041975709124755897 -5.6365992615917263e-06 7.5426763168204297e-05
leaf_weight=19617 61 247 82 86 77 104
leaf_count=19617 61 247 82 86 77 104
internal_value=-0.000181222 -0.00562689 0.00803571 -0.0139157 -0.0193769 0.0189706
internal_weight=20274 657 247 410 324 165
internal_count=20274 657 247 410 324 165
is_linear=0
shrinkage=0.05


Tree=452
num_leaves=7
num_cat=0
split_feature=41 7 19 44 36 48
split_gain=9.10836 23.0685 28.9272 27.8478 43.5593 30.878
threshold=0.095687117427587523 0.98414114117622387 0.52500000596046459 0.13493266701698306 -0.30396337807178492 0.88272601366043102
decision_type=2 2 2 2 10 10
left_child=-1 2 3 -2 5 -5
right_child=1 -3 -4 4 -6 -7
leaf_value=1.1110294278184876e-05 -9.0477235170841034e-05 -0.00012387604596455354 6.3203681026890247e-05 -0.00017364220731705903 0.00052884640454547516 0.00085051465397832388
leaf_weight=11678 2986 1131 3353 590 407 52
leaf_count=11678 2986 1131 3353 590 407 52
internal_value=-0.000132413 -0.00104704 -2.3671e-05 -0.00287748 0.00410342 -0.00397991
internal_weight=20197 8519 7388 4035 1049 642
internal_count=20197 8519 7388 4035 1049 642
is_linear=0
shrinkage=0.05


Tree=453
num_leaves=7
num_cat=0
split_feature=47 44 43 39 35 26
split_gain=8.9495 24.2483 36.4529 39.8669 37.8664 29.4985
threshold=0.65808573365211498 0.080620508641004576 0.052234869450330741 0.012268618214875461 -0.10686807334423064 0.003915374632924796
decision_type=2 2 2 2 10 2
left_child=1 5 -3 4 -4 -1
right_child=-2 2 3 -5 -6 -7
leaf_value=3.5320944151555692e-06 -8.6696264576024925e-06 -5.4608589441182932e-05 -0.0003592990797559534 -0.00011299419479581267 0.00038976859391828605 0.00052630944777203438
leaf_weight=136 19241 170 76 242 228 141
leaf_count=136 19241 170 76 242 228 141
internal_value=-0.000186521 0.00433367 -0.000520111 0.00576225 0.0177184 0.0167553
internal_weight=20234 993 716 546 304 277
internal_count=20234 993 716 546 304 277
is_linear=0
shrinkage=0.05


Tree=454
num_leaves=7
num_cat=0
split_feature=40 49 36 46 44 44
split_gain=9.54608 25.4754 28.025 24.6236 23.8546 16.1624
threshold=0.13436462730169299 -1.9528689980506895 0.2930015921592713 1.2330791354179385 0.11687441542744638 0.12848141044378283
decision_type=2 10 8 2 2 2
left_child=-1 4 3 5 -2 -3
right_child=1 2 -4 -5 -6 -7
leaf_value=3.3554896943977734e-06 0.00075427507207208994 -6.365222787500262e-05 -0.00049143540186860656 -0.00030432168900223767 -4.9872306018041033e-05 0.00014764584570623916
leaf_weight=18024 105 627 298 455 141 642
leaf_count=18024 105 627 298 455 141 642
internal_value=-0.000254964 -0.00315662 -0.00501973 -0.00253036 0.0118526 0.00104003
internal_weight=20292 2268 2022 1724 246 1269
internal_count=20292 2268 2022 1724 246 1269
is_linear=0
shrinkage=0.05


Tree=455
num_leaves=7
num_cat=0
split_feature=23 0 36 40 46 36
split_gain=11.7982 14.6415 27.258 18.4233 15.9722 26.0425
threshold=-0.005350118735805153 0.07643603160977365 0.33538621664047247 0.14975212514400485 0.73646843433380138 -0.2068582475185394
decision_type=2 2 8 2 2 8
left_child=-1 4 3 -3 5 -2
right_child=1 2 -4 -5 -6 -7
leaf_value=2.0933458216913456e-05 -0.00018697551479818439 -0.00049364827860760797 0.00028050945718596608 0.00020637240719416093 -1.203087496487558e-05 9.5821078999304578e-05
leaf_weight=7345 144 270 83 75 11967 439
leaf_count=7345 144 270 83 75 11967 439
internal_value=-0.000205382 -0.000829931 -0.00987298 -0.0160714 -0.000515731 0.00752551
internal_weight=20323 12978 428 345 12550 583
internal_count=20323 12978 428 345 12550 583
is_linear=0
shrinkage=0.05


Tree=456
num_leaves=7
num_cat=0
split_feature=28 47 2 45 42 6
split_gain=12.2959 17.0233 20.2321 21.2208 19.0518 14.5331
threshold=-0.0083812195807695371 1.2964434623718264 0.0077183884568512448 0.086928538978099837 0.065454322844743743 0.69382384419441234
decision_type=2 2 2 2 2 2
left_child=1 2 3 -1 -4 -3
right_child=-2 5 4 -5 -6 -7
leaf_value=6.3817700172119179e-05 -8.995537520046842e-06 0.00013702797562531742 0.00053526546476750177 0.00041074016632350514 -3.2470169649919647e-05 0.00070119983568340302
leaf_weight=963 15599 494 52 112 3011 111
leaf_count=963 15599 494 52 112 3011 111
internal_value=-0.000219934 0.00223778 0.00108014 0.00696759 -0.000985984 0.010041
internal_weight=20342 4743 4138 1075 3063 605
internal_count=20342 4743 4138 1075 3063 605
is_linear=0
shrinkage=0.05


Tree=457
num_leaves=7
num_cat=0
split_feature=34 21 0 36 25 33
split_gain=7.67992 21.3034 42.5779 32.3209 30.3475 26.4202
threshold=0.67008900642395031 0.67499998211860668 -0.072345379739999757 -0.12262367829680441 0.0017216865671798589 0.19883359968662265
decision_type=2 2 2 8 2 2
left_child=-1 4 5 -4 -2 -3
right_child=1 2 3 -5 -6 -7
leaf_value=-6.7788369170362515e-06 0.00019621752965117692 8.9346757953809492e-05 0.00075379908200599388 7.9209226835835414e-05 -0.00010617156598112152 -0.00025809669535425934
leaf_weight=18293 106 282 213 236 887 225
leaf_count=18293 106 282 213 236 887 225
internal_value=-0.000191386 0.00277636 0.00809053 0.0192181 -0.00232966 -0.00180664
internal_weight=20242 1949 956 449 993 507
internal_count=20242 1949 956 449 993 507
is_linear=0
shrinkage=0.05


Tree=458
num_leaves=7
num_cat=0
split_feature=35 12 8 35 30 39
split_gain=10.3248 29.218 27.9286 19.4124 26.6557 22.1363
threshold=-0.83558541536331166 0.033778341487050063 0.10216849297285081 -0.80180099606513966 23.888142585754398 -0.0058762985281646243
decision_type=8 2 2 8 2 2
left_child=1 2 -1 4 -2 -6
right_child=3 -3 -4 -5 5 -7
leaf_value=-0.00032104530301253732 0.00051699806679652476 -0.00026576404827791496 0.00018018763639000084 2.2529829359329775e-06 2.0555422328401602e-05 -0.00054625224477271729
leaf_weight=92 72 55 514 19068 210 378
leaf_count=92 72 55 514 19068 210 378
internal_value=-0.000204717 0.00619369 0.00945172 -0.00013556 -0.00853383 -0.0120995
internal_weight=20389 661 606 19728 660 588
internal_count=20389 661 606 19728 660 588
is_linear=0
shrinkage=0.05


Tree=459
num_leaves=7
num_cat=0
split_feature=44 10 21 36 35 46
split_gain=8.73753 31.3624 32.4475 31.0832 27.1756 45.205
threshold=0.080620508641004576 0.11733907088637353 0.67499998211860668 0.81429642438888561 -0.071040339767932878 1.126844108104706
decision_type=2 2 2 10 10 2
left_child=1 2 4 -3 5 -1
right_child=-2 3 -4 -5 -6 -7
leaf_value=0.00017403173470378376 -7.470260964759657e-06 -0.0005669426957379684 0.00044961528265750715 0.00010314128694326337 -1.123255859320192e-05 -0.00017077560474243394
leaf_weight=1494 14962 125 191 53 3110 319
leaf_count=1494 14962 125 191 53 3110 319
internal_value=-0.000206081 0.00188314 0.00261282 -0.0184426 0.00181108 0.00666942
internal_weight=20254 5292 5114 178 4923 1813
internal_count=20254 5292 5114 178 4923 1813
is_linear=0
shrinkage=0.05


Tree=460
num_leaves=7
num_cat=0
split_feature=38 10 12 26 42 21
split_gain=10.0342 21.1277 21.3072 23.0109 30.5149 33.9264
threshold=0.019199294038116935 -0.10117210447788237 -0.058631643652915948 -0.015317601151764391 0.11365797370672227 0.77500000596046459
decision_type=2 2 2 2 2 2
left_child=-1 -2 -3 4 5 -4
right_child=1 2 3 -5 -6 -7
leaf_value=2.5223874876380109e-06 0.00017474040886600005 -0.00033154893359887706 3.9641289078663312e-05 -9.0930803009421299e-05 0.0005255564481294018 -0.00049859804695346352
leaf_weight=16171 468 385 682 2367 158 79
leaf_count=16171 468 385 682 2367 158 79
internal_value=-0.000220281 -0.00258808 -0.0038697 -0.00254482 0.00413961 -3.26371e-05
internal_weight=20310 4139 3671 3286 919 761
internal_count=20310 4139 3671 3286 919 761
is_linear=0
shrinkage=0.05


Tree=461
num_leaves=7
num_cat=0
split_feature=44 3 16 22 43 35
split_gain=9.42781 35.3083 34.1098 29.5114 30.5737 27.8195
threshold=0.11088066548109056 0.011523361783474685 0.87500000000000011 0.87500000000000011 0.12042462825775148 0.096723251044750228
decision_type=2 2 2 2 2 10
left_child=1 3 -3 -1 -5 -2
right_child=5 2 -4 4 -6 -7
leaf_value=5.9625940410706122e-06 5.9942163079047126e-06 0.00033142452782491673 -0.00020022899014282439 -0.00043100451754886934 0.00028498125933567627 -8.4933617015537792e-05
leaf_weight=11210 5908 711 114 324 66 1946
leaf_count=11210 5908 711 114 324 66 1946
internal_value=-0.000186107 0.000790426 0.010753 7.53985e-05 -0.0133544 -0.00142194
internal_weight=20279 12425 825 11600 390 7854
internal_count=20279 12425 825 11600 390 7854
is_linear=0
shrinkage=0.05


Tree=462
num_leaves=7
num_cat=0
split_feature=38 35 42 22 10 10
split_gain=9.05704 21.3087 26.9198 43.7601 26.6 29.7535
threshold=0.019199294038116935 -0.61982083320617665 0.12252848595380784 0.82500001788139354 0.014730088878422977 -0.05263258330523967
decision_type=2 10 2 2 2 2
left_child=-1 2 3 4 5 -2
right_child=1 -3 -4 -5 -6 -7
leaf_value=5.2361610021299549e-06 -1.9351069856953472e-05 -5.942563146422872e-05 0.00059612528573724059 -0.00059448604328148883 -0.00025590459855610908 0.00050498257156414851
leaf_weight=16143 150 3408 151 114 164 194
leaf_count=16143 150 3408 151 114 164 194
internal_value=-0.000195533 -0.002156 0.00530206 0.000598086 0.00696881 0.0148281
internal_weight=20324 4181 773 622 508 344
internal_count=20324 4181 773 622 508 344
is_linear=0
shrinkage=0.05


Tree=463
num_leaves=7
num_cat=0
split_feature=21 41 22 45 44 36
split_gain=8.91311 33.3388 28.9223 22.2347 21.7722 41.072
threshold=0.47499999403953558 0.11940041556954385 0.62500000000000011 0.052401376888155944 0.13054222613573077 0.78016537427902233
decision_type=2 2 2 2 2 10
left_child=1 2 4 -2 -1 -6
right_child=3 -3 -4 -5 5 -7
leaf_value=-8.5317986277905337e-06 0.00040222063005240083 0.00026904614653258701 -0.00052391719760647561 1.1380330354152238e-05 -0.00020942400334623813 0.00031643258937126686
leaf_weight=8323 142 204 171 11035 347 81
leaf_count=8323 142 204 171 11035 347 81
internal_value=-0.000131721 -0.001191 -0.00165509 0.000914416 -0.00124772 -0.0121824
internal_weight=20303 9126 8922 11177 8751 428
internal_count=20303 9126 8922 11177 8751 428
is_linear=0
shrinkage=0.05


Tree=464
num_leaves=7
num_cat=0
split_feature=39 46 48 20 35 46
split_gain=13.9947 25.5516 17.2191 28.5237 28.2281 19.95
threshold=0.061461536213755615 0.93634897470474254 0.66291955113410961 0.32500000298023229 0.28369069099426275 1.1684044599533083
decision_type=2 2 8 2 10 2
left_child=-1 -2 3 -3 5 -4
right_child=1 2 4 -5 -6 -7
leaf_value=-3.5863814141363612e-07 -0.00023879430023761081 1.5741301470631445e-05 -0.0012772119293269078 0.00047232972538137032 0.00029284402665166184 2.6112431443919599e-05
leaf_weight=19341 168 243 65 367 95 53
leaf_count=19341 168 243 65 367 95 53
internal_value=-0.000170871 0.0060492 0.00969203 0.0139431 -0.00240826 -0.0184959
internal_weight=20332 991 823 610 213 118
internal_count=20332 991 823 610 213 118
is_linear=0
shrinkage=0.05


Tree=465
num_leaves=7
num_cat=0
split_feature=36 39 39 48 3 35
split_gain=9.21025 21.8507 21.6145 17.6701 37.491 38.5507
threshold=0.69269269704818737 -0.0068743734154850236 -0.025288160890340802 -1.9260837435722349 0.014152212534099819 -0.12221250310540198
decision_type=8 2 2 10 2 10
left_child=3 2 -2 4 5 -1
right_child=1 -3 -4 -5 -6 -7
leaf_value=-0.00023711180168463589 6.9348117372923556e-05 6.6836992660003141e-05 -9.2360269416172033e-05 1.8668980748344088e-06 0.0011380216576452864 3.4781642846371022e-05
leaf_weight=1091 377 1706 688 15507 58 753
leaf_count=1091 377 1706 688 15507 58 753
internal_value=-0.000261333 0.00267471 -0.00292056 -0.000426381 -0.00496854 -0.00626014
internal_weight=20180 2771 1065 17409 1902 1844
internal_count=20180 2771 1065 17409 1902 1844
is_linear=0
shrinkage=0.05


Tree=466
num_leaves=7
num_cat=0
split_feature=35 44 21 42 35 35
split_gain=8.90992 30.8358 58.3303 49.8168 45.4531 43.1635
threshold=-0.16103835403919217 0.080620508641004576 0.52500000596046459 0.077168159186840071 -0.28308211266994471 -0.40061053633689875
decision_type=10 2 2 2 10 10
left_child=1 3 4 5 -3 -1
right_child=-2 2 -4 -5 -6 -7
leaf_value=-9.4408241345264799e-05 9.8239757863771816e-06 -0.00011911940009577431 2.9411051877252084e-06 0.00042506554734668498 -0.00054518362083366288 0.00023335346446271595
leaf_weight=753 11885 1606 5186 296 348 330
leaf_count=753 11885 1606 5186 296 348 330
internal_value=-0.000189867 -0.00131687 -0.00264171 0.00550939 -0.00999234 0.000482537
internal_weight=20404 8519 7140 1379 1954 1083
internal_count=20404 8519 7140 1379 1954 1083
is_linear=0
shrinkage=0.05


Tree=467
num_leaves=7
num_cat=0
split_feature=36 12 46 36 48 41
split_gain=11.8004 35.891 29.1145 27.5542 24.8686 27.5775
threshold=0.41490533947944647 -0.019804012030363079 1.2944517135620119 0.20674330741167071 0.065048415213823332 0.056937813758850105
decision_type=8 2 2 10 10 2
left_child=3 2 4 -1 5 -2
right_child=1 -3 -4 -5 -6 -7
leaf_value=4.8433936882321252e-06 0.00054184579863007017 -1.1929383554285054e-06 -0.00031730040414038556 -8.6689282860970577e-05 0.0007914994792067153 9.1897127369793875e-05
leaf_weight=13041 107 3986 89 1903 74 1014
leaf_count=13041 107 3986 89 1903 74 1014
internal_value=-0.00018176 0.00227014 0.00952289 -0.000479965 0.0116042 0.00961368
internal_weight=20214 5270 1284 14944 1195 1121
internal_count=20214 5270 1284 14944 1195 1121
is_linear=0
shrinkage=0.05


Tree=468
num_leaves=7
num_cat=0
split_feature=21 1 27 39 17 47
split_gain=10.628 29.4628 26.6761 21.028 25.3005 22.1189
threshold=0.27500000596046453 -0.003579303040169179 -0.0011722721392288802 0.053116288036108024 0.67499998211860668 1.2487985491752627
decision_type=2 2 2 2 2 2
left_child=1 3 -3 5 -5 -1
right_child=-2 2 -4 4 -6 -7
leaf_value=3.5957292079420703e-05 1.4577766068915935e-05 -3.02333063684566e-06 -9.2545305908421711e-05 -0.00072412474490563493 0.00027661962607250745 0.00032427931109476141
leaf_weight=1818 15284 1534 1437 103 68 109
leaf_count=1818 15284 1534 1437 103 68 109
internal_value=-0.000185431 -0.00177868 -0.00498152 0.00274608 -0.0137784 0.00425725
internal_weight=20353 5069 2971 2098 171 1927
internal_count=20353 5069 2971 2098 171 1927
is_linear=0
shrinkage=0.05


Tree=469
num_leaves=7
num_cat=0
split_feature=44 36 13 17 24 44
split_gain=8.15787 30.3341 39.8288 47.7857 36.6831 28.3061
threshold=0.14514036476612094 -0.2729909867048263 0.026982971467077736 0.075000001117587103 0.063834726810455336 0.15712169557809832
decision_type=2 8 2 2 2 2
left_child=-1 -2 3 -3 5 -4
right_child=1 2 4 -5 -6 -7
leaf_value=-2.2937068388554044e-06 -7.9818964566194387e-05 -0.00026553534051620455 -5.7960921057179617e-05 0.0005304249632485593 -0.00056669287576157777 0.00077330534873821946
leaf_weight=18687 809 70 118 434 68 83
leaf_count=18687 809 70 118 434 68 83
internal_value=-0.000136875 0.00351292 0.010572 0.0188114 -0.00483577 0.0059466
internal_weight=20269 1582 773 504 269 201
internal_count=20269 1582 773 504 269 201
is_linear=0
shrinkage=0.05


Tree=470
num_leaves=7
num_cat=0
split_feature=7 8 39 13 3 22
split_gain=9.98817 21.3801 18.5727 21.0851 20.2075 25.8458
threshold=0.76229059696197521 0.60298648476600658 -0.033457489684224122 0.057591376826167114 0.010868668556213381 0.87500000000000011
decision_type=2 2 2 2 2 2
left_child=-1 -2 -3 -4 5 -5
right_child=1 2 3 4 -6 -7
leaf_value=6.7820182344863294e-06 -0.00011579965775854653 -0.00014183814314046992 2.8445641018141511e-05 -0.00014944636465117654 -0.00032461074097663153 0.00063188971614744718
leaf_weight=13752 1479 258 4266 283 242 61
leaf_count=13752 1479 258 4266 283 242 61
internal_value=-0.000259265 -0.00180846 -0.000268817 0.000427218 -0.00841794 -0.000501433
internal_weight=20341 6589 5110 4852 586 344
internal_count=20341 6589 5110 4852 586 344
is_linear=0
shrinkage=0.05


Tree=471
num_leaves=7
num_cat=0
split_feature=22 29 44 6 31 26
split_gain=9.03986 26.2353 21.4854 19.7974 20.9131 16.135
threshold=0.47499999403953558 0.061398409307003028 0.070305861532688155 0.89943787455558788 63.93744087219239 -0.091334003955125795
decision_type=2 2 2 2 2 2
left_child=1 -1 -2 4 -3 -4
right_child=2 3 5 -5 -6 -7
leaf_value=-7.8730447321015905e-06 0.00028492826608906381 -0.00049725221593993011 -4.9819270844734571e-05 -0.00028912695356035281 0.00032569486873095692 2.329110561307326e-05
leaf_weight=8734 148 60 2464 272 56 8540
leaf_count=8734 148 60 2464 272 56 8540
internal_value=-0.000151635 -0.00129013 0.000831317 -0.0139313 0.00309917 0.000569988
internal_weight=20274 9122 11152 388 116 11004
internal_count=20274 9122 11152 388 116 11004
is_linear=0
shrinkage=0.05


Tree=472
num_leaves=7
num_cat=0
split_feature=38 35 41 22 39 1
split_gain=8.19702 32.7682 28.8344 31.6824 19.4856 19.2484
threshold=0.023353855125606063 -0.61982083320617665 0.10873907804489137 0.37500000000000006 -0.003965491894632577 0.05303644202649594
decision_type=2 10 2 2 2 2
left_child=-1 2 3 -2 -3 -6
right_child=1 4 -4 -5 5 -7
leaf_value=6.1871405312493445e-07 0.00021475092155222105 -0.00071466893151675447 0.00055203586875659778 -0.0002361473127236528 -8.3298765304268973e-05 0.00028765896434517038
leaf_weight=17504 173 120 162 195 2044 201
leaf_count=17504 173 120 162 195 2044 201
internal_value=-0.000204617 -0.00280172 0.00836449 0.000469169 -0.005327 -0.00423333
internal_weight=20399 2895 530 368 2365 2245
internal_count=20399 2895 530 368 2365 2245
is_linear=0
shrinkage=0.05


Tree=473
num_leaves=7
num_cat=0
split_feature=21 1 2 45 47 5
split_gain=9.93392 27.9882 32.9781 25.736 21.3972 24.1021
threshold=0.47499999403953558 -0.035831898450851433 0.0054622516036033639 0.052401376888155944 0.84695005416870128 -0.53268975019454945
decision_type=2 2 2 2 2 2
left_child=1 2 -1 -2 5 -4
right_child=3 -3 4 -5 -6 -7
leaf_value=-0.0002647339691681971 0.0004010970464305571 -2.5841055694010661e-05 0.00051541933358360706 1.0770372085654353e-05 0.00020863254144131173 -0.00010655193378362172
leaf_weight=130 127 7717 55 10994 901 336
leaf_count=130 127 7717 55 10994 901 336
internal_value=-0.000156674 -0.00126039 0.00516819 0.000963958 0.00761372 -0.00208333
internal_weight=20260 9139 1422 11121 1292 391
internal_count=20260 9139 1422 11121 1292 391
is_linear=0
shrinkage=0.05


Tree=474
num_leaves=7
num_cat=0
split_feature=36 42 22 47 32 8
split_gain=11.5342 18.2953 28.8128 17.3915 31.7414 44.3167
threshold=0.69269269704818737 0.060365924611687667 0.075000001117587103 0.75730273127555858 0.38341410458087927 0.16193485260009768
decision_type=8 2 2 2 2 2
left_child=-1 2 -2 4 5 -3
right_child=1 3 -4 -5 -6 -7
leaf_value=-9.1145472752728185e-06 -6.464296165361642e-06 -0.00013251892418857447 0.00052097688907839742 -1.1771765083268098e-05 -4.8663970233676283e-05 0.00049220678970082136
leaf_weight=17478 101 78 194 1870 182 298
leaf_count=17478 101 78 194 1870 182 298
internal_value=-0.000275908 0.00275843 0.0144167 0.00130497 0.00901421 0.0172572
internal_weight=20201 2723 295 2428 558 376
internal_count=20201 2723 295 2428 558 376
is_linear=0
shrinkage=0.05


Tree=475
num_leaves=7
num_cat=0
split_feature=37 36 39 32 36 38
split_gain=10.3065 13.9944 12.2672 14.1727 10.7645 12.5892
threshold=-0.0051326304674148551 0.81429642438888561 0.032830081880092628 0.60219463706016552 0.20674330741167071 0.0089986040256917494
decision_type=2 10 2 2 10 2
left_child=1 2 3 -1 5 -4
right_child=-2 -3 4 -5 -6 -7
leaf_value=-0.00013058439020592624 3.5331591612753135e-06 0.00028592521201732917 0.00066738243609693884 8.9647182360874032e-05 -0.00018202328146698849 1.8382401226535148e-05
leaf_weight=1007 18502 91 61 172 143 302
leaf_count=1007 18502 91 61 172 143 302
internal_value=-0.000186116 -0.00369175 -0.00474852 -0.00753801 0.00171233 0.00631793
internal_weight=20278 1776 1685 1179 506 363
internal_count=20278 1776 1685 1179 506 363
is_linear=0
shrinkage=0.05


Tree=476
num_leaves=7
num_cat=0
split_feature=5 21 0 50 1 48
split_gain=8.61175 22.4096 24.8766 25.4235 20.1312 29.2067
threshold=0.67008900642395031 0.62500000000000011 -0.065042823553085313 2.1294046640396123 -0.030648589134216305 inf
decision_type=2 2 2 10 2 8
left_child=-1 -2 3 -3 -4 -6
right_child=1 2 4 -5 5 -7
leaf_value=-5.7336282827333666e-06 -3.8739144859595601e-05 8.2989876780381792e-05 -3.2048461373859059e-06 -0.00037141974349717746 0.00071509090206409685 -0.00031606387524211831
leaf_weight=18433 842 507 128 104 294 58
leaf_count=18433 842 507 128 104 294 58
internal_value=-0.000190221 0.00305728 0.00777828 0.00101461 0.0162371 0.0223389
internal_weight=20366 1933 1091 611 480 352
internal_count=20366 1933 1091 611 480 352
is_linear=0
shrinkage=0.05


Tree=477
num_leaves=7
num_cat=0
split_feature=40 35 1 5 26 25
split_gain=8.47658 31.8283 26.9507 32.7598 44.1284 34.8297
threshold=0.13078688830137256 -0.74709701538085926 -0.028068933635950085 -0.35984188318252558 0.12906383723020556 0.04538001865148545
decision_type=2 10 2 2 2 2
left_child=-1 -2 -3 -4 -5 -6
right_child=1 2 3 4 5 -7
leaf_value=4.6094235299532894e-06 0.00035694472788136476 2.9355460507941797e-05 1.9111439322399183e-05 -0.00041748505127270434 0.00041754349980561523 -0.00019774496176032326
leaf_weight=17665 176 973 545 806 77 59
leaf_count=17665 176 973 545 806 77 59
internal_value=-0.000176056 -0.00267891 -0.00416836 -0.00839477 -0.014018 0.0118794
internal_weight=20301 2636 2460 1487 942 136
internal_count=20301 2636 2460 1487 942 136
is_linear=0
shrinkage=0.05


Tree=478
num_leaves=7
num_cat=0
split_feature=6 35 12 48 31 22
split_gain=9.44494 21.2208 41.6665 31.4585 25.8958 22.619
threshold=0.11362153291702272 -0.40061053633689875 -0.034949203953146928 -0.97482523322105397 36.043441772460945 0.97499999403953563
decision_type=2 10 2 8 2 2
left_child=1 2 5 -3 -5 -1
right_child=-2 3 -4 4 -6 -7
leaf_value=4.6356665469847157e-05 -4.0371534894998827e-06 0.00015800007860850872 -0.00050636974561340674 0.00040420685181467966 -2.4743716768467225e-05 -0.00068510376537897976
leaf_weight=850 16968 1462 137 78 712 111
leaf_count=850 16968 1462 137 78 712 111
internal_value=-0.000210353 0.0026155 -0.00305984 0.00539433 -0.00261006 0.000646998
internal_weight=20318 3350 1098 2252 790 961
internal_count=20318 3350 1098 2252 790 961
is_linear=0
shrinkage=0.05


Tree=479
num_leaves=7
num_cat=0
split_feature=44 36 41 13 24 38
split_gain=10.4229 42.9079 29.2911 33.8359 35.3252 28.2715
threshold=0.14514036476612094 -0.30396337807178492 0.20171542465686801 0.024783577769994739 0.063834726810455336 0.0084667569026350992
decision_type=2 8 2 2 2 2
left_child=-1 5 3 -3 -5 -2
right_child=1 2 -4 4 -6 -7
leaf_value=-5.5857089399557074e-06 -0.00023453787329619433 0.00049765654923777795 -0.00046007545609969431 0.00016138455161220636 -0.00060381174323396135 0.00029385687192552343
leaf_weight=18530 573 503 51 240 73 244
leaf_count=18530 573 503 51 240 73 244
internal_value=-0.00018176 0.00365601 0.0113819 0.0137333 0.000707547 -0.00453163
internal_weight=20214 1684 867 816 313 817
internal_count=20214 1684 867 816 313 817
is_linear=0
shrinkage=0.05


Tree=480
num_leaves=7
num_cat=0
split_feature=49 1 33 39 33 22
split_gain=9.2767 25.9189 17.7417 15.6177 13.8716 11.5203
threshold=2.3669121265411381 -0.0017262466135434804 0.64932528138160717 -0.0068743734154850236 0.64932528138160717 0.92499998211860668
decision_type=8 2 2 2 2 2
left_child=4 2 -2 -3 5 -1
right_child=1 3 -4 -5 -6 -7
leaf_value=2.3029185877916939e-06 -0.00035974457984830533 -0.00030069830341707354 3.6578440258627299e-05 0.00012568914190911096 0.0001660322121203864 -6.9746259383826395e-05
leaf_weight=17708 148 59 68 236 197 1929
leaf_count=17708 148 59 68 236 197 1929
internal_value=-0.000165848 -0.0068314 -0.0197964 0.00275 -3.90645e-05 -0.000174371
internal_weight=20345 511 216 295 19834 19637
internal_count=20345 511 216 295 19834 19637
is_linear=0
shrinkage=0.05


Tree=481
num_leaves=7
num_cat=0
split_feature=39 0 40 38 6 36
split_gain=9.91695 30.6416 32.2959 20.6862 26.1662 21.1698
threshold=-0.018792528659105297 -0.0051332060247659675 0.11582326889038087 0.0084667569026350992 0.60060319304466259 -0.52165156602859486
decision_type=2 2 2 2 2 8
left_child=1 -1 3 4 5 -3
right_child=-2 2 -4 -5 -6 -7
leaf_value=-0.00010917235979750471 7.5559089671715504e-06 0.00050238293045714254 -0.00023330318996084821 -8.549741764515709e-05 -6.8665343393658094e-05 9.2505554728985833e-05
leaf_weight=1512 16951 122 337 199 242 988
leaf_count=1512 16951 122 337 199 242 988
internal_value=-0.000200187 -0.00240088 0.00183571 0.00490039 0.0071297 0.0103812
internal_weight=20351 3400 1888 1551 1352 1110
internal_count=20351 3400 1888 1551 1352 1110
is_linear=0
shrinkage=0.05


Tree=482
num_leaves=7
num_cat=0
split_feature=46 17 13 26 40 5
split_gain=8.56844 22.2134 18.3273 18.0044 16.723 19.2311
threshold=0.73646843433380138 0.82500001788139354 0.0053718725685030231 -0.056696342304348939 0.10475093498826028 -0.31394754350185389
decision_type=2 2 2 2 2 2
left_child=1 2 3 4 5 -1
right_child=-2 -3 -4 -5 -6 -7
leaf_value=-0.00022358574101894948 -4.0381513935608348e-06 0.00024028364734642664 -0.00015577649588877061 8.2818550579478377e-05 0.0002474910477848353 8.696463565481576e-05
leaf_weight=136 19249 140 168 305 101 127
leaf_count=136 19249 140 168 305 101 127
internal_value=-0.000181652 0.00450611 0.0013361 0.0050816 -0.00237127 -0.00904851
internal_weight=20226 977 837 669 364 263
internal_count=20226 977 837 669 364 263
is_linear=0
shrinkage=0.05


Tree=483
num_leaves=7
num_cat=0
split_feature=46 17 48 38 25 8
split_gain=10.0815 22.8558 22.3954 27.8714 21.702 13.7933
threshold=0.73646843433380138 0.62500000000000011 -1.1031865477561948 0.0065947459079325208 0.020027990452945236 0.28827480971813207
decision_type=2 2 8 2 2 2
left_child=1 2 3 -1 5 -4
right_child=-2 -3 4 -5 -6 -7
leaf_value=0.00040392951070239631 -3.5780504279773337e-06 0.00013985073147853284 -4.002526432950165e-05 -6.242910373739554e-05 -0.00039300909481558316 0.00012840508059962425
leaf_weight=92 19344 331 236 76 74 165
leaf_count=92 19344 331 236 76 74 165
internal_value=-0.000151306 0.00497957 -0.000501543 0.0148844 -0.00609375 -0.0012931
internal_weight=20318 974 643 168 475 401
internal_count=20318 974 643 168 475 401
is_linear=0
shrinkage=0.05


Tree=484
num_leaves=7
num_cat=0
split_feature=21 4 39 9 10 15
split_gain=8.98778 25.1187 21.9428 20.1562 18.2419 15.7998
threshold=0.97499999403953563 -0.81994053721427906 -0.022694238461554047 -0.004100170684978365 -0.14909878373146054 0.87500000000000011
decision_type=2 2 2 2 2 2
left_child=-1 -2 -3 4 -4 -6
right_child=1 2 3 -5 5 -7
leaf_value=-5.6466945035687756e-06 -0.00047882325487294449 -0.00017262770310372009 -0.00028514673404129174 -0.0001448418464221922 0.00047332512134442564 3.351042736326926e-05
leaf_weight=19171 111 123 91 111 411 152
leaf_count=19171 111 123 91 111 411 152
internal_value=-0.000167286 0.00440737 0.00725084 0.0104221 0.0137709 0.0171215
internal_weight=20170 999 888 765 654 563
internal_count=20170 999 888 765 654 563
is_linear=0
shrinkage=0.05


Tree=485
num_leaves=7
num_cat=0
split_feature=28 18 46 42 44 41
split_gain=8.90812 14.8023 30.1739 18.6771 38.7411 28.9342
threshold=-0.0083812195807695371 0.92499998211860668 0.86940577626228344 0.10143939778208734 0.11520815640687944 0.12475432828068735
decision_type=2 2 2 2 2 2
left_child=-1 -2 -3 -4 5 -5
right_child=1 2 3 4 -6 -7
leaf_value=3.6298404453034842e-05 -1.4706528589110598e-06 -0.00026694746185567173 -9.6348080907313069e-05 0.00072979345048329895 -0.00018165283038292329 -0.00024259285359068945
leaf_weight=4734 13934 288 764 194 327 67
leaf_count=4734 13934 288 764 194 327 67
internal_value=-0.000195687 -0.000665961 -0.00515198 -0.00197126 0.0046796 0.018891
internal_weight=20308 15574 1640 1352 588 261
internal_count=20308 15574 1640 1352 588 261
is_linear=0
shrinkage=0.05


Tree=486
num_leaves=7
num_cat=0
split_feature=41 42 1 47 43 48
split_gain=8.28233 29.952 46.1375 28.498 35.0056 32.1192
threshold=0.089432440698146834 0.11209433525800706 -0.033211257308721535 0.86049172282218944 0.10701252147555353 1.5000206232070925
decision_type=2 2 2 2 2 10
left_child=1 3 -3 5 -5 -1
right_child=-2 2 -4 4 -6 -7
leaf_value=-2.9945706799102033e-05 -2.1240652387013331e-05 -0.00018622074055406001 0.00043438323319937023 6.5530612702190041e-05 -0.00052110209619710775 0.0001342716363880378
leaf_weight=4917 10093 97 329 4206 144 432
leaf_count=4917 10093 97 329 4206 144 432
internal_value=-0.000221283 0.000732971 0.0136311 0.000157152 0.00316303 -0.00228334
internal_weight=20218 10125 426 9699 4350 5349
internal_count=20218 10125 426 9699 4350 5349
is_linear=0
shrinkage=0.05


Tree=487
num_leaves=7
num_cat=0
split_feature=45 3 16 2 49 10
split_gain=10.9115 26.8528 40.0482 30.2767 30.1794 27.0454
threshold=0.11739794537425043 0.0097138211131095904 0.67499998211860668 0.0093408934772014635 -1.408842086791992 -0.11799949035048483
decision_type=2 2 2 2 8 2
left_child=1 5 4 -4 -3 -1
right_child=-2 2 3 -5 -6 -7
leaf_value=0.00024607763331254177 3.1243927770180423e-05 9.6745271319193061e-05 -0.00011178186515378706 0.000132252062432367 -0.00024613220961607638 -2.748116255573655e-06
leaf_weight=360 5237 299 298 993 1742 11449
leaf_count=360 5237 299 298 993 1742 11449
internal_value=-0.000185203 -0.000886373 -0.00484717 0.00202546 -0.00920088 0.000230659
internal_weight=20378 15141 3332 1291 2041 11809
internal_count=20378 15141 3332 1291 2041 11809
is_linear=0
shrinkage=0.05


Tree=488
num_leaves=7
num_cat=0
split_feature=49 47 36 2 3 40
split_gain=11.1734 24.6283 22.1768 22.145 31.3875 23.1205
threshold=1.0165469050407412 0.71104663610458385 0.20674330741167071 0.0082032093778252619 0.011958030983805658 0.070803355425596251
decision_type=8 2 8 2 2 2
left_child=-1 -2 3 5 -5 -3
right_child=1 2 -4 4 -6 -7
leaf_value=3.5010244480665346e-06 0.00015086589590004846 -2.5835405921619525e-05 -0.00013929315752297269 0.00014927764277919954 -0.00010323523078380908 -0.00037298237538050191
leaf_weight=16785 197 431 1041 968 537 181
leaf_count=16785 197 431 1041 968 537 181
internal_value=-0.000217175 -0.00292411 -0.00400727 -0.00104854 0.00220199 -0.00903566
internal_weight=20140 3355 3158 2117 1505 612
internal_count=20140 3355 3158 2117 1505 612
is_linear=0
shrinkage=0.05


Tree=489
num_leaves=7
num_cat=0
split_feature=16 28 30 8 41 13
split_gain=11.3362 24.7127 17.4354 18.9211 17.122 14.6946
threshold=0.97499999403953563 0.0036821239627897744 73.548912048339858 0.47020462155342108 0.067910958081483855 0.057591376826167114
decision_type=2 2 2 2 2 2
left_child=2 -2 -1 -4 -5 -6
right_child=1 -3 3 4 5 -7
leaf_value=-2.2547957665587606e-06 0.00010510200000190449 -0.00012509551447671994 -0.00016469988777864758 -4.0573699466572817e-05 0.0002807306010994464 -8.6556665248778512e-05
leaf_weight=17767 290 719 100 313 900 183
leaf_count=17767 290 719 100 313 900 183
internal_value=-0.000260147 -0.00515286 0.000271175 0.00544637 0.00697716 0.00994945
internal_weight=20272 1009 19263 1496 1396 1083
internal_count=20272 1009 19263 1496 1396 1083
is_linear=0
shrinkage=0.05


Tree=490
num_leaves=7
num_cat=0
split_feature=35 24 44 43 0 39
split_gain=7.62225 16.2894 26.3387 17.6649 21.039 18.6621
threshold=0.80738040804862987 0.029042124748229984 0.066888868808746352 0.07337545603513719 -0.015512215439230202 -0.025288160890340802
decision_type=8 2 2 2 2 2
left_child=-1 2 -2 -4 -5 -6
right_child=1 -3 3 4 5 -7
leaf_value=3.4367336957200415e-06 0.00050410385177067504 -0.00026558661568455244 -0.00020921115248468994 0.00048909114874386833 0.00023895133926017556 -0.00013924185354604462
leaf_weight=19400 50 185 227 65 58 268
leaf_count=19400 50 185 227 65 58 268
internal_value=-0.000230773 -0.00457459 -0.000854383 -0.0038122 0.00258838 -0.0026435
internal_weight=20253 853 668 618 391 326
internal_count=20253 853 668 618 391 326
is_linear=0
shrinkage=0.05


Tree=491
num_leaves=7
num_cat=0
split_feature=44 42 9 18 15 22
split_gain=11.9099 43.8933 37.1603 24.6795 31.6635 25.6143
threshold=0.065135478973388686 0.06675655767321588 -0.058570355176925652 0.87500000000000011 0.27500000596046453 0.12500000372529033
decision_type=2 2 2 2 2 2
left_child=1 2 -1 4 5 -4
right_child=-2 -3 3 -5 -6 -7
leaf_value=0.00041349624945894017 6.2705576506048731e-06 -0.00069789113093047367 6.1756150331839733e-05 -0.00022560614687528848 2.8474031009935534e-05 -0.00019507295176197383
leaf_weight=73 18295 160 102 135 1131 386
leaf_count=73 18295 160 102 135 1131 386
internal_value=-9.7353e-05 -0.00362701 -0.00137828 -0.00288516 -0.00112377 -0.011714
internal_weight=20282 1987 1827 1754 1619 488
internal_count=20282 1987 1827 1754 1619 488
is_linear=0
shrinkage=0.05


Tree=492
num_leaves=7
num_cat=0
split_feature=35 0 39 0 47 22
split_gain=9.3145 29.4289 24.0646 33.0693 29.969 33.4514
threshold=0.43759913742542272 0.054059846326708801 0.055818911641836173 -0.041366012766957276 0.76670905947685253 0.22500000149011615
decision_type=10 2 2 2 2 2
left_child=-1 2 3 -2 -5 -6
right_child=1 -3 -4 4 5 -7
leaf_value=-6.5320092507188224e-06 -0.00022843397185650163 0.00062925116825756397 0.00030403978319529354 5.6482221181281046e-05 0.0001328562102224238 -0.00011614458838933135
leaf_weight=17065 289 142 222 799 539 1238
leaf_count=17065 289 142 222 799 539 1238
internal_value=-0.00018597 0.00245053 0.00139877 0.000148084 0.00196629 -0.00164141
internal_weight=20294 3229 3087 2865 2576 1777
internal_count=20294 3229 3087 2865 2576 1777
is_linear=0
shrinkage=0.05


Tree=493
num_leaves=7
num_cat=0
split_feature=36 12 47 46 42 21
split_gain=12.7567 32.6111 31.0551 38.2246 41.2166 34.4354
threshold=0.41490533947944647 -0.017304455861449238 0.76670905947685253 1.2061432003974917 0.15317037701606753 0.57500001788139354
decision_type=8 2 2 2 2 2
left_child=-1 -2 -3 4 5 -4
right_child=1 2 3 -5 -6 -7
leaf_value=-6.5123151792085569e-06 0.00011790302764157746 4.556348449551067e-05 -5.2638351475948491e-05 0.00022458929226169596 0.00028571348178215485 -0.00031779149307844043
leaf_weight=14942 1410 1285 1689 266 152 508
leaf_count=14942 1410 1285 1689 266 152 508
internal_value=-0.000141926 0.00238476 1.92061e-05 -0.00310115 -0.00515081 -0.00691417
internal_weight=20252 5310 3900 2615 2349 2197
internal_count=20252 5310 3900 2615 2349 2197
is_linear=0
shrinkage=0.05


Tree=494
num_leaves=7
num_cat=0
split_feature=28 25 43 2 46 42
split_gain=10.4263 23.0041 16.8908 16.3901 36.8971 35.0735
threshold=-0.0027277658227831121 0.029073627665638927 0.049419974908232696 0.0077183884568512448 0.83903682231903087 0.062462259083986289
decision_type=2 2 2 2 2 2
left_child=1 2 -1 4 -4 -5
right_child=-2 -3 3 5 -6 -7
leaf_value=-0.00010160235409281688 -9.4245665211457468e-06 0.00019036708487574252 0.00021805984136000946 0.0004040473937187304 3.0237410603739003e-05 -1.5624307176841494e-05
leaf_weight=333 12229 414 340 86 1852 4989
leaf_count=333 12229 414 340 86 1852 4989
internal_value=-0.000146928 0.00141851 0.000785667 0.00129607 0.00490442 -0.000260827
internal_weight=20243 8014 7600 7267 2192 5075
internal_count=20243 8014 7600 7267 2192 5075
is_linear=0
shrinkage=0.05


Tree=495
num_leaves=7
num_cat=0
split_feature=44 36 12 38 42 17
split_gain=9.22383 29.8792 32.61 27.4141 38.3696 26.9191
threshold=0.14514036476612094 -0.2729909867048263 0.056334022432565696 0.003939203917980195 0.16813460737466815 0.075000001117587103
decision_type=2 8 2 2 2 2
left_child=-1 3 5 -2 -5 -3
right_child=1 2 -4 4 -6 -7
leaf_value=-5.1661800004851153e-06 -0.0002138394238965045 -0.00021228299855193563 -0.00026433405949376215 0.00043153200648565987 -0.00065727082654058711 0.00039350671569908106
leaf_weight=18506 517 65 123 261 72 598
leaf_count=18506 517 65 123 261 72 598
internal_value=-0.000172482 0.00345826 0.0104614 -0.0030117 0.00806213 0.0148578
internal_weight=20142 1636 786 850 333 663
internal_count=20142 1636 786 850 333 663
is_linear=0
shrinkage=0.05


Tree=496
num_leaves=7
num_cat=0
split_feature=23 27 44 6 47 28
split_gain=13.393 20.911 26.7322 22.7217 21.606 20.4572
threshold=-0.005350118735805153 -0.053100224584341042 0.13889769464731219 0.15793074667453769 1.5591807365417483 -0.014664183370769022
decision_type=2 2 2 2 2 2
left_child=-1 2 4 -4 -2 -3
right_child=1 5 3 -5 -6 -7
leaf_value=2.4964468288381529e-05 -0.0004977124964057483 0.00026489233349515979 0.00080176913094406703 -0.00037667716643157898 9.6784925169668943e-05 -9.8776825600993465e-06
leaf_weight=7270 286 308 58 73 50 12362
leaf_count=7270 286 308 58 73 50 12362
internal_value=-0.000121252 -0.000945442 -0.0112818 0.00753676 -0.018695 -0.000558185
internal_weight=20407 13137 467 131 336 12670
internal_count=20407 13137 467 131 336 12670
is_linear=0
shrinkage=0.05


Tree=497
num_leaves=7
num_cat=0
split_feature=44 48 47 48 22 36
split_gain=9.81003 32.301 23.4333 28.8909 25.4312 25.2297
threshold=0.14514036476612094 -0.51674348115921009 1.0410020351409914 0.52766811847686779 0.87500000000000011 -0.027332807891070839
decision_type=2 8 2 10 2 8
left_child=-1 -2 3 5 -5 -3
right_child=1 2 -4 4 -6 -7
leaf_value=-6.506099543728893e-06 0.00045158846787877999 -0.00030609637731014304 -0.00021032731051474018 0.00052902883106519319 -0.00030304315273267554 9.0469032842701626e-05
leaf_weight=18704 338 386 219 238 62 400
leaf_count=18704 338 386 219 238 62 400
internal_value=-0.000185485 0.00347391 -9.54198e-05 0.00291017 0.0159836 -0.00211757
internal_weight=20347 1643 1305 1086 300 786
internal_count=20347 1643 1305 1086 300 786
is_linear=0
shrinkage=0.05


Tree=498
num_leaves=7
num_cat=0
split_feature=36 35 35 43 22 44
split_gain=9.03932 33.0068 32.7744 32.1657 58.455 51.4182
threshold=0.41490533947944647 0.11452801898121835 0.077208109200000777 0.062147557735443122 0.57500001788139354 0.09286076202988626
decision_type=10 8 10 2 2 2
left_child=1 -1 -2 -3 -5 -6
right_child=2 3 -4 4 5 -7
leaf_value=3.0981276594174018e-06 0.00042961864968115034 3.7776787812576472e-05 9.1010313616581568e-06 -0.00032183305977872244 0.00066042002963442252 -7.0657230631860667e-05
leaf_weight=13013 100 620 4329 1125 238 768
leaf_count=13013 100 620 4329 1125 238 768
internal_value=-0.000152243 -0.000879891 0.00167456 -0.00585087 -0.00876639 0
internal_weight=20193 15764 4429 2751 2131 1006
internal_count=20193 15764 4429 2751 2131 1006
is_linear=0
shrinkage=0.05


Tree=499
num_leaves=7
num_cat=0
split_feature=28 29 50 38 10 50
split_gain=8.95896 21.7909 20.9193 23.9143 39.4581 22.6068
threshold=0.01195289893075824 0.10242311283946039 0.58787196874618541 0.0022385367192327981 0.036138882860541351 -0.66425654292106617
decision_type=2 2 10 2 2 10
left_child=1 -1 3 -2 -5 -6
right_child=2 -3 -4 4 5 -7
leaf_value=3.1514353273756451e-06 0.00010561010430870914 0.00018629392701542344 -0.00013535133227363712 -0.0002008323410200394 -0.0002735497050261799 0.00033384143938859092
leaf_weight=16440 1104 335 1438 582 116 243
leaf_count=16440 1104 335 1438 582 116 243
internal_value=-9.25332e-05 0.000484207 -0.00230075 0.000939024 -0.00488901 0.00803571
internal_weight=20258 16775 3483 2045 941 359
internal_count=20258 16775 3483 2045 941 359
is_linear=0
shrinkage=0.05


end of trees

feature_importances:
usd_beta_21d=231
usd_beta_63d=199
vol_gk_252d=185
zscore_126d=147
usd_factor_63d=137
vol_ratio_63_252=137
vol_ratio_21_63=132
ret_252d=128
vol_gk_126d=126
rank_vol_63d=104
mom_skip_recent=101
accel_21_63=90
vol_cc_63d=83
vol_gk_63d=80
usd_factor_21d=69
rank_vol_21d=68
accel_63_126=65
avg_range_63d=60
price_to_ma_252d=51
ret_42d=49
zscore_63d=49
vol_gk_21d=48
zscore_21d=42
sharpe_126d=41
price_to_ma_21d=40
vol_cc_21d=39
ret_63d=34
rank_ret_63d=31
avg_range_21d=29
price_to_ma_63d=29
ret_126d=29
rsi_14d=28
channel_pos_126d=27
rank_ret_126d=24
rank_sharpe_126d=22
ret_10d=22
ret_21d=22
ret_5d=21
rank_sharpe_63d=19
channel_pos_21d=18
max_dd_63d=18
rsi_63d=16
sharpe_21d=16
bollinger_pctb_21d=15
channel_pos_63d=15
rank_ret_21d=15
carry_proxy=14
rank_sharpe_21d=14
usd_factor_1d=8
rank_carry_proxy=7
sharpe_63d=6

parameters:
[boosting: gbdt]
[objective: regression_l1]
[metric: custom]
[tree_learner: serial]
[device_type: cuda]
[data_sample_strategy: bagging]
[data: ]
[valid: ]
[num_iterations: 500]
[learning_rate: 0.05]
[num_leaves: 7]
[num_threads: 0]
[seed: 42]
[deterministic: 0]
[force_col_wise: 0]
[force_row_wise: 1]
[histogram_pool_size: -1]
[max_depth: -1]
[min_data_in_leaf: 50]
[min_sum_hessian_in_leaf: 0.001]
[bagging_fraction: 0.8]
[pos_bagging_fraction: 1]
[neg_bagging_fraction: 1]
[bagging_freq: 1]
[bagging_seed: 400]
[bagging_by_query: 0]
[feature_fraction: 0.7]
[feature_fraction_bynode: 1]
[feature_fraction_seed: 30056]
[extra_trees: 0]
[extra_seed: 12879]
[early_stopping_round: 0]
[early_stopping_min_delta: 0]
[first_metric_only: 0]
[max_delta_step: 0]
[lambda_l1: 0.5]
[lambda_l2: 5]
[linear_lambda: 0]
[min_gain_to_split: 0]
[drop_rate: 0.1]
[max_drop: 50]
[skip_drop: 0.5]
[xgboost_dart_mode: 0]
[uniform_drop: 0]
[drop_seed: 17869]
[top_rate: 0.2]
[other_rate: 0.1]
[min_data_per_group: 100]
[max_cat_threshold: 32]
[cat_l2: 10]
[cat_smooth: 10]
[max_cat_to_onehot: 4]
[top_k: 20]
[monotone_constraints: ]
[monotone_constraints_method: basic]
[monotone_penalty: 0]
[feature_contri: ]
[forcedsplits_filename: ]
[refit_decay_rate: 0.9]
[cegb_tradeoff: 1]
[cegb_penalty_split: 0]
[cegb_penalty_feature_lazy: ]
[cegb_penalty_feature_coupled: ]
[path_smooth: 0]
[interaction_constraints: ]
[verbosity: -1]
[saved_feature_importance_type: 0]
[use_quantized_grad: 0]
[num_grad_quant_bins: 4]
[quant_train_renew_leaf: 0]
[stochastic_rounding: 1]
[linear_tree: 0]
[max_bin: 63]
[max_bin_by_feature: ]
[min_data_in_bin: 3]
[bin_construct_sample_cnt: 200000]
[data_random_seed: 175]
[is_enable_sparse: 1]
[enable_bundle: 1]
[use_missing: 1]
[zero_as_missing: 0]
[feature_pre_filter: 1]
[pre_partition: 0]
[two_round: 0]
[header: 0]
[label_column: ]
[weight_column: ]
[group_column: ]
[ignore_column: ]
[categorical_feature: ]
[forcedbins_filename: ]
[precise_float_parser: 0]
[parser_config_file: ]
[objective_seed: 16083]
[num_class: 1]
[is_unbalance: 0]
[scale_pos_weight: 1]
[sigmoid: 1]
[boost_from_average: 1]
[reg_sqrt: 0]
[alpha: 0.9]
[fair_c: 1]
[poisson_max_delta_step: 0.7]
[tweedie_variance_power: 1.5]
[lambdarank_truncation_level: 30]
[lambdarank_norm: 1]
[label_gain: ]
[lambdarank_position_bias_regularization: 0]
[eval_at: ]
[multi_error_top_k: 1]
[auc_mu_weights: ]
[num_machines: 1]
[local_listen_port: 12400]
[time_out: 120]
[machine_list_filename: ]
[machines: ]
[gpu_platform_id: -1]
[gpu_device_id: -1]
[gpu_device_id_list: ]
[gpu_use_dp: 0]
[num_gpu: 1]

end of parameters

pandas_categorical:null
