tree
version=v4
num_class=1
num_tree_per_iteration=1
label_index=0
max_feature_idx=60
objective=regression_l1
feature_names=accel_21_63 accel_63_126 avg_range_21d avg_range_63d bollinger_pctb_21d carry_proxy channel_pos_126d channel_pos_21d channel_pos_63d max_dd_63d mom_skip_recent price_to_ma_21d price_to_ma_252d price_to_ma_63d rank_carry_proxy rank_ret_126d rank_ret_21d rank_ret_63d rank_sharpe_126d rank_sharpe_21d rank_sharpe_63d rank_vol_21d rank_vol_63d ret_10d ret_126d ret_21d ret_252d ret_42d ret_5d ret_63d rsi_14d rsi_63d sharpe_126d sharpe_21d sharpe_63d usd_beta_21d usd_beta_63d usd_factor_1d usd_factor_21d usd_factor_63d vol_cc_21d vol_cc_63d vol_gk_126d vol_gk_21d vol_gk_252d vol_gk_63d vol_ratio_21_63 vol_ratio_63_252 zscore_126d zscore_21d zscore_63d kalman_trend kalman_slope kalman_slope_zscore kalman_innovation kalman_smoothness hmm_regime_prob_risk_off hmm_regime_transition_5d arima_forecast arima_residual arima_residual_zscore
feature_infos=[-0.19168797135353088:0.20472531020641327] [-0.2025885283946991:0.20294597744941711] [0.0010315754916518927:0.032857734709978104] [0.0011387050617486238:0.021232530474662781] [-2.1817340850830078:1.9245454072952271] [-1.5809764862060547:1.599022388458252] [0:1] [0:1] [0:1] [-0.20013526082038879:0] [-0.35089993476867676:0.29232227802276611] [-0.18110655248165131:0.14812014997005463] [-0.2430165559053421:0.19546043872833252] [-0.18672631680965424:0.15493281185626984] [0.05000000074505806:1] [0.05000000074505806:1] [0.05000000074505806:1] [0.05000000074505806:1] [0.05000000074505806:1] [0.05000000074505806:1] [0.05000000074505806:1] [0.05000000074505806:1] [0.05000000074505806:1] [-0.18885858356952667:0.16665816307067871] [-0.24452370405197144:0.22581301629543304] [-0.18780495226383209:0.13435123860836029] [-0.32876867055892944:0.28972706198692322] [-0.18802806735038757:0.20023827254772186] [-0.18780495226383209:0.19092723727226257] [-0.19209679961204529:0.2270083874464035] [0.47960564494132996:100] [4.3956151008605957:75.832229614257812] [-2.0049896240234375:2.6847574710845947] [-0.91847944259643555:1.0865364074707031] [-1.5809764862060547:1.599022388458252] [-0.92260521650314331:0.91464847326278687] [-0.96863085031509399:0.9521980881690979] [-0.027317339554429054:0.019427619874477386] [-0.044331524521112442:0.045270882546901703] [-0.076491691172122955:0.081928655505180359] [0.0075412006117403507:0.73532307147979736] [0.0088753066956996918:0.42847311496734619] [0.01584521122276783:0.22824999690055847] [0.010549494996666908:0.44004997611045837] [0.020850490778684616:0.19065992534160614] [0.014205704443156719:0.28529408574104309] [0.39170083403587341:1.7290194034576416] [0.4693603515625:1.9800679683685303] [-15.043925285339355:5.2925949096679688] [-15.182501792907715:4.7854061126708984] [-15.029708862304688:6.1560940742492676] [-23.131841659545898:18.17237663269043] [-2.3569822311401367:1.9050858020782471] [-22.363126754760742:14.065601348876953] [-18.073673248291016:23.860574722290039] [4.2184634208679199:9999555584] [0:1] [-1:0.99999982118606567] [-0.0071875364519655704:0.017380578443408012] [-0.18772129714488983:0.201515793800354] [-29.955646514892578:26.311832427978516]
tree_sizes=798 807 799 808 802 804 812 805 812 803 808 812 807 803 802 810 800 817 817 806 806 808 800 801 796 809 808 804 802 795 811 801 808 807 803 814 810 802 809 814 806 806 810 802 805 795 796 797 809 805 804 792 808 784 808 807 800 793 811 807 803 809 806 805 799 808 804 792 797 807 805 808 801 815 793 810 808 808 805 808 794 808 802 793 809 805 806 797 781 799 803 796 797 813 801 813 796 806 809 804 794 787 796 802 801 794 808 801 796 810 792 799 801 808 785 804 812 813 805 782 805 801 808 804 803 811 797 801 801 786 799 813 809 785 809 805 796 784 790 808 800 803 798 804 800 795 797 805 792 800 800 790 801 789 789 804 789 796 799 815 805 815 786 790 790 799 810 801 793 802 816 795 792 802 805 794 798 792 789 792 814 807 804 806 798 794 791 781 815 803 802 791 809 797 789 800 799 803 783 800 794 797 794 808 802 792 801 790 789 799 786 800 813 796 784 785 792 781 794 798 787 797 794 806 796 815 813 811 812 798 789 798 797 811 800 800 800 786 796 793 803 794 813 796 796 805 799 784 806 791 815 798 798 797 793 792 801 802 796 789 785 804 790 805 808 781 800 790 790 806 798 807 797 802 814 784 807 794 805 799 803 793 782 790 797 798 785 790 810 776 783 797 805 810 798 791 810 802 792 803 781 797 811 784 783 798 805 805 786 795 806 794 799 798 802 806 784 791 791 786 793 809 780 803 811 808 797 793 802 813 807 792 791 796 776 800 793 794 791 800 797 811 796 793 788 799 803 799 777 800 787 803 790 794 795 812 793 800 791 792 793 787 796 798 787 819 811 801 801 801 796 800 783 808 795 792 799 796 811 801 799 798 800 795 806 804 795 805 784 795 802 795 793 796 794 805 800 784 801 794 808 797 782 794 786 792 806 779 797 795 773 785 791 804 788 792 780 802 790 805 785 798 785 780 798 795 809 810 781 793 802 782 786 799 799 799 780 789 782 793 804 805 799 811 806 793 783 806 789 794 804 793 791 806 812 796 805 784 803 790 789 781 783 804 804 800 799 790 791 790 792 806 804 794 810 803 792 793 790 789 802 794 799 808 773 800 791 799 801 805 790 824 793 779 780 781 801 805 783 800

Tree=0
num_leaves=7
num_cat=0
split_feature=7 22 48 13 44 31
split_gain=114.223 80.948 86.8444 77.8425 76.9385 97.1968
threshold=0.35508698225021368 0.82500001788139354 -0.53996834158897389 0.022450587712228302 0.062140231952071197 45.557470321655281
decision_type=2 2 2 2 2 2
left_child=4 2 -2 -3 -1 -6
right_child=1 3 -4 -5 5 -7
leaf_value=-0.001052626667660661 -0.0010591777070658281 -0.0010852836683625355 -0.00081662342854542662 -0.0016544302256079392 -0.00052274079353082921 -0.00084038947097724308
leaf_weight=638 3050 1635 6658 579 3352 4276
leaf_count=638 3050 1635 6658 579 3352 4276
internal_value=-0.000866116 -0.00400348 -0.00203065 -0.0126206 0.00364293 0.005042
internal_weight=20188 11922 9708 2214 8266 7628
internal_count=20188 11922 9708 2214 8266 7628
is_linear=0
shrinkage=1


Tree=1
num_leaves=7
num_cat=0
split_feature=53 13 46 44 52 35
split_gain=194.922 83.2544 116.927 92.5705 76.2755 73.5841
threshold=0.38715016841888433 0.024308266118168834 1.1244097948074343 0.066370893269777312 2.1387282686191614e-05 0.47608098387718206
decision_type=10 2 2 2 10 2
left_child=1 3 -3 4 5 -1
right_child=-2 2 -4 -5 -6 -7
leaf_value=-0.0003352267538866727 -0.00033959781736484732 -0.00040893351055274249 0.00034769612033414888 0.00015126017955481076 0.0001198773780197371 9.0313675027573484e-05
leaf_weight=977 3683 1586 459 12701 539 258
leaf_count=977 3683 1586 459 12701 539 258
internal_value=-6.30938e-05 0.00204992 -0.00737805 0.0033857 -0.00729342 -0.0141331
internal_weight=20203 16520 2045 14475 1774 1235
internal_count=20203 16520 2045 14475 1774 1235
is_linear=0
shrinkage=0.05


Tree=2
num_leaves=7
num_cat=0
split_feature=35 7 22 13 36 54
split_gain=112.891 96.6614 95.6437 76.9227 70.7858 58.833
threshold=-0.81954708695411671 0.35508698225021368 0.82500001788139354 0.019176231697201732 -0.25665658712387079 0.022505039349198345
decision_type=2 2 2 2 2 8
left_child=5 -2 -3 4 -4 -1
right_child=1 2 3 -5 -6 -7
leaf_value=-0.00018105849055427827 0.00013480710062867729 5.9453008634591257e-06 -0.00059016635247826352 -0.00072970849890407411 0.0002184293039390468 -0.00085885821203919479
leaf_weight=652 7806 9397 631 682 826 318
leaf_count=652 7806 9397 631 682 826 318
internal_value=1.35355e-05 0.00094976 -0.00195607 -0.0114855 -0.00494186 -0.0164872
internal_weight=20312 19342 11536 2139 1457 970
internal_count=20312 19342 11536 2139 1457 970
is_linear=0
shrinkage=0.05


Tree=3
num_leaves=7
num_cat=0
split_feature=53 44 35 7 46 36
split_gain=135.753 74.4773 100.053 82.0675 92.5888 80.6638
threshold=0.38715016841888433 0.062140231952071197 -0.39947687089443201 0.35508698225021368 0.89412492513656627 -0.44135315716266627
decision_type=10 2 2 2 2 2
left_child=1 2 -1 -3 -5 -4
right_child=-2 3 5 4 -6 -7
leaf_value=-0.00086035511125328418 -0.0002927982889595569 0.00021910382623500482 0.00032669541691257115 -0.00020230615603250045 9.3127758260834538e-05 -8.4882349655799789e-05
leaf_weight=246 3703 6369 134 2524 6441 928
leaf_count=246 3703 6369 134 2524 6441 928
internal_value=8.23096e-05 0.00207695 -0.00934882 0.00305594 -2.50836e-05 -0.00260075
internal_weight=20345 16642 1308 15334 8965 1062
internal_count=20345 16642 1308 15334 8965 1062
is_linear=0
shrinkage=0.05


Tree=4
num_leaves=7
num_cat=0
split_feature=53 53 50 3 42 23
split_gain=194.038 99.7864 80.1793 65.6796 80.3491 80.0446
threshold=0.38715016841888433 -0.42429409921169275 1.3706768155097964 0.012828816194087269 0.15252649784088138 0.0058630406856536874
decision_type=10 8 2 2 2 2
left_child=1 2 -1 4 -3 -5
right_child=-2 3 -4 5 -6 -7
leaf_value=0.00049444933622346064 -0.00032011019644706041 2.2660739194611781e-05 -0.00043899640060933508 -2.4234817371579998e-05 0.0011317730502016503 -0.0011488350475493279
leaf_weight=2357 3674 12794 313 496 287 300
leaf_count=2357 3674 12794 313 496 287 300
internal_value=2.34846e-05 0.00240001 0.011243 0.000693344 0.00154554 -0.0132022
internal_weight=20221 16547 2670 13877 13081 796
internal_count=20221 16547 2670 13877 13081 796
is_linear=0
shrinkage=0.05


Tree=5
num_leaves=7
num_cat=0
split_feature=35 29 46 39 52 7
split_gain=96.379 101.865 119.571 110.944 91.1551 87.2038
threshold=-0.81954708695411671 0.022753734141588215 1.1244097948074343 0.043088210746645934 0.00022368218196788805 0.53253495693206798
decision_type=2 2 2 2 10 2
left_child=-1 3 -3 -2 -4 -5
right_child=1 2 4 5 -6 -7
leaf_value=-0.00036881739685314075 0.00013806286514031967 -0.00022109420745773493 0.00040668055441426426 9.905470577866827e-06 -0.00048042231395824492 -0.00050723844602203823
leaf_weight=995 11744 4521 672 1396 221 755
leaf_count=995 11744 4521 672 1396 221 755
internal_value=7.26279e-05 0.00109377 -0.00471951 0.00336151 0.0119432 -0.00706169
internal_weight=20304 19309 5414 13895 893 2151
internal_count=20304 19309 5414 13895 893 2151
is_linear=0
shrinkage=0.05


Tree=6
num_leaves=7
num_cat=0
split_feature=35 29 44 42 46 52
split_gain=84.1273 78.6572 111.32 91.1372 88.5894 86.964
threshold=-0.80302551388740528 0.022753734141588215 0.066370893269777312 0.069144319742918028 1.1121494770050051 0.00022368218196788805
decision_type=2 2 2 2 2 10
left_child=-1 2 -2 -4 -3 -6
right_child=1 4 3 -5 5 -7
leaf_value=-0.00032738806244596194 -0.00014416356189805702 -0.00019584908800699286 0.0004009369056189859 9.1110315734627028e-05 0.00038421558583319785 -0.00048345751603677425
leaf_weight=1353 1555 4331 1337 10746 715 253
leaf_count=1353 1555 4331 1337 10746 715 253
internal_value=0.000107169 0.000861841 0.00287144 0.00449413 -0.00430336 0.00932682
internal_weight=20290 18937 13638 12083 5299 968
internal_count=20290 18937 13638 12083 5299 968
is_linear=0
shrinkage=0.05


Tree=7
num_leaves=7
num_cat=0
split_feature=35 32 48 21 55 54
split_gain=85.5585 129.903 78.4488 84.6766 65.38 64.4408
threshold=-0.21997004002332685 0.39434839785099035 0.075015198439359679 0.82500001788139354 194396.73437500003 0.025231826119124893
decision_type=2 2 2 2 10 8
left_child=2 -2 5 4 -4 -1
right_child=1 -3 3 -5 -6 -7
leaf_value=-0.00012584373950318839 0.00014141517179696117 -0.00013181670515445792 0.00024423932410783496 -0.00032821516051083246 -0.00073305594306310963 -0.00042817707966582186
leaf_weight=2280 9245 4412 1981 632 137 1617
leaf_count=2280 9245 4412 1981 632 137 1617
internal_value=4.80083e-05 0.00219038 -0.00472414 0.00173321 0.00653556 -0.0092837
internal_weight=20304 13657 6647 2750 2118 3897
internal_count=20304 13657 6647 2750 2118 3897
is_linear=0
shrinkage=0.05


Tree=8
num_leaves=7
num_cat=0
split_feature=53 53 3 42 12 10
split_gain=137.789 71.2427 67.05 72.9391 64.2203 60.4637
threshold=0.38715016841888433 -0.42429409921169275 0.012828816194087269 0.12886740267276767 0.059474647045135505 -0.15156895667314527
decision_type=10 8 2 2 2 2
left_child=1 5 3 4 -3 -1
right_child=-2 2 -4 -5 -6 -7
leaf_value=-0.00024652984486898727 -0.00027184723000635969 3.6227209432807824e-05 -0.00044580427735776127 0.00051011078159066505 -0.00029006791707488676 0.00044212303274759803
leaf_weight=519 3648 11306 781 778 1092 2142
leaf_count=519 3648 11306 781 778 1092 2142
internal_value=5.79646e-05 0.00197167 0.000538963 0.00138647 0.000449488 0.00946174
internal_weight=20266 16618 13957 13176 12398 2661
internal_count=20266 16618 13957 13176 12398 2661
is_linear=0
shrinkage=0.05


Tree=9
num_leaves=7
num_cat=0
split_feature=53 35 44 52 12 36
split_gain=116.694 64.1012 75.3091 115.896 74.318 59.1302
threshold=0.38715016841888433 0.43537886440753942 0.062140231952071197 2.1387282686191614e-05 0.063373241573572173 -0.44135315716266627
decision_type=10 2 2 10 2 2
left_child=1 2 3 -1 -4 -5
right_child=-2 -3 4 5 -6 -7
leaf_value=-0.00042411043558185179 -0.00025773025205170184 0.00017814861611385572 7.77880688423252e-05 0.00031737659493111633 -0.00033886155704273375 -8.3903101495121009e-05
leaf_weight=634 3665 2992 11655 143 793 352
leaf_count=634 3665 2992 11655 143 793 352
internal_value=3.33515e-05 0.0017814 0.000318436 -0.012015 0.00144343 0.00605
internal_weight=20234 16569 13577 1129 12448 495
internal_count=20234 16569 13577 1129 12448 495
is_linear=0
shrinkage=0.05


Tree=10
num_leaves=7
num_cat=0
split_feature=53 53 50 3 42 23
split_gain=102.035 66.5243 82.8365 66.4107 63.9613 60.9263
threshold=0.38715016841888433 -0.42429409921169275 1.3706768155097964 0.012828816194087269 0.15252649784088138 -0.00061126585933379818
decision_type=10 8 2 2 2 2
left_child=1 2 -1 4 -3 -5
right_child=-2 3 -4 5 -6 -7
leaf_value=0.00042584301516539202 -0.00023345624930161177 2.6656085365777317e-05 -0.00050733419346128152 2.2788476570276199e-05 0.00098122416816741288 -0.00081923146240901041
leaf_weight=2381 3668 12865 291 396 284 376
leaf_count=2381 3668 12865 291 396 284 376
internal_value=0.000112257 0.00211019 0.00932947 0.000719876 0.00156036 -0.0134813
internal_weight=20261 16593 2672 13921 13149 772
internal_count=20261 16593 2672 13921 13149 772
is_linear=0
shrinkage=0.05


Tree=11
num_leaves=7
num_cat=0
split_feature=24 35 44 8 22 52
split_gain=83.814 74.4513 119.128 82.8089 72.7047 85.534
threshold=0.093925777822732939 -0.39947687089443201 0.062140231952071197 0.24782777577638629 0.82500001788139354 1.0000000180025095e-35
decision_type=2 2 2 2 2 10
left_child=1 2 -1 -3 5 -4
right_child=-2 3 4 -5 -6 -7
leaf_value=-0.00079442830224618968 -0.00040867813659174268 0.00018795828797335494 0.00018599843942937396 1.6344315317775118e-06 -0.00047824153551127564 -0.00027051034587376042
leaf_weight=267 944 4494 2270 10207 1240 797
leaf_count=267 944 4494 2270 10207 1240 797
internal_value=0.000122379 0.000810425 -0.00475541 0.00254488 -0.00271916 0.00140788
internal_weight=20219 19275 4574 14701 4307 3067
internal_count=20219 19275 4574 14701 4307 3067
is_linear=0
shrinkage=0.05


Tree=12
num_leaves=7
num_cat=0
split_feature=53 20 13 46 53 52
split_gain=115.56 78.0497 69.9737 111.316 75.3755 58.5801
threshold=0.38715016841888433 0.12500000372529033 0.024308266118168834 1.1121494770050051 -0.42429409921169275 9.9894172308268039e-05
decision_type=10 2 2 2 8 8
left_child=2 -2 4 -4 -1 -3
right_child=1 5 3 -5 -6 -7
leaf_value=0.00037670135419881851 0.00038238338986898825 -0.00046767152059369425 -0.00035231400327191724 0.00030938127793933519 3.6170342318787792e-05 -0.00023366014033188279
leaf_weight=2445 319 864 1541 498 12028 2476
leaf_count=2445 319 864 1541 498 12028 2476
internal_value=9.78886e-05 -0.00792167 0.0018935 -0.0067637 0.0031168 -0.0101868
internal_weight=20171 3659 16512 2039 14473 3340
internal_count=20171 3659 16512 2039 14473 3340
is_linear=0
shrinkage=0.05


Tree=13
num_leaves=7
num_cat=0
split_feature=24 21 30 48 22 24
split_gain=62.762 49.4967 48.5088 74.2188 80.8856 51.7717
threshold=0.10568368062376977 0.32500000298023229 48.318927764892585 -0.24936728179454801 0.82500001788139354 0.028396203182637695
decision_type=2 2 2 2 2 2
left_child=2 -2 -1 -4 5 -5
right_child=1 -3 3 4 -6 -7
leaf_value=8.312716526764933e-05 0.00036477647978803762 -0.00056040622239277884 -0.00018014903279531139 0.00030057221358312822 -0.00033024522826588922 7.1430161422536673e-06
leaf_weight=9278 108 524 4312 2123 1069 2891
leaf_count=9278 108 524 4312 2123 1069 2891
internal_value=6.77006e-05 -0.0153454 0.000600925 -0.00174279 0.00181094 0.00447798
internal_weight=20305 632 19673 10395 6083 5014
internal_count=20305 632 19673 10395 6083 5014
is_linear=0
shrinkage=0.05


Tree=14
num_leaves=7
num_cat=0
split_feature=53 47 17 10 55 53
split_gain=91.6367 91.6074 89.2574 61.3226 51.9873 49.6614
threshold=-0.23321451991796491 1.1531235575675967 0.92499998211860668 -0.16439241915941236 21.721632003784183 0.97300788760185253
decision_type=8 2 2 2 8 8
left_child=2 -2 3 -1 -5 -3
right_child=1 5 -4 4 -6 -7
leaf_value=-0.00041792840133428392 -6.6068765477506922e-06 -0.0001288903270902548 -0.00064611232477264412 -3.6336101189057573e-05 0.00047057611470065203 -0.00077500901749733399
leaf_weight=471 14847 1047 241 618 2447 724
leaf_count=471 14847 1047 241 618 2447 724
internal_value=0.000145833 -0.00155658 0.00706637 0.00908642 0.0116694 -0.0122889
internal_weight=20395 16618 3777 3536 3065 1771
internal_count=20395 16618 3777 3536 3065 1771
is_linear=0
shrinkage=0.05


Tree=15
num_leaves=7
num_cat=0
split_feature=25 22 14 48 35 46
split_gain=68.41 55.8521 59.6934 58.634 73.4361 64.48
threshold=-0.0065198717638850203 0.82500001788139354 0.42499999701976782 -0.24936728179454801 -0.12151798233389853 0.89412492513656627
decision_type=2 2 2 2 2 2
left_child=-1 3 -3 4 -2 -5
right_child=1 2 -4 5 -6 -7
leaf_value=9.2479678126697272e-05 -0.000443321417506796 7.6953605636782919e-05 -0.00045149971220259449 -0.00014113594302557071 -1.2794283230552575e-05 0.00014369600448236751
leaf_weight=8057 1254 688 1462 1405 2702 4790
leaf_count=8057 1254 688 1462 1405 2702 4790
internal_value=0.000141187 -0.00237486 -0.00968677 -0.000819712 -0.00557309 0.00221371
internal_weight=20358 12301 2150 10151 3956 6195
internal_count=20358 12301 2150 10151 3956 6195
is_linear=0
shrinkage=0.05


Tree=16
num_leaves=7
num_cat=0
split_feature=53 50 3 13 4 35
split_gain=85.8844 70.7234 70.6261 76.0887 48.2416 45.3204
threshold=-0.42429409921169275 1.3706768155097964 0.012828816194087269 -0.0052040875889360896 -0.35547597706317896 0.26311510801315313
decision_type=8 2 2 2 2 2
left_child=1 5 -2 4 -4 -1
right_child=2 -3 3 -5 -6 -7
leaf_value=0.00027913740328038006 -1.1065123582581007e-05 -0.00048788151477653727 0.00045669865900875957 -0.00082679731080278075 -0.00040603080734412058 0.00061948506281188039
leaf_weight=1929 16590 298 277 485 370 447
leaf_count=1929 16590 298 277 485 370 447
internal_value=0.000170335 0.00831467 -0.0012904 -0.0133465 -0.00203221 0.0112033
internal_weight=20396 2674 17722 1132 647 2376
internal_count=20396 2674 17722 1132 647 2376
is_linear=0
shrinkage=0.05


Tree=17
num_leaves=7
num_cat=0
split_feature=53 35 14 52 52 25
split_gain=81.9294 66.3104 52.2322 51.9081 74.2642 47.6629
threshold=0.38715016841888433 -0.81954708695411671 0.12500000372529033 0.00022368218196788805 0.00029980926774442201 -0.021948071196675297
decision_type=10 2 2 8 8 2
left_child=1 -1 -2 -4 -5 -3
right_child=2 5 3 4 -6 -7
leaf_value=-0.00045539385657645696 0.00029701227854192426 0.00022818950067942702 -0.00038703131037106324 0.00037724803181628588 -0.00030357166971780057 2.1098967396592558e-05
leaf_weight=427 339 2967 1005 316 2029 13166
leaf_count=427 339 2967 1005 316 2029 13166
internal_value=0.000171571 0.00167673 -0.00655793 -0.00845753 -0.00435106 0.00219513
internal_weight=20249 16560 3689 3350 2345 16133
internal_count=20249 16560 3689 3350 2345 16133
is_linear=0
shrinkage=0.05


Tree=18
num_leaves=7
num_cat=0
split_feature=52 55 36 29 46 44
split_gain=59.3582 59.5494 51.0046 65.5114 132.186 80.0413
threshold=0.00054331871797330688 2543.380004882813 -0.76988115906715382 0.018600411713123325 1.1121494770050051 0.066370893269777312
decision_type=10 8 2 2 2 2
left_child=2 -2 -1 5 -5 -4
right_child=1 -3 3 4 -6 -7
leaf_value=-0.00014083103180098788 -5.3607764438283273e-05 -0.00076762640528367618 -9.8441570992260189e-05 -0.00016857187428175887 0.00032716224328477637 0.00015286630734838937
leaf_weight=2284 1225 568 1380 3977 821 10075
leaf_count=2284 1225 568 1380 3977 821 10075
internal_value=0.000106958 -0.00863459 0.000880434 0.00186524 -0.00303456 0.00392016
internal_weight=20330 1793 18537 16253 4798 11455
internal_count=20330 1793 18537 16253 4798 11455
is_linear=0
shrinkage=0.05


Tree=19
num_leaves=7
num_cat=0
split_feature=53 35 53 17 52 2
split_gain=95.9011 68.2798 59.5357 49.0934 59.4833 60.9987
threshold=0.38715016841888433 -0.81954708695411671 0.12553188204765323 0.17500000447034839 9.9894172308268039e-05 0.012616497464478018
decision_type=10 2 10 2 8 2
left_child=1 2 -1 -2 -5 -6
right_child=3 -3 -4 4 5 -7
leaf_value=-0.00077081600007242884 0.00018876526919947955 5.7265829509991228e-05 0.00011541155426405917 -0.00047764061232272235 -5.4856906786607917e-05 -0.00075091845020319303
leaf_weight=245 513 16183 191 791 2064 360
leaf_count=245 513 16183 191 791 2064 360
internal_value=0.000151091 0.00177605 -0.0176304 -0.00709215 -0.00938665 -0.00546521
internal_weight=20347 16619 436 3728 3215 2424
internal_count=20347 16619 436 3728 3215 2424
is_linear=0
shrinkage=0.05


Tree=20
num_leaves=7
num_cat=0
split_feature=35 32 51 44 51 48
split_gain=68.0016 96.3499 79.8156 77.6863 110.749 66.5748
threshold=-0.21997004002332685 0.39434839785099035 0.043014949187636382 0.062140231952071197 -0.0059558758512139312 -0.24936728179454801
decision_type=2 2 10 2 8 2
left_child=2 5 3 4 -1 -2
right_child=1 -3 -4 -5 -6 -7
leaf_value=0.00037618907033557891 4.3920370758987083e-05 -0.00010895760482014841 -0.00067905725587138067 -2.775919320047271e-05 -0.00077390937170535501 0.00033019987102783757
leaf_weight=62 6060 4446 623 5652 269 3229
leaf_count=62 6060 4446 623 5652 269 3229
internal_value=0.000170795 0.00207606 -0.00409545 -0.00230878 -0.0256696 0.00497364
internal_weight=20341 13735 6606 5983 331 9289
internal_count=20341 13735 6606 5983 331 9289
is_linear=0
shrinkage=0.05


Tree=21
num_leaves=7
num_cat=0
split_feature=53 20 13 46 41 55
split_gain=74.69 58.3479 52.9322 85.9648 47.7451 56.4505
threshold=0.38715016841888433 0.12500000372529033 0.024308266118168834 1.1121494770050051 0.069088272750377669 85.068965911865249
decision_type=10 2 2 2 2 8
left_child=2 -2 4 -4 -1 -6
right_child=1 -3 3 -5 5 -7
leaf_value=-3.4515105295082851e-05 0.00036802858812337564 -0.00024198164518218716 -0.00032166807120583523 0.00024329295174614014 -8.0460737421506412e-05 0.00017577821899976702
leaf_weight=4364 335 3359 1603 503 1708 8483
leaf_count=4364 335 3359 1603 503 1708 8483
internal_value=0.000160855 -0.00613004 0.00172357 -0.00567267 0.00279705 0.00467095
internal_weight=20355 3694 16661 2106 14555 10191
internal_count=20355 3694 16661 2106 14555 10191
is_linear=0
shrinkage=0.05


Tree=22
num_leaves=7
num_cat=0
split_feature=53 17 0 47 2 35
split_gain=61.2298 74.6683 62.7131 62.2735 56.3014 52.9169
threshold=-0.23321451991796491 0.92499998211860668 0.085725408047437682 1.1325542330741885 0.014406197238713505 -0.74694210290908802
decision_type=8 2 2 2 2 2
left_child=1 2 -1 -2 -4 -5
right_child=3 -3 4 5 -6 -7
leaf_value=0.00029633426924248555 -3.1072162256710229e-06 -0.00059952926811729498 -0.0013225712721966539 -0.00087542129574827866 0.00087191642006804288 -0.00019616182165682145
leaf_weight=3311 14491 239 145 204 61 1846
leaf_count=3311 14491 239 145 204 61 1846
internal_value=7.26529e-05 0.00573651 0.00758802 -0.00133114 -0.0188389 -0.00947689
internal_weight=20297 3756 3517 16541 206 2050
internal_count=20297 3756 3517 16541 206 2050
is_linear=0
shrinkage=0.05


Tree=23
num_leaves=7
num_cat=0
split_feature=53 3 42 0 50 6
split_gain=59.2664 68.6369 75.7126 67.4559 59.5295 57.4442
threshold=-0.42429409921169275 0.012828816194087269 0.12886740267276767 -0.025966394692659375 1.0867135524749758 0.56913641095161449
decision_type=8 2 2 2 2 2
left_child=4 2 -2 -4 -1 -3
right_child=1 5 3 -5 -6 -7
leaf_value=0.00031640279319697715 -2.832644845526431e-05 -0.00025902474849826316 -0.00020601448626783532 0.00088344297183015673 -0.00033109877324099157 -0.0010915295474825009
leaf_weight=2237 15417 918 319 720 454 218
leaf_count=2237 15417 918 319 720 454 218
internal_value=0.000230432 -0.00108967 -0.00026578 0.0127634 0.00687129 -0.0129492
internal_weight=20283 17592 16456 1039 2691 1136
internal_count=20283 17592 16456 1039 2691 1136
is_linear=0
shrinkage=0.05


Tree=24
num_leaves=7
num_cat=0
split_feature=53 35 55 41 13 46
split_gain=59.8955 51.7575 58.1396 44.29 44.142 71.2194
threshold=0.38715016841888433 -0.81954708695411671 66818.832031250015 0.088193416595458998 0.024308266118168834 1.1121494770050051
decision_type=10 2 10 2 2 2
left_child=1 2 -1 -4 -3 -6
right_child=-2 4 3 -5 5 -7
leaf_value=-0.00072415243689050027 -0.00014695670610190438 7.3472774660410882e-05 0.0009605587375715605 -0.00034470082733722719 -0.00026681780873727331 0.00027702363724052147
leaf_weight=201 3701 14154 74 150 1520 480
leaf_count=201 3701 14154 74 150 1520 480
internal_value=0.000171309 0.00170797 -0.015407 0.00207424 0.00216443 -0.00477556
internal_weight=20280 16579 425 224 16154 2000
internal_count=20280 16579 425 224 16154 2000
is_linear=0
shrinkage=0.05


Tree=25
num_leaves=7
num_cat=0
split_feature=24 35 39 48 44 22
split_gain=49.4711 47.4649 80.6828 96.5268 87.8593 79.716
threshold=0.093925777822732939 -0.21997004002332685 -0.049111248925328248 0.075015198439359679 0.062140231952071197 0.92499998211860668
decision_type=2 2 2 2 2 2
left_child=1 2 -1 4 -4 -5
right_child=-2 -3 3 5 -6 -7
leaf_value=-0.0006764786885244163 -0.00031058405586904033 5.7171308543000616e-05 -0.00067211239704071063 0.0002043053392261675 -0.00011941689949570448 -0.00084203550881208457
leaf_weight=249 939 12788 249 2233 3534 292
leaf_count=249 939 12788 249 2233 3534 292
internal_value=8.25571e-05 0.000678295 -0.00277735 -0.00165927 -0.00671199 0.00589921
internal_weight=20284 19345 6557 6308 3783 2525
internal_count=20284 19345 6557 6308 3783 2525
is_linear=0
shrinkage=0.05


Tree=26
num_leaves=7
num_cat=0
split_feature=29 35 35 39 3 43
split_gain=61.9723 57.4446 64.0301 94.4392 61.7814 58.4461
threshold=0.072277046740055098 0.43537886440753942 0.24327427893877032 -0.020647400058805939 0.0048268164973706016 0.051238007843494422
decision_type=2 2 2 2 2 2
left_child=1 2 -1 -4 -3 -6
right_child=-2 4 3 -5 5 -7
leaf_value=2.7899598495718054e-05 -0.00029268930043081456 0.00049398323070176556 0.00032482813789983802 -0.00027921912454425624 -0.00041784361763067012 0.00016077233616002906
leaf_weight=14215 957 199 451 1599 81 2752
leaf_count=14215 957 199 451 1599 81 2752
internal_value=0.000122168 0.00102191 -0.000155194 -0.00840633 0.00733454 0.00539993
internal_weight=20254 19297 16265 2050 3032 2833
internal_count=20254 19297 16265 2050 3032 2833
is_linear=0
shrinkage=0.05


Tree=27
num_leaves=7
num_cat=0
split_feature=29 39 43 5 52 5
split_gain=49.6436 53.184 71.9669 50.081 53.6783 49.08
threshold=0.055549731478095062 0.043088210746645934 0.21673661470413211 -0.52249130606651295 3.2098783776746138e-05 -0.3648631870746612
decision_type=2 2 2 2 10 2
left_child=1 5 3 -3 -5 -1
right_child=-2 2 -4 4 -6 -7
leaf_value=0.00019802050700501209 -0.00018329324113527566 -0.00046488873463894478 0.0026531204848245439 4.6507108479114113e-05 -0.00036815969606109034 1.4037336766975679e-05
leaf_weight=3210 1936 697 62 1619 557 12233
leaf_count=3210 1936 697 62 1619 557 12233
internal_value=0.000151336 0.00084725 -0.00531463 -0.00650625 -0.00273957 0.0020213
internal_weight=20314 18378 2935 2873 2176 15443
internal_count=20314 18378 2935 2873 2176 15443
is_linear=0
shrinkage=0.05


Tree=28
num_leaves=7
num_cat=0
split_feature=53 50 48 12 46 55
split_gain=60.5829 51.2653 44.8377 61.0112 53.6627 46.5246
threshold=0.40311254560947424 -0.32513110339641565 -0.12946787476539609 0.055900540202856071 1.1121494770050051 233105.24218750003
decision_type=10 2 2 2 2 10
left_child=2 -2 -1 5 -5 -4
right_child=1 -3 3 4 -6 -7
leaf_value=-2.9137603626854371e-05 2.823651766946074e-05 -0.00033784099910526272 0.00019259031959290292 -0.00026288680827320118 0.0001899956283528334 -8.910545701060725e-05
leaf_weight=8896 1483 1965 5717 945 298 979
leaf_count=8896 1483 1965 5717 945 298 979
internal_value=0.000141709 -0.00604547 0.00122476 0.00395582 -0.0061899 0.00584614
internal_weight=20283 3448 16835 7939 1243 6696
internal_count=20283 3448 16835 7939 1243 6696
is_linear=0
shrinkage=0.05


Tree=29
num_leaves=7
num_cat=0
split_feature=52 36 17 48 24 4
split_gain=39.5877 44.6875 76.4005 52.2371 50.0257 49.6177
threshold=0.00029980926774442201 -0.031643163412809365 0.32500000298023229 -0.37715671956539149 0.10568368062376977 0.17911501973867419
decision_type=10 2 2 2 2 2
left_child=-1 2 -2 -3 -5 -4
right_child=1 3 5 4 -6 -7
leaf_value=2.2922127850889613e-05 0.00048704318628363597 -0.00041012251753368687 -0.00022291787650006154 0.0006613925125416001 -0.00043668573336955478 -0.00083473516942839414
leaf_weight=17620 169 758 400 624 207 427
leaf_count=17620 169 758 400 624 207 427
internal_value=0.00010762 -0.00568533 -0.013961 -0.000454831 0.00816388 -0.0202224
internal_weight=20205 2585 996 1589 831 827
internal_count=20205 2585 996 1589 831 827
is_linear=0
shrinkage=0.05


Tree=30
num_leaves=7
num_cat=0
split_feature=35 55 53 3 13 42
split_gain=54.3571 68.5766 52.0736 54.4134 57.7543 56.4968
threshold=-0.80302551388740528 45029.466796875007 -0.23321451991796491 0.012828816194087269 -0.011195581406354902 0.15252649784088138
decision_type=2 10 8 2 2 2
left_child=1 -1 -2 5 -5 -4
right_child=2 -3 3 4 -6 -7
leaf_value=-0.00084086401389860805 0.00020122411810483427 -7.7990058265955202e-05 -7.9170682036124395e-06 2.7815617206281733e-05 -0.00067585232014514868 0.00095445089159779399
leaf_weight=287 3599 1046 14236 375 435 346
leaf_count=287 3599 1046 14236 375 435 346
internal_value=0.00010699 -0.00980942 0.000617235 -0.000647853 -0.0132209 5.31295e-05
internal_weight=20324 1333 18991 15392 810 14582
internal_count=20324 1333 18991 15392 810 14582
is_linear=0
shrinkage=0.05


Tree=31
num_leaves=7
num_cat=0
split_feature=53 35 43 22 38 40
split_gain=59.2831 49.7461 48.6974 62.5711 43.8563 54.184
threshold=-0.42429409921169275 0.26311510801315313 0.14618669450283053 0.97499999403953563 0.013624060899019243 0.14102806895971301
decision_type=8 2 2 2 2 2
left_child=1 2 3 -1 -2 -6
right_child=4 -3 -4 -5 5 -7
leaf_value=6.7554374497661923e-05 1.5564371333441943e-05 0.0004594839318943835 0.00062422635668010892 -0.0013485202631056082 -0.00010044404810917107 -0.0012190251588553955
leaf_weight=1662 12419 494 446 108 4933 200
leaf_count=1662 12419 494 446 108 4933 200
internal_value=6.29101e-05 0.00691529 0.00368077 -4.22535e-05 -0.00102381 -0.0049095
internal_weight=20262 2710 2216 1770 17552 5133
internal_count=20262 2710 2216 1770 17552 5133
is_linear=0
shrinkage=0.05


Tree=32
num_leaves=7
num_cat=0
split_feature=35 3 35 39 41 40
split_gain=45.8214 70.6008 65.7062 122.295 64.7615 60.3744
threshold=0.43537886440753942 0.0048268164973706016 0.24327427893877032 -0.011549425311386584 0.073091838508844389 0.12096252664923669
decision_type=2 2 2 2 2 2
left_child=2 -2 -1 -4 -3 -6
right_child=1 4 3 -5 5 -7
leaf_value=5.6561323716301711e-06 0.00050739761405096668 -0.00010606042091900813 0.00019321741211415658 -0.00033062878695967355 0.00039030138682585701 -0.00049966071090809311
leaf_weight=14787 206 1096 736 1528 1634 245
leaf_count=14787 206 1096 736 1528 1634 245
internal_value=0.000137125 0.0055634 -0.000968867 -0.00889158 0.00356544 0.00919586
internal_weight=20232 3181 17051 2264 2975 1879
internal_count=20232 3181 17051 2264 2975 1879
is_linear=0
shrinkage=0.05


Tree=33
num_leaves=7
num_cat=0
split_feature=29 35 51 44 51 36
split_gain=40.2781 46.4166 69.1229 66.9375 83.9627 65.0903
threshold=0.072277046740055098 -0.21997004002332685 0.043014949187636382 0.062140231952071197 -0.0059558758512139312 -0.44135315716266627
decision_type=2 2 10 2 8 2
left_child=1 2 3 4 -1 -3
right_child=-2 5 -4 -5 -6 -7
leaf_value=0.00032822648536538226 -0.00023857615937830786 0.00032653766485324555 -0.0005893642978522434 6.1457059413346616e-06 -0.00067789294843287144 4.1410795953315788e-05
leaf_weight=58 972 473 623 5547 242 12403
leaf_count=58 972 473 623 5547 242 12403
internal_value=0.000116863 0.000706682 -0.00274517 -0.00104665 -0.0238525 0.00244352
internal_weight=20318 19346 6470 5847 300 12876
internal_count=20318 19346 6470 5847 300 12876
is_linear=0
shrinkage=0.05


Tree=34
num_leaves=7
num_cat=0
split_feature=35 20 30 46 44 22
split_gain=41.8513 59.3406 41.3967 72.9524 43.3913 69.9259
threshold=-0.80302551388740528 0.12500000372529033 50.545066833496101 0.89412492513656627 0.062140231952071197 0.075000001117587103
decision_type=2 2 2 2 2 2
left_child=1 -1 4 -4 5 -2
right_child=2 -3 3 -5 -6 -7
leaf_value=0.00034222636195576392 6.3539770660079022e-05 -0.00029620835716122801 -0.00018526603768395297 3.0792393489046169e-05 0.00011919107908153165 -0.00045718652730108647
leaf_weight=247 387 1062 2616 6681 8877 374
leaf_count=247 387 1062 2616 6681 8877 374
internal_value=0.000112351 -0.0082382 0.000988648 -0.00138949 0.00328477 -0.00812663
internal_weight=20244 1309 18935 9297 9638 761
internal_count=20244 1309 18935 9297 9638 761
is_linear=0
shrinkage=0.05


Tree=35
num_leaves=7
num_cat=0
split_feature=29 53 18 39 39 3
split_gain=42.8948 53.8288 47.6754 44.6754 43.6601 42.3426
threshold=0.06041564233601094 -0.23321451991796491 0.52500000596046459 0.038028901442885406 0.0059908768162131318 0.012828816194087269
decision_type=2 8 2 2 2 2
left_child=1 2 -1 5 -2 -3
right_child=4 3 -4 -5 -6 -7
leaf_value=6.1323405641443296e-05 -0.00045974123713827647 2.9927676788674989e-05 0.00036996449532837719 -0.00015827056349262806 -3.9312328283034185e-05 -0.00039602280523246913
leaf_weight=2345 590 11846 1238 2617 1053 649
leaf_count=2345 590 11846 1238 2617 1053 649
internal_value=0.000106916 0.000632353 0.00613852 -0.000673083 -0.00778216 0.00057
internal_weight=20338 18695 3583 15112 1643 12495
internal_count=20338 18695 3583 15112 1643 12495
is_linear=0
shrinkage=0.05


Tree=36
num_leaves=7
num_cat=0
split_feature=33 38 46 5 35 55
split_gain=38.7488 42.2497 67.8475 61.8193 90.0464 81.2589
threshold=-0.11652519926428793 0.0040516492445021876 0.89412492513656627 0.32240685820579534 -0.13765846937894818 291351.85937500006
decision_type=2 2 2 2 2 8
left_child=-1 3 -3 4 -2 -6
right_child=1 2 -4 -5 5 -7
leaf_value=6.7064241911126676e-05 -0.00011034426184274402 -0.00028991882186876625 -3.3202416329035135e-05 -0.00014815958747447106 0.00042223046546050591 -2.7172066276254108e-05
leaf_weight=7052 2192 1609 4315 2219 1852 986
leaf_count=7052 2192 1609 4315 2219 1852 986
internal_value=8.27978e-05 -0.00151958 -0.00465087 0.00103736 0.00410626 0.00998065
internal_weight=20225 13173 5924 7249 5030 2838
internal_count=20225 13173 5924 7249 5030 2838
is_linear=0
shrinkage=0.05


Tree=37
num_leaves=7
num_cat=0
split_feature=7 46 13 48 22 47
split_gain=43.1214 46.7387 64.5828 47.7162 90.1165 52.5552
threshold=0.35508698225021368 0.87460336089134227 0.017715054564177993 -0.69658824801444996 0.82500001788139354 0.99349698424339306
decision_type=2 2 2 2 2 2
left_child=-1 2 -2 -3 -5 -6
right_child=1 3 -4 4 5 -7
leaf_value=6.4300341350279739e-05 -6.311124220003989e-05 -0.00018097651839134177 -0.00043154914384456217 9.9951665051458815e-05 -3.7266970742479061e-05 -0.0007180501971020412
leaf_weight=8349 2020 2281 683 5812 689 480
leaf_count=8349 2020 2281 683 5812 689 480
internal_value=0.00013165 -0.00194862 -0.0077271 -0.000256286 0.00179287 -0.010839
internal_weight=20314 11965 2703 9262 6981 1169
internal_count=20314 11965 2703 9262 6981 1169
is_linear=0
shrinkage=0.05


Tree=38
num_leaves=7
num_cat=0
split_feature=35 35 39 3 42 43
split_gain=39.3269 75.9204 85.5711 65.4686 57.6591 49.7254
threshold=0.43537886440753942 0.24327427893877032 -0.0099234771914780123 0.0048268164973706016 0.091559968888759627 0.078091055154800429
decision_type=2 2 2 2 2 2
left_child=1 -1 4 -2 -3 -5
right_child=3 2 -4 5 -6 -7
leaf_value=1.6539822011765857e-05 0.00050763162877325778 0.00033427969982127931 -0.00028097301278292794 -6.2389822281411406e-05 -0.00030453684630874937 0.00028673134694702284
leaf_weight=14838 204 398 1523 1371 369 1661
leaf_count=14838 204 398 1523 1371 369 1661
internal_value=0.000131327 -0.000675597 -0.00913943 0.00533015 0.00443653 0.00344913
internal_weight=20364 17128 2290 3236 767 3032
internal_count=20364 17128 2290 3236 767 3032
is_linear=0
shrinkage=0.05


Tree=39
num_leaves=7
num_cat=0
split_feature=53 17 35 13 44 46
split_gain=47.8564 113.247 58.8891 53.7751 67.8204 67.7423
threshold=0.16581014543771747 0.27500000596046453 -0.81954708695411671 0.024308266118168834 0.066370893269777312 1.1121494770050051
decision_type=10 2 2 2 2 2
left_child=2 -2 -1 4 -4 -5
right_child=1 -3 3 5 -6 -7
leaf_value=-0.00057838005940764154 0.00029682814429945602 -0.00018529834923646188 -9.9727750169298509e-05 -0.00030284335442152979 0.00012355620502564228 0.00028124759529130419
leaf_weight=264 1359 5240 1285 1211 10396 431
leaf_count=264 1359 5240 1285 1211 10396 431
internal_value=0.000107721 -0.00350167 0.00168665 0.00215524 0.00334802 -0.00629933
internal_weight=20186 6599 13587 13323 11681 1642
internal_count=20186 6599 13587 13323 11681 1642
is_linear=0
shrinkage=0.05


Tree=40
num_leaves=7
num_cat=0
split_feature=53 31 55 5 36 43
split_gain=41.9578 40.8395 40.864 51.1635 54.0437 68.1392
threshold=0.82072654366493236 63.048265457153327 233105.24218750003 -0.41276437044143671 -0.31173074245452875 0.0712161920964718
decision_type=10 2 10 2 2 2
left_child=1 2 -1 -4 -5 -6
right_child=-2 -3 3 4 5 -7
leaf_value=4.3940963324361967e-05 -0.00029537531913405903 -0.00023190000245583734 0.00020900053082790888 -0.00063063583736334928 -0.00031755179370996685 8.3067676216219124e-05
leaf_weight=15864 1065 837 600 396 482 1093
leaf_count=15864 1065 837 600 396 482 1093
internal_value=0.000121669 0.000522644 0.00101546 -0.00482337 -0.00871711 -0.00450949
internal_weight=20337 19272 18435 2571 1971 1575
internal_count=20337 19272 18435 2571 1971 1575
is_linear=0
shrinkage=0.05


Tree=41
num_leaves=7
num_cat=0
split_feature=53 17 42 36 50 35
split_gain=45.6477 87.695 60.3737 62.3585 57.2264 94.8334
threshold=0.067940145730972304 0.27500000596046453 0.071318671107292189 -0.4133241325616836 -0.94109314680099476 -0.52269741892814625
decision_type=10 2 2 2 2 2
left_child=4 -2 3 -3 5 -1
right_child=1 2 -4 -5 -6 -7
leaf_value=-0.00048856959312008105 0.00020521081003435166 0.00035784360986663115 -0.00020770743149211738 -5.8181128496152254e-05 8.8231344794826157e-05 1.6782858475536253e-05
leaf_weight=548 1720 369 5636 687 9112 2160
leaf_count=548 1720 369 5636 687 9112 2160
internal_value=0.000122301 -0.00252762 -0.00511796 0.00581998 0.00228964 -0.0040822
internal_weight=20232 8412 6692 1056 11820 2708
internal_count=20232 8412 6692 1056 11820 2708
is_linear=0
shrinkage=0.05


Tree=42
num_leaves=7
num_cat=0
split_feature=55 55 20 47 38 52
split_gain=35.5381 53.4603 113.257 61.5853 59.7974 79.5491
threshold=233105.24218750003 56519.847656250007 0.77500000596046459 1.0416624546051028 0.0040516492445021876 -6.7304397816769765e-05
decision_type=10 10 2 2 2 8
left_child=1 -1 4 -4 -3 -6
right_child=-2 2 3 -5 5 -7
leaf_value=-1.4303801803544105e-05 -0.00011078004272851252 0.00039170198690358321 -0.00026972648002196079 0.00029013756906970753 0.00086357606225878072 -2.1533412054898698e-05
leaf_weight=12910 2700 1857 1267 194 169 1225
leaf_count=12910 2700 1857 1267 194 169 1225
internal_value=0.000141437 0.00109917 0.00565508 -0.00588336 0.0108492 0.00298427
internal_weight=20322 17622 4712 1461 3251 1394
internal_count=20322 17622 4712 1461 3251 1394
is_linear=0
shrinkage=0.05


Tree=43
num_leaves=7
num_cat=0
split_feature=24 21 48 55 24 22
split_gain=41.0621 55.1665 41.6809 56.4176 81.8401 60.1556
threshold=0.10568368062376977 0.42499999701976782 -0.24936728179454801 116273.35156250001 0.016614705324172977 0.82500001788139354
decision_type=2 2 2 10 2 2
left_child=2 -2 -1 5 -5 -4
right_child=1 -3 3 4 -6 -7
leaf_value=-4.0738375705869399e-05 0.00016978118590366139 -0.00051924226336138603 0.00018083287547102924 0.00022414049345312366 -0.00027238975651294712 -0.00013918008988033078
leaf_weight=9974 158 473 5902 946 1381 1345
leaf_count=9974 158 473 5902 946 1381 1345
internal_value=0.000201893 -0.0124607 0.00044878 0.00280562 -0.00395583 0.00498138
internal_weight=20179 631 19548 9574 2327 7247
internal_count=20179 631 19548 9574 2327 7247
is_linear=0
shrinkage=0.05


Tree=44
num_leaves=7
num_cat=0
split_feature=35 55 51 55 53 44
split_gain=40.9112 54.5491 48.4153 63.8638 36.6889 61.3402
threshold=-0.80302551388740528 45029.466796875007 -0.013482718728482722 233105.24218750003 -0.21031608432531354 0.062140231952071197
decision_type=2 10 8 8 10 2
left_child=1 -1 -3 -4 5 -2
right_child=4 2 3 -5 -6 -7
leaf_value=-0.0007523966552017195 -0.00011953064756720475 -0.00032185933742521583 0.00041975399058959053 -0.00028491102178995531 -3.5443287368517673e-05 0.00010626080768753452
leaf_weight=280 711 449 369 213 11140 7055
leaf_count=280 711 449 369 213 11140 7055
internal_value=8.77757e-05 -0.00860562 -0.00320946 0.00626065 0.000511607 0.00314953
internal_weight=20217 1311 1031 582 18906 7766
internal_count=20217 1311 1031 582 18906 7766
is_linear=0
shrinkage=0.05


Tree=45
num_leaves=7
num_cat=0
split_feature=4 3 42 46 0 10
split_gain=33.7674 43.4288 69.184 57.4062 52.0833 51.1548
threshold=-0.25458319485187525 0.012828816194087269 0.12886740267276767 0.86030197143554699 -0.046056875959038727 -0.1313105300068855
decision_type=2 2 2 2 2 2
left_child=-1 2 -2 -4 -5 -3
right_child=1 5 3 4 -6 -7
leaf_value=5.8683346559771441e-05 -4.5518018730540075e-05 -0.00067623987262701495 -0.00025425349915566528 -0.00094552972356467277 0.00079349057535570253 -2.1267709388585578e-05
leaf_weight=7982 10485 451 214 57 637 516
leaf_count=7982 10485 451 214 57 637 516
internal_value=9.70659e-05 -0.00160736 -0.000739165 0.0124589 0.0194206 -0.0117541
internal_weight=20342 12360 11393 908 694 967
internal_count=20342 12360 11393 908 694 967
is_linear=0
shrinkage=0.05


Tree=46
num_leaves=7
num_cat=0
split_feature=33 46 32 22 42 14
split_gain=40.704 45.6881 50.651 64.1465 66.4723 48.2991
threshold=-0.10460624471306799 0.94176447391510021 -0.59969806671142567 0.82500001788139354 0.13243321329355243 0.62500000000000011
decision_type=2 2 2 2 2 2
left_child=-1 -2 -3 4 -4 -5
right_child=1 2 3 5 -6 -7
leaf_value=6.5208904098199222e-05 -0.00012452345997253199 -0.0002822051080976034 7.3406531598728628e-05 0.00015047351586936251 0.00091038197154849837 -0.00040289498386259507
leaf_weight=7407 5445 867 5381 476 349 519
leaf_count=7407 5445 867 5381 476 349 519
internal_value=0.000238398 -0.00152009 0.000983941 0.00245542 0.00449433 -0.009225
internal_weight=20444 13037 7592 6725 5730 995
internal_count=20444 13037 7592 6725 5730 995
is_linear=0
shrinkage=0.05


Tree=47
num_leaves=7
num_cat=0
split_feature=35 55 15 55 33 22
split_gain=34.029 58.6584 49.7871 55.327 36.8414 45.5667
threshold=-0.80302551388740528 56519.847656250007 0.22500000149011615 233105.24218750003 -0.1284959018230438 0.27500000596046453
decision_type=2 10 2 8 2 2
left_child=1 -1 3 -3 5 -2
right_child=4 2 -4 -5 -6 -7
leaf_value=-0.00061149981533278452 -7.4788549256593173e-05 0.00092266307700542222 -0.00021783286256343815 -0.00019296547572655303 -1.9318384004637557e-05 0.00019017050457677612
leaf_weight=353 1616 210 613 123 12916 4480
leaf_count=353 1616 210 613 123 12916 4480
internal_value=0.000185814 -0.00768788 -0.00113039 0.0142751 0.00066125 0.00386412
internal_weight=20311 1299 946 333 19012 6096
internal_count=20311 1299 946 333 19012 6096
is_linear=0
shrinkage=0.05


Tree=48
num_leaves=7
num_cat=0
split_feature=53 52 40 48 32 46
split_gain=33.2663 37.4325 34.2266 33.5473 66.8291 70.9918
threshold=0.38715016841888433 -0.0067804644349962464 0.12975695729255679 -0.12946787476539609 0.39434839785099035 1.1244097948074343
decision_type=10 8 2 2 2 2
left_child=3 -2 -3 -1 -5 -6
right_child=1 2 -4 4 5 -7
leaf_value=-2.1832697996541463e-05 -0.00043453698416013356 -1.8879945923707669e-05 -0.00055727294693032282 0.00021603507342873429 -9.5612113912656453e-05 0.00031256282134379572
leaf_weight=8783 320 3000 401 3932 3328 610
leaf_count=8783 320 3000 401 3932 3328 610
internal_value=0.000131263 -0.00400564 -0.00244422 0.00122013 0.00359048 -0.00100812
internal_weight=20374 3721 3401 16653 7870 3938
internal_count=20374 3721 3401 16653 7870 3938
is_linear=0
shrinkage=0.05


Tree=49
num_leaves=7
num_cat=0
split_feature=35 51 20 39 43 55
split_gain=41.171 54.3012 54.2601 74.0509 89.5656 60.8969
threshold=-0.21997004002332685 0.043014949187636382 0.77500000596046459 0.043088210746645934 0.15571445226669314 291351.85937500006
decision_type=2 10 2 2 2 8
left_child=1 -1 3 5 -5 -2
right_child=2 -3 -4 4 -6 -7
leaf_value=-4.1140163487652035e-05 0.00023930265696708441 -0.0005030813945020254 -8.431439022610198e-05 -0.00024594369579420831 0.0010144635916686459 -3.5877621655671301e-06
leaf_weight=6049 5443 622 3730 1552 146 2848
leaf_count=6049 5443 622 3730 1552 146 2848
internal_value=0.000111547 -0.00301453 0.00177244 0.00369472 -0.00579859 0.00564429
internal_weight=20390 6671 13719 9989 1698 8291
internal_count=20390 6671 13719 9989 1698 8291
is_linear=0
shrinkage=0.05


Tree=50
num_leaves=7
num_cat=0
split_feature=35 20 33 24 22 55
split_gain=33.9072 42.8363 40.2909 31.0514 44.0166 50.355
threshold=-0.80302551388740528 0.12500000372529033 0.29617230594158178 0.093925777822732939 0.22500000149011615 20791.000976562504
decision_type=2 2 2 2 2 8
left_child=1 -1 -3 4 5 -2
right_child=3 2 -4 -5 -6 -7
leaf_value=0.00030936442719985249 -0.00038144138408680608 -0.00032238586879285614 0.00034552539226466905 -0.00020048567818342972 5.8474188301094751e-05 -1.2165280408539537e-05
leaf_weight=245 736 901 154 901 14057 3188
leaf_count=245 736 901 154 901 14057 3188
internal_value=0.000102789 -0.00772031 -0.0120991 0.000612855 0.00106889 -0.00360779
internal_weight=20182 1300 1055 18882 17981 3924
internal_count=20182 1300 1055 18882 17981 3924
is_linear=0
shrinkage=0.05


Tree=51
num_leaves=7
num_cat=0
split_feature=35 26 51 52 7 29
split_gain=30.795 45.1441 55.2436 42.2525 49.5069 36.3069
threshold=-0.80302551388740528 -0.078594490885734544 -0.013482718728482722 1.2281309409445386e-05 0.1871401593089104 -0.038888553157448762
decision_type=2 2 10 8 2 2
left_child=1 -1 5 -4 -5 -3
right_child=-2 2 3 4 -6 -7
leaf_value=-0.00056977375860334852 1.0932511421997805e-05 0.00019147365579621708 0.00099674532437048842 0.00035819132253088904 -0.00027989419663480028 -0.00044848153306340443
leaf_weight=222 19018 132 214 97 217 470
leaf_count=222 19018 132 214 97 217 470
internal_value=0.0002 -0.00727708 -0.00314978 0.00858349 -0.00305643 -0.0134679
internal_weight=20370 1352 1130 528 314 602
internal_count=20370 1352 1130 528 314 602
is_linear=0
shrinkage=0.05


Tree=52
num_leaves=7
num_cat=0
split_feature=0 53 46 39 25 58
split_gain=28.6218 77.8175 87.5881 76.9706 63.5408 53.8685
threshold=-0.009211310185492037 -1.7379080653190611 1.1927195191383364 0.043088210746645934 -0.061568873003125184 4.8962860091705813e-05
decision_type=2 10 2 2 2 10
left_child=1 2 -1 5 -5 -2
right_child=3 -3 -4 4 -6 -7
leaf_value=6.8629559198152854e-05 3.365085981674631e-05 -0.00013983645873896921 0.0014295199044898823 0.00088326251370367389 -0.00022538510756098135 0.00025332915537892284
leaf_weight=1465 8287 5884 225 81 2132 2241
leaf_count=1465 8287 5884 225 81 2132 2241
internal_value=0.000141486 -0.00237168 0.0070649 0.00150832 -0.00695446 0.00329203
internal_weight=20315 7574 1690 12741 2213 10528
internal_count=20315 7574 1690 12741 2213 10528
is_linear=0
shrinkage=0.05


Tree=53
num_leaves=7
num_cat=0
split_feature=53 47 8 46 33 35
split_gain=34.8381 45.4426 36.9398 39.885 36.8324 50.6372
threshold=0.48208206892013555 0.73488941788673412 0.80959150195121776 0.92496767640113842 -0.1284959018230438 0.31095501780509954
decision_type=10 2 2 2 2 2
left_child=-1 -2 4 -4 5 -3
right_child=1 2 3 -5 -6 -7
leaf_value=1.5633589039695829e-05 0.0011870117821355395 0.00011424549157625503 -0.00043359906828539536 0.00046681895694434687 -0.00041732987621711864 -0.0009913834751135739
leaf_weight=17888 87 567 140 473 965 100
leaf_count=17888 87 567 140 473 965 100
internal_value=5.80964e-05 -0.00589431 -0.0073 0.00311489 -0.0112248 -0.00212054
internal_weight=20220 2332 2245 613 1632 667
internal_count=20220 2332 2245 613 1632 667
is_linear=0
shrinkage=0.05


Tree=54
num_leaves=7
num_cat=0
split_feature=24 42 30 21 24 47
split_gain=33.3622 50.0159 29.7505 44.5854 40.1014 50.5702
threshold=0.10568368062376977 0.098701111972332015 44.539436340332038 0.57500001788139354 -0.055067593231797211 0.83107507228851329
decision_type=2 2 2 2 2 2
left_child=2 -2 3 -1 5 -4
right_child=1 -3 4 -5 -6 -7
leaf_value=-1.3239531553587396e-05 9.5330487866373301e-05 -0.00057270635553769713 0.00042739655133366549 0.00020961354509146151 -2.9579856629616155e-07 -0.00029780620591832218
leaf_weight=4131 256 376 162 3587 10198 1531
leaf_count=4131 256 376 162 3587 10198 1531
internal_value=0.000171639 -0.0112637 0.000363261 0.00278066 -0.00120419 -0.00831861
internal_weight=20241 632 19609 7718 11891 1693
internal_count=20241 632 19609 7718 11891 1693
is_linear=0
shrinkage=0.05


Tree=55
num_leaves=7
num_cat=0
split_feature=53 41 27 25 0 39
split_gain=37.9954 41.8054 68.0087 44.7939 28.8873 68.8613
threshold=0.82072654366493236 0.11458520963788034 0.014856010209769012 -0.011613765731453894 -0.010635273065418003 0.043088210746645934
decision_type=10 2 2 2 2 2
left_child=4 2 3 -2 -1 -6
right_child=1 -3 -4 -5 5 -7
leaf_value=-6.001698756360487e-05 5.6614504898917167e-05 -0.00077126172578919564 0.00043359725577172696 -0.00070557173218714078 8.3780699302812937e-05 -0.00016366650790733736
leaf_weight=6709 159 267 346 274 10296 2143
leaf_count=6709 159 267 346 274 10296 2143
internal_value=0.000142334 -0.00930067 -0.00334821 -0.0164954 0.000463374 0.00189047
internal_weight=20194 1046 779 433 19148 12439
internal_count=20194 1046 779 433 19148 12439
is_linear=0
shrinkage=0.05


Tree=56
num_leaves=7
num_cat=0
split_feature=35 3 35 41 47 2
split_gain=28.5687 60.2771 54.5137 73.2068 60.1455 46.2113
threshold=0.43537886440753942 0.0048268164973706016 0.24327427893877032 0.10162393748760225 0.881798416376114 0.0048836045898497113
decision_type=2 2 2 2 2 2
left_child=2 -2 -1 4 -4 -3
right_child=1 5 3 -5 -6 -7
leaf_value=7.7258884979729233e-06 0.00040713179100887437 -0.00031417586264621513 -0.00017705037664598769 -0.00071110522762821192 0.00013671090150779906 7.8751443761557996e-05
leaf_weight=14766 194 74 761 575 929 2956
leaf_count=14766 194 74 761 575 929 2956
internal_value=0.000132034 0.00435893 -0.000770427 -0.00798458 -0.00269912 0.00259473
internal_weight=20255 3224 17031 2265 1690 3030
internal_count=20255 3224 17031 2265 1690 3030
is_linear=0
shrinkage=0.05


Tree=57
num_leaves=7
num_cat=0
split_feature=53 43 22 3 55 53
split_gain=33.3757 37.5048 57.6999 51.8577 44.5277 33.7778
threshold=-0.42429409921169275 0.15571445226669314 0.82500001788139354 0.0087365489453077334 21.721632003784183 -0.63215312361717213
decision_type=8 2 2 2 8 10
left_child=1 2 4 -4 -1 -5
right_child=-2 -3 3 5 -6 -7
leaf_value=-0.0001859834610041873 -1.6965869599141669e-05 0.00072534432273885913 0.00088369728305290069 -0.00024494688808695051 0.00032668492122705394 -0.00088082074738584726
leaf_weight=357 17524 358 52 293 1380 227
leaf_count=357 17524 358 52 293 1380 227
internal_value=0.000216627 0.00536115 0.00299265 -0.0107019 0.00753444 -0.0155714
internal_weight=20191 2667 2309 572 1737 520
internal_count=20191 2667 2309 572 1737 520
is_linear=0
shrinkage=0.05


Tree=58
num_leaves=7
num_cat=0
split_feature=44 17 32 48 53 46
split_gain=32.3171 51.8782 45.5809 57.539 62.9608 54.4427
threshold=0.062140231952071197 0.27500000596046453 0.65573155879974376 -0.24936728179454801 0.12553188204765323 0.9364466965198518
decision_type=2 2 2 2 10 2
left_child=1 -1 3 -2 -5 -4
right_child=2 -3 5 4 -6 -7
leaf_value=-0.00046760673135492239 -2.0917904533917284e-05 -1.8260867208124296e-05 -0.00026925963701257462 0.00021242300796420546 -5.4080177689124411e-05 4.596783481391554e-06
leaf_weight=313 8879 1005 1127 4796 2360 1877
leaf_count=313 8879 1005 1127 4796 2360 1877
internal_value=0.000146105 -0.00731293 0.000767958 0.00182824 0.00516339 -0.00487704
internal_weight=20357 1318 19039 16035 7156 3004
internal_count=20357 1318 19039 16035 7156 3004
is_linear=0
shrinkage=0.05


Tree=59
num_leaves=7
num_cat=0
split_feature=53 38 50 55 36 55
split_gain=29.6393 41.125 81.5109 45.0762 72.6461 59.5138
threshold=-0.42429409921169275 0.016305989585816864 1.1777738332748415 56519.847656250007 -0.60830101370811451 233105.24218750003
decision_type=8 2 2 8 2 8
left_child=-1 3 -3 4 -2 -5
right_child=1 2 -4 5 -6 -7
leaf_value=0.00015014093789007403 -0.00044307862344830331 -0.00020387123785217283 0.00026065270601955288 0.00019136638464405456 -3.892953478875025e-05 -1.7032180875084769e-05
leaf_weight=2646 489 3508 790 3435 4512 4871
leaf_count=2646 489 3508 790 3435 4512 4871
internal_value=0.000196238 -0.00092703 -0.00517662 0.000445087 -0.00330104 0.00270425
internal_weight=20251 17605 4298 13307 5001 8306
internal_count=20251 17605 4298 13307 5001 8306
is_linear=0
shrinkage=0.05


Tree=60
num_leaves=7
num_cat=0
split_feature=53 43 29 29 55 38
split_gain=32.4893 39.2822 48.1563 47.9156 37.7114 31.5457
threshold=-0.42429409921169275 0.15571445226669314 -0.067926146090030656 0.013104978483170273 8480.2812500000018 0.013624060899019243
decision_type=8 2 2 2 8 2
left_child=1 2 -1 4 -4 -2
right_child=5 -3 3 -5 -6 -7
leaf_value=-0.00050286476159598138 1.2362191429131223e-05 0.00069212648454871359 1.5637841666316923e-05 -0.00016432423176492911 0.00054337475043566251 -0.00010009325242963849
leaf_weight=337 12484 377 513 688 787 5185
leaf_count=337 12484 377 513 688 787 5185
internal_value=0.000141097 0.00508866 0.00262876 0.00560712 0.0112452 -0.000793539
internal_weight=20371 2702 2325 1988 1300 17669
internal_count=20371 2702 2325 1988 1300 17669
is_linear=0
shrinkage=0.05


Tree=61
num_leaves=7
num_cat=0
split_feature=33 46 47 53 10 53
split_gain=35.2139 35.7803 46.3933 47.7557 44.6447 60.5415
threshold=-0.093279037624597536 0.97016656398773204 0.81588503718376171 0.32342100143432623 0.029803767800331119 0.40311254560947424
decision_type=2 2 2 10 2 8
left_child=-1 -2 3 -3 5 -4
right_child=1 2 4 -5 -6 -7
leaf_value=5.6767630629399335e-05 -0.00010065573129183562 0.00013059800679187983 3.1543601163252272e-06 0.00093831063709197806 0.00013289118441178128 -0.00031248301165204371
leaf_weight=7681 6247 1143 2085 164 1845 1091
leaf_count=7681 6247 1143 2085 164 1845 1091
internal_value=0.00011722 -0.0017031 0.000943471 0.00931784 -0.00123856 -0.00483339
internal_weight=20256 12575 6328 1307 5021 3176
internal_count=20256 12575 6328 1307 5021 3176
is_linear=0
shrinkage=0.05


Tree=62
num_leaves=7
num_cat=0
split_feature=0 53 53 46 27 39
split_gain=39.1865 75.2482 55.265 54.5311 58.6091 49.4444
threshold=-0.012000879272818564 1.2329520583152773 1.2329520583152773 1.1121494770050051 0.045295994728803642 0.043088210746645934
decision_type=2 10 8 2 2 2
left_child=2 5 -1 4 -4 -2
right_child=1 -3 3 -5 -6 -7
leaf_value=-0.00014009546820723895 7.9109617101650993e-05 -0.00055927716009588539 0.00012537406993008921 0.00047704892864400077 -0.00060860021659151138 -0.00011817990868951061
leaf_weight=5267 10941 259 920 466 221 2215
leaf_count=5267 10941 259 920 466 221 2215
internal_value=0.000146595 0.00170827 -0.00293284 0.00516439 -0.000719895 0.00223957
internal_weight=20289 13415 6874 1607 1141 13156
internal_count=20289 13415 6874 1607 1141 13156
is_linear=0
shrinkage=0.05


Tree=63
num_leaves=7
num_cat=0
split_feature=0 44 53 53 46 26
split_gain=29.8477 64.7839 55.2111 51.1166 75.8934 50.279
threshold=-0.010635273065418003 0.064790092408657088 1.2329520583152773 -1.7379080653190611 1.1927195191383364 0.022320763207972053
decision_type=2 2 10 10 2 2
left_child=3 -2 -3 4 5 -1
right_child=1 2 -4 -5 -6 -7
leaf_value=0.00040870118997531974 -0.00013128906813163275 7.2725949520526908e-05 -0.00053339669688847737 -0.00012416892464341933 0.0014537408639927487 -9.7936916657874896e-05
leaf_weight=337 1268 11514 232 5667 219 992
leaf_count=337 1268 11514 232 5667 219 992
internal_value=8.77236e-05 0.00130386 0.00246575 -0.00270429 0.0053284 0.000768366
internal_weight=20229 13014 11746 7215 1548 1329
internal_count=20229 13014 11746 7215 1548 1329
is_linear=0
shrinkage=0.05


Tree=64
num_leaves=7
num_cat=0
split_feature=33 55 44 24 22 46
split_gain=25.3198 42.3095 51.2886 43.5012 49.4279 38.4504
threshold=-0.093279037624597536 56519.847656250007 0.11521767452359201 0.03611740097403527 0.27500000596046453 1.4191645979881289
decision_type=2 8 2 2 2 2
left_child=1 5 3 4 -3 -1
right_child=-2 2 -4 -5 -6 -7
leaf_value=-8.7088312479350599e-05 -3.3563623179664207e-05 -2.9439164092144302e-05 0.00066479895950279197 -0.0002006412082318311 0.00022366028635250262 0.00073668943058515814
leaf_weight=3307 12532 1221 668 449 1820 194
leaf_count=3307 12532 1221 668 449 1820 194
internal_value=7.79857e-05 0.00218228 0.00559092 0.0031402 0.00529383 -0.0018611
internal_weight=20191 7659 4158 3490 3041 3501
internal_count=20191 7659 4158 3490 3041 3501
is_linear=0
shrinkage=0.05


Tree=65
num_leaves=7
num_cat=0
split_feature=0 39 39 0 11 44
split_gain=29.0878 52.4254 49.7489 58.2954 58.2622 42.132
threshold=-0.010635273065418003 0.059389751404523856 0.043088210746645934 0.0087773269042372721 -0.0084274923428893072 0.13113622367382052
decision_type=2 2 2 2 2 2
left_child=1 -1 5 -4 -5 -2
right_child=2 -3 3 4 -6 -7
leaf_value=-9.0848873515019359e-05 3.6836864587182153e-05 0.0004527519287230197 0.00010730230908397353 0.00010533733810489586 -0.00041452995005214466 0.00036895599840890088
leaf_weight=6760 9232 496 757 469 1010 1524
leaf_count=6760 9232 496 757 469 1010 1524
internal_value=0.000127142 -0.00247555 0.00147534 -0.00529897 -0.0110681 0.00288774
internal_weight=20248 7256 12992 2236 1479 10756
internal_count=20248 7256 12992 2236 1479 10756
is_linear=0
shrinkage=0.05


Tree=66
num_leaves=7
num_cat=0
split_feature=35 36 51 48 44 53
split_gain=29.837 52.4595 46.3465 46.5451 63.6241 60.2347
threshold=-0.21997004002332685 -0.47664776444435114 0.043014949187636382 0.1443414390087128 0.062140231952071197 0.40311254560947424
decision_type=2 2 10 2 2 10
left_child=2 -2 3 4 -1 -5
right_child=1 -3 -4 5 -6 -7
leaf_value=-0.0004970456885698383 0.00029036664922907216 2.1796947211442412e-05 -0.00045160940960675884 0.00017576597679413598 -7.493692743959065e-05 -0.00026546202761945826
leaf_weight=259 342 13432 631 2007 3279 380
leaf_count=259 342 13432 631 2007 3279 380
internal_value=7.2535e-05 0.0014787 -0.00261774 -0.00123524 -0.00487581 0.00414925
internal_weight=20330 13774 6556 5925 3538 2387
internal_count=20330 13774 6556 5925 3538 2387
is_linear=0
shrinkage=0.05


Tree=67
num_leaves=7
num_cat=0
split_feature=35 26 26 18 22 11
split_gain=24.855 47.2753 50.2673 47.9299 39.2527 28.9239
threshold=-0.80302551388740528 0.050927832722663886 -0.071385696530342088 0.17500000447034839 0.47499999403953558 0.016372180543839935
decision_type=2 2 2 2 2 2
left_child=1 2 -1 -4 -5 -6
right_child=-2 -3 3 4 5 -7
leaf_value=-0.00044784766112987103 1.1343881016982953e-05 -0.00065880656949284823 0.00045515517066299144 0.00073536434963511553 -0.00018725783815130007 0.00051548248526228624
leaf_weight=262 19030 220 264 76 461 59
leaf_count=262 19030 220 264 76 461 59
internal_value=0.000116553 -0.00651448 -0.00228483 0.00355491 -0.00428453 -0.00928571
internal_weight=20372 1342 1122 860 596 520
internal_count=20372 1342 1122 860 596 520
is_linear=0
shrinkage=0.05


Tree=68
num_leaves=7
num_cat=0
split_feature=7 29 44 2 31 47
split_gain=29.7914 50.3634 41.6121 40.9104 38.4984 45.4448
threshold=0.35508698225021368 -0.056458216160535805 0.14466013014316562 0.0089780520647764223 48.250936508178718 0.67113992571830761
decision_type=2 2 2 2 2 2
left_child=2 -2 4 -4 5 -1
right_child=1 -3 3 -5 -6 -7
leaf_value=0.00025760440088682757 -0.00052988753379710606 -2.2677430528727469e-05 -0.0011957054826111744 0.00068570166820284672 -7.0076510497118371e-05 6.2902444439007137e-05
leaf_weight=188 573 11427 59 483 3099 4520
leaf_count=188 573 11427 59 483 3099 4520
internal_value=0.000151076 -0.00173053 0.00215765 0.0154936 0.00121928 0.00406853
internal_weight=20349 12000 8349 542 7807 4708
internal_count=20349 12000 8349 542 7807 4708
is_linear=0
shrinkage=0.05


Tree=69
num_leaves=7
num_cat=0
split_feature=42 41 44 44 22 41
split_gain=24.4092 79.2103 78.873 74.9188 52.5619 60.183
threshold=0.070361319929361357 0.067690569907426848 0.095630675554275527 0.066370893269777312 0.075000001117587103 0.050547599792480476
decision_type=2 2 2 2 2 2
left_child=3 2 -2 4 5 -1
right_child=1 -3 -4 -5 -6 -7
leaf_value=-2.1513536810062671e-05 -0.00029134690982524574 1.0374316152423898e-05 0.00013595018826543612 0.00022080360056005185 -0.00019666090684374366 0.00030105880345929805
leaf_weight=523 1135 14928 321 2079 1115 225
leaf_count=523 1135 14928 321 2079 1115 225
internal_value=8.23865e-05 -0.000712368 -0.0118241 0.00366734 -0.00360011 0.00660691
internal_weight=20326 16384 1456 3942 1863 748
internal_count=20326 16384 1456 3942 1863 748
is_linear=0
shrinkage=0.05


Tree=70
num_leaves=7
num_cat=0
split_feature=55 55 20 35 20 35
split_gain=25.3003 43.8373 108.627 57.2061 51.8394 50.9062
threshold=233105.24218750003 56519.847656250007 0.77500000596046459 -0.12151798233389853 0.87500000000000011 -0.81954708695411671
decision_type=10 10 2 2 2 2
left_child=1 5 -3 -4 -5 -1
right_child=-2 2 3 4 -6 -7
leaf_value=-0.00056860337745758092 -0.00010541832131616457 0.00022432890471472142 0.0001028788289562665 -1.8960783952853671e-05 -0.00046719317486107145 -1.1210006124970263e-05
leaf_weight=213 2698 3199 691 386 449 12721
leaf_count=213 2698 3199 691 386 449 12721
internal_value=7.735e-05 0.000578861 0.00469873 -0.00625408 -0.0150298 -0.000925497
internal_weight=20357 17659 4725 1526 835 12934
internal_count=20357 17659 4725 1526 835 12934
is_linear=0
shrinkage=0.05


Tree=71
num_leaves=7
num_cat=0
split_feature=6 48 36 47 51 39
split_gain=25.2222 53.2937 43.6363 41.3129 41.4545 38.3125
threshold=0.14759038388729098 -0.59103405475616444 -0.64756956696510304 0.68824356794357311 0.020484294742345813 -0.011549425311386584
decision_type=2 2 2 2 10 2
left_child=3 2 -2 -1 5 -5
right_child=1 -3 -4 4 -6 -7
leaf_value=0.00020203074003515586 -0.00032603431854655274 2.7267847521283105e-05 -7.3137483815249285e-05 -0.00031341224636326367 0.00035001527720952206 6.1553060318720001e-05
leaf_weight=145 581 11617 4165 626 678 2495
leaf_count=145 581 11617 4165 626 678 2495
internal_value=0.000146465 -0.000710227 -0.0051726 0.00374145 0.00271425 0.000263916
internal_weight=20307 16363 4746 3944 3799 3121
internal_count=20307 16363 4746 3944 3799 3121
is_linear=0
shrinkage=0.05


Tree=72
num_leaves=7
num_cat=0
split_feature=35 12 39 48 44 9
split_gain=30.5436 52.1089 48.9884 50.0848 63.1431 57.6621
threshold=-0.21997004002332685 0.01105716545134783 -0.049111248925328248 0.1443414390087128 0.062140231952071197 -0.055461905896663659
decision_type=2 2 2 2 2 2
left_child=2 -2 -1 4 5 -4
right_child=1 -3 3 -5 -6 -7
leaf_value=-0.00056375066370573644 9.550057368722578e-05 -4.4747644929576198e-05 0.00018820950728815197 9.9976714535553616e-05 -8.513727964119843e-05 -0.00063564041383218708
leaf_weight=252 7197 6505 79 2501 3610 198
leaf_count=252 7197 6505 79 2501 3610 198
internal_value=0.00019536 0.00151565 -0.00261475 -0.00174801 -0.00529933 -0.0281028
internal_weight=20342 13702 6640 6388 3887 277
internal_count=20342 13702 6640 6388 3887 277
is_linear=0
shrinkage=0.05


Tree=73
num_leaves=7
num_cat=0
split_feature=35 38 0 39 42 54
split_gain=27.5056 49.8294 96.0896 47.3765 47.0868 44.3383
threshold=-0.21997004002332685 1.0000000180025095e-35 -0.0050537921488285056 -0.049111248925328248 0.051784886047244079 -0.064738836139440523
decision_type=2 2 2 2 2 10
left_child=3 2 -2 -1 -5 -4
right_child=1 -3 5 4 -6 -7
leaf_value=-0.00053116338200147177 -5.8034700512259609e-05 -2.4836911274903973e-05 5.7606128408755482e-05 -0.0003951906523765257 -2.6517978092421939e-05 0.00036265839541468778
leaf_weight=260 2644 7617 1421 130 6178 1948
leaf_count=260 2644 7617 1421 130 6178 1948
internal_value=0.000107657 0.00135497 0.00475656 -0.00258253 -0.0017068 0.0103512
internal_weight=20198 13630 6013 6568 6308 3369
internal_count=20198 13630 6013 6568 6308 3369
is_linear=0
shrinkage=0.05


Tree=74
num_leaves=7
num_cat=0
split_feature=44 35 53 9 35 10
split_gain=23.4628 59.3544 64.1867 52.025 45.7877 54.5657
threshold=0.062140231952071197 -0.39947687089443201 0.14034834504127505 -0.055461905896663659 -0.06845789402723311 -0.028511762619018551
decision_type=2 2 8 2 2 2
left_child=1 3 -3 -1 -4 -6
right_child=-2 2 4 -5 5 -7
leaf_value=0.00011767830119086605 1.2516303665104069e-05 -0.00083050669687481063 0.00027498887392309962 -0.00054601478769685506 -0.00045347782274617813 1.8711569380519208e-05
leaf_weight=81 18910 68 170 191 104 719
leaf_count=81 18910 68 170 191 104 719
internal_value=0.000112357 -0.00637145 -0.000961538 -0.0269856 0.00232966 -0.00256643
internal_weight=20243 1333 1061 272 993 823
internal_count=20243 1333 1061 272 993 823
is_linear=0
shrinkage=0.05


Tree=75
num_leaves=7
num_cat=0
split_feature=44 42 41 40 26 35
split_gain=27.6924 73.9389 74.5315 64.775 59.0764 55.4784
threshold=0.062140231952071197 0.069144319742918028 0.067690569907426848 0.040492199361324317 -0.04751951061189174 0.52060821652412426
decision_type=2 2 2 2 2 2
left_child=5 3 4 -2 -3 -1
right_child=1 2 -4 -5 -6 -7
leaf_value=-0.00011993016927272127 0.00048960259404809642 0.00025934423777028431 3.0040185555749643e-06 0.00011246054519467114 -0.00023424730562291078 0.00020581356237970246
leaf_weight=1196 265 161 14998 2086 1428 110
leaf_count=1196 265 161 14998 2086 1428 110
internal_value=0.000122228 0.00020984 -0.000965827 0.00849958 -0.0112453 -0.00730359
internal_weight=20244 18938 16587 2351 1589 1306
internal_count=20244 18938 16587 2351 1589 1306
is_linear=0
shrinkage=0.05


Tree=76
num_leaves=7
num_cat=0
split_feature=0 44 39 26 42 42
split_gain=24.91 52.5242 47.0514 73.6032 53.2181 55.7425
threshold=-0.010635273065418003 0.066370893269777312 0.014838790055364372 -0.086253043264150606 0.067870318889617934 0.10942812263965608
decision_type=2 2 2 2 2 2
left_child=2 -2 3 -1 -4 -6
right_child=1 -3 4 -5 5 -7
leaf_value=-0.000686425525438274 -9.4789102550911248e-05 6.1132619561427102e-05 0.00035547273681290958 -8.6728124373241592e-05 -0.00012364355634967715 0.00036263260963364971
leaf_weight=496 1377 11694 470 3812 1733 758
leaf_count=496 1377 11694 470 3812 1733 758
internal_value=0.000165888 0.00130965 -0.00234053 -0.0056747 0.00250337 -0.000410657
internal_weight=20340 13071 7269 4308 2961 2491
internal_count=20340 13071 7269 4308 2961 2491
is_linear=0
shrinkage=0.05


Tree=77
num_leaves=7
num_cat=0
split_feature=53 40 15 35 9 52
split_gain=22.5255 70.6117 58.3041 46.435 45.1589 62.7498
threshold=-0.23321451991796491 0.12096252664923669 0.32500000298023229 -0.81954708695411671 -0.06367339193820952 -0.00025783729506656522
decision_type=10 2 2 2 2 8
left_child=3 2 -2 -1 5 -4
right_child=1 -3 4 -5 -6 -7
leaf_value=-0.00062662484379617377 0.00016944064851428641 -0.00030911048474233723 -0.00047110830746735944 5.0955121483336305e-05 -6.3793111387509206e-05 0.00064841922297615123
leaf_weight=191 2750 1416 80 7711 7920 289
leaf_count=191 2750 1416 80 7711 7920 289
internal_value=0.000136283 -0.00145465 -0.000101865 0.00195713 -0.00219737 0.0147727
internal_weight=20357 12455 11039 7902 8289 369
internal_count=20357 12455 11039 7902 8289 369
is_linear=0
shrinkage=0.05


Tree=78
num_leaves=7
num_cat=0
split_feature=35 36 48 22 44 18
split_gain=26.5042 66.0097 48.9442 53.5584 52.8673 47.4495
threshold=-0.21997004002332685 -0.47664776444435114 0.1443414390087128 0.92499998211860668 0.062140231952071197 0.17500000447034839
decision_type=2 2 2 2 2 2
left_child=2 -2 4 -4 -1 -6
right_child=1 -3 3 -5 5 -7
leaf_value=-0.00040890980860193085 0.0002830053023718363 1.0881046369043868e-05 0.0001171484291149342 -0.00052752261548409706 0.00011314740287359931 -0.00019009032093869903
leaf_weight=257 352 13217 2359 290 1151 2597
leaf_count=257 352 13217 2359 290 1151 2597
internal_value=0.000147073 0.00112163 -0.00272939 0.00253391 -0.00621571 -0.00468292
internal_weight=20223 13569 6654 2649 4005 3748
internal_count=20223 13569 6654 2649 4005 3748
is_linear=0
shrinkage=0.05


Tree=79
num_leaves=7
num_cat=0
split_feature=0 55 44 46 39 41
split_gain=28.2703 67.9605 56.1777 53.2868 49.8339 61.1705
threshold=-0.0063438827637583009 6.7899572849273691 0.13113622367382052 1.2481155395507815 0.014838790055364372 0.086318574845790877
decision_type=2 10 2 2 2 2
left_child=1 3 -2 -1 5 -3
right_child=2 4 -4 -5 -6 -7
leaf_value=6.8283559271662615e-05 -3.8226606245767186e-07 -4.600589356178208e-05 0.00033797983825447036 0.0015324923041715394 1.1681796422447497e-05 -0.00050688268925099694
leaf_weight=1871 10459 1972 1598 129 2440 1845
leaf_count=1871 10459 1972 1598 129 2440 1845
internal_value=0.000171022 -0.00248427 0.00131197 0.00552369 -0.0050503 -0.0086146
internal_weight=20314 8257 12057 2000 6257 3817
internal_count=20314 8257 12057 2000 6257 3817
is_linear=0
shrinkage=0.05


Tree=80
num_leaves=7
num_cat=0
split_feature=38 47 55 32 48 47
split_gain=27.61 42.3095 25.2565 25.187 75.527 55.5098
threshold=-0.030794963240623471 0.9365309774875642 60972.417968750007 0.42423070967197424 0.1443414390087128 0.79597026109695446
decision_type=2 2 8 2 2 2
left_child=1 2 -1 4 -2 -6
right_child=3 -3 -4 -5 5 -7
leaf_value=-0.00089833933983416022 -1.1196715450348736e-05 4.8231671876786567e-05 -0.00012042712803906364 -6.1113092005631028e-05 0.00049106519382543514 0.00010462778876897254
leaf_weight=169 10677 377 122 5203 873 2847
leaf_count=169 10677 377 122 5203 873 2847
internal_value=0.000102353 -0.00991828 -0.0240709 0.00038128 0.00145987 0.0075906
internal_weight=20268 668 291 19600 14397 3720
internal_count=20268 668 291 19600 14397 3720
is_linear=0
shrinkage=0.05


Tree=81
num_leaves=7
num_cat=0
split_feature=55 55 20 45 38 45
split_gain=22.4608 43.9005 87.9809 49.7751 64.6657 54.3117
threshold=233105.24218750003 56519.847656250007 0.77500000596046459 0.11899301037192346 0.0040516492445021876 0.10653135553002359
decision_type=10 10 2 2 2 2
left_child=1 -1 3 4 5 -3
right_child=-2 2 -4 -5 -6 -7
leaf_value=-2.4975685452350916e-05 -9.3304980790409554e-05 0.00033742338784924176 -0.00011041283672378073 0.00079536776908426194 -2.8998445092957827e-05 -0.00047817769030873106
leaf_weight=12867 2731 1577 1512 243 1216 124
leaf_count=12867 2731 1577 1512 243 1216 124
internal_value=9.24784e-05 0.000292123 0.00444195 0.00918641 0.00733231 0.0136137
internal_weight=20270 17539 4672 3160 2917 1701
internal_count=20270 17539 4672 3160 2917 1701
is_linear=0
shrinkage=0.05


Tree=82
num_leaves=7
num_cat=0
split_feature=48 21 31 43 44 32
split_gain=27.3536 49.0842 58.6703 48.5104 45.0774 42.7667
threshold=-0.24936728179454801 0.72499999403953563 43.646541595458991 0.10151643678545953 0.1349701061844826 0.82073041796684276
decision_type=2 2 2 2 2 2
left_child=4 2 -2 -4 -1 -3
right_child=1 5 3 -5 -6 -7
leaf_value=-5.8258139185218591e-05 0.00048524219129358816 -2.453010980098629e-05 1.8334932425818445e-05 0.00036194029071365811 0.00035204593865805129 -0.00041170253416600527
leaf_weight=9222 397 2650 5635 1178 783 426
leaf_count=9222 397 2650 5635 1178 783 426
internal_value=9.73098e-05 0.00162035 0.00387734 0.00277574 -0.00205045 -0.00365953
internal_weight=20291 10286 7210 6813 10005 3076
internal_count=20291 10286 7210 6813 10005 3076
is_linear=0
shrinkage=0.05


Tree=83
num_leaves=7
num_cat=0
split_feature=30 3 10 53 6 42
split_gain=25.5893 54.2791 42.9628 45.0461 51.6516 42.7073
threshold=50.545066833496101 0.012828816194087269 -0.1313105300068855 -0.46085460484027857 0.56913641095161449 0.11213172599673273
decision_type=2 2 2 10 2 2
left_child=-1 5 -3 -4 -5 -2
right_child=1 2 3 4 -6 -7
leaf_value=3.0021078248525463e-05 -5.4026936563358999e-05 -0.00074939344422694115 0.00065627160035139321 0.00010265621632224957 -0.00085844227751612234 0.00018993743626655619
leaf_weight=10499 7446 358 98 177 122 1625
leaf_count=10499 7446 358 98 177 122 1625
internal_value=4.30398e-05 -0.00219459 -0.0150329 -0.00354478 -0.0132401 -0.00111558
internal_weight=20325 9826 755 397 299 9071
internal_count=20325 9826 755 397 299 9071
is_linear=0
shrinkage=0.05


Tree=84
num_leaves=7
num_cat=0
split_feature=44 42 54 38 39 41
split_gain=26.9761 73.6579 56.8414 51.3529 49.6918 49.6148
threshold=0.066370893269777312 0.066286124289035811 0.0068860934115946302 0.027723457664251331 -0.028137605637311932 0.07031624019145967
decision_type=2 2 10 2 2 2
left_child=4 2 3 -2 -1 -3
right_child=1 5 -4 -5 -6 -7
leaf_value=0.00032205137430074481 0.00046194427563274709 -0.00010006520681543938 -0.00020706921331861035 -0.00044449478881782457 -9.6433376307777626e-05 2.334045509263783e-05
leaf_weight=138 817 2571 203 109 1849 14644
leaf_count=138 817 2571 203 109 1849 14644
internal_value=0.000165962 0.000641724 0.012985 0.0182331 -0.00548444 -0.000169861
internal_weight=20331 18344 1129 926 1987 17215
internal_count=20331 18344 1129 926 1987 17215
is_linear=0
shrinkage=0.05


Tree=85
num_leaves=7
num_cat=0
split_feature=53 17 44 3 42 36
split_gain=24.6362 61.7725 53.4461 53.7853 49.3638 66.3749
threshold=0.067940145730972304 0.27500000596046453 0.062140231952071197 0.0043785786256194123 0.071318671107292189 -0.4133241325616836
decision_type=10 2 2 2 2 2
left_child=2 -2 -1 -4 5 -3
right_child=1 4 3 -5 -6 -7
leaf_value=-0.00010325408516817861 0.00015504844493993448 0.00032157757674489791 0.001042338242777721 4.0730554854628061e-05 -0.00013932910509535057 -4.0568784297704339e-05
leaf_weight=755 1766 367 79 11024 5592 693
leaf_count=755 1766 367 79 11024 5592 693
internal_value=9.24511e-05 -0.00232399 0.00121175 0.00209084 -0.00453282 0.00532864
internal_weight=20276 8418 11858 11103 6652 1060
internal_count=20276 8418 11858 11103 6652 1060
is_linear=0
shrinkage=0.05


Tree=86
num_leaves=7
num_cat=0
split_feature=24 21 48 55 21 41
split_gain=25.8077 39.9008 30.0031 48.0289 57.821 50.303
threshold=0.10568368062376977 0.42499999701976782 -0.19257938861846921 56519.847656250007 0.62500000000000011 0.080462303012609496
decision_type=2 2 2 10 2 2
left_child=2 -2 3 4 5 -1
right_child=1 -3 -4 -5 -6 -7
leaf_value=-4.0126964102665596e-05 0.00017789910629318283 -0.00040894133103122648 6.1073128328778759e-05 8.0551915590815372e-05 4.0752157784984533e-05 -0.00038081808588177277
leaf_weight=2192 161 482 9377 3585 2716 1849
leaf_count=2192 161 482 9377 3585 2716 1849
internal_value=0.00014607 -0.00960648 0.000533614 -0.00132164 -0.00380435 -0.00759392
internal_weight=20362 643 19719 10342 6757 4041
internal_count=20362 643 19719 10342 6757 4041
is_linear=0
shrinkage=0.05


Tree=87
num_leaves=7
num_cat=0
split_feature=35 26 26 18 36 1
split_gain=23.1079 42.7494 55.2127 34.8048 31.6368 47.9576
threshold=-0.80302551388740528 0.054386163130402572 -0.078594490885734544 0.17500000447034839 -0.87016794085502613 0.020985113456845287
decision_type=2 2 2 2 2 2
left_child=1 2 -1 -4 5 -2
right_child=4 -3 3 -5 -6 -7
leaf_value=-0.00045320626730793842 0.00065742384212634584 -0.00056346912809592301 0.00036229436597135612 -6.075437913222138e-05 2.4635986746543834e-06 -1.4669102588033694e-05
leaf_weight=240 193 204 286 616 18477 258
leaf_count=240 193 204 286 616 18477 258
internal_value=8.7529e-05 -0.00634715 -0.00250654 0.00316979 0.000421222 0.013432
internal_weight=20274 1346 1142 902 18928 451
internal_count=20274 1346 1142 902 18928 451
is_linear=0
shrinkage=0.05


Tree=88
num_leaves=7
num_cat=0
split_feature=35 51 0 26 6 15
split_gain=22.9547 33.2503 42.9535 39.0648 44.572 33.8778
threshold=-0.81954708695411671 -0.025666608475148674 0.039705112576484687 -0.0649440363049507 0.076643902808427825 0.17500000447034839
decision_type=2 10 2 2 2 2
left_child=1 2 -1 -3 -5 -6
right_child=-2 3 -4 4 5 -7
leaf_value=-0.00053672492723530929 7.4609332301125313e-06 -0.00035362962016659082 0.00032875733463849015 0.00059725347244225855 0.0008429392337337985 -9.1442658884873754e-05
leaf_weight=219 19384 141 52 71 94 409
leaf_count=219 19384 141 52 71 94 409
internal_value=0.000111656 -0.00744198 -0.022192 -0.00170139 0.0041019 -0.00123031
internal_weight=20370 986 271 715 574 503
internal_count=20370 986 271 715 574 503
is_linear=0
shrinkage=0.05


Tree=89
num_leaves=7
num_cat=0
split_feature=7 22 44 42 41 44
split_gain=30.3303 38.533 45.3868 49.4657 51.8472 51.801
threshold=0.35508698225021368 0.075000001117587103 0.066370893269777312 0.066286124289035811 0.071421094238758101 0.10018824040889741
decision_type=2 2 2 2 2 2
left_child=1 -1 -3 -4 5 -5
right_child=-2 2 3 4 -6 -7
leaf_value=0.00011942595374579101 -3.1452038186814038e-05 -0.00025657024109217267 0.00044455148107601323 -0.00020299920400580955 9.9280295733495104e-05 0.0006272655706509281
leaf_weight=431 11991 586 340 1083 5784 110
leaf_count=431 11991 586 340 1083 5784 110
internal_value=8.23906e-05 0.00232342 0.00152061 0.00259833 0.00167932 -0.00778381
internal_weight=20325 8334 7903 7317 6977 1193
internal_count=20325 8334 7903 7317 6977 1193
is_linear=0
shrinkage=0.05


Tree=90
num_leaves=7
num_cat=0
split_feature=6 53 50 29 2 50
split_gain=24.5958 43.6593 47.2614 47.7754 45.7118 42.8346
threshold=0.14759038388729098 0.067940145730972304 -0.88553896546363819 0.055549731478095062 0.017874909564852718 1.3706768155097964
decision_type=2 10 2 2 2 2
left_child=-1 2 -2 4 -4 -3
right_child=1 5 3 -5 -6 -7
leaf_value=8.2234842183298671e-05 -0.00013772963931827999 -0.00010471963841720282 0.00010310628127039733 -0.00015127154538736358 -0.0011421835417564656 0.00012997898975745044
leaf_weight=3924 1305 6309 6816 963 64 874
leaf_count=3924 1305 6309 6816 963 64 874
internal_value=0.000141905 -0.000619797 0.00166885 0.00313774 0.00460058 -0.00353715
internal_weight=20255 16331 9148 7843 6880 7183
internal_count=20255 16331 9148 7843 6880 7183
is_linear=0
shrinkage=0.05


Tree=91
num_leaves=7
num_cat=0
split_feature=30 46 32 44 43 5
split_gain=30.6568 47.8598 37.9716 34.7669 44.6397 33.2122
threshold=51.311065673828132 0.89412492513656627 -0.56245690584182728 0.14466013014316562 0.090498521924018874 0.66451445221900951
decision_type=2 2 2 2 2 2
left_child=3 -2 -3 -1 -5 -4
right_child=1 2 5 4 -6 -7
leaf_value=2.6747394520829901e-05 -0.00015685565972258788 -0.00026463060952145763 7.753658263095635e-05 -0.0010950809377341714 0.00056375204081915008 -0.0001484616723891016
leaf_weight=10054 2625 786 5042 61 601 1114
leaf_count=10054 2625 786 5042 61 601 1114
internal_value=8.25611e-05 -0.00194578 0.000226717 0.00194711 0.013006 0.00155413
internal_weight=20283 9567 6942 10716 662 6156
internal_count=20283 9567 6942 10716 662 6156
is_linear=0
shrinkage=0.05


Tree=92
num_leaves=7
num_cat=0
split_feature=39 10 35 55 51 9
split_gain=24.642 29.0529 24.2542 55.8432 47.0326 48.7259
threshold=0.067430671304464354 0.006257842294871808 -0.80302551388740528 45029.466796875007 -0.011254879646003245 -0.053443176671862595
decision_type=2 2 2 10 8 2
left_child=2 -2 3 -1 5 -5
right_child=1 -3 -4 4 -6 -7
leaf_value=-0.00066207063409833434 -2.9569239831929006e-05 0.00055533467199855857 6.9969335351911627e-06 0.00043399007799013322 0.00018029407629221626 -0.00033075934726010698
leaf_weight=250 306 328 18436 78 540 424
leaf_count=250 306 328 18436 78 540 424
internal_value=0.000160799 0.00982003 -0.00015583 -0.00676561 -0.00159981 -0.012574
internal_weight=20362 634 19728 1292 1042 502
internal_count=20362 634 19728 1292 1042 502
is_linear=0
shrinkage=0.05


Tree=93
num_leaves=7
num_cat=0
split_feature=39 39 0 32 0 48
split_gain=22.9196 34.7157 49.0695 46.8687 46.2844 47.7039
threshold=0.067430671304464354 0.043088210746645934 0.007466282695531846 0.16485176980495456 -0.010635273065418003 -0.75020915269851673
decision_type=2 2 2 2 2 2
left_child=1 4 3 -3 5 -1
right_child=-2 2 -4 -5 -6 -7
leaf_value=-0.00032551100206496079 0.00014813572584631508 0.00026981602089878426 -0.00028122704828784973 -0.00017675857979570838 5.0742384379734364e-05 -2.0654004608483546e-05
leaf_weight=961 642 677 1303 923 10834 4968
leaf_count=961 642 677 1303 923 10834 4968
internal_value=0.000107074 -0.000329165 -0.00537311 0.000482866 0.000544191 -0.00300388
internal_weight=20308 19666 2903 1600 16763 5929
internal_count=20308 19666 2903 1600 16763 5929
is_linear=0
shrinkage=0.05


Tree=94
num_leaves=7
num_cat=0
split_feature=53 35 42 35 9 10
split_gain=21.1273 33.8907 54.427 44.8336 43.2146 42.5172
threshold=0.40311254560947424 0.26311510801315313 0.092477548867464079 -0.036873713135719292 -0.049574783071875565 -0.036720953881740563
decision_type=10 2 2 2 2 2
left_child=-1 3 -3 4 5 -2
right_child=1 2 -4 -5 -6 -7
leaf_value=1.4102338552294094e-05 -0.00025875375543372005 0.00034000690967671228 -0.00070053443548458735 0.00031874473560698834 -0.00018375629492393839 0.00044962362562085884
leaf_weight=16834 110 201 320 811 1687 284
leaf_count=16834 110 201 320 811 1687 284
internal_value=8.27079e-05 -0.00357665 -0.0152567 -0.00144115 -0.00533317 0.00946115
internal_weight=20247 3413 521 2892 2081 394
internal_count=20247 3413 521 2892 2081 394
is_linear=0
shrinkage=0.05


Tree=95
num_leaves=7
num_cat=0
split_feature=33 38 53 0 35 55
split_gain=23.2105 36.2498 63.5004 54.1067 59.0745 65.5324
threshold=-0.080592278391122804 1.0000000180025095e-35 0.12553188204765323 -0.0050537921488285056 -0.13765846937894818 291351.85937500006
decision_type=2 2 10 2 2 8
left_child=-1 3 -3 -2 -5 -6
right_child=1 2 -4 4 5 -7
leaf_value=3.9808033109922474e-05 -0.00012234857271187233 -1.0219613667900405e-05 -0.00022465044662324293 -3.9900616856884306e-05 0.00042921739875443655 -3.3371938738696256e-05
leaf_weight=8048 2281 4222 2305 1659 1211 590
leaf_count=8048 2281 4222 2305 1659 1211 590
internal_value=7.2585e-05 -0.00161941 -0.00416794 0.0012748 0.00521645 0.0114756
internal_weight=20316 12268 6527 5741 3460 1801
internal_count=20316 12268 6527 5741 3460 1801
is_linear=0
shrinkage=0.05


Tree=96
num_leaves=7
num_cat=0
split_feature=49 46 17 51 7 52
split_gain=24.2679 37.8311 32.3181 36.8363 42.0224 31.753
threshold=0.15886788815259936 0.74799594283103954 0.17500000447034839 -0.13832898437976834 0.28591574728488928 -0.0006978916935622691
decision_type=2 2 2 8 2 10
left_child=-1 5 -3 4 -4 -2
right_child=1 2 3 -5 -6 -7
leaf_value=2.8116955971064692e-05 -1.6202219053850334e-05 0.00023686695111726892 0.00057433313722998487 -2.4872648313283268e-05 -0.00063578615316391758 -0.00041165206136503088
leaf_weight=11835 223 540 69 6868 347 268
leaf_count=11835 223 540 69 6868 347 268
internal_value=0.000112875 -0.00217849 -0.0013252 -0.00220538 -0.0165677 -0.0155746
internal_weight=20150 8315 7824 7284 416 491
internal_count=20150 8315 7824 7284 416 491
is_linear=0
shrinkage=0.05


Tree=97
num_leaves=7
num_cat=0
split_feature=35 2 39 55 39 22
split_gain=25.3316 42.1462 42.1434 40.8819 60.3214 56.5072
threshold=-0.21997004002332685 0.0041636473033577212 -0.049111248925328248 38097.525390625007 0.012334696017205717 0.62500000000000011
decision_type=2 2 2 8 2 2
left_child=1 -1 -3 4 5 -4
right_child=-2 2 3 -5 -6 -7
leaf_value=-0.00044148692730360412 2.075187608690998e-05 -0.00044862045632605989 -0.00071055986468293976 4.1730629504223781e-05 7.8603661437036794e-05 -0.00013318291189732189
leaf_weight=103 13726 256 521 3937 1113 718
leaf_count=103 13726 256 521 3937 1113 718
internal_value=0.000131263 -0.00256651 -0.00204962 -0.00122736 -0.00643827 -0.0140072
internal_weight=20374 6648 6545 6289 2352 1239
internal_count=20374 6648 6545 6289 2352 1239
is_linear=0
shrinkage=0.05


Tree=98
num_leaves=7
num_cat=0
split_feature=35 39 2 51 18 36
split_gain=26.2228 49.5872 44.3614 48.961 41.5894 40.3747
threshold=-0.21997004002332685 -0.049111248925328248 0.0041636473033577212 -0.0039319759234786025 0.17500000447034839 0.2242136746644974
decision_type=2 2 2 10 2 2
left_child=1 -1 -3 -4 -5 -2
right_child=5 2 3 4 -6 -7
leaf_value=-0.00044490426686289862 8.1631156352536974e-05 -0.00040023098083018265 3.3373108194552622e-05 0.00010559004119790122 -0.00026636569384587275 -2.5776495204673097e-05
leaf_weight=253 6652 109 4535 444 1303 7051
leaf_count=253 6652 109 4535 444 1303 7051
internal_value=0.000111783 -0.00262821 -0.001755 -0.00118896 -0.00829053 0.00119821
internal_weight=20347 6644 6391 6282 1747 13703
internal_count=20347 6644 6391 6282 1747 13703
is_linear=0
shrinkage=0.05


Tree=99
num_leaves=7
num_cat=0
split_feature=55 48 15 21 2 45
split_gain=22.029 44.9765 74.4495 57.1674 61.0082 55.4649
threshold=56519.847656250007 -0.12946787476539609 0.32500000298023229 0.67499998211860668 0.0078739868476986902 0.12169220298528673
decision_type=8 2 2 2 2 2
left_child=1 2 3 4 -1 -3
right_child=-2 5 -4 -5 -6 -7
leaf_value=0.00019223827387620176 2.3329290661619891e-05 0.00011801249729771332 -0.00035878760549058704 0.00030162071657284604 -0.00041191217813339465 -0.00026218366769749412
leaf_weight=442 11535 3225 2137 1114 930 961
leaf_count=442 11535 3225 2137 1114 930 961
internal_value=0.000141285 -0.00196562 -0.00536409 0.000511843 -0.00629993 0.00178358
internal_weight=20344 8809 4623 2486 1372 4186
internal_count=20344 8809 4623 2486 1372 4186
is_linear=0
shrinkage=0.05


Tree=100
num_leaves=7
num_cat=0
split_feature=38 47 55 9 53 56
split_gain=25.2823 37.3301 31.9373 30.6017 25.5945 22.7131
threshold=-0.02589702699333429 0.92975378036499035 41554.769531250007 -0.0219666538760066 -0.36798095703124994 0.0053016308229416617
decision_type=2 2 8 2 10 10
left_child=1 2 -1 -4 -3 -2
right_child=5 4 3 -5 -6 -7
leaf_value=-0.00071646824066043553 1.113311316473097e-05 0.00052196384020625783 0.0005258019120624889 -0.00027774349989476355 -0.00010328589608670668 -0.00032128547861191831
leaf_weight=211 19128 115 66 130 468 210
leaf_count=211 19128 115 66 130 468 210
internal_value=6.76241e-05 -0.00771357 -0.0192354 -0.00435323 0.000382653 0.000458822
internal_weight=20328 990 407 196 583 19338
internal_count=20328 990 407 196 583 19338
is_linear=0
shrinkage=0.05


Tree=101
num_leaves=7
num_cat=0
split_feature=38 47 8 44 44 35
split_gain=24.4505 32.2724 25.2267 24.997 33.3872 22.8168
threshold=-0.030794963240623471 0.9365309774875642 0.3473429679870606 0.10183589905500413 0.071812335401773467 0.83326262235641491
decision_type=2 2 2 2 2 2
left_child=1 2 -1 4 -3 -2
right_child=5 3 -4 -5 -6 -7
leaf_value=0.00010398974547501422 1.5538629057955661e-05 -0.0006878310532544078 -0.00065546970326036433 -0.00044993999868856371 0.00052642019734107305 -0.00029648836433266747
leaf_weight=68 19323 50 206 133 197 302
leaf_count=68 19323 50 206 133 197 302
internal_value=4.31374e-05 -0.00921851 -0.0221326 0.000194805 0.00962302 0.000571829
internal_weight=20279 654 274 380 247 19625
internal_count=20279 654 274 380 247 19625
is_linear=0
shrinkage=0.05


Tree=102
num_leaves=7
num_cat=0
split_feature=44 3 39 21 22 48
split_gain=24.3935 49.4347 48.2047 30.7039 42.2178 41.3403
threshold=0.062140231952071197 0.0043785786256194123 -0.028137605637311932 0.42499999701976782 0.075000001117587103 -1.4585508704185484
decision_type=2 2 2 2 2 2
left_child=2 -2 -1 4 5 -4
right_child=1 -3 3 -5 -6 -7
leaf_value=0.00040323249869836679 0.00089997530390319158 4.3237531822827538e-06 0.00014583430507439528 0.00020996635480975592 -0.00036994070763180496 -5.0855224051891664e-05
leaf_weight=115 83 18875 99 123 476 492
leaf_count=115 83 18875 99 123 476 492
internal_value=6.2907e-05 0.000394189 -0.00666031 -0.00968619 -0.01243 -0.00339765
internal_weight=20263 18958 1305 1190 1067 591
internal_count=20263 18958 1305 1190 1067 591
is_linear=0
shrinkage=0.05


Tree=103
num_leaves=7
num_cat=0
split_feature=41 3 47 44 44 40
split_gain=29.2814 68.4892 75.8001 42.7878 46.2965 50.5523
threshold=0.069088272750377669 0.0065627468284219512 0.76067289710044872 0.075505770742893233 0.067711021751165404 0.044227050617337234
decision_type=2 2 2 2 2 2
left_child=1 3 -3 4 -1 -6
right_child=-2 2 -4 -5 5 -7
leaf_value=-1.7440065620165195e-05 2.5643610926728824e-05 0.00014925152438386964 -0.00033925920774654865 -0.00018082996367703791 0.00041112209648567046 8.6729755890623439e-05
leaf_weight=1781 15460 240 974 813 243 895
leaf_count=1781 15460 240 974 813 243 895
internal_value=9.67616e-05 -0.00330741 -0.0135972 4.6829e-05 0.00288133 0.0107393
internal_weight=20406 4946 1214 3732 2919 1138
internal_count=20406 4946 1214 3732 2919 1138
is_linear=0
shrinkage=0.05


Tree=104
num_leaves=7
num_cat=0
split_feature=53 45 2 27 42 47
split_gain=22.3622 31.0308 26.9759 36.5996 48.0676 39.0361
threshold=0.40311254560947424 0.066541396081447615 0.013655092567205431 0.023544164374470714 0.13619545847177508 0.91552451252937328
decision_type=10 2 2 2 2 2
left_child=-1 -2 3 4 -3 -5
right_child=1 2 -4 5 -6 -7
leaf_value=1.5472549769605976e-05 0.00026974578132687505 -0.00017309866372802805 -0.00051689265328221231 -0.00020467174254848615 0.00094251729225080627 0.00037505521987683072
leaf_weight=16857 111 2053 257 357 140 499
leaf_count=16857 111 2053 257 357 140 499
internal_value=5.30105e-05 -0.00363092 -0.0045228 -0.00318435 -0.00660828 0.00554588
internal_weight=20274 3417 3306 3049 2193 856
internal_count=20274 3417 3306 3049 2193 856
is_linear=0
shrinkage=0.05


Tree=105
num_leaves=7
num_cat=0
split_feature=30 3 26 8 42 46
split_gain=25.6878 38.0418 47.7583 47.8007 46.094 65.8123
threshold=51.311065673828132 0.012828816194087269 -0.11359718441963194 0.67594739794731151 0.11213172599673273 0.94176447391510021
decision_type=2 2 2 2 2 2
left_child=-1 4 -3 -4 -2 -6
right_child=1 2 3 -5 5 -7
leaf_value=3.0251046100533132e-05 -5.4808298338253266e-05 -0.00072013826079245409 0.00041592297292098292 -0.00036982983053283176 -0.00013943868831169459 0.00051079058590352958
leaf_weight=10797 7220 375 195 162 718 877
leaf_count=10797 7220 375 195 162 718 877
internal_value=6.26566e-05 -0.00207548 -0.0129919 6.90608e-05 -0.0011593 0.00651563
internal_weight=20344 9547 732 357 8815 1595
internal_count=20344 9547 732 357 8815 1595
is_linear=0
shrinkage=0.05


Tree=106
num_leaves=7
num_cat=0
split_feature=35 39 32 36 22 48
split_gain=18.9854 46.6675 39.5248 45.3679 44.9524 58.9159
threshold=-0.21997004002332685 -0.049111248925328248 0.39434839785099035 -0.47664776444435114 0.22500000149011615 -0.19257938861846921
decision_type=2 2 2 2 2 2
left_child=1 -1 4 -4 -2 -6
right_child=2 -3 3 -5 5 -7
leaf_value=-0.00053240493720796108 -3.265446446201391e-05 -2.8763855583666275e-05 0.00035471701983630068 -6.9755002769652358e-05 3.7766540261866661e-05 0.00031724737996075784
leaf_weight=232 2506 6315 79 4381 4536 2243
leaf_count=232 2506 6315 79 4381 4536 2243
internal_value=4.80367e-05 -0.00215583 0.00111455 -0.00274916 0.00297363 0.00508918
internal_weight=20292 6547 13745 4460 9285 6779
internal_count=20292 6547 13745 4460 9285 6779
is_linear=0
shrinkage=0.05


Tree=107
num_leaves=7
num_cat=0
split_feature=44 35 22 3 36 10
split_gain=28.3991 51.3775 56.0997 48.7556 47.6808 34.4815
threshold=0.062140231952071197 0.52060821652412426 0.075000001117587103 0.0043785786256194123 0.024695291183888916 -0.021488306112587448
decision_type=2 2 2 2 2 2
left_child=1 2 4 -2 5 -1
right_child=3 -3 -4 -5 -6 -7
leaf_value=-0.00012083329371794824 0.00081863922097211335 0.00014607937979231917 -0.00034047186615705647 5.4903435281734513e-06 -0.00013136312762151707 0.00015284165203410067
leaf_weight=127 95 114 524 18900 218 326
leaf_count=127 95 114 524 18900 218 326
internal_value=0.000107095 -0.00717275 -0.0102708 0.000427632 -0.000628698 0.00856987
internal_weight=20304 1309 1195 18995 671 453
internal_count=20304 1309 1195 18995 671 453
is_linear=0
shrinkage=0.05


Tree=108
num_leaves=7
num_cat=0
split_feature=55 0 6 36 14 41
split_gain=21.7946 43.0121 41.7657 34.9469 43.182 41.5351
threshold=233105.24218750003 -0.060758793726563447 0.55067998170852672 -0.31173074245452875 0.22500000149011615 0.074064683169126524
decision_type=10 2 2 2 2 2
left_child=-1 -2 3 4 -3 -5
right_child=1 2 -4 5 -6 -7
leaf_value=1.1685709846621588e-05 0.00060710952629290736 0.00020721644552170747 -0.00025225604311726949 -0.00025921141969872404 -0.00046615791848881753 0.000382795809284475
leaf_weight=17667 112 190 935 334 384 743
leaf_count=17667 112 190 935 334 384 743
internal_value=4.29553e-05 -0.00420829 -0.00554805 -0.000739734 -0.0106649 0.00455176
internal_weight=20365 2698 2586 1651 574 1077
internal_count=20365 2698 2586 1651 574 1077
is_linear=0
shrinkage=0.05


Tree=109
num_leaves=7
num_cat=0
split_feature=41 42 44 41 32 35
split_gain=18.5208 62.6704 116.374 37.4068 42.1876 66.0215
threshold=0.069088272750377669 0.072260688990354552 0.095630675554275527 0.086318574845790877 0.30488342046737676 -0.06845789402723311
decision_type=2 2 2 2 2 2
left_child=1 -1 -3 4 5 -2
right_child=3 2 -4 -5 -6 -7
leaf_value=1.3681972273027539e-05 6.6759030624232753e-06 -0.00032023112321574943 0.00014460426589629833 -2.2327353132153064e-05 -2.2710155536469071e-05 0.00031898031770093675
leaf_weight=3624 1705 1002 366 9501 2276 1896
leaf_count=3624 1705 1002 366 9501 2276 1896
internal_value=0.00012638 -0.00253652 -0.0116351 0.000966977 0.0041015 0.00746672
internal_weight=20370 4992 1368 15378 5877 3601
internal_count=20370 4992 1368 15378 5877 3601
is_linear=0
shrinkage=0.05


Tree=110
num_leaves=7
num_cat=0
split_feature=30 41 10 9 47 44
split_gain=29.9653 36.6938 32.3242 30.8983 29.0306 39.6645
threshold=51.311065673828132 0.1429390832781792 -0.1313105300068855 -0.057751655578613274 0.61003026366233837 0.15562175214290622
decision_type=2 2 2 2 2 2
left_child=-1 4 -3 -4 -2 -6
right_child=1 2 3 -5 5 -7
leaf_value=3.552949770674438e-05 -0.00023378601846632148 -0.0008712801059206351 0.00044306437497611696 -0.00027473189682723347 -2.2351128584199484e-05 0.00079173252592252142
leaf_weight=10828 138 269 105 185 8594 185
leaf_count=10828 138 269 105 185 8594 185
internal_value=6.278e-05 -0.00203301 -0.014406 -0.00262712 -0.00124692 -0.00087944
internal_weight=20304 9476 559 290 8917 8779
internal_count=20304 9476 559 290 8917 8779
is_linear=0
shrinkage=0.05


Tree=111
num_leaves=7
num_cat=0
split_feature=55 48 35 12 45 52
split_gain=23.1626 34.3269 44.6052 57.2168 45.608 66.1201
threshold=233105.24218750003 0.53312811255455028 -0.10443689301609992 -0.035035569220781319 0.070637486875057234 1.2281309409445386e-05
decision_type=10 2 2 2 2 8
left_child=-1 2 3 -2 5 -4
right_child=1 -3 4 -5 -6 -7
leaf_value=5.0908059074360542e-06 5.0892905627137321e-05 -0.00027297761008982825 0.00044931976525424463 -0.00052011740379643201 0.0004138658027486009 -0.00042773004267387032
leaf_weight=17659 533 691 111 433 705 210
leaf_count=17659 533 691 111 433 705 210
internal_value=3.80892e-05 -0.0046968 -0.00133951 -0.00903708 0.00589234 -0.00958589
internal_weight=20342 2683 1992 966 1026 321
internal_count=20342 2683 1992 966 1026 321
is_linear=0
shrinkage=0.05


Tree=112
num_leaves=7
num_cat=0
split_feature=38 53 35 47 42 36
split_gain=24.4769 47.8573 53.0909 49.013 53.3369 37.5258
threshold=0.016305989585816864 0.12553188204765323 0.52060821652412426 1.0109300017356875 0.13619545847177508 -0.12257025763392447
decision_type=2 10 2 2 2 2
left_child=-1 2 -2 4 5 -3
right_child=1 3 -4 -5 -6 -7
leaf_value=2.3940456068002165e-05 -4.0138023890209283e-05 -0.00014600990413832349 0.00036998147428459708 5.7989849709065394e-05 0.00054393401680124923 -0.00067822956511048079
leaf_weight=15195 3003 484 440 590 138 516
leaf_count=15195 3003 484 440 590 138 516
internal_value=0.000111678 -0.00272894 0.000674304 -0.00950664 -0.0155512 -0.0195771
internal_weight=20366 5171 3443 1728 1138 1000
internal_count=20366 5171 3443 1728 1138 1000
is_linear=0
shrinkage=0.05


Tree=113
num_leaves=7
num_cat=0
split_feature=49 46 38 8 5 39
split_gain=18.8437 35.409 38.8702 36.5763 59.4721 52.0511
threshold=0.15886788815259936 0.87460336089134227 0.0069428698625415572 0.72785788774490368 0.5727650821208955 0.043088210746645934
decision_type=2 2 2 2 2 2
left_child=-1 2 -2 5 -5 -3
right_child=1 3 -4 4 -6 -7
leaf_value=2.3349341348621918e-05 -2.9711044135008393e-05 -2.811437216055004e-05 -0.00029051546626873199 0.00018413689915354535 -0.00010519170334760706 -0.00034636310958052399
leaf_weight=11908 1109 2120 807 2522 1402 472
leaf_count=11908 1109 2120 807 2522 1402 472
internal_value=0.000111821 -0.00188159 -0.00784748 -0.000118847 0.00292059 -0.00472661
internal_weight=20340 8432 1916 6516 3924 2592
internal_count=20340 8432 1916 6516 3924 2592
is_linear=0
shrinkage=0.05


Tree=114
num_leaves=7
num_cat=0
split_feature=43 35 53 9 32 30
split_gain=20.1404 42.1822 39.6038 28.0067 25.5965 23.3229
threshold=0.047617390751838691 0.47608098387718206 0.16581014543771747 -0.011621365323662756 -0.76315492391586293 50.545066833496101
decision_type=2 2 8 2 2 2
left_child=1 2 -1 -3 -4 -2
right_child=5 3 4 -5 -6 -7
leaf_value=0.00014776067138899326 4.202939432499395e-05 -1.4358475845317814e-05 0.00010299844683779926 0.00041879766369625171 -0.00019047849478729851 -2.9327201584380602e-05
leaf_weight=106 9983 95 51 79 655 9454
leaf_count=106 9983 95 51 79 655 9454
internal_value=6.24143e-05 -0.00703835 -0.0118421 0.0149441 -0.0161392 0.000268748
internal_weight=20423 986 812 174 706 19437
internal_count=20423 986 812 174 706 19437
is_linear=0
shrinkage=0.05


Tree=115
num_leaves=7
num_cat=0
split_feature=41 44 44 7 53 40
split_gain=19.9087 38.4365 72.6375 44.0106 42.4981 37.0488
threshold=0.069088272750377669 0.076930180191993727 0.095630675554275527 0.86165893077850353 -0.23321451991796491 0.06267066672444345
decision_type=2 2 2 2 10 2
left_child=1 -1 3 4 -3 -2
right_child=5 2 -4 -5 -6 -7
leaf_value=9.7079684975518725e-07 0.00016492165574806742 -0.00016942113449202866 0.00012881919473123061 2.0865568635612295e-05 -0.00062695521383528921 5.3331899810636808e-06
leaf_weight=3421 1118 404 389 263 416 14302
leaf_count=3421 1118 404 389 263 416 14302
internal_value=5.29088e-05 -0.0027205 -0.00946175 -0.0161075 -0.0217879 0.000938412
internal_weight=20313 4893 1472 1083 820 15420
internal_count=20313 4893 1472 1083 820 15420
is_linear=0
shrinkage=0.05


Tree=116
num_leaves=7
num_cat=0
split_feature=58 41 42 44 44 44
split_gain=20.0115 31.0725 57.1253 83.46 34.739 45.0203
threshold=-0.00017450101586291564 0.069088272750377669 0.072260688990354552 0.096422493457794203 0.066370893269777312 0.070928644388914122
decision_type=8 2 2 2 2 2
left_child=-1 2 4 -4 -2 -6
right_child=1 -3 3 -5 5 -7
leaf_value=-6.4377419783432689e-05 -5.2847027717852255e-05 4.9309324415274428e-05 -0.00031112398838979417 0.00011355263165666735 0.00031745162652289287 -9.8281947782109295e-06
leaf_weight=3807 1505 12109 898 301 648 1082
leaf_count=3807 1505 12109 898 301 648 1082
internal_value=0.000111766 0.000811276 -0.00276526 -0.012064 0.000686728 0.00551873
internal_weight=20350 16543 4434 1199 3235 1730
internal_count=20350 16543 4434 1199 3235 1730
is_linear=0
shrinkage=0.05


Tree=117
num_leaves=7
num_cat=0
split_feature=4 39 12 53 32 45
split_gain=19.8756 34.2441 30.1824 29.0934 48.1258 67.3297
threshold=-0.25458319485187525 0.067430671304464354 -0.069902889430522905 0.067940145730972304 0.42423070967197424 0.096283793449401869
decision_type=2 2 2 8 2 2
left_child=1 -1 -2 4 5 -4
right_child=2 -3 3 -5 -6 -7
leaf_value=2.9488285683964677e-05 -0.00031124642465785689 0.00028495234816493757 0.00033217630575295545 -3.6643870894020034e-05 -0.00012570923631636952 -3.8673832539901792e-05
leaf_weight=7687 704 322 1414 7715 1101 1241
leaf_count=7687 704 322 1414 7715 1101 1241
internal_value=3.3434e-05 0.00211193 -0.00109401 -0.000472726 0.00313082 0.00677632
internal_weight=20184 8009 12175 11471 3756 2655
internal_count=20184 8009 12175 11471 3756 2655
is_linear=0
shrinkage=0.05


Tree=118
num_leaves=7
num_cat=0
split_feature=0 38 55 45 13 36
split_gain=20.0086 54.7438 52.0203 53.6448 55.7357 45.6223
threshold=-0.009211310185492037 0.0046436302363872537 6.7899572849273691 0.10060305893421174 0.0077894942369312057 0.11759476736187936
decision_type=2 2 10 2 2 2
left_child=2 -2 3 -1 -5 -3
right_child=1 5 -4 4 -6 -7
leaf_value=0.0001624865816566883 7.3490678557005997e-05 1.3802421055650089e-05 -0.00010225242437466736 0.00034591597037448923 -0.00051251391503024681 -0.00018613944352185495
leaf_weight=1546 6864 3794 5799 130 157 1992
leaf_count=1546 6864 3794 5799 130 157 1992
internal_value=8.25652e-05 0.0010964 -0.00214417 0.00518226 -0.0144692 -0.0024823
internal_weight=20282 12650 7632 1833 287 5786
internal_count=20282 12650 7632 1833 287 5786
is_linear=0
shrinkage=0.05


Tree=119
num_leaves=7
num_cat=0
split_feature=26 21 55 6 47 39
split_gain=18.0061 51.0698 76.0973 35.1032 45.1774 30.469
threshold=0.12056851387023927 0.42499999701976782 123471.78125000001 0.7753908932209016 0.87577357888221752 0.025441402569413189
decision_type=2 2 8 2 2 2
left_child=-1 2 5 -3 -5 -2
right_child=1 3 -4 4 -6 -7
leaf_value=-5.135106295604097e-06 0.00083024709445559991 0.00020672977927210071 -0.0006257883525360268 -0.00049132307669400726 2.5830032194339552e-07 0.00011928085871718052
leaf_weight=18744 274 420 86 187 459 161
leaf_count=18744 274 420 86 187 459 161
internal_value=7.74489e-05 0.00516646 0.0179183 -0.00109711 -0.00841014 0.0264205
internal_weight=20331 1587 521 1066 646 435
internal_count=20331 1587 521 1066 646 435
is_linear=0
shrinkage=0.05


Tree=120
num_leaves=7
num_cat=0
split_feature=54 17 22 32 35 22
split_gain=25.0994 20.5535 17.7851 17.6434 39.4286 50.7391
threshold=-0.51974195241928089 0.72499999403953563 0.52500000596046459 0.42423070967197424 -0.13765846937894818 0.22500000149011615
decision_type=8 2 2 2 2 2
left_child=1 2 -1 4 -2 -6
right_child=3 -3 -4 -5 5 -7
leaf_value=-0.00056107535232105565 -2.6392000945732812e-05 8.2738190302706705e-05 -0.00012112508235459755 -3.9448882555950155e-05 -2.8685777643336526e-05 0.00016284609037654372
leaf_weight=313 5728 244 543 5174 2386 5857
leaf_count=313 5728 244 543 5174 2386 5857
internal_value=8.64198e-06 -0.0071267 -0.0107724 0.000622715 0.0015473 0.00376152
internal_weight=20245 1100 856 19145 13971 8243
internal_count=20245 1100 856 19145 13971 8243
is_linear=0
shrinkage=0.05


Tree=121
num_leaves=7
num_cat=0
split_feature=48 39 27 53 27 43
split_gain=19.7072 32.0708 32.4829 28.1604 49.0317 43.0277
threshold=-0.19257938861846921 -0.056566674262285226 0.019736662507057193 0.042865220457315452 -0.045773793011903756 0.075981669127941145
decision_type=2 2 2 10 2 2
left_child=-1 2 -2 5 -5 -3
right_child=1 3 -4 4 -6 -7
leaf_value=-2.1975996388607095e-05 0.0001348076082954377 -2.237128245539599e-05 -0.0010697450705348752 0.0006223863250887818 -2.7990248898973543e-05 0.00019464588330704463
leaf_weight=10254 63 1996 88 99 4053 3668
leaf_count=10254 63 1996 88 99 4053 3668
internal_value=0.000117423 0.00180756 -0.0206731 0.00216628 -0.000956218 0.00445846
internal_weight=20221 9967 151 9816 4152 5664
internal_count=20221 9967 151 9816 4152 5664
is_linear=0
shrinkage=0.05


Tree=122
num_leaves=7
num_cat=0
split_feature=38 38 53 36 53 4
split_gain=17.0449 25.9211 47.6335 57.0316 56.1088 53.598
threshold=-0.02589702699333429 0.0040516492445021876 0.14034834504127505 0.04857574217021466 0.26200132071971899 0.28950068354606634
decision_type=2 2 10 2 10 2
left_child=-1 -2 -3 5 -5 -4
right_child=1 2 3 4 -6 -7
leaf_value=-0.00016084459570919925 3.4386552070263405e-05 1.7208263695064548e-05 8.6611171329698965e-05 -0.0005897376419392226 -0.00018395495720620569 -0.00021626720795697631
leaf_weight=1031 9656 6382 1342 414 800 605
leaf_count=1031 9656 6382 1342 414 800 605
internal_value=0.000137139 0.000188763 -0.00165742 -0.00667246 -0.0151559 -0.00134477
internal_weight=20230 19199 9543 3161 1214 1947
internal_count=20230 19199 9543 3161 1214 1947
is_linear=0
shrinkage=0.05


Tree=123
num_leaves=7
num_cat=0
split_feature=48 22 40 47 38 2
split_gain=17.2981 42.8041 69.2838 44.3082 43.562 40.5686
threshold=-0.24936728179454801 0.67499998211860668 0.099695544689893736 1.1989082098007204 -0.0019821544410660859 0.0086369705386459845
decision_type=2 2 2 2 2 2
left_child=1 2 -1 -4 -5 -3
right_child=-2 5 3 4 -6 -7
leaf_value=-2.153166690939528e-05 2.6451642441194855e-05 -0.00011189297680418691 -0.00058480790585872745 0.00053631858574322089 -0.00045036476589275105 0.00017706833234218459
leaf_weight=5473 10224 1036 759 165 236 2300
leaf_count=5473 10224 1036 759 165 236 2300
internal_value=0.000127488 -0.00168689 -0.004011 -0.0150858 -0.00153941 0.00292577
internal_weight=20193 9969 6633 1160 401 3336
internal_count=20193 9969 6633 1160 401 3336
is_linear=0
shrinkage=0.05


Tree=124
num_leaves=7
num_cat=0
split_feature=35 38 32 21 46 53
split_gain=17.5073 37.546 35.3754 41.8186 52.2227 48.1594
threshold=-0.21997004002332685 0.032292587682604797 0.65573155879974376 0.42499999701976782 1.1121494770050051 0.10914584994316102
decision_type=2 2 2 2 2 10
left_child=1 -1 -2 -4 -5 -6
right_child=2 -3 3 4 5 -7
leaf_value=-6.2260255285494408e-05 3.9876931256611995e-05 0.00029918375688341506 6.5376491425297935e-05 -0.00032395922434084491 0.00050148693402868002 -0.00033702540769109114
leaf_weight=6385 11160 212 911 1202 255 143
leaf_count=6385 11160 212 911 1202 255 143
internal_value=4.31609e-05 -0.00212436 0.00101089 -0.00434221 -0.00920561 0.00638958
internal_weight=20268 6597 13671 2511 1600 398
internal_count=20268 6597 13671 2511 1600 398
is_linear=0
shrinkage=0.05


Tree=125
num_leaves=7
num_cat=0
split_feature=49 46 0 39 50 52
split_gain=16.2455 30.2001 31.0142 53.7518 38.0798 35.6163
threshold=0.15886788815259936 0.77311825752258312 -0.012000879272818564 0.012334696017205717 1.9299464821815493 -0.00041237911500502372
decision_type=2 2 2 2 2 8
left_child=-1 -2 -3 5 -5 -4
right_child=1 2 3 4 -6 -7
leaf_value=2.1868738348372153e-05 -0.00021240676486263276 -0.00011607331864001038 -7.4545076360817435e-05 -0.00014422346749783408 0.000874360782802882 0.00016853929285297027
leaf_weight=11886 631 2261 1103 2063 114 2184
leaf_count=11886 631 2261 1103 2063 114 2184
internal_value=6.79113e-05 -0.00182693 -0.000960543 0.00107424 -0.00500687 0.00511087
internal_weight=20242 8356 7725 5464 2177 3287
internal_count=20242 8356 7725 5464 2177 3287
is_linear=0
shrinkage=0.05


Tree=126
num_leaves=7
num_cat=0
split_feature=54 30 26 47 42 44
split_gain=21.2505 21.2236 29.2718 46.0135 52.8291 30.4258
threshold=-0.67739444971084584 51.311065673828132 -0.0649440363049507 0.81588503718376171 0.13243321329355243 0.11521767452359201
decision_type=8 2 2 2 2 2
left_child=-1 -2 3 4 5 -3
right_child=1 2 -4 -5 -6 -7
leaf_value=-0.00016151894588328466 3.7602572916072382e-05 0.00045531151208224457 -3.2439674341620463e-07 -0.00029653459841544392 0.001594391937799932 -0.00026249870391477034
leaf_weight=812 10217 51 7623 1235 135 172
leaf_count=812 10217 51 7623 1235 135 172
internal_value=7.28395e-05 0.000428285 -0.00130951 -0.00746245 0.00819559 -0.0066886
internal_weight=20245 19433 9216 1593 358 223
internal_count=20245 19433 9216 1593 358 223
is_linear=0
shrinkage=0.05


Tree=127
num_leaves=7
num_cat=0
split_feature=48 22 55 53 44 21
split_gain=22.6497 47.2073 59.4059 51.7238 47.1629 46.4548
threshold=-0.12946787476539609 0.82500001788139354 194396.73437500003 -0.21031608432531354 0.1349701061844826 0.67499998211860668
decision_type=2 2 10 10 2 2
left_child=4 2 -2 -4 -1 -3
right_child=1 5 3 -5 -6 -7
leaf_value=-4.5963778226436134e-05 0.00010354978400016601 0.00052162055180443058 0.00039946933210805932 -0.00025679973274747445 0.0003060594856956132 -0.00018162683188099218
leaf_weight=9797 6866 217 123 826 883 1602
leaf_count=9797 6866 217 123 826 883 1602
internal_value=4.30631e-05 0.00168845 0.00337916 -0.00830713 -0.00165419 -0.00555099
internal_weight=20314 9634 7815 949 10680 1819
internal_count=20314 9634 7815 949 10680 1819
is_linear=0
shrinkage=0.05


Tree=128
num_leaves=7
num_cat=0
split_feature=41 3 47 38 44 44
split_gain=17.2634 46.2598 71.8265 34.3774 34.0714 35.509
threshold=0.069088272750377669 0.0065627468284219512 0.76067289710044872 -0.0019821544410660859 0.075505770742893233 0.067711021751165404
decision_type=2 2 2 2 2 2
left_child=1 4 3 -3 5 -1
right_child=-2 2 -4 -5 -6 -7
leaf_value=-1.4355011982167395e-05 1.6540390124792413e-05 -0.0002464429485807145 -0.00026983493367189115 0.00046540539178953442 -0.0001513075041495403 0.00017603531293489716
leaf_weight=1766 15330 65 975 166 803 1121
leaf_count=1766 15330 65 975 166 803 1121
internal_value=8.77366e-05 -0.00264742 -0.0111272 0.0136653 0.000128552 0.00267116
internal_weight=20226 4896 1206 231 3690 2887
internal_count=20226 4896 1206 231 3690 2887
is_linear=0
shrinkage=0.05


Tree=129
num_leaves=7
num_cat=0
split_feature=1 39 35 36 8 10
split_gain=14.7754 58.0332 27.5088 29.8565 23.8875 23.4039
threshold=0.086197316646575942 0.0071669002063572415 0.17374435067176822 -0.44135315716266627 0.32838772237300878 -0.1871228218078613
decision_type=2 2 2 2 2 2
left_child=5 4 3 -3 -2 -1
right_child=1 2 -4 -5 -6 -7
leaf_value=-0.00085914043117081584 3.6189222091143594e-05 -0.0004939454627285603 -0.00051246533921638342 0.00097691328023607571 -0.00059218553841467998 1.0753922458758874e-05
leaf_weight=171 90 58 69 151 277 19546
leaf_count=171 90 58 69 151 277 19546
internal_value=8.71508e-05 -0.00726923 0.00980565 0.0188084 -0.0202285 0.000391695
internal_weight=20362 645 278 209 367 19717
internal_count=20362 645 278 209 367 19717
is_linear=0
shrinkage=0.05


Tree=130
num_leaves=7
num_cat=0
split_feature=1 42 39 41 42 26
split_gain=16.1409 53.834 36.0568 16.3689 57.2344 35.5734
threshold=0.10442483425140382 0.1455260440707207 0.0071669002063572415 0.067690569907426848 0.072260688990354552 -0.04751951061189174
decision_type=2 2 2 2 2 2
left_child=3 -2 -3 4 -1 -6
right_child=1 2 -4 -5 5 -7
leaf_value=6.086953346245462e-06 -0.00097486607432866574 -0.00034290990702731759 0.0006861597259130007 1.3807669945271451e-05 0.00021713491134794252 -0.00022668504220049198
leaf_weight=3428 107 116 100 15354 103 1060
leaf_count=3428 107 116 100 15354 103 1060
internal_value=7.27569e-05 -0.0113567 0.0030543 -0.000171679 -0.00279047 -0.0123502
internal_weight=20268 323 216 19945 4591 1163
internal_count=20268 323 216 19945 4591 1163
is_linear=0
shrinkage=0.05


Tree=131
num_leaves=7
num_cat=0
split_feature=38 49 38 0 50 10
split_gain=19.9901 18.2178 27.5452 57.3446 50.2452 50.1305
threshold=-0.033638870343565934 0.15886788815259936 1.0000000180025095e-35 -0.018242285586893555 0.60667249560356151 -0.045702205970883363
decision_type=2 2 2 2 2 2
left_child=-1 -2 3 5 -4 -3
right_child=1 2 4 -5 -6 -7
leaf_value=-0.00023894216848961252 2.8968453596288315e-05 -0.00080503240255132128 -0.0001894678200796505 0.00010869951477831958 3.4637320241288668e-05 -4.3669906749520878e-05
leaf_weight=319 11642 184 2370 2882 2160 657
leaf_count=319 11642 184 2370 2882 2160 657
internal_value=6.30595e-05 9.67337e-05 -0.00169835 0.00148203 -0.00431643 -0.00995863
internal_weight=20214 19895 8253 3723 4530 841
internal_count=20214 19895 8253 3723 4530 841
is_linear=0
shrinkage=0.05


Tree=132
num_leaves=7
num_cat=0
split_feature=23 3 42 0 12 53
split_gain=16.0807 49.2709 44.2382 60.3377 33.9146 33.8148
threshold=-0.00061126585933379818 0.012828816194087269 0.16122262924909594 -0.028189739212393757 -0.064333915710449205 0.09058213979005815
decision_type=2 2 2 2 2 8
left_child=-1 2 4 -4 -2 -6
right_child=1 -3 3 -5 5 -7
leaf_value=2.8481763658451562e-05 -0.00044048949053364394 -0.00031455233106348235 -0.00074591698849270122 0.00090629608997640655 8.4501528460849702e-05 -4.3154389990048827e-05
leaf_weight=9853 344 809 62 229 2982 6007
leaf_count=9853 344 809 62 229 2982 6007
internal_value=0.000102262 -0.00136281 -0.000360889 0.0186655 -0.000966481 -0.000369691
internal_weight=20286 10433 9624 291 9333 8989
internal_count=20286 10433 9624 291 9333 8989
is_linear=0
shrinkage=0.05


Tree=133
num_leaves=7
num_cat=0
split_feature=35 55 32 49 36 55
split_gain=18.0412 36.8291 37.9873 45.3094 36.0622 35.9953
threshold=-0.80302551388740528 45029.466796875007 0.19319792091846469 1.1242945194244387 -0.93701687455177296 233105.24218750003
decision_type=2 10 2 2 2 8
left_child=1 4 5 -4 -1 -3
right_child=-2 2 3 -5 -6 -7
leaf_value=9.5182117530325232e-05 3.9419811901741748e-06 0.00022066851672186764 -0.00046600049126411657 0.0006673846997162663 -0.00071294770621994344 -0.0001540590476216997
leaf_weight=94 19023 560 211 52 197 224
leaf_count=94 19023 560 211 52 197 224
internal_value=0.000150987 -0.00578928 -0.00135456 -0.0176306 -0.0213682 0.00415082
internal_weight=20361 1338 1047 263 291 784
internal_count=20361 1338 1047 263 291 784
is_linear=0
shrinkage=0.05


Tree=134
num_leaves=7
num_cat=0
split_feature=26 32 45 0 21 35
split_gain=24.7479 34.4279 41.8249 50.0583 37.5069 42.1021
threshold=0.11114509776234628 0.65573155879974376 0.072063639760017409 -0.028189739212393757 0.57500001788139354 -0.2518093734979629
decision_type=2 2 2 2 2 2
left_child=1 4 3 -3 -1 -6
right_child=-2 2 -4 -5 5 -7
leaf_value=-2.8489950913246702e-05 9.4043154474652993e-05 0.00051789641835613381 -0.00022406300893194615 -3.579419566961656e-05 -2.8923286360545578e-05 0.00016938950827875992
leaf_weight=8919 1911 145 1427 449 3354 4032
leaf_count=8919 1911 145 1427 449 3354 4032
internal_value=0.000146972 -0.000478697 -0.00662636 0.00446578 0.000283568 0.00291909
internal_weight=20237 18326 2021 594 16305 7386
internal_count=20237 18326 2021 594 16305 7386
is_linear=0
shrinkage=0.05


Tree=135
num_leaves=7
num_cat=0
split_feature=44 3 39 22 54 44
split_gain=16.9665 45.837 32.8361 36.0905 30.1706 26.0339
threshold=0.064790092408657088 0.0048268164973706016 -0.028137605637311932 0.37500000000000006 -0.025816828012466427 0.049369227141141898
decision_type=2 2 2 2 8 2
left_child=2 -2 -1 4 -4 -6
right_child=1 -3 3 -5 5 -7
leaf_value=0.00028551592838801297 0.00036605352288165949 5.1918957249858027e-06 0.00016423947043279303 0.00027556997854999627 1.2102049614128009e-05 -0.00020537458935168345
leaf_weight=118 212 18571 89 129 277 1049
leaf_count=118 212 18571 89 129 277 1049
internal_value=6.23472e-05 0.000538908 -0.00472406 -0.00669787 -0.00903169 -0.0109504
internal_weight=20445 18783 1662 1544 1415 1326
internal_count=20445 18783 1662 1544 1415 1326
is_linear=0
shrinkage=0.05


Tree=136
num_leaves=7
num_cat=0
split_feature=55 48 36 12 46 45
split_gain=23.5772 31.265 48.5098 44.5632 44.4603 56.0013
threshold=233105.24218750003 0.4624208807945252 -0.094456590712070451 -0.035035569220781319 0.80511948466300975 0.072063639760017409
decision_type=10 2 2 2 2 2
left_child=-1 2 3 -2 -4 -6
right_child=1 -3 4 -5 5 -7
leaf_value=1.8068026713717928e-05 2.9225143350586859e-05 -0.00024172055024228556 -0.00091635706129654609 -0.00043448748825768331 -0.00018501205935824252 0.00053209985087635577
leaf_weight=17647 517 758 87 407 303 642
leaf_count=17647 517 758 87 407 303 642
internal_value=2.82333e-05 -0.00396285 -0.000599184 -0.00890743 0.00682257 0.0100263
internal_weight=20361 2714 1956 924 1032 945
internal_count=20361 2714 1956 924 1032 945
is_linear=0
shrinkage=0.05


Tree=137
num_leaves=7
num_cat=0
split_feature=24 21 44 30 3 45
split_gain=16.7 37.6105 21.998 35.1831 51.2466 33.671
threshold=0.10568368062376977 0.42499999701976782 0.14466013014316562 43.746477127075202 0.012271954677999021 0.10653135553002359
decision_type=2 2 2 2 2 2
left_child=2 -2 -1 -4 5 -5
right_child=1 -3 3 4 -6 -7
leaf_value=-2.5713694822807056e-06 0.00012897088257276358 -0.0003545009996589234 0.00055330415416431414 -0.00051978603255230574 -0.00021179680225566879 0.00087807730273927744
leaf_weight=18456 160 465 436 55 482 237
leaf_count=18456 160 465 436 55 482 237
internal_value=0.000112091 -0.00797619 0.000293579 0.0068107 0.000353017 0.0167508
internal_weight=20291 625 19666 1210 774 292
internal_count=20291 625 19666 1210 774 292
is_linear=0
shrinkage=0.05


Tree=138
num_leaves=7
num_cat=0
split_feature=6 44 55 21 22 55
split_gain=18.5348 42.6793 45.2658 65.6588 56.197 53.4763
threshold=0.14759038388729098 0.13113622367382052 56519.847656250007 0.57500001788139354 0.92499998211860668 233105.24218750003
decision_type=2 2 8 2 2 8
left_child=1 2 3 -1 -5 -4
right_child=-2 -3 5 4 -6 -7
leaf_value=-0.00034797166480331183 -2.0826590545566014e-05 0.00046366569060718389 0.00032951952165774561 0.00031260390720350774 -0.0011012846407709538 3.5211002876949384e-06
leaf_weight=898 16354 501 520 634 87 1297
leaf_count=898 16354 501 520 634 87 1297
internal_value=1.35495e-05 0.00269533 0.000690206 -0.00537254 0.00581956 0.00610593
internal_weight=20291 3937 3436 1619 721 1817
internal_count=20291 3937 3436 1619 721 1817
is_linear=0
shrinkage=0.05


Tree=139
num_leaves=7
num_cat=0
split_feature=6 25 35 53 3 44
split_gain=17.0129 31.0946 34.9453 56.7774 30.5862 39.7254
threshold=0.14759038388729098 -0.038379419595003121 -0.42535892128944391 0.61588051915168773 0.012828816194087269 0.15562175214290622
decision_type=2 2 2 8 2 2
left_child=1 -1 3 -3 5 -2
right_child=4 2 -4 -5 -6 -7
leaf_value=-0.00011895212422599468 -1.0355109774449462e-05 0.00013425721863595348 0.00014196191515898743 -0.00037320157254323427 -0.00022497418409531946 0.00064045719685560699
leaf_weight=828 14865 687 2131 286 1142 288
leaf_count=828 14865 687 2131 286 1142 288
internal_value=2.84203e-05 0.00283846 0.00513831 -0.00268405 -0.00082362 -0.000225953
internal_weight=20227 3932 3104 973 16295 15153
internal_count=20227 3932 3104 973 16295 15153
is_linear=0
shrinkage=0.05


Tree=140
num_leaves=7
num_cat=0
split_feature=39 52 48 31 55 44
split_gain=18.6327 32.7493 23.057 43.6936 36.3907 45.71
threshold=0.067430671304464354 -0.0067804644349962464 -0.24936728179454801 43.232709884643562 72652.683593750015 0.13775340467691424
decision_type=2 10 2 2 10 2
left_child=2 -2 4 -4 5 -1
right_child=1 -3 3 -5 -6 -7
leaf_value=-0.00010944955948820373 0.00022718998795171494 -0.00019572262407230304 0.00029964216775063215 6.4028598483650299e-06 4.1836484329241816e-05 0.00032562052884255866
leaf_weight=6036 438 201 579 9392 3147 462
leaf_count=6036 438 201 579 9392 3147 462
internal_value=4.81244e-05 0.00811335 -0.00052877 0.00115527 -0.00227202 -0.0044095
internal_weight=20255 639 19616 9971 9645 6498
internal_count=20255 639 19616 9971 9645 6498
is_linear=0
shrinkage=0.05


Tree=141
num_leaves=7
num_cat=0
split_feature=54 10 44 44 3 26
split_gain=18.5001 17.6832 16.3281 14.9867 43.7904 37.7435
threshold=-0.51974195241928089 0.046312708407640464 0.095630675554275527 0.062140231952071197 0.0043785786256194123 0.015594729222357275
decision_type=8 2 2 2 2 2
left_child=1 -1 -3 5 -5 -2
right_child=3 2 -4 4 -6 -7
leaf_value=-0.00025251928421546327 -0.00010214601129028847 0.0003120188362837134 -0.00011391038082405724 0.0007325768752120507 1.5245528492210959e-05 9.6848145745268927e-05
leaf_weight=792 874 122 162 94 17862 421
leaf_count=792 874 122 162 94 17862 421
internal_value=7.25457e-05 -0.00617484 0.00441176 0.000546583 0.000922833 -0.00463462
internal_weight=20327 1076 284 19251 17956 1295
internal_count=20327 1076 284 19251 17956 1295
is_linear=0
shrinkage=0.05


Tree=142
num_leaves=7
num_cat=0
split_feature=1 39 26 39 46 38
split_gain=17.2965 49.9021 27.0229 16.4564 25.3467 22.0361
threshold=0.10442483425140382 0.0027710315771400933 -0.13523817807435987 0.067430671304464354 0.95280733704566967 0.018743066117167476
decision_type=2 2 2 2 2 2
left_child=3 -2 -3 5 -5 -1
right_child=1 2 -4 4 -6 -7
leaf_value=1.160499794696643e-05 -0.00071052756438185589 0.00059965782517876741 -0.00081411691931924989 -0.00022513918511166445 0.00026569931851301072 -7.6560744651379145e-05
leaf_weight=15893 171 99 56 158 477 3564
leaf_count=15893 171 99 56 158 477 3564
internal_value=5.26367e-05 -0.0114048 0.00890625 0.000118177 0.00800781 -0.000140016
internal_weight=20418 326 155 20092 635 19457
internal_count=20418 326 155 20092 635 19457
is_linear=0
shrinkage=0.05


Tree=143
num_leaves=7
num_cat=0
split_feature=42 3 36 20 38 44
split_gain=17.1082 43.3451 54.2959 43.694 32.4581 31.6443
threshold=0.069144319742918028 0.0069494179915636787 0.16474562883377078 0.92499998211860668 0.021797757595777515 0.066370893269777312
decision_type=2 2 2 2 2 2
left_child=5 2 4 -4 -2 -1
right_child=1 -3 3 -5 -6 -7
leaf_value=-1.1532781261480067e-05 3.0837422684173046e-05 -1.2367674661862834e-06 -0.00034222107903867657 0.00017229941504795558 -0.00060619447765779743 0.00017562439461988189
leaf_weight=1836 848 15038 620 100 68 1731
leaf_count=1836 848 15038 620 100 68 1731
internal_value=5.80362e-05 -0.000921818 -0.00863803 -0.0188621 -0.000515744 0.00289054
internal_weight=20241 16674 1636 720 916 3567
internal_count=20241 16674 1636 720 916 3567
is_linear=0
shrinkage=0.05


Tree=144
num_leaves=7
num_cat=0
split_feature=35 32 26 21 35 46
split_gain=15.5335 34.5848 40.4882 43.9022 37.8467 47.4934
threshold=-0.21997004002332685 0.39434839785099035 0.11114509776234628 0.42499999701976782 -0.036873713135719292 1.1927195191383364
decision_type=2 2 2 2 2 2
left_child=-1 -2 4 -4 -3 -6
right_child=1 2 3 -5 5 -7
leaf_value=-4.244081256638273e-05 5.1024523943426607e-05 0.0001620838734114439 0.00040189288281898463 -3.348433073456233e-05 -0.00021107856784873181 0.0003069503412829392
leaf_weight=6628 9268 472 427 882 2443 189
leaf_count=6628 9268 472 427 882 2443 189
internal_value=5.78419e-05 0.000871328 -0.00276709 0.00458524 -0.0058781 -0.00821957
internal_weight=20309 13681 4413 1309 3104 2632
internal_count=20309 13681 4413 1309 3104 2632
is_linear=0
shrinkage=0.05


Tree=145
num_leaves=7
num_cat=0
split_feature=6 54 53 50 30 55
split_gain=19.312 24.5151 22.954 45.3912 22.8921 31.5849
threshold=0.92979794740676891 -0.51974195241928089 0.82072654366493236 1.3706768155097964 34.313144683837898 582.74291992187511
decision_type=2 8 10 2 2 8
left_child=1 -1 -3 4 -4 -6
right_child=-2 2 3 -5 5 -7
leaf_value=-0.0001683837618417953 -8.2424314144046885e-05 2.2563487674127654e-05 0.00026788002779633491 0.00056671089604348431 -3.841549570830984e-05 -0.00049874234357962335
leaf_weight=1061 1985 16508 115 108 231 345
leaf_count=1061 1985 16508 115 108 231 345
internal_value=0.000116662 0.000297992 0.000752368 -0.00749378 -0.0122486 -0.0163081
internal_weight=20353 18368 17307 799 691 576
internal_count=20353 18368 17307 799 691 576
is_linear=0
shrinkage=0.05


Tree=146
num_leaves=7
num_cat=0
split_feature=55 0 6 53 9 21
split_gain=15.3575 39.3207 47.5759 35.451 32.232 32.4169
threshold=233105.24218750003 -0.054936757311224931 0.55067998170852672 0.40311254560947424 -0.017535278573632237 0.12500000372529033
decision_type=10 2 2 10 2 2
left_child=-1 -2 3 4 5 -3
right_child=1 2 -4 -5 -6 -7
leaf_value=1.2966175412589421e-05 0.00051428428500943917 -0.00059676066711635066 -0.00023744976149169016 -0.00022656376506420404 0.00052941756051713207 9.2183889674426152e-05
leaf_weight=17524 145 68 903 328 146 1104
leaf_count=17524 145 68 903 328 146 1104
internal_value=6.3047e-05 -0.00336236 -0.00482576 0.000227135 0.00391156 0.00108326
internal_weight=20218 2694 2549 1646 1318 1172
internal_count=20218 2694 2549 1646 1318 1172
is_linear=0
shrinkage=0.05


Tree=147
num_leaves=7
num_cat=0
split_feature=35 39 55 55 22 17
split_gain=15.3087 37.0997 37.9552 95.7031 54.0852 46.8813
threshold=-0.21997004002332685 -0.049111248925328248 84366.121093750015 116273.35156250001 0.32500000298023229 0.17500000447034839
decision_type=2 2 10 8 2 2
left_child=1 -1 -3 -4 -5 -6
right_child=-2 2 3 4 5 -7
leaf_value=-0.00038488057645898313 1.8495980323253189e-05 -7.8141656019180909e-05 0.00073623217915877665 0.00048687054562009325 0.00029575017670884185 -0.00016541085022073952
leaf_weight=264 13613 4279 331 133 421 1212
leaf_count=264 13613 4279 331 133 421 1212
internal_value=0.000102429 -0.00178706 -0.00101473 0.00448382 -0.00015528 -0.00270147
internal_weight=20253 6640 6376 2097 1766 1633
internal_count=20253 6640 6376 2097 1766 1633
is_linear=0
shrinkage=0.05


Tree=148
num_leaves=7
num_cat=0
split_feature=1 39 26 10 48 54
split_gain=18.2341 45.3898 20.2191 16.5408 40.0496 14.3471
threshold=0.10442483425140382 0.0071669002063572415 -0.17182729393243787 -0.1871228218078613 -0.98368316888809193 -0.054620124399662011
decision_type=2 2 2 2 2 8
left_child=3 -2 -3 4 -1 -5
right_child=1 2 -4 5 -6 -7
leaf_value=0.00090188853804486701 -0.00062180989981120858 0.0011557559072165602 -0.00016983043495523458 -5.6690557176041241e-05 -0.00081506381706475818 1.3503585697032168e-05
leaf_weight=90 202 57 60 3406 158 16297
leaf_count=90 202 57 60 3406 158 16297
internal_value=9.74106e-05 -0.0118056 0.0125 0.000151583 -0.0125494 0.000315862
internal_weight=20270 319 117 19951 248 19703
internal_count=20270 319 117 19951 248 19703
is_linear=0
shrinkage=0.05


Tree=149
num_leaves=7
num_cat=0
split_feature=48 55 24 44 55 13
split_gain=15.7719 39.5759 52.1904 36.3449 34.8196 51.7435
threshold=-0.12946787476539609 116273.35156250001 0.016614705324172977 0.058161057531833656 149039.20312500003 0.0077894942369312057
decision_type=2 10 2 2 8 2
left_child=-1 3 -3 -2 -4 -6
right_child=1 2 4 -5 5 -7
leaf_value=-1.922823929940493e-05 -0.0002295976490402006 0.00010425221500906576 -0.00043604124097698183 8.7319423657417221e-05 -0.00027787307831048346 6.8006842378605725e-05
leaf_weight=10663 69 800 290 7309 509 599
leaf_count=10663 69 800 290 7309 509 599
internal_value=0.000156837 0.00166736 -0.00421017 0.00342341 -0.0100321 -0.00590746
internal_weight=20239 9576 2198 7378 1398 1108
internal_count=20239 9576 2198 7378 1398 1108
is_linear=0
shrinkage=0.05


Tree=150
num_leaves=7
num_cat=0
split_feature=6 9 3 43 0 55
split_gain=17.6217 27.9874 43.9803 38.2808 42.7842 31.4068
threshold=0.91309314966201793 -0.010858372785151003 0.012523777782917024 0.1187802664935589 -0.036302277818322175 85.060867309570327
decision_type=2 2 2 2 2 8
left_child=1 -1 3 4 -3 -6
right_child=-2 2 -4 -5 5 -7
leaf_value=-7.4219145898713677e-06 -7.3062792563071961e-05 -0.00038707897629484473 -0.00076711700088455685 0.0010593526843361047 0.00069200640700659748 6.7702238427950692e-05
leaf_weight=15031 2355 244 106 103 243 2222
leaf_count=15031 2355 244 106 103 243 2222
internal_value=3.32365e-05 0.000474825 0.0049521 0.00616791 0.00498342 0.00697368
internal_weight=20304 17949 2918 2812 2709 2465
internal_count=20304 17949 2918 2812 2709 2465
is_linear=0
shrinkage=0.05


Tree=151
num_leaves=7
num_cat=0
split_feature=35 55 40 24 43 49
split_gain=17.1786 32.7132 36.5147 33.5964 40.7571 37.9369
threshold=-0.80302551388740528 45029.466796875007 0.083926346153020873 0.016614705324172977 0.067603871226310744 1.1242945194244387
decision_type=2 10 2 2 2 2
left_child=1 2 -1 4 -3 -5
right_child=-2 3 -4 5 -6 -7
leaf_value=-0.00085918020693891259 9.0346294960561017e-06 0.00057191700410480853 -5.935618805090916e-05 -0.00041347265504312051 -2.1130913194390613e-06 0.00065779303582179827
leaf_weight=109 18828 88 169 221 681 58
leaf_count=109 18828 88 169 221 681 58
internal_value=0.000132695 -0.00531555 -0.0204064 -0.00121083 0.00416667 -0.0159331
internal_weight=20154 1326 278 1048 769 279
internal_count=20154 1326 278 1048 769 279
is_linear=0
shrinkage=0.05


Tree=152
num_leaves=7
num_cat=0
split_feature=55 0 0 44 11 27
split_gain=20.0627 35.8964 45.6625 33.5722 40.1263 37.8712
threshold=233105.24218750003 -0.060758793726563447 0.012848391663283111 0.075505770742893233 -0.0024510307703167196 0.010508283972740175
decision_type=10 2 2 2 2 2
left_child=-1 -2 -3 -4 -5 -6
right_child=1 2 3 4 5 -7
leaf_value=9.2651272852536807e-06 0.00054880662968178793 -0.00023678813790650418 0.00043041212221978662 0.00020477433512718253 -0.00042372109333804043 0.00029534470391688502
leaf_weight=17618 115 1455 171 425 390 163
leaf_count=17618 115 1455 171 425 390 163
internal_value=5.77623e-05 -0.00401065 -0.00524147 0.00218804 -0.00139878 -0.0102599
internal_weight=20337 2719 2604 1149 978 553
internal_count=20337 2719 2604 1149 978 553
is_linear=0
shrinkage=0.05


Tree=153
num_leaves=7
num_cat=0
split_feature=40 58 0 1 35 49
split_gain=18.2149 51.404 52.2943 37.377 35.288 40.8391
threshold=0.12975695729255679 0.00046015848056413239 0.032067038118839271 0.013734898064285518 -0.69612500071525563 -1.7356249094009397
decision_type=2 8 2 2 2 2
left_child=-1 2 3 4 -2 -6
right_child=1 -3 -4 -5 5 -7
leaf_value=4.9789451838178594e-06 0.00057706531174047315 0.00049925733351088039 0.000100536817041783 -0.00057601475016547284 0.00046865344748216994 -0.00040058163833327378
leaf_weight=18338 92 184 691 531 101 333
leaf_count=18338 92 184 691 531 101 333
internal_value=3.82244e-05 -0.00478833 -0.00745864 -0.0144303 -0.00484934 -0.010877
internal_weight=20270 1932 1748 1057 526 434
internal_count=20270 1932 1748 1057 526 434
is_linear=0
shrinkage=0.05


Tree=154
num_leaves=7
num_cat=0
split_feature=32 46 16 21 22 55
split_gain=16.3315 39.2493 34.6667 42.2937 33.3778 38.5463
threshold=0.82073041796684276 0.94176447391510021 0.82500001788139354 0.42499999701976782 0.32500000298023229 174995.59375000003
decision_type=2 2 2 2 2 8
left_child=-1 4 3 -3 5 -2
right_child=1 2 -4 -5 -6 -7
leaf_value=9.675983430742939e-06 0.00017568463044010231 0.00042546144216359157 -0.00015194078441654703 -2.0692526174866981e-05 -0.00043713044501420857 -0.00046704640020455682
leaf_weight=18361 196 256 571 409 407 57
leaf_count=18361 196 256 571 409 407 57
internal_value=3.33136e-05 -0.00430037 0.000946817 0.00869403 -0.0140977 9.68992e-05
internal_weight=20257 1896 1236 665 660 253
internal_count=20257 1896 1236 665 660 253
is_linear=0
shrinkage=0.05


Tree=155
num_leaves=7
num_cat=0
split_feature=38 47 36 36 38 45
split_gain=17.3004 24.3407 19.2594 39.2608 32.8394 47.9258
threshold=-0.033638870343565934 0.92975378036499035 0.2242136746644974 0.42617307603359228 -0.0065597170032560817 0.080333456397056593
decision_type=2 2 2 2 2 2
left_child=1 -1 -2 -4 5 -5
right_child=2 -3 3 4 -6 -7
leaf_value=-0.0006455028319374426 2.2899087427909834e-05 -1.470186940639804e-05 -0.00019205241515492062 -4.1932856157882407e-05 -3.7851071944344783e-05 0.00037002990460590019
leaf_weight=115 13019 220 1917 623 3480 965
leaf_count=115 13019 220 1917 623 3480 965
internal_value=0.00015115 -0.01125 0.000123694 -0.00199213 0.000310467 0.00626177
internal_weight=20339 335 20004 6985 5068 1588
internal_count=20339 335 20004 6985 5068 1588
is_linear=0
shrinkage=0.05


Tree=156
num_leaves=7
num_cat=0
split_feature=10 43 3 1 49 6
split_gain=18.4312 34.2519 16.8937 16.5297 31.3885 15.7744
threshold=-0.1871228218078613 0.14618669450283053 0.013298945035785438 0.10442483425140382 0.54659894108772289 0.91309314966201793
decision_type=2 2 2 2 2 2
left_child=1 -1 -3 5 -5 -2
right_child=3 2 -4 4 -6 -7
leaf_value=-0.00080754742169255743 1.5552959401981762e-05 0.0015589335707848172 -0.00030907963851009297 5.4100312727779769e-05 -0.00076759157429028783 -5.6525982025736776e-05
leaf_weight=204 17361 73 63 124 92 2325
leaf_count=204 17361 73 63 124 92 2325
internal_value=6.29723e-05 -0.0115217 0.00762411 0.000134375 -0.0134615 0.000288203
internal_weight=20242 340 136 19902 216 19686
internal_count=20242 340 136 19902 216 19686
is_linear=0
shrinkage=0.05


Tree=157
num_leaves=7
num_cat=0
split_feature=53 50 45 26 44 58
split_gain=20.2322 29.0967 25.6235 21.1553 49.1616 40.1919
threshold=0.97300788760185253 1.2709575295448305 0.11899301037192346 0.12056851387023927 0.12827288359403613 -6.8962421210017042e-05
decision_type=10 2 2 2 2 10
left_child=3 -2 -3 -1 5 -5
right_child=1 2 -4 4 -6 -7
leaf_value=-7.050322982338946e-06 -0.00027938594645852933 0.00044201609280824188 -0.00059237062111646387 1.9434289807864437e-05 -0.00070629377556845406 0.00043011938777174502
leaf_weight=18094 549 166 56 791 89 540
leaf_count=18094 549 166 56 791 89 540
internal_value=0.000102267 -0.00815077 0.00693833 8.06906e-05 0.00594737 0.00840195
internal_weight=20285 771 222 19514 1420 1331
internal_count=20285 771 222 19514 1420 1331
is_linear=0
shrinkage=0.05


Tree=158
num_leaves=7
num_cat=0
split_feature=42 3 10 26 20 31
split_gain=21.43 33.1203 38.2416 35.9019 35.0726 29.2509
threshold=0.069144319742918028 0.0069494179915636787 -0.036720953881740563 0.096606846898794188 0.92499998211860668 50.801095962524421
decision_type=2 2 2 2 2 2
left_child=-1 2 5 4 -4 -2
right_child=1 -3 3 -5 -6 -7
leaf_value=4.4745916090953861e-05 0.00040697789401029623 -6.2892264203985616e-06 -0.00023681750468032938 0.00012052671978489284 0.00025103012402776545 -8.3336038882989266e-05
leaf_weight=3572 107 15081 1153 187 98 107
leaf_count=3572 107 15081 1153 187 98 107
internal_value=6.2777e-05 -0.000999223 -0.00770972 -0.0106549 -0.0137142 0.011758
internal_weight=20305 16733 1652 1438 1251 214
internal_count=20305 16733 1652 1438 1251 214
is_linear=0
shrinkage=0.05


Tree=159
num_leaves=7
num_cat=0
split_feature=0 26 41 58 52 41
split_gain=17.8307 51.0336 58.9453 43.0543 41.7076 44.0931
threshold=-0.0063438827637583009 -0.086253043264150606 0.10162393748760225 5.9643611166393391e-05 0.00010698428377509118 0.064745049923658385
decision_type=2 2 2 10 10 2
left_child=1 2 -1 -2 -3 -6
right_child=3 4 -4 -5 5 -7
leaf_value=0.00014495575571890821 -4.9695502892117051e-06 3.2329627172620148e-05 -0.00056055101398086189 0.00014081315833594385 -0.00051745165596829297 -8.2760702656170391e-05
leaf_weight=266 9714 5523 575 2333 225 1656
leaf_count=266 9714 5523 575 2333 225 1656
internal_value=8.25245e-05 -0.0018697 -0.0135047 0.00114711 -0.00053651 -0.00695917
internal_weight=20292 8245 841 12047 7404 1881
internal_count=20292 8245 841 12047 7404 1881
is_linear=0
shrinkage=0.05


Tree=160
num_leaves=7
num_cat=0
split_feature=29 7 21 32 26 40
split_gain=15.2155 31.0038 23.4895 57.7417 49.1994 41.3266
threshold=0.072277046740055098 0.62405243515968334 0.57500001788139354 0.55130881071090709 0.13240554183721545 0.12096252664923669
decision_type=2 2 2 2 2 2
left_child=2 -2 4 -4 5 -1
right_child=1 -3 3 -5 -6 -7
leaf_value=-2.3992630251895618e-05 0.00012810158715826243 -0.00023327726414874061 0.00010278760155862353 -0.00015750243989725752 0.00025571174091329951 -0.00047012826905286305
leaf_weight=9909 284 698 7213 1347 502 379
leaf_count=9909 284 698 7213 1347 502 379
internal_value=9.21965e-05 -0.00625633 0.000107207 0.00206363 -0.0014428 -0.00219324
internal_weight=20332 982 19350 8560 10790 10288
internal_count=20332 982 19350 8560 10790 10288
is_linear=0
shrinkage=0.05


Tree=161
num_leaves=7
num_cat=0
split_feature=56 0 39 7 26 42
split_gain=16.4176 26.3596 23.2108 20.5474 36.5128 24.223
threshold=1.5868633518323353e-08 -0.0050537921488285056 0.050232456997036941 0.66027316451072704 -0.13523817807435987 0.11213172599673273
decision_type=8 2 2 2 2 2
left_child=1 -1 -3 -2 -5 -6
right_child=3 2 -4 4 5 -7
leaf_value=-3.5938546678249815e-05 9.1829818344177448e-06 0.00019777392182437201 -0.00026457388135534059 -0.00047703675636250352 -7.1953464959154329e-05 0.00012046223662735114
leaf_weight=1227 10752 1562 190 300 4992 1171
leaf_count=1227 10752 1562 190 300 4992 1171
internal_value=6.80727e-05 0.00322554 0.00715709 -0.000791231 -0.00301871 -0.00217656
internal_weight=20194 2979 1752 17215 6463 6163
internal_count=20194 2979 1752 17215 6463 6163
is_linear=0
shrinkage=0.05


Tree=162
num_leaves=7
num_cat=0
split_feature=54 47 12 55 21 12
split_gain=15.0384 15.5984 45.6748 23.3418 16.3063 47.7782
threshold=-1.208008825778961 0.61003026366233837 0.031364645808935172 45029.466796875007 0.57500001788139354 0.052382532507181175
decision_type=8 2 2 8 2 2
left_child=-1 2 3 -2 -3 -6
right_child=1 4 -4 -5 5 -7
leaf_value=-0.00025809412668245207 -0.0004387166297395079 -1.227842157712259e-05 -0.0011257509230993723 4.5595518982335507e-05 9.1353089755883462e-05 -0.00015249796134929027
leaf_weight=274 92 10912 73 154 7582 1253
leaf_count=274 92 10912 73 154 7582 1253
internal_value=0.000116736 0.000307658 -0.010571 0 0.000487292 0.00208428
internal_weight=20340 20066 319 246 19747 8835
internal_count=20340 20066 319 246 19747 8835
is_linear=0
shrinkage=0.05


Tree=163
num_leaves=7
num_cat=0
split_feature=35 36 33 50 44 46
split_gain=14.0015 54.6608 17.6275 26.038 22.8576 21.3808
threshold=-0.86695316433906544 -0.93701687455177296 -0.23428558558225629 -1.8963842988014219 0.11978268623352052 0.88123705983161937
decision_type=2 2 2 2 2 2
left_child=1 -1 5 4 -4 -2
right_child=2 -3 3 -5 -6 -7
leaf_value=5.9084709462990999e-05 0.00019388112709015236 -0.00052768310516323666 -0.00049170773067174259 -7.4625818503186279e-06 0.00052073180282357311 2.5558243151448417e-05
leaf_weight=191 823 145 280 15672 59 3081
leaf_count=191 823 145 280 15672 59 3081
internal_value=0 -0.0101906 2.63554e-05 -0.000707105 -0.0143169 0.00303786
internal_weight=20251 336 19915 16011 339 3904
internal_count=20251 336 19915 16011 339 3904
is_linear=0
shrinkage=0.05


Tree=164
num_leaves=7
num_cat=0
split_feature=54 46 42 39 34 35
split_gain=14.487 17.2778 17.134 18.9276 17.2691 23.6031
threshold=-0.51974195241928089 0.74799594283103954 0.094750568270683302 -0.037529276683926575 -0.090631134808063493 -0.036873713135719292
decision_type=8 2 2 2 2 2
left_child=1 -1 3 -3 -5 -6
right_child=-2 2 -4 4 5 -7
leaf_value=0.00045584723164256006 5.9388370678075973e-06 -0.00071137043855188048 -0.00028311926017475563 0.00053185027005299066 -0.00058165874170580927 0.00022724734785316107
leaf_weight=62 19121 58 714 102 57 90
leaf_count=62 19121 58 714 102 57 90
internal_value=9.77287e-05 -0.00553768 -0.00713938 0.00264423 0.00875984 -0.00213816
internal_weight=20204 1083 1021 307 249 147
internal_count=20204 1083 1021 307 249 147
is_linear=0
shrinkage=0.05


Tree=165
num_leaves=7
num_cat=0
split_feature=8 34 22 1 54 51
split_gain=18.6992 38.4249 25.6962 25.3818 33.2746 31.9718
threshold=0.10276849195361139 -0.76595747470855702 0.32500000298023229 -0.028093671426177021 -0.054620124399662011 0.018038225360214714
decision_type=2 2 2 2 10 10
left_child=2 -2 3 4 -1 -5
right_child=1 -3 -4 5 -6 -7
leaf_value=-0.00017950469020131552 -0.00041721424386688709 -6.3423971139860908e-06 0.00013363122564669325 -0.00016338622750290831 0.00052963429311823321 0.00035298688267467593
leaf_weight=61 162 16842 2309 793 108 86
leaf_count=61 162 16842 2309 793 108 86
internal_value=0.000160807 -0.000533541 0.003547 -0.00292023 0.0145115 -0.00636312
internal_weight=20361 17004 3357 1048 169 879
internal_count=20361 17004 3357 1048 169 879
is_linear=0
shrinkage=0.05


Tree=166
num_leaves=7
num_cat=0
split_feature=48 22 40 53 36 2
split_gain=15.0635 37.6199 73.5047 55.3698 38.4987 44.2402
threshold=-0.12946787476539609 0.77500000596046459 0.099695544689893736 -0.46085460484027857 -0.28815208375453943 0.0086369705386459845
decision_type=2 2 2 10 2 2
left_child=1 2 -1 -4 -3 -6
right_child=-2 4 3 -5 5 -7
leaf_value=-1.4772982147579419e-05 2.2914822758168677e-05 -7.3717448890486562e-05 2.2123153342577156e-05 -0.00054998483241124009 -9.4606054163411937e-05 0.0004710531234916231
leaf_weight=6428 9655 1248 453 1049 486 1013
leaf_count=6428 9655 1248 453 1049 486 1013
internal_value=8.23622e-05 -0.00150019 -0.00324827 -0.0131885 0.00353379 0.0089262
internal_weight=20332 10677 7930 1502 2747 1499
internal_count=20332 10677 7930 1502 2747 1499
is_linear=0
shrinkage=0.05


Tree=167
num_leaves=7
num_cat=0
split_feature=41 42 10 46 42 41
split_gain=14.7471 49.1834 47.9227 41.5505 42.4462 39.6746
threshold=0.069088272750377669 0.072260688990354552 -0.1099015064537525 0.94176447391510021 0.084291689097881331 0.087198231369256987
decision_type=2 2 2 2 2 2
left_child=1 -1 -3 4 -4 -2
right_child=5 2 3 -5 -6 -7
leaf_value=7.429890427890489e-06 7.9431153097338117e-05 0.00049790583867086603 -0.00015238836113647808 -0.00035761828727240669 0.00012209201243581683 -2.7619469329080717e-05
leaf_weight=3577 6248 57 515 557 244 9226
leaf_count=3577 6248 57 515 557 244 9226
internal_value=0.000140731 -0.00229566 -0.0103229 -0.0123202 -0.00461387 0.000838232
internal_weight=20424 4950 1373 1316 759 15474
internal_count=20424 4950 1373 1316 759 15474
is_linear=0
shrinkage=0.05


Tree=168
num_leaves=7
num_cat=0
split_feature=55 42 47 42 47 42
split_gain=14.4575 39.1055 80.5248 57.4006 52.5526 51.9087
threshold=487.28031921386724 0.12886740267276767 0.78580227494239818 0.094750568270683302 1.1325542330741885 0.11213172599673273
decision_type=8 2 2 2 2 2
left_child=1 3 -3 -1 -5 -6
right_child=-2 2 -4 4 5 -7
leaf_value=1.9548277616088412e-05 7.5471165914971997e-06 0.0018643650674910147 2.199879344610559e-05 -0.00049276329994310791 -0.00028904325613115974 0.00064180524072398487
leaf_weight=1413 16700 100 730 1012 174 173
leaf_count=1413 16700 100 730 1012 174 173
internal_value=6.77106e-05 -0.00304269 0.00643713 -0.00589665 -0.0132148 0.00348011
internal_weight=20302 3602 830 2772 1359 347
internal_count=20302 3602 830 2772 1359 347
is_linear=0
shrinkage=0.05


Tree=169
num_leaves=7
num_cat=0
split_feature=50 38 39 44 52 55
split_gain=15.35 45.121 42.3388 49.6115 48.9718 41.06
threshold=-0.41813011467456812 0.015485997777432205 -0.049111248925328248 0.095630675554275527 -0.0019042033818550406 233105.24218750003
decision_type=2 2 2 2 8 8
left_child=1 5 3 4 -2 -1
right_child=2 -3 -4 -5 -6 -7
leaf_value=0.00018249085094516567 -0.0013529404224043558 -6.8296700994000963e-05 -4.0977756394301998e-06 -0.00082206337182315662 0.00032486027328979005 -2.1078298712211373e-05
leaf_weight=3683 53 2217 11908 206 153 2080
leaf_count=3683 53 2217 11908 206 153 2080
internal_value=9.72667e-05 0.0019881 -0.000825558 -0.0164868 0.000829384 0.00432126
internal_weight=20300 7980 12320 412 206 5763
internal_count=20300 7980 12320 412 206 5763
is_linear=0
shrinkage=0.05


Tree=170
num_leaves=7
num_cat=0
split_feature=44 42 41 26 15 0
split_gain=17.5822 43.5399 36.1479 40.6025 47.6701 37.3041
threshold=0.066370893269777312 0.069144319742918028 0.067690569907426848 -0.042434630915522568 0.67499998211860668 -0.012000879272818564
decision_type=2 2 2 2 2 2
left_child=-1 -2 3 -3 -5 -4
right_child=1 2 5 4 -6 -7
leaf_value=-5.0736676116942567e-05 0.00014875936236678642 0.00019170006199090161 -6.1116468306599353e-05 -0.00026768954744492814 1.3318081398901823e-05 5.1280165162859508e-05
leaf_weight=1968 1740 180 5350 931 513 9586
leaf_count=1968 1740 180 5350 931 513 9586
internal_value=8.26222e-05 0.000266321 -0.000523695 -0.00759669 -0.0104037 0.000245967
internal_weight=20268 18300 16560 1624 1444 14936
internal_count=20268 18300 16560 1624 1444 14936
is_linear=0
shrinkage=0.05


Tree=171
num_leaves=7
num_cat=0
split_feature=35 47 54 22 35 55
split_gain=16.3234 26.0202 29.3724 16.8157 47.331 45.2891
threshold=-0.86695316433906544 0.99349698424339306 -0.037824600934982293 0.17500000447034839 -0.78918293118476857 24258.809570312504
decision_type=2 2 8 2 2 8
left_child=1 2 -1 4 -2 -6
right_child=3 -3 -4 -5 5 -7
leaf_value=0.00022488816990293037 0.00086639882834968224 0.00011250977400654884 -0.00034007194238314586 1.3145949551707292e-05 -0.00031629854851990226 -8.8393087465452397e-06
leaf_weight=63 76 92 183 16945 566 2393
leaf_count=63 76 92 183 16945 566 2393
internal_value=7.74984e-05 -0.0110058 -0.0194223 -3.75281e-06 -0.00342928 -0.00446188
internal_weight=20318 338 246 19980 3035 2959
internal_count=20318 338 246 19980 3035 2959
is_linear=0
shrinkage=0.05


Tree=172
num_leaves=7
num_cat=0
split_feature=38 36 12 0 2 39
split_gain=17.1946 23.133 21.8804 17.4692 45.8831 18.8254
threshold=-0.033638870343565934 -0.31173074245452875 0.025167876854538921 0.085725408047437682 0.011344192549586298 0.0071669002063572415
decision_type=2 2 2 2 2 2
left_child=1 -1 -3 -2 -5 -6
right_child=3 2 -4 4 5 -7
leaf_value=-0.00048868195521287769 8.5091168853893469e-06 -0.00022527457850597535 0.00054286692063959215 -0.00089641992787233601 0.00055838878086347939 -0.00047475852433742969
leaf_weight=127 19551 130 79 140 86 98
leaf_count=127 19551 130 79 140 86 98
internal_value=9.76949e-05 -0.0110704 -0.000584112 0.000252767 -0.0111702 0.00515873
internal_weight=20211 336 209 19875 324 184
internal_count=20211 336 209 19875 324 184
is_linear=0
shrinkage=0.05


Tree=173
num_leaves=7
num_cat=0
split_feature=35 30 20 22 55 35
split_gain=15.5833 41.0881 30.5467 22.9442 54.4025 77.4735
threshold=-0.80302551388740528 72.512153625488295 0.12500000372529033 0.67499998211860668 33.674711227416999 -0.052284980192780488
decision_type=2 2 2 2 8 2
left_child=1 2 -1 4 5 -2
right_child=3 -3 -4 -5 -6 -7
leaf_value=0.00010090218758793499 -0.00071370687155969512 0.00053170079052699691 -0.00017961578537962079 5.880212898182456e-05 -2.7940942336524608e-06 6.5921974110872444e-05
leaf_weight=242 462 83 1005 6415 11855 355
leaf_count=242 462 83 1005 6415 11855 355
internal_value=0.000111399 -0.00544944 -0.00776757 0.000137492 -0.0010945 -0.0135341
internal_weight=20417 1330 1247 19087 12672 817
internal_count=20417 1330 1247 19087 12672 817
is_linear=0
shrinkage=0.05


Tree=174
num_leaves=7
num_cat=0
split_feature=32 47 48 22 35 40
split_gain=15.1355 41.8846 31.6203 39.7433 45.7744 46.1262
threshold=0.77676531672477733 0.73488941788673412 -0.19257938861846921 0.17500000447034839 0.036013549193739898 0.070878915488719954
decision_type=2 2 2 2 2 2
left_child=2 -2 -1 4 5 -4
right_child=1 -3 3 -5 -6 -7
leaf_value=-2.6631092744931838e-05 -0.00044611096728769915 -2.344596097878203e-05 0.00026599707295287868 9.8290186805471451e-05 -0.00022293109109154625 -0.00028338298363268495
leaf_weight=10182 242 2002 294 6813 556 159
leaf_count=10182 242 2002 294 6813 556 159
internal_value=0.000127142 -0.0039462 0.000403965 0.00279481 -0.00643491 0.00529476
internal_weight=20248 2244 18004 7822 1009 453
internal_count=20248 2244 18004 7822 1009 453
is_linear=0
shrinkage=0.05


Tree=175
num_leaves=7
num_cat=0
split_feature=35 51 18 38 47 51
split_gain=19.2799 34.9586 20.7019 18.8442 30.8067 23.8902
threshold=0.83326262235641491 0.0073782410472631463 0.57500001788139354 -0.02589702699333429 0.92975378036499035 0.027416490018367771
decision_type=2 10 2 2 2 8
left_child=3 -2 -3 4 5 -1
right_child=1 2 -4 -5 -6 -7
leaf_value=-0.00010336129878067682 -0.00070671321656808842 -0.00024161801953836038 0.00034060445206674514 9.2860248116875629e-06 1.6067818952417244e-05 -0.00073291043655773259
leaf_weight=208 152 65 120 19039 600 167
leaf_count=208 152 65 120 19039 600 167
internal_value=0.000116673 -0.011769 0.00276316 0.000203557 -0.00655612 -0.0176974
internal_weight=20351 337 185 20014 975 375
internal_count=20351 337 185 20014 975 375
is_linear=0
shrinkage=0.05


Tree=176
num_leaves=7
num_cat=0
split_feature=23 3 38 53 50 5
split_gain=16.9333 46.1109 45.3759 44.6398 37.428 40.2558
threshold=0.0065768130589276561 0.012828816194087269 1.0000000180025095e-35 -0.5019930601119994 1.6079391837120058 0.6168065369129182
decision_type=2 2 2 8 2 2
left_child=-1 2 -2 -3 -4 -6
right_child=1 3 4 -5 5 -7
leaf_value=2.138785166092249e-05 9.1494681052058785e-05 0.00018094246673769815 -0.00013638778423904279 -0.00057538151194146874 0.00049289313177315163 -3.765871934210989e-05
leaf_weight=13511 2787 162 2741 437 242 410
leaf_count=13511 2787 162 2741 437 242 410
internal_value=6.77507e-05 -0.00191996 -0.000626516 -0.0151076 -0.00451001 0.00620244
internal_weight=20290 6779 6180 599 3393 652
internal_count=20290 6779 6180 599 3393 652
is_linear=0
shrinkage=0.05


Tree=177
num_leaves=7
num_cat=0
split_feature=33 46 19 15 55 15
split_gain=15.8197 37.8395 17.6185 21.2318 24.2051 19.6232
threshold=-0.33916614949703211 0.88123705983161937 0.12500000372529033 0.17500000447034839 84366.121093750015 0.075000001117587103
decision_type=2 2 2 2 10 2
left_child=1 -1 3 5 -5 -3
right_child=-2 2 -4 4 -6 -7
leaf_value=0.00038788914831794277 -6.5728142065373713e-06 2.3267045304755342e-05 0.00017646504376996432 -9.5578352620464714e-05 0.00019802384853575473 -0.00059646322689668925
leaf_weight=376 18271 124 656 470 201 186
leaf_count=376 18271 124 656 470 201 186
internal_value=0.000126916 0.00437314 0.00105055 -0.00316937 0.00181213 -0.0138889
internal_weight=20284 2013 1637 981 671 310
internal_count=20284 2013 1637 981 671 310
is_linear=0
shrinkage=0.05


Tree=178
num_leaves=7
num_cat=0
split_feature=35 55 15 26 48 46
split_gain=19.988 36.2804 38.9293 48.8333 29.4926 24.8308
threshold=-0.80302551388740528 56519.847656250007 0.22500000149011615 -0.058849034830927842 -1.6068525314331052 0.8526865839958192
decision_type=2 10 2 2 2 2
left_child=1 4 3 -3 -1 -4
right_child=-2 2 5 -5 -6 -7
leaf_value=-6.0388952608426452e-05 6.5518305737181157e-06 -0.0001175040556952587 -0.00059965101263148482 0.00055295077925927633 -0.00054197730672598968 -4.0005215006062725e-05
leaf_weight=204 18990 113 85 212 177 524
leaf_count=204 18990 113 85 212 177 524
internal_value=0.000131709 -0.00607955 -0.00071885 0.0131061 -0.0189767 -0.00818404
internal_weight=20305 1315 934 325 381 609
internal_count=20305 1315 934 325 381 609
is_linear=0
shrinkage=0.05


Tree=179
num_leaves=7
num_cat=0
split_feature=35 26 18 46 51 47
split_gain=18.1216 31.6314 60.5701 38.7869 27.063 39.5602
threshold=-0.80302551388740528 -0.0649440363049507 0.17500000447034839 0.86734008789062511 -0.025666608475148674 0.86141008138656627
decision_type=2 2 2 2 10 2
left_child=1 -1 -3 -4 -5 -6
right_child=-2 2 3 4 5 -7
leaf_value=-0.00029565229312333862 7.110656937854649e-06 0.00042459589740787425 -0.00059547629908092599 -0.00022813600183949382 0.001143930645632027 -9.1065142062235659e-06
leaf_weight=304 18979 231 130 249 59 360
leaf_count=304 18979 231 130 249 59 360
internal_value=6.76773e-05 -0.00562407 -0.00137814 -0.00793898 -0.00293462 0.00477594
internal_weight=20312 1333 1029 798 668 419
internal_count=20312 1333 1029 798 668 419
is_linear=0
shrinkage=0.05


Tree=180
num_leaves=7
num_cat=0
split_feature=11 29 38 50 53 55
split_gain=19.8069 39.7714 32.7712 69.2801 67.4098 40.8827
threshold=0.0046068786177784213 -0.056458216160535805 1.0000000180025095e-35 0.93252381682395946 0.12553188204765323 33.677667617797859
decision_type=2 2 2 2 10 10
left_child=-1 -2 3 5 -4 -3
right_child=1 2 4 -5 -6 -7
leaf_value=1.8903131410855476e-05 -0.0006015653855559102 -5.5785007622905544e-05 1.1797654117625258e-05 -0.00016417259071715095 -0.00024958074767762734 0.00027222823045121834
leaf_weight=13321 230 703 2246 1004 1369 1447
leaf_count=13321 230 703 2246 1004 1369 1447
internal_value=4.79705e-05 -0.00221659 -0.00150945 0.00220798 -0.00475829 0.00727378
internal_weight=20320 6999 6769 3154 3615 2150
internal_count=20320 6999 6769 3154 3615 2150
is_linear=0
shrinkage=0.05


Tree=181
num_leaves=7
num_cat=0
split_feature=11 3 42 36 41 26
split_gain=16.8429 38.1943 39.3575 47.621 41.4578 38.0575
threshold=0.0035001485375687484 0.012828816194087269 0.11213172599673273 -0.33243137598037714 0.11458520963788034 -0.10308148711919783
decision_type=2 2 2 2 2 2
left_child=-1 2 4 -4 -2 -3
right_child=1 5 3 -5 -6 -7
leaf_value=1.6272473943348749e-05 -3.6706145433030159e-05 -0.00061397664076672269 -0.00019643184374282035 0.00038134698999029554 -0.00058695305521257657 -6.9088835980104287e-06
leaf_weight=12549 5612 311 339 1070 112 287
leaf_count=12549 5612 311 339 1070 112 287
internal_value=-1.35568e-05 -0.00196807 -0.000942141 0.00652405 -0.00278844 -0.0140547
internal_weight=20280 7731 7133 1409 5724 598
internal_count=20280 7731 7133 1409 5724 598
is_linear=0
shrinkage=0.05


Tree=182
num_leaves=7
num_cat=0
split_feature=55 48 45 43 12 22
split_gain=21.0651 35.2396 48.3296 50.1174 70.1225 46.3337
threshold=56519.847656250007 -0.12946787476539609 0.12169220298528673 0.099990535527467742 -0.038019893690943711 0.72499999403953563
decision_type=8 2 2 2 2 2
left_child=1 5 3 4 -3 -1
right_child=-2 2 -4 -5 -6 -7
leaf_value=-0.0002003070808894082 2.5650543639677309e-05 0.00098388167365805516 -0.00018840361737856772 0.0004043065962919139 -2.9924731884362577e-05 7.2346260152262581e-05
leaf_weight=3090 11475 189 947 943 2137 1518
leaf_count=3090 11475 189 947 943 2137 1518
internal_value=0.000121897 -0.00150357 0.0017946 0.00468082 0.000718576 -0.00452525
internal_weight=20299 8824 4216 3269 2326 4608
internal_count=20299 8824 4216 3269 2326 4608
is_linear=0
shrinkage=0.05


Tree=183
num_leaves=7
num_cat=0
split_feature=42 41 10 17 41 26
split_gain=16.5638 41.8636 33.1458 32.5675 37.9114 32.1018
threshold=0.069144319742918028 0.067690569907426848 0.09872718527913095 0.27500000596046453 0.071421094238758101 -0.04751951061189174
decision_type=2 2 2 2 2 2
left_child=3 2 5 -1 -5 -2
right_child=1 -3 -4 4 -6 -7
leaf_value=-0.00012289138419181679 0.00015031251504956739 6.834980351122814e-06 0.00010634908609773651 3.9914019562126466e-05 0.00076407185835182599 -0.00019680186454460805
leaf_weight=733 149 15052 226 2593 271 1246
leaf_count=733 149 15052 226 2593 271 1246
internal_value=3.82244e-05 -0.000511152 -0.00813346 0.00322737 0.00563785 -0.0110179
internal_weight=20270 16673 1621 3597 2864 1395
internal_count=20270 16673 1621 3597 2864 1395
is_linear=0
shrinkage=0.05


Tree=184
num_leaves=7
num_cat=0
split_feature=32 46 21 10 26 21
split_gain=19.5822 42.9145 59.0147 29.7909 25.2558 24.3895
threshold=0.77676531672477733 1.0031625628471377 0.37500000000000006 0.11556267738342287 0.090864174067974104 0.52500000596046459
decision_type=2 2 2 2 2 2
left_child=5 2 3 4 -2 -1
right_child=1 -3 -4 -5 -6 -7
leaf_value=-2.2800853779783842e-05 4.7998582094898463e-05 4.0022421965260128e-05 -0.00040000501519513041 0.0003063893475492034 -0.00031577221629923159 4.9997748601223026e-05
leaf_weight=9014 314 1063 621 137 102 9119
leaf_count=9014 314 1063 621 137 102 9119
internal_value=6.74847e-05 -0.00451606 -0.0110899 0.000761649 -0.00587886 0.000436928
internal_weight=20370 2237 1174 553 416 18133
internal_count=20370 2237 1174 553 416 18133
is_linear=0
shrinkage=0.05


Tree=185
num_leaves=7
num_cat=0
split_feature=10 52 42 22 36 20
split_gain=14.6571 46.8618 31.8097 26.7832 25.1865 26.3525
threshold=0.09872718527913095 0.00054331871797330688 0.13243321329355243 0.32500000298023229 0.7967800796031953 0.42499999701976782
decision_type=2 8 2 2 2 2
left_child=-1 3 4 -2 5 -3
right_child=1 2 -4 -5 -6 -7
leaf_value=-1.2427618318345332e-06 0.00044291576066755759 -0.0002208550816775142 -0.00079083194546754288 0.00014850538446816239 -0.00072741656368885128 0.00012422470416012017
leaf_weight=17993 295 237 78 724 87 824
leaf_count=17993 295 237 78 724 87 824
internal_value=6.79247e-05 0.00423333 -0.0023355 0.0121338 -0.000151778 0.00199343
internal_weight=20238 2245 1226 1019 1148 1061
internal_count=20238 2245 1226 1019 1148 1061
is_linear=0
shrinkage=0.05


Tree=186
num_leaves=7
num_cat=0
split_feature=35 10 2 55 42 55
split_gain=14.9186 37.7353 37.0948 27.1954 41.155 31.0416
threshold=-0.80302551388740528 0.064710579812526717 0.006704343482851983 52100.339843750007 0.0935553014278412 160126.17968750003
decision_type=2 2 2 8 2 8
left_child=1 2 -1 -4 -5 -6
right_child=-2 -3 3 4 5 -7
leaf_value=0.0010015285253547745 5.7353506754725648e-06 -0.00051565514726191822 -0.00036099549562021232 -0.00011404831189500177 -3.4094922236265486e-05 0.00058981782067710545
leaf_weight=79 19007 159 210 600 125 156
leaf_count=79 19007 159 210 600 125 156
internal_value=6.26813e-05 -0.00511619 -0.00193617 -0.00440237 -0.000479684 0.0151224
internal_weight=20336 1329 1170 1091 881 281
internal_count=20336 1329 1170 1091 881 281
is_linear=0
shrinkage=0.05


Tree=187
num_leaves=7
num_cat=0
split_feature=33 35 55 55 1 47
split_gain=16.5178 26.6497 32.6035 31.3618 21.5059 16.8448
threshold=0.47524414956569677 0.050280623137950904 31178.608398437504 24258.809570312504 0.0072722993791103372 0.83840158581733715
decision_type=2 2 10 10 2 2
left_child=5 2 4 -3 -2 -1
right_child=1 3 -4 -5 -6 -7
leaf_value=4.4329507729651503e-05 -0.00043932240827004366 -3.7476230835000276e-05 0.00024427775446364384 -0.00044540288734414718 0.0001214901478115265 -8.1211090719891969e-06
leaf_weight=5153 96 359 251 205 69 14178
leaf_count=5153 96 359 251 205 69 14178
internal_value=0 -0.00626904 0.00326603 -0.0133128 -0.0136765 0.000368484
internal_weight=20311 980 416 564 165 19331
internal_count=20311 980 416 564 165 19331
is_linear=0
shrinkage=0.05


Tree=188
num_leaves=7
num_cat=0
split_feature=23 3 45 54 54 51
split_gain=16.1771 50.3355 41.7611 47.9336 39.5935 40.5447
threshold=-0.00061126585933379818 0.012523777782917024 0.1294008940458298 -0.064738836139440523 -1.0000000180025095e-35 -0.013482718728482722
decision_type=2 2 2 8 10 8
left_child=2 -2 3 -1 5 -5
right_child=1 -3 -4 4 -6 -7
leaf_value=-0.00018416441202061284 -6.8435944447136326e-06 -0.0002961598348353186 0.00025269096732824319 0.00041544748815570205 -6.060786322476177e-05 4.5255720947607209e-05
leaf_weight=1540 9493 948 1338 347 2787 3891
leaf_count=1540 9493 948 1338 347 2787 3891
internal_value=0.000101971 -0.00150536 0.00131459 2.62544e-05 0.00178165 0.0048256
internal_weight=20344 10441 9903 8565 7025 4238
internal_count=20344 10441 9903 8565 7025 4238
is_linear=0
shrinkage=0.05


Tree=189
num_leaves=7
num_cat=0
split_feature=35 45 35 41 22 33
split_gain=14.8491 42.3255 41.4341 65.9738 49.7 56.6898
threshold=0.43537886440753942 0.050991907715797431 0.24327427893877032 0.10162393748760225 0.17500000447034839 0.39724992215633398
decision_type=2 2 2 2 2 2
left_child=2 -2 -1 4 -4 -6
right_child=1 -3 3 -5 5 -7
leaf_value=4.1873811394228281e-06 0.00039423519812608509 2.3645713710437465e-05 -0.00013973245900481779 -0.00055715460672122103 0.00011769296684099405 -0.00040604492918339114
leaf_weight=14812 201 3059 380 580 1188 146
leaf_count=14812 201 3059 380 580 1188 146
internal_value=0.000126405 0.00293262 -0.000746596 -0.00699217 -0.00202152 0.00252054
internal_weight=20366 3260 17106 2294 1714 1334
internal_count=20366 3260 17106 2294 1714 1334
is_linear=0
shrinkage=0.05


Tree=190
num_leaves=7
num_cat=0
split_feature=13 46 22 51 43 21
split_gain=22.4001 43.1917 39.9106 32.5916 31.8683 43.1579
threshold=-0.015974367037415501 0.88123705983161937 0.32500000298023229 -0.02946672402322292 0.10151643678545953 0.82500001788139354
decision_type=2 2 2 8 2 2
left_child=1 -1 3 -3 5 -4
right_child=-2 2 4 -5 -6 -7
leaf_value=0.00023189581765275066 -1.3344298640845363e-05 -0.0005501971526742761 0.00028573007147093409 -6.5574857288627707e-05 -6.3906827794597491e-06 -0.00010704277199799942
leaf_weight=986 15277 261 830 707 1939 344
leaf_count=986 15277 261 830 707 1939 344
internal_value=-3.68568e-06 0.00302149 0.000740333 -0.00809353 0.00350385 0.00998728
internal_weight=20344 5067 4081 968 3113 1174
internal_count=20344 5067 4081 968 3113 1174
is_linear=0
shrinkage=0.05


Tree=191
num_leaves=7
num_cat=0
split_feature=47 12 55 10 48 33
split_gain=15.4889 44.577 30.767 19.0443 18.4084 36.3361
threshold=0.61003026366233837 0.034081948921084411 56519.847656250007 -0.021488306112587448 -0.12946787476539609 -0.33916614949703211
decision_type=2 2 10 2 2 2
left_child=1 2 3 -1 -2 -6
right_child=4 -3 -4 -5 5 -7
leaf_value=-0.00016430402264013463 -1.6124602655937653e-05 -0.001100259361446768 0.0010019314506585586 2.3631980158013609e-05 0.00036047890825133006 2.2570495655956006e-05
leaf_weight=93 10610 72 56 114 443 8985
leaf_count=93 10610 72 56 114 443 8985
internal_value=4.78457e-05 -0.0103676 -0.000466418 -0.00955189 0.000392905 0.00200095
internal_weight=20373 335 263 207 20038 9428
internal_count=20373 335 263 207 20038 9428
is_linear=0
shrinkage=0.05


Tree=192
num_leaves=7
num_cat=0
split_feature=0 44 44 44 22 58
split_gain=15.811 33.6479 45.7115 31.3303 37.4465 34.3071
threshold=-0.009211310185492037 0.12588611245155337 0.14466013014316562 0.13113622367382052 0.32500000298023229 -3.1876952562015497e-05
decision_type=2 2 2 2 2 10
left_child=1 -1 -3 5 -5 -2
right_child=3 2 -4 4 -6 -7
leaf_value=-7.0460692776022155e-06 -2.6020255842901394e-05 -0.00037952281879343169 4.4918940208172473e-05 -0.0010750124528359026 0.00023446461314785777 7.2047993362539493e-05
leaf_weight=6343 7293 731 550 59 1586 3756
leaf_count=6343 7293 731 550 59 1586 3756
internal_value=1.8452e-05 -0.00189737 -0.00927294 0.000982361 0.00740909 2.03546e-05
internal_weight=20318 7624 1281 12694 1645 11049
internal_count=20318 7624 1281 12694 1645 11049
is_linear=0
shrinkage=0.05


Tree=193
num_leaves=7
num_cat=0
split_feature=35 47 54 46 27 6
split_gain=22.2452 28.7783 27.1044 16.4984 61.5093 35.7015
threshold=-0.86695316433906544 0.97727730870246898 -0.037824600934982293 0.97016656398773204 -0.027509851381182667 0.62287119030952465
decision_type=2 2 8 2 2 2
left_child=1 2 -1 4 5 -2
right_child=3 -3 -4 -5 -6 -7
leaf_value=0.00014999414008192181 0.00022575788157935467 8.418296416912025e-05 -0.0003078063105631403 2.2314558663018356e-05 -5.3271118071058537e-05 -0.00061516244173489372
leaf_weight=59 1625 98 182 10280 8097 68
leaf_count=59 1625 98 182 10280 8097 68
internal_value=-1.83697e-05 -0.0128634 -0.0220528 -3.86052e-05 -0.00150842 0.00714075
internal_weight=20409 339 241 20070 9790 1693
internal_count=20409 339 241 20070 9790 1693
is_linear=0
shrinkage=0.05


Tree=194
num_leaves=7
num_cat=0
split_feature=10 32 55 42 41 24
split_gain=16.5384 36.6714 25.1344 19.1533 38.2658 44.0699
threshold=-0.1871228218078613 -0.76315492391586293 24258.809570312504 0.12579405307769778 0.096538092941045775 0.030651753768324855
decision_type=2 2 8 2 2 2
left_child=1 2 -1 -2 5 -5
right_child=3 -3 -4 4 -6 -7
leaf_value=0.00097223785981106038 -8.4208481585939212e-06 -0.00079111884106792402 -0.00037751589104393409 0.00099058009046470974 5.4147803937518778e-05 -0.00069631578859667774
leaf_weight=67 17052 169 102 195 2732 50
leaf_count=67 17052 169 102 195 2732 50
internal_value=1.34989e-05 -0.0110058 0.00531609 6.61376e-05 0.00376425 0.0225
internal_weight=20367 338 169 20029 2977 245
internal_count=20367 338 169 20029 2977 245
is_linear=0
shrinkage=0.05


Tree=195
num_leaves=7
num_cat=0
split_feature=4 56 32 39 48 29
split_gain=14.1109 15.5341 29.7935 17.8513 27.8763 27.8682
threshold=-1.2252485156059263 1.5868633518323353e-08 0.36521928012371069 0.06388369202613832 0.4624208807945252 0.031751653179526336
decision_type=2 8 2 2 2 2
left_child=-1 2 -2 -3 5 -5
right_child=1 3 -4 4 -6 -7
leaf_value=-0.00020889341799529108 0.00013394704301738079 -1.4714914638835891e-05 -6.1482937880613699e-05 0.00012909780309771103 -0.00010353146010578883 0.00092145362481321096
leaf_weight=338 2095 16111 822 467 299 91
leaf_count=338 2095 16111 822 467 299 91
internal_value=0.000102581 9.67823e-05 0.00346509 -0.000481647 0.00652552 0.0130995
internal_weight=20223 19885 2917 16968 857 558
internal_count=20223 19885 2917 16968 857 558
is_linear=0
shrinkage=0.05


Tree=196
num_leaves=7
num_cat=0
split_feature=23 41 10 51 45 45
split_gain=14.609 31.7398 24.598 33.114 24.1507 31.0232
threshold=0.0080309375189244765 0.1429390832781792 -0.14094035327434537 0.0039768135175108918 0.11664154753088952 0.11184636875987054
decision_type=2 2 2 8 2 2
left_child=4 -2 -3 -4 5 -1
right_child=1 2 3 -5 -6 -7
leaf_value=4.7411296754901445e-06 -2.0129185104382932e-05 -0.00090904485787903259 0.00027700734231383533 -0.000696195516253189 0.00014072506970181349 -0.00029378856206943647
leaf_weight=11149 5676 158 160 122 2518 430
leaf_count=11149 5676 158 160 122 2518 430
internal_value=6.80087e-05 -0.00213609 -0.015 -0.00583624 0.000788895 -0.00017481
internal_weight=20213 6116 440 282 14097 11579
internal_count=20213 6116 440 282 14097 11579
is_linear=0
shrinkage=0.05


Tree=197
num_leaves=7
num_cat=0
split_feature=32 46 15 38 46 22
split_gain=17.7924 46.6432 34.7082 33.0525 31.5206 30.0317
threshold=0.42423070967197424 0.93078583478927623 0.67499998211860668 -0.02589702699333429 0.70774742960929882 0.32500000298023229
decision_type=2 2 2 2 2 2
left_child=3 4 -3 -1 -2 -6
right_child=1 2 -4 -5 5 -7
leaf_value=-0.00020409720498020252 0.0004664693509005976 -0.00020652546603778079 6.6957377284610335e-05 2.8034022600549138e-05 -1.8176893375871041e-06 -0.00027272710832984564
leaf_weight=734 99 427 2933 14083 579 1311
leaf_count=734 99 427 2933 14083 579 1311
internal_value=9.29552e-05 -0.00222731 0.00135958 0.00113514 -0.00828736 -0.00974934
internal_weight=20166 5349 3360 14817 1989 1890
internal_count=20166 5349 3360 14817 1989 1890
is_linear=0
shrinkage=0.05


Tree=198
num_leaves=7
num_cat=0
split_feature=35 17 50 54 33 28
split_gain=19.6491 32.1752 37.271 37.7092 24.6601 23.3288
threshold=-0.81954708695411671 0.12500000372529033 0.39143323898315435 0.03212129324674607 -0.17962458729743955 -0.0090992990881204588
decision_type=2 2 2 8 2 2
left_child=1 4 -3 -4 5 -1
right_child=-2 2 3 -5 -6 -7
leaf_value=0.00030154608540309706 3.6622615514313609e-06 -0.00023225839572710988 0.00033929971615326385 -0.00045995944798404371 0.0007306378375838712 -0.00021741371938665424
leaf_weight=62 19357 544 123 69 104 85
leaf_count=62 19357 544 123 69 104 85
internal_value=3.80854e-05 -0.00698085 -0.012247 0.00647208 0.00830078 -0.00476974
internal_weight=20344 987 736 192 251 147
internal_count=20344 987 736 192 251 147
is_linear=0
shrinkage=0.05


Tree=199
num_leaves=7
num_cat=0
split_feature=55 0 0 55 36 43
split_gain=12.6011 36.4219 32.4186 41.5782 28.0537 43.9442
threshold=233105.24218750003 -0.060758793726563447 0.012848391663283111 258595.32031250003 -0.33243137598037714 0.074844714254140868
decision_type=10 2 2 8 2 2
left_child=-1 -2 4 -4 -3 -6
right_child=1 2 3 -5 5 -7
leaf_value=9.5352841988488613e-06 0.00050047332334764519 -0.00062835178468138451 -0.00029689139583271115 9.7044364167110924e-05 -0.00024363519854532454 3.3856017719532258e-05
leaf_weight=17477 121 219 112 1042 534 717
leaf_count=17477 121 219 112 1042 534 717
internal_value=2.34835e-05 -0.00302727 -0.0042887 0.0019629 -0.00920339 -0.0062301
internal_weight=20222 2745 2624 1154 1470 1251
internal_count=20222 2745 2624 1154 1470 1251
is_linear=0
shrinkage=0.05


Tree=200
num_leaves=7
num_cat=0
split_feature=38 50 53 9 46 42
split_gain=14.2379 38.95 36.216 31.2854 32.4492 25.0149
threshold=0.020112379454076294 0.93252381682395946 -0.021035194396972653 -0.047825578600168221 0.87460336089134227 0.10942812263965608
decision_type=2 2 10 2 2 2
left_child=-1 2 -2 4 -4 -3
right_child=1 5 3 -5 -6 -7
leaf_value=3.8291142977404635e-06 -2.4204747774959928e-05 1.3284496765852973e-06 0.00042730172849686867 -0.00034477087309926492 -0.00019028952883573503 0.0006546140771627305
leaf_weight=16869 1625 515 78 804 235 267
leaf_count=16869 1625 515 78 804 235 267
internal_value=0.000111531 -0.00322329 -0.00603386 -0.0129456 0.000393082 0.0065756
internal_weight=20393 3524 2742 1117 313 782
internal_count=20393 3524 2742 1117 313 782
is_linear=0
shrinkage=0.05


Tree=201
num_leaves=7
num_cat=0
split_feature=44 40 42 44 39 46
split_gain=14.8478 39.0209 35.8898 32.6932 56.6958 45.8027
threshold=0.062140231952071197 0.037517594173550613 0.069144319742918028 0.058161057531833656 -0.0016496193711645899 1.0508506298065188
decision_type=2 2 2 2 2 2
left_child=3 2 -2 4 -1 -5
right_child=1 -3 -4 5 -6 -7
leaf_value=0.0001077689297545289 0.00037557617606430568 6.4959247803448403e-06 -4.8356115446897819e-05 -0.00039590779793606068 -7.9835929669095894e-05 8.2514324338268648e-05
leaf_weight=301 150 18718 63 225 689 114
leaf_count=301 150 18718 63 225 689 114
internal_value=9.25241e-05 0.000640315 0.0216743 -0.00481634 -0.000175879 -0.0180959
internal_weight=20260 18931 213 1329 990 339
internal_count=20260 18931 213 1329 990 339
is_linear=0
shrinkage=0.05


Tree=202
num_leaves=7
num_cat=0
split_feature=33 46 12 47 48 36
split_gain=13.7937 34.9084 35.3011 46.1662 38.0986 28.0133
threshold=0.36787457764148718 0.8526865839958192 0.023334242403507236 0.92975378036499035 0.4624208807945252 0.32002219557762152
decision_type=2 2 2 2 2 2
left_child=-1 -2 5 -4 -5 -3
right_child=1 2 3 4 -6 -7
leaf_value=9.0709926651740924e-06 -0.00028091431086339649 0.0003428424049387512 -0.00030368962008119527 0.00049769282452104106 -7.4972168116819904e-05 -0.00016066550492175441
leaf_weight=18347 296 398 588 135 353 116
leaf_count=18347 296 398 588 135 353 116
internal_value=6.30003e-05 -0.00390005 -0.000924765 -0.00608233 0.00522312 0.00977842
internal_weight=20233 1886 1590 1076 488 514
internal_count=20233 1886 1590 1076 488 514
is_linear=0
shrinkage=0.05


Tree=203
num_leaves=7
num_cat=0
split_feature=44 44 54 39 39 41
split_gain=12.9514 36.6935 47.4443 27.9645 26.4747 22.8353
threshold=0.066370893269777312 0.070928644388914122 -0.013516935519874094 -0.020647400058805939 -0.032204605638980859 0.067690569907426848
decision_type=2 2 10 2 2 2
left_child=4 2 3 -2 -1 -3
right_child=1 5 -4 -5 -6 -7
leaf_value=0.00024701885616226614 -0.00022317537852628778 -6.920873301034603e-05 -2.5506645270481649e-05 0.00045874753795574681 -5.2517316680270303e-05 9.3060366736257963e-06
leaf_weight=90 58 2226 477 426 1880 15111
leaf_count=90 58 2226 477 426 1880 15111
internal_value=5.79589e-05 0.000375621 0.00986025 0.0208078 -0.00388608 -0.000151367
internal_weight=20268 18298 961 484 1970 17337
internal_count=20268 18298 961 484 1970 17337
is_linear=0
shrinkage=0.05


Tree=204
num_leaves=7
num_cat=0
split_feature=51 38 50 42 3 39
split_gain=17.8931 36.3082 36.9202 46.6978 48.0702 45.9257
threshold=-0.13832898437976834 0.018743066117167476 -0.37062385678291315 0.095703762024641051 0.011636942625045778 -0.041568322107195847
decision_type=8 2 2 2 2 2
left_child=1 2 3 5 -5 -1
right_child=-2 -3 -4 4 -6 -7
leaf_value=-0.00060759266327957732 1.2260829514788332e-05 -0.00041317235263097179 -0.00021005706298080317 -0.00028360489817969741 0.00023676308405493805 0.00046349668152210929
leaf_weight=60 17082 618 860 648 466 580
leaf_count=60 17082 618 860 648 466 580
internal_value=-1.35341e-05 -0.00323602 -0.000639557 0.00351052 -0.00265862 0.0142248
internal_weight=20314 3232 2614 1754 1114 640
internal_count=20314 3232 2614 1754 1114 640
is_linear=0
shrinkage=0.05


Tree=205
num_leaves=7
num_cat=0
split_feature=35 36 49 48 10 2
split_gain=17.0058 34.6938 45.9279 30.0386 29.3245 37.6587
threshold=-0.80302551388740528 -0.87016794085502613 1.2113727331161501 -1.2429980635643003 0.073545143008232131 0.006704343482851983
decision_type=2 2 2 2 2 2
left_child=4 2 3 -2 5 -1
right_child=1 -3 -4 -5 -6 -7
leaf_value=0.00093156484374541269 -0.00029503154533639216 1.3574528548345854e-07 -0.00031828101983855654 0.00052856914736674988 -0.00054702871495998203 -5.4921603221627886e-05
leaf_weight=88 75 18589 90 308 140 1120
leaf_count=88 75 18589 90 308 140 1120
internal_value=7.22508e-05 0.000350081 0.0136506 0.0211985 -0.00545085 -0.0028648
internal_weight=20410 19062 473 383 1348 1208
internal_count=20410 19062 473 383 1348 1208
is_linear=0
shrinkage=0.05


Tree=206
num_leaves=7
num_cat=0
split_feature=13 46 53 22 22 46
split_gain=16.5806 40.3058 39.5775 36.8842 32.8188 31.0086
threshold=-0.015974367037415501 0.89412492513656627 -0.2755835354328155 0.32500000298023229 0.075000001117587103 0.97509393095970165
decision_type=2 2 8 2 2 2
left_child=1 2 -1 4 -3 -2
right_child=5 3 -4 -5 -6 -7
leaf_value=-0.00011851507134743542 -4.6529678864407784e-05 0.00041703475257581606 0.00033087082094004048 4.2009219382138165e-05 -0.00024495733588128374 2.2477926607741601e-05
leaf_weight=330 7963 69 787 3036 879 7285
leaf_count=330 7963 69 787 3036 879 7285
internal_value=4.29891e-05 0.00225715 0.0106283 -9.40085e-05 -0.00868311 -0.00103422
internal_weight=20349 5101 1117 3984 948 15248
internal_count=20349 5101 1117 3984 948 15248
is_linear=0
shrinkage=0.05


Tree=207
num_leaves=7
num_cat=0
split_feature=24 10 36 2 53 3
split_gain=18.6408 24.6795 20.7457 37.8866 16.5457 21.5935
threshold=-0.14292011409997937 -0.1871228218078613 0.32002219557762152 0.012616497464478018 -0.63215312361717213 0.012271954677999021
decision_type=2 2 2 2 8 2
left_child=2 -2 3 -1 5 -3
right_child=1 4 -4 -5 -6 -7
leaf_value=-0.00022233181853190204 -0.00046857189402380918 2.1977958665346088e-05 -0.00046301005677263328 0.0010583172901110177 -1.2216416554940548e-05 0.0003986692818036447
leaf_weight=86 197 998 63 186 18280 382
leaf_count=86 197 998 63 186 18280 382
internal_value=6.31282e-05 -0.00055508 0.01125 0.0172383 -0.000375032 0.0048917
internal_weight=20192 19857 335 272 19660 1380
internal_count=20192 19857 335 272 19660 1380
is_linear=0
shrinkage=0.05


Tree=208
num_leaves=7
num_cat=0
split_feature=38 32 39 51 35 44
split_gain=15.4173 25.0246 25.7356 23.5721 18.2273 30.8531
threshold=-0.02589702699333429 0.42423070967197424 -0.034333245828747742 1.1397228240966799 0.83326262235641491 0.079357635229825987
decision_type=2 2 2 8 2 2
left_child=1 2 -1 -3 -2 -6
right_child=4 3 -4 -5 5 -7
leaf_value=-0.00053115369246649845 9.0137366964707757e-06 0.0004007509010999869 -7.387488365005221e-05 -0.00027149280689917727 -0.00083333236416695657 4.506165665022822e-06
leaf_weight=238 19025 186 487 80 108 197
leaf_count=238 19025 186 487 80 108 197
internal_value=8.60966e-06 -0.0060492 -0.0108562 0.00691882 0.000329713 -0.0116935
internal_weight=20321 991 725 266 19330 305
internal_count=20321 991 725 266 19330 305
is_linear=0
shrinkage=0.05


Tree=209
num_leaves=7
num_cat=0
split_feature=35 36 53 32 46 53
split_gain=13.4985 42.9022 16.0606 14.8965 47.8896 37.7987
threshold=-0.86695316433906544 -0.93701687455177296 0.40311254560947424 0.65573155879974376 0.9364466965198518 0.55944696068763744
decision_type=2 2 10 2 2 8
left_child=1 2 -1 -2 5 -5
right_child=3 -3 -4 4 -6 -7
leaf_value=0.00054811463270595072 1.2024648423054322e-05 -0.00034500825112636065 -1.3516388977336051e-05 -6.5951781220096282e-05 2.5375200573999887e-05 -0.00031030707983626987
leaf_weight=76 16827 155 114 762 2005 430
leaf_count=76 16827 155 114 762 2005 430
internal_value=5.27633e-05 -0.00978571 0.00602564 0.000118578 -0.00300593 -0.0109231
internal_weight=20369 345 190 20024 3197 1192
internal_count=20369 345 190 20024 3197 1192
is_linear=0
shrinkage=0.05


Tree=210
num_leaves=7
num_cat=0
split_feature=44 45 3 7 33 33
split_gain=15.1781 57.0257 43.0474 40.6553 31.3063 21.7974
threshold=0.14466013014316562 0.096283793449401869 0.012271954677999021 0.3359649926424027 0.34183415770530706 -0.22063321620225904
decision_type=2 2 2 2 2 2
left_child=-1 -2 4 5 -3 -4
right_child=1 2 3 -5 -6 -7
leaf_value=-1.8571611650780368e-06 -0.00075730540820518905 0.00085300678146176152 -7.3188830100663884e-05 -0.00014241562697377841 -0.00036133724087306047 0.00070522958493596201
leaf_weight=18946 94 388 122 429 69 200
leaf_count=18946 94 388 122 429 69 200
internal_value=0.000151829 0.00541316 0.00838829 0.000958995 0.0204004 0.0142966
internal_weight=20248 1302 1208 751 457 322
internal_count=20248 1302 1208 751 457 322
is_linear=0
shrinkage=0.05


Tree=211
num_leaves=7
num_cat=0
split_feature=32 55 50 23 55 35
split_gain=14.1771 43.4557 36.444 30.9869 27.3883 25.6875
threshold=0.42423070967197424 116273.35156250001 1.1777738332748415 0.0073008316103369006 109075.81640625001 -0.13765846937894818
decision_type=2 10 2 2 10 2
left_child=5 4 -3 -4 -2 -1
right_child=1 2 3 -5 -6 -7
leaf_value=-3.1437511900198077e-05 -1.5637416165806338e-05 -0.00032806775525258896 0.00042081635621525788 -0.00019357870914841243 0.00043353583986594174 3.5332006658528295e-05
leaf_weight=6096 4379 672 106 121 109 8739
leaf_count=6096 4379 672 106 121 109 8739
internal_value=4.3259e-05 -0.00230434 -0.0123064 0.00484914 -0.000283775 0.000689016
internal_weight=20222 5387 899 227 4488 14835
internal_count=20222 5387 899 227 4488 14835
is_linear=0
shrinkage=0.05


Tree=212
num_leaves=7
num_cat=0
split_feature=26 41 0 41 52 44
split_gain=18.2261 45.1804 47.2239 37.7225 63.1643 45.5926
threshold=-0.086253043264150606 0.099681518971920027 -0.0012549585080705581 0.11030204221606256 0.00043190828000660991 0.092199090868234648
decision_type=2 2 2 2 10 2
left_child=1 -1 -3 -2 5 -5
right_child=3 2 -4 4 -6 -7
leaf_value=0.00011320321683788446 -3.53136397383519e-06 -0.00046360890666587694 -6.1528915084834687e-05 -0.00019557289658610704 -0.00013815337534999226 0.0003659282325145629
leaf_weight=1009 14922 672 1708 159 639 1202
leaf_count=1009 14922 672 1708 159 639 1202
internal_value=4.30695e-05 -0.00348409 -0.00724319 0.000530218 0.00697007 0.013049
internal_weight=20311 3389 2380 16922 2000 1361
internal_count=20311 3389 2380 16922 2000 1361
is_linear=0
shrinkage=0.05


Tree=213
num_leaves=7
num_cat=0
split_feature=44 40 10 48 42 40
split_gain=16.2254 34.1321 44.6533 38.5607 29.7956 39.8577
threshold=0.062140231952071197 0.047293769195675857 0.023203750140964988 1.081468999385834 0.069144319742918028 0.040492199361324317
decision_type=2 2 2 2 2 2
left_child=1 3 -3 -1 5 -2
right_child=4 2 -4 -5 -6 -7
leaf_value=-0.00011502755032632526 0.0003073231167021483 -0.00014758643237346421 0.00029118091948432721 0.00048865087662930135 -9.0929351668521089e-06 5.4880509072816314e-05
leaf_weight=676 255 359 214 51 16647 2088
leaf_count=676 255 359 214 51 16647 2088
internal_value=0.000107169 -0.00557471 0.00350346 -0.0127391 0.000188207 0.0054621
internal_weight=20290 1300 573 727 18990 2343
internal_count=20290 1300 573 727 18990 2343
is_linear=0
shrinkage=0.05


Tree=214
num_leaves=7
num_cat=0
split_feature=38 15 9 30 11 13
split_gain=12.8957 20.3333 29.7842 20.0142 18.7884 16.3875
threshold=-0.030794963240623471 0.57500001788139354 -0.020184188149869439 67.373428344726577 0.010485476814210417 0.0041687544435262689
decision_type=2 2 2 2 2 2
left_child=1 3 -3 5 -4 -1
right_child=-2 2 4 -5 -6 -7
leaf_value=-0.00028907800348802022 2.9862669357633958e-06 0.00044801409766330978 -0.00063022918749011463 0.00028523913886425669 0.00022558612994979773 -0.00078631655976572977
leaf_weight=217 19603 102 92 64 105 82
leaf_count=217 19603 102 92 64 105 82
internal_value=9.74346e-05 -0.00685907 0.00271382 -0.0147418 -0.0085396 -0.020148
internal_weight=20265 662 299 363 197 299
internal_count=20265 662 299 363 197 299
is_linear=0
shrinkage=0.05


Tree=215
num_leaves=7
num_cat=0
split_feature=35 55 32 47 44 12
split_gain=15.3376 38.8557 38.371 31.7715 36.0762 33.0211
threshold=-0.80302551388740528 56519.847656250007 -0.63409316539764393 0.86899614334106456 0.11000125110149385 0.03697637282311917
decision_type=2 10 2 2 2 2
left_child=1 2 -1 4 -3 -5
right_child=-2 3 -4 5 -6 -7
leaf_value=-0.0001047236221982893 7.1245957512595206e-06 0.00089613269283825541 -0.00063552071584741096 -3.2323553976403714e-06 -0.00017569461482538947 -0.00047432919315672239
leaf_weight=242 18914 95 124 716 76 91
leaf_count=242 18914 95 124 716 76 91
internal_value=0.000112274 -0.00502224 -0.0188005 0.000178026 0.0194602 -0.00397167
internal_weight=20258 1344 366 978 171 807
internal_count=20258 1344 366 978 171 807
is_linear=0
shrinkage=0.05


Tree=216
num_leaves=7
num_cat=0
split_feature=5 44 6 40 10 44
split_gain=13.8621 23.4961 27.055 18.6555 16.3454 42.045
threshold=0.84840208292007457 0.095630675554275527 0.88445886969566356 0.093832246959209456 0.09872718527913095 0.12588611245155337
decision_type=2 2 2 2 2 2
left_child=4 2 -2 -3 -1 -6
right_child=1 3 -4 -5 5 -7
leaf_value=-3.31510492874149e-06 0.00045706850558982807 -0.00057622417736230677 -3.8183131259541922e-05 -0.00016580043412307697 0.00011143821898821732 -0.00045688145631864082
leaf_weight=17536 59 105 356 129 1898 189
leaf_count=17536 59 105 356 129 1898 189
internal_value=0.000112196 -0.00707187 5.95238e-05 -0.0195607 0.000327338 0.00450526
internal_weight=20272 649 415 234 19623 2087
internal_count=20272 649 415 234 19623 2087
is_linear=0
shrinkage=0.05


Tree=217
num_leaves=7
num_cat=0
split_feature=38 47 26 53 55 3
split_gain=13.3949 31.0118 25.3434 28.011 21.4391 18.8149
threshold=-0.030794963240623471 0.9365309774875642 -0.030515368096530434 -0.31753078103065485 60972.417968750007 0.0070806185249239215
decision_type=2 2 2 10 8 2
left_child=1 4 3 -3 -1 -4
right_child=-2 2 5 -5 -6 -7
leaf_value=-0.00062511746275087691 2.2054241080654222e-06 0.00031378580585965051 -0.00022049960303847883 -0.00073671868856558685 -7.593868537926581e-05 0.00043131133337834807
leaf_weight=162 19582 55 50 96 130 197
leaf_count=162 19582 55 50 96 130 197
internal_value=6.78108e-05 -0.0068705 0.00217122 -0.0136218 -0.0191077 0.012004
internal_weight=20272 690 398 151 292 247
internal_count=20272 690 398 151 292 247
is_linear=0
shrinkage=0.05


Tree=218
num_leaves=7
num_cat=0
split_feature=52 44 45 11 35 21
split_gain=17.1267 32.2706 53.971 38.5138 27.1719 25.3045
threshold=-0.075633242726325975 0.14466013014316562 0.096283793449401869 0.011270371731370689 -0.2518093734979629 0.67499998211860668
decision_type=8 2 2 2 2 2
left_child=-1 -2 -3 5 -5 -4
right_child=1 2 3 4 -6 -7
leaf_value=-0.00012572026134422416 -2.7741972661644011e-06 -0.00061631426783221861 0.0009506979601147296 -0.00033735929667036419 0.00024871690131511841 0.00042004074511840296
leaf_weight=1105 18200 73 140 135 179 502
leaf_count=1105 18200 73 140 135 179 502
internal_value=9.71041e-05 0.000328845 0.00892166 0.0121488 -0.00211599 0.0191267
internal_weight=20334 19229 1029 956 314 642
internal_count=20334 19229 1029 956 314 642
is_linear=0
shrinkage=0.05


Tree=219
num_leaves=7
num_cat=0
split_feature=36 36 1 12 52 46
split_gain=14.4108 43.5707 52.2185 47.7423 66.8323 40.7426
threshold=0.2242136746644974 0.42617307603359228 -0.023876591585576531 -0.026646690443158146 1.2281309409445386e-05 0.97016656398773204
decision_type=2 2 2 2 8 2
left_child=-1 2 5 -4 -5 -2
right_child=1 -3 3 4 -6 -7
leaf_value=1.3670964316018846e-05 -0.00056279145250000772 6.5042627276120877e-06 -0.0005234472177237801 0.00041085100529895772 -0.0001243752503143281 -3.8865671906156982e-05
leaf_weight=13290 406 5181 340 317 649 225
leaf_count=13290 406 5181 340 317 649 225
internal_value=6.7359e-05 -0.00186368 -0.0082518 -0.00249809 0.00316684 -0.0200079
internal_weight=20408 7118 1937 1306 966 631
internal_count=20408 7118 1937 1306 966 631
is_linear=0
shrinkage=0.05


Tree=220
num_leaves=7
num_cat=0
split_feature=47 12 55 51 15 40
split_gain=15.2994 29.0013 27.9362 32.5281 28.5632 16.1673
threshold=0.61003026366233837 0.034081948921084411 56519.847656250007 -0.039591500535607331 0.42499999701976782 0.12471309304237367
decision_type=2 2 10 10 2 2
left_child=1 2 3 4 -1 -2
right_child=5 -3 -4 -5 -6 -7
leaf_value=-6.0019812075103041e-05 1.087050829766019e-05 -0.00094669717416780087 0.00085509961789067613 -0.00035028851209842408 0.00013691831686825554 -8.3926610409745938e-05
leaf_weight=50 17598 69 58 75 86 2285
leaf_count=50 17598 69 58 75 86 2285
internal_value=7.78701e-05 -0.0104227 -0.00264599 -0.0112269 0.00336879 0.000227524
internal_weight=20221 338 269 211 136 19883
internal_count=20221 338 269 211 136 19883
is_linear=0
shrinkage=0.05


Tree=221
num_leaves=7
num_cat=0
split_feature=51 50 46 22 43 36
split_gain=15.9645 47.0287 42.3177 31.9317 66.7016 42.463
threshold=-0.13832898437976834 -0.46499383449554438 0.77311825752258312 0.77500000596046459 0.07706740498542787 -0.15088083595037458
decision_type=8 2 2 2 2 2
left_child=1 3 -3 4 5 -1
right_child=-2 2 -4 -5 -6 -7
leaf_value=-0.00022861370862207651 6.7284609874429094e-06 0.00029260077751567805 -0.00035605740006276298 0.00023482903907616698 -0.00024360775779311882 0.00072849746601456064
leaf_weight=70 17168 116 1116 708 1033 153
leaf_count=70 17168 116 1116 708 1033 153
internal_value=5.27763e-05 -0.0033349 -0.0109741 0.00146013 -0.00331086 0.0211623
internal_weight=20364 3196 1232 1964 1256 223
internal_count=20364 3196 1232 1964 1256 223
is_linear=0
shrinkage=0.05


Tree=222
num_leaves=7
num_cat=0
split_feature=56 47 12 49 47 12
split_gain=15.6755 14.9579 34.0611 26.4647 21.6002 51.9837
threshold=0.0053016308229416617 0.61003026366233837 0.034081948921084411 0.23510704189538958 0.64392429590225231 0.03697637282311917
decision_type=10 2 2 2 2 2
left_child=1 2 3 -1 5 -3
right_child=-2 4 -4 -5 -6 -7
leaf_value=7.3342347715532721e-05 -0.00026829950780013571 0.00031927830990832956 -0.00095064775084617483 -0.00017629881319543501 4.3390893929293791e-06 -0.00041616713704018497
leaf_weight=182 246 270 67 86 19351 51
leaf_count=182 246 270 67 86 19351 51
internal_value=3.33202e-05 0.000321057 -0.0100735 -0.00173993 0.000501855 0.0132669
internal_weight=20253 20007 335 268 19672 321
internal_count=20253 20007 335 268 19672 321
is_linear=0
shrinkage=0.05


Tree=223
num_leaves=7
num_cat=0
split_feature=25 39 38 0 32 10
split_gain=18.2277 27.8907 47.25 35.4355 34.9698 51.0304
threshold=-0.010540940798819063 0.012334696017205717 0.014674663078039886 0.015682744793593887 -0.093195237219333635 0.039701163768768317
decision_type=2 2 2 2 2 2
left_child=1 3 -3 4 5 -1
right_child=-2 2 -4 -5 -6 -7
leaf_value=-0.00036160480245091292 -1.196476244470059e-05 0.00026805159383044489 9.1407175941358875e-06 0.00012931012699384306 4.4663870472501455e-05 0.00028096247431951525
leaf_weight=946 13644 1416 1853 972 1252 282
leaf_count=946 13644 1416 1853 972 1252 282
internal_value=6.2592e-05 0.00241228 0.0057193 -0.000715939 -0.00389336 -0.00987429
internal_weight=20365 6721 3269 3452 2480 1228
internal_count=20365 6721 3269 3452 2480 1228
is_linear=0
shrinkage=0.05


Tree=224
num_leaves=7
num_cat=0
split_feature=35 26 24 55 52 41
split_gain=19.6851 26.3824 37.2687 26.8952 26.0226 37.3729
threshold=-0.80302551388740528 -0.078594490885734544 0.016614705324172977 101914.09375000001 2.1387282686191614e-05 0.088193416595458998
decision_type=2 2 2 8 8 2
left_child=1 -1 4 -4 5 -3
right_child=-2 2 3 -5 -6 -7
leaf_value=-0.00032749515925778401 5.6764343104602622e-06 0.00045463805655462914 0.00044637571183245945 -0.00041143729762571201 -7.2748925992972854e-05 -0.00011374141804432869
leaf_weight=240 18871 300 69 243 317 158
leaf_count=240 18871 300 69 243 317 158
internal_value=5.32099e-05 -0.00587462 -0.00249542 -0.0169558 0.00336538 0.0109611
internal_weight=20198 1327 1087 312 775 458
internal_count=20198 1327 1087 312 775 458
is_linear=0
shrinkage=0.05


Tree=225
num_leaves=7
num_cat=0
split_feature=31 9 18 9 2 3
split_gain=17.3638 30.3692 31.4408 29.0476 33.3857 39.0052
threshold=61.226156234741218 -0.014062055386602877 0.62500000000000011 -0.010858372785151003 0.0048836045898497113 0.0058267768472433099
decision_type=2 2 2 2 2 2
left_child=3 -2 -3 4 -1 -6
right_child=1 2 -4 -5 5 -7
leaf_value=-0.00011965121944973593 0.00016309522643831548 -0.00057881189882377803 -7.3671907812450965e-05 5.6318225548555498e-05 0.00014184238118593898 -1.3763461560449597e-05
leaf_weight=643 313 221 1109 4031 610 13374
leaf_count=643 313 221 1109 4031 610 13374
internal_value=0.000161282 -0.0049909 -0.00829588 0.000363018 -0.000671473 -0.000155479
internal_weight=20301 1643 1330 18658 14627 13984
internal_count=20301 1643 1330 18658 14627 13984
is_linear=0
shrinkage=0.05


Tree=226
num_leaves=7
num_cat=0
split_feature=43 41 41 40 42 10
split_gain=13.5129 30.3147 31.9704 36.192 35.0919 33.1531
threshold=0.047617390751838691 0.056515045464038856 0.067690569907426848 0.06267066672444345 0.059258731082081802 0.033056145533919341
decision_type=2 2 2 2 2 2
left_child=-1 -2 4 5 -3 -4
right_child=1 2 3 -5 -6 -7
leaf_value=-4.7347959320469456e-05 9.9915545724766586e-05 0.00014510647242594801 0.00026298246061556661 3.8395123259666464e-08 -0.00013333725566525654 -1.719770244553898e-05
leaf_weight=980 1337 265 698 14479 1966 513
leaf_count=980 1337 265 698 14479 1966 513
internal_value=3.82848e-05 0.000445154 -9.62289e-05 0.000699267 -0.00569097 0.00898438
internal_weight=20238 19258 17921 15690 2231 1211
internal_count=20238 19258 17921 15690 2231 1211
is_linear=0
shrinkage=0.05


Tree=227
num_leaves=7
num_cat=0
split_feature=26 44 12 48 47 52
split_gain=14.9355 48.5813 31.6694 35.5759 31.7633 55.2245
threshold=0.12056851387023927 0.12827288359403613 0.025167876854538921 -0.69658824801444996 0.80564388632774364 -0.01670180074870586
decision_type=2 2 2 2 2 8
left_child=2 -2 4 -4 5 -1
right_child=1 -3 3 -5 -6 -7
leaf_value=0.00088137548617461087 0.00011961402958158727 -0.00071097562413413888 -0.00059529783686892079 -4.8270103753183952e-05 -8.4597639158157888e-06 3.3926257457243337e-05
leaf_weight=336 1511 84 250 3989 11412 2755
leaf_count=336 1511 84 250 3989 11412 2755
internal_value=9.70898e-05 0.00470312 -0.000329386 -0.00412936 0.000780604 0.00527293
internal_weight=20337 1595 18742 4239 14503 3091
internal_count=20337 1595 18742 4239 14503 3091
is_linear=0
shrinkage=0.05


Tree=228
num_leaves=7
num_cat=0
split_feature=56 50 39 53 27 51
split_gain=15.7459 21.4484 30.8008 27.3101 53.6261 44.6665
threshold=2.4323297509454283e-07 -0.37062385678291315 0.034596264362335212 0.17912175506353381 0.019736662507057193 -0.039591500535607331
decision_type=8 2 2 10 2 8
left_child=1 2 -1 5 -5 -3
right_child=-2 3 -4 4 -6 -7
leaf_value=0.00014424623498553884 -1.411151870186686e-05 -0.00017825117142109922 -3.0650853306899132e-05 -0.00023165731904245735 9.7485169993087253e-05 0.0001238704132432468
leaf_weight=2570 11304 843 994 1090 901 2552
leaf_count=2570 11304 843 994 1090 901 2552
internal_value=9.74875e-05 0.00186209 0.00486831 -0.000125209 -0.00477204 0.00259559
internal_weight=20254 8950 3564 5386 1991 3395
internal_count=20254 8950 3564 5386 1991 3395
is_linear=0
shrinkage=0.05


Tree=229
num_leaves=7
num_cat=0
split_feature=8 5 0 45 26 55
split_gain=16.4423 28.7359 26.2737 28.9038 47.907 30.2407
threshold=0.10276849195361139 -0.76595747470855702 0.015682744793593887 0.13785307854413989 -0.17182729393243787 109075.81640625001
decision_type=2 2 2 2 2 10
left_child=2 -2 -1 4 -4 -6
right_child=1 -3 3 -5 5 -7
leaf_value=-1.6030153367927987e-05 -0.00035092933962721246 -5.6614521797560211e-06 -0.0010253518551767921 0.00073780069322312326 4.38847950261444e-05 0.00044352402144810712
leaf_weight=1781 151 16790 74 213 1015 271
leaf_count=1781 151 16790 74 213 1015 271
internal_value=5.78818e-05 -0.000591585 0.00323757 0.00793726 0.00518315 0.00749419
internal_weight=20295 16941 3354 1573 1360 1286
internal_count=20295 16941 3354 1573 1360 1286
is_linear=0
shrinkage=0.05


Tree=230
num_leaves=7
num_cat=0
split_feature=10 43 21 6 44 45
split_gain=17.491 38.119 31.4064 20.4264 18.1002 41.1093
threshold=-0.16439241915941236 0.14618669450283053 0.92499998211860668 0.14759038388729098 0.14466013014316562 0.094934884458780303
decision_type=2 2 2 2 2 2
left_child=1 2 -1 -3 -2 -6
right_child=4 3 -4 -5 5 -7
leaf_value=-0.00021364991120395897 1.2301923656986118e-06 0.00087686080221533499 -0.0011230865909548496 -0.00013652608862189093 -0.00059242235167657111 0.00026015773832646351
leaf_weight=330 18586 117 127 101 82 984
leaf_count=330 18586 117 127 101 82 984
internal_value=0.000121729 -0.00768382 -0.015855 0.00930493 0.000471842 0.00679272
internal_weight=20327 675 457 218 19652 1066
internal_count=20327 675 457 218 19652 1066
is_linear=0
shrinkage=0.05


Tree=231
num_leaves=7
num_cat=0
split_feature=30 0 44 38 40 47
split_gain=15.0393 30.2789 28.4829 22.2024 39.8385 34.6953
threshold=44.539436340332038 0.034479076042771346 0.13113622367382052 -0.0028504844522103663 0.096668764948844924 1.0513642430305483
decision_type=2 2 2 2 2 2
left_child=1 3 -3 4 5 -1
right_child=-2 2 -4 -5 -6 -7
leaf_value=-2.0102134353983842e-05 -1.7196621344153432e-05 0.00011745838320288422 0.00064762490928610352 4.1278946459466071e-05 -0.0004125448091271097 0.00043673274858683353
leaf_weight=1554 12329 872 198 4305 682 191
leaf_count=1554 12329 872 198 4305 682 191
internal_value=0.000152712 0.00176444 0.00955814 0.000515808 -0.00329975 0.0007
internal_weight=20131 7802 1070 6732 2427 1745
internal_count=20131 7802 1070 6732 2427 1745
is_linear=0
shrinkage=0.05


Tree=232
num_leaves=7
num_cat=0
split_feature=44 3 44 39 26 26
split_gain=11.4969 30.8891 30.6135 35.6382 30.2838 28.9616
threshold=0.062140231952071197 0.0048268164973706016 0.058161057531833656 -0.0032902306411415334 -0.0649440363049507 -0.0096988268196582777
decision_type=2 2 2 2 2 2
left_child=2 -2 3 -1 -5 -4
right_child=1 -3 5 4 -6 -7
leaf_value=8.1440497071938846e-05 0.00022978987462371248 1.0680921841234316e-06 -0.00044287172619592762 0.00039166084104526533 -9.6352165665465356e-05 -1.3975005552362749e-05
leaf_weight=290 267 18728 169 56 644 164
leaf_count=290 267 18728 169 56 644 164
internal_value=9.226e-05 0.000275 -0.0045369 -7.53769e-05 -0.00620567 -0.0175296
internal_weight=20318 18995 1323 990 700 333
internal_count=20318 18995 1323 990 700 333
is_linear=0
shrinkage=0.05


Tree=233
num_leaves=7
num_cat=0
split_feature=11 29 38 53 52 35
split_gain=15.1981 34.0254 28.6729 42.2612 51.1257 53.4162
threshold=0.0046068786177784213 -0.052284242585301392 1.0000000180025095e-35 0.12553188204765323 0.00043190828000660991 0.14286645501852038
decision_type=2 2 2 8 8 2
left_child=-1 -2 -3 -4 5 -5
right_child=1 2 3 4 -6 -7
leaf_value=1.0491767148542972e-05 -0.00042005733949909821 4.0163528371556585e-05 2.591424430922931e-05 -0.00013286882307347682 -5.2453495347891117e-05 -0.00056997965486467548
leaf_weight=13147 294 3126 1473 506 1285 328
leaf_count=13147 294 3126 1473 506 1285 328
internal_value=6.81908e-05 -0.0021341 -0.00139447 -0.0044412 -0.00895716 -0.0185638
internal_weight=20159 7012 6718 3592 2119 834
internal_count=20159 7012 6718 3592 2119 834
is_linear=0
shrinkage=0.05


Tree=234
num_leaves=7
num_cat=0
split_feature=29 48 7 21 1 41
split_gain=16.07 32.1569 24.5662 16.6133 49.7556 79.7189
threshold=0.072277046740055098 0.33609861135482794 0.48010912537574774 0.57500001788139354 -0.023876591585576531 0.11030204221606256
decision_type=2 2 2 2 2 2
left_child=3 -2 -3 -1 5 -5
right_child=1 2 -4 4 -6 -7
leaf_value=-1.6904822950652539e-05 -0.00062933717550245892 0.00032895819848135333 -0.00010244911849819428 -0.00017446409086091321 8.934236553771903e-05 0.00030775003146433079
leaf_weight=10829 152 135 684 1766 5929 795
leaf_count=10829 152 135 684 1766 5929 795
internal_value=0.000112097 -0.00648053 -0.00245752 9.44421e-05 0.00175103 -0.00406274
internal_weight=20290 971 819 19319 8490 2561
internal_count=20290 971 819 19319 8490 2561
is_linear=0
shrinkage=0.05


Tree=235
num_leaves=7
num_cat=0
split_feature=40 42 22 10 13 17
split_gain=13.4396 40.2117 40.5211 26.1859 29.9043 26.462
threshold=0.06267066672444345 0.084291689097881331 0.62500000000000011 -0.055720178410410874 0.0017083686543628576 0.27500000596046453
decision_type=2 2 2 2 2 2
left_child=1 2 3 4 -1 -5
right_child=-2 -3 -4 5 -6 -7
leaf_value=0.00040917241255474164 -8.3458424516850613e-06 0.00019171779551009952 -0.00031454380380097936 -0.00018010755262270242 -3.4742594236896025e-05 2.6278741111817163e-05
leaf_weight=155 15717 779 326 556 102 2688
leaf_count=155 15717 779 326 556 102 2688
internal_value=-8.60882e-06 0.00259705 0.000476253 0.00206075 0.017271 0.00082333
internal_weight=20323 4606 3827 3501 257 3244
internal_count=20323 4606 3827 3501 257 3244
is_linear=0
shrinkage=0.05


Tree=236
num_leaves=7
num_cat=0
split_feature=25 55 46 40 46 13
split_gain=15.404 31.9247 31.5089 37.0816 27.3521 27.1382
threshold=-0.020431942306458947 56519.847656250007 1.4191645979881289 0.12096252664923669 1.2191668152809145 -0.038170436397194855
decision_type=2 8 2 2 2 2
left_child=1 2 3 4 -1 -3
right_child=-2 5 -4 -5 -6 -7
leaf_value=4.6067539050807861e-05 -1.1361438465212001e-05 -0.00010934201404525336 0.00045523603343012486 -0.00041440400859692146 -0.0007002530643284992 0.00020337664247460131
leaf_weight=1446 16169 347 197 542 72 1440
leaf_count=1446 16169 347 197 542 72 1440
internal_value=4.32783e-05 0.00256236 -0.00138152 -0.00323245 0.000771504 0.00754743
internal_weight=20213 4044 2257 2060 1518 1787
internal_count=20213 4044 2257 2060 1518 1787
is_linear=0
shrinkage=0.05


Tree=237
num_leaves=7
num_cat=0
split_feature=0 43 55 53 43 50
split_gain=16.2651 36.2227 37.8499 22.8222 14.7976 33.5419
threshold=0.085725408047437682 0.13855946809053424 34633.332031250007 -0.2755835354328155 0.047617390751838691 1.0867135524749758
decision_type=2 2 10 8 2 2
left_child=4 3 -3 -2 5 -1
right_child=1 2 -4 -5 -6 -7
leaf_value=-7.5897023292271183e-05 -0.00096198192582197875 0.00081642932810380457 -0.00081244451335666333 -0.00014505902584976537 5.4776372202877335e-06 0.00024251087840639358
leaf_weight=883 121 75 58 79 19078 107
leaf_count=883 121 75 58 79 19078 107
internal_value=9.18847e-05 -0.0110207 0.00887681 -0.0242683 3.86091e-05 -0.00590452
internal_weight=20401 333 133 200 20068 990
internal_count=20401 333 133 200 20068 990
is_linear=0
shrinkage=0.05


Tree=238
num_leaves=7
num_cat=0
split_feature=6 0 45 47 27 26
split_gain=20.5992 29.5764 34.4226 31.3024 30.2429 28.1058
threshold=0.14759038388729098 -0.009211310185492037 0.13785307854413989 0.68824356794357311 -0.018645673058927056 -0.17182729393243787
decision_type=2 2 2 2 2 2
left_child=1 4 3 -3 -1 -5
right_child=-2 2 -4 5 -6 -7
leaf_value=-0.00038301852716558375 -1.5540200685396077e-05 0.00013463986547295953 0.00044804763010724793 -0.0008264910496077959 0.00041235499380143565 3.0916208771794523e-05
leaf_weight=313 16285 136 524 139 87 2712
leaf_count=313 16285 136 524 139 87 2712
internal_value=5.32152e-05 0.00296859 0.00444397 0.00234793 -0.00981481 0.00119923
internal_weight=20196 3911 3511 2987 400 2851
internal_count=20196 3911 3511 2987 400 2851
is_linear=0
shrinkage=0.05


Tree=239
num_leaves=7
num_cat=0
split_feature=4 39 48 0 23 0
split_gain=14.7323 14.7476 35.4966 50.6554 24.7674 24.5428
threshold=-1.2252485156059263 0.06388369202613832 0.4624208807945252 0.002457724767737091 -0.005204268964007496 -0.023814845830202099
decision_type=2 2 2 2 2 2
left_child=-1 -2 3 -3 -5 -4
right_child=1 2 5 4 -6 -7
leaf_value=-0.00016959516503509714 -5.5657435660425683e-06 0.00076124559935999384 9.6467392548300895e-05 0.00023632535772517561 -0.00020045041763991527 -0.00035942712452998149
leaf_weight=355 18985 223 186 236 163 131
leaf_count=355 18985 223 186 236 163 131
internal_value=4.31374e-05 -0.000139244 0.00595869 0.0128788 0.00204208 -0.00753106
internal_weight=20279 19924 939 622 399 317
internal_count=20279 19924 939 622 399 317
is_linear=0
shrinkage=0.05


Tree=240
num_leaves=7
num_cat=0
split_feature=6 48 35 35 25 44
split_gain=14.8789 32.8191 50.0858 55.3062 36.9685 35.8053
threshold=0.2623980194330216 -0.64468389749526966 0.019304187037050727 0.14286645501852038 0.029771629720926288 0.08556035161018373
decision_type=2 2 2 2 2 2
left_child=-1 2 4 -4 -2 -5
right_child=1 -3 3 5 -6 -7
leaf_value=2.4688766179744315e-05 -0.00033718270708998411 3.6765648258913364e-06 0.00034830797970340728 0.00010402083191790664 0.00019801727401390801 -0.00024160415862027433
leaf_weight=6366 1340 11096 430 318 203 539
leaf_count=6366 1340 11096 430 318 203 539
internal_value=5.78903e-05 -0.000974445 -0.00577601 0.00148994 -0.0118379 -0.00582947
internal_weight=20292 13926 2830 1287 1543 857
internal_count=20292 13926 2830 1287 1543 857
is_linear=0
shrinkage=0.05


Tree=241
num_leaves=7
num_cat=0
split_feature=10 44 53 41 1 53
split_gain=13.4541 38.1884 30.8123 29.0272 25.9602 50.3924
threshold=0.09277666732668878 0.12588611245155337 0.12553188204765323 0.046238105744123466 -0.041632246226072304 0.41718247532844549
decision_type=2 2 10 2 2 8
left_child=-1 3 -3 -2 5 -5
right_child=1 2 -4 4 -6 -7
leaf_value=-3.9262333063988696e-06 -0.00027120615528148306 0.00019734990872768889 -0.00064506965051460557 0.00036596951849111788 0.00022463728104417811 -0.00014280012781718959
leaf_weight=17784 70 79 162 305 1315 607
leaf_count=17784 70 79 162 305 1315 607
internal_value=7.74832e-05 0.00356862 -0.0151423 0.00557124 0.00659722 8.17884e-05
internal_weight=20322 2538 241 2297 2227 912
internal_count=20322 2538 241 2297 2227 912
is_linear=0
shrinkage=0.05


Tree=242
num_leaves=7
num_cat=0
split_feature=50 51 39 40 55 38
split_gain=15.743 36.399 35.8689 30.7265 28.5467 33.4487
threshold=-0.41813011467456812 -0.039591500535607331 -0.056566674262285226 0.058674434199929244 233105.24218750003 0.0046436302363872537
decision_type=2 8 2 2 8 2
left_child=2 3 -1 -2 5 -4
right_child=1 -3 4 -5 -6 -7
leaf_value=0.00047616193350844639 0.00024110371916105091 -5.9612190278621104e-07 0.00015659498467539984 -0.00019664680918452979 -4.1665567268909501e-05 -1.2774323803301875e-05
leaf_weight=149 135 10335 2572 1874 2873 2455
leaf_count=149 135 10335 2572 1874 2873 2455
internal_value=2.32866e-05 -0.00126124 0.00157996 -0.00741063 0.00111006 0.00338335
internal_weight=20393 12344 8049 2009 7900 5027
internal_count=20393 12344 8049 2009 7900 5027
is_linear=0
shrinkage=0.05


Tree=243
num_leaves=7
num_cat=0
split_feature=54 33 46 12 47 47
split_gain=13.1057 13.5837 33.7067 25.5211 46.1636 36.7416
threshold=-1.208008825778961 0.39724992215633398 0.79134246706962597 0.025167876854538921 0.91552451252937328 0.81588503718376171
decision_type=8 2 2 2 2 2
left_child=-1 -2 -3 5 -5 -4
right_child=1 2 3 4 -6 -7
leaf_value=-0.00021944222224485143 9.5946299725927853e-06 -0.00045094926404480877 0.00048107618305950157 -0.0002999015256015808 0.00011591342298962411 -3.0980950161949234e-05
leaf_weight=265 18449 116 175 479 489 345
leaf_count=265 18449 116 175 479 489 345
internal_value=3.6904e-06 0.000255509 -0.00414854 -0.00205961 -0.00686023 0.00680952
internal_weight=20318 20053 1604 1488 968 520
internal_count=20318 20053 1604 1488 968 520
is_linear=0
shrinkage=0.05


Tree=244
num_leaves=7
num_cat=0
split_feature=35 41 22 0 55 10
split_gain=13.0962 24.4365 18.8668 12.7972 38.8227 53.3061
threshold=-0.86695316433906544 0.084405209869146361 0.62500000000000011 -0.0077570772264152757 8480.2812500000018 0.13908152282238009
decision_type=2 2 2 2 10 2
left_child=1 2 -1 -2 -5 -6
right_child=3 -3 -4 4 5 -7
leaf_value=-5.1971304141495023e-05 -2.2537201008513211e-05 0.00028510098279469143 -0.00037232091827528241 -2.59942749195555e-05 6.0971425561251755e-05 0.0014207978491944341
leaf_weight=137 7891 91 107 5629 6351 76
leaf_count=137 7891 91 107 5629 6351 76
internal_value=7.27067e-05 -0.00977941 -0.0179719 0.00011653 0.00114211 0.00379742
internal_weight=20282 335 244 19947 12056 6427
internal_count=20282 335 244 19947 12056 6427
is_linear=0
shrinkage=0.05


Tree=245
num_leaves=7
num_cat=0
split_feature=36 39 40 53 45 15
split_gain=13.5136 55.076 50.9616 52.4426 48.3284 60.1685
threshold=0.2242136746644974 -0.056566674262285226 0.12975695729255679 -0.56990656256675709 0.079549949616193785 0.47499999403953558
decision_type=2 2 2 10 2 2
left_child=-1 -2 4 -4 -3 -6
right_child=1 2 3 -5 5 -7
leaf_value=1.4117606590195612e-05 0.00056068009485847582 -7.5776165924921481e-05 0.00020159380360136394 -0.00083712091297493199 0.00033917861966477466 -2.6486593918714753e-05
leaf_weight=13180 134 2684 150 335 1017 2721
leaf_count=13180 134 2684 150 335 1017 2721
internal_value=2.84288e-05 -0.00183437 -0.00246311 -0.0180102 -0.00127198 0.00239781
internal_weight=20221 7041 6907 485 6422 3738
internal_count=20221 7041 6907 485 6422 3738
is_linear=0
shrinkage=0.05


Tree=246
num_leaves=7
num_cat=0
split_feature=35 36 41 23 45 44
split_gain=15.2029 52.2981 24.4844 15.8739 33.9006 23.4118
threshold=-0.86695316433906544 -0.93701687455177296 0.075788158923387541 0.0080309375189244765 0.15108997374773028 0.14466013014316562
decision_type=2 2 2 2 2 2
left_child=1 2 -1 5 -5 -2
right_child=3 -3 -4 4 -6 -7
leaf_value=-8.1408342879213375e-05 9.1561334959339338e-06 -0.00034792691862354217 0.00055015097562582319 -1.4935732563010917e-05 -0.00026991706816852941 0.00025343912739729611
leaf_weight=98 13004 149 86 5711 451 828
leaf_count=98 13004 149 86 5711 451 828
internal_value=0.000102056 -0.010429 0.00727513 0.000263763 -0.00184449 0.0012051
internal_weight=20327 333 184 19994 6162 13832
internal_count=20327 333 184 19994 6162 13832
is_linear=0
shrinkage=0.05


Tree=247
num_leaves=7
num_cat=0
split_feature=0 55 23 46 31 10
split_gain=14.658 28.0996 33.6762 14.7977 43.6975 39.2181
threshold=0.085725408047437682 487.25712585449224 -0.015384820755571125 1.4191645979881289 40.056730270385749 0.016467161476612095
decision_type=2 10 2 2 2 2
left_child=3 -2 -3 -1 -5 -6
right_child=1 2 -4 4 5 -7
leaf_value=-3.6418721194784101e-06 0.00042722189656401545 0.00050247733002482396 -0.00076015978126438852 0.00059670132116437964 -0.00051271807465842875 0.00027775798848270861
leaf_weight=19669 65 67 191 124 115 84
leaf_count=19669 65 67 191 124 115 84
internal_value=5.29035e-05 -0.010747 -0.0181559 -8.87633e-05 0.0104421 -0.00404412
internal_weight=20315 323 258 19992 323 199
internal_count=20315 323 258 19992 323 199
is_linear=0
shrinkage=0.05


Tree=248
num_leaves=7
num_cat=0
split_feature=40 12 41 41 27 10
split_gain=14.0746 80.6068 24.2713 48.4616 34.5368 32.9586
threshold=0.06267066672444345 -0.04124657250940799 0.069088272750377669 0.059721976518630988 0.0062434268184006223 0.033056145533919341
decision_type=2 2 2 2 2 2
left_child=1 -1 3 4 -2 -5
right_child=2 -3 -4 5 -6 -7
leaf_value=0.00044736351152898247 0.00018450123595952338 7.3945223626965699e-06 -7.2111153597789899e-07 -0.0003063874558963036 -0.00011686750748898236 -3.0865347807659901e-05
leaf_weight=233 243 4337 14233 604 176 425
leaf_count=233 243 4337 14233 604 176 425
internal_value=2.83867e-05 0.00244262 -0.000709231 -0.00686511 0.00737028 -0.0126934
internal_weight=20251 4570 15681 1448 419 1029
internal_count=20251 4570 15681 1448 419 1029
is_linear=0
shrinkage=0.05


Tree=249
num_leaves=7
num_cat=0
split_feature=55 0 6 0 47 53
split_gain=13.4889 27.8968 25.7142 30.5742 28.5929 45.3889
threshold=233105.24218750003 -0.060758793726563447 0.55067998170852672 -0.042542621493339532 0.83107507228851329 0.10914584994316102
decision_type=10 2 2 2 2 10
left_child=-1 -2 4 -4 5 -3
right_child=1 2 3 -5 -6 -7
leaf_value=8.5702075114770968e-06 0.00044689484263480891 0.0014115959560890481 0.00022069317123823767 -0.00022070191280913745 -6.3950107015369666e-05 -0.00015649559768988742
leaf_weight=17643 113 88 97 829 1451 98
leaf_count=17643 113 88 97 829 1451 98
internal_value=2.82917e-05 -0.00319843 -0.00429322 -0.0109291 -0.000502436 0.0176702
internal_weight=20319 2676 2563 926 1637 186
internal_count=20319 2676 2563 926 1637 186
is_linear=0
shrinkage=0.05


Tree=250
num_leaves=7
num_cat=0
split_feature=58 41 40 40 12 17
split_gain=14.9271 18.7824 33.5632 43.6707 33.6543 36.3053
threshold=-0.00016395007696701211 0.071421094238758101 0.083926346153020873 0.071917813271284117 -0.04124657250940799 0.27500000596046453
decision_type=8 2 2 2 2 2
left_child=-1 2 3 4 -2 -6
right_child=1 -3 -4 -5 5 -7
leaf_value=-4.1121067065644679e-05 0.00045239449522333733 4.0901871537212056e-05 0.00042704354578287104 -0.00025241986351803083 -0.00020347109413880444 4.9946072538764864e-06
leaf_weight=4281 144 10945 125 591 747 3376
leaf_count=4281 144 10945 125 591 747 3376
internal_value=6.80222e-05 0.000751585 -0.00178929 -0.00246247 -0.000684691 -0.00153222
internal_weight=20209 15928 4983 4858 4267 4123
internal_count=20209 15928 4983 4858 4267 4123
is_linear=0
shrinkage=0.05


Tree=251
num_leaves=7
num_cat=0
split_feature=0 39 10 39 22 51
split_gain=13.3357 47.7771 35.3451 49.9464 32.9462 34.5576
threshold=-0.012000879272818564 0.056815356016159065 -0.066291682422161088 0.014838790055364372 0.92499998211860668 3.2209839820861821
decision_type=2 2 2 2 2 8
left_child=1 2 3 -1 -4 -6
right_child=-2 -3 4 -5 5 -7
leaf_value=-0.00056198075965034329 1.2816752014806264e-05 0.00032645207020162161 -4.4477048247880891e-05 0.00010966932116042213 0.00062986495928214672 -5.6867037964805984e-05
leaf_weight=530 13359 599 5259 241 240 146
leaf_count=530 13359 599 5259 241 240 146
internal_value=7.72854e-05 -0.00164174 -0.00290843 -0.0129188 -0.00152655 0.012468
internal_weight=20374 7015 6416 771 5645 386
internal_count=20374 7015 6416 771 5645 386
is_linear=0
shrinkage=0.05


Tree=252
num_leaves=7
num_cat=0
split_feature=23 39 52 13 51 39
split_gain=14.558 30.4694 39.855 15.7692 30.1579 28.1528
threshold=0.042641894891858108 0.038028901442885406 -0.00041237911500502372 0.03663990646600724 -0.022676857188343998 0.0094657549634575861
decision_type=2 2 8 2 10 2
left_child=3 2 -2 -1 -5 -6
right_child=1 -3 -4 4 5 -7
leaf_value=1.746723002720818e-06 -0.00051853587766764492 0.0008866296545841396 0.00055314269485169361 -0.00033706787459465741 -0.00016518211399388458 0.00020882933426349967
leaf_weight=18873 79 143 94 321 396 406
leaf_count=18873 79 143 94 321 396 406
internal_value=0.000111975 0.010514 -0.00351124 -0.000218739 -0.00596188 -0.000712515
internal_weight=20312 316 173 19996 1123 802
internal_count=20312 316 173 19996 1123 802
is_linear=0
shrinkage=0.05


Tree=253
num_leaves=7
num_cat=0
split_feature=35 35 41 3 22 32
split_gain=13.5503 32.014 57.8955 43.9029 37.9567 48.84
threshold=0.43537886440753942 0.20882903039455417 0.10162393748760225 0.013936593197286131 0.17500000447034839 0.2484809681773186
decision_type=2 2 2 2 2 2
left_child=1 -1 4 -4 -3 -6
right_child=-2 2 3 -5 5 -7
leaf_value=4.0462870267975093e-06 4.4961291905825512e-05 -0.00010251281750656946 -0.00053223085920324508 0.00040996685376597995 0.00023214192796459723 -6.4063371374087352e-05
leaf_weight=14163 3220 454 674 77 744 1002
leaf_count=14163 3220 454 674 77 744 1002
internal_value=8.72708e-05 -0.000687832 -0.00542118 -0.0173611 -0.00130385 0.00204169
internal_weight=20334 17114 2951 751 2200 1746
internal_count=20334 17114 2951 751 2200 1746
is_linear=0
shrinkage=0.05


Tree=254
num_leaves=7
num_cat=0
split_feature=44 21 22 41 32 50
split_gain=22.5301 32.8569 58.1967 34.1266 38.2038 28.644
threshold=0.062140231952071197 0.37500000000000006 0.075000001117587103 0.050547599792480476 -0.37119869887828821 0.60667249560356151
decision_type=2 2 2 2 2 2
left_child=1 2 3 4 -1 -6
right_child=-2 -3 -4 -5 5 -7
leaf_value=3.8285871723634998e-05 3.2977726204278145e-06 0.00013899693012150733 -0.0002881542264381646 0.00026179562794188008 -0.00012865683767966172 0.00012476483971964164
leaf_weight=188 18994 160 478 169 261 69
leaf_count=188 18994 160 478 169 261 69
internal_value=0.000121777 -0.00648496 -0.00942308 -3.61272e-05 -0.00645315 -0.0166418
internal_weight=20319 1325 1165 687 518 330
internal_count=20319 1325 1165 687 518 330
is_linear=0
shrinkage=0.05


Tree=255
num_leaves=7
num_cat=0
split_feature=52 53 35 22 3 47
split_gain=14.8032 17.3021 36.5834 31.2269 36.4081 37.3351
threshold=-0.18390690535306928 -0.63215312361717213 1.0000000180025095e-35 0.97499999403953563 0.012271954677999021 1.2235420346260073
decision_type=8 8 2 2 2 2
left_child=-1 2 3 4 5 -2
right_child=1 -3 -4 -5 -6 -7
leaf_value=-0.00015996089158136015 0.00023767800527914876 -2.7767051532845206e-08 0.00073316470148533652 -0.0011640413960987204 0.00062025058607950451 -0.00045185538904636248
leaf_weight=533 243 18565 271 63 319 252
leaf_count=533 243 18565 271 63 319 252
internal_value=0.000107402 0.000366416 0.00630963 0.00127551 0.00399878 -0.00445
internal_weight=20246 19713 1148 877 814 495
internal_count=20246 19713 1148 877 814 495
is_linear=0
shrinkage=0.05


Tree=256
num_leaves=7
num_cat=0
split_feature=12 22 21 26 3 12
split_gain=12.0089 29.9165 30.027 15.1698 44.6626 39.1454
threshold=-0.12508404254913327 0.97499999403953563 0.67499998211860668 -0.086253043264150606 0.0099633429199457186 -0.0059155102353543034
decision_type=2 2 2 2 2 2
left_child=1 2 -1 4 5 -2
right_child=3 -3 -4 -5 -6 -7
leaf_value=-0.00028451611199167262 0.00018205106884971249 -0.00072333241642054402 0.0010540153859021617 5.3814604031002833e-06 -0.00018763647541959676 -0.00015775239614802345
leaf_weight=58 850 108 150 16988 1998 168
leaf_count=58 850 108 150 16988 1998 168
internal_value=4.30504e-05 0.00957944 0.0205399 -0.000168674 -0.00343429 0.00505865
internal_weight=20320 316 208 20004 3016 1018
internal_count=20320 316 208 20004 3016 1018
is_linear=0
shrinkage=0.05


Tree=257
num_leaves=7
num_cat=0
split_feature=8 46 13 40 5 12
split_gain=14.9066 24.2404 21.995 24.2855 21.1577 18.361
threshold=0.088641844689846053 0.86734008789062511 -0.034758625552058213 0.075028136372566237 -0.76595747470855702 -0.038019893690943711
decision_type=2 2 2 2 2 2
left_child=1 2 -1 -4 -2 -3
right_child=4 5 3 -5 -6 -7
leaf_value=0.00064864991142388445 -0.00027450551616510363 8.8491700962699794e-05 9.7878954261045088e-05 -0.00019082980321284633 -5.9672719396218039e-06 -5.8409728029506129e-05
leaf_weight=120 196 1269 338 120 17119 1182
leaf_count=120 196 1269 338 120 17119 1182
internal_value=6.75709e-05 0.00313942 0.012307 0.00707343 -0.000659642 0.000946661
internal_weight=20344 3029 578 458 17315 2451
internal_count=20344 3029 578 458 17315 2451
is_linear=0
shrinkage=0.05


Tree=258
num_leaves=7
num_cat=0
split_feature=11 29 45 40 0 44
split_gain=15.4372 42.3443 31.933 31.9976 40.5871 36.3718
threshold=0.0024542690953239803 -0.056458216160535805 0.1294008940458298 0.12096252664923669 0.023860442452132705 0.11379626020789148
decision_type=2 2 2 2 2 2
left_child=2 -2 -1 -4 5 -5
right_child=1 -3 3 4 -6 -7
leaf_value=7.9475649865155684e-06 -0.00045803111944529054 -7.7312038352462226e-06 0.00036067698910205795 0.0007831158443232164 0.00041256636313589582 -0.00034427337405929214
leaf_weight=10419 315 7984 603 73 423 450
leaf_count=10419 315 7984 603 73 423 450
internal_value=0.000161553 -0.00130359 0.00150129 0.00818855 0.00239222 -0.00686553
internal_weight=20267 8299 11968 1549 946 523
internal_count=20267 8299 11968 1549 946 523
is_linear=0
shrinkage=0.05


Tree=259
num_leaves=7
num_cat=0
split_feature=35 51 18 40 26 50
split_gain=15.7592 27.736 22.0535 15.3207 29.9927 23.9813
threshold=0.83326262235641491 0.0096106105484068411 0.57500001788139354 0.06267066672444345 -0.053100235760211938 -1.8963842988014219
decision_type=2 10 2 2 2 2
left_child=3 -2 -3 4 -1 -6
right_child=1 2 -4 -5 5 -7
leaf_value=0.0002204719260446026 -0.00059134241766170797 -0.00025573557721490607 0.00041534451482926217 -1.0154731565976788e-05 -0.00027779020052752713 1.9655002543456332e-05
leaf_weight=478 163 61 96 15443 195 3842
leaf_count=478 163 61 96 15443 195 3842
internal_value=4.31396e-05 -0.011 0.00385802 9.8933e-05 0.0026604 0.0012432
internal_weight=20278 320 157 19958 4515 4037
internal_count=20278 320 157 19958 4515 4037
is_linear=0
shrinkage=0.05


Tree=260
num_leaves=7
num_cat=0
split_feature=53 35 55 21 9 31
split_gain=14.3619 22.7874 40.494 22.313 30.5271 26.1912
threshold=-0.63215312361717213 -0.021757530048489567 8480.2812500000018 0.42499999701976782 -0.033571479842066758 40.056730270385749
decision_type=8 2 8 2 2 2
left_child=1 3 -3 -1 5 -5
right_child=-2 2 -4 4 -6 -7
leaf_value=-0.00045916823371744235 -3.5421626487348868e-06 6.227308481894102e-05 0.0010427665197940681 -0.00014207437247583198 -0.00022194159561582619 0.00039273296795088749
leaf_weight=238 18769 329 141 200 285 430
leaf_count=238 18769 329 141 200 285 430
internal_value=0.000116439 0.00462224 0.0138421 0.000798791 0.004375 0.0105118
internal_weight=20392 1623 470 1153 915 630
internal_count=20392 1623 470 1153 915 630
is_linear=0
shrinkage=0.05


Tree=261
num_leaves=7
num_cat=0
split_feature=41 49 40 47 53 26
split_gain=13.2344 30.3928 23.0052 33.7607 28.6145 23.9891
threshold=0.087198231369256987 -2.3005934953689571 0.083926346153020873 0.70363828539848339 1.0000000180025095e-35 0.036466542631387718
decision_type=2 2 2 2 10 2
left_child=1 -1 -3 -4 -5 -6
right_child=-2 2 3 4 5 -7
leaf_value=-0.00029916073965397021 -3.0466127885708143e-05 2.2553253399717471e-06 -0.00037357811266444511 0.00029726218709062117 -4.7695926553180741e-05 0.00028586478300069942
leaf_weight=124 9167 9078 174 884 624 248
leaf_count=124 9167 9078 174 884 624 248
internal_value=4.80201e-05 0.00105729 0.0013416 0.00629199 0.00839012 0.00190992
internal_weight=20299 11132 11008 1930 1756 872
internal_count=20299 11132 11008 1930 1756 872
is_linear=0
shrinkage=0.05


Tree=262
num_leaves=7
num_cat=0
split_feature=33 22 21 54 36 22
split_gain=12.337 18.7055 27.0997 57.4018 23.9987 24.1361
threshold=-0.33916614949703211 0.47499999403953558 0.72499999403953563 -0.077301338315010057 -0.31173074245452875 0.67499998211860668
decision_type=2 2 2 8 2 2
left_child=1 -1 3 -3 -4 -6
right_child=-2 2 4 -5 5 -7
leaf_value=-3.8492078752227331e-05 -5.5158445643473657e-06 -0.00033304216972154126 -0.00018807385340624181 0.00050873882706230699 -0.00034378941836599067 0.00043777424731414934
leaf_weight=911 18266 130 299 349 71 273
leaf_count=911 18266 130 299 349 71 273
internal_value=3.32447e-05 0.00374141 0.00805235 0.0169938 0.00127315 0.0102436
internal_weight=20299 2033 1122 479 643 344
internal_count=20299 2033 1122 479 643 344
is_linear=0
shrinkage=0.05


Tree=263
num_leaves=7
num_cat=0
split_feature=35 36 26 6 9 45
split_gain=13.512 41.8548 21.5392 14.2157 21.8016 44.8456
threshold=-0.86695316433906544 -0.93701687455177296 -0.023078864440321919 0.91309314966201793 -0.010858372785151003 0.12169220298528673
decision_type=2 2 2 2 2 2
left_child=1 2 -1 4 -2 -6
right_child=3 -3 -4 -5 5 -7
leaf_value=0.00030872375089601508 -1.5031682560702388e-06 -0.00030787307407149564 -0.00013115689676977912 -4.2403425598873459e-05 8.5037746315717226e-05 -0.00058327382732988303
leaf_weight=110 14762 151 77 2305 2690 177
leaf_count=110 14762 151 77 2305 2690 177
internal_value=4.31523e-05 -0.00983965 0.00585938 0.000169266 0.000653567 0.00463962
internal_weight=20272 338 187 19934 17629 2867
internal_count=20272 338 187 19934 17629 2867
is_linear=0
shrinkage=0.05


Tree=264
num_leaves=7
num_cat=0
split_feature=54 25 22 42 26 26
split_gain=13.6776 10.9428 35.3641 33.9638 33.4192 39.5713
threshold=-1.208008825778961 -0.0074659932870417825 0.32500000298023229 0.067870318889617934 0.012124173808842899 -0.058849034830927842
decision_type=8 2 2 2 2 2
left_child=-1 2 4 -4 5 -2
right_child=1 -3 3 -5 -6 -7
leaf_value=-0.00024721720043903179 0.00010126885707666349 -1.0196081568981226e-05 0.00041243173423234462 5.0066057297254877e-05 7.4407176658493682e-05 -0.00022545359461275386
leaf_weight=267 375 12381 261 5320 604 950
leaf_count=267 375 12381 261 5320 604 950
internal_value=1.85984e-05 0.000167119 0.00167332 0.00369227 -0.00414943 -0.00859023
internal_weight=20158 19891 7510 5581 1929 1325
internal_count=20158 19891 7510 5581 1929 1325
is_linear=0
shrinkage=0.05


Tree=265
num_leaves=7
num_cat=0
split_feature=31 15 46 13 19 21
split_gain=14.5758 26.7658 20.9057 21.0293 20.4525 18.7171
threshold=61.226156234741218 0.82500001788139354 1.1927195191383364 0.013933090958744289 0.97499999403953563 0.42499999701976782
decision_type=2 2 2 2 2 2
left_child=-1 2 3 -2 5 -3
right_child=1 4 -4 -5 -6 -7
leaf_value=8.4690535254478083e-06 0.00023306373736194645 0.00031096756710805674 0.00026143484648839219 -0.00024394149641804782 -0.00027642257228636241 5.7693760429789606e-07
leaf_weight=18577 75 213 59 598 182 502
leaf_count=18577 75 213 59 598 182 502
internal_value=4.32933e-05 -0.00429927 -0.0113636 -0.0139012 0.00146896 0.0053125
internal_weight=20206 1629 732 673 897 715
internal_count=20206 1629 732 673 897 715
is_linear=0
shrinkage=0.05


Tree=266
num_leaves=7
num_cat=0
split_feature=47 12 46 46 21 13
split_gain=17.5734 69.3382 36.8675 42.2027 42.1639 35.1808
threshold=0.84651151299476635 -0.038019893690943711 0.99772158265113842 1.0508506298065188 0.42499999701976782 0.022450587712228302
decision_type=2 2 2 2 2 2
left_child=1 -1 -3 -4 -5 -6
right_child=-2 2 3 4 5 -7
leaf_value=0.00044144615415559179 -1.5646752115808824e-05 -3.5923044117589988e-05 0.0003669848846010093 -0.00014231420811045256 0.00033412301628936767 -0.00018693473055795922
leaf_weight=510 14483 3299 837 496 529 208
leaf_count=510 14483 3299 837 496 529 208
internal_value=8.22409e-05 0.00223063 0.000544287 0.00577108 -0.000100969 0.00744609
internal_weight=20362 5879 5369 2070 1233 737
internal_count=20362 5879 5369 2070 1233 737
is_linear=0
shrinkage=0.05


Tree=267
num_leaves=7
num_cat=0
split_feature=24 22 10 55 46 39
split_gain=13.4882 16.7348 16.2229 43.5894 28.8183 33.0965
threshold=0.10568368062376977 0.22500000149011615 0.12688747793436053 85.068965911865249 0.89412492513656627 0.0094657549634575861
decision_type=2 2 2 10 2 2
left_child=2 -2 -1 -4 5 -5
right_child=1 -3 3 4 -6 -7
leaf_value=-4.6090282299955975e-06 0.00031716846665437459 -0.00020111918951514737 -5.2176416577331444e-05 0.00092727396860780231 0.0004392804914352412 -0.0005329376186130174
leaf_weight=18711 85 542 518 100 382 57
leaf_count=18711 85 542 518 100 382 57
internal_value=5.7598e-05 -0.00747627 -5.43671e-05 0.00595574 0.0158548 -0.00200617
internal_weight=20395 627 19768 1057 539 157
internal_count=20395 627 19768 1057 539 157
is_linear=0
shrinkage=0.05


Tree=268
num_leaves=7
num_cat=0
split_feature=44 22 46 5 36 41
split_gain=12.2416 31.9204 45.7223 29.6518 29.1547 25.7891
threshold=0.062140231952071197 0.075000001117587103 1.0449383258819582 -0.6928342580795287 0.024695291183888916 0.056515045464038856
decision_type=2 2 2 2 2 2
left_child=1 4 3 -3 -1 -2
right_child=5 2 -4 -5 -6 -7
leaf_value=7.021955729300005e-05 8.9001390086559636e-05 8.591519898020172e-05 4.6989285210364129e-05 -0.00040597674748207982 -5.428541710513827e-05 1.330253797380239e-06
leaf_weight=446 1310 72 275 275 246 17661
leaf_count=446 1310 72 275 275 246 17661
internal_value=6.28388e-05 -0.00437832 -0.0125598 -0.0245028 0.00297704 0.000602076
internal_weight=20285 1314 622 347 692 18971
internal_count=20285 1314 622 347 692 18971
is_linear=0
shrinkage=0.05


Tree=269
num_leaves=7
num_cat=0
split_feature=30 38 53 47 10 29
split_gain=13.5697 20.8935 30.6917 30.632 44.1207 29.4815
threshold=50.545066833496101 1.0000000180025095e-35 0.12553188204765323 1.1760763525962832 0.016467161476612095 0.047002037987113006
decision_type=2 2 10 2 2 2
left_child=-1 5 3 -3 -5 -2
right_child=1 2 -4 4 -6 -7
leaf_value=1.5891644113579399e-05 5.6841112370704864e-05 2.0573281118835276e-05 -0.00015136419225184278 -0.00047634035909412098 0.00026895794198662353 -9.5035601255632509e-05
leaf_weight=10483 3670 2871 1930 389 153 791
leaf_count=10483 3670 2871 1930 389 153 791
internal_value=2.83363e-05 -0.00137374 -0.00348261 -0.000621709 -0.0114717 0.00114756
internal_weight=20287 9804 5343 3413 542 4461
internal_count=20287 9804 5343 3413 542 4461
is_linear=0
shrinkage=0.05


Tree=270
num_leaves=7
num_cat=0
split_feature=44 40 44 51 54 21
split_gain=17.3894 26.8528 54.156 21.5504 23.5757 27.2054
threshold=0.062140231952071197 0.037517594173550613 0.075505770742893233 -0.025666608475148674 -0.025816828012466427 0.37500000000000006
decision_type=2 2 2 8 8 2
left_child=3 2 -2 -1 -5 -6
right_child=1 -3 -4 4 5 -7
leaf_value=0.00024446394308125225 0.00031241186063354302 1.0262730661265139e-07 -0.00015539106632203654 0.0001132435389106178 -8.9775210303740514e-05 0.00010368283797593213
leaf_weight=100 147 18749 69 63 988 152
leaf_count=100 147 18749 69 63 988 152
internal_value=7.27569e-05 0.000206906 0.0175339 -0.00575306 -0.00763659 -0.00932314
internal_weight=20268 18965 216 1303 1203 1140
internal_count=20268 18965 216 1303 1203 1140
is_linear=0
shrinkage=0.05


Tree=271
num_leaves=7
num_cat=0
split_feature=49 38 8 23 2 13
split_gain=10.5572 19.605 43.5392 29.9516 29.51 45.5162
threshold=0.039883388206362731 -0.00053305755136534561 0.72785788774490368 0.022577513940632347 0.010918898042291405 0.01276194676756859
decision_type=2 2 2 2 2 2
left_child=-1 -2 3 -3 5 -4
right_child=1 2 4 -5 -6 -7
leaf_value=1.5631108017841982e-05 2.2929915786487242e-05 -0.00010024243571208405 0.00019334222946692145 -0.00056111691963084745 0.00031577927291484808 -7.2960783142528846e-05
leaf_weight=10989 4221 2076 474 215 439 1966
leaf_count=10989 4221 2076 474 215 439 1966
internal_value=6.2546e-05 -0.00121594 -0.00328019 -0.00841681 0.000806172 -0.00133947
internal_weight=20380 9391 5170 2291 2879 2440
internal_count=20380 9391 5170 2291 2879 2440
is_linear=0
shrinkage=0.05


Tree=272
num_leaves=7
num_cat=0
split_feature=26 12 35 44 47 6
split_gain=12.5358 26.3727 38.3867 29.352 26.2692 41.8774
threshold=0.12056851387023927 0.052382532507181175 0.22561234980821612 0.073662787675857558 0.87577357888221752 0.7753908932209016
decision_type=2 2 2 2 2 2
left_child=1 -1 -3 -4 5 -2
right_child=4 2 3 -5 -6 -7
leaf_value=-1.1725909600319085e-07 0.00018145674092039747 -1.4539738963941378e-05 4.5373997506821359e-05 -0.0005906003312903679 0.00015622294685619802 -0.00034279166362046046
leaf_weight=17417 191 865 130 313 1109 272
leaf_count=17417 191 865 130 313 1109 272
internal_value=0.000112058 -0.000535238 -0.00736862 -0.0192522 0.0041059 -0.00582265
internal_weight=20297 18725 1308 443 1572 463
internal_count=20297 18725 1308 443 1572 463
is_linear=0
shrinkage=0.05


Tree=273
num_leaves=7
num_cat=0
split_feature=55 24 10 36 32 35
split_gain=13.8718 29.2765 37.4595 35.5101 23.6094 22.3815
threshold=233105.24218750003 -0.14292011409997937 -0.1871228218078613 -0.83576825261116017 -0.71728855371475209 -0.12151798233389853
decision_type=10 2 2 2 2 2
left_child=1 3 4 -1 -3 -2
right_child=5 2 -4 -5 -6 -7
leaf_value=-0.00027658157733803065 -0.00019249897460476984 -9.3581282223841137e-05 4.3080923805340418e-06 0.00074665204044208587 -0.00084671605484946955 -7.6396377178189134e-07
leaf_weight=65 1008 79 17152 153 87 1696
leaf_count=65 1008 79 17152 153 87 1696
internal_value=-1.85231e-05 0.000272219 3.89655e-05 0.0182735 -0.0232456 -0.00357143
internal_weight=20240 17536 17318 218 166 2704
internal_count=20240 17536 17318 218 166 2704
is_linear=0
shrinkage=0.05


Tree=274
num_leaves=7
num_cat=0
split_feature=56 23 9 53 26 15
split_gain=16.7718 13.0232 27.2206 30.0621 30.4876 33.8576
threshold=0.0053016308229416617 0.00064156248117797088 -0.0091603859327733499 0.82072654366493236 -0.0649440363049507 0.32500000298023229
decision_type=10 2 2 8 2 2
left_child=1 -1 3 4 -3 -6
right_child=-2 2 -4 -5 5 -7
leaf_value=1.9936513591262248e-05 -0.00029440184531957542 -0.00017052821339921757 2.8788164728112294e-05 -0.00013794093937833521 0.0002576198798739531 -2.3703549986348083e-05
leaf_weight=10447 252 1170 3949 1228 743 2468
leaf_count=10447 252 1170 3949 1228 743 2468
internal_value=5.3055e-05 0.000111194 -0.00122085 -0.0034601 -0.00151049 0.0010028
internal_weight=20257 20005 9558 5609 4381 3211
internal_count=20257 20005 9558 5609 4381 3211
is_linear=0
shrinkage=0.05


Tree=275
num_leaves=7
num_cat=0
split_feature=35 54 47 48 43 35
split_gain=14.2012 29.8752 33.5113 30.1864 27.2512 24.4829
threshold=-0.80302551388740528 0.035980319604277618 1.031269967556 0.53312811255455028 0.1187802664935589 -0.86695316433906544
decision_type=2 8 2 2 2 2
left_child=1 2 3 5 -3 -1
right_child=-2 4 -4 -5 -6 -7
leaf_value=-2.4944692935052447e-05 6.9831754881213056e-06 -0.00040800038102151008 -0.00019544458472833641 -0.00042531690916195798 3.5990314781380953e-05 0.0003123243496720835
leaf_weight=232 18918 238 324 80 99 366
leaf_count=232 18918 238 324 80 99 366
internal_value=0.000132021 -0.00485491 -0.000471698 0.00581991 -0.017617 0.00974295
internal_weight=20257 1339 1002 678 337 598
internal_count=20257 1339 1002 678 337 598
is_linear=0
shrinkage=0.05


Tree=276
num_leaves=7
num_cat=0
split_feature=26 3 42 53 47 0
split_gain=10.4755 35.8932 56.2775 76.3827 35.0682 37.1566
threshold=-0.086253043264150606 0.011152325198054315 0.11213172599673273 0.37021316587924963 0.80564388632774364 -0.0012549585080705581
decision_type=2 2 2 10 2 2
left_child=4 -2 -3 -4 -1 -6
right_child=1 2 3 -5 5 -7
leaf_value=0.00014778738542391438 -4.0529926734293881e-06 -0.0004110821448546612 0.00049840811334853443 -6.1222027714310547e-05 -0.00042469053523152975 -2.5612503833230204e-05
leaf_weight=599 15199 253 890 630 679 2128
leaf_count=599 15199 253 890 630 679 2128
internal_value=5.76461e-05 0.000434411 0.00715692 0.0108033 -0.00260188 -0.00495199
internal_weight=20378 16972 1773 1520 3406 2807
internal_count=20378 16972 1773 1520 3406 2807
is_linear=0
shrinkage=0.05


Tree=277
num_leaves=7
num_cat=0
split_feature=31 8 23 53 0 52
split_gain=12.7769 25.1315 22.6186 20.282 36.9564 20.2619
threshold=61.226156234741218 0.85718733072280895 0.042641894891858108 1.2329520583152773 -0.018242285586893555 0.06141286529600621
decision_type=2 2 2 10 2 8
left_child=3 -2 -3 -1 -5 -6
right_child=1 2 -4 4 5 -7
leaf_value=8.2092970016304025e-06 0.00010151827625738865 -0.00015942058574096117 0.00054514404438132285 0.00023195515196307865 -0.00053770782445136081 -0.00015296842463237071
leaf_weight=18376 377 1158 73 128 135 141
leaf_count=18376 377 1158 73 128 135 141
internal_value=8.70397e-05 -0.00432424 -0.00778722 0.00031275 -0.0106968 -0.0209075
internal_weight=20388 1608 1231 18780 404 276
internal_count=20388 1608 1231 18780 404 276
is_linear=0
shrinkage=0.05


Tree=278
num_leaves=7
num_cat=0
split_feature=26 47 12 41 35 53
split_gain=12.2606 45.0811 76.4126 37.1303 69.4948 86.0615
threshold=-0.086253043264150606 0.80564388632774364 -0.0059155102353543034 0.11030204221606256 0.20882903039455417 0.82072654366493236
decision_type=2 2 2 2 2 10
left_child=1 2 -1 -2 5 -5
right_child=3 -3 -4 4 -6 -7
leaf_value=0.00048132392703502256 -3.0703518593164488e-06 -0.00011104020509567587 -0.000224571271369973 0.00039024408032448869 -0.00021513962244873409 -0.00041226164255573646
leaf_weight=444 14883 2749 159 1240 538 256
leaf_count=444 14883 2749 159 1240 538 256
internal_value=8.63175e-06 -0.0027331 0.00958059 0.000574696 0.00690289 0.0124417
internal_weight=20269 3352 603 16917 2034 1496
internal_count=20269 3352 603 16917 2034 1496
is_linear=0
shrinkage=0.05


Tree=279
num_leaves=7
num_cat=0
split_feature=51 22 43 50 53 46
split_gain=16.4362 47.4733 47.3993 53.2102 46.082 41.0913
threshold=-0.13832898437976834 0.77500000596046459 0.07706740498542787 -0.46499383449554438 -0.42429409921169275 0.83567735552787792
decision_type=8 2 2 2 10 2
left_child=1 2 3 -1 -4 -6
right_child=-2 -3 4 -5 5 -7
leaf_value=0.00039781562651758953 2.6366478109283933e-06 9.0912108662369453e-05 3.8298286731187579e-05 -0.00029381158696391248 9.4022961985190171e-05 -0.00052916853911959575
leaf_weight=214 16971 1294 419 134 133 1012
leaf_count=214 16971 1294 419 134 133 1012
internal_value=1.3626e-05 -0.00369822 -0.00869849 0.00786119 -0.0124124 -0.017587
internal_weight=20177 3206 1912 348 1564 1145
internal_count=20177 3206 1912 348 1564 1145
is_linear=0
shrinkage=0.05


Tree=280
num_leaves=7
num_cat=0
split_feature=26 12 35 44 2 52
split_gain=12.5303 49.0119 36.7267 27.6232 35.2157 31.8924
threshold=0.096606846898794188 0.059474647045135505 -0.78918293118476857 0.11710380390286447 0.010918898042291405 -0.0019042033818550406
decision_type=2 2 2 2 2 10
left_child=1 -1 -2 5 -5 -4
right_child=2 -3 3 4 -6 -7
leaf_value=1.227968567934165e-06 -0.00062980467214609039 -0.00023169079285679961 9.5227506187691075e-06 -0.00046841215147639152 0.0002224980530831297 0.00029776157480010065
leaf_weight=17205 90 582 1069 246 166 939
leaf_count=17205 90 582 1069 246 166 939
internal_value=8.25042e-05 -0.000400461 0.00336978 0.00456701 -0.00713429 0.00699205
internal_weight=20297 17787 2510 2420 412 2008
internal_count=20297 17787 2510 2420 412 2008
is_linear=0
shrinkage=0.05


Tree=281
num_leaves=7
num_cat=0
split_feature=4 40 36 26 4 53
split_gain=11.7835 11.4585 11.3749 27.0274 10.7782 9.85951
threshold=1.2228182554244997 0.10155956819653512 -0.93701687455177296 -0.023078864440321919 0.14297033101320269 -0.63215312361717213
decision_type=2 2 2 2 2 8
left_child=2 -2 3 4 -1 -4
right_child=1 -3 5 -5 -6 -7
leaf_value=0.00046372283358581682 6.1024659326185727e-05 0.00067764763242769048 6.836594912610372e-05 -0.00010063115870243643 3.7209191132296044e-06 -9.9817433475144983e-06
leaf_weight=166 231 93 1573 108 63 18168
leaf_count=166 231 93 1573 108 63 18168
internal_value=-1.34758e-05 0.0093465 -0.000192949 0.00884503 0.0184829 -0.000350704
internal_weight=20402 324 20078 337 229 19741
internal_count=20402 324 20078 337 229 19741
is_linear=0
shrinkage=0.05


Tree=282
num_leaves=7
num_cat=0
split_feature=33 22 18 21 26 25
split_gain=13.7075 22.1052 29.5789 40.1453 31.8471 20.8753
threshold=-0.33916614949703211 0.47499999403953558 0.32500000298023229 0.72499999403953563 0.019010661169886593 -0.038379419595003121
decision_type=2 2 2 2 2 2
left_child=1 -1 5 -4 -5 -3
right_child=-2 2 3 4 -6 -7
leaf_value=-2.960422944015054e-05 -8.3810819460583729e-06 -0.00011034771186316057 0.00054107233391222293 0.0003948685497949429 -0.00028762109999456612 0.00034834278631725612
leaf_weight=893 18322 390 276 163 148 162
leaf_count=893 18322 390 276 163 148 162
internal_value=-6.75377e-05 0.0037187 0.00832605 0.0160895 0.00356013 0
internal_weight=20354 2032 1139 587 311 552
internal_count=20354 2032 1139 587 311 552
is_linear=0
shrinkage=0.05


Tree=283
num_leaves=7
num_cat=0
split_feature=52 47 32 48 51 36
split_gain=14.3656 26.8039 24.1859 19.6233 18.0366 33.7884
threshold=0.06141286529600621 0.82398340106010448 0.42423070967197424 -0.9213069975376128 -0.13832898437976834 0.42617307603359228
decision_type=10 2 2 2 8 2
left_child=4 2 -2 -3 5 -1
right_child=1 3 -4 -5 -6 -7
leaf_value=-0.00018181088531708263 0.0012374486979932228 0.00032582158826144976 3.4987649203368793e-05 -3.1759425876700399e-05 7.1406784644578576e-06 0.00011356883576632269
leaf_weight=2163 84 176 54 474 16677 806
leaf_count=2163 84 176 54 474 16677 806
internal_value=8.68438e-05 0.00677806 0.0263986 0.00240458 -8.52374e-05 -0.0036735
internal_weight=20434 788 138 650 19646 2969
internal_count=20434 788 138 650 19646 2969
is_linear=0
shrinkage=0.05


Tree=284
num_leaves=7
num_cat=0
split_feature=52 45 26 50 6 52
split_gain=11.9579 15.9787 24.5761 12.8977 11.387 13.1104
threshold=0.15020025521516803 0.090442191809415831 1.0000000180025095e-35 0.39143323898315435 0.99996218085289013 3.2098783776746138e-05
decision_type=10 2 2 2 2 8
left_child=4 -2 3 -3 -1 -6
right_child=1 2 -4 -5 5 -7
leaf_value=-1.5304655624934403e-06 0.00035147503952529446 1.0087991095472584e-05 -0.00039942475228401417 0.00068446373166662113 -0.00027369115057394389 -1.7212858879027934e-05
leaf_weight=18991 174 138 110 99 267 499
leaf_count=18991 174 138 110 99 267 499
internal_value=8.75117e-05 0.00727186 0.000923295 0.0100207 -0.000365601 -0.00632296
internal_weight=20278 521 347 237 19757 766
internal_count=20278 521 347 237 19757 766
is_linear=0
shrinkage=0.05


Tree=285
num_leaves=7
num_cat=0
split_feature=48 44 38 39 36 21
split_gain=15.0193 29.5491 30.3893 57.6095 30.2293 41.1691
threshold=-0.12946787476539609 0.1349701061844826 0.018743066117167476 0.059389751404523856 -0.28815208375453943 0.47499999403953558
decision_type=2 2 2 2 2 2
left_child=1 2 -1 -4 -3 -6
right_child=-2 4 3 -5 5 -7
leaf_value=-1.3154511481807839e-05 1.886878828164136e-05 -0.00017888766243988609 -0.00026988925099177044 0.00010665865181455538 -0.00041966927868604815 0.00066870121877741421
leaf_weight=7789 9614 232 1521 527 139 488
leaf_count=7789 9614 232 1521 527 139 488
internal_value=6.7684e-05 -0.00153958 -0.00231914 -0.00773259 0.0073206 0.0130142
internal_weight=20310 10696 9837 2048 859 627
internal_count=20310 10696 9837 2048 859 627
is_linear=0
shrinkage=0.05


Tree=286
num_leaves=7
num_cat=0
split_feature=43 48 35 24 35 48
split_gain=15.5465 28.6302 22.6103 36.6347 26.5331 30.5979
threshold=0.047617390751838691 1.1691286563873293 0.12572298943996432 0.014301963150501253 -0.10443689301609992 -1.6068525314331052
decision_type=2 2 2 2 2 2
left_child=1 2 4 -4 5 -1
right_child=-2 -3 3 -5 -6 -7
leaf_value=-0.00054939947764253609 2.2350824109288596e-06 0.00042730566883572541 1.2828730699648042e-05 -0.00034687656031217863 -0.00037341670561219146 0.00013686106340519638
leaf_weight=50 19420 81 441 70 211 119
leaf_count=50 19420 81 441 70 211 119
internal_value=9.19253e-05 -0.00632037 -0.00895647 -0.00198643 -0.0181169 -0.00301724
internal_weight=20392 972 891 511 380 169
internal_count=20392 972 891 511 380 169
is_linear=0
shrinkage=0.05


Tree=287
num_leaves=7
num_cat=0
split_feature=35 3 22 36 55 53
split_gain=15.6757 36.559 36.783 44.4 62.1471 40.4822
threshold=0.43537886440753942 0.0048268164973706016 0.52500000596046459 0.5961117446422578 41554.769531250007 0.41718247532844549
decision_type=2 2 2 2 8 10
left_child=-1 -2 3 -3 -5 -6
right_child=1 2 -4 4 5 -7
leaf_value=-1.1902412676484008e-05 0.00021923182771601548 -0.00033897788220252649 0.00034543224708629273 0.00028204737966526868 -3.641999764833261e-05 -0.0012683592570283952
leaf_weight=17131 204 345 715 674 1251 54
leaf_count=17131 204 345 715 674 1251 54
internal_value=7.72854e-05 0.00308651 0.00168364 -0.00136325 0.0015247 -0.00482824
internal_weight=20374 3243 3039 2324 1979 1305
internal_count=20374 3243 3039 2324 1979 1305
is_linear=0
shrinkage=0.05


Tree=288
num_leaves=7
num_cat=0
split_feature=8 39 48 55 26 22
split_gain=14.5035 16.7905 14.7834 29.5487 40.0532 39.1043
threshold=0.032316809520125396 -0.056566674262285226 -0.12946787476539609 116273.35156250001 0.054386163130402572 0.82500001788139354
decision_type=2 2 2 10 2 2
left_child=1 -1 -2 5 -5 -4
right_child=2 -3 3 4 -6 -7
leaf_value=0.00076029046204488526 -3.3693085434976203e-05 3.3963303331924601e-05 7.3247105032530808e-05 -6.3936856630755601e-06 -0.00029005745417596168 -9.7714231103992327e-05
leaf_weight=51 9086 1892 5891 1573 489 1272
leaf_count=51 9086 1892 5891 1573 489 1272
internal_value=1.85103e-05 0.00376027 -0.000776643 0.000631094 -0.00463232 0.00215193
internal_weight=20254 1943 18311 9225 2062 7163
internal_count=20254 1943 18311 9225 2062 7163
is_linear=0
shrinkage=0.05


Tree=289
num_leaves=7
num_cat=0
split_feature=55 24 41 35 6 47
split_gain=11.7203 26.7714 26.3593 35.026 34.276 27.2709
threshold=9999531520.0000019 -0.14292011409997937 0.1429390832781792 -0.086789824068546281 0.58833923935890209 1.031269967556
decision_type=10 2 2 2 2 2
left_child=1 -1 3 -2 5 -5
right_child=2 -3 -4 4 -6 -7
leaf_value=0.00040989884160903242 -0.00049435445209070712 -4.2460616075976064e-06 -0.0011839354526097653 0.0016285114959744464 -0.00018735224776973282 7.6383431986945419e-05
leaf_weight=219 153 19356 99 85 219 80
leaf_count=219 153 19356 99 85 219 80
internal_value=2.84428e-05 -0.000108529 -0.00698128 -0.00244465 0.00559126 0.0225
internal_weight=20211 19575 636 537 384 165
internal_count=20211 19575 636 537 384 165
is_linear=0
shrinkage=0.05


Tree=290
num_leaves=7
num_cat=0
split_feature=12 22 21 43 50 44
split_gain=11.1181 28.2964 31.7307 24.6078 14.1001 30.4468
threshold=-0.12508404254913327 0.97499999403953563 0.57500001788139354 0.14618669450283053 -1.8963842988014219 0.12126071006059648
decision_type=2 2 2 2 2 2
left_child=1 2 -1 -3 5 -2
right_child=4 3 -4 -5 -6 -7
leaf_value=-0.00034347437443495372 -0.00014919461098455538 -0.0010183025109264472 0.00080610065482212287 0.00049948209765942025 7.7830652054527111e-06 0.00051091573598879196
leaf_weight=53 816 54 164 65 18984 81
leaf_count=53 816 54 164 65 18984 81
internal_value=5.31599e-05 0.00931085 0.0199324 -0.00987903 0.000202404 -0.00590355
internal_weight=20217 336 217 119 19881 897
internal_count=20217 336 217 119 19881 897
is_linear=0
shrinkage=0.05


Tree=291
num_leaves=7
num_cat=0
split_feature=44 3 21 22 35 42
split_gain=13.3774 28.7121 28.58 43.4639 33.5325 31.9981
threshold=0.062140231952071197 0.0048268164973706016 0.37500000000000006 0.075000001117587103 0.085496194660663619 0.057177044451236732
decision_type=2 2 2 2 2 2
left_child=2 -2 3 4 5 -1
right_child=1 -3 -4 -5 -6 -7
leaf_value=0.00028210210417267689 0.00019951351223124943 -2.0852019012041641e-06 0.00020828487739206499 -0.00023210356030238044 -3.3397175185923892e-05 -0.00025391544109837225
leaf_weight=189 274 18633 138 468 419 67
leaf_count=189 274 18633 138 468 419 67
internal_value=7.30451e-05 0.00011765 -0.00515163 -0.00777439 0.000330882 0.0144636
internal_weight=20188 18907 1281 1143 675 256
internal_count=20188 18907 1281 1143 675 256
is_linear=0
shrinkage=0.05


Tree=292
num_leaves=7
num_cat=0
split_feature=33 46 13 51 1 56
split_gain=14.2684 28.8525 45.3508 28.6411 38.6605 25.0107
threshold=0.066963531076908125 0.86030197143554699 0.017715054564177993 0.038574418053030975 0.025319705717265609 1.9930016748048732e-07
decision_type=2 2 2 10 2 8
left_child=-1 2 3 -2 -5 -3
right_child=1 5 -4 4 -6 -7
leaf_value=1.1792318005932231e-05 4.588477172690342e-05 6.9242483876547363e-05 -0.0002711761541192204 -0.00051844106729851162 0.00022475698114012336 -4.4693308818397213e-05
leaf_weight=12380 765 2628 512 199 103 3761
leaf_count=12380 765 2628 512 199 103 3761
internal_value=9.2124e-05 -0.00186567 -0.0079072 -0.00198228 -0.0149023 -0.000363622
internal_weight=20348 7968 1579 1067 302 6389
internal_count=20348 7968 1579 1067 302 6389
is_linear=0
shrinkage=0.05


Tree=293
num_leaves=7
num_cat=0
split_feature=41 41 13 20 52 54
split_gain=14.1665 33.4678 32.1287 36.4025 36.7611 32.3436
threshold=0.069088272750377669 0.059721976518630988 0.011709326412528755 0.42499999701976782 0.00013580202357843521 -0.025816828012466427
decision_type=2 2 2 2 10 8
left_child=1 2 3 5 -5 -1
right_child=-2 -3 -4 4 -6 -7
leaf_value=0.00019188577278916519 1.8795348099360415e-05 -9.5161036481899769e-05 -0.00010515377211299149 0.00015073182225290994 -0.00022635418010193316 -4.4334354231376395e-05
leaf_weight=110 15469 1953 611 1130 139 979
leaf_count=110 15469 1953 611 1130 139 979
internal_value=0.000140959 -0.00198397 0.0013534 0.00400973 0.00975275 -0.00267367
internal_weight=20391 4922 2969 2358 1269 1089
internal_count=20391 4922 2969 2358 1269 1089
is_linear=0
shrinkage=0.05


Tree=294
num_leaves=7
num_cat=0
split_feature=11 45 38 44 24 44
split_gain=12.9193 29.484 28.2113 22.9113 30.427 22.8334
threshold=0.0029587413882836704 0.15108997374773028 0.032292587682604797 0.15562175214290622 0.05513895861804486 0.14466013014316562
decision_type=2 2 2 2 2 2
left_child=5 2 3 -2 -5 -1
right_child=1 -3 -4 4 -6 -7
leaf_value=7.2732879852560651e-06 -1.1656042429834445e-05 -0.00025383243921514982 -0.00028013792022747887 0.0017287923053604264 -2.8279104367121954e-05 0.00021913327805753838
leaf_weight=11581 7072 479 213 91 89 712
leaf_count=11581 7072 479 213 91 89 712
internal_value=7.28683e-05 -0.00151906 -0.000739625 -0.000203252 0.0171622 0.00106725
internal_weight=20237 7944 7465 7252 180 12293
internal_count=20237 7944 7465 7252 180 12293
is_linear=0
shrinkage=0.05


Tree=295
num_leaves=7
num_cat=0
split_feature=24 22 10 46 55 53
split_gain=14.9336 22.6663 16.8357 29.1453 35.512 31.447
threshold=0.10568368062376977 0.22500000149011615 0.09872718527913095 0.90657854080200206 116273.35156250001 0.68684864044189464
decision_type=2 2 2 2 10 8
left_child=2 -2 -1 4 5 -4
right_child=1 -3 3 -5 -6 -7
leaf_value=-4.3160123165540468e-06 0.0003427089250972429 -0.00019531267748138599 0.00048867608890554672 0.00015630816086270106 -0.00085047000280024038 -0.00014252807231529487
leaf_weight=17784 91 547 261 1228 77 360
leaf_count=17784 91 547 261 1228 77 360
internal_value=7.73842e-05 -0.00758165 0.000161045 0.00459606 -0.00352063 0.000519169
internal_weight=20348 638 19710 1926 698 621
internal_count=20348 638 19710 1926 698 621
is_linear=0
shrinkage=0.05


Tree=296
num_leaves=7
num_cat=0
split_feature=24 48 55 10 51 26
split_gain=13.3576 19.9762 41.4936 40.1635 42.3083 39.6288
threshold=0.093925777822732939 -0.12946787476539609 116273.35156250001 0.073545143008232131 -0.054667796939611428 0.054386163130402572
decision_type=2 2 10 2 10 2
left_child=1 -1 3 -3 -5 -4
right_child=-2 2 5 4 -6 -7
leaf_value=-1.6767779560843609e-05 -9.2153647376342336e-05 4.0742395235842613e-05 -4.0059969929667242e-06 3.9361554862833676e-05 0.00057378458527735071 -0.00030640689275698201
leaf_weight=10610 948 5414 1662 551 594 482
leaf_count=10610 948 5414 1662 551 594 482
internal_value=3.82414e-05 0.000213531 0.00198955 0.00396481 0.0124565 -0.00403676
internal_weight=20261 19313 8703 6559 1145 2144
internal_count=20261 19313 8703 6559 1145 2144
is_linear=0
shrinkage=0.05


Tree=297
num_leaves=7
num_cat=0
split_feature=48 32 3 27 39 55
split_gain=11.6287 38.1092 38.1912 45.7 50.1475 37.8207
threshold=-0.12946787476539609 0.22139859199523929 0.012523777782917024 0.025536981411278251 -0.016207098029553887 116273.35156250001
decision_type=2 2 2 2 2 10
left_child=-1 2 3 4 -2 -3
right_child=1 5 -4 -5 -6 -7
leaf_value=-1.7732405336043388e-05 0.0003288852293553779 1.3480344800049875e-05 -0.00014107187775201969 0.00039613547324354807 9.7736283086547849e-06 -0.00013886691267038666
leaf_weight=10655 424 4997 505 608 1697 1405
leaf_count=10655 424 4997 505 608 1697 1405
internal_value=8.62239e-06 0.00122135 0.00564217 0.00798281 0.00448024 -0.00101061
internal_weight=20291 9636 3234 2729 2121 6402
internal_count=20291 9636 3234 2729 2121 6402
is_linear=0
shrinkage=0.05


Tree=298
num_leaves=7
num_cat=0
split_feature=43 48 42 35 24 9
split_gain=13.4907 28.1967 24.9326 22.1462 31.4866 25.8994
threshold=0.047617390751838691 1.254092335700989 0.069144319742918028 0.12572298943996432 0.0098075489513576048 -0.019285206682980057
decision_type=2 2 2 2 2 2
left_child=1 3 -2 -1 5 -5
right_child=2 -3 -4 4 -6 -7
leaf_value=-0.00023477496412810758 7.2030574796139396e-05 0.00046020040200505551 -5.0714454695077479e-06 0.0003855029942263058 -0.00032222912438675691 -1.5729381837809986e-06
leaf_weight=377 2643 82 16653 54 88 364
leaf_count=377 2643 82 16653 54 88 364
internal_value=4.81101e-05 -0.00559278 0.000449459 -0.00824887 -0.00132094 0.00443262
internal_weight=20261 965 19296 883 506 418
internal_count=20261 965 19296 883 506 418
is_linear=0
shrinkage=0.05


Tree=299
num_leaves=7
num_cat=0
split_feature=4 41 41 53 36 52
split_gain=12.9989 12.4108 32.0873 33.1696 27.6934 28.3021
threshold=1.2228182554244997 0.067690569907426848 0.059721976518630988 -0.23321451991796491 0.19197991490364077 1.6989054529403805e-05
decision_type=2 2 2 8 2 8
left_child=1 2 -1 -4 5 -5
right_child=-2 -3 3 4 -6 -7
leaf_value=4.4864612510878478e-06 0.00018307073279966832 8.5707156340457911e-06 0.00027696792303175664 -0.0002822545780594141 -0.00024594651000419901 1.5043503384142703e-05
leaf_weight=2877 319 15284 105 292 569 644
leaf_count=2877 319 15284 105 292 569 644
internal_value=9.82832e-05 -0.00014285 -0.00245436 -0.00809598 -0.0100166 -0.00464931
internal_weight=20090 19771 4487 1610 1505 936
internal_count=20090 19771 4487 1610 1505 936
is_linear=0
shrinkage=0.05


Tree=300
num_leaves=7
num_cat=0
split_feature=0 43 55 46 35 39
split_gain=15.1888 23.3995 41.0264 18.6427 19.3571 16.2277
threshold=0.085725408047437682 0.13855946809053424 31178.608398437504 0.63004019856452953 0.12572298943996432 -0.0067566048819571725
decision_type=2 2 8 2 2 2
left_child=3 5 -3 4 -1 -2
right_child=1 2 -4 -5 -6 -7
leaf_value=0.00036057727102768283 -3.8456591101587815e-05 0.00058128701078199215 -0.00070305082868133252 -4.4612712194883338e-06 -0.00011789871340260297 -0.00083449692394551688
leaf_weight=163 67 76 54 19793 55 121
leaf_count=163 67 76 54 19793 55 121
internal_value=4.30314e-05 -0.0110681 0.005 -0.000136141 0.0142377 -0.0221503
internal_weight=20329 318 130 20011 218 188
internal_count=20329 318 130 20011 218 188
is_linear=0
shrinkage=0.05


Tree=301
num_leaves=7
num_cat=0
split_feature=48 44 55 55 43 9
split_gain=16.8894 26.3033 31.5204 29.3814 32.1982 44.0313
threshold=-0.12946787476539609 0.1349701061844826 72652.683593750015 96045.785156250015 0.1162221170961857 -0.037298934534192078
decision_type=2 2 10 8 2 2
left_child=1 2 -1 -4 5 -5
right_child=-2 -3 3 4 -6 -7
leaf_value=-6.8419490610371742e-05 1.9417683296221475e-05 0.00018216091233757171 0.00033523144986641139 0.00015742173540199162 -0.00050580536663595284 -4.4673500453583418e-05
leaf_weight=6663 9530 848 266 966 211 1665
leaf_count=6663 9530 848 266 966 211 1665
internal_value=8.31101e-05 -0.0015272 -0.0022632 0.00188725 0.00037759 0.0019063
internal_weight=20149 10619 9771 3108 2842 2631
internal_count=20149 10619 9771 3108 2842 2631
is_linear=0
shrinkage=0.05


Tree=302
num_leaves=7
num_cat=0
split_feature=50 39 40 4 51 51
split_gain=14.4032 32.8935 54.0048 38.227 37.2587 31.5214
threshold=-0.41813011467456812 0.038028901442885406 0.16519854962825778 -0.25458319485187525 -5.207993507385253 -0.13832898437976834
decision_type=2 2 2 2 10 8
left_child=1 4 3 -3 -1 -2
right_child=5 2 -4 -5 -6 -7
leaf_value=-3.7364395975319242e-05 -0.00023358562242515679 -1.6285182491468984e-06 0.0012556458744464412 -0.00022912263573636617 9.9848923538964701e-05 -3.1168882375202673e-06
leaf_weight=1470 1161 1087 120 721 4532 11247
leaf_count=1470 1161 1087 120 721 4532 11247
internal_value=5.77594e-05 0.00169817 -0.00397051 -0.00616382 0.00352505 -0.00102916
internal_weight=20338 7930 1928 1808 6002 12408
internal_count=20338 7930 1928 1808 6002 12408
is_linear=0
shrinkage=0.05


Tree=303
num_leaves=7
num_cat=0
split_feature=44 45 10 7 33 52
split_gain=13.1059 42.649 30.7149 31.8003 25.0232 33.2773
threshold=0.14466013014316562 0.094934884458780303 -0.1313105300068855 0.64212226867675792 0.39724992215633398 -0.022709475830197331
decision_type=2 2 2 2 2 8
left_child=-1 -2 3 -3 5 -4
right_child=1 2 4 -5 -6 -7
leaf_value=-3.817181124389892e-06 -0.00059930380960432393 0.00018525719749810281 8.5413656697416393e-05 -0.0003360477571095798 -0.00029000040430607977 0.00057390213609428162
leaf_weight=18915 88 237 354 190 58 372
leaf_count=18915 88 237 354 190 58 372
internal_value=4.32761e-05 0.00492715 0.00742188 -0.00329861 0.0132763 0.0158345
internal_weight=20214 1299 1211 427 784 726
internal_count=20214 1299 1211 427 784 726
is_linear=0
shrinkage=0.05


Tree=304
num_leaves=7
num_cat=0
split_feature=1 39 26 55 12 50
split_gain=12.9863 37.8514 23.7846 15.9302 16.4858 14.9712
threshold=0.086197316646575942 0.0071669002063572415 -0.19512228667736051 17313.613281250004 -0.064333915710449205 0.44441321492195135
decision_type=2 2 2 10 2 2
left_child=-1 3 -3 4 -2 -4
right_child=1 2 5 -5 -6 -7
leaf_value=4.5991941023323071e-06 0.00030063770061588473 0.0013009292448688844 -0.00041393909603865722 -0.00058746721462368768 -0.00036424088808721455 0.00022151989266560687
leaf_weight=19684 64 66 72 220 83 140
leaf_count=19684 64 66 72 220 83 140
internal_value=6.76207e-05 -0.00680769 0.0069788 -0.0172715 -0.00411184 -0.00126728
internal_weight=20329 645 278 367 147 212
internal_count=20329 645 278 367 147 212
is_linear=0
shrinkage=0.05


Tree=305
num_leaves=7
num_cat=0
split_feature=24 47 47 46 5 15
split_gain=14.2625 41.217 34.3783 27.7117 43.9932 43.4527
threshold=0.03892855346202851 0.72126930952072155 0.67113992571830761 0.90657854080200206 0.22444756329059604 0.62500000000000011
decision_type=2 2 2 2 2 2
left_child=2 -2 -1 -3 5 -5
right_child=1 3 -4 4 -6 -7
leaf_value=9.5683077054867978e-05 -0.00022609175708113014 -9.1873000847928111e-05 2.7790346577256889e-06 -0.00038572070892851316 -2.2006963520189299e-05 0.00025308703285369582
leaf_weight=669 653 1394 14538 76 2167 768
leaf_count=669 653 1394 14538 76 2167 768
internal_value=7.7701e-05 -0.00234545 0.000718183 -0.000595238 0.00209715 0.0117491
internal_weight=20265 5058 15207 4405 3011 844
internal_count=20265 5058 15207 4405 3011 844
is_linear=0
shrinkage=0.05


Tree=306
num_leaves=7
num_cat=0
split_feature=44 44 39 26 43 40
split_gain=15.1053 26.8586 40.9863 29.2191 27.0584 25.9275
threshold=0.062140231952071197 0.058161057531833656 -0.0016496193711645899 -0.0096988268196582777 0.047617390751838691 0.037517594173550613
decision_type=2 2 2 2 2 2
left_child=1 2 -1 -3 -4 -2
right_child=5 3 4 -5 -6 -7
leaf_value=8.9390302609954303e-05 0.00020247436459213764 -0.00037687565007640155 -0.00011562993023377716 -4.7726190825113845e-06 1.6155070377395718e-05 3.1692991657950249e-07
leaf_weight=303 195 178 358 157 323 18782
leaf_count=303 195 178 358 157 323 18782
internal_value=3.81755e-05 -0.00530589 -0.00108696 -0.0174265 -0.00790816 0.000217311
internal_weight=20296 1319 984 335 681 18977
internal_count=20296 1319 984 335 681 18977
is_linear=0
shrinkage=0.05


Tree=307
num_leaves=7
num_cat=0
split_feature=12 48 24 47 41 47
split_gain=12.1881 34.2045 37.7408 36.0331 53.8612 31.0346
threshold=0.01105716545134783 -0.75020915269851673 -0.0025619392981752749 0.70363828539848339 0.05487503111362458 0.81588503718376171
decision_type=2 2 2 2 2 2
left_child=5 -2 -3 4 -4 -1
right_child=1 2 3 -5 -6 -7
leaf_value=7.6364738664093815e-05 -0.00020775414537917817 0.00041216456636459543 0.00042961147324204667 8.2234016726739831e-07 -0.00034887855495305178 -5.3417258325695955e-06
leaf_weight=2513 988 244 112 6475 479 9456
leaf_count=2513 988 244 112 6475 479 9456
internal_value=2.34313e-05 -0.0015386 -0.000352016 -0.00102885 -0.0127936 0.000954151
internal_weight=20267 8298 7310 7066 591 11969
internal_count=20267 8298 7310 7066 591 11969
is_linear=0
shrinkage=0.05


Tree=308
num_leaves=7
num_cat=0
split_feature=47 49 12 18 44 47
split_gain=14.533 28.5102 21.7105 18.0785 13.2312 33.8438
threshold=0.61003026366233837 0.50272437930107128 0.031364645808935172 0.32500000298023229 0.14466013014316562 0.881798416376114
decision_type=2 2 2 2 2 2
left_child=1 2 3 -1 -2 -6
right_child=4 -3 -4 -5 5 -7
leaf_value=-5.1832777091124008e-05 -3.0526805916068542e-06 -0.00044264768785913988 -0.00067835144018040341 0.00015937336693517287 0.00038364962592515769 -4.351320837705998e-05
leaf_weight=61 18813 81 54 136 572 633
leaf_count=61 18813 81 54 136 572 633
internal_value=0.000116679 -0.0103116 -0.00166016 0.00606436 0.000158568 0.00522727
internal_weight=20350 332 251 197 20018 1205
internal_count=20350 332 251 197 20018 1205
is_linear=0
shrinkage=0.05


Tree=309
num_leaves=7
num_cat=0
split_feature=52 49 36 40 22 21
split_gain=14.7545 18.6742 24.7979 24.6929 23.8041 21.9152
threshold=-0.075633242726325975 -0.11810094490647315 -0.069338560104370103 0.081601053476333632 0.42499999701976782 0.87500000000000011
decision_type=8 2 2 2 2 2
left_child=1 3 -3 -1 -5 -4
right_child=-2 2 5 4 -6 -7
leaf_value=0.00033177473522223738 7.3080279348468297e-06 -0.00056163429059937571 0.0001769383999965209 0.00045358702654775594 -0.00026276706712295998 -0.00038993373419260859
leaf_weight=182 19135 156 173 66 417 122
leaf_count=182 19135 156 173 66 417 122
internal_value=5.30707e-05 -0.00541927 -0.0132127 -3.73134e-05 -0.00599385 -0.00441667
internal_weight=20251 1116 451 665 483 295
internal_count=20251 1116 451 665 483 295
is_linear=0
shrinkage=0.05


Tree=310
num_leaves=7
num_cat=0
split_feature=25 36 39 0 10 47
split_gain=16.1528 29.9219 38.57 34.8181 38.0227 32.3015
threshold=-0.0074659932870417825 0.82619252800941478 0.012334696017205717 0.015682744793593887 0.073545143008232131 0.82398340106010448
decision_type=2 2 2 2 2 2
left_child=1 2 3 4 5 -1
right_child=-2 -3 -4 -5 -6 -7
leaf_value=1.1884144703637111e-05 -1.7346061300023095e-05 0.00029717334582360258 8.4623933353327575e-05 6.7886079849880892e-05 9.9618504850599972e-05 -0.00026211208863800443
leaf_weight=633 12609 271 3606 1057 745 1417
leaf_count=633 12609 271 3606 1057 745 1417
internal_value=6.26751e-05 0.00167119 0.00106861 -0.00240472 -0.00533036 -0.00884428
internal_weight=20338 7729 7458 3852 2795 2050
internal_count=20338 7729 7458 3852 2795 2050
is_linear=0
shrinkage=0.05


Tree=311
num_leaves=7
num_cat=0
split_feature=43 48 45 21 10 33
split_gain=15.4153 29.4218 19.2265 31.9397 19.3809 18.7139
threshold=0.047617390751838691 1.254092335700989 0.054512580856680877 0.47499999403953558 0.050159612670540817 -0.33916614949703211
decision_type=2 2 2 2 2 2
left_child=1 -1 3 4 -2 -4
right_child=2 -3 5 -5 -6 -7
leaf_value=-5.546957795495773e-05 8.19641117301209e-05 0.00053367384847465005 8.0011714883537936e-05 0.00050442771983836535 -0.00016025631184285677 -1.1391890221167263e-05
leaf_weight=893 246 84 1826 163 85 17060
leaf_count=893 246 84 1826 163 85 17060
internal_value=0.000111728 -0.0063391 8.12484e-05 0.00976954 0.000669643 -0.000173363
internal_weight=20357 977 19380 494 331 18886
internal_count=20357 977 19380 494 331 18886
is_linear=0
shrinkage=0.05


Tree=312
num_leaves=7
num_cat=0
split_feature=6 0 39 44 51 0
split_gain=12.8608 30.7995 26.4369 24.5519 28.6535 19.0385
threshold=0.10485652089118959 -0.010635273065418003 0.0094657549634575861 0.13113622367382052 -0.013482718728482722 0.085725408047437682
decision_type=2 2 2 2 8 2
left_child=1 2 -1 -3 -5 -2
right_child=5 3 -4 4 -6 -7
leaf_value=-0.00054558794639591546 -8.4002696009662576e-06 3.8365787453112105e-05 0.00012706165840077965 0.00023080169251691479 0.0007729230364300092 -0.00034474216806688364
leaf_weight=162 17098 2396 115 247 100 223
leaf_count=162 17098 2396 115 247 100 223
internal_value=5.28359e-05 0.00286777 -0.0128546 0.00448508 0.0168324 -0.000665185
internal_weight=20341 3020 277 2743 347 17321
internal_count=20341 3020 277 2743 347 17321
is_linear=0
shrinkage=0.05


Tree=313
num_leaves=7
num_cat=0
split_feature=26 41 53 35 3 52
split_gain=11.8481 30.1255 68.6022 83.7613 51.2316 30.7208
threshold=-0.086253043264150606 0.11030204221606256 0.82072654366493236 0.20882903039455417 0.012271954677999021 -2.2903029275767036e-05
decision_type=2 2 10 2 2 8
left_child=-1 -2 3 -3 -5 -6
right_child=1 2 -4 4 5 -7
leaf_value=-4.9356527211256022e-05 -2.8288153519801486e-06 0.00037934890648609479 -0.00039061321539298122 -0.0005168616995461354 0.00074482625330531723 -9.5572636393618696e-05
leaf_weight=3387 14930 1252 310 305 64 95
leaf_count=3387 14930 1252 310 305 64 95
internal_value=7.74032e-05 0.000576322 0.00629 0.0102121 -0.00783582 0.0147866
internal_weight=20343 16956 2026 1716 464 159
internal_count=20343 16956 2026 1716 464 159
is_linear=0
shrinkage=0.05


Tree=314
num_leaves=7
num_cat=0
split_feature=40 12 47 44 26 38
split_gain=12.963 54.7461 31.6004 31.1739 46.5553 43.9649
threshold=0.06267066672444345 -0.04124657250940799 1.0857276916503908 0.064790092408657088 0.015594729222357275 0.020891907624900345
decision_type=2 2 2 2 2 2
left_child=1 -1 3 -3 -5 -6
right_child=-2 2 -4 4 5 -7
leaf_value=0.00039893448018689577 -1.174191953362575e-05 -5.0349518104008496e-05 0.00021999420890807763 0.00014428774090744124 -4.3699101751840806e-08 -0.00053219637934848239
leaf_weight=227 15682 984 194 1279 1653 174
leaf_count=227 15682 984 194 1279 1653 174
internal_value=7.3027e-05 0.00230846 0.00102005 6.71551e-05 0.00253134 -0.00257915
internal_weight=20193 4511 4284 4090 3106 1827
internal_count=20193 4511 4284 4090 3106 1827
is_linear=0
shrinkage=0.05


Tree=315
num_leaves=7
num_cat=0
split_feature=56 10 35 42 53 47
split_gain=14.2037 25.2878 24.562 34.9764 33.1749 32.8911
threshold=2.2471932226153515e-07 0.019779819995164875 -0.021757530048489567 0.07765365764498712 0.020485207438468937 1.2801904082298281
decision_type=10 2 2 2 10 2
left_child=-1 -2 5 -4 -5 -3
right_child=1 2 3 4 -6 -7
leaf_value=1.3378673022431818e-05 -6.9301676298120376e-05 -0.00013638142200794371 -6.7283322159856625e-05 0.00058516548857411119 8.8791141744345913e-05 0.00060922282375962342
leaf_weight=12853 4710 1038 385 343 960 66
leaf_count=12853 4710 1038 385 343 960 66
internal_value=8.71807e-05 -0.00166178 0.00210046 0.00589191 0.00980505 -0.00367448
internal_weight=20355 7502 2792 1688 1303 1104
internal_count=20355 7502 2792 1688 1303 1104
is_linear=0
shrinkage=0.05


Tree=316
num_leaves=7
num_cat=0
split_feature=47 13 12 18 55 43
split_gain=11.6861 29.726 20.3227 30.0098 14.1762 12.5765
threshold=0.61003026366233837 0.020837809890508655 0.031364645808935172 0.32500000298023229 56519.847656250007 0.047617390751838691
decision_type=2 2 2 2 8 2
left_child=1 2 3 -1 -5 -2
right_child=5 -3 -4 4 -6 -7
leaf_value=-6.2226226106624862e-05 -3.8856639680639366e-05 -0.00071158082965127678 -0.00050941547193857387 -8.1846732787069581e-07 0.00055597232291435472 3.3101976244138704e-06
leaf_weight=60 912 57 54 73 88 19155
leaf_count=60 912 57 54 73 88 19155
internal_value=8.20917e-05 -0.00942136 -0.00223214 0.0045354 0.0158133 -3.11379e-05
internal_weight=20399 332 275 221 161 20067
internal_count=20399 332 275 221 161 20067
is_linear=0
shrinkage=0.05


Tree=317
num_leaves=7
num_cat=0
split_feature=10 32 55 53 44 55
split_gain=11.4919 39.495 21.5839 14.4743 30.1101 39.0397
threshold=-0.1871228218078613 -0.76315492391586293 31178.608398437504 -0.63215312361717213 0.08556035161018373 33.676927566528327
decision_type=2 2 8 8 2 8
left_child=1 2 -1 4 -2 -6
right_child=3 -3 -4 -5 5 -7
leaf_value=0.00063690000220541242 -0.0001808414682951725 -0.00062507146914805454 -0.00073593626874598323 -1.8547703837447362e-06 -0.00012894117305420802 0.00035318884026031916
leaf_weight=99 371 163 76 18440 337 784
leaf_count=99 371 163 76 18440 337 784
internal_value=7.76819e-05 -0.00896501 0.00736111 0.000264583 0.00499332 0.00908082
internal_weight=20270 338 175 19932 1492 1121
internal_count=20270 338 175 19932 1492 1121
is_linear=0
shrinkage=0.05


Tree=318
num_leaves=7
num_cat=0
split_feature=26 51 22 12 23 43
split_gain=13.5624 35.6938 30.8779 33.9935 30.1611 27.0447
threshold=-0.086253043264150606 1.1397228240966799 0.77500000596046459 -0.044596120715141289 0.034508254379034049 0.13855946809053424
decision_type=2 10 2 2 2 2
left_child=1 4 -3 -4 5 -1
right_child=-2 2 3 -5 -6 -7
leaf_value=-9.7281536356311476e-05 7.7293896818212995e-06 0.001872403423022145 0.00079225969076160462 -0.00036213290163675363 -0.00054759576303111714 7.3471842592303725e-05
leaf_weight=2252 16932 78 56 84 116 825
leaf_count=2252 16932 78 56 84 116 825
internal_value=3.31728e-05 -0.0028469 0.0164798 0.00189655 -0.00419794 -0.00322031
internal_weight=20343 3411 218 140 3193 3077
internal_count=20343 3411 218 140 3193 3077
is_linear=0
shrinkage=0.05


Tree=319
num_leaves=7
num_cat=0
split_feature=47 13 44 7 51 31
split_gain=14.8735 21.5353 14.501 24.3175 39.5578 24.8987
threshold=0.61003026366233837 0.017715054564177993 0.14466013014316562 0.64212226867675792 -1.905654728412628 41.292301177978523
decision_type=2 2 2 2 8 2
left_child=1 -1 -2 4 5 -4
right_child=2 -3 3 -5 -6 -7
leaf_value=-2.3224260584262772e-05 -5.0824315071120657e-06 -0.00066841317151617884 0.00064725312725103521 -4.7186232801755844e-05 0.00044090813036180376 -0.00036427698476685153
leaf_weight=272 18647 60 65 491 465 154
leaf_count=272 18647 60 65 491 465 154
internal_value=4.83655e-05 -0.0106083 -1.387e-05 0.00536017 0.0114296 -0.00591518
internal_weight=20154 332 19822 1175 684 219
internal_count=20154 332 19822 1175 684 219
is_linear=0
shrinkage=0.05


Tree=320
num_leaves=7
num_cat=0
split_feature=35 55 18 41 53 35
split_gain=14.094 33.1964 33.542 32.5652 27.6421 26.6653
threshold=-0.80302551388740528 45029.466796875007 0.62500000000000011 0.086318574845790877 0.26200132071971899 -0.86695316433906544
decision_type=2 10 2 2 10 2
left_child=1 -1 3 5 -4 -3
right_child=-2 2 4 -5 -6 -7
leaf_value=-0.00037300161293502189 4.7527792279689241e-06 -1.9305424455289813e-05 3.7913991237918801e-05 -6.8218665829894817e-05 -0.00041103589767851493 0.00037054596580174447
leaf_weight=281 18946 189 113 297 157 316
leaf_count=281 18946 189 113 297 157 316
internal_value=6.77206e-05 -0.0048785 -0.000812442 0.00430607 -0.0159091 0.0120098
internal_weight=20299 1353 1072 802 270 505
internal_count=20299 1353 1072 802 270 505
is_linear=0
shrinkage=0.05


Tree=321
num_leaves=7
num_cat=0
split_feature=50 55 38 55 53 8
split_gain=19.2145 30.8123 30.0276 30.5044 30.0149 52.4713
threshold=-0.41813011467456812 233105.24218750003 0.015485997777432205 160126.17968750003 1.0000000180025095e-35 0.69346603751182567
decision_type=2 8 2 8 10 2
left_child=1 2 3 -1 -2 -6
right_child=4 -3 -4 -5 5 -7
leaf_value=9.4051094035441703e-05 2.0599299309976639e-05 -2.4296117730419854e-05 -3.6730535057075566e-05 0.00043268113012188535 -0.00018114720076088612 6.8942232931003782e-06
leaf_weight=3342 6675 2854 1423 355 2480 3191
leaf_count=3342 6675 2854 1423 355 2480 3191
internal_value=5.78106e-05 0.0020648 0.00438537 0.00675986 -0.00108291 -0.00375705
internal_weight=20320 7974 5120 3697 12346 5671
internal_count=20320 7974 5120 3697 12346 5671
is_linear=0
shrinkage=0.05


Tree=322
num_leaves=7
num_cat=0
split_feature=53 47 46 46 47 23
split_gain=12.9482 28.2998 31.8128 17.0409 15.6611 19.3201
threshold=-1.7379080653190611 1.4726312160491946 1.1927195191383364 0.93078583478927623 1.4726312160491946 -0.022781349718570706
decision_type=8 2 2 2 2 2
left_child=1 2 3 -1 -2 -6
right_child=4 -3 -4 -5 5 -7
leaf_value=-0.00021101994429389981 -3.9567057714474321e-06 0.0017151860775909099 -0.0004985949341673755 0.00030778326228670392 0.00025063530631411538 -0.00044393004680185123
leaf_weight=61 19435 77 91 305 59 193
leaf_count=61 19435 77 91 305 59 193
internal_value=3.8317e-05 0.00737477 0.00243506 0.00909704 -0.000478621 -0.0127432
internal_weight=20221 534 457 366 19687 252
internal_count=20221 534 457 366 19687 252
is_linear=0
shrinkage=0.05


Tree=323
num_leaves=7
num_cat=0
split_feature=6 47 36 51 12 3
split_gain=15.8838 30.1398 25.8442 29.8159 31.0643 29.137
threshold=0.83556354045867931 0.92250624299049389 -0.87016794085502613 -0.013482718728482722 0.0092121604830026644 0.010983501560986044
decision_type=2 2 2 8 2 2
left_child=-1 2 -2 -4 -5 -6
right_child=1 -3 3 4 5 -7
leaf_value=6.9068102346729441e-06 0.00024509282200949127 3.1782545033704009e-05 -0.00054360429833666716 0.00016477320477319276 -0.0001567342188526997 0.00014232343737178508
leaf_weight=16388 85 1720 253 170 1509 112
leaf_count=16388 85 1720 253 170 1509 112
internal_value=3.82867e-05 -0.00306824 -0.00704077 -0.00818692 -0.00586024 -0.00801046
internal_weight=20237 3849 2129 2044 1791 1621
internal_count=20237 3849 2129 2044 1791 1621
is_linear=0
shrinkage=0.05


Tree=324
num_leaves=7
num_cat=0
split_feature=50 52 11 39 52 44
split_gain=14.9593 30.0855 37.7525 26.3979 29.4999 33.2169
threshold=-0.41813011467456812 -0.022709475830197331 0.0096772322431206721 -0.049111248925328248 -0.00041237911500502372 0.0975778102874756
decision_type=2 10 2 2 8 2
left_child=1 2 -1 4 -2 -6
right_child=3 -3 -4 -5 5 -7
leaf_value=-1.0337339071963604e-05 -0.00060784735441420839 5.8282869378910125e-05 -0.00050547304596522012 -5.3595938530921961e-06 0.00026858001333602947 -0.00050977844139497299
leaf_weight=2818 184 4935 163 11847 156 90
leaf_count=2818 184 4935 163 11847 156 90
internal_value=-7.3027e-05 0.00184005 -0.00211822 -0.000946507 -0.013046 -0.00149402
internal_weight=20193 7916 2981 12277 430 246
internal_count=20193 7916 2981 12277 430 246
is_linear=0
shrinkage=0.05


Tree=325
num_leaves=7
num_cat=0
split_feature=55 12 41 15 55 54
split_gain=16.3141 27.2474 31.8232 38.5182 35.5152 37.9915
threshold=56519.847656250007 0.059474647045135505 0.072215989232063307 0.27500000596046453 131394.27343750003 0.035980319604277618
decision_type=8 2 2 2 10 10
left_child=-1 2 3 -2 5 -4
right_child=1 -3 4 -5 -6 -7
leaf_value=-3.1074460173079188e-05 -0.00012427733330398421 -9.4578485851347382e-05 0.00018270843898358222 9.9499354632551431e-06 4.5034223409476902e-06 -0.00013586715665002544
leaf_weight=8750 930 965 2694 3741 2843 365
leaf_count=8750 930 965 2694 3741 2843 365
internal_value=0.000131819 0.00128866 0.00202543 -0.00105325 0.00446504 0.00820007
internal_weight=20288 11538 10573 4671 5902 3059
internal_count=20288 11538 10573 4671 5902 3059
is_linear=0
shrinkage=0.05


Tree=326
num_leaves=7
num_cat=0
split_feature=33 22 42 46 36 42
split_gain=11.0601 23.3369 35.068 31.4643 29.0768 41.6624
threshold=-0.1284959018230438 0.32500000298023229 0.067870318889617934 1.0031625628471377 0.068387184292078032 0.086732469499111189
decision_type=2 2 2 2 2 2
left_child=1 3 -3 -1 5 -5
right_child=-2 2 -4 4 -6 -7
leaf_value=3.1367036591323856e-05 -6.5049625157222727e-06 0.00033490228173041177 4.9943063371352043e-05 6.2709663223254296e-05 -0.00025992216992013189 -0.00050673485855318254
leaf_weight=1005 13576 263 4510 381 370 148
leaf_count=1005 13576 263 4510 381 370 148
internal_value=9.2556e-05 0.00190437 0.0037725 -0.00276323 -0.00954093 -0.00191948
internal_weight=20253 6677 4773 1904 899 529
internal_count=20253 6677 4773 1904 899 529
is_linear=0
shrinkage=0.05


Tree=327
num_leaves=7
num_cat=0
split_feature=57 24 27 0 36 36
split_gain=11.517 11.1377 10.5269 18.4406 14.4002 15.1659
threshold=0.0053006715606898078 0.012108728289604189 0.081765942275524153 -0.069100413471460329 -0.15088083595037458 0.45865090191364294
decision_type=10 2 2 2 2 2
left_child=2 -2 -1 -4 -5 -6
right_child=1 -3 3 4 5 -7
leaf_value=1.0779245970809353e-06 -0.00031301702571329528 0.00011251944104584963 -0.00037501203524859737 0.00044374402354846259 -0.00031098287366815444 0.00031320768456583872
leaf_weight=19675 176 80 94 50 104 51
leaf_count=19675 176 80 94 50 104 51
internal_value=1.85322e-05 -0.0106322 -5.88118e-05 -0.00929276 -0.000595238 -0.00828125
internal_weight=20230 256 19974 299 205 155
internal_count=20230 256 19974 299 205 155
is_linear=0
shrinkage=0.05


Tree=328
num_leaves=7
num_cat=0
split_feature=50 53 27 0 22 48
split_gain=11.7764 24.9492 46.8853 31.4394 27.608 31.1129
threshold=-0.37062385678291315 0.17912175506353381 0.023544164374470714 -0.0050537921488285056 0.12500000372529033 1.0076646208763125
decision_type=2 10 2 2 2 2
left_child=-1 -2 4 -4 5 -3
right_child=1 2 3 -5 -6 -7
leaf_value=2.3657798114472946e-05 9.5812014392276457e-06 -0.00046811808394757091 -3.0410121482675714e-05 0.00032416610904014462 -0.00014021470384158053 5.5500491730027027e-06
leaf_weight=8277 8325 240 1119 400 1717 94
leaf_count=8277 8325 240 1119 400 1717 94
internal_value=7.3103e-05 -0.000834034 -0.00432867 0.00231299 -0.0092534 -0.0223451
internal_weight=20172 11895 3570 1519 2051 334
internal_count=20172 11895 3570 1519 2051 334
is_linear=0
shrinkage=0.05


Tree=329
num_leaves=7
num_cat=0
split_feature=56 10 0 40 38 0
split_gain=17.6025 20.1244 22.1485 22.3888 22.0806 30.39
threshold=2.4323297509454283e-07 0.006257842294871808 -0.0063438827637583009 0.12096252664923669 1.0000000180025095e-35 0.061997490003705032
decision_type=10 2 2 2 2 2
left_child=-1 2 3 -2 -4 -6
right_child=1 -3 4 -5 5 -7
leaf_value=1.4263372701344368e-05 -0.0001401940720530606 1.7640967554198932e-05 4.2221378268440457e-05 -0.00043780890300714479 -4.3702228579386351e-05 -0.00058224914994922715
leaf_weight=13156 891 3124 1533 235 1207 214
leaf_count=13156 891 3124 1533 235 1207 214
internal_value=3.80555e-05 -0.00196629 -0.00427785 -0.0102343 -0.00198547 -0.00646914
internal_weight=20360 7204 4080 1126 2954 1421
internal_count=20360 7204 4080 1126 2954 1421
is_linear=0
shrinkage=0.05


Tree=330
num_leaves=7
num_cat=0
split_feature=36 35 52 33 40 12
split_gain=11.5342 29.3316 25.4097 15.2228 11.2997 55.8072
threshold=-0.93701687455177296 -0.86695316433906544 -1.0000000180025095e-35 -0.33916614949703211 0.06267066672444345 -0.04124657250940799
decision_type=2 2 10 2 2 2
left_child=2 3 -1 -2 5 -3
right_child=1 4 -4 -5 -6 -7
leaf_value=0.00056477176651928017 -4.6651565683995724e-06 0.00043594852044144913 -6.1510268909959796e-05 -0.00035809328967674893 -1.2756116532101209e-05 5.9441758299932428e-06
leaf_weight=187 51 232 144 87 15225 4344
leaf_count=187 51 232 144 87 15225 4344
internal_value=9.24784e-05 -0.000337194 0.00900298 -0.0229021 -0.000172927 0.00200284
internal_weight=20270 19939 331 138 19801 4576
internal_count=20270 19939 331 138 19801 4576
is_linear=0
shrinkage=0.05


Tree=331
num_leaves=7
num_cat=0
split_feature=44 36 41 55 14 44
split_gain=11.7111 35.2766 36.9792 37.143 34.6839 23.533
threshold=0.14466013014316562 0.62135168910026561 0.16117154806852343 33.676927566528327 0.87500000000000011 0.12588611245155337
decision_type=2 2 2 8 2 2
left_child=5 2 4 -4 -2 -1
right_child=1 -3 3 -5 -6 -7
leaf_value=4.2813369280736488e-06 0.00043001203470720165 -0.00049506485433991633 0.00020610053277719619 -0.00047724272498986985 -9.8060413004838736e-05 -8.7684417105158324e-05
leaf_weight=16861 711 77 124 226 185 1966
leaf_count=16861 711 77 124 226 185 1966
internal_value=0.000117837 0.0046122 0.00669464 -0.00697183 0.0120699 -0.000245593
internal_weight=20150 1323 1246 350 896 18827
internal_count=20150 1323 1246 350 896 18827
is_linear=0
shrinkage=0.05


Tree=332
num_leaves=7
num_cat=0
split_feature=54 12 1 38 18 51
split_gain=11.5209 12.4554 23.7498 29.2202 27.4917 23.918
threshold=-1.208008825778961 0.01105716545134783 -0.048062289133667939 0.012756725307554008 0.62500000000000011 1.1397228240966799
decision_type=8 2 2 2 2 10
left_child=-1 2 3 -2 -5 -4
right_child=1 -3 5 4 -6 -7
leaf_value=-0.00021601004094592711 0.00031250603913109826 -2.2276188790906371e-05 -3.1576862714716681e-07 -0.00034421841318656767 0.00018934671844987117 0.00021467783827005331
leaf_weight=278 491 8291 10640 94 118 494
leaf_count=278 491 8291 10640 94 118 494
internal_value=6.73656e-05 0 0.00104079 0.00992232 -0.00541475 0.000473561
internal_weight=20406 20128 11837 703 212 11134
internal_count=20406 20128 11837 703 212 11134
is_linear=0
shrinkage=0.05


Tree=333
num_leaves=7
num_cat=0
split_feature=47 12 18 39 55 48
split_gain=11.9489 46.3607 42.179 37.2848 37.1522 34.6306
threshold=0.82398340106010448 -0.026646690443158146 0.32500000298023229 0.0027710315771400933 48488.484375000007 1.8153669238090517
decision_type=2 2 2 2 10 2
left_child=1 2 4 -3 -1 -5
right_child=-2 3 -4 5 -6 -7
leaf_value=-2.3164315473068849e-05 -1.1617888383551236e-05 4.5861148829876713e-05 0.00061596994000715139 -0.00012541589217454377 0.00080407744317586996 0.00011196531857747675
leaf_weight=390 15358 2339 249 1546 85 291
leaf_count=390 15358 2339 249 1546 85 291
internal_value=0.000146819 0.00191131 0.013546 -0.000113609 0.00463542 -0.00544245
internal_weight=20258 4900 724 4176 475 1837
internal_count=20258 4900 724 4176 475 1837
is_linear=0
shrinkage=0.05


Tree=334
num_leaves=7
num_cat=0
split_feature=44 41 24 51 35 7
split_gain=9.96854 59.5647 35.3602 24.2003 32.1188 21.9367
threshold=0.15562175214290622 0.13480215519666675 0.016614705324172977 4.6775765419006357 0.24327427893877032 0.53253495693206798
decision_type=2 2 2 8 2 2
left_child=-1 2 -2 4 -4 -3
right_child=1 5 3 -5 -6 -7
leaf_value=-4.9681469983533097e-06 0.00080532566043047817 -2.1793994902590247e-05 0.00072426749941825719 -0.00014045837780937245 -9.6950658667311446e-05 -0.00058289784855317616
leaf_weight=19597 130 200 89 57 79 88
leaf_count=19597 130 200 89 57 79 88
internal_value=2.34626e-05 0.00590278 0.0195139 0.00706522 0.0166185 -0.0108362
internal_weight=20240 643 355 225 168 288
internal_count=20240 643 355 225 168 288
is_linear=0
shrinkage=0.05


Tree=335
num_leaves=7
num_cat=0
split_feature=13 11 12 49 6 50
split_gain=10.5383 26.8675 26.9727 23.8108 31.1761 30.8258
threshold=-0.015974367037415501 1.0000000180025095e-35 1.0000000180025095e-35 -1.0120343565940855 0.30851799249649053 -1.8963842988014219
decision_type=2 2 2 2 2 2
left_child=1 3 -3 4 -1 -6
right_child=-2 2 -4 -5 5 -7
leaf_value=-5.4890823612609297e-05 -9.3794771106806578e-06 -0.00025857687729553461 0.00034949819576097769 0.00013014681544208374 -0.0004566680137609058 0.00024597098534718289
leaf_weight=1825 15304 487 72 2158 54 442
leaf_count=1825 15304 487 72 2158 54 442
internal_value=5.77481e-05 0.00189867 -0.00837766 0.00319469 -0.000311694 0.0107285
internal_weight=20342 5038 559 4479 2321 496
internal_count=20342 5038 559 4479 2321 496
is_linear=0
shrinkage=0.05


Tree=336
num_leaves=7
num_cat=0
split_feature=12 43 47 3 40 47
split_gain=10.4196 36.3028 44.5469 35.8362 43.4517 35.7905
threshold=0.01105716545134783 0.08013054728507997 1.1760763525962832 0.0077610996086150416 0.06382420659065248 0.70363828539848339
decision_type=2 2 2 2 2 2
left_child=-1 2 3 -2 -5 -3
right_child=1 5 -4 4 -6 -7
leaf_value=1.5735291414044057e-05 -4.6900263875890175e-05 -0.00029865212883590066 0.00051397474491852969 8.7913479763548886e-05 -0.00047256526845129129 4.84623725753221e-05
leaf_weight=11847 2968 285 97 152 507 4374
leaf_count=11847 2968 285 97 152 507 4374
internal_value=3.83e-05 -0.00119516 -0.00487396 -0.00578882 -0.0163027 0.00174207
internal_weight=20230 8383 3724 3627 659 4659
internal_count=20230 8383 3724 3627 659 4659
is_linear=0
shrinkage=0.05


Tree=337
num_leaves=7
num_cat=0
split_feature=26 44 26 36 2 40
split_gain=12.3897 28.0927 22.4249 29.273 20.0182 38.6397
threshold=0.11114509776234628 0.12827288359403613 0.18736599385738376 0.62135168910026561 0.0075896587222814569 0.058674434199929244
decision_type=2 2 2 2 2 2
left_child=-1 2 4 -4 5 -2
right_child=1 -3 3 -5 -6 -7
leaf_value=-5.6635457148996367e-06 0.0002698392517611052 -0.00054214015482186028 -0.00034066158044048075 0.00034277309219175401 0.00019661166662884755 -0.00018684852177971846
leaf_weight=18421 200 104 238 80 1022 306
leaf_count=18421 200 104 238 80 1022 306
internal_value=9.69278e-05 0.00377238 0.0052269 -0.00673375 0.00774625 -0.000342466
internal_weight=20371 1950 1846 318 1528 506
internal_count=20371 1950 1846 318 1528 506
is_linear=0
shrinkage=0.05


Tree=338
num_leaves=7
num_cat=0
split_feature=11 29 53 36 3 55
split_gain=9.23845 24.5899 26.2275 19.4916 23.1431 21.2718
threshold=0.0029587413882836704 -0.056458216160535805 0.28828033804893499 -0.89206424355506886 0.0071802653837949046 24258.809570312504
decision_type=2 2 8 2 2 10
left_child=-1 2 -2 4 -3 -6
right_child=1 3 -4 -5 5 -7
leaf_value=1.16820933830801e-05 -0.00043888446943691296 0.00011123857544479066 0.00036429002112048299 -2.9200622792792467e-06 -3.7407689168682886e-07 -0.00049635958063523058
leaf_weight=12228 232 61 67 7451 85 129
leaf_count=12228 232 61 67 7451 85 129
internal_value=4.31928e-05 -0.0012609 -0.0152138 -0.000708188 -0.0136607 -0.021347
internal_weight=20253 8025 299 7726 275 214
internal_count=20253 8025 299 7726 275 214
is_linear=0
shrinkage=0.05


Tree=339
num_leaves=7
num_cat=0
split_feature=11 52 13 52 47 42
split_gain=10.972 22.7133 16.9661 13.2327 20.6869 14.9681
threshold=0.033748611807823188 -0.075633242726325975 0.055297710001468665 0.06141286529600621 0.80564388632774364 0.086732469499111189
decision_type=2 10 2 10 2 2
left_child=2 -2 3 -1 -5 -6
right_child=1 -3 -4 4 5 -7
leaf_value=-5.5061271238754025e-06 0.00083311951733855286 7.1908277578705013e-06 -0.00015382846712671131 0.00089207662752984515 0.00027543967278486866 -3.1096491495129882e-05
leaf_weight=19140 88 235 184 113 139 479
leaf_count=19140 88 235 184 113 139 479
internal_value=2.33037e-05 0.00891768 -0.000300349 -0.000157225 0.00641984 0.0026886
internal_weight=20378 323 20055 19871 731 618
internal_count=20378 323 20055 19871 731 618
is_linear=0
shrinkage=0.05


Tree=340
num_leaves=7
num_cat=0
split_feature=36 39 41 47 48 41
split_gain=17.3201 40.8598 39.8408 38.4778 51.1571 57.1931
threshold=0.2242136746644974 -0.056566674262285226 0.11685822904109956 1.0109300017356875 0.4624208807945252 0.10162393748760225
decision_type=2 2 2 2 2 2
left_child=-1 -2 3 -3 5 -5
right_child=1 2 -4 4 -6 -7
leaf_value=1.0924228953779844e-05 0.00060834727013126953 -4.5476213005179355e-05 -0.00036766703343641847 0.00046379445309091051 -6.8522438882587721e-05 -0.00013981198524670534
leaf_weight=13285 140 4814 723 472 609 243
leaf_count=13285 140 4814 723 472 609 243
internal_value=5.29792e-05 -0.00228733 -0.00284372 -0.00152613 0.00600075 0.0150347
internal_weight=20286 7001 6861 6138 1324 715
internal_count=20286 7001 6861 6138 1324 715
is_linear=0
shrinkage=0.05


Tree=341
num_leaves=7
num_cat=0
split_feature=41 41 52 12 0 39
split_gain=13.0303 31.6822 31.7582 41.1567 31.5251 32.0057
threshold=0.067690569907426848 0.059721976518630988 0.00012050618897774258 -0.0021649444242939349 1.0000000180025095e-35 0.012334696017205717
decision_type=2 2 10 2 2 2
left_child=1 2 4 -4 5 -1
right_child=-2 -3 3 -5 -6 -7
leaf_value=8.3347764369964571e-06 1.0727157480470356e-05 -0.00010214181135339874 9.1903331452106813e-05 -0.00033636587128807444 -2.2159089844169694e-05 0.00022922015701782347
leaf_weight=744 15685 1660 116 233 1283 588
leaf_count=744 15685 1660 116 233 1283 588
internal_value=9.72236e-05 -0.00239253 0.000698889 -0.0133475 0.00260496 0.00798429
internal_weight=20309 4624 2964 349 2615 1332
internal_count=20309 4624 2964 349 2615 1332
is_linear=0
shrinkage=0.05


Tree=342
num_leaves=7
num_cat=0
split_feature=36 36 0 48 55 46
split_gain=13.9333 36.4689 35.0169 39.0949 34.2669 32.0961
threshold=0.2242136746644974 0.42617307603359228 1.0000000180025095e-35 -0.85922506451606739 20791.000976562504 0.97509393095970165
decision_type=2 2 2 2 10 2
left_child=-1 2 5 4 -4 -2
right_child=1 -3 3 -5 -6 -7
leaf_value=1.4631685887061142e-05 -0.00014665546136939076 6.6429495935239722e-06 -0.00022300755265585411 -0.00041755713472573728 0.00017112416042814398 0.00015160714963728618
leaf_weight=13281 455 5104 250 520 199 516
leaf_count=13281 455 5104 250 520 199 516
internal_value=6.7634e-05 -0.00176975 -0.0075964 -0.0142967 -0.00335903 -0.000845287
internal_weight=20325 7044 1940 969 449 971
internal_count=20325 7044 1940 969 449 971
is_linear=0
shrinkage=0.05


Tree=343
num_leaves=7
num_cat=0
split_feature=41 17 48 27 29 8
split_gain=11.2799 17.7696 14.1654 11.5585 13.8319 10.9329
threshold=0.036923447623848922 0.37500000000000006 -0.37715671956539149 -0.0036611318355426188 -0.013536495622247456 0.10276849195361139
decision_type=2 2 2 2 2 2
left_child=1 3 -3 4 -1 -2
right_child=5 2 -4 -5 -6 -7
leaf_value=-0.00021406798640540145 3.9711727641327447e-05 5.1616060043758758e-05 -4.1956769460066568e-05 -0.00013688095396980246 2.5771355197934953e-05 -5.9784408143036683e-06
leaf_weight=53 3207 100 54 65 56 16677
leaf_count=53 3207 100 54 65 56 16677
internal_value=2.34951e-05 -0.00923423 0.00298742 -0.0199721 -0.00899123 4.39942e-05
internal_weight=20212 328 154 174 109 19884
internal_count=20212 328 154 174 109 19884
is_linear=0
shrinkage=0.05


Tree=344
num_leaves=7
num_cat=0
split_feature=43 48 17 6 45 3
split_gain=13.5294 29.5929 19.4853 34.5094 25.6047 18.0844
threshold=0.047617390751838691 1.1691286563873293 0.42499999701976782 0.7894732952117921 0.046664303168654449 0.0038746374193578963
decision_type=2 2 2 2 2 2
left_child=1 2 4 -4 5 -1
right_child=-2 -3 3 -5 -6 -7
leaf_value=-4.5216111041551051e-05 4.0084949980546502e-06 0.00044620418205594016 4.3847250826397476e-05 -0.00023790271370325111 -0.00023534158494241771 0.00014481596447382501
leaf_weight=156 19296 88 321 153 183 103
leaf_count=156 19296 88 321 153 183 103
internal_value=8.2492e-05 -0.00562438 -0.00833333 -0.00120042 -0.0158277 -0.00539773
internal_weight=20300 1004 916 474 442 259
internal_count=20300 1004 916 474 442 259
is_linear=0
shrinkage=0.05


Tree=345
num_leaves=7
num_cat=0
split_feature=36 1 2 3 41 36
split_gain=12.7113 33.6981 26.996 39.979 38.8395 40.5523
threshold=0.2242136746644974 0.075304161757230773 0.0075896587222814569 0.0089513808488845843 0.056515045464038856 0.562481850385666
decision_type=2 2 2 2 2 2
left_child=-1 2 4 -4 -2 -6
right_child=1 -3 3 -5 5 -7
leaf_value=9.628579303757159e-06 2.3470720735700431e-05 -0.00056385398113073537 0.00014690200072772585 -4.0039612414150344e-05 -0.0003000965560753324 -5.0444218016730964e-05
leaf_weight=13143 839 211 1530 2594 651 1228
leaf_count=13143 839 211 1530 2594 651 1228
internal_value=6.31157e-05 -0.00195877 -0.00134 0.00120489 -0.00520566 -0.00919586
internal_weight=20196 7053 6842 4124 2718 1879
internal_count=20196 7053 6842 4124 2718 1879
is_linear=0
shrinkage=0.05


Tree=346
num_leaves=7
num_cat=0
split_feature=41 12 15 27 51 3
split_gain=12.461 30.9106 33.5755 37.1258 28.1073 28.853
threshold=0.067690569907426848 -0.04124657250940799 0.27500000596046453 0.01185803208500147 0.043014949187636382 0.0058267768472433099
decision_type=2 2 2 2 10 2
left_child=1 -1 -3 4 5 -4
right_child=-2 2 3 -5 -6 -7
leaf_value=0.00031346932725691002 5.80050922195654e-06 -0.00013190583725320162 4.3275279017743414e-05 -0.00011000882314474679 0.00035645447505606759 -6.0378028759632923e-05
leaf_weight=146 15704 679 1282 1228 119 1171
leaf_count=146 15704 679 1282 1228 119 1171
internal_value=5.28671e-05 -0.0025324 -0.0032839 -0.0014389 0.00196934 0.000783157
internal_weight=20329 4625 4479 3800 2572 2453
internal_count=20329 4625 4479 3800 2572 2453
is_linear=0
shrinkage=0.05


Tree=347
num_leaves=7
num_cat=0
split_feature=13 52 35 0 32 4
split_gain=13.2533 29.144 34.2254 47.0954 35.5654 34.0264
threshold=-0.015974367037415501 -0.0006978916935622691 0.15723563730716708 0.015682744793593887 0.11425482109189035 0.17911501973867419
decision_type=2 10 2 2 2 2
left_child=1 5 -3 4 -4 -1
right_child=-2 2 3 -5 -6 -7
leaf_value=-3.4092372615843988e-06 -1.2777080310141343e-05 0.00016142298742252248 -0.00041475967610377817 0.00015384181217497681 0.0004968499103757256 -0.00047028374540405385
leaf_weight=2496 15179 1658 295 390 85 153
leaf_count=2496 15179 1658 295 390 85 153
internal_value=8.26711e-05 0.00191362 0.00586724 -0.00280645 -0.0152597 -0.00170497
internal_weight=20256 5077 2428 770 380 2649
internal_count=20256 5077 2428 770 380 2649
is_linear=0
shrinkage=0.05


Tree=348
num_leaves=7
num_cat=0
split_feature=52 47 1 4 36 36
split_gain=11.1428 20.1055 18.4656 15.5955 24.5405 22.2427
threshold=0.06141286529600621 0.79597026109695446 0.0057547660544514665 0.28950068354606634 0.11759476736187936 -0.031643163412809365
decision_type=10 2 2 2 2 2
left_child=-1 2 -2 4 -3 -5
right_child=1 3 -4 5 -6 -7
leaf_value=-6.34772348359217e-06 0.00010322280687024584 0.00034328362243916076 0.0012859464494796033 -0.00029373998857078757 -0.00019563160625223815 0.00015028683207743881
leaf_weight=19566 52 186 63 195 95 188
leaf_count=19566 52 186 63 195 95 188
internal_value=9.21376e-05 0.00551658 0.024375 0.00205531 0.0109266 -0.00444588
internal_weight=20345 779 115 664 281 383
internal_count=20345 779 115 664 281 383
is_linear=0
shrinkage=0.05


Tree=349
num_leaves=7
num_cat=0
split_feature=41 17 2 48 58 44
split_gain=14.6255 16.5512 14.113 12.3122 11.9637 16.6562
threshold=0.036923447623848922 0.37500000000000006 0.0035598883405327801 -0.48858132958412165 -0.00016395007696701211 0.14466013014316562
decision_type=2 2 2 2 8 2
left_child=1 -1 -2 -3 -4 -6
right_child=2 3 4 -5 5 -7
leaf_value=-8.4782389801390062e-05 0.00024291453407616591 6.59529604104268e-05 -3.393698939507077e-05 -1.813423993568846e-05 1.7068152973118405e-06 0.00020145519823703151
leaf_weight=171 66 89 4247 65 14822 708
leaf_count=171 66 89 4247 65 14822 708
internal_value=8.30318e-05 -0.0106818 -6.67574e-05 0.00110063 -0.000147862 0.000494046
internal_weight=20168 325 19843 154 19777 15530
internal_count=20168 325 19843 154 19777 15530
is_linear=0
shrinkage=0.05


Tree=350
num_leaves=7
num_cat=0
split_feature=43 35 53 55 45 21
split_gain=13.2322 25.2652 26.0786 16.2848 14.3149 33.2227
threshold=0.047617390751838691 0.62814128398895275 0.16581014543771747 101914.09375000001 0.054512580856680877 0.47499999403953558
decision_type=2 2 8 10 2 2
left_child=1 2 -1 -4 5 -2
right_child=4 -3 3 -5 -6 -7
leaf_value=0.00016664589437414063 -4.7547981184775139e-06 0.0001992311918665554 -3.1856947469800216e-05 -0.00025849942253669973 -9.0844235626141509e-07 0.000489351081995463
leaf_weight=104 326 99 626 153 18775 159
leaf_count=104 326 99 626 153 18775 159
internal_value=0.000112362 -0.00574975 -0.0084741 -0.011639 0.00018557 0.00862245
internal_weight=20242 982 883 779 19260 485
internal_count=20242 982 883 779 19260 485
is_linear=0
shrinkage=0.05


Tree=351
num_leaves=7
num_cat=0
split_feature=21 44 51 32 40 55
split_gain=14.3735 34.4766 56.5484 48.1596 46.0599 46.3078
threshold=0.57500001788139354 0.10018824040889741 0.023607610724866394 0.22139859199523929 0.06267066672444345 38097.525390625007
decision_type=2 2 10 2 2 8
left_child=1 2 -1 -4 -3 -6
right_child=-2 4 3 -5 5 -7
leaf_value=-2.0450300327927528e-05 1.627051831585456e-05 9.7471052076743324e-05 0.00022608967398879073 -2.403459922397817e-05 -0.00033039019455954492 -1.3526771491146218e-05
leaf_weight=6550 9100 359 986 613 1442 1221
leaf_count=6550 9100 359 986 613 1442 1221
internal_value=8.261e-05 -0.00161283 7.66495e-05 0.00849439 -0.00616947 -0.00844265
internal_weight=20271 11171 8149 1599 3022 2663
internal_count=20271 11171 8149 1599 3022 2663
is_linear=0
shrinkage=0.05


Tree=352
num_leaves=7
num_cat=0
split_feature=35 26 18 36 13 46
split_gain=13.0035 26.1146 42.2759 18.2827 17.7913 17.7876
threshold=-0.81954708695411671 -0.058849034830927842 0.22500000149011615 -0.93701687455177296 -0.018659044988453385 0.87460336089134227
decision_type=2 2 2 2 2 2
left_child=1 3 4 -1 -3 -4
right_child=-2 2 5 -5 -6 -7
leaf_value=2.7744641155489107e-05 1.8342608203919706e-06 0.00052078969965258675 -0.00047883092265380684 -0.0004259635798005445 9.4039209859565163e-05 -4.3936452142714004e-05
leaf_weight=54 19303 72 106 150 204 421
leaf_count=54 19303 72 106 150 204 421
internal_value=3.81492e-05 -0.00565711 -0.00151609 -0.0214115 0.0141459 -0.00982143
internal_weight=20310 1007 803 204 276 527
internal_count=20310 1007 803 204 276 527
is_linear=0
shrinkage=0.05


Tree=353
num_leaves=7
num_cat=0
split_feature=43 50 45 22 35 0
split_gain=15.4005 27.7341 23.0295 19.4681 21.633 18.2384
threshold=0.047617390751838691 1.0867135524749758 0.054512580856680877 0.37500000000000006 0.036013549193739898 -0.002485709846951067
decision_type=2 2 2 2 2 2
left_child=1 5 3 4 -2 -1
right_child=2 -3 -4 -5 -6 -7
leaf_value=-0.00018610758422934827 -0.00012673457083266468 0.00018576250668015659 -9.3565327738325077e-07 0.00042990538359073899 0.00015968882174180631 -2.0748897200514188e-05
leaf_weight=230 158 107 18869 172 169 635
leaf_count=230 158 107 18869 172 169 635
internal_value=0.000111821 -0.00621801 0.000215506 0.0107639 0.00338855 -0.00922414
internal_weight=20340 972 19368 499 327 865
internal_count=20340 972 19368 499 327 865
is_linear=0
shrinkage=0.05


Tree=354
num_leaves=7
num_cat=0
split_feature=43 41 36 17 39 54
split_gain=11.2547 19.212 29.1148 23.8889 22.2656 26.7052
threshold=0.047617390751838691 0.046238105744123466 0.53037649393081676 0.52500000596046459 -0.028137605637311932 -1.0000000180025095e-35
decision_type=2 2 2 2 2 10
left_child=1 2 4 -3 -1 -6
right_child=-2 3 -4 -5 5 -7
leaf_value=0.00029621808773543161 -7.1098854039333742e-07 -0.00037341454289332163 0.00033328160078053426 -3.8509231303860985e-06 -3.0281077758734754e-05 -0.00049557751006250133
leaf_weight=52 19341 106 105 108 551 51
leaf_count=52 19341 106 105 108 551 51
internal_value=0.000102121 -0.00554703 -0.00173429 -0.0186073 -0.00572838 -0.00852554
internal_weight=20314 973 759 214 654 602
internal_count=20314 973 759 214 654 602
is_linear=0
shrinkage=0.05


Tree=355
num_leaves=7
num_cat=0
split_feature=48 35 38 55 17 52
split_gain=11.7582 32.034 41.3617 39.1404 36.8114 35.8167
threshold=-0.12946787476539609 -0.052284980192780488 -0.0019821544410660859 38097.525390625007 0.57500001788139354 0.00043190828000660991
decision_type=2 2 2 8 2 10
left_child=-1 2 3 -2 -5 -3
right_child=1 5 -4 4 -6 -7
leaf_value=-1.3471004095612979e-05 -0.00034740311100239308 -3.6209055517333594e-05 0.00018302143036313676 0.00034850342543835339 -1.0521349841646137e-05 0.00026891520830635442
leaf_weight=10744 531 4970 2091 352 1061 663
leaf_count=10744 531 4970 2091 352 1061 663
internal_value=0.000101631 0.00118629 0.0045854 -0.000654182 0.00368477 -0.00124601
internal_weight=20412 9668 4035 1944 1413 5633
internal_count=20412 9668 4035 1944 1413 5633
is_linear=0
shrinkage=0.05


Tree=356
num_leaves=7
num_cat=0
split_feature=47 12 22 22 41 44
split_gain=13.9785 21.7212 20.5454 23.1299 13.2562 26.9771
threshold=0.61003026366233837 0.034081948921084411 0.57500001788139354 0.22500000149011615 0.067690569907426848 0.070928644388914122
decision_type=2 2 2 2 2 2
left_child=1 2 3 -1 5 -2
right_child=4 -3 -4 -5 -6 -7
leaf_value=-5.6762850581080094e-07 1.00505732059577e-05 -0.00064905361271966778 0.0002507912539978915 -0.00066964685332020451 1.025319756688169e-05 -7.7590229806572908e-05
leaf_weight=108 2294 63 99 53 15448 2170
leaf_count=108 2294 63 99 53 15448 2170
internal_value=8.76976e-05 -0.0104421 -0.00367925 -0.0146084 -3.38906e-05 -0.00243343
internal_weight=20235 323 260 161 19912 4464
internal_count=20235 323 260 161 19912 4464
is_linear=0
shrinkage=0.05


Tree=357
num_leaves=7
num_cat=0
split_feature=9 55 46 22 44 35
split_gain=12.3405 36.9724 76.0974 44.5881 38.1935 50.7719
threshold=-0.035998966544866555 56519.847656250007 1.2481155395507815 0.67499998211860668 0.089288786053657546 -0.46076498925685877
decision_type=2 10 2 2 2 2
left_child=1 3 -3 -1 5 -5
right_child=-2 2 -4 4 -6 -7
leaf_value=-0.00010017489279705132 -1.3924259752038771e-05 0.00017583035154028405 -0.00035994425977637419 -0.00076888739395441488 0.00012489364279639144 0.0001184081242155627
leaf_weight=2598 13306 2026 204 121 2043 125
leaf_count=2598 13306 2026 204 121 2043 125
internal_value=9.17858e-05 0.0015059 0.00683445 -0.00092498 0.00415214 -0.014243
internal_weight=20423 7117 2230 4887 2289 246
internal_count=20423 7117 2230 4887 2289 246
is_linear=0
shrinkage=0.05


Tree=358
num_leaves=7
num_cat=0
split_feature=44 3 10 5 45 36
split_gain=10.8872 29.2464 18.6613 31.0511 25.9485 19.2908
threshold=0.062140231952071197 0.0043785786256194123 -0.021488306112587448 -0.76595747470855702 0.066541396081447615 0.19197991490364077
decision_type=2 2 2 2 2 2
left_child=2 -2 3 -1 -4 -5
right_child=1 -3 4 5 -6 -7
leaf_value=0.00023061272484782959 0.00059470579589291804 -1.2417572825165475e-06 -1.7065284829812822e-05 -0.00014503409571849343 0.0002009494858739535 -0.00048295458412372997
leaf_weight=75 69 18911 852 238 56 69
leaf_count=75 69 18911 852 238 56 69
internal_value=3.82244e-05 4.6089e-05 -0.00469112 -0.0138889 -0.000739321 -0.0209135
internal_weight=20270 18980 1290 382 908 307
internal_count=20270 18980 1290 382 908 307
is_linear=0
shrinkage=0.05


Tree=359
num_leaves=7
num_cat=0
split_feature=40 42 53 36 47 26
split_gain=12.34 33.9454 28.5342 38.9803 27.338 27.2715
threshold=0.06267066672444345 0.084291689097881331 1.0000000180025095e-35 0.50761139392852794 0.95652320981025707 0.015594729222357275
decision_type=2 2 10 2 2 2
left_child=1 5 -3 4 -4 -1
right_child=-2 2 3 -5 -6 -7
leaf_value=3.6274790780533881e-05 -6.8386043326158456e-06 0.00028544232596306997 -0.00036851701365626769 0.00085277855627444935 0.0001257238017758255 -3.8498721712517185e-05
leaf_weight=1868 15659 445 180 104 81 1939
leaf_count=1868 15659 445 180 104 81 1939
internal_value=0.000102313 0.0023637 0.0116258 0.00114865 -0.00911654 0.00037382
internal_weight=20276 4617 810 365 261 3807
internal_count=20276 4617 810 365 261 3807
is_linear=0
shrinkage=0.05


Tree=360
num_leaves=7
num_cat=0
split_feature=47 38 56 47 53 10
split_gain=12.4197 16.8482 15.3527 11.7919 18.0698 16.2112
threshold=0.61003026366233837 -0.0091880462132394296 4.1561725083738571e-07 0.64392429590225231 -0.021035194396972653 0.050159612670540817
decision_type=2 2 10 2 10 2
left_child=1 -1 -3 4 5 -2
right_child=3 2 -4 -5 -6 -7
leaf_value=0.00013867186106090564 0.00028065609346210736 -5.1440027461119135e-05 -0.00044489391889687783 -4.2614832429905506e-06 -0.00020308740613070683 -5.265210006663525e-06
leaf_weight=63 159 202 50 19613 81 92
leaf_count=63 159 202 50 19613 81 92
internal_value=2.34394e-05 -0.0100781 -0.015856 -0.000146617 0.00912463 0.0157227
internal_weight=20260 315 252 19945 332 251
internal_count=20260 315 252 19945 332 251
is_linear=0
shrinkage=0.05


Tree=361
num_leaves=7
num_cat=0
split_feature=39 52 35 42 32 10
split_gain=11.3172 58.601 39.8918 30.5429 28.263 22.8253
threshold=-0.049111248925328248 -0.00036127412749920035 0.14286645501852038 0.071318671107292189 -0.42958746850490565 0.043014653027057655
decision_type=2 8 2 2 2 2
left_child=1 4 5 -4 -1 -3
right_child=-2 2 3 -5 -6 -7
leaf_value=9.2433356907224912e-05 1.2712324255950008e-06 6.8544955770235593e-05 -5.8396618605873098e-05 0.00092770346984836669 -0.00079335812797544066 -0.00072710386704878031
leaf_weight=59 19664 167 56 129 204 72
leaf_count=59 19664 167 56 129 204 72
internal_value=4.29849e-05 -0.00639451 0.00506993 0.0222368 -0.0247201 -0.00829918
internal_weight=20351 687 424 185 263 239
internal_count=20351 687 424 185 263 239
is_linear=0
shrinkage=0.05


Tree=362
num_leaves=7
num_cat=0
split_feature=36 35 26 38 24 43
split_gain=11.7019 41.5936 16.7342 10.8503 10.6995 29.7044
threshold=-0.93701687455177296 -0.86695316433906544 -0.016498023644089695 0.019660346210002903 -0.14292011409997937 0.13855946809053424
decision_type=2 2 2 2 2 2
left_child=2 -2 3 -1 5 -3
right_child=1 4 -4 -5 -6 -7
leaf_value=0.00042088968524500763 -0.00034997828311550421 -0.00033654893642631365 -0.0001363589939715928 -1.1356664062505198e-06 -4.9312110166603635e-06 0.00063087823870093171
leaf_weight=176 139 97 86 75 19373 198
leaf_count=176 139 97 86 75 19373 198
internal_value=4.34265e-05 -0.000480769 0.00884503 0.015332 -0.000283383 0.00908333
internal_weight=20144 19807 337 251 19668 295
internal_count=20144 19807 337 251 19668 295
is_linear=0
shrinkage=0.05


Tree=363
num_leaves=7
num_cat=0
split_feature=35 10 38 46 39 52
split_gain=14.0209 26.4236 21.7449 14.5994 11.5716 48.593
threshold=0.83326262235641491 -0.0092365602031350118 -0.0049746502190828315 0.97016656398773204 -0.049111248925328248 -0.00018930010264739391
decision_type=2 2 2 2 2 8
left_child=4 -2 3 -3 5 -1
right_child=1 2 -4 -5 -6 -7
leaf_value=-0.00050152319613943198 0.00049181071000949561 0.00025913196012430223 -0.00062573388689007099 -0.0002600741344562138 2.2840060320399384e-06 0.00013032000818774796
leaf_weight=314 54 63 149 55 19378 339
leaf_count=314 54 63 149 55 19378 339
internal_value=0.000101931 -0.0105061 -0.0170037 -0.000609756 -5.11579e-05 -0.00657295
internal_weight=20352 321 267 118 20031 653
internal_count=20352 321 267 118 20031 653
is_linear=0
shrinkage=0.05


Tree=364
num_leaves=7
num_cat=0
split_feature=47 12 22 22 47 12
split_gain=10.8554 19.0876 13.8088 19.5443 13.2381 45.7441
threshold=0.61003026366233837 0.03697637282311917 0.57500001788139354 0.22500000149011615 0.67113992571830761 0.034081948921084411
decision_type=2 2 2 2 2 2
left_child=1 2 3 -1 5 -2
right_child=4 -3 -4 -5 -6 -7
leaf_value=9.1926633422307437e-07 0.00015204517677583221 -0.0006564029137592196 0.00020949969661276268 -0.00058240378945202014 -2.5713758525768363e-06 -0.00032796750435452209
leaf_weight=111 551 60 102 54 19206 97
leaf_count=111 551 60 102 54 19206 97
internal_value=0.000102794 -0.00911145 -0.00303309 -0.0119118 3.77663e-06 0.00700613
internal_weight=20181 327 267 165 19854 648
internal_count=20181 327 267 165 19854 648
is_linear=0
shrinkage=0.05


Tree=365
num_leaves=7
num_cat=0
split_feature=57 23 39 23 32 46
split_gain=11.6432 17.3374 18.1862 17.2092 26.5557 27.9907
threshold=-1.0328996040698255e-06 0.042641894891858108 0.038028901442885406 -0.00061126585933379818 -0.56245690584182728 0.88759544491767894
decision_type=8 2 2 2 2 2
left_child=-1 3 -3 -2 -5 -6
right_child=1 2 -4 4 5 -7
leaf_value=-3.7438151201487335e-05 2.8570225147320369e-05 -5.4970979306233872e-07 0.00082063522854181688 -0.00014963077607957863 -5.0803595939444285e-05 2.0105452465739217e-05
leaf_weight=3561 8196 119 139 1007 1902 5457
leaf_count=3561 8196 119 139 1007 1902 5457
internal_value=6.74482e-05 0.000473997 0.0132129 0.000270115 -0.00132302 -0.000274986
internal_weight=20381 16820 258 16562 8366 7359
internal_count=20381 16820 258 16562 8366 7359
is_linear=0
shrinkage=0.05


Tree=366
num_leaves=7
num_cat=0
split_feature=33 19 39 0 47 35
split_gain=11.4661 33.7645 24.0982 33.5299 26.3373 29.8665
threshold=0.078919310122728362 0.52500000596046459 0.012334696017205717 0.071288958191871657 0.78580227494239818 -0.21997004002332685
decision_type=2 2 2 2 2 2
left_child=1 2 4 -4 -1 -6
right_child=-2 -3 3 -5 5 -7
leaf_value=4.731176822773839e-05 -2.1913285727879608e-05 0.00011106901536561895 3.694975719584185e-05 -0.00058323693551348363 -0.00020978642413026346 -2.5765177083430847e-05
leaf_weight=1187 7622 2904 4236 143 1262 2859
leaf_count=1187 7622 2904 4236 143 1262 2859
internal_value=0.000112523 0.00093879 -0.000477198 0.00226391 -0.00274327 -0.00463524
internal_weight=20213 12591 9687 4379 5308 4121
internal_count=20213 12591 9687 4379 5308 4121
is_linear=0
shrinkage=0.05


Tree=367
num_leaves=7
num_cat=0
split_feature=41 29 42 41 26 55
split_gain=11.4545 19.1078 11.3427 26.9913 28.0714 28.3385
threshold=0.036923447623848922 -0.015400706324726341 0.069144319742918028 0.0662684701383114 0.096606846898794188 85.07110977172853
decision_type=2 2 2 2 2 8
left_child=1 -1 -2 4 5 -4
right_child=2 -3 3 -5 -6 -7
leaf_value=-0.00023301864438776381 3.8073609021619099e-05 -5.2520852746301e-06 0.00033276935668163004 6.1723324222045553e-06 0.00011453870183589346 -0.00014325466389219973
leaf_weight=63 3281 268 57 15246 202 1108
leaf_count=63 3281 268 57 15246 202 1108
internal_value=9.26841e-05 -0.00900298 0.000305292 -0.000224155 -0.00694242 -0.0099359
internal_weight=20225 331 19894 16613 1367 1165
internal_count=20225 331 19894 16613 1367 1165
is_linear=0
shrinkage=0.05


Tree=368
num_leaves=7
num_cat=0
split_feature=53 1 38 0 48 36
split_gain=12.4366 35.3827 36.2813 54.0525 28.1556 27.9
threshold=-0.17828632146120069 0.015470205806195738 0.016305989585816864 -0.014930578414350746 -0.19257938861846921 -0.44135315716266627
decision_type=8 2 2 2 2 2
left_child=1 5 3 -3 -4 -1
right_child=-2 2 4 -5 -6 -7
leaf_value=0.00042178589306713109 -8.4369942261231441e-06 -0.00056156021225710904 -1.2376637351124188e-05 -1.3146763827012829e-05 0.00057247392473136374 8.0648104862911571e-05
leaf_weight=409 15961 380 388 1055 226 1849
leaf_count=409 15961 380 388 1055 226 1849
internal_value=0.000131949 0.0023481 -0.00239776 -0.00675347 0.00771405 0.00666151
internal_weight=20268 4307 2049 1435 614 2258
internal_count=20268 4307 2049 1435 614 2258
is_linear=0
shrinkage=0.05


Tree=369
num_leaves=7
num_cat=0
split_feature=26 0 39 47 11 45
split_gain=10.953 30.1369 36.9763 36.0071 30.2234 33.6134
threshold=-0.094873111695051179 -0.0050537921488285056 0.016726473346352581 0.96308457851409923 0.011270371731370689 0.13785307854413989
decision_type=2 2 2 2 2 2
left_child=1 2 -1 -3 5 -5
right_child=-2 3 -4 4 -6 -7
leaf_value=-0.00041163444132859733 7.3684791221045138e-06 0.00023262023986085319 0.00012913478346345117 -0.00024070848231588318 -0.0003800188143192284 9.716774334567985e-05
leaf_weight=542 17229 625 217 571 280 783
leaf_count=542 17229 625 217 571 280 783
internal_value=7.28323e-05 -0.00270427 -0.0112893 0.000187721 -0.00370653 -0.000570272
internal_weight=20247 3018 759 2259 1634 1354
internal_count=20247 3018 759 2259 1634 1354
is_linear=0
shrinkage=0.05


Tree=370
num_leaves=7
num_cat=0
split_feature=41 0 41 53 0 31
split_gain=12.7591 14.1191 10.3671 29.1845 36.5726 32.6676
threshold=0.036923447623848922 0.002457724767737091 0.056515045464038856 0.20070265233516696 -0.01343992445617914 54.330081939697273
decision_type=2 2 2 10 2 2
left_child=1 -1 3 4 -2 -5
right_child=2 -3 -4 5 -6 -7
leaf_value=7.3511052012454713e-06 0.00020152755738520853 -5.8677696700867002e-05 -7.398326364662397e-06 1.0366523383768422e-05 1.6185809387989016e-05 -0.0004678509227445442
leaf_weight=101 411 217 17959 210 1235 95
leaf_count=101 411 217 17959 210 1235 95
internal_value=-1.85341e-05 -0.0101393 -0.000119257 0.00333589 0.00598122 -0.0107258
internal_weight=20228 318 19910 1951 1646 305
internal_count=20228 318 19910 1951 1646 305
is_linear=0
shrinkage=0.05


Tree=371
num_leaves=7
num_cat=0
split_feature=48 35 22 44 42 24
split_gain=14.9466 23.617 43.9428 58.1614 35.3707 48.4313
threshold=-0.12946787476539609 -0.036873713135719292 0.17500000447034839 0.12588611245155337 0.11213172599673273 0.10568368062376977
decision_type=2 2 2 2 2 2
left_child=-1 -2 -3 4 -4 -6
right_child=1 2 3 -5 5 -7
leaf_value=-1.6492922531874562e-05 7.0746422221300813e-05 -0.00012016629154367549 3.6716596571378938e-05 -0.00020459246848337776 0.00084931704420930466 -0.00043878333434814562
leaf_weight=10723 4199 763 3308 932 322 106
leaf_count=10723 4199 763 3308 932 322 106
internal_value=6.7541e-05 0.00137779 -0.000795622 0.00102183 0.00381582 0.0172633
internal_weight=20353 9630 5431 4668 3736 428
internal_count=20353 9630 5431 4668 3736 428
is_linear=0
shrinkage=0.05


Tree=372
num_leaves=7
num_cat=0
split_feature=10 32 22 13 47 44
split_gain=9.81824 32.19 22.4442 11.2466 10.8843 10.2796
threshold=-0.1871228218078613 -0.76315492391586293 0.97499999403953563 -0.021636575460433956 1.0207899808883669 0.14466013014316562
decision_type=2 2 2 2 2 2
left_child=1 2 3 -1 -3 -2
right_child=5 4 -4 -5 -6 -7
leaf_value=0.0014891536217839973 -3.263078698173506e-07 -6.9682426542250564e-05 -0.00085990825915078367 0.00011420300204113993 -0.00061482215109757076 0.00011115201216112475
leaf_weight=52 18817 52 66 55 121 1173
leaf_count=52 18817 52 66 55 121 1173
internal_value=9.70945e-05 -0.00819088 0.00688202 0.0207589 -0.0231742 0.000243811
internal_weight=20336 346 173 107 173 19990
internal_count=20336 346 173 107 173 19990
is_linear=0
shrinkage=0.05


Tree=373
num_leaves=7
num_cat=0
split_feature=56 28 29 56 39 35
split_gain=13.0923 17.1471 19.5945 14.8696 18.0624 15.9784
threshold=1.5868633518323353e-08 -0.0071570635773241511 -0.022860252298414704 9.6904000379538518e-09 0.052163949236273773 0.068176250904798522
decision_type=8 2 2 8 2 2
left_child=1 2 -1 4 5 -3
right_child=-2 3 -4 -5 -6 -7
leaf_value=7.6080507032421179e-05 -8.5578568952226704e-06 0.00019000054170012362 -0.00019298462611484042 0.00017378365464566331 -0.00029355194216062043 -3.9522657569491783e-05
leaf_weight=420 17249 663 475 812 100 593
leaf_count=420 17249 663 475 812 100 593
internal_value=2.33794e-05 0.00287647 -0.00291667 0.00528072 0.00203894 0.00370738
internal_weight=20312 3063 895 2168 1356 1256
internal_count=20312 3063 895 2168 1356 1256
is_linear=0
shrinkage=0.05


Tree=374
num_leaves=7
num_cat=0
split_feature=4 40 0 32 11 46
split_gain=9.43235 17.7499 9.75547 10.2238 9.03127 26.1737
threshold=1.2228182554244997 0.10530233755707742 0.0087773269042372721 0.22139859199523929 0.0024542690953239803 0.88759544491767894
decision_type=2 2 2 2 2 2
left_child=4 2 3 -2 -1 -6
right_child=1 -3 -4 -5 5 -7
leaf_value=5.5271473266019227e-06 -8.0032536186405194e-05 0.00064940475406538849 -0.00021002754520535417 0.00019334215521404999 -8.2415835208173174e-05 -7.8925931199908511e-07
leaf_weight=11941 50 88 72 116 1985 6087
leaf_count=11941 50 88 72 116 1985 6087
internal_value=2.82639e-05 0.00808157 0.000720165 0.00745614 -0.000425867 -0.00171784
internal_weight=20339 326 238 166 20013 8072
internal_count=20339 326 238 166 20013 8072
is_linear=0
shrinkage=0.05


Tree=375
num_leaves=7
num_cat=0
split_feature=51 35 32 10 10 7
split_gain=12.4715 33.9984 42.3369 41.4331 25.7574 24.7365
threshold=1.1397228240966799 -0.12151798233389853 0.19319792091846469 -0.045702205970883363 -0.02493347134441137 0.5693325698375703
decision_type=10 2 2 2 2 2
left_child=-1 3 -3 -2 -4 -6
right_child=1 2 4 -5 5 -7
leaf_value=-3.8803752569547927e-06 0.00022256408788358959 0.00050836883881363024 -0.00017783065977932419 -0.00058227168937777045 0.00031274297156035411 3.0072700116183234e-05
leaf_weight=18752 192 367 194 241 126 457
leaf_count=18752 192 367 194 241 126 457
internal_value=9.22101e-05 0.00425095 0.00876849 -0.00759132 0.00207801 0.00735544
internal_weight=20329 1577 1144 433 777 583
internal_count=20329 1577 1144 433 777 583
is_linear=0
shrinkage=0.05


Tree=376
num_leaves=7
num_cat=0
split_feature=41 17 10 2 43 55
split_gain=13.2989 13.5221 10.9904 10.1762 10.4946 16.3407
threshold=0.036923447623848922 0.37500000000000006 -0.0092365602031350118 0.0035598883405327801 0.043069524690508849 78488.136718750015
decision_type=2 2 2 2 2 10
left_child=1 2 -1 -2 5 -5
right_child=3 -3 -4 4 -6 -7
leaf_value=-1.6461368051939983e-05 0.00025767931977026015 2.9517587920227431e-06 -0.00012532021550955294 2.1001680482441754e-06 -1.7243564796649457e-07 -0.00028131695244846698
leaf_weight=97 65 158 80 180 19598 113
leaf_count=97 65 158 80 180 19598 113
internal_value=3.32578e-05 -0.0100735 -0.0193681 -9.89429e-05 -0.000167119 -0.00947987
internal_weight=20291 335 177 19956 19891 293
internal_count=20291 335 177 19956 19891 293
is_linear=0
shrinkage=0.05


Tree=377
num_leaves=7
num_cat=0
split_feature=43 48 51 40 12 15
split_gain=11.0455 19.1045 15.8794 15.5839 34.1303 27.215
threshold=0.043069524690508849 1.1691286563873293 0.0073782410472631463 0.06267066672444345 -0.04124657250940799 0.27500000596046453
decision_type=2 2 8 2 2 2
left_child=1 2 -1 4 -2 -6
right_child=3 -3 -4 -5 5 -7
leaf_value=-0.00061781163194208819 0.00031151455218765122 0.00050846814033156981 -2.7724344835350749e-05 -1.3257527680199519e-05 -0.00012144256340506171 3.5879779766035399e-05
leaf_weight=78 219 50 522 15624 569 3158
leaf_count=78 219 50 522 15624 569 3158
internal_value=9.2707e-05 -0.00683206 -0.00938017 -0.000228608 0.0025753 0.00142685
internal_weight=20220 650 600 19570 3946 3727
internal_count=20220 650 600 19570 3946 3727
is_linear=0
shrinkage=0.05


Tree=378
num_leaves=7
num_cat=0
split_feature=36 35 52 40 53 1
split_gain=10.3095 28.5328 12.7217 11.7886 48.846 36.5781
threshold=-0.93701687455177296 -0.86695316433906544 -1.0000000180025095e-35 0.12096252664923669 -0.46085460484027857 -0.066404070705175386
decision_type=2 2 8 2 10 2
left_child=2 -2 -1 -3 -5 -6
right_child=1 3 -4 4 5 -7
leaf_value=0.00061387772768578563 -0.00028518842175119204 5.4077517156697062e-06 1.2822917971692359e-05 0.00013265817775510191 0.00034308993830103456 -0.00023253425663281426
leaf_weight=130 149 17147 203 882 161 1484
leaf_count=130 149 17147 203 882 161 1484
internal_value=5.82808e-05 -0.000152562 0.00865385 1.39743e-05 -0.00316943 -0.00825758
internal_weight=20156 19823 333 19674 2527 1645
internal_count=20156 19823 333 19674 2527 1645
is_linear=0
shrinkage=0.05


Tree=379
num_leaves=7
num_cat=0
split_feature=35 41 51 35 36 28
split_gain=9.21607 32.0737 43.9924 27.3983 20.9764 33.1447
threshold=-0.80302551388740528 0.086318574845790877 -0.054667796939611428 -0.86695316433906544 -0.87016794085502613 0.0025803212774917488
decision_type=2 2 10 2 2 2
left_child=1 2 -1 -4 5 -2
right_child=4 -3 3 -5 -6 -7
leaf_value=-0.00035255058569790069 0.00041180795990540032 -0.00016974672629053449 -2.9219430165943308e-05 0.00030164549351866963 2.6123159419927206e-06 -3.0351321222185564e-05
leaf_weight=132 258 593 237 368 18570 205
leaf_count=132 258 593 237 368 18570 205
internal_value=9.69658e-05 -0.0038015 0.00313342 0.00889344 0.000495063 0.0109509
internal_weight=20363 1330 737 605 19033 463
internal_count=20363 1330 737 605 19033 463
is_linear=0
shrinkage=0.05


Tree=380
num_leaves=7
num_cat=0
split_feature=41 29 32 2 6 25
split_gain=11.799 15.5935 12.8313 12.3254 11.3652 31.1779
threshold=0.036923447623848922 -0.013536495622247456 -0.42958746850490565 0.0035598883405327801 0.2623980194330216 -0.038379419595003121
decision_type=2 2 2 2 2 2
left_child=1 -1 -3 -2 5 -5
right_child=3 2 -4 4 -6 -7
leaf_value=-0.00023216763588772033 0.00018570816533423247 2.2505949791664472e-05 -4.4193192722885409e-05 -0.0001418029653104978 -8.140852307499764e-06 4.983067450117635e-05
leaf_weight=62 74 109 144 987 13782 5143
leaf_count=62 74 109 144 987 13782 5143
internal_value=7.26386e-05 -0.00945312 -0.00358527 0.000223851 0.000144349 0.00193562
internal_weight=20301 315 253 19986 19912 6130
internal_count=20301 315 253 19986 19912 6130
is_linear=0
shrinkage=0.05


Tree=381
num_leaves=7
num_cat=0
split_feature=36 41 46 53 2 24
split_gain=11.0876 27.0366 34.8176 42.202 34.1374 36.068
threshold=0.2242136746644974 0.11458520963788034 0.9190950095653535 -0.46085460484027857 0.0075896587222814569 0.023549573495984081
decision_type=2 2 2 8 2 2
left_child=-1 4 -3 -4 5 -2
right_child=1 2 3 -5 -6 -7
leaf_value=1.3474928012485581e-05 -1.7002461200153491e-06 2.2013918580595165e-05 3.4151545692006141e-05 -0.00081056598615190673 5.1417788968522349e-05 -0.00018150321662290902
leaf_weight=13311 1860 382 158 318 3410 932
leaf_count=13311 1860 382 158 318 3410 932
internal_value=0.000121466 -0.00141189 -0.00970452 -0.018659 -0.000253746 -0.00435288
internal_weight=20371 7060 858 476 6202 2792
internal_count=20371 7060 858 476 6202 2792
is_linear=0
shrinkage=0.05


Tree=382
num_leaves=7
num_cat=0
split_feature=35 55 12 41 41 52
split_gain=10.6283 33.8152 54.1099 77.0584 36.0812 36.0525
threshold=0.43537886440753942 41554.769531250007 -0.0059155102353543034 0.073091838508844389 0.10162393748760225 0.00022368218196788805
decision_type=2 10 2 2 2 8
left_child=-1 4 3 -3 -2 -4
right_child=1 2 5 -5 -6 -7
leaf_value=-7.7426811023971855e-06 0.00015617993407433079 -0.00027124476386825773 -9.6706980279519632e-05 0.00039564444091255859 -0.00014476917981076182 -0.0010904094161719917
leaf_weight=17117 1438 159 779 355 387 80
leaf_count=17117 1438 159 779 355 387 80
internal_value=-2.82972e-05 0.00255229 -0.00335631 0.00939306 0.0070082 -0.0110243
internal_weight=20315 3198 1373 514 1825 859
internal_count=20315 3198 1373 514 1825 859
is_linear=0
shrinkage=0.05


Tree=383
num_leaves=7
num_cat=0
split_feature=26 12 21 53 46 55
split_gain=10.4821 31.1028 31.807 26.6193 27.9614 36.4054
threshold=0.12056851387023927 0.052382532507181175 0.52500000596046459 0.51751679182052623 0.97016656398773204 8480.2812500000018
decision_type=2 2 2 8 2 10
left_child=1 -1 -3 -2 -5 -6
right_child=3 2 -4 4 5 -7
leaf_value=-5.0478271237722452e-07 0.0001932872994619803 9.8640645823600108e-06 -0.0002600362047778808 -0.00016567151885867027 0.00018419473728115905 -0.00080340097372525387
leaf_weight=17365 665 600 744 440 413 101
leaf_count=17365 665 600 744 440 413 101
internal_value=2.3361e-05 -0.000599818 -0.00791327 0.00358682 -0.00174661 0.00611753
internal_weight=20328 18709 1344 1619 954 514
internal_count=20328 18709 1344 1619 954 514
is_linear=0
shrinkage=0.05


Tree=384
num_leaves=7
num_cat=0
split_feature=36 40 40 38 36 47
split_gain=13.7352 31.0588 39.1286 29.9001 24.526 35.3157
threshold=0.2242136746644974 0.12471309304237367 0.087536279112100615 1.0000000180025095e-35 0.53037649393081676 1.0713921189308169
decision_type=2 2 2 2 2 2
left_child=-1 2 4 -4 -2 -6
right_child=1 -3 3 -5 5 -7
leaf_value=9.0369021254645482e-06 -8.9197020748550942e-05 -0.00035299383582820224 0.0002139652546823074 -1.880181635902716e-05 -2.513209847433344e-05 0.00047031957072971503
leaf_weight=13244 1689 600 965 1121 2438 242
leaf_count=13244 1689 600 965 1121 2438 242
internal_value=0.000102197 -0.00201487 -0.000994582 0.00462697 -0.00368656 -0.000698324
internal_weight=20299 7055 6455 2086 4369 2680
internal_count=20299 7055 6455 2086 4369 2680
is_linear=0
shrinkage=0.05


Tree=385
num_leaves=7
num_cat=0
split_feature=19 39 23 53 10 36
split_gain=10.2607 26.728 36.0383 33.544 31.6786 28.5512
threshold=0.52500000596046459 0.041007002815604217 0.042641894891858108 0.16581014543771747 -0.0092365602031350118 -0.44135315716266627
decision_type=2 2 2 8 2 2
left_child=-1 -2 3 5 -5 -3
right_child=1 2 -4 4 -6 -7
leaf_value=-1.3875340386475061e-05 3.4728505155877039e-05 0.00053919891241506392 0.00064308547707382787 -0.00037026762936722139 -0.00014472872225132393 -1.4660779577167077e-05
leaf_weight=10122 8310 111 128 355 757 575
leaf_count=10122 8310 111 128 355 757 575
internal_value=6.75244e-05 0.00106191 -0.00423356 -0.00608708 -0.0114369 0.00256874
internal_weight=20358 10236 1926 1798 1112 686
internal_count=20358 10236 1926 1798 1112 686
is_linear=0
shrinkage=0.05


Tree=386
num_leaves=7
num_cat=0
split_feature=13 28 52 48 36 55
split_gain=13.4842 19.1443 23.5158 17.933 36.2421 21.1043
threshold=-0.015974367037415501 0.01461002277210355 -0.030628061853349205 -1.9965999126434324 0.62135168910026561 56519.847656250007
decision_type=2 2 8 2 2 10
left_child=1 -1 -3 4 5 -2
right_child=3 2 -4 -5 -6 -7
leaf_value=4.2609286284946668e-05 -0.00055765678108018731 -0.00078832013809648684 -2.3628980122812356e-05 -5.3524809952177703e-06 0.00022344529685608202 -0.00011055929328594979
leaf_weight=4824 116 68 166 14831 90 136
leaf_count=4824 116 68 166 14831 90 136
internal_value=2.3473e-05 0.00218744 -0.0116109 -0.000792265 -0.0120317 -0.0216926
internal_weight=20231 5058 234 15173 342 252
internal_count=20231 5058 234 15173 342 252
is_linear=0
shrinkage=0.05


Tree=387
num_leaves=7
num_cat=0
split_feature=4 31 7 38 9 50
split_gain=14.156 20.9664 11.5163 24.0998 40.1765 35.3567
threshold=-1.0981860160827634 37.429693222045906 0.66027316451072704 1.0000000180025095e-35 -0.020184188149869439 0.7940940558910371
decision_type=2 2 2 2 2 2
left_child=1 -1 -2 5 -5 -4
right_child=2 -3 3 4 -6 -7
leaf_value=0.00019219917626084765 1.5404220488423855e-05 -0.00012835848145589722 9.7790777569642501e-05 -0.00022626442200302383 -1.2585784389547525e-05 -7.2667604283332453e-05
leaf_weight=88 11928 573 2332 1008 3050 1202
leaf_count=88 11928 573 2332 1008 3050 1202
internal_value=8.66937e-06 -0.00724474 0.000167734 -0.00135251 -0.00398105 0.00166007
internal_weight=20181 661 19520 7592 4058 3534
internal_count=20181 661 19520 7592 4058 3534
is_linear=0
shrinkage=0.05


Tree=388
num_leaves=7
num_cat=0
split_feature=47 13 55 40 18 41
split_gain=18.3757 27.7767 19.2414 18.3957 13.4822 13.4186
threshold=0.61003026366233837 0.020837809890508655 9995386368.0000019 0.069837007671594634 0.32500000298023229 0.036923447623848922
decision_type=2 2 8 2 2 2
left_child=1 2 3 -1 -4 -2
right_child=5 -3 4 -5 -6 -7
leaf_value=2.4277113185664571e-05 -3.1822061515468691e-05 -0.00063474265679381485 -4.3668604098205727e-05 -0.00054621598200950492 0.00039539400123692184 2.8976350476040554e-06
leaf_weight=65 259 56 50 88 81 19744
leaf_count=65 259 56 50 88 81 19744
internal_value=2.33438e-05 -0.0115217 -0.00475779 -0.0166139 0.00900735 0.000116204
internal_weight=20343 340 284 153 131 20003
internal_count=20343 340 284 153 131 20003
is_linear=0
shrinkage=0.05


Tree=389
num_leaves=7
num_cat=0
split_feature=39 10 38 52 46 39
split_gain=8.89217 40.159 28.8458 20.2051 20.0545 15.8606
threshold=0.06388369202613832 0.0096105616539716738 0.0378980040550232 -0.00060877265059389163 0.95280733704566967 0.050232456997036941
decision_type=2 2 2 10 2 2
left_child=5 3 4 -2 -3 -1
right_child=1 2 -4 -5 -6 -7
leaf_value=1.8583436222031826e-06 5.5977940014227632e-06 -3.0035054920056136e-05 -0.00023751106731968033 -0.00036138749488005486 0.00076459518048757494 -0.00010500191352527753
leaf_weight=17739 404 69 76 108 313 1599
leaf_count=17739 404 69 76 108 313 1599
internal_value=6.76906e-05 0.00458974 0.0152808 -0.00498066 0.0208656 -0.000303727
internal_weight=20308 970 458 512 382 19338
internal_count=20308 970 458 512 382 19338
is_linear=0
shrinkage=0.05


Tree=390
num_leaves=7
num_cat=0
split_feature=49 22 21 53 52 15
split_gain=11.9066 19.1432 30.6373 31.5632 27.5167 24.3497
threshold=0.19670726358890536 0.32500000298023229 0.12500000372529033 0.32342100143432623 -1.2923046142532256e-05 0.72499999403953563
decision_type=2 2 2 10 10 2
left_child=-1 2 -2 4 -4 -6
right_child=1 -3 3 -5 5 -7
leaf_value=1.5326726106331195e-05 -5.9585438912423136e-05 -4.8161995762725519e-05 0.00014374361780035696 0.00032809287194651829 -0.00025634489837530951 9.3563878043849093e-05
leaf_weight=12159 741 5633 835 319 294 232
leaf_count=12159 741 5633 835 319 294 232
internal_value=-2.844e-05 -0.00134942 0.00235985 0.00609792 0.00272694 -0.00616761
internal_weight=20213 8054 2421 1680 1361 526
internal_count=20213 8054 2421 1680 1361 526
is_linear=0
shrinkage=0.05


Tree=391
num_leaves=7
num_cat=0
split_feature=44 42 47 51 35 44
split_gain=10.1644 23.3435 27.6279 36.2489 27.7069 22.3573
threshold=0.064790092408657088 0.061153002083301551 1.031269967556 -0.022676857188343998 0.571773260831833 0.070928644388914122
decision_type=2 2 2 8 2 2
left_child=1 2 4 -4 -1 -2
right_child=5 -3 3 -5 -6 -7
leaf_value=-3.5218665309616746e-05 0.00010995158050495135 -0.00037902766941536731 0.00033951738072248794 9.365353986654814e-06 0.00064511059804282333 -1.4252827362399917e-06
leaf_weight=1036 1315 211 79 250 56 17269
leaf_count=1036 1315 211 79 250 56 17269
internal_value=0.000102616 -0.00377214 -0.00142006 0.0111527 -0.00526436 0.000337565
internal_weight=20216 1632 1421 329 1092 18584
internal_count=20216 1632 1421 329 1092 18584
is_linear=0
shrinkage=0.05


Tree=392
num_leaves=7
num_cat=0
split_feature=32 18 41 55 42 10
split_gain=10.4806 20.4401 24.0131 32.0255 19.5829 32.461
threshold=0.82073041796684276 0.97499999403953563 0.094032388180494322 38097.525390625007 0.097717929631471648 0.10647253692150117
decision_type=2 2 2 10 2 2
left_child=1 -1 3 -3 5 -2
right_child=4 2 -4 -5 -6 -7
leaf_value=2.3931720444916874e-06 -6.6536082424842045e-05 0.00026076435786244494 0.00068180452509062966 -0.00052321598273768739 -0.00026179195647971996 0.00015982317803798953
leaf_weight=18072 983 92 134 71 535 420
leaf_count=18072 983 92 134 71 535 420
internal_value=4.80012e-05 0.000425874 0.0133278 0.00014881 -0.00343541 -0.000301847
internal_weight=20307 18369 297 163 1938 1403
internal_count=20307 18369 297 163 1938 1403
is_linear=0
shrinkage=0.05


Tree=393
num_leaves=7
num_cat=0
split_feature=35 51 18 36 13 35
split_gain=9.85693 23.9158 19.8951 13.5862 39.8021 14.4615
threshold=0.83326262235641491 0.0073782410472631463 0.62500000000000011 0.87138763070106517 0.01276194676756859 0.79402828216552745
decision_type=2 10 2 2 2 2
left_child=3 -2 -3 5 -5 -1
right_child=1 2 -4 4 -6 -7
leaf_value=4.3060003442497302e-07 -0.00058511708785916603 -0.00019552886311813256 0.00039705238967167292 0.00026790829489075604 -0.00016453574577932322 -0.00023925478763865519
leaf_weight=19364 142 83 96 249 154 185
leaf_count=19364 142 83 96 249 154 185
internal_value=4.80817e-05 -0.00866564 0.00339674 9.89628e-05 0.0091299 -8.82172e-05
internal_weight=20273 321 179 19952 403 19549
internal_count=20273 321 179 19952 403 19549
is_linear=0
shrinkage=0.05


Tree=394
num_leaves=7
num_cat=0
split_feature=44 21 44 3 46 10
split_gain=12.8724 19.3266 24.6856 18.8875 16.7843 18.5172
threshold=0.062140231952071197 0.42499999701976782 0.058161057531833656 0.0043785786256194123 1.0449383258819582 -0.0092365602031350118
decision_type=2 2 2 2 2 2
left_child=1 2 -1 -2 5 -4
right_child=3 -3 4 -5 -6 -7
leaf_value=-1.7338175608854182e-05 0.00049173496889826367 0.00016977173464364495 -0.0003725056072344515 3.0232227044204476e-06 4.2778364763934772e-05 -0.00010710452293891226
leaf_weight=917 84 132 113 18959 53 89
leaf_count=917 84 132 113 18959 53 89
internal_value=8.59866e-06 -0.00479374 -0.00686066 0.000332056 -0.0204808 -0.0269324
internal_weight=20347 1304 1172 19043 255 202
internal_count=20347 1304 1172 19043 255 202
is_linear=0
shrinkage=0.05


Tree=395
num_leaves=7
num_cat=0
split_feature=42 41 10 53 10 1
split_gain=8.86936 26.6612 43.5586 34.4264 40.0919 24.8395
threshold=0.069144319742918028 0.0662684701383114 0.11556267738342287 0.067940145730972304 -0.036720953881740563 0.001583141915034503
decision_type=2 2 2 10 2 2
left_child=-1 2 3 4 -2 -6
right_child=1 -3 -4 -5 5 -7
leaf_value=1.7937308948480891e-05 0.00026791959623449692 2.8366739611768687e-06 0.00028272641716402562 -0.00032633770544737511 -5.6888585728934816e-06 -0.00019956948839819572
leaf_weight=3660 122 15208 135 414 439 289
leaf_count=3660 122 15208 135 414 439 289
internal_value=5.79617e-05 -0.000404828 -0.00699786 -0.00990938 -0.00406433 -0.00856071
internal_weight=20267 16607 1399 1264 850 728
internal_count=20267 16607 1399 1264 850 728
is_linear=0
shrinkage=0.05


Tree=396
num_leaves=7
num_cat=0
split_feature=47 42 46 26 6 39
split_gain=13.7681 50.207 36.8319 34.1309 41.2579 30.5721
threshold=0.81588503718376171 0.16122262924909594 0.99772158265113842 -0.016498023644089695 0.64186352491378795 0.0027710315771400933
decision_type=2 2 2 2 2 2
left_child=1 2 3 4 -1 -5
right_child=-2 -3 -4 5 -6 -7
leaf_value=0.00018695860536780174 -7.3878518827907872e-06 0.0014098422417284401 0.00011567882857499929 -1.0581504164335933e-05 -6.9055668034554183e-05 -0.0003133096706671903
leaf_weight=612 15590 106 1642 1250 363 606
leaf_count=612 15590 106 1642 1250 363 606
internal_value=3.84158e-05 0.00257962 0.00174743 -0.00170134 0.00584184 -0.00568243
internal_weight=20169 4579 4473 2831 975 1856
internal_count=20169 4579 4473 2831 975 1856
is_linear=0
shrinkage=0.05


Tree=397
num_leaves=7
num_cat=0
split_feature=6 51 36 6 47 6
split_gain=10.3547 19.9232 51.5821 33.199 41.2215 30.6516
threshold=0.91309314966201793 1.1397228240966799 -0.031643163412809365 0.5311410427093507 1.0857276916503908 0.51134711503982555
decision_type=2 10 2 2 2 2
left_child=1 -1 5 -4 -5 -3
right_child=-2 2 3 4 -6 -7
leaf_value=1.0253466980807103e-07 -4.5464481171874653e-05 0.0002143452328535225 0.001112998601281182 0.00017954136320513835 -0.00059628905934559415 -0.00057719366557581716
leaf_weight=16860 2353 118 157 583 63 231
leaf_count=16860 2353 118 157 583 63 231
internal_value=6.75012e-05 0.000459288 0.0068064 0.0137686 0.00856375 -0.00911017
internal_weight=20365 18012 1152 803 646 349
internal_count=20365 18012 1152 803 646 349
is_linear=0
shrinkage=0.05


Tree=398
num_leaves=7
num_cat=0
split_feature=36 39 53 45 55 52
split_gain=13.27 31.9022 27.8396 46.761 60.8378 57.4021
threshold=0.2242136746644974 -0.056566674262285226 0.14034834504127505 0.080333456397056593 8480.2812500000018 -0.0067804644349962464
decision_type=2 2 8 2 8 8
left_child=-1 -2 3 5 -5 -3
right_child=1 2 -4 4 -6 -7
leaf_value=1.1616213743841608e-05 0.00046519243242092932 0.00019289619545869184 -6.489256596231544e-05 -8.3537968369450284e-05 0.0002920014086551147 -0.00017315163267068369
leaf_weight=13224 143 315 3747 798 998 1089
leaf_count=13224 143 315 3747 798 998 1089
internal_value=1.84556e-05 -0.00184285 -0.00233386 0.00108424 0.00642699 -0.00573101
internal_weight=20314 7090 6947 3200 1796 1404
internal_count=20314 7090 6947 3200 1796 1404
is_linear=0
shrinkage=0.05


Tree=399
num_leaves=7
num_cat=0
split_feature=36 40 53 44 47 13
split_gain=9.49532 29.3179 42.0903 30.8907 29.8499 42.2365
threshold=0.2242136746644974 0.12471309304237367 -0.63215312361717213 0.09134122729301454 1.0025841593742373 0.022450587712228302
decision_type=2 2 10 2 2 2
left_child=-1 4 3 -3 -2 -6
right_child=1 2 -4 -5 5 -7
leaf_value=1.2502986195353593e-05 -3.0029804097006963e-05 -0.00035585259832252177 -0.00048337850382585459 0.00050406569188071206 0.0001827264309401984 -0.00011842489745813557
leaf_weight=13208 4891 76 460 72 1235 343
leaf_count=13208 4891 76 460 72 1235 343
internal_value=5.29818e-05 -0.00141556 -0.0118679 0.0109477 -0.000420914 0.00554327
internal_weight=20285 7077 608 148 6469 1578
internal_count=20285 7077 608 148 6469 1578
is_linear=0
shrinkage=0.05


Tree=400
num_leaves=7
num_cat=0
split_feature=41 40 12 22 41 38
split_gain=13.5684 13.4617 32.021 23.1143 21.6578 21.1162
threshold=0.036923447623848922 0.06267066672444345 -0.04124657250940799 0.12500000372529033 0.074918199330568327 0.020891907624900345
decision_type=2 2 2 2 2 2
left_child=-1 2 -2 4 -3 -4
right_child=1 3 5 -5 -6 -7
leaf_value=-3.1813007511633183e-05 0.00031563891007494512 -1.1931233697425482e-05 2.4556644404144534e-05 -2.7706354218950134e-06 -0.00040337648990738663 -0.00014064650993649689
leaf_weight=317 218 413 3655 15058 292 398
leaf_count=317 218 413 3655 15058 292 398
internal_value=7.73728e-05 1.87135e-05 0.00250819 -0.000654807 -0.00947183 0.00148472
internal_weight=20351 20034 4271 15763 705 4053
internal_count=20351 20034 4271 15763 705 4053
is_linear=0
shrinkage=0.05


Tree=401
num_leaves=7
num_cat=0
split_feature=55 35 36 55 35 41
split_gain=8.72458 28.6682 35.7823 27.4425 42.0626 42.7222
threshold=84366.121093750015 -0.81954708695411671 -0.93701687455177296 116273.35156250001 -0.1588432118296623 0.074064683169126524
decision_type=10 2 2 8 2 2
left_child=1 2 -1 4 -2 -6
right_child=3 -3 -4 -5 5 -7
leaf_value=0.00011264732036507215 0.00046426882629258979 -6.4657182951050225e-06 -0.00047544228437980954 -2.1966674215953468e-06 -0.00013287027165250813 0.00029483263583708088
leaf_weight=96 373 13876 163 4884 404 432
leaf_count=96 373 13876 163 4884 404 432
internal_value=8.27855e-05 -0.000815064 -0.0171402 0.0014472 0.00817545 0.00187277
internal_weight=20228 14135 259 6093 1209 836
internal_count=20228 14135 259 6093 1209 836
is_linear=0
shrinkage=0.05


Tree=402
num_leaves=7
num_cat=0
split_feature=12 3 45 44 36 36
split_gain=14.6214 23.9085 28.1196 13.6374 17.7103 22.5819
threshold=-0.12508404254913327 0.014784845989197494 0.13375315815210345 0.17227516323328021 0.48606713116168981 -0.28815208375453943
decision_type=2 2 2 2 2 2
left_child=1 2 -1 -2 5 -5
right_child=3 -3 -4 4 -6 -7
leaf_value=-0.00018182168002647627 -9.6852189277306648e-06 -0.00074614067147654869 0.00074160077986405541 -5.872385053964864e-05 -0.00018140411639087754 0.00067465830858441558
leaf_weight=66 19701 61 200 60 81 127
leaf_count=66 19701 61 200 60 81 127
internal_value=9.72858e-05 0.0100151 0.0165129 -0.000561981 0.0105311 0.0188802
internal_weight=20296 327 266 19969 268 187
internal_count=20296 327 266 19969 268 187
is_linear=0
shrinkage=0.05


Tree=403
num_leaves=7
num_cat=0
split_feature=35 20 22 12 13 11
split_gain=10.8507 31.6647 36.4544 29.1444 31.0472 30.2572
threshold=-0.80302551388740528 0.12500000372529033 0.27500000596046453 0.031364645808935172 0.01276194676756859 -0.016788523644208905
decision_type=2 2 2 2 2 2
left_child=1 -1 -3 4 5 -4
right_child=-2 2 3 -5 -6 -7
leaf_value=0.00020809560625663955 4.1811312712594641e-06 0.00064602701554580984 0.00014165437480505064 -0.00040711147783862819 0.00027681292551536729 -0.00020734030700320615
leaf_weight=256 18920 69 159 135 119 641
leaf_count=256 18920 69 159 135 119 641
internal_value=8.24961e-05 -0.00428107 -0.00791223 -0.0102691 -0.00695346 -0.010528
internal_weight=20299 1379 1123 1054 919 800
internal_count=20299 1379 1123 1054 919 800
is_linear=0
shrinkage=0.05


Tree=404
num_leaves=7
num_cat=0
split_feature=38 35 30 6 56 6
split_gain=9.07697 20.9704 20.3911 14.2604 9.45247 13.8702
threshold=-0.033638870343565934 0.26311510801315313 71.017185211181655 0.34016443789005285 0.0053016308229416617 0.34016443789005285
decision_type=2 2 2 2 10 2
left_child=1 2 3 -1 -2 -6
right_child=4 -3 -4 -5 5 -7
leaf_value=3.8245203974198376e-05 1.7823720123065817e-06 0.00035127791983329129 0.00013057650299026498 -0.00061522145579715089 -0.00035913951392979631 1.5957616853194602e-05
leaf_weight=50 19777 97 51 145 110 128
leaf_count=50 19777 97 51 145 110 128
internal_value=0.000126455 -0.00811782 -0.0158367 -0.023125 2.62238e-05 -0.00977366
internal_weight=20358 343 246 195 20015 238
internal_count=20358 343 246 195 20015 238
is_linear=0
shrinkage=0.05


Tree=405
num_leaves=7
num_cat=0
split_feature=32 42 53 43 45 36
split_gain=9.99437 23.667 32.7323 46.4852 32.5756 22.1389
threshold=0.82073041796684276 0.098701111972332015 0.16581014543771747 0.093078821897506728 0.097758747637271895 0.5961117446422578
decision_type=2 2 10 2 2 2
left_child=-1 2 3 -2 -5 -3
right_child=1 5 -4 4 -6 -7
leaf_value=5.2759540296340533e-06 -0.00015070234875440771 -0.0001460821640247334 0.00017751994964191576 0.00040657832110670231 -0.00018165727091022527 -0.00040222707928757239
leaf_weight=18318 775 398 378 177 87 126
leaf_count=18318 775 398 378 177 87 126
internal_value=9.74635e-05 -0.00340442 -1.75809e-05 -0.00462165 0.01329 -0.0124291
internal_weight=20259 1941 1417 1039 264 524
internal_count=20259 1941 1417 1039 264 524
is_linear=0
shrinkage=0.05


Tree=406
num_leaves=7
num_cat=0
split_feature=41 29 47 12 55 53
split_gain=10.703 14.507 12.727 46.1287 33.9301 53.7597
threshold=0.036923447623848922 -0.013536495622247456 0.83840158581733715 -0.035035569220781319 84366.121093750015 0.042865220457315452
decision_type=2 2 2 2 10 10
left_child=1 -1 3 -2 5 -5
right_child=2 -3 -4 4 -6 -7
leaf_value=-0.00013988406530813778 0.00029947110581728662 -7.5992210865195519e-06 -1.3085832825364078e-05 1.412204769236467e-05 0.00015565475799297988 -0.00024771993152468148
leaf_weight=72 533 260 14691 2601 1228 892
leaf_count=72 533 260 14691 2601 1228 892
internal_value=5.79331e-05 -0.00912463 -0.000136591 0.00197281 0.000386162 -0.00212264
internal_weight=20277 332 19945 5254 4721 3493
internal_count=20277 332 19945 5254 4721 3493
is_linear=0
shrinkage=0.05


Tree=407
num_leaves=7
num_cat=0
split_feature=38 47 55 9 50 44
split_gain=10.9305 20.2847 33.2963 19.5236 19.2693 17.7157
threshold=-0.02589702699333429 0.92975378036499035 56519.847656250007 -0.021128024905920025 0.60667249560356151 0.10315675660967828
decision_type=2 2 8 2 2 2
left_child=1 2 -1 -4 -5 -3
right_child=-2 5 3 4 -6 -7
leaf_value=-0.0004822366208263738 2.5612665187039617e-06 0.00016982652759353387 0.0004056038505877737 -0.00030933227422868593 0.000173794665351271 -0.00013450234324798106
leaf_weight=218 19199 353 69 71 54 248
leaf_count=218 19199 353 69 71 54 248
internal_value=5.31731e-05 -0.00513261 -0.0136091 0.00138191 -0.0101923 0.00070132
internal_weight=20212 1013 412 194 125 601
internal_count=20212 1013 412 194 125 601
is_linear=0
shrinkage=0.05


Tree=408
num_leaves=7
num_cat=0
split_feature=38 50 54 45 51 52
split_gain=9.16428 35.8287 21.4039 23.5793 22.5599 20.2908
threshold=0.018743066117167476 0.93252381682395946 0.011576665099710228 0.099229082465171828 0.15275342762470248 -0.018707998096942898
decision_type=2 2 10 2 10 8
left_child=-1 5 3 -3 -5 -2
right_child=1 2 -4 4 -6 -7
leaf_value=1.8790371278714616e-06 -0.00032527109078616219 0.00013510044583842098 0.00031967578432320638 -0.00065643530600449033 0.00026976230334426545 -4.4547357633514958e-05
leaf_weight=16105 480 348 417 103 64 2767
leaf_count=16105 480 348 417 103 64 2767
internal_value=-3.32693e-05 -0.00244383 0.00616329 -0.000625 -0.015843 -0.00492774
internal_weight=20284 4179 932 515 167 3247
internal_count=20284 4179 932 515 167 3247
is_linear=0
shrinkage=0.05


Tree=409
num_leaves=7
num_cat=0
split_feature=38 48 35 21 10 11
split_gain=12.1212 32.4144 31.9691 25.1463 20.9777 20.7251
threshold=0.018743066117167476 1.1691286563873293 -0.086789824068546281 0.87500000000000011 -0.12030370533466338 0.0014123071450740101
decision_type=2 2 2 2 2 2
left_child=-1 5 -3 4 -4 -2
right_child=1 2 3 -5 -6 -7
leaf_value=9.4190263506017331e-06 -1.9217178328695136e-05 0.00047020676337852346 0.00068647202101752413 -0.0003266794144521645 2.2169027758130525e-05 -0.00014474764817270317
leaf_weight=16017 2155 185 68 64 433 1274
leaf_count=16017 2155 185 68 64 433 1274
internal_value=2.84639e-05 -0.00225263 0.00711921 0.00109649 0.00499012 -0.00431712
internal_weight=20196 4179 750 565 501 3429
internal_count=20196 4179 750 565 501 3429
is_linear=0
shrinkage=0.05


Tree=410
num_leaves=7
num_cat=0
split_feature=24 21 1 44 55 23
split_gain=10.2406 34.1243 11.2821 10.8297 10.3562 9.99275
threshold=0.12284362688660623 0.37500000000000006 -0.056610997766256325 0.12126071006059648 12432.215332031252 -0.043161306530237191
decision_type=2 2 2 2 8 2
left_child=5 -2 3 -3 -4 -1
right_child=1 2 4 -5 -6 -7
leaf_value=0.00018072589968025994 0.00029333455832142893 -0.00061125873377388881 -0.0004095906601434573 -0.00014911690604076084 0.00024591974610272722 -7.1004985595090628e-07
leaf_weight=324 66 96 63 51 55 19699
leaf_count=324 66 96 63 51 55 19699
internal_value=0 -0.00870536 -0.0167593 -0.0258224 -0.0046748 9.61154e-05
internal_weight=20354 331 265 147 118 20023
internal_count=20354 331 265 147 118 20023
is_linear=0
shrinkage=0.05


Tree=411
num_leaves=7
num_cat=0
split_feature=50 3 54 22 42 44
split_gain=9.1465 35.1154 23.1854 19.2776 26.4495 26.4191
threshold=-1.8963842988014219 0.013936593197286131 0.022505039349198345 0.27500000596046453 0.07765365764498712 0.08556035161018373
decision_type=2 2 10 2 2 2
left_child=1 2 3 -1 -5 -6
right_child=-2 -3 -4 4 5 -7
leaf_value=-0.00018295691388234907 4.5226778783098221e-06 0.00064205199212148613 -0.00037477880839525805 0.00022749883751643904 -0.000421229071909608 4.4298657266884651e-05
leaf_weight=244 19212 61 219 120 75 290
leaf_count=244 19212 61 219 120 75 290
internal_value=5.80935e-05 -0.00456114 -0.0070042 -0.00262262 0.00311224 -0.00358108
internal_weight=20221 1009 948 729 485 365
internal_count=20221 1009 948 729 485 365
is_linear=0
shrinkage=0.05


Tree=412
num_leaves=7
num_cat=0
split_feature=44 3 47 35 53 30
split_gain=10.3355 27.9287 37.4762 29.4248 27.6494 25.3162
threshold=0.14466013014316562 0.0095455795526504534 0.83107507228851329 0.20882903039455417 -0.083855878561735139 50.545066833496101
decision_type=2 2 2 2 8 2
left_child=-1 -2 3 -3 5 -4
right_child=1 2 4 -5 -6 -7
leaf_value=-3.6405609083507089e-06 -0.00034037387735482674 0.00084135593237610407 7.2065414823484355e-05 4.2962867250448403e-05 0.00023312434613437648 -0.00041599843219585533
leaf_weight=18857 129 239 290 152 269 225
leaf_count=18857 129 239 290 152 269 225
internal_value=8.30606e-05 0.00425898 0.0067161 0.0192551 0.000348542 -0.00639423
internal_weight=20161 1304 1175 391 784 515
internal_count=20161 1304 1175 391 784 515
is_linear=0
shrinkage=0.05


Tree=413
num_leaves=7
num_cat=0
split_feature=45 54 36 40 54 2
split_gain=10.8332 29.7373 46.4283 30.3857 27.5403 25.7688
threshold=0.13375315815210345 -0.054620124399662011 0.5961117446422578 0.12096252664923669 -0.037824600934982293 0.0084426081739366072
decision_type=2 8 2 2 8 2
left_child=1 2 -1 -4 5 -3
right_child=-2 4 3 -5 -6 -7
leaf_value=-0.00020296955104898265 4.5840608595670158e-05 0.0002107796847522399 0.00017452312305010886 -0.00094328051143828615 -2.6923008753009753e-06 -2.0428220047766319e-05
leaf_weight=2086 2336 438 601 51 14524 300
leaf_count=2086 2336 438 601 51 14524 300
internal_value=0.000116759 -0.000592891 -0.00538644 0.00620244 0.000266916 0.0096568
internal_weight=20336 18000 2738 652 15262 738
internal_count=20336 18000 2738 652 15262 738
is_linear=0
shrinkage=0.05


Tree=414
num_leaves=7
num_cat=0
split_feature=23 53 43 53 17 12
split_gain=12.7724 24.2761 10.9114 20.9978 19.0763 20.0832
threshold=-0.043161306530237191 -1.7379080653190611 0.047617390751838691 0.20070265233516696 0.37500000000000006 -0.01129696052521467
decision_type=2 10 2 10 2 2
left_child=1 -1 3 4 -2 -6
right_child=2 -3 -4 -5 5 -7
leaf_value=0.00085872668844557461 -6.2885890819220153e-05 1.20130181564306e-05 4.0826338915262386e-06 -0.00043382718326030138 0.00013942738408686105 -1.2169769663067897e-06
leaf_weight=90 352 241 18961 88 55 500
leaf_count=90 352 241 18961 88 55 500
internal_value=6.28326e-05 0.00989583 6.38746e-05 -0.005025 -0.00265899 0.00308036
internal_weight=20287 331 19956 995 907 555
internal_count=20287 331 19956 995 907 555
is_linear=0
shrinkage=0.05


Tree=415
num_leaves=7
num_cat=0
split_feature=6 10 31 50 38 38
split_gain=9.30304 22.6772 12.3193 9.86316 33.789 13.1135
threshold=0.99996218085289013 0.09277666732668878 60.515417098999031 1.9299464821815493 0.01766085904091597 0.018743066117167476
decision_type=2 2 2 2 2 2
left_child=3 -2 -3 5 -5 -1
right_child=1 2 -4 4 -6 -7
leaf_value=3.7034097986689101e-06 -0.00016417642467277029 0.00044159963128942957 1.3014220996872814e-05 -3.4231160151957774e-05 0.00031230432054395033 -4.1881284792178692e-05
leaf_weight=15102 651 51 85 512 253 3652
leaf_count=15102 651 51 85 512 253 3652
internal_value=3.81567e-05 -0.00558712 0.0125887 -5.76214e-05 0.00548701 -0.000286529
internal_weight=20306 787 136 19519 765 18754
internal_count=20306 787 136 19519 765 18754
is_linear=0
shrinkage=0.05


Tree=416
num_leaves=7
num_cat=0
split_feature=48 52 55 46 10 44
split_gain=8.88976 33.4086 28.5685 27.5578 20.0691 20.4975
threshold=-1.9965999126434324 0.00054331871797330688 9995386368.0000019 1.2481155395507815 -0.060913886874914162 0.11521767452359201
decision_type=2 8 8 2 2 2
left_child=1 2 4 -3 -1 -6
right_child=-2 3 -4 -5 5 -7
leaf_value=-0.00018325536128401354 3.5182393087354257e-06 -0.00030188377599134927 -0.0010304633851397158 0.00015600370906113052 9.01882644989313e-05 0.00067455856954237172
leaf_weight=199 18936 383 70 72 503 94
leaf_count=199 18936 383 70 72 503 94
internal_value=6.7861e-05 -0.00394042 0.00180827 -0.014837 0.00458801 0.00917774
internal_weight=20257 1321 866 455 796 597
internal_count=20257 1321 866 455 796 597
is_linear=0
shrinkage=0.05


Tree=417
num_leaves=7
num_cat=0
split_feature=40 22 55 47 55 51
split_gain=10.3876 30.2548 39.7363 36.5088 41.1674 29.9446
threshold=0.096668764948844924 0.67499998211860668 85.060867309570327 0.83107507228851329 109075.81640625001 -2.8019286394119258
decision_type=2 2 8 2 10 8
left_child=-1 2 5 -3 -5 -2
right_child=1 3 -4 4 -6 -7
leaf_value=9.0327315884385782e-06 -3.5750302283014871e-05 0.00034963533171111013 -5.8166577213889599e-05 4.7663559633785108e-05 -0.00023375837156509898 -0.00050173567036344792
leaf_weight=14070 150 409 2169 2576 654 208
leaf_count=14070 150 409 2169 2576 654 208
internal_value=3.33482e-05 -0.00161643 -0.00581556 0.00129665 -0.000486862 -0.0211433
internal_weight=20236 6166 2527 3639 3230 358
internal_count=20236 6166 2527 3639 3230 358
is_linear=0
shrinkage=0.05


Tree=418
num_leaves=7
num_cat=0
split_feature=4 52 47 47 6 49
split_gain=12.9752 12.1857 21.6791 28.3468 27.5529 21.6507
threshold=1.2228182554244997 -0.075633242726325975 0.83107507228851329 1.2471933364868166 0.58833923935890209 -0.48964224755764002
decision_type=2 8 2 2 2 2
left_child=1 2 4 5 -1 -4
right_child=-2 -3 3 -5 -6 -7
leaf_value=0.00070294687841125224 0.00017370069287538125 4.5911346853164078e-06 -9.8513904260000141e-05 6.8826568101843259e-05 -7.2958375094589817e-05 -0.00053675188214565408
leaf_weight=98 321 18952 259 324 120 274
leaf_count=98 321 18952 259 324 120 274
internal_value=7.73842e-05 0.000141024 -0.00502315 -0.00861369 0.0088565 -0.0156599
internal_weight=20348 20027 1075 857 218 533
internal_count=20348 20027 1075 857 218 533
is_linear=0
shrinkage=0.05


Tree=419
num_leaves=7
num_cat=0
split_feature=10 45 21 35 0 38
split_gain=12.1267 31.0624 46.8423 34.8852 36.573 39.1315
threshold=-0.066291682422161088 0.097758747637271895 0.52500000596046459 0.1916296184062958 0.0012475774274207654 -0.0057488435413688413
decision_type=2 2 2 2 2 2
left_child=1 -1 -3 4 5 -4
right_child=-2 2 3 -5 -6 -7
leaf_value=7.0053044969787254e-05 8.0824601111669942e-06 -0.00038727965255399904 -0.00088799141057329344 -0.00037056281178383797 0.0001054577649089363 -3.7136225965722268e-06
leaf_weight=1127 16224 587 188 338 1428 357
leaf_count=1127 16224 587 188 338 1428 357
internal_value=0.000132073 -0.0023139 -0.00505512 -0.00182427 0.000720425 -0.0102273
internal_weight=20249 4025 2898 2311 1973 545
internal_count=20249 4025 2898 2311 1973 545
is_linear=0
shrinkage=0.05


Tree=420
num_leaves=7
num_cat=0
split_feature=35 55 36 22 22 25
split_gain=12.4492 25.6142 29.8 20.3139 27.2462 29.3876
threshold=-0.81954708695411671 84366.121093750015 -0.93701687455177296 0.92499998211860668 0.57500001788139354 -0.015113660600036381
decision_type=2 10 2 2 2 2
left_child=1 2 -1 4 -3 -6
right_child=-2 3 -4 -5 5 -7
leaf_value=6.8006262384983368e-05 4.6215934321134845e-06 0.00012009866771329586 -0.00042353988922987226 0.00052681104530292392 5.3823676143342422e-05 -0.00030998914663828836
leaf_weight=94 19362 230 170 66 164 262
leaf_count=94 19362 230 170 66 164 262
internal_value=2.33381e-05 -0.00532291 -0.0184944 -0.000378267 -0.00313918 -0.0106148
internal_weight=20348 986 264 722 656 426
internal_count=20348 986 264 722 656 426
is_linear=0
shrinkage=0.05


Tree=421
num_leaves=7
num_cat=0
split_feature=33 19 40 51 47 49
split_gain=9.728 27.009 24.9366 39.0466 34.8071 32.8422
threshold=0.078919310122728362 0.52500000596046459 0.12096252664923669 -0.0018295799382030962 0.881798416376114 -1.7356249094009397
decision_type=2 2 2 10 2 2
left_child=1 2 -1 4 -4 -6
right_child=-2 -3 3 -5 5 -7
leaf_value=7.8335364695770671e-06 -1.6083772026517718e-05 8.1049948824717271e-05 0.00091785572549881464 -0.00048306072214928633 0.00035297705780685103 -0.00020444425199946746
leaf_weight=8353 7573 2848 95 308 208 741
leaf_count=8353 7573 2848 95 308 208 741
internal_value=7.32701e-05 0.001077 -0.000177652 -0.00646647 -0.00178742 -0.00474319
internal_weight=20126 12553 9705 1352 1044 949
internal_count=20126 12553 9705 1352 1044 949
is_linear=0
shrinkage=0.05


Tree=422
num_leaves=7
num_cat=0
split_feature=1 39 10 6 47 10
split_gain=9.21366 31.5521 17.3181 9.26583 19.4846 21.9463
threshold=0.10442483425140382 0.0071669002063572415 -0.1871228218078613 0.99996218085289013 0.92250624299049389 0.02650699578225613
decision_type=2 2 2 2 2 2
left_child=3 -2 -3 -1 -5 -6
right_child=1 2 -4 4 5 -7
leaf_value=3.7187424644638839e-06 -0.00040853200340049622 0.00099784394053465449 -5.8343253062491244e-05 -0.00016933950689190701 -0.00028245347010691574 0.00018769230615208154
leaf_weight=19204 186 55 69 423 144 232
leaf_count=19204 186 55 69 423 144 232
internal_value=1.35348e-05 -0.00849206 0.0106589 0.0001262 -0.0051306 0.00308399
internal_weight=20313 310 124 20003 799 376
internal_count=20313 310 124 20003 799 376
is_linear=0
shrinkage=0.05


Tree=423
num_leaves=7
num_cat=0
split_feature=39 10 7 52 43 47
split_gain=10.8282 42.2655 23.0589 25.4082 23.0249 21.7487
threshold=0.059389751404523856 0.0096105616539716738 0.5144459903240205 -0.043229943141341202 0.08013054728507997 0.91552451252937328
decision_type=2 2 2 8 2 2
left_child=-1 -2 3 -3 -5 -4
right_child=1 2 5 4 -6 -7
leaf_value=-2.9180133315659472e-06 -3.1445557968020313e-05 6.1155029855523674e-06 -0.00036563704637523474 0.00024539726958714558 0.0016000728369654508 0.00027052655914932666
leaf_weight=19073 690 80 58 72 139 274
leaf_count=19073 690 80 58 72 139 274
internal_value=2.81987e-05 0.00449545 0.0138933 0.0240709 0.0329861 0.00467359
internal_weight=20386 1313 623 291 211 332
internal_count=20386 1313 623 291 211 332
is_linear=0
shrinkage=0.05


Tree=424
num_leaves=7
num_cat=0
split_feature=33 19 19 42 44 53
split_gain=12.4156 18.608 18.3532 24.7992 21.2678 23.2339
threshold=-0.19279363006353376 0.32500000298023229 0.17500000447034839 0.16625604033470157 0.10433243960142137 -0.99971351027488697
decision_type=2 2 2 2 2 10
left_child=2 -2 -1 4 -4 -6
right_child=1 -3 3 -5 5 -7
leaf_value=-6.499181671925888e-06 -7.9721816648397226e-05 1.8827888664251034e-06 3.1018729488976014e-05 -0.00051821267708184111 0.00071793867403502018 0.0001233230670971047
leaf_weight=2671 1845 13398 1472 80 149 668
leaf_count=2671 1845 13398 1472 80 149 668
internal_value=4.31289e-05 -0.0004476 0.00241328 0.00561289 0.00659329 0.0130474
internal_weight=20283 15243 5040 2369 2289 817
internal_count=20283 15243 5040 2369 2289 817
is_linear=0
shrinkage=0.05


Tree=425
num_leaves=7
num_cat=0
split_feature=36 35 9 51 44 41
split_gain=8.52366 30.1455 15.9014 11.53 10.1209 9.86584
threshold=-0.93701687455177296 -0.86695316433906544 -0.032446211203932755 -0.022676857188343998 0.088036939501762404 0.087198231369256987
decision_type=2 2 2 8 2 2
left_child=2 4 3 -1 -2 -3
right_child=1 5 -4 -5 -6 -7
leaf_value=-2.519529901928696e-05 -5.724342655493314e-05 9.6323798541575179e-06 -7.8808885667806084e-05 0.00037756394100921746 -0.00044945400296092362 -1.9702852753612758e-05
leaf_weight=53 61 10848 111 163 93 9091
leaf_count=53 61 10848 111 163 93 9091
internal_value=0.000101591 -0.000170415 0.00790663 0.015724 -0.0218553 1.25351e-06
internal_weight=20420 20093 327 216 154 19939
internal_count=20420 20093 327 216 154 19939
is_linear=0
shrinkage=0.05


Tree=426
num_leaves=7
num_cat=0
split_feature=36 36 45 38 53 51
split_gain=10.6504 28.5362 33.484 52.4829 46.8554 48.7713
threshold=0.2242136746644974 0.42617307603359228 0.080333456397056593 -0.0096454219892621023 0.14034834504127505 0.0021253505256026988
decision_type=2 2 2 2 8 8
left_child=-1 -2 -3 -4 5 -5
right_child=1 2 3 4 -6 -7
leaf_value=1.5020995295855051e-05 -8.8541882824258987e-05 -4.6344458804136903e-05 0.00033275644643681191 -7.8068149262242904e-05 -0.00012787156004389166 0.00032551675769336712
leaf_weight=13302 1918 2298 799 534 1019 488
leaf_count=13302 1918 2298 799 534 1019 488
internal_value=0.000106811 -0.00118609 0.000753451 0.00438489 0.000109971 0.00766796
internal_weight=20358 7056 5138 2840 2041 1022
internal_count=20358 7056 5138 2840 2041 1022
is_linear=0
shrinkage=0.05


Tree=427
num_leaves=7
num_cat=0
split_feature=23 45 23 38 53 24
split_gain=13.6441 20.6264 25.8385 25.0486 24.795 24.9687
threshold=0.0065768130589276561 0.15108997374773028 0.042641894891858108 0.0040516492445021876 0.09058213979005815 -0.055067593231797211
decision_type=2 2 2 2 8 2
left_child=-1 2 3 -2 5 -5
right_child=1 -3 -4 4 -6 -7
leaf_value=1.4083748696149024e-05 2.7474246863166941e-05 -0.00019399530990569185 0.00041867021001592598 -0.00022737913917689429 -0.00013073664368784942 8.4177264615310191e-05
leaf_weight=13470 3333 477 226 224 1740 793
leaf_count=13470 3333 477 226 224 1740 793
internal_value=0.000112246 -0.00169535 -0.000929442 -0.00155455 -0.00507784 0.00110078
internal_weight=20263 6793 6316 6090 2757 1017
internal_count=20263 6793 6316 6090 2757 1017
is_linear=0
shrinkage=0.05


Tree=428
num_leaves=7
num_cat=0
split_feature=38 47 9 55 55 47
split_gain=10.1366 21.7308 18.5362 18.5606 17.5267 16.8607
threshold=-0.030794963240623471 0.9365309774875642 -0.014855397865176199 56519.847656250007 17313.613281250004 0.98507875204086315
decision_type=2 2 2 8 8 2
left_child=1 2 3 -1 -3 -6
right_child=-2 4 -4 -5 5 -7
leaf_value=-0.00039925056856907233 1.2053769872058182e-06 0.00041396019857638505 -0.00043208120560328907 0.00037278592783651843 8.5594153049774603e-05 -0.00029971272444781786
leaf_weight=87 19645 141 136 54 83 177
leaf_count=87 19645 141 136 54 83 177
internal_value=6.76407e-05 -0.00611274 -0.0167553 -0.00359589 0.0012931 -0.00632075
internal_weight=20323 678 277 141 401 260
internal_count=20323 678 277 141 401 260
is_linear=0
shrinkage=0.05


Tree=429
num_leaves=7
num_cat=0
split_feature=32 21 41 43 16 53
split_gain=12.6764 26.0135 36.5513 34.5766 32.4616 29.9315
threshold=0.77676531672477733 0.42499999701976782 0.0662684701383114 0.08113447949290277 0.97499999403953563 -0.1039481684565544
decision_type=2 2 2 2 2 10
left_child=-1 2 -2 -3 -4 -5
right_child=1 3 4 5 -6 -7
leaf_value=6.0095047989275558e-06 -8.0588395839629868e-05 -0.00031572130642187023 0.00020905740369778631 5.8627158131592184e-05 -0.00041177555361976106 -0.00022156188805372482
leaf_weight=18098 327 267 568 520 50 513
leaf_count=18098 327 267 568 520 50 513
internal_value=2.33438e-05 -0.00352222 0.00276316 -0.00810345 0.00991172 -0.00387765
internal_weight=20343 2245 945 1300 618 1033
internal_count=20343 2245 945 1300 618 1033
is_linear=0
shrinkage=0.05


Tree=430
num_leaves=7
num_cat=0
split_feature=44 40 44 38 39 40
split_gain=11.1403 25.2303 40.6721 19.7645 16.2044 24.0617
threshold=0.062140231952071197 0.040492199361324317 0.075505770742893233 -0.0049746502190828315 -0.0032902306411415334 0.047293769195675857
decision_type=2 2 2 2 2 2
left_child=4 2 -2 -4 -1 -6
right_child=1 -3 3 -5 5 -7
leaf_value=2.8399496522095317e-05 0.00022928308178790034 -2.4684087408041632e-06 -0.00016297117153944563 1.569541169056818e-05 -0.00010810011566057786 -3.8523383361335353e-06
leaf_weight=394 249 18636 54 117 402 489
leaf_count=394 249 18636 54 117 402 489
internal_value=7.74108e-05 0.000129846 0.0121765 -0.00639205 -0.00467054 -0.00839844
internal_weight=20341 19056 420 171 1285 891
internal_count=20341 19056 420 171 1285 891
is_linear=0
shrinkage=0.05


Tree=431
num_leaves=7
num_cat=0
split_feature=52 32 36 36 42 2
split_gain=13.2444 9.57482 20.3467 17.1447 10.0128 19.9265
threshold=-0.18390690535306928 -0.49499323964118952 0.11759476736187936 -0.20641902834177014 0.094750568270683302 0.011344192549586298
decision_type=8 2 2 2 2 2
left_child=1 2 -1 -3 -5 -6
right_child=-2 3 -4 4 5 -7
leaf_value=0.00035313896398529151 3.3410535473295689e-06 -0.00046080449220639911 -0.00049378859797470458 0.00033845929700977218 -0.0003705163398918506 0.00027379962077909965
leaf_weight=98 19721 143 50 104 98 60
leaf_count=98 19721 143 50 104 98 60
internal_value=4.31481e-05 -0.00757168 0.00310458 -0.0115244 -0.00365169 -0.0115031
internal_weight=20274 553 148 405 262 158
internal_count=20274 553 148 405 262 158
is_linear=0
shrinkage=0.05


Tree=432
num_leaves=7
num_cat=0
split_feature=33 35 55 47 10 32
split_gain=11.5959 16.2357 31.8853 16.5039 16.79 13.7062
threshold=0.47524414956569677 0.085496194660663619 84366.121093750015 0.9365309774875642 0.0096105616539716738 0.42423070967197424
decision_type=2 2 10 2 2 2
left_child=-1 2 5 -3 -5 -2
right_child=1 3 -4 4 -6 -7
leaf_value=6.8173700034033714e-06 7.0855933477542238e-05 -0.00021347898942590245 0.00024039478349141086 -0.00011745882585066144 0.00024220840248743872 -0.00021036051874764948
leaf_weight=19348 113 326 172 89 109 138
leaf_count=19348 113 326 172 89 109 138
internal_value=6.28079e-05 -0.00506828 0.00216121 -0.0109168 0.000369458 -0.00908203
internal_weight=20295 947 423 524 198 251
internal_count=20295 947 423 524 198 251
is_linear=0
shrinkage=0.05


Tree=433
num_leaves=7
num_cat=0
split_feature=12 18 44 2 41 53
split_gain=11.784 27.5777 22.1075 28.2308 23.6347 23.0059
threshold=0.055900540202856071 0.67499998211860668 0.11710380390286447 0.0075896587222814569 0.10664570331573488 0.16581014543771747
decision_type=2 2 2 2 2 10
left_child=-1 -2 3 5 -4 -3
right_child=1 2 4 -5 -6 -7
leaf_value=3.5904866038960774e-06 -0.00042821083833635736 -0.00023287901111207444 -0.00033442004641361122 9.5795172444997843e-05 -1.9571491882034757e-05 5.6791756009499299e-05
leaf_weight=18051 201 229 214 1105 322 211
leaf_count=18051 201 229 214 1105 322 211
internal_value=5.77736e-05 -0.00353083 -0.00178571 0.00124194 -0.0104898 -0.00938202
internal_weight=20333 2282 2081 1545 536 440
internal_count=20333 2282 2081 1545 536 440
is_linear=0
shrinkage=0.05


Tree=434
num_leaves=7
num_cat=0
split_feature=56 38 45 36 38 24
split_gain=9.95124 12.5271 14.8794 15.8476 11.836 9.89155
threshold=0.0053016308229416617 -0.033638870343565934 0.070637486875057234 -0.33243137598037714 -0.024304843507707116 0.10568368062376977
decision_type=10 2 2 2 2 2
left_child=1 2 -1 -4 -2 -3
right_child=4 5 3 -5 -6 -7
leaf_value=-0.00040141598326264927 0.00019931618516532063 6.9473949358093465e-06 -0.00026234012605530211 0.00012975549416927216 -0.0002565446158772589 -7.4553643162632855e-05
leaf_weight=64 62 19168 96 171 190 612
leaf_count=64 62 19168 96 171 190 612
internal_value=4.78692e-05 0.000269686 -0.0093006 -0.00376838 -0.00963035 0.000433409
internal_weight=20363 20111 331 267 252 19780
internal_count=20363 20111 331 267 252 19780
is_linear=0
shrinkage=0.05


Tree=435
num_leaves=7
num_cat=0
split_feature=53 48 39 21 0 26
split_gain=14.0589 27.0335 49.7217 37.7697 31.343 28.3101
threshold=-0.21031608432531354 -0.12946787476539609 -0.018812522292137143 0.87500000000000011 0.011467005126178266 0.096606846898794188
decision_type=8 2 2 2 2 2
left_child=1 2 -1 4 5 -3
right_child=-2 3 -4 -5 -6 -7
leaf_value=-0.00033573038701545138 -1.0866456495371518e-05 2.9724365276606734e-05 3.1923665187111142e-05 -0.0002330521757718064 0.00038212504337909077 0.00047227968720275627
leaf_weight=329 16238 944 1802 302 547 97
leaf_count=329 16238 944 1802 302 547 97
internal_value=3.70114e-06 0.00234103 -0.00150983 0.00668865 0.00977715 0.00461281
internal_weight=20259 4021 2131 1890 1588 1041
internal_count=20259 4021 2131 1890 1588 1041
is_linear=0
shrinkage=0.05


Tree=436
num_leaves=7
num_cat=0
split_feature=31 48 6 42 21 43
split_gain=15.6115 41.0293 37.1342 16.8499 16.287 11.1475
threshold=63.048265457153327 0.59295833110809337 0.8989056944847108 0.095703762024641051 0.67499998211860668 0.095637895166873946
decision_type=2 2 2 2 2 2
left_child=-1 3 4 -2 -3 -4
right_child=1 2 5 -5 -6 -7
leaf_value=3.6067141285972812e-06 -0.00050074883995467263 0.0004569357949891103 -0.00016643316565261501 -8.7478783624651325e-05 -3.5084365311412486e-05 3.6340334752483397e-05
leaf_weight=19253 131 127 326 82 53 223
leaf_count=19253 131 127 326 82 53 223
internal_value=8.29208e-05 -0.0063094 -0.000579019 -0.025344 0.0187838 -0.00708484
internal_weight=20195 942 729 213 180 549
internal_count=20195 942 729 213 180 549
is_linear=0
shrinkage=0.05


Tree=437
num_leaves=7
num_cat=0
split_feature=35 20 22 12 31 23
split_gain=9.92331 27.7596 24.892 24.5831 23.1581 16.5166
threshold=-0.80302551388740528 0.12500000372529033 0.27500000596046453 0.03697637282311917 54.330081939697273 0.017830016091465953
decision_type=2 2 2 2 2 2
left_child=1 -1 -3 4 5 -4
right_child=-2 2 3 -5 -6 -7
leaf_value=0.00021695295018880046 6.8535555834589075e-06 0.00060588690727767566 -0.00013128480531062977 -0.00040867107849596579 0.00020226955695918015 0.00023163737092739148
leaf_weight=250 18872 62 699 101 128 65
leaf_count=250 18872 62 699 101 128 65
internal_value=8.79497e-05 -0.00391221 -0.00747642 -0.00944389 -0.00666109 -0.00998049
internal_weight=20177 1305 1055 993 892 764
internal_count=20177 1305 1055 993 892 764
is_linear=0
shrinkage=0.05


Tree=438
num_leaves=7
num_cat=0
split_feature=35 47 54 46 39 7
split_gain=10.3615 31.5019 30.2144 26.4148 27.7918 26.993
threshold=-0.80302551388740528 1.0207899808883669 0.035980319604277618 0.84462159872055065 0.030350744724273685 0.21883936971426013
decision_type=2 2 8 2 2 2
left_child=1 2 3 -1 -5 -6
right_child=-2 -3 -4 4 5 -7
leaf_value=-0.0001683250252859867 -1.5443153879657681e-06 -0.00019578849044750511 -0.00023799872231034864 0.00021597212440883034 0.0001936028863956695 -0.00027751495262293835
leaf_weight=61 18960 499 206 403 80 78
leaf_count=61 18960 499 206 403 80 78
internal_value=2.83363e-05 -0.00467342 0.00129052 0.00681818 0.0102915 -0.00720859
internal_weight=20287 1327 828 622 561 158
internal_count=20287 1327 828 622 561 158
is_linear=0
shrinkage=0.05


Tree=439
num_leaves=7
num_cat=0
split_feature=35 26 41 35 47 24
split_gain=11.0868 27.9589 24.5153 26.337 38.9509 26.0214
threshold=-0.80302551388740528 0.070418581366539015 0.088193416595458998 -0.86695316433906544 0.88813957571983349 0.014301963150501253
decision_type=2 2 2 2 2 2
left_child=1 2 3 -1 -5 -6
right_child=-2 -3 -4 4 5 -7
leaf_value=-7.1899006661815641e-05 4.8347434713578954e-06 -0.00043169925500107675 -0.00013465701265648775 0.00058789752693935065 0.00014813361242714602 -0.00022703046233924211
leaf_weight=285 18995 111 429 108 300 82
leaf_count=285 18995 111 429 108 300 82
internal_value=7.26064e-05 -0.00433712 -0.00204715 0.00323718 0.0102525 0.00251938
internal_weight=20310 1315 1204 775 490 382
internal_count=20310 1315 1204 775 490 382
is_linear=0
shrinkage=0.05


Tree=440
num_leaves=7
num_cat=0
split_feature=48 22 35 43 40 47
split_gain=9.30699 22.6143 42.0248 55.3439 38.7598 36.8797
threshold=-0.12946787476539609 0.77500000596046459 -0.39947687089443201 0.091773476451635375 0.096668764948844924 1.0416624546051028
decision_type=2 2 2 2 2 2
left_child=1 4 -3 -4 -1 -5
right_child=-2 2 3 5 -6 -7
leaf_value=-5.5627487336683748e-06 1.7207597120689523e-05 -8.2263207469917502e-05 -9.9737109863091115e-05 0.00064013151078774093 -0.00019229464284915539 0.00010612369958115749
leaf_weight=6210 9549 908 631 487 1701 732
leaf_count=6210 9549 908 631 487 1701 732
internal_value=1.85432e-05 -0.00100478 0.00288636 0.00721024 -0.00236546 0.0134191
internal_weight=20218 10669 2758 1850 7911 1219
internal_count=20218 10669 2758 1850 7911 1219
is_linear=0
shrinkage=0.05


Tree=441
num_leaves=7
num_cat=0
split_feature=12 2 21 53 36 3
split_gain=10.1219 23.0143 40.7157 34.3759 33.6746 39.9683
threshold=0.01105716545134783 0.007966666482388975 0.32500000298023229 0.15443865954875949 -0.69616258144378651 0.0072677822317928084
decision_type=2 2 2 10 2 2
left_child=-1 2 4 -3 5 -2
right_child=1 3 -4 -5 -6 -7
leaf_value=1.0839961210109759e-05 0.00029585980116186443 9.4059201364760073e-05 -0.00012004092169171767 -6.2794459908641033e-05 -2.5752267838847957e-05 -0.00027845016218559993
leaf_weight=11955 317 2243 2043 2110 1584 50
leaf_count=11955 317 2243 2043 2110 1584 50
internal_value=-1.84665e-05 -0.00137991 -0.00411978 0.00113011 0.00103528 0.0145833
internal_weight=20302 8347 3994 4353 1951 367
internal_count=20302 8347 3994 4353 1951 367
is_linear=0
shrinkage=0.05


Tree=442
num_leaves=7
num_cat=0
split_feature=41 40 15 53 12 51
split_gain=12.0088 36.3322 31.5609 33.3869 26.2234 33.8562
threshold=0.069088272750377669 0.070878915488719954 0.27500000596046453 0.067940145730972304 -0.01129696052521467 -0.054667796939611428
decision_type=2 2 2 8 2 8
left_child=1 2 3 -1 5 -4
right_child=-2 -3 4 -5 -6 -7
leaf_value=0.00026235677077529411 1.2526992919366182e-05 -0.00015629464426317993 -0.00034492802576805483 -0.00014762355146312456 -2.8678843739174748e-06 0.00013915706981309801
leaf_weight=163 15434 633 55 612 2996 478
leaf_count=163 15434 633 55 612 2996 478
internal_value=0.000121466 -0.002069 -0.000411929 -0.00951923 0.00159168 0.0117565
internal_weight=20371 4937 4304 775 3529 533
internal_count=20371 4937 4304 775 3529 533
is_linear=0
shrinkage=0.05


Tree=443
num_leaves=7
num_cat=0
split_feature=41 50 22 53 45 27
split_gain=10.0462 12.5192 26.663 22.8407 42.4874 33.3152
threshold=0.036923447623848922 -0.41813011467456812 0.075000001117587103 0.17912175506353381 0.050991907715797431 0.025536981411278251
decision_type=2 2 2 10 2 2
left_child=-1 2 -2 -3 -5 -6
right_child=1 3 -4 4 5 -7
leaf_value=-2.7606733060533723e-05 0.00015398224783452611 1.0685087324421687e-05 1.2883403153533986e-05 -0.00044276799063128268 -0.00011836754088456497 3.9663113877210555e-05
leaf_weight=332 280 8406 7540 71 2231 1440
leaf_count=332 280 8406 7540 71 2231 1440
internal_value=5.29426e-05 0.000173985 0.00173482 -0.000829013 -0.00407659 -0.00329842
internal_weight=20300 19968 7820 12148 3742 3671
internal_count=20300 19968 7820 12148 3742 3671
is_linear=0
shrinkage=0.05


Tree=444
num_leaves=7
num_cat=0
split_feature=12 24 44 2 43 47
split_gain=12.7561 30.473 28.3116 50.8513 39.5982 31.9296
threshold=0.01105716545134783 0.014301963150501253 0.12588611245155337 0.0087474221363663691 0.08013054728507997 1.1760763525962832
decision_type=2 2 2 2 2 2
left_child=1 -1 4 -4 5 -2
right_child=2 -3 3 -5 -6 -7
leaf_value=2.3064439545277503e-06 -6.6596848507289669e-05 0.00011003505441345794 -0.00053812156880989179 -5.8634689886096114e-05 6.0292715805559775e-05 0.00034336625524628473
leaf_weight=10380 3593 1442 199 910 3612 84
leaf_count=10380 3593 1442 199 910 3612 84
internal_value=4.32633e-05 0.00106325 -0.00148459 -0.00890934 -0.000346175 -0.00399919
internal_weight=20220 11822 8398 1109 7289 3677
internal_count=20220 11822 8398 1109 7289 3677
is_linear=0
shrinkage=0.05


Tree=445
num_leaves=7
num_cat=0
split_feature=10 44 1 44 21 13
split_gain=11.1126 29.5581 26.6178 40.5316 33.5296 22.4394
threshold=0.09872718527913095 0.12588611245155337 -0.041632246226072304 0.080570649355649962 0.47499999403953558 -0.025179110467433926
decision_type=2 2 2 2 2 2
left_child=-1 2 3 -2 -5 -6
right_child=1 -3 -4 4 5 -7
leaf_value=-9.0854261954794686e-06 -0.0002436384276817567 -0.00038815148189558403 0.00014567309885251821 0.000569171182914003 0.00027198853308075144 -0.00010222036849529426
leaf_weight=17908 202 191 1188 156 83 411
leaf_count=17908 202 191 1188 156 83 411
internal_value=9.80441e-05 0.00309705 0.00487775 -0.00183781 0.00423664 -0.00215431
internal_weight=20139 2231 2040 852 650 494
internal_count=20139 2231 2040 852 650 494
is_linear=0
shrinkage=0.05


Tree=446
num_leaves=7
num_cat=0
split_feature=35 36 42 48 1 15
split_gain=13.1506 32.9325 41.8594 22.6831 19.6258 19.0485
threshold=0.72861048579216015 0.82619252800941478 0.074685174971818938 1.667059123516083 0.0072722993791103372 0.77500000596046459
decision_type=2 2 2 2 2 2
left_child=-1 2 -2 5 -4 -3
right_child=1 3 4 -5 -6 -7
leaf_value=7.6560047643611003e-06 0.00010913489171724544 -2.24684373599023e-06 -0.0002911539478916894 -0.00065318267079716942 -0.00058715845796707827 0.00035771531119081589
leaf_weight=19125 137 507 254 58 141 181
leaf_count=19125 137 507 254 58 141 181
internal_value=0.000126176 -0.00465705 -0.0141061 0.0020972 -0.0223125 0.00472583
internal_weight=20403 1278 532 746 395 688
internal_count=20403 1278 532 746 395 688
is_linear=0
shrinkage=0.05


Tree=447
num_leaves=7
num_cat=0
split_feature=7 45 42 3 52 24
split_gain=10.148 25.1396 44.0669 29.0421 26.1159 25.428
threshold=0.66027316451072704 0.11899301037192346 0.10942812263965608 0.010767393279820682 0.0015663374215364458 0.080044765025377287
decision_type=2 2 2 2 8 2
left_child=1 2 3 -1 -3 -4
right_child=-2 4 5 -5 -6 -7
leaf_value=1.5573309978740093e-05 -2.2069480945659161e-05 7.1600489538919702e-05 -0.00013027497640115437 -0.00033315095278375786 0.00044940608628433467 -0.00052468597113656125
leaf_weight=9012 7648 2111 947 202 217 121
leaf_count=9012 7648 2111 947 202 217 121
internal_value=8.75981e-05 0.000703528 -0.000357247 0.00075659 0.00539006 -0.00994874
internal_weight=20258 12610 10282 9214 2328 1068
internal_count=20258 12610 10282 9214 2328 1068
is_linear=0
shrinkage=0.05


Tree=448
num_leaves=7
num_cat=0
split_feature=33 46 44 40 46 40
split_gain=13.6436 30.3354 21.9906 18.9891 14.8666 28.052
threshold=-0.2487373277544975 0.87460336089134227 0.069141812622547164 0.12096252664923669 1.4191645979881289 0.14102806895971301
decision_type=2 2 2 2 2 2
left_child=1 2 -1 -4 5 -3
right_child=-2 4 3 -5 -6 -7
leaf_value=-8.5642767066448504e-05 -7.2865875117256522e-06 1.7122972205346105e-05 0.00021871185746561957 -0.00021559148828651561 0.00037217918016455866 -0.000302654319421704
leaf_weight=69 16621 2683 574 68 125 181
leaf_count=69 16621 2683 574 68 125 181
internal_value=-3.68986e-06 0.00280027 0.0120461 0.0149536 0.000576152 -0.000165563
internal_weight=20321 3700 711 642 2989 2864
internal_count=20321 3700 711 642 2989 2864
is_linear=0
shrinkage=0.05


Tree=449
num_leaves=7
num_cat=0
split_feature=10 32 22 22 55 40
split_gain=9.0166 27.9812 19.2238 10.8343 37.354 36.8294
threshold=-0.1871228218078613 -0.76315492391586293 0.97499999403953563 0.67499998211860668 33.674711227416999 0.076080951839685454
decision_type=2 2 2 2 8 2
left_child=1 2 -1 4 5 -2
right_child=3 -3 -4 -5 -6 -7
leaf_value=0.00064000904061919635 0.00013577559160594328 -0.00048581403141814803 -0.00047951211415483784 2.6654422532137059e-05 9.9820572381194772e-07 -0.00037437346718184952
leaf_weight=96 237 167 74 6809 12325 577
leaf_count=96 237 167 74 6809 12325 577
internal_value=0.000151552 -0.00796784 0.00614286 0.000219265 -0.000618153 -0.0109585
internal_weight=20285 337 170 19948 13139 814
internal_count=20285 337 170 19948 13139 814
is_linear=0
shrinkage=0.05


Tree=450
num_leaves=7
num_cat=0
split_feature=19 7 55 13 4 52
split_gain=10.3101 23.0899 23.7902 17.8744 28.5695 21.3128
threshold=0.17500000447034839 0.10126058012247087 56519.847656250007 -0.015974367037415501 1.0000000180025095e-35 -0.0095225977711379511
decision_type=2 2 8 2 2 8
left_child=1 -1 -3 4 -2 -6
right_child=3 2 -4 -5 5 -7
leaf_value=6.4618172785085627e-06 9.3891453799309449e-05 -0.00027407364386324468 -2.0536317657892972e-05 -8.1280944686461531e-06 -0.00048803848374529175 -2.0527859203398752e-06
leaf_weight=1826 2511 504 691 14223 148 372
leaf_count=1826 2511 504 691 14223 148 372
internal_value=7.76627e-05 -0.00304858 -0.0084375 0.000114433 0.00359848 -0.007
internal_weight=20275 3021 1195 17254 3031 520
internal_count=20275 3021 1195 17254 3031 520
is_linear=0
shrinkage=0.05


Tree=451
num_leaves=7
num_cat=0
split_feature=52 47 24 47 36 40
split_gain=8.29784 32.0472 67.9807 34.7205 50.2645 35.9229
threshold=-0.030628061853349205 0.83107507228851329 0.025937802158296112 1.1325542330741885 0.39162825047969824 0.095128286629915251
decision_type=8 2 2 2 2 2
left_child=1 2 -1 4 5 -3
right_child=-2 3 -4 -5 -6 -7
leaf_value=0.00084193317651133051 5.2326272198208963e-06 -8.7682465155561643e-05 -0.00019280549238318299 3.6185290471571451e-05 0.0006100951765306002 -0.00060856801022000678
leaf_weight=232 17863 485 202 903 108 481
leaf_count=232 17863 485 202 903 108 481
internal_value=3.82169e-05 -0.00270075 0.00951025 -0.0054112 -0.011469 -0.0151133
internal_weight=20274 2411 434 1977 1074 966
internal_count=20274 2411 434 1977 1074 966
is_linear=0
shrinkage=0.05


Tree=452
num_leaves=7
num_cat=0
split_feature=44 3 26 2 38 15
split_gain=9.35611 24.6512 18.4713 25.6626 34.057 18.6859
threshold=0.062140231952071197 0.0043785786256194123 0.0089720380492508429 0.0041636473033577212 -0.0012743426486849783 0.77500000596046459
decision_type=2 2 2 2 2 2
left_child=2 -2 -1 4 -4 -5
right_child=1 -3 3 5 -6 -7
leaf_value=-4.872223853620841e-05 0.00050334235185340952 2.0192586592097935e-06 0.00031637224646578657 0.00029536125314391149 -0.00043102798663202424 -1.9511187092777953e-05
leaf_weight=851 89 18810 53 188 80 126
leaf_count=851 89 18810 53 188 80 126
internal_value=0.000112613 0.000255237 -0.0041251 0.00403761 -0.0139493 0.0118339
internal_weight=20197 18899 1298 447 133 314
internal_count=20197 18899 1298 447 133 314
is_linear=0
shrinkage=0.05


Tree=453
num_leaves=7
num_cat=0
split_feature=42 45 35 35 43 3
split_gain=10.7802 47.9772 30.7812 57.0932 39.9145 38.6082
threshold=0.11213172599673273 0.11013451963663103 0.20882903039455417 -0.2518093734979629 0.099990535527467742 0.013298945035785438
decision_type=2 2 2 2 2 2
left_child=1 -1 3 -2 -4 -5
right_child=2 -3 4 5 -6 -7
leaf_value=2.0625733155379534e-06 -3.9698519024760316e-05 -0.00024343044231829662 -0.00037979578060989009 0.00033051810826611691 1.2613969749837584e-05 -7.5637797161221454e-05
leaf_weight=14421 1697 898 315 1630 780 493
leaf_count=14421 1697 898 315 1630 780 493
internal_value=4.81743e-05 -0.000530214 0.00215955 0.00428105 -0.00520455 0.00973919
internal_weight=20234 15319 4915 3820 1095 2123
internal_count=20234 15319 4915 3820 1095 2123
is_linear=0
shrinkage=0.05


Tree=454
num_leaves=7
num_cat=0
split_feature=38 50 28 50 28 10
split_gain=12.3493 35.1328 42.3239 23.8346 35.6685 22.8921
threshold=0.015485997777432205 1.6079391837120058 0.0067076676059514293 -0.41813011467456812 -0.006578669184818863 0.09277666732668878
decision_type=2 2 2 2 2 2
left_child=3 2 -2 -1 5 -5
right_child=1 -3 -4 4 -6 -7
leaf_value=3.781153052040834e-05 -1.3572465396737444e-05 0.00017175528227454767 -0.00020598518574890346 -0.00014337046500560765 7.6869354947201655e-06 0.00010280082524853421
leaf_weight=5775 3614 579 1215 1759 7068 282
leaf_count=5775 3614 579 1215 1759 7068 282
internal_value=7.26708e-05 -0.00228616 -0.00368742 0.000502048 -0.00108898 -0.00690371
internal_weight=20292 5408 4829 14884 9109 2041
internal_count=20292 5408 4829 14884 9109 2041
is_linear=0
shrinkage=0.05


Tree=455
num_leaves=7
num_cat=0
split_feature=44 3 45 43 42 36
split_gain=10.839 25.1362 18.4818 20.0331 28.1147 30.1371
threshold=0.062140231952071197 0.0043785786256194123 0.077039137482643141 0.051238007843494422 0.043777532875537879 -0.35556508600711817
decision_type=2 2 2 2 2 2
left_child=2 -2 3 4 5 -1
right_child=1 -3 -4 -5 -6 -7
leaf_value=0.00021722408332262153 0.00050073156055147061 1.7440114768277641e-06 -0.00067492442183978243 3.3101173703300577e-05 -0.00013833188280449222 -2.0459315609062676e-05
leaf_weight=103 87 18936 51 456 483 207
leaf_count=103 87 18936 51 456 483 207
internal_value=7.256e-05 0.000285106 -0.00442529 -0.00312998 -0.00792607 0.00373016
internal_weight=20323 19023 1300 1249 793 310
internal_count=20323 19023 1300 1249 793 310
is_linear=0
shrinkage=0.05


Tree=456
num_leaves=7
num_cat=0
split_feature=4 38 23 29 45 22
split_gain=8.23239 16.4988 10.0251 27.0107 26.2532 34.3969
threshold=1.2228182554244997 0.013624060899019243 0.0065768130589276561 -0.041549384593963616 0.1294008940458298 0.92499998211860668
decision_type=2 2 2 2 2 2
left_child=2 -2 4 -4 -1 -6
right_child=1 -3 3 -5 5 -7
leaf_value=-5.3345506064923797e-06 0.0001802510642608589 -0.00015254946021473669 -0.00019012853485592362 -1.1783436884849063e-05 0.0002120428739306529 -0.00011862190574116168
leaf_weight=11859 243 90 658 5848 1104 540
leaf_count=11859 243 90 658 5848 1104 540
internal_value=9.70659e-05 0.00747041 -0.000395973 -0.00200814 0.000379405 0.00629169
internal_weight=20342 333 20009 6506 13503 1644
internal_count=20342 333 20009 6506 13503 1644
is_linear=0
shrinkage=0.05


Tree=457
num_leaves=7
num_cat=0
split_feature=31 48 23 48 41 2
split_gain=10.947 27.1455 28.8664 22.0411 18.2501 18.2247
threshold=63.048265457153327 0.59295833110809337 0.0045251718256622562 2.1415802240371709 0.1049240715801716 0.0097455848008394259
decision_type=2 2 2 2 2 2
left_child=-1 -2 3 -3 5 -4
right_child=1 2 4 -5 -6 -7
leaf_value=2.3693764228733227e-06 -0.00037328905378042451 0.00035541891852395723 -0.00011782868424461946 -5.9444375346128001e-05 -0.0004286155069811157 0.00018577720382405703
leaf_weight=19295 208 127 322 85 75 130
leaf_count=19295 208 127 322 85 75 130
internal_value=9.75453e-05 -0.00527836 -0.000705645 0.0146313 -0.00700188 -0.00300875
internal_weight=20242 947 739 212 527 452
internal_count=20242 947 739 212 527 452
is_linear=0
shrinkage=0.05


Tree=458
num_leaves=7
num_cat=0
split_feature=56 56 35 47 51 0
split_gain=9.70145 30.9001 17.0839 13.8428 13.7927 13.42
threshold=1.5868633518323353e-08 9.6904000379538518e-09 0.068176250904798522 0.82398340106010448 -0.0059558758512139312 -0.012000879272818564
decision_type=8 8 2 2 8 2
left_child=1 2 3 -1 -4 -3
right_child=-2 5 4 -5 -6 -7
leaf_value=0.0003656200938954694 -1.1162142153027696e-05 2.6179441967871116e-05 -0.00032526588881926291 5.44356178790856e-06 -4.5763603112071226e-05 0.00022494735905980164
leaf_weight=134 17366 424 218 1005 565 677
leaf_count=134 17366 424 218 1005 565 677
internal_value=7.23252e-05 0.00222094 -0.00159574 0.00229458 -0.00726523 0.00888336
internal_weight=20389 3023 1922 1139 783 1101
internal_count=20389 3023 1922 1139 783 1101
is_linear=0
shrinkage=0.05


Tree=459
num_leaves=7
num_cat=0
split_feature=33 46 2 44 51 40
split_gain=10.623 23.5783 24.5109 33.7177 18.532 16.7328
threshold=0.36787457764148718 0.79134246706962597 0.01159470994025469 0.11830499768257143 0.15275342762470248 0.11760210990905763
decision_type=2 2 2 2 8 2
left_child=-1 4 3 5 -2 -3
right_child=1 2 -4 -5 -6 -7
leaf_value=5.8229984047783942e-07 -0.00053660984165582128 -2.9206575748816899e-05 0.0002809750089021152 -0.00022425800855412393 -1.9145392614815761e-05 0.00054489092383904381
leaf_weight=18335 86 1293 171 233 62 74
leaf_count=18335 86 1293 171 233 62 74
internal_value=7.28071e-05 -0.00385915 -0.00221002 -0.00415888 -0.0227124 -0.00111152
internal_weight=20254 1919 1771 1600 148 1367
internal_count=20254 1919 1771 1600 148 1367
is_linear=0
shrinkage=0.05


Tree=460
num_leaves=7
num_cat=0
split_feature=44 44 54 35 35 15
split_gain=11.0917 29.9137 26.3729 24.0143 23.0277 19.5479
threshold=0.066370893269777312 0.070928644388914122 -0.013516935519874094 -0.72604325413703907 0.1916296184062958 0.52500000596046459
decision_type=2 2 10 2 2 2
left_child=-1 2 3 -2 -5 -6
right_child=1 -3 -4 4 5 -7
leaf_value=-2.1874309840372069e-05 -0.00019028122414832855 1.4510852832917889e-06 9.3203155952126259e-06 0.000377960195610062 -0.00021693369833536468 0.00052682650037465619
leaf_weight=1950 54 17372 492 220 59 163
leaf_count=1950 54 17372 492 220 59 163
internal_value=0.000136599 0.000597604 0.00903827 0.0171158 0.0209732 0.00914097
internal_weight=20310 18360 988 496 442 222
internal_count=20310 18360 988 496 442 222
is_linear=0
shrinkage=0.05


Tree=461
num_leaves=7
num_cat=0
split_feature=26 36 10 44 51 18
split_gain=8.09808 46.5774 17.8589 29.1807 22.3998 21.1623
threshold=0.18736599385738376 0.5961117446422578 0.15562789887189868 0.080570649355649962 0.031211306340992454 0.67499998211860668
decision_type=2 2 2 2 10 2
left_child=2 -2 -1 -4 5 -5
right_child=1 -3 3 4 -6 -7
leaf_value=-3.3594277329457434e-06 -0.00035472859119387782 0.00037159246445875462 -0.00016620999484478455 -6.6171988221932685e-06 -6.8964081988548992e-05 0.00055049580667342914
leaf_weight=19607 217 95 60 59 74 167
leaf_count=19607 217 95 60 59 74 167
internal_value=7.76474e-05 -0.00812303 -6.63429e-05 0.0108904 0.0172951 0.025
internal_weight=20279 312 19967 360 300 226
internal_count=20279 312 19967 360 300 226
is_linear=0
shrinkage=0.05


Tree=462
num_leaves=7
num_cat=0
split_feature=27 42 4 49 55 53
split_gain=10.149 21.3074 33.4381 24.28 19.963 22.3985
threshold=-0.061310915276408189 0.1455260440707207 -0.38849553465843195 -0.95077905058860768 27704.187500000004 0.12553188204765323
decision_type=2 2 2 2 10 10
left_child=1 2 4 -3 -1 -6
right_child=-2 3 -4 -5 5 -7
leaf_value=0.00029891017059871771 -9.6685808510183295e-07 1.9251844526615607e-05 -0.00033067475901054304 0.00055802486394000651 -0.00058196411587778656 0.00033801459003963687
leaf_weight=354 19338 131 165 158 110 68
leaf_count=354 19338 131 165 158 110 68
internal_value=0.000136505 0.00512109 0.000320513 0.0164116 0.00647114 -0.00696721
internal_weight=20324 986 697 289 532 178
internal_count=20324 986 697 289 532 178
is_linear=0
shrinkage=0.05


Tree=463
num_leaves=7
num_cat=0
split_feature=38 50 11 51 45 12
split_gain=12.5617 31.6854 25.845 24.9952 33.6573 45.2774
threshold=0.016305989585816864 0.93252381682395946 0.014027000404894354 -0.020175145938992497 0.11899301037192346 -0.021926235407590863
decision_type=2 2 2 8 2 2
left_child=-1 2 3 4 -2 -6
right_child=1 -3 -4 -5 5 -7
leaf_value=7.5729777615253411e-06 -0.00033745067441414312 0.00012195053763093337 -0.00024023139393784438 -1.8082964462106454e-06 -5.7077693065452247e-05 0.00074983814412025616
leaf_weight=15227 898 1070 349 2477 204 78
leaf_count=15227 898 1070 349 2477 204 78
internal_value=0.000121873 -0.00233714 -0.0043817 -0.00311988 -0.00909283 0.00583624
internal_weight=20303 5076 4006 3657 1180 282
internal_count=20303 5076 4006 3657 1180 282
is_linear=0
shrinkage=0.05


Tree=464
num_leaves=7
num_cat=0
split_feature=56 4 32 43 39 54
split_gain=12.3588 17.4857 14.4813 15.3197 14.1439 13.3179
threshold=1.5868633518323353e-08 -1.0228957533836363 0.36521928012371069 0.16930104047060016 0.038028901442885406 -0.054620124399662011
decision_type=8 2 2 2 2 8
left_child=1 -1 3 -3 -4 -2
right_child=5 2 4 -5 -6 -7
leaf_value=-0.00011257915525138794 -6.1306318569441387e-05 9.9112993028347345e-05 2.1479907480068205e-05 0.00076593320208515883 -0.0003418342225641293 1.4057393427831376e-06
leaf_weight=200 2788 1949 672 69 131 14523
leaf_count=200 2788 1949 672 69 131 14523
internal_value=8.72793e-05 0.00298249 0.00400743 0.00626545 -0.00163985 -0.000480769
internal_weight=20332 3021 2821 2018 803 17311
internal_count=20332 3021 2821 2018 803 17311
is_linear=0
shrinkage=0.05


Tree=465
num_leaves=7
num_cat=0
split_feature=27 36 30 38 39 56
split_gain=10.8119 26.8193 11.6862 9.77891 14.7115 12.4487
threshold=0.081765942275524153 -0.20641902834177014 81.122997283935561 -0.033638870343565934 -0.034333245828747742 0.0053016308229416617
decision_type=2 2 2 2 2 10
left_child=3 -2 -3 4 -1 -5
right_child=1 2 -4 5 -6 -7
leaf_value=-0.00046659228778875425 0.00039056063918700999 -0.00031407212725148136 0.00012742705188592345 2.263853693695598e-06 4.1961315961104801e-05 -0.00015287459660428632
leaf_weight=160 62 206 53 19295 183 221
leaf_count=160 62 206 53 19295 183 221
internal_value=8.79366e-05 -0.00927914 -0.0163826 -9.6909e-05 -0.00840517 4.99462e-05
internal_weight=20180 321 259 19859 343 19516
internal_count=20180 321 259 19859 343 19516
is_linear=0
shrinkage=0.05


Tree=466
num_leaves=7
num_cat=0
split_feature=28 51 19 17 0 10
split_gain=10.1249 23.5737 18.3479 19.8839 16.0591 16.6448
threshold=0.012464700266718866 -1.1790256500244138 0.27500000596046453 0.52500000596046459 -0.060758793726563447 0.019779819995164875
decision_type=2 8 2 2 2 2
left_child=-1 -2 3 -3 -4 -6
right_child=1 2 4 -5 5 -7
leaf_value=7.6393250769045352e-06 -0.0003725791895285201 -0.00057763120476527592 -0.00021204335928361542 0.00020410261159716121 -3.5403961884465802e-05 0.0001049642800608354
leaf_weight=17507 162 115 150 53 1551 866
leaf_count=17507 162 115 150 53 1551 866
internal_value=0.00012617 -0.00255858 -0.00143248 -0.0171965 -0.000359642 0.000629645
internal_weight=20404 2897 2735 168 2567 2417
internal_count=20404 2897 2735 168 2567 2417
is_linear=0
shrinkage=0.05


Tree=467
num_leaves=7
num_cat=0
split_feature=6 26 29 22 35 53
split_gain=7.9269 21.2208 16.2408 15.5167 12.1329 11.0482
threshold=0.99996218085289013 0.096606846898794188 0.047002037987113006 0.42499999701976782 -0.052284980192780488 -1.0000000180025095e-35
decision_type=2 2 2 2 2 8
left_child=-1 3 -3 5 -5 -2
right_child=1 2 -4 4 -6 -7
leaf_value=2.6406618084336406e-06 -0.00032615702686606307 0.00029552517752570208 -1.3756903683606517e-05 -3.5862483821690377e-05 -0.00026151832387526236 8.6499867283636902e-05
leaf_weight=19395 67 93 193 105 171 190
leaf_count=19395 67 93 193 105 171 190
internal_value=5.31678e-05 -0.00476335 0.00609966 -0.0106413 -0.0187722 -0.00162214
internal_weight=20214 819 286 533 276 257
internal_count=20214 819 286 533 276 257
is_linear=0
shrinkage=0.05


Tree=468
num_leaves=7
num_cat=0
split_feature=26 35 21 48 22 35
split_gain=10.7724 34.3511 12.7081 10.4197 22.4564 46.8411
threshold=0.18736599385738376 0.43537886440753942 0.82500001788139354 -0.12946787476539609 0.77500000596046459 0.43537886440753942
decision_type=2 2 2 2 2 2
left_child=3 2 -2 4 -1 -6
right_child=1 -3 -4 -5 5 -7
leaf_value=-2.9711370754474275e-05 -0.00042075592678283524 0.00026023005044610147 -4.102073593081944e-06 1.9785081456604294e-05 3.0322319350523617e-05 0.0011496602117310598
leaf_weight=7856 170 78 78 9489 2586 96
leaf_count=7856 170 78 78 9489 2586 96
internal_value=5.77169e-05 -0.00898792 -0.018083 0.00010608 -0.00097458 0.00296799
internal_weight=20353 326 248 20027 10538 2682
internal_count=20353 326 248 20027 10538 2682
is_linear=0
shrinkage=0.05


Tree=469
num_leaves=7
num_cat=0
split_feature=36 9 1 36 45 30
split_gain=10.5645 18.5147 16.2295 8.88759 41.011 30.6727
threshold=-0.93701687455177296 -0.034790368750691407 -0.0016539771459065376 -0.89206424355506886 0.076200433075428023 35.327310562133796
decision_type=2 2 2 2 2 2
left_child=1 2 -1 4 -2 -6
right_child=3 -3 -4 -5 5 -7
leaf_value=-2.887137241025664e-05 0.00039057594220371256 -4.5677039390705544e-05 0.0004963325070784935 -6.7511759588190665e-07 9.537364246204504e-05 -0.00030805633212851422
leaf_weight=53 135 123 157 19285 127 389
leaf_count=53 135 123 157 19285 127 389
internal_value=4.31587e-05 0.00865385 0.0175581 -0.000259516 -0.00598323 -0.012428
internal_weight=20269 333 210 19936 651 516
internal_count=20269 333 210 19936 651 516
is_linear=0
shrinkage=0.05


Tree=470
num_leaves=7
num_cat=0
split_feature=34 55 52 17 41 10
split_gain=11.7832 15.5036 20.8222 14.6627 12.6933 11.8122
threshold=0.84840208292007457 487.28340148925787 0.0006985803192947061 0.92499998211860668 0.10330468416213991 0.09872718527913095
decision_type=2 10 8 2 2 2
left_child=5 3 -3 -2 -5 -1
right_child=1 2 -4 4 -6 -7
leaf_value=-1.8421935661473639e-06 -0.00037927864000401385 -5.1966056507103416e-05 0.00031726781138302379 1.0509460894845418e-05 -0.0002477749818787874 5.5741039543028093e-05
leaf_weight=17575 113 260 54 170 64 2105
leaf_count=17575 113 260 54 170 64 2105
internal_value=0.000170795 -0.00649399 0.00148903 -0.0137074 -0.00617155 0.000267971
internal_weight=20341 661 314 347 234 19680
internal_count=20341 661 314 347 234 19680
is_linear=0
shrinkage=0.05


Tree=471
num_leaves=7
num_cat=0
split_feature=56 42 23 39 29 51
split_gain=8.87628 9.61955 8.8508 25.1412 26.4352 22.7952
threshold=0.0053016308229416617 0.1148430183529854 -0.01930651348084211 0.054435037076473243 -0.067926146090030656 0.034916304051876075
decision_type=10 2 2 2 2 10
left_child=2 -2 3 4 -1 -6
right_child=1 -3 -4 -5 5 -7
leaf_value=0.00029641325722631114 -0.00030563041148964318 5.8904225111366807e-05 -4.313672050636729e-06 0.00037147863900383786 1.3123297489024603e-06 -0.0003867619166626709
leaf_weight=422 138 119 17396 378 1620 201
leaf_count=422 138 119 17396 378 1620 201
internal_value=0.000122047 -0.00925573 6.24313e-06 0.00271325 0.000678381 -0.00193045
internal_weight=20274 257 20017 2621 2243 1821
internal_count=20274 257 20017 2621 2243 1821
is_linear=0
shrinkage=0.05


Tree=472
num_leaves=7
num_cat=0
split_feature=36 39 10 22 46 46
split_gain=10.6565 26.2264 23.0439 28.7656 34.908 32.635
threshold=0.2242136746644974 -0.056566674262285226 -0.0092365602031350118 0.97499999403953563 0.70774742960929882 0.84462159872055065
decision_type=2 2 2 2 2 2
left_child=-1 -2 -3 4 -4 -6
right_child=1 2 3 -5 5 -7
leaf_value=1.1525787508642922e-05 0.00045433423103518759 -8.2970018223292856e-05 0.00027936336807005406 0.00042977833348404362 -0.00011173768319009802 2.3329075895360902e-06
leaf_weight=13259 146 2204 109 155 624 3902
leaf_count=13259 146 2204 109 155 624 3902
internal_value=7.71907e-05 -0.00156403 -0.002011 -5.73514e-05 -0.00078125 -0.00147318
internal_weight=20399 7140 6994 4790 4635 4526
internal_count=20399 7140 6994 4790 4635 4526
is_linear=0
shrinkage=0.05


Tree=473
num_leaves=7
num_cat=0
split_feature=50 25 54 51 22 1
split_gain=11.5919 22.9051 21.1586 14.8508 13.493 23.6169
threshold=-1.8963842988014219 -0.061568873003125184 0.022505039349198345 -0.59126442670822132 0.32500000298023229 -0.028093671426177021
decision_type=2 2 10 8 2 2
left_child=1 -1 4 -4 -3 -6
right_child=-2 2 3 -5 5 -7
leaf_value=0.00034486347519508965 1.8579594608976111e-06 -0.00016224982596093856 -8.5235465447464445e-05 -0.00045815115926618088 -8.5409763593626082e-05 0.00024016362161669979
leaf_weight=117 19258 243 77 109 255 201
leaf_count=117 19258 243 77 109 255 201
internal_value=3.70096e-06 -0.00533764 -0.00811798 -0.0229058 -0.00401278 0.00103037
internal_weight=20260 1002 885 186 699 456
internal_count=20260 1002 885 186 699 456
is_linear=0
shrinkage=0.05


Tree=474
num_leaves=7
num_cat=0
split_feature=37 10 43 53 24 47
split_gain=9.10507 19.4168 22.1798 30.8653 17.3146 18.0582
threshold=-0.0019314734381623564 0.012865217402577402 0.078091055154800429 0.042865220457315452 -0.014700940344482659 0.81588503718376171
decision_type=2 2 2 10 2 2
left_child=1 4 -3 -4 5 -1
right_child=-2 2 3 -5 -6 -7
leaf_value=0.00015664388549070348 -9.3934173760107159e-06 -2.1030326103142858e-05 0.00035214375501746637 5.0857957070426455e-05 -6.6181698346478093e-05 7.9364009985664596e-06
leaf_weight=186 14522 919 600 1002 1303 1669
leaf_count=186 14522 919 600 1002 1303 1669
internal_value=9.77432e-05 0.0015702 0.00483967 0.00838519 -0.00103541 0.00205645
internal_weight=20201 5679 2521 1602 3158 1855
internal_count=20201 5679 2521 1602 3158 1855
is_linear=0
shrinkage=0.05


Tree=475
num_leaves=7
num_cat=0
split_feature=13 46 52 55 46 6
split_gain=9.84844 19.9788 31.3754 29.9554 42.0396 32.6461
threshold=-0.014772789087146519 0.88123705983161937 -0.022709475830197331 72652.683593750015 1.2481155395507815 0.35678094625473028
decision_type=2 2 8 10 2 2
left_child=1 2 -1 5 -5 -3
right_child=-2 3 -4 4 -6 -7
leaf_value=-0.00014238238326417588 -1.0351568577935683e-05 -8.8305655175137805e-05 0.00017744692047266678 0.00015963870755357013 -0.0003044204153637496 0.00021826544834562171
leaf_weight=254 14881 2615 842 1140 157 389
leaf_count=254 14881 2615 842 1140 157 389
internal_value=4.80698e-05 0.00159663 0.00760672 5.22527e-05 0.00639401 -0.00268362
internal_weight=20278 5397 1096 4301 1297 3004
internal_count=20278 5397 1096 4301 1297 3004
is_linear=0
shrinkage=0.05


Tree=476
num_leaves=7
num_cat=0
split_feature=21 12 26 47 46 47
split_gain=9.4466 31.9361 39.7408 37.2907 34.4094 30.6674
threshold=0.57500001788139354 0.052382532507181175 0.096606846898794188 0.90162742137908947 0.91279092431068432 1.3181514143943789
decision_type=2 2 2 2 2 2
left_child=-1 -2 -3 -4 -5 -6
right_child=1 2 3 4 5 -7
leaf_value=-8.9335912505858484e-06 4.4083423762478658e-05 -0.00025703460565536614 -0.00025106893809560772 -0.00049217306119072278 0.00029142436399348551 -0.00034814305262988773
leaf_weight=11206 7879 441 254 110 413 63
leaf_count=11206 7879 441 254 110 413 63
internal_value=0.000136223 0.00137207 -0.00592924 0.000443787 0.00740271 0.0132536
internal_weight=20366 9160 1281 840 586 476
internal_count=20366 9160 1281 840 586 476
is_linear=0
shrinkage=0.05


Tree=477
num_leaves=7
num_cat=0
split_feature=23 45 22 36 42 0
split_gain=11.4622 18.6545 30.1314 36.517 22.4571 21.852
threshold=0.0065768130589276561 0.1294008940458298 0.92499998211860668 -0.38608480989933008 0.16625604033470157 0.018627406097948555
decision_type=2 2 2 2 2 2
left_child=1 -1 -3 5 -5 -4
right_child=-2 2 3 4 -6 -7
leaf_value=3.3008248336807888e-06 -2.0780452613960977e-05 0.00021182716137091329 -0.0011675537020289859 0.00036919728438715329 -0.0001758556783397928 -9.3484613284274684e-05
leaf_weight=11954 6773 1050 102 205 131 86
leaf_count=11954 6773 1050 102 205 131 86
internal_value=0.000136659 0.000892263 0.00600063 -0.00373346 0.00608504 -0.021114
internal_weight=20301 13528 1574 524 336 188
internal_count=20301 13528 1574 524 336 188
is_linear=0
shrinkage=0.05


Tree=478
num_leaves=7
num_cat=0
split_feature=52 47 44 11 22 32
split_gain=10.6831 24.6672 26.6187 30.6946 14.2766 21.5251
threshold=-0.10902585461735724 0.80564388632774364 0.098797749727964415 -0.010696453042328356 0.47499999403953558 -0.21029581874608991
decision_type=8 2 2 2 2 2
left_child=1 -1 4 -4 -3 -6
right_child=-2 2 3 -5 5 -7
leaf_value=0.00047587195317923525 -1.8786878767914142e-06 0.00051910864567829154 -0.00012040550963349773 -0.00073596877515689303 0.00013243606386647419 -0.00035848649515583808
leaf_weight=84 19505 75 205 148 149 152
leaf_count=84 19505 75 205 148 149 152
internal_value=4.30547e-05 -0.00602078 -0.00902589 -0.0187849 0.00019685 -0.00465686
internal_weight=20318 813 729 353 376 301
internal_count=20318 813 729 353 376 301
is_linear=0
shrinkage=0.05


Tree=479
num_leaves=7
num_cat=0
split_feature=51 6 35 12 21 2
split_gain=9.29062 53.4151 56.5912 30.7228 21.3482 19.2599
threshold=1.1397228240966799 0.51134711503982555 -0.12151798233389853 0.0092121604830026644 0.87500000000000011 0.007966666482388975
decision_type=10 2 2 2 2 2
left_child=-1 5 4 -4 -3 -2
right_child=1 2 3 -5 -6 -7
leaf_value=-3.0016763200264821e-06 -2.063804681561799e-05 -0.00077010872992515052 0.00032781400762209632 2.0052118979865809e-05 6.7969707060620312e-05 0.00062477972434629822
leaf_weight=18661 50 208 125 878 78 214
leaf_count=18661 50 208 125 878 78 214
internal_value=0.000117464 0.00380295 -0.000405719 0.00518353 -0.0198454 0.0240706
internal_weight=20214 1553 1289 1003 286 264
internal_count=20214 1553 1289 1003 286 264
is_linear=0
shrinkage=0.05


Tree=480
num_leaves=7
num_cat=0
split_feature=40 52 44 51 45 21
split_gain=10.3628 28.8665 25.7973 28.4332 27.2956 23.3377
threshold=0.06267066672444345 -0.00030375711503438646 0.10183589905500413 -0.054667796939611428 0.10191936790943147 0.77500000596046459
decision_type=2 8 2 8 2 2
left_child=1 -1 3 -3 -4 -5
right_child=-2 2 4 5 -6 -7
leaf_value=0.00016767382481649429 -1.3070196813788063e-05 -0.00032523684915436251 0.00011356938138395236 6.0030094849854187e-06 -0.00031860943902988696 -0.00024262031296555043
leaf_weight=722 15730 149 321 3192 59 172
leaf_count=722 15730 149 321 3192 59 172
internal_value=8.23096e-05 0.00182359 0.00010903 -0.00122939 0.0124026 -0.000259721
internal_weight=20345 4615 3893 3513 380 3364
internal_count=20345 4615 3893 3513 380 3364
is_linear=0
shrinkage=0.05


Tree=481
num_leaves=7
num_cat=0
split_feature=40 12 38 12 15 50
split_gain=9.7442 37.8746 26.7672 31.1929 26.6251 31.6038
threshold=0.06267066672444345 -0.038019893690943711 0.024167224764823917 -0.01129696052521467 0.27500000596046453 -1.8963842988014219
decision_type=2 2 2 2 2 2
left_child=1 -1 4 -4 -3 -6
right_child=-2 2 3 -5 5 -7
leaf_value=0.00026876640816549867 -9.2081146035196781e-06 -5.8686658190736228e-05 0.00010698934535542506 -0.00023907238060981618 -0.00019622538862329298 3.858217926093054e-05
leaf_weight=296 15749 624 65 276 142 3199
leaf_count=296 15749 624 65 276 142 3199
internal_value=0.000101936 0.00203495 0.000829274 -0.0125 0.00199622 0.00377316
internal_weight=20351 4602 4306 341 3965 3341
internal_count=20351 4602 4306 341 3965 3341
is_linear=0
shrinkage=0.05


Tree=482
num_leaves=7
num_cat=0
split_feature=41 41 16 52 51 6
split_gain=10.1392 33.0309 38.3611 30.9907 32.1589 31.3283
threshold=0.067690569907426848 0.059721976518630988 0.62500000000000011 0.00012050618897774258 0.038574418053030975 0.39263811707496649
decision_type=2 2 2 10 8 2
left_child=1 3 -3 -1 5 -5
right_child=-2 2 -4 4 -6 -7
leaf_value=2.3533817789291241e-05 7.7961952758149811e-06 -0.0001523627097043433 4.3079102537586595e-05 -3.4999455410348723e-05 7.0486491830227968e-05 -0.0005504479261145515
leaf_weight=2583 15674 1070 563 130 98 108
leaf_count=2583 15674 1070 563 130 98 108
internal_value=6.30221e-05 -0.00214505 -0.00782967 0.00103454 -0.0131232 -0.0229424
internal_weight=20226 4552 1633 2919 336 238
internal_count=20226 4552 1633 2919 336 238
is_linear=0
shrinkage=0.05


Tree=483
num_leaves=7
num_cat=0
split_feature=48 38 39 55 26 53
split_gain=9.33094 25.0732 28.8017 24.1181 36.1784 29.7624
threshold=-0.12946787476539609 0.018743066117167476 0.059389751404523856 116273.35156250001 0.054386163130402572 0.45006409287452703
decision_type=2 2 2 10 2 10
left_child=1 -1 -3 -2 5 -5
right_child=3 2 -4 4 -6 -7
leaf_value=4.2769135519288515e-06 3.856889241679991e-05 -0.0001442094174578515 6.5124653811548394e-05 3.1398383584263629e-05 -0.00024494734584226918 -0.00033800895206066955
leaf_weight=8475 7435 1718 517 1523 504 146
leaf_count=8475 7435 1718 517 1523 504 146
internal_value=0.000111942 -0.000930938 -0.00563616 0.0012145 -0.00340909 0.000134409
internal_weight=20318 10710 2235 9608 2173 1669
internal_count=20318 10710 2235 9608 2173 1669
is_linear=0
shrinkage=0.05


Tree=484
num_leaves=7
num_cat=0
split_feature=4 6 47 38 47 0
split_gain=6.83537 9.40485 28.0909 13.5 14.0926 10.9889
threshold=1.2228182554244997 0.99996218085289013 0.92250624299049389 -0.0057488435413688413 1.031269967556 -0.016638372093439099
decision_type=2 2 2 2 2 2
left_child=1 -1 -3 -4 -5 -6
right_child=-2 2 3 4 5 -7
leaf_value=5.970657665367151e-06 0.00010230405432140491 -0.00018866070588728978 -0.00013097892589218984 0.00030156257214002336 0.00043545105580136744 -0.00035079246626902247
leaf_weight=19160 313 385 76 94 81 61
leaf_count=19160 313 385 76 94 81 61
internal_value=0.00014746 0.000232857 -0.00544872 0.00559937 0.0115145 0.00119048
internal_weight=20170 19857 697 312 236 142
internal_count=20170 19857 697 312 236 142
is_linear=0
shrinkage=0.05


Tree=485
num_leaves=7
num_cat=0
split_feature=48 55 55 6 44 35
split_gain=9.16522 24.5548 32.2903 47.8008 25.6466 68.5533
threshold=-0.12946787476539609 116273.35156250001 149039.20312500003 0.7089362144470216 0.12588611245155337 0.15723563730716708
decision_type=2 10 8 2 2 2
left_child=-1 4 3 -3 -2 -6
right_child=1 2 -4 -5 5 -7
leaf_value=-1.0610844804131385e-05 6.6522851464648514e-05 8.2206503187926173e-05 -9.1231108627916342e-06 -0.00039731266620243456 5.6799916937622879e-05 -0.00029712849853783538
leaf_weight=10652 5865 198 1790 229 1140 434
leaf_count=10652 5865 198 1790 229 1140 434
internal_value=0.000102151 0.00131198 -0.00329658 -0.0155671 0.00269009 -0.00296073
internal_weight=20308 9656 2217 427 7439 1574
internal_count=20308 9656 2217 427 7439 1574
is_linear=0
shrinkage=0.05


Tree=486
num_leaves=7
num_cat=0
split_feature=41 42 44 7 36 53
split_gain=11.0502 28.8232 55.3598 32.4442 30.6154 30.2334
threshold=0.069088272750377669 0.072260688990354552 0.095630675554275527 0.71353775262832653 0.69950857758522045 0.09058213979005815
decision_type=2 2 2 2 2 10
left_child=1 -1 3 4 -3 -4
right_child=-2 2 5 -5 -6 -7
leaf_value=3.3073282846548702e-06 1.0602008744919456e-05 -0.00027001985344919205 0.00017496497579389398 -1.0101763780673247e-06 5.1865221158226551e-05 -0.00016505843684929932
leaf_weight=3548 15314 585 289 303 111 68
leaf_count=3548 15314 585 289 303 111 68
internal_value=8.28265e-05 -0.0019505 -0.0081374 -0.0141683 -0.0200785 0.0086326
internal_weight=20218 4904 1356 999 696 357
internal_count=20218 4904 1356 999 696 357
is_linear=0
shrinkage=0.05


Tree=487
num_leaves=7
num_cat=0
split_feature=42 40 3 44 38 3
split_gain=11.5445 34.1537 25.6702 20.8978 35.369 26.5251
threshold=0.067870318889617934 0.083926346153020873 0.0053742972668260345 0.078328505158424391 0.019660346210002903 0.0066979445982724437
decision_type=2 2 2 2 2 2
left_child=1 3 -2 5 -5 -1
right_child=2 -3 -4 4 -6 -7
leaf_value=1.226565222567878e-05 -0.00015977312848095427 0.00034254523401486465 -6.4822019667731828e-06 0.00094797805014782018 -0.00059679955042432522 -0.00027709074421738424
leaf_weight=2618 102 242 17028 97 55 236
leaf_count=2618 102 242 17028 97 55 236
internal_value=0.000121425 0.00266677 -0.000582142 0.00118731 0.018949 0.000201119
internal_weight=20378 3248 17130 3006 152 2854
internal_count=20378 3248 17130 3006 152 2854
is_linear=0
shrinkage=0.05


Tree=488
num_leaves=7
num_cat=0
split_feature=1 27 19 4 43 45
split_gain=9.64318 24.8089 10.2488 20.4277 26.4367 20.6108
threshold=0.10442483425140382 -0.017190244048833844 0.17500000447034839 -0.61559537053108204 0.082033019512891783 0.11664154753088952
decision_type=2 2 2 2 2 2
left_child=2 -2 3 5 -5 -1
right_child=1 -3 -4 4 -6 -7
leaf_value=-1.6883347665184027e-05 0.00030382883635595847 -0.00031464795776277662 9.0396569747918742e-06 8.5010473511798301e-06 -0.00023347014966471947 0.00029832743455534823
leaf_weight=1425 84 239 16813 560 726 293
leaf_count=1425 84 239 16813 560 726 293
internal_value=8.31472e-05 -0.00830793 0.000334225 -0.00235128 -0.00710689 0.00120429
internal_weight=20140 323 19817 3004 1286 1718
internal_count=20140 323 19817 3004 1286 1718
is_linear=0
shrinkage=0.05


Tree=489
num_leaves=7
num_cat=0
split_feature=4 53 55 9 31 39
split_gain=11.3927 12.4842 9.52807 25.8102 26.408 24.0067
threshold=1.2228182554244997 0.28828033804893499 56519.847656250007 -0.033571479842066758 36.205720901489265 -0.0016496193711645899
decision_type=2 8 10 2 2 2
left_child=2 -2 -1 4 -4 -5
right_child=1 -3 3 5 -6 -7
leaf_value=-8.6270078487418342e-06 -1.1519382682391043e-05 0.00039657817362383072 -0.00027440708506451587 5.8378413824770149e-05 0.00011375896269935028 -5.6342313174148165e-05
leaf_weight=12636 157 155 131 2192 2312 2689
leaf_count=12636 157 155 131 2192 2312 2689
internal_value=8.75376e-05 0.00970032 0.000144002 0.00157934 0.00577002 -0.000516783
internal_weight=20272 312 19960 7324 2443 4881
internal_count=20272 312 19960 7324 2443 4881
is_linear=0
shrinkage=0.05


Tree=490
num_leaves=7
num_cat=0
split_feature=4 38 6 47 15 52
split_gain=8.68289 13.5027 11.6231 19.9639 12.2644 16.4832
threshold=1.2228182554244997 0.016305989585816864 0.99996218085289013 0.91552451252937328 0.92499998211860668 3.2098783776746138e-05
decision_type=2 2 2 2 2 10
left_child=2 -2 -1 -4 5 -5
right_child=1 -3 3 4 -6 -7
leaf_value=2.9341053724090178e-06 0.00023280550145684506 -0.00014400215959291365 -0.00017429503269636936 -2.7897628523497727e-05 -0.00013409366030537538 0.00035439816717586009
leaf_weight=19221 246 72 369 135 122 88
leaf_count=19221 246 72 369 135 122 88
internal_value=0.000151792 0.00828173 1.62989e-05 -0.00622392 0.00235714 0.00932018
internal_weight=20253 318 19935 714 345 223
internal_count=20253 318 19935 714 345 223
is_linear=0
shrinkage=0.05


Tree=491
num_leaves=7
num_cat=0
split_feature=56 56 35 52 39 10
split_gain=10.6483 20.3614 17.4647 10.6891 29.1383 23.8253
threshold=1.5868633518323353e-08 9.6904000379538518e-09 0.068176250904798522 -0.0006978916935622691 -0.041568322107195847 0.0031963778892531995
decision_type=8 8 2 8 2 2
left_child=1 2 -1 4 -2 -6
right_child=3 -3 -4 -5 5 -7
leaf_value=6.2390387120326088e-05 -0.00033962138138800908 0.00011714695059779337 -9.1773341883994737e-05 1.4799373708532237e-06 -7.713156313129831e-05 8.2471543911837638e-05
leaf_weight=1141 283 1100 770 13060 2553 1375
leaf_count=1141 283 1100 770 13060 2553 1375
internal_value=6.28481e-05 0.00262765 -0.000482777 -0.000591862 -0.00278107 -0.00164633
internal_weight=20282 3011 1911 17271 4211 3928
internal_count=20282 3011 1911 17271 4211 3928
is_linear=0
shrinkage=0.05


Tree=492
num_leaves=7
num_cat=0
split_feature=4 5 57 35 8 35
split_gain=8.73996 30.2187 11.0857 10.7422 9.99064 21.9095
threshold=-1.0981860160827634 -0.76595747470855702 1.3088803370919779e-05 0.085496194660663619 0.088641844689846053 -0.46076498925685877
decision_type=2 2 8 2 2 2
left_child=1 -1 -3 -4 5 -2
right_child=4 2 3 -5 -6 -7
leaf_value=0.00040258904585731324 -5.7731133630443923e-05 -0.00014740502402935953 -0.00018104658820920213 0.00021643936171343196 2.7014814252377665e-06 8.7343490846506798e-05
leaf_weight=60 703 444 96 76 16990 1925
leaf_count=60 703 444 96 76 16990 1925
internal_value=0.000126854 -0.00510279 -0.00849436 0.00211864 0.000656118 0.0035226
internal_weight=20294 676 616 172 19618 2628
internal_count=20294 676 616 172 19618 2628
is_linear=0
shrinkage=0.05


Tree=493
num_leaves=7
num_cat=0
split_feature=53 45 47 22 54 51
split_gain=10.6287 29.7467 22.1956 22.1988 19.0951 11.8807
threshold=-1.7379080653190611 0.13375315815210345 1.2801904082298281 0.57500001788139354 -0.013516935519874094 -0.025666608475148674
decision_type=8 2 2 2 8 8
left_child=1 2 3 -1 -4 -6
right_child=-2 -3 4 -5 5 -7
leaf_value=0.0005909193490071362 -1.293726862565143e-06 0.0011243034049548534 0.00019648495312812138 -0.00039381132121907108 -0.0001234327969914094 -0.00060576940877032936
leaf_weight=111 19716 122 59 61 117 66
leaf_count=111 19716 122 59 61 117 66
internal_value=0.00012218 0.00697782 0.000417661 0.0139831 -0.00921053 -0.0171543
internal_weight=20252 536 414 172 242 183
internal_count=20252 536 414 172 242 183
is_linear=0
shrinkage=0.05


Tree=494
num_leaves=7
num_cat=0
split_feature=25 6 46 31 4 27
split_gain=11.3416 22.1597 20.4873 19.976 17.2453 17.1657
threshold=-0.043037148192524903 0.2623980194330216 1.4191645979881289 38.378038406372077 -0.61559537053108204 -0.031730376183986657
decision_type=2 2 2 2 2 2
left_child=1 2 4 -4 -1 -3
right_child=-2 5 3 -5 -6 -7
leaf_value=-9.6252177069607999e-05 5.6310294533444002e-06 0.00051121282095128637 0.00054522290014709417 -0.00014435590400788397 -0.00051493433933920408 -9.3459783860310469e-05
leaf_weight=446 19255 115 60 84 194 89
leaf_count=446 19255 115 60 84 194 89
internal_value=9.26017e-05 -0.00501007 -0.0088403 0.00788591 -0.0126744 0.00944976
internal_weight=20243 988 784 144 640 204
internal_count=20243 988 784 144 640 204
is_linear=0
shrinkage=0.05


Tree=495
num_leaves=7
num_cat=0
split_feature=52 29 36 49 4 47
split_gain=10.0953 22.3633 20.353 23.2816 22.1327 18.4091
threshold=0.06141286529600621 0.065812896937131896 -0.20641902834177014 -0.67177012562751759 0.28950068354606634 0.99349698424339306
decision_type=10 2 2 2 2 2
left_child=-1 2 4 -4 5 -2
right_child=1 -3 3 -5 -6 -7
leaf_value=-1.941675216981728e-06 -9.9315553563723066e-05 -0.00022959425074743609 -5.9110426757048233e-05 0.00044446504301679326 -0.00032475457788246141 0.00047718999980744684
leaf_weight=19372 55 125 75 314 135 66
leaf_count=19372 55 125 75 314 135 66
internal_value=0.000122847 0.00564516 0.00942308 0.0165609 -0.00143678 0.0136905
internal_weight=20142 770 645 389 256 121
internal_count=20142 770 645 389 256 121
is_linear=0
shrinkage=0.05


Tree=496
num_leaves=7
num_cat=0
split_feature=55 34 55 51 36 27
split_gain=9.13827 22.9384 22.1668 31.1707 48.4709 49.9802
threshold=56519.847656250007 -0.87713107466697682 116273.35156250001 0.034916304051876075 0.42617307603359228 -0.017190244048833844
decision_type=10 2 8 8 2 2
left_child=-1 -2 3 4 5 -3
right_child=1 2 -4 -5 -6 -7
leaf_value=-9.5832833638400569e-06 -0.00055652576729340578 0.00040688025358825416 -2.0897697605604549e-06 0.00033089173320350799 -0.00024236971291169667 3.3209621791519464e-05
leaf_weight=12975 64 387 4920 239 272 1550
leaf_count=12975 64 387 4920 239 272 1550
internal_value=0.000145748 0.00150262 0.00177336 0.00565634 0.00376016 0.00655252
internal_weight=20407 7432 7368 2448 2209 1937
internal_count=20407 7432 7368 2448 2209 1937
is_linear=0
shrinkage=0.05


Tree=497
num_leaves=7
num_cat=0
split_feature=41 17 38 48 35 39
split_gain=9.72698 15.6771 7.92164 23.3595 32.2151 26.2122
threshold=0.036923447623848922 0.32500000298023229 0.020112379454076294 0.72183638811111461 -0.052284980192780488 0.059389751404523856
decision_type=2 2 2 2 2 2
left_child=1 -1 -2 5 -5 -4
right_child=2 -3 3 4 -6 -7
leaf_value=-9.9519522524466357e-05 1.1616081297359292e-05 -6.4712759153153006e-07 -0.00012294482094856677 0.00035811624541564474 -2.1040202442401549e-05 6.6600579665963591e-05
leaf_weight=112 16575 221 1901 291 654 593
leaf_count=112 16575 221 1901 291 654 593
internal_value=0.000156004 -0.00806213 0.000488286 -0.00169135 0.00497368 -0.00423169
internal_weight=20347 333 20014 3439 945 2494
internal_count=20347 333 20014 3439 945 2494
is_linear=0
shrinkage=0.05


Tree=498
num_leaves=7
num_cat=0
split_feature=52 9 27 36 22 36
split_gain=9.44404 10.7535 17.7765 11.5996 14.5744 10.4542
threshold=-0.18390690535306928 -0.03859367594122886 0.025536981411278251 0.094235006719827666 0.87500000000000011 0.39162825047969824
decision_type=8 2 2 2 2 2
left_child=1 3 -3 4 -1 -5
right_child=-2 2 -4 5 -6 -7
leaf_value=0.00029700592088563829 4.3522470671450868e-06 -0.00034670933757168719 8.9208141304811429e-05 -0.00067138527099202562 -0.00024096283127653207 8.4882016669408236e-05
leaf_weight=114 19664 146 56 71 61 81
leaf_count=114 19664 146 56 71 61 81
internal_value=0.000132439 -0.00641386 -0.0153382 -0.000677711 0.00791667 -0.0106688
internal_weight=20193 529 202 327 175 152
internal_count=20193 529 202 327 175 152
is_linear=0
shrinkage=0.05


Tree=499
num_leaves=7
num_cat=0
split_feature=19 28 25 40 49 47
split_gain=9.71052 19.4384 17.8189 24.144 24.0396 25.9977
threshold=0.17500000447034839 0.012464700266718866 -0.011613765731453894 0.12096252664923669 -1.7356249094009397 0.83840158581733715
decision_type=2 2 2 2 2 2
left_child=1 -1 3 -2 -5 -6
right_child=2 -3 -4 4 5 -7
leaf_value=-2.1445407208214243e-05 9.3355449799155377e-05 -0.00034431288305294922 -6.1514666248081587e-06 0.00046370067748413893 0.00034714073935758759 -0.00023290379342197026
leaf_weight=2937 2722 90 13683 145 57 624
leaf_count=2937 2722 90 13683 145 57 624
internal_value=0.000112274 -0.00271273 0.000355361 0.00351112 -0.00394103 -0.00790816
internal_weight=20258 3027 17231 3548 826 681
internal_count=20258 3027 17231 3548 826 681
is_linear=0
shrinkage=0.05


end of trees

feature_importances:
usd_beta_21d=177
vol_gk_252d=152
kalman_smoothness=146
kalman_slope_zscore=139
vol_ratio_63_252=119
usd_beta_63d=112
usd_factor_63d=100
vol_cc_63d=100
rank_vol_63d=97
vol_ratio_21_63=94
usd_factor_21d=82
vol_gk_126d=81
zscore_126d=80
mom_skip_recent=79
ret_252d=75
kalman_slope=75
accel_21_63=74
kalman_trend=68
price_to_ma_252d=67
vol_cc_21d=67
avg_range_63d=64
rank_vol_21d=56
vol_gk_63d=55
vol_gk_21d=54
sharpe_126d=52
zscore_63d=48
channel_pos_126d=46
ret_126d=41
price_to_ma_63d=39
kalman_innovation=37
avg_range_21d=33
sharpe_21d=31
ret_63d=29
ret_10d=28
accel_63_126=27
bollinger_pctb_21d=27
max_dd_63d=27
rank_ret_126d=25
rank_ret_63d=25
channel_pos_21d=24
ret_42d=22
rank_sharpe_126d=21
zscore_21d=21
hmm_regime_prob_risk_off=21
price_to_ma_21d=20
rsi_63d=20
rsi_14d=19
rank_sharpe_63d=16
ret_21d=16
channel_pos_63d=15
carry_proxy=14
rank_sharpe_21d=11
ret_5d=8
arima_forecast=8
rank_carry_proxy=5
sharpe_63d=4
rank_ret_21d=3
hmm_regime_transition_5d=3
usd_factor_1d=1

parameters:
[boosting: gbdt]
[objective: regression_l1]
[metric: custom]
[tree_learner: serial]
[device_type: cuda]
[data_sample_strategy: bagging]
[data: ]
[valid: ]
[num_iterations: 500]
[learning_rate: 0.05]
[num_leaves: 7]
[num_threads: 0]
[seed: 42]
[deterministic: 0]
[force_col_wise: 0]
[force_row_wise: 1]
[histogram_pool_size: -1]
[max_depth: -1]
[min_data_in_leaf: 50]
[min_sum_hessian_in_leaf: 0.001]
[bagging_fraction: 0.8]
[pos_bagging_fraction: 1]
[neg_bagging_fraction: 1]
[bagging_freq: 1]
[bagging_seed: 400]
[bagging_by_query: 0]
[feature_fraction: 0.7]
[feature_fraction_bynode: 1]
[feature_fraction_seed: 30056]
[extra_trees: 0]
[extra_seed: 12879]
[early_stopping_round: 0]
[early_stopping_min_delta: 0]
[first_metric_only: 0]
[max_delta_step: 0]
[lambda_l1: 0.5]
[lambda_l2: 5]
[linear_lambda: 0]
[min_gain_to_split: 0]
[drop_rate: 0.1]
[max_drop: 50]
[skip_drop: 0.5]
[xgboost_dart_mode: 0]
[uniform_drop: 0]
[drop_seed: 17869]
[top_rate: 0.2]
[other_rate: 0.1]
[min_data_per_group: 100]
[max_cat_threshold: 32]
[cat_l2: 10]
[cat_smooth: 10]
[max_cat_to_onehot: 4]
[top_k: 20]
[monotone_constraints: ]
[monotone_constraints_method: basic]
[monotone_penalty: 0]
[feature_contri: ]
[forcedsplits_filename: ]
[refit_decay_rate: 0.9]
[cegb_tradeoff: 1]
[cegb_penalty_split: 0]
[cegb_penalty_feature_lazy: ]
[cegb_penalty_feature_coupled: ]
[path_smooth: 0]
[interaction_constraints: ]
[verbosity: -1]
[saved_feature_importance_type: 0]
[use_quantized_grad: 0]
[num_grad_quant_bins: 4]
[quant_train_renew_leaf: 0]
[stochastic_rounding: 1]
[linear_tree: 0]
[max_bin: 63]
[max_bin_by_feature: ]
[min_data_in_bin: 3]
[bin_construct_sample_cnt: 200000]
[data_random_seed: 175]
[is_enable_sparse: 1]
[enable_bundle: 1]
[use_missing: 1]
[zero_as_missing: 0]
[feature_pre_filter: 1]
[pre_partition: 0]
[two_round: 0]
[header: 0]
[label_column: ]
[weight_column: ]
[group_column: ]
[ignore_column: ]
[categorical_feature: ]
[forcedbins_filename: ]
[precise_float_parser: 0]
[parser_config_file: ]
[objective_seed: 16083]
[num_class: 1]
[is_unbalance: 0]
[scale_pos_weight: 1]
[sigmoid: 1]
[boost_from_average: 1]
[reg_sqrt: 0]
[alpha: 0.9]
[fair_c: 1]
[poisson_max_delta_step: 0.7]
[tweedie_variance_power: 1.5]
[lambdarank_truncation_level: 30]
[lambdarank_norm: 1]
[label_gain: ]
[lambdarank_position_bias_regularization: 0]
[eval_at: ]
[multi_error_top_k: 1]
[auc_mu_weights: ]
[num_machines: 1]
[local_listen_port: 12400]
[time_out: 120]
[machine_list_filename: ]
[machines: ]
[gpu_platform_id: -1]
[gpu_device_id: -1]
[gpu_device_id_list: ]
[gpu_use_dp: 0]
[num_gpu: 1]

end of parameters

pandas_categorical:null
