tree
version=v4
num_class=1
num_tree_per_iteration=1
label_index=0
max_feature_idx=60
objective=regression_l1
feature_names=accel_21_63 accel_63_126 avg_range_21d avg_range_63d bollinger_pctb_21d carry_proxy channel_pos_126d channel_pos_21d channel_pos_63d max_dd_63d mom_skip_recent price_to_ma_21d price_to_ma_252d price_to_ma_63d rank_carry_proxy rank_ret_126d rank_ret_21d rank_ret_63d rank_sharpe_126d rank_sharpe_21d rank_sharpe_63d rank_vol_21d rank_vol_63d ret_10d ret_126d ret_21d ret_252d ret_42d ret_5d ret_63d rsi_14d rsi_63d sharpe_126d sharpe_21d sharpe_63d usd_beta_21d usd_beta_63d usd_factor_1d usd_factor_21d usd_factor_63d vol_cc_21d vol_cc_63d vol_gk_126d vol_gk_21d vol_gk_252d vol_gk_63d vol_ratio_21_63 vol_ratio_63_252 zscore_126d zscore_21d zscore_63d kalman_trend kalman_slope kalman_slope_zscore kalman_innovation kalman_smoothness hmm_regime_prob_risk_off hmm_regime_transition_5d arima_forecast arima_residual arima_residual_zscore
feature_infos=[-0.19679328799247742:0.20472531020641327] [-0.26255416870117188:0.20294597744941711] [0.0010315754916518927:0.032857734709978104] [0.0011387050617486238:0.021232530474662781] [-2.1817340850830078:1.9616445302963257] [-1.5809764862060547:1.9219774007797241] [0:1] [0:1] [0:1] [-0.20013526082038879:0] [-0.35089993476867676:0.43072208762168884] [-0.18110655248165131:0.14812014997005463] [-0.2430165559053421:0.26251325011253357] [-0.18672631680965424:0.15493281185626984] [0.05000000074505806:1] [0.05000000074505806:1] [0.05000000074505806:1] [0.05000000074505806:1] [0.05000000074505806:1] [0.05000000074505806:1] [0.05000000074505806:1] [0.05000000074505806:1] [0.05000000074505806:1] [-0.18885858356952667:0.16665816307067871] [-0.24452370405197144:0.34307342767715454] [-0.18780495226383209:0.13435123860836029] [-0.32876867055892944:0.41366931796073914] [-0.18802806735038757:0.20023827254772186] [-0.18780495226383209:0.19092723727226257] [-0.19209679961204529:0.25151437520980835] [0.47960564494132996:100] [4.3956151008605957:76.61785888671875] [-2.0049896240234375:2.7887768745422363] [-0.91847944259643555:1.0865364074707031] [-1.5809764862060547:1.9219774007797241] [-0.9038468599319458:0.91464847326278687] [-0.96863085031509399:0.9521980881690979] [-0.027317339554429054:0.019427619874477386] [-0.041289318352937698:0.045270882546901703] [-0.076491691172122955:0.081928655505180359] [0.0075412006117403507:0.73532307147979736] [0.0088753066956996918:0.42847311496734619] [0.01584521122276783:0.22824999690055847] [0.010549494996666908:0.44004997611045837] [0.02019953541457653:0.19065992534160614] [0.014205704443156719:0.28529408574104309] [0.39170083403587341:1.7290194034576416] [0.4693603515625:1.9800679683685303] [-15.043925285339355:5.2925949096679688] [-15.182501792907715:6.6562557220458984] [-15.029708862304688:6.1560940742492676] [-23.308481216430664:13.143481254577637] [-7.173121452331543:2.999039888381958] [-23.137115478515625:22.673833847045898] [-19.4190673828125:7.614499568939209] [2.0361907482147217:274232.96875] [3.6717136708830367e-07:0.92735481262207031] [-0.92625129222869873:0.92726731300354004] [-0.0036860392428934574:0.0054438970983028412] [-0.11543826758861542:0.060697223991155624] [-14.874258995056152:11.165071487426758]
tree_sizes=803 808 809 799 808 805 803 798 797 814 806 808 811 807 812 804 809 801 803 809 796 805 794 800 803 814 793 805 799 800 801 809 807 802 801 814 791 799 796 804 798 807 812 799 810 806 804 807 803 803 805 806 795 805 817 811 811 811 799 809 803 798 807 806 800 791 804 784 802 794 796 805 804 800 802 794 803 808 804 801 793 802 804 800 811 809 804 804 805 813 811 808 805 796 802 806 808 806 794 800 817 796 796 805 803 797 795 803 803 807 807 803 810 806 794 794 799 792 791 803 799 803 808 789 809 808 802 805 790 806 803 807 792 781 799 797 803 812 807 783 783 806 809 802 791 781 806 802 801 806 801 784 788 794 795 792 794 805 804 791 810 798 798 805 786 808 801 814 788 810 797 791 802 782 786 798 789 807 802 799 810 801 797 800 810 797 795 806 785 794 809 793 804 806 790 792 805 798 799 793 808 805 795 803 790 803 806 805 804 805 804 793 803 792 790 787 802 806 799 784 809 799 811 802 801 800 792 794 802 802 807 813 796 795 792 807 795 804 781 802 805 788 779 811 802 783 787 804 805 802 807 798 800 802 805 788 800 798 807 797 811 802 801 793 807 802 787 804 796 795 777 800 792 809 795 793 788 799 792 815 801 805 799 804 791 808 805 793 800 792 806 782 800 799 795 805 800 801 802 799 790 786 805 793 801 790 788 793 804 809 790 792 792 802 794 811 800 798 776 801 784 807 797 801 798 802 789 793 794 791 814 790 812 784 807 801 806 799 798 775 796 771 795 793 791 796 796 808 788 796 801 781 800 795 799 797 796 797 802 793 792 807 785 811 799 794 788 798 809 788 793 806 779 802 782 805 789 782 781 776 803 803 773 796 809 806 812 810 808 788 792 801 777 808 782 791 802 795 801 808 809 793 812 799 788 782 806 802 805 801 790 786 801 797 802 800 796 779 803 796 796 797 801 793 806 793 793 797 795 808 809 805 802 794 794 796 795 791 796 798 802 811 800 800 804 793 799 804 802 781 800 810 811 797 800 799 800 796 795 792 791 789 805 797 806 799 802 789 804 802 785 808 809 789 796 787 785 801 791 802 796 785 792 776 812 802 797 798 797 812 805 792 797 788 800 789 796 790 791 791

Tree=0
num_leaves=7
num_cat=0
split_feature=44 24 30 46 13 42
split_gain=89.6011 112.422 111.794 102.368 77.4384 53.6511
threshold=0.06506954133510591 -1.0000000180025095e-35 48.224006652832038 0.8906935751438142 0.022880122996866707 0.10236653313040735
decision_type=2 2 2 2 2 2
left_child=1 -1 -2 4 -4 -5
right_child=2 -3 3 5 -6 -7
leaf_value=-1.5578596503473927e-06 0.00042943759326590229 0.00032180642738239841 0.00012849109334638341 0.00019053248543059452 -0.00042732576985144994 0.00049413392407586802
leaf_weight=1089 8115 845 2203 4434 589 2913
leaf_count=1089 8115 845 2203 4434 589 2913
internal_value=0.000274395 -0.00982968 0.00147472 -0.0020238 -0.0101651 0.00107163
internal_weight=20188 1934 18254 10139 2792 7347
internal_count=20188 1934 18254 10139 2792 7347
is_linear=0
shrinkage=1


Tree=1
num_leaves=7
num_cat=0
split_feature=11 44 46 32 25 38
split_gain=77.4624 99.3987 87.9827 81.9582 79.2527 63.8884
threshold=-0.0010022887145169077 0.066893316805362715 0.8906935751438142 -0.5218202769756316 0.017185727134346965 -0.0067130117677152148
decision_type=2 2 2 2 2 2
left_child=1 5 4 -4 -2 -1
right_child=2 -3 3 -5 -6 -7
leaf_value=0.0001417019162181532 -6.8273212455096662e-05 0.00016782568513008301 -0.00042472843539144385 6.2215045400080274e-05 -0.00048633140737365472 -0.00030646585779322779
leaf_weight=203 1901 8166 892 7049 1079 913
leaf_count=203 1901 8166 892 7049 1079 913
internal_value=7.79394e-05 0.00345375 -0.00275718 -3.14624e-06 -0.0100754 -0.010504
internal_weight=20203 9282 10921 7941 2980 1116
internal_count=20203 9282 10921 7941 2980 1116
is_linear=0
shrinkage=0.05


Tree=2
num_leaves=7
num_cat=0
split_feature=30 32 44 38 38 50
split_gain=84.437 74.3682 71.8574 57.6737 44.9865 71.0065
threshold=48.224006652832038 -0.48375892639160151 0.066893316805362715 -0.0067130117677152148 0.012664647772908212 -0.36973051726818079
decision_type=2 2 2 2 2 2
left_child=2 -2 3 -1 5 -4
right_child=1 -3 4 -5 -6 -7
leaf_value=0.00014286601033018087 -0.00036019355325333895 -3.5213072744227251e-05 0.00039881800478542575 -0.00024265653040129111 -1.095709955916391e-05 5.9911268206633392e-05
leaf_weight=215 1570 9595 2828 915 2621 2568
leaf_count=215 1570 9595 2828 915 2621 2568
internal_value=-3.69149e-06 -0.00305506 0.00342275 -0.00834802 0.00508913 0.00769765
internal_weight=20312 11165 9147 1130 8017 5396
internal_count=20312 11165 9147 1130 8017 5396
is_linear=0
shrinkage=0.05


Tree=3
num_leaves=7
num_cat=0
split_feature=49 44 35 46 12 7
split_gain=73.5502 68.7757 106.532 60.6873 51.0442 45.0442
threshold=-0.083866231143474565 0.062538623809814467 -0.38792496919631952 0.76722911000251781 -0.020768116228282448 0.66223576664924633
decision_type=2 2 2 2 2 2
left_child=1 2 -1 5 -4 -2
right_child=3 -3 4 -5 -6 -7
leaf_value=-0.00093509590189150911 -2.9467116664272909e-05 0.00012978551387332119 -0.00052734946767977824 -4.2185957450237769e-05 6.1240954365894136e-05 -0.00067455028833628605
leaf_weight=228 306 8867 174 9841 507 422
leaf_count=228 306 8867 174 9841 507 422
internal_value=3.31695e-05 0.00328954 -0.00976477 -0.00272603 0.000182216 -0.0166098
internal_weight=20345 9776 909 10569 681 728
internal_count=20345 9776 909 10569 681 728
is_linear=0
shrinkage=0.05


Tree=4
num_leaves=7
num_cat=0
split_feature=49 39 50 44 46 29
split_gain=71.3703 82.1618 78.0695 63.4302 63.0547 88.6343
threshold=-0.24831219017505643 0.04203187674283982 0.62221309542655956 0.066893316805362715 0.97475373744964611 0.043096322566270835
decision_type=2 2 2 2 2 2
left_child=3 4 -3 -1 5 -2
right_child=1 2 -4 -5 -6 -7
leaf_value=-0.00012490919986435072 -2.773885074341706e-05 -0.00058381812087475741 -7.8740964680155238e-05 0.00014538682621202496 0.00012656302336096816 -0.00046896227186737634
leaf_weight=1037 4457 957 1026 7360 4406 978
leaf_count=1037 4457 957 1026 7360 4406 978
internal_value=1.85405e-05 -0.00276228 -0.0120347 0.0032641 -0.000886147 -0.00448989
internal_weight=20221 11824 1983 8397 9841 5435
internal_count=20221 11824 1983 8397 9841 5435
is_linear=0
shrinkage=0.05


Tree=5
num_leaves=7
num_cat=0
split_feature=11 45 42 44 48 17
split_gain=72.8616 71.3077 73.605 66.9412 65.4469 64.5196
threshold=-0.00050486784311942745 0.1465302109718323 0.11186691001057626 0.066893316805362715 -0.59676024317741383 0.87500000000000011
decision_type=2 2 2 2 2 2
left_child=3 2 4 -1 -2 -4
right_child=1 -3 5 -5 -6 -7
leaf_value=-0.0001273493202489749 -0.0002678868142172391 -0.0006362821139968706 0.00038191900226254485 0.0001291121425931956 -3.967236663865014e-05 -0.00025975935706942761
leaf_weight=1164 1760 952 1638 8485 5671 634
leaf_count=1164 1760 952 1638 8485 5671 634
internal_value=1.35408e-05 -0.00314493 -0.00185672 0.00285115 -0.00426641 0.00600571
internal_weight=20304 10655 9703 9649 7431 2272
internal_count=20304 10655 9703 9649 7431 2272
is_linear=0
shrinkage=0.05


Tree=6
num_leaves=7
num_cat=0
split_feature=38 17 22 10 51 44
split_gain=54.9046 96.5448 71.9178 71.8776 61.5608 68.2685
threshold=0.0067809647880494603 0.82500001788139354 0.17500000447034839 0.15676943212747577 -0.1625556945800781 0.14538802951574328
decision_type=2 2 2 2 8 2
left_child=1 3 -2 -1 -4 -6
right_child=2 -3 4 -5 5 -7
leaf_value=9.0802911264022265e-05 -0.0002390013762294021 -0.000174764542562331 -0.00079772355769375562 0.00045804882926393201 -2.8251680242772712e-05 0.0008915651803857662
leaf_weight=8635 1302 2323 367 654 6678 331
leaf_count=8635 1302 2323 367 654 6678 331
internal_value=-2.83321e-05 0.00239089 -0.00286479 0.00467237 -0.000944994 0.000103365
internal_weight=20290 11612 8678 9289 7376 7009
internal_count=20290 11612 8678 9289 7376 7009
is_linear=0
shrinkage=0.05


Tree=7
num_leaves=7
num_cat=0
split_feature=30 45 42 35 1 15
split_gain=73.5683 54.4877 77.2302 61.5973 67.8075 63.1804
threshold=48.224006652832038 0.1465302109718323 0.11186691001057626 0.25494788587093359 0.088893268257379546 0.52500000596046459
decision_type=2 2 2 2 2 2
left_child=-1 2 -2 4 -4 -5
right_child=1 -3 3 5 -6 -7
leaf_value=7.7674353812797001e-05 -9.2309802285917497e-05 -0.00047370286140960521 0.00039716708463814288 0.0012170911946962311 -0.00048456825295089016 -0.00077194959685605001
leaf_weight=9191 7727 1008 1801 91 243 243
leaf_count=9191 7727 1008 1801 91 243 243
internal_value=-2.83126e-05 -0.00273655 -0.00162463 0.00624213 0.00950464 -0.0134956
internal_weight=20304 11113 10105 2378 2044 334
internal_count=20304 11113 10105 2378 2044 334
is_linear=0
shrinkage=0.05


Tree=8
num_leaves=7
num_cat=0
split_feature=30 46 13 32 42 42
split_gain=58.2263 60.9287 77.7117 62.9611 60.1065 57.8337
threshold=44.426218032836921 0.8906935751438142 0.022880122996866707 -0.59557217359542836 0.14547119289636615 0.15628572553396228
decision_type=2 2 2 2 2 2
left_child=5 2 -2 4 -3 -1
right_child=1 3 -4 -5 -6 -7
leaf_value=5.9519633813606461e-05 -7.6872328013113258e-05 -0.00045417576979381395 -0.0005988549246447836 4.4884608593216701e-05 0.00092530929960997943 0.00076769847623619288
leaf_weight=7039 2848 889 633 8268 110 479
leaf_count=7039 2848 889 633 8268 110 479
internal_value=4.31651e-05 -0.00197405 -0.00760901 0.000142903 -0.0116783 0.00357238
internal_weight=20266 12748 3481 9267 999 7518
internal_count=20266 12748 3481 9267 999 7518
is_linear=0
shrinkage=0.05


Tree=9
num_leaves=7
num_cat=0
split_feature=53 35 35 44 51 30
split_gain=59.9729 97.3053 140.217 93.2177 71.4304 70.664
threshold=0.22433025389909747 0.42734219133853918 0.25494788587093359 0.066893316805362715 1.0000000180025095e-35 32.873746871948249
decision_type=10 2 2 2 8 2
left_child=1 2 3 4 -1 -4
right_child=-2 -3 5 -5 -6 -7
leaf_value=0.00024183586041408796 -0.00025966715164167604 0.00020952985706985643 0.00011217161208472346 7.8444945930232685e-05 -0.00034124599886935296 -0.00036974411642827477
leaf_weight=223 2276 2868 339 11988 1179 1361
leaf_count=223 2276 2868 339 11988 1179 1361
internal_value=-2.84105e-05 0.000989534 -0.000614442 0.00110302 -0.0110697 -0.0141202
internal_weight=20234 17958 15090 13390 1402 1700
internal_count=20234 17958 15090 13390 1402 1700
is_linear=0
shrinkage=0.05


Tree=10
num_leaves=7
num_cat=0
split_feature=23 41 55 38 1 42
split_gain=54.8357 58.7638 78.0286 58.4159 70.6093 48.1169
threshold=-0.00063607454649172712 0.15450922399759295 19466.223632812504 0.0098518687300384062 0.0030803389381617312 0.11186691001057626
decision_type=2 2 8 2 2 2
left_child=3 5 -3 4 -1 -2
right_child=1 2 -4 -5 -6 -7
leaf_value=0.000253092953578255 -8.0525304158758596e-05 -0.00096350697268071943 7.6693671288758419e-05 -5.4851759761723099e-05 2.9263149370597621e-06 0.00016680928004462567
leaf_weight=3240 7394 318 311 3655 2778 2565
leaf_count=3240 7394 318 311 3655 2778 2565
internal_value=1.35695e-05 -0.00231049 -0.0170741 0.00289574 0.00592313 -0.00136742
internal_weight=20261 10588 629 9673 6018 9959
internal_count=20261 10588 629 9673 6018 9959
is_linear=0
shrinkage=0.05


Tree=11
num_leaves=7
num_cat=0
split_feature=49 35 44 22 39 29
split_gain=54.9704 62.2875 101.884 86.2414 57.004 75.9887
threshold=-0.083866231143474565 -0.51912778615951527 0.062538623809814467 0.82500001788139354 0.04203187674283982 0.025058352388441566
decision_type=2 2 2 2 2 2
left_child=1 2 -1 -4 -2 -6
right_child=4 -3 3 -5 5 -7
leaf_value=-0.00083970895577950707 -1.9758048957650267e-05 0.00011051849989805186 0.00016596251324862071 -0.00069561174727623758 -0.00053732927063100753 -5.1337394465866108e-06
leaf_weight=225 8693 7950 1182 400 871 898
leaf_count=225 8693 7950 1182 400 871 898
internal_value=8.65309e-06 0.00282985 -0.00553256 -0.000992439 -0.00238607 -0.0105552
internal_weight=20219 9757 1807 1582 10462 1769
internal_count=20219 9757 1807 1582 10462 1769
is_linear=0
shrinkage=0.05


Tree=12
num_leaves=7
num_cat=0
split_feature=53 32 39 2 39 0
split_gain=54.6428 65.3238 62.0162 57.6721 57.3554 94.8075
threshold=0.22433025389909747 0.92017808556556713 -0.043750651180744164 0.0075709912925958642 0.04203187674283982 0.0035858788760378961
decision_type=10 2 2 2 2 2
left_child=4 2 -2 -4 -1 -6
right_child=1 -3 3 -5 5 -7
leaf_value=6.063266287236303e-05 -0.00092091053407082667 -0.0010712691273897248 -0.00040120420914701254 5.4305269142938746e-05 7.5416284986279636e-05 -0.00038395941600273916
leaf_weight=14591 159 164 340 1602 1704 1611
leaf_count=14591 159 164 340 1602 1704 1611
internal_value=-3.71729e-06 -0.00719163 -0.00476021 -0.00224705 0.00104266 -0.00488705
internal_weight=20171 2265 2101 1942 17906 3315
internal_count=20171 2265 2101 1942 17906 3315
is_linear=0
shrinkage=0.05


Tree=13
num_leaves=7
num_cat=0
split_feature=30 27 45 17 38 20
split_gain=50.6029 48.1923 74.2535 44.4966 44.4686 61.6726
threshold=52.860425949096687 0.0038221153663471345 0.15155968815088275 0.92499998211860668 0.004059581086039544 0.77500000596046459
decision_type=2 2 2 2 2 2
left_child=4 -2 3 -3 5 -1
right_child=1 2 -4 -5 -6 -7
leaf_value=0.00019437675015401192 -0.00019560309031487426 8.6773067032133104e-05 -0.0007597658040975041 -0.0001839251113436429 -2.6984638383469437e-05 -0.00018885069778847884
leaf_weight=4796 3079 4518 326 1267 5391 928
leaf_count=4796 3079 4518 326 1267 5391 928
internal_value=1.35401e-05 -0.00272703 -0.000151243 0.00116149 0.00228642 0.00535434
internal_weight=20305 9190 6111 5785 11115 5724
internal_count=20305 9190 6111 5785 11115 5724
is_linear=0
shrinkage=0.05


Tree=14
num_leaves=7
num_cat=0
split_feature=53 36 55 15 22 36
split_gain=60.23 57.8159 51.3882 76.7708 59.8045 85.1282
threshold=0.22433025389909747 0.73242294788360607 31130.375000000004 0.32500000298023229 0.22500000149011615 -0.81429818272590626
decision_type=10 2 10 2 2 2
left_child=1 2 4 -4 -1 -6
right_child=-2 -3 3 -5 5 -7
leaf_value=-0.00012535505287292298 -0.00024091963357028101 0.00032650911165274759 0.00068549166927417003 5.4843312364362407e-05 -0.00044125293379169343 6.3652833622009495e-05
leaf_weight=2448 2268 1366 514 1472 844 11483
leaf_count=2448 2268 1366 514 1472 844 11483
internal_value=4.28922e-05 0.00134155 0.000532327 0.00807383 -0.00048207 0.00093456
internal_weight=20395 18127 16761 1986 14775 12327
internal_count=20395 18127 16761 1986 14775 12327
is_linear=0
shrinkage=0.05


Tree=15
num_leaves=7
num_cat=0
split_feature=35 22 51 55 32 41
split_gain=42.8771 98.7387 46.5254 44.0207 68.2732 82.4606
threshold=-0.80303663015365589 0.37500000000000006 -0.0037114123115316029 29199.973632812504 0.35519593954086309 0.095118984580039992
decision_type=2 2 10 8 2 2
left_child=1 -1 -3 4 5 -2
right_child=3 2 -4 -5 -6 -7
leaf_value=0.00047295899234550898 0.00023059844456458294 -0.00084946051379515281 -0.0001574703172660202 4.7377102280979019e-05 -0.00036308169090047292 -0.0002413579862325582
leaf_weight=285 1395 383 331 14553 1128 2283
leaf_count=285 1395 383 331 14553 1128 2283
internal_value=1.35049e-05 -0.0100847 -0.019993 0.000512549 -0.0036323 -0.000319033
internal_weight=20358 999 714 19359 4806 3678
internal_count=20358 999 714 19359 4806 3678
is_linear=0
shrinkage=0.05


Tree=16
num_leaves=7
num_cat=0
split_feature=35 35 33 53 44 44
split_gain=67.5361 146.62 116.856 68.9001 67.4684 81.4308
threshold=0.42734219133853918 0.25494788587093359 -0.23759920895099637 0.22433025389909747 0.066893316805362715 0.054716439917683608
decision_type=2 2 2 10 2 2
left_child=1 4 -3 -2 5 -1
right_child=3 2 -4 -5 -6 -7
leaf_value=6.2127835213679098e-05 0.00022654613169955257 0.00013822307268938094 -0.00038055768486571498 -0.00032349692067007321 5.4534589234332601e-05 -0.00043905655726466741
leaf_weight=455 2848 385 1556 391 13790 971
leaf_count=455 2848 385 1556 391 13790 971
internal_value=-1.83815e-05 -0.00101532 -0.0139388 0.00685111 0.000635635 -0.00969602
internal_weight=20396 17157 1941 3239 15216 1426
internal_count=20396 17157 1941 3239 15216 1426
is_linear=0
shrinkage=0.05


Tree=17
num_leaves=7
num_cat=0
split_feature=35 52 36 3 49 46
split_gain=40.3217 51.1743 47.6452 46.0098 41.0266 65.1629
threshold=-0.80303663015365589 -1.0000000180025095e-35 -0.84729376435279835 0.0084950411692261713 0.039567237719893462 0.8906935751438142
decision_type=2 8 2 2 2 2
left_child=1 -1 -3 -4 -2 -6
right_child=4 2 3 -5 5 -7
leaf_value=0.00060201901072438825 6.5843026864824601e-05 -0.00071868055840723817 0.0003831482584084557 -0.00055934226498639448 -0.00018474401041465414 1.666581260729638e-05
leaf_weight=97 10284 388 254 248 2481 6497
leaf_count=97 10284 388 254 248 2481 6497
internal_value=3.70297e-06 -0.00980343 -0.0136034 -0.00330375 0.000533295 -0.00193421
internal_weight=20249 987 890 502 19262 8978
internal_count=20249 987 890 502 19262 8978
is_linear=0
shrinkage=0.05


Tree=18
num_leaves=7
num_cat=0
split_feature=7 0 4 55 47 32
split_gain=40.2846 46.2576 46.0265 38.1869 89.2013 130.374
threshold=0.17749239504337314 0.088774334639310851 1.0000000180025095e-35 29199.973632812504 1.0429040789604189 0.20883104205131534
decision_type=2 2 2 8 2 2
left_child=-1 3 -3 4 5 -2
right_child=1 2 -4 -5 -6 -7
leaf_value=9.2252868871384221e-05 0.00031447428648012611 0.00032898443955870535 -0.0011672775356417664 1.419084204229425e-05 -0.00054818619462868924 -0.00035989518358383503
leaf_weight=5457 1340 86 172 11328 856 1091
leaf_count=5457 1340 86 172 11328 856 1091
internal_value=8.60585e-06 -0.00117119 -0.0219582 -0.000795144 -0.00553615 -0.000626026
internal_weight=20330 14873 258 14615 3287 2431
internal_count=20330 14873 258 14615 3287 2431
is_linear=0
shrinkage=0.05


Tree=19
num_leaves=7
num_cat=0
split_feature=53 35 35 35 44 22
split_gain=39.656 65.015 103.17 81.3619 107.026 85.9821
threshold=0.22433025389909747 0.46422728896141058 0.2177776321768761 -0.51912778615951527 0.062538623809814467 0.82500001788139354
decision_type=10 2 2 2 2 2
left_child=1 2 3 4 -1 -6
right_child=-2 -3 -4 -5 5 -7
leaf_value=-0.00079496025388826191 -0.00021555123138651926 0.00019451403746337942 -0.0002055000377909187 0.00010565272998949059 5.8749628347696488e-05 -0.00059118630197609588
leaf_weight=280 2289 2597 2501 9849 2098 733
leaf_count=280 2289 2597 2501 9849 2098 733
internal_value=4.29933e-05 0.000690638 -0.000538278 0.0012553 -0.00578466 -0.00282969
internal_weight=20347 18058 15461 12960 3111 2831
internal_count=20347 18058 15461 12960 3111 2831
is_linear=0
shrinkage=0.05


Tree=20
num_leaves=7
num_cat=0
split_feature=7 51 10 45 3 48
split_gain=43.7708 58.7146 64.0537 48.8939 50.1272 46.2349
threshold=0.3501866757869721 -0.48187977075576777 0.017232396639883522 0.11955802887678148 0.010904788970947267 -1.9397374391555784
decision_type=2 8 2 2 2 2
left_child=3 2 -2 4 5 -1
right_child=1 -3 -4 -5 -6 -7
leaf_value=-0.00024854150863770337 -0.0010586466864955454 -2.3607795177530229e-05 0.00065860753966224172 0.00038669241411359449 -0.000602698549527515 8.2041171122143591e-05
leaf_weight=699 288 12033 65 1828 306 5122
leaf_count=699 288 12033 65 1828 306 5122
internal_value=0.000121646 -0.00162013 -0.0215782 0.00313128 0.000982551 0.00202969
internal_weight=20341 12386 353 7955 6127 5821
internal_count=20341 12386 353 7955 6127 5821
is_linear=0
shrinkage=0.05


Tree=21
num_leaves=7
num_cat=0
split_feature=30 46 27 13 5 53
split_gain=41.2859 56.6461 61.9056 54.7998 37.1335 47.159
threshold=52.860425949096687 0.8906935751438142 0.0064810251351445922 0.024655412882566455 0.47465930879116064 -0.23113726824522016
decision_type=2 2 2 2 2 10
left_child=-1 3 -3 -2 -4 -6
right_child=1 2 4 -5 5 -7
leaf_value=5.7169279168841535e-05 -0.00010065792340677419 -0.00017961009593058349 0.0002256053001497551 -0.0005633212672421713 0.0001103694825574008 -0.00037746532265066818
leaf_weight=11159 1991 2264 2146 497 1764 534
leaf_count=11159 1991 2264 2146 497 1764 534
internal_value=3.31532e-05 -0.00213835 0.000249516 -0.00857401 0.0036806 -0.000727312
internal_weight=20355 9196 6708 2488 4444 2298
internal_count=20355 9196 6708 2488 4444 2298
is_linear=0
shrinkage=0.05


Tree=22
num_leaves=7
num_cat=0
split_feature=35 35 55 12 33 41
split_gain=40.5349 151.617 79.3514 69.3563 65.9263 45.5324
threshold=0.42734219133853918 0.23481157422065738 65.056304931640639 0.025165407918393615 -0.23759920895099637 0.10142985358834268
decision_type=2 2 10 2 2 2
left_child=1 -1 -2 -4 -3 -6
right_child=2 4 3 -5 5 -7
leaf_value=2.8388186168837067e-05 0.00025483241264731262 9.1887994296052037e-05 2.2436735104609298e-05 -0.0008104693542270551 -0.0002029947347479735 -0.00094482563129899371
leaf_weight=14814 1906 453 1068 219 1347 490
leaf_count=14814 1906 453 1068 219 1347 490
internal_value=0 -0.000840201 0.00529237 -0.00427632 -0.0127996 -0.017006
internal_weight=20297 17104 3193 1287 2290 1837
internal_count=20297 17104 3193 1287 2290 1837
is_linear=0
shrinkage=0.05


Tree=23
num_leaves=7
num_cat=0
split_feature=48 26 26 21 20 46
split_gain=40.2794 127.748 73.429 73.9766 76.0544 75.7377
threshold=-0.19011606276035306 0.23376455157995227 0.20917861163616183 0.67499998211860668 0.72499999403953563 1.1389787793159487
decision_type=2 2 2 2 2 2
left_child=2 -2 3 5 -5 -1
right_child=1 -3 -4 4 -6 -7
leaf_value=-8.127294491077223e-05 8.928120234762878e-05 -0.00090647211689879031 0.00040617700688946857 0.00020554285114556095 -0.00061389054873501974 -0.00043999293987840855
leaf_weight=5240 10431 320 498 2599 264 931
leaf_count=5240 10431 320 498 2599 264 931
internal_value=4.31289e-05 0.00232661 -0.00213642 -0.00317236 0.0034606 -0.00625405
internal_weight=20283 10751 9532 9034 2863 6171
internal_count=20283 10751 9532 9034 2863 6171
is_linear=0
shrinkage=0.05


Tree=24
num_leaves=7
num_cat=0
split_feature=38 26 48 35 42 55
split_gain=41.5615 64.9089 62.5269 64.4172 81.5323 60.3237
threshold=0.018824453465640548 0.23376455157995227 -0.19011606276035306 0.084168080240488066 0.076750621199607863 4548.5651855468759
decision_type=2 2 2 2 2 8
left_child=-1 2 5 4 -4 -2
right_child=1 -3 3 -5 -6 -7
leaf_value=3.4635137128711167e-05 -0.0012418159917290223 -0.0011966963141676204 -0.00034921263836372836 -0.0001396011012890116 0.00065514054917604559 -0.00018984787441900906
leaf_weight=15810 230 153 252 1079 909 1847
leaf_count=15810 230 153 252 1079 909 1847
internal_value=-3.69731e-06 -0.00410615 -0.00294424 0.00283964 0.0109991 -0.00918588
internal_weight=20280 4470 4317 2240 1161 2077
internal_count=20280 4470 4317 2240 1161 2077
is_linear=0
shrinkage=0.05


Tree=25
num_leaves=7
num_cat=0
split_feature=38 14 35 36 44 51
split_gain=36.0198 102.536 75.2722 71.1198 89.5903 81.619
threshold=-1.0000000180025095e-35 0.72499999403953563 -0.21418353915214536 0.28200531005859381 0.066893316805362715 0.014567975886166097
decision_type=2 2 2 2 2 8
left_child=1 2 -1 4 -2 -5
right_child=3 -3 -4 5 -6 -7
leaf_value=-0.00010734576347804729 -0.00020936619492064072 -0.00013752992692197204 0.00024439060015179061 -0.00050578214393346408 9.4644095030652452e-05 -8.1845841604236795e-05
leaf_weight=1627 1047 2607 4503 848 7112 2540
leaf_count=1627 1047 2607 4503 848 7112 2540
internal_value=7.76283e-05 0.00277111 0.00630399 -0.00148243 0.00104422 -0.00756705
internal_weight=20284 8737 6130 11547 8159 3388
internal_count=20284 8737 6130 11547 8159 3388
is_linear=0
shrinkage=0.05


Tree=26
num_leaves=7
num_cat=0
split_feature=35 22 18 42 7 45
split_gain=39.3179 78.1518 63.165 46.6992 41.6017 57.0861
threshold=-0.80303663015365589 0.37500000000000006 0.12500000372529033 0.076750621199607863 0.3501866757869721 0.11955802887678148
decision_type=2 2 2 2 2 2
left_child=1 3 -3 -1 5 -2
right_child=4 2 -4 -5 -6 -7
leaf_value=-0.00010186492017935905 2.6848530948736851e-05 0.00044855826987987902 -0.00068169100477675354 0.0010567805301112531 -3.2537315162120058e-05 0.00043099098008427531
leaf_weight=184 5777 119 581 103 11768 1722
leaf_count=184 5777 119 581 103 11768 1722
internal_value=3.70206e-06 -0.00970262 -0.0186879 0.0120719 0.000504618 0.00341485
internal_weight=20254 987 700 287 19267 7499
internal_count=20254 987 700 287 19267 7499
is_linear=0
shrinkage=0.05


Tree=27
num_leaves=7
num_cat=0
split_feature=30 32 47 45 45 35
split_gain=34.4521 48.5026 45.8142 43.6196 41.555 52.3187
threshold=45.162487030029304 -0.48375892639160151 0.81033349037170421 0.11955802887678148 0.15155968815088275 0.2177776321768761
decision_type=2 2 2 2 2 2
left_child=3 2 -2 -1 5 -3
right_child=1 4 -4 -5 -6 -7
leaf_value=1.6540397119037948e-05 0.0001689292932465994 7.9157457506381942e-05 -0.00035010682257078079 0.00038679183481584302 -0.00051203580694060113 -9.8277786516132504e-05
leaf_weight=6104 213 6923 1637 1818 586 3033
leaf_count=6104 213 6923 1637 1818 586 3033
internal_value=3.69113e-06 -0.00158708 -0.00904313 0.0026334 -0.000272589 0.000489409
internal_weight=20314 12392 1850 7922 10542 9956
internal_count=20314 12392 1850 7922 10542 9956
is_linear=0
shrinkage=0.05


Tree=28
num_leaves=7
num_cat=0
split_feature=53 32 39 55 54 55
split_gain=42.3971 48.5989 50.3776 56.0682 52.4618 48.5809
threshold=0.22433025389909747 0.92017808556556713 -0.043750651180744164 56745.121093750007 -0.036320682615041726 43362.828125000007
decision_type=10 2 2 8 8 10
left_child=5 2 -2 -4 -5 -1
right_child=1 -3 3 4 -6 -7
leaf_value=4.0612889916447919e-06 -0.00090692948622011268 -0.00091915714585709808 5.9342846320678674e-05 0.00095996548376369437 -0.00065525208524521913 0.000226561297009165
leaf_weight=16248 157 156 1569 52 337 1764
leaf_count=16248 157 156 1569 52 337 1764
internal_value=1.84838e-05 -0.00625 -0.00420991 -0.00197402 -0.0188452 0.000992119
internal_weight=20283 2271 2115 1958 389 18012
internal_count=20283 2271 2115 1958 389 18012
is_linear=0
shrinkage=0.05


Tree=29
num_leaves=7
num_cat=0
split_feature=42 0 39 36 32 41
split_gain=33.5901 84.4474 76.417 76.5649 106.045 70.4554
threshold=0.11186691001057626 -0.01688550133258104 0.021782842464745048 -0.098836898803710924 0.81094029545784008 0.10142985358834268
decision_type=2 2 2 2 2 2
left_child=5 2 -2 -4 -5 -1
right_child=1 -3 3 4 -6 -7
leaf_value=-4.9828983237143265e-07 -0.00040646025776794759 0.00022762991172211374 0.00108317424626817 0.00038735432163387548 -0.0010940880509988584 -0.0003582089461542513
leaf_weight=12232 1364 4005 265 341 237 1761
leaf_count=12232 1364 4005 265 341 237 1761
internal_value=-3.33993e-05 0.00303603 -0.00480335 0.00698703 -0.00321612 -0.00138055
internal_weight=20205 6212 2207 843 578 13993
internal_count=20205 6212 2207 843 578 13993
is_linear=0
shrinkage=0.05


Tree=30
num_leaves=7
num_cat=0
split_feature=30 0 44 17 0 55
split_gain=37.0893 64.6873 45.1595 56.8001 48.2205 49.9355
threshold=51.266305923461921 0.073080331087112441 0.06506954133510591 0.27500000596046453 0.039052011445164687 15530.144531250002
decision_type=2 2 2 2 2 8
left_child=2 -2 3 -1 5 -4
right_child=1 -3 4 -5 -6 -7
leaf_value=-0.0005292725234285594 -3.8675483117242044e-05 -0.00071399775733545744 -0.00017486069707564692 1.2378217806008774e-05 0.00032343568691652823 0.00010892639281195106
leaf_weight=438 9518 328 1824 716 1197 6303
leaf_count=438 9518 328 1824 716 1197 6303
internal_value=-3.81229e-05 -0.00228149 0.00199132 -0.00731234 0.00314878 0.00176156
internal_weight=20324 9846 10478 1154 9324 8127
internal_count=20324 9846 10478 1154 9324 8127
is_linear=0
shrinkage=0.05


Tree=31
num_leaves=7
num_cat=0
split_feature=38 17 35 22 39 47
split_gain=36.1274 107.18 68.1722 64.7184 64.526 61.2962
threshold=-1.0000000180025095e-35 0.82500001788139354 -0.21418353915214536 0.17500000447034839 0.023713369853794578 1.1869570612907412
decision_type=2 2 2 2 2 2
left_child=1 2 -1 -2 -3 -5
right_child=3 4 -4 5 -6 -7
leaf_value=-0.00010885156716613398 -0.0001538075188030709 -0.0002475497694852636 0.00020285256981423668 6.5300229528724533e-05 0.00062382280923175561 -0.00027797398646696876
leaf_weight=1967 1727 1629 5050 7560 162 2167
leaf_count=1967 1727 1629 5050 7560 162 2167
internal_value=3.82395e-05 0.00269772 0.00548633 -0.00155991 -0.00819878 2.31196e-05
internal_weight=20262 8808 7017 11454 1791 9727
internal_count=20262 8808 7017 11454 1791 9727
is_linear=0
shrinkage=0.05


Tree=32
num_leaves=7
num_cat=0
split_feature=29 46 51 18 39 49
split_gain=32.4048 70.3861 78.1001 65.0485 59.5834 77.5007
threshold=0.019027070142328743 0.97475373744964611 0.016079411841928962 0.62500000000000011 0.044023074209690101 -0.042160781100392335
decision_type=2 2 8 2 2 2
left_child=4 -2 -3 -4 -1 -6
right_child=1 2 3 -5 5 -7
leaf_value=8.5317725601276475e-05 -0.00020485974781093023 -0.00032199984855274825 -0.00017836325466130104 0.0002954065261356265 3.6156139912696579e-05 -0.00047308654411562685
leaf_weight=11175 3063 754 908 2288 1300 744
leaf_count=11175 3063 754 908 2288 1300 744
internal_value=5.8062e-05 -0.00221217 0.00219343 0.00561543 0.0019907 -0.00584431
internal_weight=20232 7013 3950 3196 13219 2044
internal_count=20232 7013 3950 3196 13219 2044
is_linear=0
shrinkage=0.05


Tree=33
num_leaves=7
num_cat=0
split_feature=38 17 39 51 44 35
split_gain=35.3127 78.9708 64.5385 61.3111 73.9412 78.2326
threshold=0.00088026540470309566 0.82500001788139354 0.023713369853794578 -0.1625556945800781 0.14538802951574328 0.13489944487810138
decision_type=2 2 2 8 2 2
left_child=1 -1 -3 -2 -5 -6
right_child=3 2 -4 4 5 -7
leaf_value=0.00011382186173345751 -0.00052092574619919292 -0.00022510076654457881 0.00063668144835255652 -4.4442817196854666e-05 0.001089429428029225 -0.0009243220841863366
leaf_weight=7320 559 1644 178 10205 343 69
leaf_count=7320 559 1644 178 10205 343 69
internal_value=7.25779e-05 0.00230403 -0.00699234 -0.00188489 -0.00102853 0.0196043
internal_weight=20318 9142 1822 11176 10617 412
internal_count=20318 9142 1822 11176 10617 412
is_linear=0
shrinkage=0.05


Tree=34
num_leaves=7
num_cat=0
split_feature=55 24 47 12 32 55
split_gain=35.6479 69.9474 75.9814 83.4702 83.0152 73.9947
threshold=29199.973632812504 0.093894675374031081 0.96851187944412243 -0.094586420804262147 0.29535536468029028 96.925495147705092
decision_type=8 2 2 2 2 8
left_child=1 2 4 -4 5 -1
right_child=-2 -3 3 -5 -6 -7
leaf_value=0.00077815989624375212 3.324052335147207e-05 -0.00055767290387125339 0.00024689916554983856 -0.00049277401901397222 -0.00022944868802311303 -2.4548854667949951e-05
leaf_weight=919 15452 263 492 1391 811 916
leaf_count=919 15452 263 492 1391 811 916
internal_value=-2.83965e-05 -0.00362206 -0.00214491 -0.00981197 0.00331007 0.00919837
internal_weight=20244 4792 4529 1883 2646 1835
internal_count=20244 4792 4529 1883 2646 1835
is_linear=0
shrinkage=0.05


Tree=35
num_leaves=7
num_cat=0
split_feature=53 24 36 3 36 2
split_gain=47.7511 39.9938 37.8732 53.2974 47.5028 62.4741
threshold=0.24890383332967761 0.11388522759079935 0.680507391691208 0.0067186015658080587 0.20557278394699099 0.0069678213912993678
decision_type=10 2 2 2 2 2
left_child=2 -2 4 -4 -1 -6
right_child=1 -3 3 -5 5 -7
leaf_value=4.4413843445839223e-05 -0.00014626897295170471 -0.00087918731956259733 0.00057623583516686983 0.00010556330998356943 -0.00018042558091838163 -1.7352040040071294e-05
leaf_weight=11821 2023 122 308 1412 1236 3416
leaf_count=11821 2023 122 308 1412 1236 3416
internal_value=-1.35182e-05 -0.00717442 0.000704748 0.00775362 -3.18607e-05 -0.00431072
internal_weight=20338 2145 18193 1720 16473 4652
internal_count=20338 2145 18193 1720 16473 4652
is_linear=0
shrinkage=0.05


Tree=36
num_leaves=7
num_cat=0
split_feature=26 39 26 44 48 21
split_gain=37.0464 88.0307 83.5507 61.4548 51.3706 66.4819
threshold=0.14525019377470019 0.012042818125337364 0.23376455157995227 0.11980484426021577 -0.24742064625024793 0.87500000000000011
decision_type=2 2 2 2 2 2
left_child=4 3 -3 -2 -1 -6
right_child=1 2 -4 -5 5 -7
leaf_value=-7.7524213402222473e-05 0.00015312825368999849 0.0001278259193999397 -0.00066593742253769203 0.00075038540861215952 9.6389321984573432e-05 -0.00021811609242418313
leaf_weight=8315 697 701 329 497 8327 1359
leaf_count=8315 697 701 329 497 8327 1359
internal_value=0 0.00635935 -0.00432367 0.0155755 -0.000473453 0.00199928
internal_weight=20225 2224 1030 1194 18001 9686
internal_count=20225 2224 1030 1194 18001 9686
is_linear=0
shrinkage=0.05


Tree=37
num_leaves=7
num_cat=0
split_feature=35 22 51 9 10 22
split_gain=34.3916 70.1368 44.7311 46.5186 43.7791 39.1005
threshold=-0.80303663015365589 0.37500000000000006 -0.0018319651135243473 -0.044427366927266114 0.023713982664048675 0.22500000149011615
decision_type=2 2 10 2 2 2
left_child=1 4 -3 -4 -1 -2
right_child=5 2 3 -5 -6 -7
leaf_value=0.00054604412213205293 -5.7972878053770866e-05 -0.00084041525623667214 0.00053884820566985406 -0.00043574211521040987 -0.00057432025259202425 5.9134692061156734e-05
leaf_weight=217 3981 378 108 226 68 15336
leaf_count=217 3981 378 108 226 68 15336
internal_value=-2.33771e-05 -0.00860778 -0.0169805 -0.00346608 0.0121552 0.000891471
internal_weight=20314 997 712 334 285 19317
internal_count=20314 997 712 334 285 19317
is_linear=0
shrinkage=0.05


Tree=38
num_leaves=7
num_cat=0
split_feature=0 4 39 41 48 0
split_gain=30.5001 35.9591 38.7065 32.3074 68.0518 60.1191
threshold=0.088774334639310851 1.0000000180025095e-35 0.0071498621255159387 0.068311776965856566 -1.8137550950050352 -0.01085566822439432
decision_type=2 2 2 2 2 2
left_child=3 2 -2 4 -1 -5
right_child=1 -3 -4 5 -6 -7
leaf_value=-0.0003806574039243077 0.0010180290738663312 -0.0010041132924048545 -0.00072120054213340606 -6.568587822468272e-05 -1.911058948079584e-05 0.00012014943188659328
leaf_weight=469 72 169 82 6605 3819 9148
leaf_count=469 72 169 82 6605 3819 9148
internal_value=3.31386e-05 -0.0150152 0.00235849 0.000355433 -0.00348824 0.00140405
internal_weight=20364 323 154 20041 4288 15753
internal_count=20364 323 154 20041 4288 15753
is_linear=0
shrinkage=0.05


Tree=39
num_leaves=7
num_cat=0
split_feature=35 44 53 22 42 50
split_gain=34.6633 100.786 74.1859 73.916 62.8955 99.5165
threshold=-0.51912778615951527 0.062538623809814467 0.22433025389909747 0.92499998211860668 0.12764507532119754 0.95406416058540355
decision_type=2 2 10 2 2 2
left_child=1 -1 -2 4 -3 -6
right_child=2 3 -4 -5 5 -7
leaf_value=-0.00069761887221637129 5.1209344754038337e-05 -7.7176246133578912e-05 -0.00024035210133184728 -0.00077150096680523813 0.0009121406342124075 -0.00046671830095331595
leaf_weight=275 14856 2475 1715 389 304 172
leaf_count=275 14856 2475 1715 389 304 172
internal_value=8.66723e-06 -0.00448204 0.000918497 -0.00205531 0.000651218 0.0172037
internal_weight=20186 3615 16571 3340 2951 476
internal_count=20186 3615 16571 3340 2951 476
is_linear=0
shrinkage=0.05


Tree=40
num_leaves=7
num_cat=0
split_feature=49 44 55 39 52 5
split_gain=41.5938 43.6222 59.9165 50.2305 45.1026 42.6767
threshold=-0.083866231143474565 0.13443547487258914 15530.144531250002 -0.032518347725272172 0.00011232252290938051 -0.46776960790157313
decision_type=2 2 8 2 10 2
left_child=1 3 5 4 -1 -3
right_child=-2 2 -4 -5 -6 -7
leaf_value=0.00035956767840734249 -4.5974069772127607e-05 0.00067554802850917234 0.00065561166197466829 7.5976210751302137e-06 -0.00058009945798767235 -0.00029035378368125181
leaf_weight=597 10507 118 552 8011 106 446
leaf_count=597 10507 118 552 8011 106 446
internal_value=5.77623e-05 0.00273259 0.0120205 0.00153401 0.0143008 0.000483304
internal_weight=20337 9830 1116 8714 703 564
internal_count=20337 9830 1116 8714 703 564
is_linear=0
shrinkage=0.05


Tree=41
num_leaves=7
num_cat=0
split_feature=35 10 12 36 35 55
split_gain=36.8861 75.9528 55.4886 35.6407 84.6342 79.7985
threshold=-0.80303663015365589 0.045488996431231506 -0.054318647831678384 0.20557278394699099 0.42734219133853918 65.056304931640639
decision_type=2 2 2 2 2 10
left_child=1 2 -1 -2 -5 -6
right_child=3 -3 -4 4 5 -7
leaf_value=-0.00053205145594352238 5.5888844630056208e-05 -0.00081357585566285912 0.00020887090594956856 -0.00015175952838844106 0.00021825067729041941 -0.0001512763956984607
leaf_weight=258 12066 216 534 3994 1891 1273
leaf_count=258 12066 216 534 3994 1891 1273
internal_value=1.3589e-05 -0.00925469 -0.00197616 0.000534349 -0.00225813 0.00384191
internal_weight=20232 1008 792 19224 7158 3164
internal_count=20232 1008 792 19224 7158 3164
is_linear=0
shrinkage=0.05


Tree=42
num_leaves=7
num_cat=0
split_feature=46 27 15 51 47 57
split_gain=29.8383 96.5995 61.2206 62.4214 61.1464 77.9677
threshold=0.97475373744964611 0.042117344215512283 0.67499998211860668 0.016079411841928962 0.78294408321380626 -0.0012687736307270823
decision_type=2 2 2 8 2 10
left_child=1 -1 4 -4 5 -2
right_child=2 -3 3 -5 -6 -7
leaf_value=1.4285344519157441e-06 -4.3287420679777154e-05 -0.00040628064388965933 -0.00010313112141711956 0.00031608298688677122 -8.6467939792020786e-05 0.00077263802493444684
leaf_weight=9093 616 1053 857 2632 5564 507
leaf_count=9093 616 1053 857 2632 5564 507
internal_value=-1.84484e-05 -0.00160329 0.00222719 0.00759159 -0.000571578 0.0100399
internal_weight=20322 10146 10176 3489 6687 1123
internal_count=20322 10146 10176 3489 6687 1123
is_linear=0
shrinkage=0.05


Tree=43
num_leaves=7
num_cat=0
split_feature=42 0 39 26 26 41
split_gain=32.7659 71.9812 67.1955 102.821 99.2646 58.6034
threshold=0.11186691001057626 -0.013800516724586485 0.014370847493410112 0.11138070002198221 0.23376455157995227 0.10142985358834268
decision_type=2 2 2 2 2 2
left_child=5 2 3 -2 -4 -1
right_child=1 -3 4 -5 -6 -7
leaf_value=-2.9297729802493195e-07 -0.0006889627882370197 0.00021372262859387778 0.0004144493643782421 0.00030293493203098037 -0.00098798131913249406 -0.0002919300137839213
leaf_weight=12269 895 3875 871 314 185 1770
leaf_count=12269 895 3875 871 314 185 1770
internal_value=5.326e-05 0.0031367 -0.00393172 -0.0119646 0.00525448 -0.00124074
internal_weight=20179 6140 2265 1209 1056 14039
internal_count=20179 6140 2265 1209 1056 14039
is_linear=0
shrinkage=0.05


Tree=44
num_leaves=7
num_cat=0
split_feature=23 32 46 42 3 35
split_gain=32.8566 47.1043 54.5576 52.2723 80.1757 58.4482
threshold=-0.00063607454649172712 -0.48375892639160151 0.8906935751438142 0.10101001337170602 0.0089423251338303106 0.23481157422065738
decision_type=2 2 2 2 2 2
left_child=-1 -2 -3 -4 -5 -6
right_child=1 2 3 4 5 -7
leaf_value=5.9082694952601245e-05 -0.00026870542140025399 -0.00012625892007584293 -3.7861264135588492e-05 0.0011096619907749311 0.00023890911577968232 -0.00046079780023584491
leaf_weight=9594 1541 2389 4174 281 1904 334
leaf_count=9594 1541 2389 4174 281 1904 334
internal_value=-2.34893e-05 -0.00171481 -0.000338396 0.00197447 0.0076565 0.00444717
internal_weight=20217 10623 9082 6693 2519 2238
internal_count=20217 10623 9082 6693 2519 2238
is_linear=0
shrinkage=0.05


Tree=45
num_leaves=7
num_cat=0
split_feature=43 22 36 21 10 6
split_gain=26.0583 52.9863 102.149 74.1504 58.3737 72.4033
threshold=0.15542452037334445 0.82500001788139354 -0.78647270798683155 0.67499998211860668 -0.13149723410606382 0.4328818023204804
decision_type=2 2 2 2 2 2
left_child=1 3 -3 -1 -4 -6
right_child=-2 2 4 -5 5 -7
leaf_value=-1.3238892733571955e-05 0.0002393060260881168 -0.0011186016477956454 -0.00065641424852519393 0.00023186939059401755 0.00048572798563271545 -0.00013109074505450059
leaf_weight=12743 1314 335 567 3037 716 1630
leaf_count=12743 1314 335 567 3037 716 1630
internal_value=8.60078e-06 -8.2751e-05 -0.00589456 0.0011134 -0.00285298 0.000627393
internal_weight=20342 19028 3248 15780 2913 2346
internal_count=20342 19028 3248 15780 2913 2346
is_linear=0
shrinkage=0.05


Tree=46
num_leaves=7
num_cat=0
split_feature=0 23 55 40 32 21
split_gain=34.0078 34.4439 31.5772 65.8613 106.54 69.8826
threshold=0.088774334639310851 -0.016594802960753437 29199.973632812504 0.12568532675504687 0.32531960308551794 0.57500001788139354
decision_type=2 2 8 2 2 2
left_child=2 -2 3 4 5 -1
right_child=1 -3 -4 -5 -6 -7
leaf_value=-4.3074328377926286e-05 0.00054281891162368586 -0.00085350998005206513 3.5956666554702241e-05 -0.00043375232569949144 -0.00025107006492979797 0.00064527476099014876
leaf_weight=1422 79 245 15419 1027 1114 1138
leaf_count=1422 79 245 15419 1027 1114 1138
internal_value=-1.83383e-05 -0.0157295 0.000475776 -0.00310773 2.0386e-05 0.00564327
internal_weight=20444 324 20120 4701 3674 2560
internal_count=20444 324 20120 4701 3674 2560
is_linear=0
shrinkage=0.05


Tree=47
num_leaves=7
num_cat=0
split_feature=55 53 51 15 38 40
split_gain=34.2456 71.0517 71.9848 61.0191 67.0401 59.0292
threshold=29199.973632812504 0.10963888466358186 0.007633971283212305 0.37500000000000006 -0.002435785834677517 0.14938690513372424
decision_type=8 8 8 2 2 2
left_child=-1 3 -3 -2 -5 -4
right_child=1 2 5 4 -6 -7
leaf_value=-9.9950882863187007e-05 0.00053542866302120436 -0.00065463194214291926 -7.593394528597063e-06 0.00035062777387335749 -0.00010817534275227247 0.00043838899318863187
leaf_weight=4824 639 326 12344 707 756 715
leaf_count=4824 639 326 12344 707 756 715
internal_value=-3.81473e-05 0.00118287 -0.000158701 0.00971761 0.0040361 0.000422918
internal_weight=20311 15487 13385 2102 1463 13059
internal_count=20311 15487 13385 2102 1463 13059
is_linear=0
shrinkage=0.05


Tree=48
num_leaves=7
num_cat=0
split_feature=53 51 3 24 36 39
split_gain=39.5583 41.1532 67.6902 52.5502 39.8087 52.4065
threshold=0.22433025389909747 0.017955981194972995 0.012194187846034767 0.076203934848308577 -0.098836898803710924 -0.028353589586913582
decision_type=10 10 2 2 2 2
left_child=1 -1 3 -3 5 -2
right_child=4 2 -4 -5 -6 -7
leaf_value=1.5536176334135446e-05 -0.00050856464238003098 0.00075513161341519324 -0.00067684461132554565 -0.00019425381987535914 -0.00029408589224041786 0.00021496966698322361
leaf_weight=17346 181 538 107 116 1220 866
leaf_count=17346 181 538 107 116 1220 866
internal_value=-1.84013e-05 0.00122157 0.0125653 0.0186267 -0.00577685 0.00135456
internal_weight=20374 18107 761 654 2267 1047
internal_count=20374 18107 761 654 2267 1047
is_linear=0
shrinkage=0.05


Tree=49
num_leaves=7
num_cat=0
split_feature=35 44 44 44 53 50
split_gain=31.5992 118.097 69.6374 93.315 73.5982 59.1783
threshold=-0.51912778615951527 0.062538623809814467 0.080247949808835997 0.099493049085140242 -0.56591439247131337 1.0973321199417116
decision_type=2 2 2 2 8 2
left_child=1 -1 -3 4 -4 -5
right_child=-2 2 3 5 -6 -7
leaf_value=-0.00070252302168783906 2.2726061301068333e-05 0.00027750829891676334 0.00062174067321098649 0.00025476756453057103 -0.00055951864545618173 -0.00050436284506572633
leaf_weight=301 16707 581 131 1218 1112 340
leaf_count=301 16707 581 131 1218 1112 340
internal_value=6.25153e-05 -0.00399268 -0.0012917 -0.00457056 -0.0147636 0.00356686
internal_weight=20390 3683 3382 2801 1243 1558
internal_count=20390 3683 3382 2801 1243 1558
is_linear=0
shrinkage=0.05


Tree=50
num_leaves=7
num_cat=0
split_feature=35 35 53 33 40 46
split_gain=34.7865 88.1718 76.1536 62.3621 55.7109 56.9098
threshold=0.46422728896141058 0.23481157422065738 0.14887569844722751 -0.16716378927230832 0.12568532675504687 0.8389883041381837
decision_type=2 2 10 2 2 2
left_child=1 -1 4 -3 5 -2
right_child=2 3 -4 -5 -6 -7
leaf_value=1.9652503001930358e-05 -0.00014550934054717145 3.1419674850809646e-05 -0.00029233000403552581 -0.00029114269467439861 -0.00052248876708444662 0.00038556715049371679
leaf_weight=14779 354 786 462 1751 190 1860
leaf_count=14779 354 786 462 1751 190 1860
internal_value=-8.66895e-06 -0.000691357 0.00525078 -0.00929386 0.00883147 0.0110748
internal_weight=20182 17316 2866 2537 2404 2214
internal_count=20182 17316 2866 2537 2404 2214
is_linear=0
shrinkage=0.05


Tree=51
num_leaves=7
num_cat=0
split_feature=38 47 26 29 39 47
split_gain=31.9094 70.008 44.512 51.1027 49.7723 69.1721
threshold=0.018824453465640548 1.1869570612907412 0.14525019377470019 0.02313347160816193 0.010789982043206693 1.2505067586898806
decision_type=2 2 2 2 2 2
left_child=2 -2 3 -1 -4 -6
right_child=1 -3 4 -5 5 -7
leaf_value=4.0781550680927272e-05 -1.7018670691603756e-06 -0.00048100482149594521 0.00034858932808648675 -0.00011664551397080948 -0.00024849605027860107 0.00055292417599760353
leaf_weight=10287 3358 1134 1115 3745 515 216
leaf_count=10287 3358 1134 1115 3745 515 216
internal_value=-3.68098e-06 -0.0037525 0.00101838 5.52112e-05 0.00830632 -0.00180027
internal_weight=20370 4492 15878 14032 1846 731
internal_count=20370 4492 15878 14032 1846 731
is_linear=0
shrinkage=0.05


Tree=52
num_leaves=7
num_cat=0
split_feature=49 46 27 0 42 35
split_gain=36.9228 47.1248 45.6339 64.4369 60.0652 49.12
threshold=0.1178204007446766 0.88399770855903637 0.0024600393371656541 -0.012241470161825417 0.087094336748123183 0.42734219133853918
decision_type=2 2 2 2 2 2
left_child=-1 -2 -3 -4 5 -5
right_child=1 2 3 4 -6 -7
leaf_value=4.8776974145575805e-05 -0.00015706253940990796 -0.00018691071887076845 -9.1389207486837853e-05 -0.00016440646632631323 0.00044177522374211207 0.00048658965736099452
leaf_weight=11409 2235 1803 2257 963 1402 246
leaf_count=11409 2235 1803 2257 963 1402 246
internal_value=0 -0.0020845 1.87238e-05 0.0025395 0.00788417 -0.00026771
internal_weight=20315 8906 6671 4868 2611 1209
internal_count=20315 8906 6671 4868 2611 1209
is_linear=0
shrinkage=0.05


Tree=53
num_leaves=7
num_cat=0
split_feature=48 44 21 24 51 55
split_gain=28.8356 68.6807 60.4589 75.1182 58.5825 51.7602
threshold=-0.24742064625024793 0.13443547487258914 0.87500000000000011 0.018648978322744373 0.036311311647295959 101778.49609375001
decision_type=2 2 2 2 10 10
left_child=1 5 3 4 -2 -1
right_child=2 -3 -4 -5 -6 -7
leaf_value=-9.3575870703655752e-05 0.00020352449189182565 0.00029199074925493387 -0.00016428734581452748 5.8570870361827433e-06 0.0015154189797974525 0.00050929632768931504
leaf_weight=7918 2668 1018 1723 6459 209 225
leaf_count=7918 2668 1018 1723 6459 209 225
internal_value=1.3597e-05 -0.00216288 0.00162916 0.00321968 0.00993234 -0.00369723
internal_weight=20220 9161 11059 9336 2877 8143
internal_count=20220 9161 11059 9336 2877 8143
is_linear=0
shrinkage=0.05


Tree=54
num_leaves=7
num_cat=0
split_feature=49 39 51 0 26 48
split_gain=30.5975 41.6352 49.4169 47.8377 52.0493 49.4102
threshold=-0.28708930313587183 0.04203187674283982 -0.0077280283439904443 -0.01527462527155876 -0.058132091537117951 0.14182643592357638
decision_type=2 2 10 2 2 2
left_child=-1 3 -3 4 -2 -5
right_child=1 2 -4 5 -6 -7
leaf_value=5.3348766727293029e-05 -0.00055424796994503988 -0.00032457620664077706 0.00039842289557641126 -3.8011309009158389e-05 -5.0348029404572079e-05 0.00016955049151476636
leaf_weight=8055 445 1757 223 4026 2694 3041
leaf_count=8055 445 1757 223 4026 2694 3041
internal_value=1.85222e-05 -0.00157288 -0.00819899 -0.000281559 -0.00541508 0.00199731
internal_weight=20241 12186 1980 10206 3139 7067
internal_count=20241 12186 1980 10206 3139 7067
is_linear=0
shrinkage=0.05


Tree=55
num_leaves=7
num_cat=0
split_feature=30 45 53 46 13 45
split_gain=32.5535 46.3969 44.8019 39.9199 53.2896 38.7991
threshold=45.162487030029304 0.11955802887678148 -0.95138642191886891 0.89705806970596325 0.022880122996866707 0.10348500311374666
decision_type=2 2 8 2 2 2
left_child=1 5 -2 4 -4 -1
right_child=2 -3 3 -5 -6 -7
leaf_value=4.9112465483310934e-05 -0.00049013777677870015 0.00031507453245070379 -4.0133306498648839e-05 2.8781178948424818e-05 -0.00040543845360761294 -0.00022380445963232629
leaf_weight=4831 548 1809 2683 8545 631 1147
leaf_count=4831 548 1809 2683 8545 631 1147
internal_value=2.84668e-05 0.00271111 -0.00141194 -0.000760705 -0.00541579 0.000580812
internal_weight=20194 7787 12407 11859 3314 5978
internal_count=20194 7787 12407 11859 3314 5978
is_linear=0
shrinkage=0.05


Tree=56
num_leaves=7
num_cat=0
split_feature=11 29 53 45 45 52
split_gain=25.0833 60.486 50.0332 49.231 48.6708 57.7555
threshold=0.0025753661757335071 -0.040644986554980271 -1.8501276373863218 0.11955802887678148 0.10348500311374666 -6.2796883867122219e-05
decision_type=2 2 10 2 2 8
left_child=3 2 -2 4 5 -1
right_child=1 -3 -4 -5 -6 -7
leaf_value=0.00025469235226508553 -0.000111849987482262 -2.1778917589793905e-05 -0.00077266051822631569 0.00025876691186987725 -0.00022787763606437687 -1.5260765999637953e-05
leaf_weight=1665 326 8065 310 2541 1654 5694
leaf_count=1665 326 8065 310 2541 1654 5694
internal_value=-6.29319e-05 -0.00202447 -0.0168097 0.00152911 -0.000202373 0.00153789
internal_weight=20255 8701 636 11554 9013 7359
internal_count=20255 8701 636 11554 9013 7359
is_linear=0
shrinkage=0.05


Tree=57
num_leaves=7
num_cat=0
split_feature=0 42 0 1 26 27
split_gain=28.7559 33.6797 89.3498 51.5641 49.3683 69.8911
threshold=0.088774334639310851 0.11186691001057626 -0.012241470161825417 0.057540819048881538 -0.088740434497594819 0.057810697704553611
decision_type=2 2 2 2 2 2
left_child=1 3 4 -1 -3 -6
right_child=-2 2 -4 -5 5 -7
leaf_value=-9.8926608521308912e-06 -0.00054622742323509924 -0.00060113948439146823 0.0002569226191090896 -0.00044828877149230936 0.00016855422759143388 -0.00054288219843752982
leaf_weight=13470 325 492 3510 507 1404 483
leaf_count=13470 325 492 3510 507 1404 483
internal_value=-6.80828e-05 0.00026043 0.00343146 -0.0010746 -0.00403733 -0.000330338
internal_weight=20191 19866 5889 13977 2379 1887
internal_count=20191 19866 5889 13977 2379 1887
is_linear=0
shrinkage=0.05


Tree=58
num_leaves=7
num_cat=0
split_feature=55 40 43 32 12 48
split_gain=28.9128 58.2555 84.2465 55.3534 54.7428 59.4937
threshold=29199.973632812504 0.12568532675504687 0.14279167354106906 0.32531960308551794 -0.094586420804262147 1.5151003599166872
decision_type=8 2 2 2 2 2
left_child=1 2 3 -1 -3 -6
right_child=-2 4 -4 -5 5 -7
leaf_value=6.6869078530755344e-05 2.6915082357586834e-05 0.00012187946559633111 0.0011059401803725922 -0.00022635715820174316 -0.00080096194234096155 0.00017712477939229405
leaf_weight=2464 15530 329 167 1086 623 158
leaf_count=2464 15530 329 167 1086 623 158
internal_value=-1.84167e-05 -0.00331643 -0.000302257 -0.00196203 -0.0133408 -0.0205153
internal_weight=20357 4827 3717 3550 1110 781
internal_count=20357 4827 3717 3550 1110 781
is_linear=0
shrinkage=0.05


Tree=59
num_leaves=7
num_cat=0
split_feature=35 35 45 42 42 35
split_gain=26.332 87.4492 64.2531 59.4231 52.5801 92.3665
threshold=0.42734219133853918 0.25494788587093359 0.053773505613207824 0.10515353456139566 0.10101001337170602 -0.16507979482412335
decision_type=2 2 2 2 2 2
left_child=1 4 -2 -3 -1 -6
right_child=2 3 -4 -5 5 -7
leaf_value=-4.6280947813331717e-05 0.00049423450668487794 -6.5690769006797412e-05 3.8842703653952527e-05 -0.00062241531537218352 -5.569454794106518e-05 0.00028524368750897387
leaf_weight=8088 285 1352 2952 572 3525 3477
leaf_count=8088 285 1352 2952 572 3525 3477
internal_value=-3.33235e-05 -0.000744756 0.00417181 -0.0107698 0.000534945 0.00370701
internal_weight=20251 17014 3237 1924 15090 7002
internal_count=20251 17014 3237 1924 15090 7002
is_linear=0
shrinkage=0.05


Tree=60
num_leaves=7
num_cat=0
split_feature=48 10 26 22 32 17
split_gain=28.5336 83.7251 79.6059 58.1232 88.5007 69.6336
threshold=-0.12688010185956952 0.22515592724084857 0.23376455157995227 0.82500001788139354 1.1909102201461794 0.42499999701976782
decision_type=2 2 2 2 2 2
left_child=1 -1 3 5 -5 -2
right_child=2 -3 -4 4 -6 -7
leaf_value=-6.1466554086056331e-05 0.0003702774501062895 0.00033474932847978191 -0.00069286200473394743 -0.00024073331410106103 0.00130509147418947 4.6130910490558728e-05
leaf_weight=9635 1772 367 309 1678 245 6365
leaf_count=9635 1772 367 309 1678 245 6365
internal_value=-4.78504e-05 -0.00196612 0.00177607 0.00255092 -0.00525156 0.00440002
internal_weight=20371 10002 10369 10060 1923 8137
internal_count=20371 10002 10369 10060 1923 8137
is_linear=0
shrinkage=0.05


Tree=61
num_leaves=7
num_cat=0
split_feature=0 23 38 41 35 17
split_gain=32.4523 29.3762 28.3628 24.9536 58.7766 57.9055
threshold=0.088774334639310851 -0.00549646490253508 0.0047391578555107125 0.066728468984365477 0.73876869678497326 0.27500000596046453
decision_type=2 2 2 2 2 2
left_child=3 2 -2 4 5 -1
right_child=1 -3 -4 -5 -6 -7
leaf_value=-0.00032545741725993274 0.00053596833269892164 -0.00087579946332555644 -0.00085685133534489297 3.2778780724037221e-05 0.00037555141196269281 -1.9157731360631483e-05
leaf_weight=779 84 195 51 16035 245 2867
leaf_count=779 84 195 51 16035 245 2867
internal_value=-1.85085e-05 -0.0154478 0.00232143 0.000244594 -0.00334317 -0.0049507
internal_weight=20256 330 135 19926 3891 3646
internal_count=20256 330 135 19926 3891 3646
is_linear=0
shrinkage=0.05


Tree=62
num_leaves=7
num_cat=0
split_feature=35 35 41 9 1 55
split_gain=26.9993 97.3481 59.8736 64.6155 62.8 52.5033
threshold=0.42734219133853918 0.23481157422065738 0.10142985358834268 -0.0079464479349553568 -0.049663452431559556 65.056304931640639
decision_type=2 2 2 2 2 10
left_child=1 -1 3 4 -3 -2
right_child=5 2 -4 -5 -6 -7
leaf_value=2.2413930167675184e-05 0.00020665580596384892 -0.00045990086934514075 -0.00060344133808012436 -0.00022029550529281477 0.00011819517115704286 -8.388667933296071e-05
leaf_weight=14840 1916 217 635 393 1000 1288
leaf_count=14840 1916 217 635 393 1000 1288
internal_value=-3.32611e-05 -0.000674371 -0.0103667 -0.00518576 0.000511457 0.00432378
internal_weight=20289 17085 2245 1610 1217 3204
internal_count=20289 17085 2245 1610 1217 3204
is_linear=0
shrinkage=0.05


Tree=63
num_leaves=7
num_cat=0
split_feature=44 17 2 22 36 26
split_gain=22.1159 71.2722 54.0198 49.4107 75.9776 51.0138
threshold=0.13443547487258914 0.27500000596046453 0.0091466787271201628 0.82500001788139354 -0.78647270798683155 0.23376455157995227
decision_type=2 2 2 2 2 2
left_child=3 -2 -3 -1 -5 -6
right_child=1 2 -4 4 5 -7
leaf_value=2.4980865103946566e-06 0.00060913104047087367 -0.00047351012634416648 7.4099595222458612e-05 -0.0010589887995542432 -3.6298246069772479e-05 -0.000847815561668166
leaf_weight=15120 743 425 1477 329 1987 148
leaf_count=15120 743 425 1477 329 1987 148
internal_value=-2.84175e-05 0.00393396 -0.00119297 -0.000965092 -0.00752329 -0.00403037
internal_weight=20229 2645 1902 17584 2464 2135
internal_count=20229 2645 1902 17584 2464 2135
is_linear=0
shrinkage=0.05


Tree=64
num_leaves=7
num_cat=0
split_feature=42 3 17 55 41 10
split_gain=29.8842 60.1009 53.9 45.4809 100.621 63.8479
threshold=0.11186691001057626 0.0088290590792894381 0.82500001788139354 19466.223632812504 0.10950215533375741 -0.093419581651687608
decision_type=2 2 2 8 2 2
left_child=-1 -2 3 -3 -5 -6
right_child=1 2 -4 4 5 -7
leaf_value=-2.7655716330510186e-05 0.00087682601189582117 -6.2008010183957701e-05 -0.00023177889129794512 -0.00013594887814417431 2.0982712750625457e-05 0.00061167638838957648
leaf_weight=13998 216 1730 1457 874 539 1377
leaf_count=13998 216 1730 1457 874 539 1377
internal_value=-9.28402e-05 0.00277912 0.00182631 0.00452486 0.00847048 0.0148751
internal_weight=20191 6193 5977 4520 2790 1916
internal_count=20191 6193 5977 4520 2790 1916
is_linear=0
shrinkage=0.05


Tree=65
num_leaves=7
num_cat=0
split_feature=49 39 45 36 39 0
split_gain=31.5108 41.895 52.4916 61.1734 37.0097 53.8976
threshold=0.1178204007446766 -0.032518347725272172 0.08999918028712274 -0.078573640435934053 0.013153585605323316 -0.01527462527155876
decision_type=2 2 2 2 2 2
left_child=1 2 -1 -4 5 -2
right_child=4 -3 3 -5 -6 -7
leaf_value=0.00036665068073845865 -0.00019955583865059469 8.6716196494879966e-06 -0.00066214103319529069 0.00023767879241853664 -0.00016310686071187687 6.7783239279597748e-05
leaf_weight=439 1503 10485 99 409 3624 3689
leaf_count=439 1503 10485 99 409 3624 3689
internal_value=0 0.00132683 0.0113708 0.000341131 -0.00264993 5.29151e-05
internal_weight=20248 11432 947 508 8816 5192
internal_count=20248 11432 947 508 8816 5192
is_linear=0
shrinkage=0.05


Tree=66
num_leaves=7
num_cat=0
split_feature=48 22 12 51 44 10
split_gain=29.3156 81.3687 76.4884 71.3414 65.6093 63.122
threshold=-0.12688010185956952 0.82500001788139354 0.010314645711332561 0.0052549096290022143 0.10493851453065874 0.22515592724084857
decision_type=2 2 2 10 2 2
left_child=5 2 3 -2 -3 -1
right_child=1 4 -4 -5 -6 -7
leaf_value=-4.9251127093633693e-05 0.00022339326350522158 -0.00078166292367998701 2.7921331600362707e-05 0.0012051378068754311 -6.5784041297292807e-05 0.00030721043477649522
leaf_weight=9534 2291 312 5795 285 1749 364
leaf_count=9534 2291 312 5795 285 1749 364
internal_value=-6.26998e-05 0.00214382 0.0043368 0.0114975 -0.00674008 -0.00165354
internal_weight=20330 10432 8371 2576 2061 9898
internal_count=20330 10432 8371 2576 2061 9898
is_linear=0
shrinkage=0.05


Tree=67
num_leaves=7
num_cat=0
split_feature=44 13 55 55 21 50
split_gain=25.4623 49.158 70.1685 58.0645 81.2869 51.269
threshold=0.13443547487258914 0.021120395511388782 761.44714355468761 4548.5651855468759 0.42499999701976782 1.0973321199417116
decision_type=2 2 8 8 2 2
left_child=-1 3 -3 -2 -5 -6
right_child=1 2 -4 4 5 -7
leaf_value=-1.3214640152671654e-05 -3.8752361744999913e-05 0.00029686777612680858 -0.0004619918073468057 -0.0005358100852220002 0.00073817810036166118 -0.0002754518064919563
leaf_weight=17772 859 219 363 213 837 109
leaf_count=17772 859 219 363 213 837 109
internal_value=1.34956e-05 0.00459693 -0.00813458 0.00829214 0.0155713 0.0218454
internal_weight=20372 2600 582 2018 1159 946
internal_count=20372 2600 582 2018 1159 946
is_linear=0
shrinkage=0.05


Tree=68
num_leaves=7
num_cat=0
split_feature=38 22 51 44 35 29
split_gain=27.3655 55.2679 54.0135 48.3722 63.1955 38.7528
threshold=0.00088026540470309566 0.17500000447034839 -0.1625556945800781 0.14538802951574328 0.13489944487810138 0.034705763682723052
decision_type=2 2 8 2 2 2
left_child=5 -2 -3 -4 -5 -1
right_child=1 2 3 4 -6 -7
leaf_value=7.7459315706597981e-05 -0.00014458264795201632 -0.00052186758811921649 -7.847224534339004e-06 0.00093865051107644621 -0.00062741699688111997 -9.312382959436473e-05
leaf_weight=7157 1690 540 8567 347 76 1972
leaf_count=7157 1690 540 8567 347 76 1972
internal_value=-2.825e-05 -0.00193096 -0.000448348 0.000475264 0.0168808 0.00175443
internal_weight=20349 11220 9530 8990 423 9129
internal_count=20349 11220 9530 8990 423 9129
is_linear=0
shrinkage=0.05


Tree=69
num_leaves=7
num_cat=0
split_feature=29 46 29 44 36 10
split_gain=21.8031 47.8354 30.528 47.7392 32.8189 51.5446
threshold=0.10298141837120058 0.99176102876663219 0.066586796194314971 0.15562175214290622 -0.12343106791377066 0.076930340379476561
decision_type=2 2 2 2 2 2
left_child=2 -2 -1 4 5 -4
right_child=1 -3 3 -5 -6 -7
leaf_value=8.1598112713612427e-06 -0.00038393780833670854 0.00066506801585099239 -0.00024736497951636003 0.00049077217189059388 -0.00039569662002934412 0.00094065394044317782
leaf_weight=18405 169 479 221 91 866 95
leaf_count=18405 169 479 221 91 866 95
internal_value=-1.84447e-05 0.00915008 -0.000135904 -0.00760955 -0.0103412 0.00334891
internal_weight=20326 648 19678 1273 1182 316
internal_count=20326 648 19678 1273 1182 316
is_linear=0
shrinkage=0.05


Tree=70
num_leaves=7
num_cat=0
split_feature=7 29 44 20 2 15
split_gain=28.8393 58.8182 33.9033 64.7364 44.09 37.1793
threshold=0.66223576664924633 -0.047821750864386552 0.13443547487258914 0.47499999403953558 0.0092745292931795138 0.77500000596046459
decision_type=2 2 2 2 2 2
left_child=2 -2 -1 -4 -5 -6
right_child=1 -3 3 4 5 -7
leaf_value=9.901330090906288e-06 -0.00061500451564117727 -3.5265391453444558e-05 0.0005617886522234156 -0.00055255996546849616 -5.4157149755231168e-05 0.00050834348193198626
leaf_weight=10695 353 7743 794 200 397 175
leaf_count=10695 353 7743 794 200 397 175
internal_value=-8.59444e-06 -0.00231762 0.00152658 0.00838638 -0.00189833 0.00515598
internal_weight=20357 8096 12261 1566 772 572
internal_count=20357 8096 12261 1566 772 572
is_linear=0
shrinkage=0.05


Tree=71
num_leaves=7
num_cat=0
split_feature=48 10 26 39 22 55
split_gain=24.9797 75.2582 74.9227 57.5829 46.8269 68.3866
threshold=-0.24742064625024793 0.22515592724084857 0.23376455157995227 -0.054704375565052026 0.67499998211860668 19466.223632812504
decision_type=2 2 2 2 2 8
left_child=1 3 -2 -1 5 -5
right_child=2 -3 -4 4 -6 -7
leaf_value=0.00062508381212395036 5.2370528542245251e-05 0.00034750980234453773 -0.00059987952730234198 -0.00048484873299183798 6.3475819189752529e-05 -5.402101856280192e-05
leaf_weight=165 10754 327 337 973 2732 5019
leaf_count=165 10754 327 337 973 2732 5019
internal_value=3.81548e-05 -0.00190598 0.00161545 -0.00277996 -0.00334231 -0.00581541
internal_weight=20307 9216 11091 8889 8724 5992
internal_count=20307 9216 11091 8889 8724 5992
is_linear=0
shrinkage=0.05


Tree=72
num_leaves=7
num_cat=0
split_feature=53 55 51 55 48 35
split_gain=28.4072 41.7959 53.9026 72.0566 49.263 43.6038
threshold=0.22433025389909747 43362.828125000007 0.017955981194972995 101778.49609375001 -0.063733182847499834 0.46422728896141058
decision_type=10 10 8 8 2 2
left_child=1 5 3 -3 -5 -1
right_child=-2 2 -4 4 -6 -7
leaf_value=-3.0862840157256086e-05 -0.00014696809945923873 0.00020588978262330308 0.0007345123363384085 0.00050371655879367851 -0.0003737615917639445 0.00014697479083400106
leaf_weight=14042 2302 1080 192 98 410 2218
leaf_count=14042 2302 1080 192 98 410 2218
internal_value=-1.84302e-05 0.000397617 0.00766106 0.00456685 -0.0108674 -0.000398094
internal_weight=20342 18040 1780 1588 508 16260
internal_count=20342 18040 1780 1588 508 16260
is_linear=0
shrinkage=0.05


Tree=73
num_leaves=7
num_cat=0
split_feature=0 11 42 3 45 35
split_gain=29.52 35.7468 29.6577 87.0844 61.7374 59.6568
threshold=0.088774334639310851 -0.014316352084279059 0.10236653313040735 0.0084950411692261713 0.10991896316409112 0.2002980634570122
decision_type=2 2 2 2 2 2
left_child=2 -2 4 -4 -1 -5
right_child=1 -3 3 5 -6 -7
leaf_value=-1.5246652147945119e-05 0.00073652730882259624 -0.00072089679708372623 0.00087419243124982012 0.00010103537375134321 -0.0005695559344071167 -0.00018670846831281469
leaf_weight=11568 63 274 288 5935 460 1610
leaf_count=11568 63 274 288 5935 460 1610
internal_value=-3.34109e-05 -0.014693 0.000122068 0.00251659 -0.00143564 0.00147351
internal_weight=20198 337 19861 7833 12028 7545
internal_count=20198 337 19861 7833 12028 7545
is_linear=0
shrinkage=0.05


Tree=74
num_leaves=7
num_cat=0
split_feature=7 53 24 46 38 46
split_gain=29.8419 30.3832 36.9806 37.4795 42.8632 29.5581
threshold=0.17749239504337314 -0.95138642191886891 -0.12524614483118054 0.87719500064849865 -1.0000000180025095e-35 0.97475373744964611
decision_type=2 8 2 2 2 2
left_child=-1 2 -2 4 -4 -3
right_child=1 5 3 -5 -6 -7
leaf_value=7.8939845246996538e-05 0.00069245735017561382 -5.6192504388985785e-05 0.00054281040667934852 -0.00062437367325228867 -0.00049374159069466084 4.4579056163039817e-05
leaf_weight=5412 89 6937 115 392 118 7180
leaf_count=5412 89 6937 115 392 118 7180
internal_value=-8.27242e-05 -0.000925115 -0.0109527 -0.0152778 0.00052521 -0.000412477
internal_weight=20243 14831 714 625 233 14117
internal_count=20243 14831 714 625 233 14117
is_linear=0
shrinkage=0.05


Tree=75
num_leaves=7
num_cat=0
split_feature=7 51 10 42 39 39
split_gain=27.3743 53.5156 48.3949 43.0589 43.3523 44.8238
threshold=0.48017008602619177 -0.48187977075576777 0.01350908260792494 0.15628572553396228 -0.030362677760422226 0.059389751404523856
decision_type=2 8 2 2 2 2
left_child=3 2 -2 4 -1 -6
right_child=1 -3 -4 -5 5 -7
leaf_value=0.00024501280185224895 -0.00086168960611061212 -2.2138263501574974e-05 0.0004508213753937029 0.00046342593883362055 -2.1354751517246385e-05 0.00026142121183710782
leaf_weight=857 183 10346 51 619 7545 643
leaf_count=857 183 10346 51 619 7545 643
internal_value=-8.6424e-06 -0.00160368 -0.025 0.00207622 0.00119613 7.01819e-05
internal_weight=20244 10580 234 9664 9045 8188
internal_count=20244 10580 234 9664 9045 8188
is_linear=0
shrinkage=0.05


Tree=76
num_leaves=7
num_cat=0
split_feature=48 55 26 44 13 55
split_gain=28.5361 60.4177 59.0682 54.5937 53.1548 44.1027
threshold=-0.12688010185956952 111102.94531250001 0.23376455157995227 0.13443547487258914 0.024655412882566455 101778.49609375001
decision_type=2 10 2 2 2 10
left_child=3 2 -2 5 -5 -1
right_child=1 -3 -4 4 -6 -7
leaf_value=-8.6584646865862276e-05 7.0014482213611744e-05 -0.00028395070719225196 -0.00058653065315566783 0.00032450333491343701 -0.00041960102799235358 0.00038184932420746651
leaf_weight=8520 9629 467 305 1042 101 276
leaf_count=8520 9629 467 305 1042 101 276
internal_value=-5.28385e-05 0.00153037 0.00236191 -0.0022149 0.00803571 -0.00355357
internal_weight=20340 10401 9934 9939 1143 8796
internal_count=20340 10401 9934 9939 1143 8796
is_linear=0
shrinkage=0.05


Tree=77
num_leaves=7
num_cat=0
split_feature=23 45 53 13 27 55
split_gain=23.6985 44.4878 46.435 46.893 37.1079 44.5414
threshold=0.0020092964405193929 0.15155968815088275 -1.1713404059410093 -0.00085439265239983786 -0.0090468125417828543 5821.8298339843759
decision_type=2 2 10 2 2 8
left_child=-1 4 3 -3 5 -2
right_child=1 2 -4 -5 -6 -7
leaf_value=3.9241081818270061e-05 -0.00062274726031768147 0.00074726566585956735 -0.00069819874050408592 -0.00056199518337043898 2.3996342247824962e-05 -7.5690218031415176e-05
leaf_weight=11028 286 186 319 217 6906 1415
leaf_count=11028 286 186 319 217 6906 1415
internal_value=-8.59444e-06 -0.00156685 -0.0134457 -0.00202206 -0.000560265 -0.00716589
internal_weight=20357 9329 722 403 8607 1701
internal_count=20357 9329 722 403 8607 1701
is_linear=0
shrinkage=0.05


Tree=78
num_leaves=7
num_cat=0
split_feature=35 44 44 44 52 9
split_gain=26.2229 87.6041 57.7127 75.7924 70.243 49.9563
threshold=-0.51912778615951527 0.062538623809814467 0.080247949808835997 0.099493049085140242 -9.6748251962708296e-05 -0.053748011589050286
decision_type=2 2 2 2 8 2
left_child=1 5 -3 4 -4 -1
right_child=-2 2 3 -5 -6 -7
leaf_value=6.8092153637612938e-05 1.5754251240193436e-05 0.00021553821880169709 0.00051653667445717203 6.3144839602977506e-05 -0.0004840207072006155 -0.00080889816114012171
leaf_weight=92 16565 565 142 1536 1116 207
leaf_count=92 16565 565 142 1536 1116 207
internal_value=-0.000137186 -0.00397898 -0.00164239 -0.00459986 -0.0136778 -0.0296875
internal_weight=20223 3658 3359 2794 1258 299
internal_count=20223 3658 3359 2794 1258 299
is_linear=0
shrinkage=0.05


Tree=79
num_leaves=7
num_cat=0
split_feature=7 53 39 36 46 13
split_gain=24.8649 28.4236 29.2594 25.0212 27.8351 38.9601
threshold=0.17749239504337314 -0.85807815194129933 -0.054704375565052026 0.81829798221588146 0.89705806970596325 -0.029876753687858578
decision_type=2 8 2 2 2 2
left_child=3 2 -2 4 5 -1
right_child=1 -3 -4 -5 -6 -7
leaf_value=0.00062510464159807959 0.0012133883269474178 -4.5207071655518126e-06 -0.00032223190433932827 0.00045151865732112747 7.8824810049702466e-07 8.6888129472698905e-05
leaf_weight=231 51 14046 821 233 3653 1279
leaf_count=231 51 14046 821 233 3653 1279
internal_value=-2.82986e-05 -0.000815855 -0.0095496 0.00314294 0.00240422 0.00810231
internal_weight=20314 14918 872 5396 5163 1510
internal_count=20314 14918 872 5396 5163 1510
is_linear=0
shrinkage=0.05


Tree=80
num_leaves=7
num_cat=0
split_feature=38 47 51 44 0 11
split_gain=25.545 49.1555 60.0889 53.0683 44.4708 41.35
threshold=0.018824453465640548 1.1869570612907412 1.5435957312583926 0.12933631241321566 -0.1005539298057556 -0.016842277720570561
decision_type=2 2 8 2 2 2
left_child=-1 2 3 -2 -3 -6
right_child=1 4 -4 -5 5 -7
leaf_value=1.7365252657819783e-05 -0.0003572141535447982 0.0016038531626925306 0.00010121848477348116 0.00043341383829463255 0.00016137553029419921 -0.00057817298766920256
leaf_weight=15819 853 56 2212 262 213 853
leaf_count=15819 853 56 2212 262 213 853
internal_value=-5.30262e-05 -0.00346318 -0.000397659 -0.00984375 -0.0124889 -0.0148226
internal_weight=20268 4449 3327 1115 1122 1066
internal_count=20268 4449 3327 1115 1122 1066
is_linear=0
shrinkage=0.05


Tree=81
num_leaves=7
num_cat=0
split_feature=33 46 42 45 46 27
split_gain=24.3611 38.453 48.5636 57.1675 40.8133 42.9061
threshold=0.068549875169992461 0.8906935751438142 0.10101001337170602 0.096387512981891646 0.96942460536956798 0.042117344215512283
decision_type=2 2 2 2 2 2
left_child=-1 -2 -3 -4 5 -5
right_child=1 2 3 4 -6 -7
leaf_value=2.5174136337693183e-05 -0.00014576212027593701 -9.612621400392284e-05 0.00072201573844329371 5.9116445320577236e-05 0.00019888117530651478 -0.00088096498656984365
leaf_weight=11950 2252 3846 349 416 1263 194
leaf_count=11950 2252 3846 349 416 1263 194
internal_value=-3.69914e-06 -0.0023033 -0.000226412 0.00564661 0.00214324 -0.00841463
internal_weight=20270 8320 6068 2222 1873 610
internal_count=20270 8320 6068 2222 1873 610
is_linear=0
shrinkage=0.05


Tree=82
num_leaves=7
num_cat=0
split_feature=38 26 51 42 3 51
split_gain=26.9977 49.6818 42.6296 48.0462 46.6396 31.7471
threshold=0.018824453465640548 0.20917861163616183 -0.093061354011297212 0.12242184206843378 0.012608179356902839 -0.032059196382760995
decision_type=2 2 8 2 2 10
left_child=-1 2 -2 5 -5 -4
right_child=1 -3 3 4 -6 -7
leaf_value=1.9789738681205704e-05 -0.00079283564064298808 -0.0006852664858018893 -3.1634113465765682e-05 0.00054775273634745543 -0.0002447150210689696 -0.00027829995297395412
leaf_weight=15828 177 196 2603 531 302 654
leaf_count=15828 177 196 2603 531 302 654
internal_value=-5.29661e-05 -0.00342995 -0.00227645 -0.0012149 0.00945704 -0.00396229
internal_weight=20291 4463 4267 4090 833 3257
internal_count=20291 4463 4267 4090 833 3257
is_linear=0
shrinkage=0.05


Tree=83
num_leaves=7
num_cat=0
split_feature=22 51 38 18 42 46
split_gain=26.0209 90.0847 89.436 62.7844 52.913 32.0306
threshold=0.22500000149011615 1.0000000180025095e-35 -0.014965396374464033 0.97499999403953563 0.09660902246832849 0.78446593880653392
decision_type=2 10 2 2 2 2
left_child=1 2 -1 5 -3 -4
right_child=-2 4 3 -5 -6 -7
leaf_value=0.00031421619041660065 1.9115789610552852e-05 -0.00049628921915813946 0.00011680120601097965 0.00045739185224714517 0.00036722385018969796 -0.00010489786949929564
leaf_weight=465 16258 417 167 163 66 2789
leaf_count=465 16258 417 167 163 66 2789
internal_value=-2.33645e-05 -0.00366528 -0.00091251 -0.00397727 -0.0238217 -0.00566532
internal_weight=20325 4067 3584 3119 483 2956
internal_count=20325 4067 3584 3119 483 2956
is_linear=0
shrinkage=0.05


Tree=84
num_leaves=7
num_cat=0
split_feature=29 38 36 52 21 44
split_gain=23.2863 45.5241 46.2917 43.8473 42.4598 50.5046
threshold=0.021127403713762764 -1.0000000180025095e-35 0.48108702898025518 0.099723167717456832 0.075000001117587103 0.06506954133510591
decision_type=2 2 2 10 2 2
left_child=1 2 4 -3 -1 -6
right_child=-2 3 -4 -5 5 -7
leaf_value=0.00012339608412576992 -5.1773559077436704e-05 -1.7639377274186567e-05 0.00024058722375948084 -0.00073056569516429589 -0.00045160084317277539 4.4481586050623391e-05
leaf_weight=321 6685 7441 1483 164 149 4088
leaf_count=321 6685 7441 1483 164 149 4088
internal_value=-9.2201e-05 0.00128013 0.00451952 -0.00129106 0.00201074 0.000665959
internal_weight=20331 13646 6041 7605 4558 4237
internal_count=20331 13646 6041 7605 4558 4237
is_linear=0
shrinkage=0.05


Tree=85
num_leaves=7
num_cat=0
split_feature=35 35 48 44 44 39
split_gain=21.5648 64.9403 64.3611 80.2071 64.2839 53.2769
threshold=-0.21418353915214536 -0.047894688323140137 1.1723064184188845 0.062538623809814467 0.080247949808835997 -0.037809183821082108
decision_type=2 2 2 2 2 2
left_child=2 -2 3 -1 -5 -4
right_child=1 -3 5 4 -6 -7
leaf_value=-0.00059179726480892351 0.0002073119188503744 -6.9067132322675303e-06 -0.00049313649676186084 0.00024008713139333625 -0.00017652866642230838 0.00024889462176186546
leaf_weight=287 2962 11038 136 503 3793 1557
leaf_count=287 2962 11038 136 503 3793 1557
internal_value=-7.27282e-05 0.001412 -0.00211352 -0.00519289 -0.0034585 0.00619847
internal_weight=20276 14000 6276 4583 4296 1693
internal_count=20276 14000 6276 4583 4296 1693
is_linear=0
shrinkage=0.05


Tree=86
num_leaves=7
num_cat=0
split_feature=48 26 10 21 55 38
split_gain=19.4725 59.9015 57.3787 56.6104 48.9044 58.2188
threshold=-0.24742064625024793 0.23376455157995227 0.22515592724084857 0.67499998211860668 5821.8298339843759 -0.011537944432348011
decision_type=2 2 2 2 8 2
left_child=2 -2 3 4 -1 -6
right_child=1 -3 -4 -5 5 -7
leaf_value=-0.0003907108703252774 4.0647408045708414e-05 -0.00052761046068068162 0.00033097095369447282 9.5628791511015665e-05 0.00012060013982998538 -0.00012711610970664623
leaf_weight=780 10739 334 321 2805 959 4424
leaf_count=780 10739 334 321 2805 959 4424
internal_value=-7.7331e-05 0.0012931 -0.00181031 -0.00256046 -0.00524076 -0.00353099
internal_weight=20362 11073 9289 8968 6163 5383
internal_count=20362 11073 9289 8968 6163 5383
is_linear=0
shrinkage=0.05


Tree=87
num_leaves=7
num_cat=0
split_feature=39 39 43 26 48 22
split_gain=21.3659 30.0186 36.4998 56.841 26.5446 73.6591
threshold=0.067430671304464354 0.04203187674283982 0.16455256938934329 0.051245640963315971 -0.12688010185956952 0.82500001788139354
decision_type=2 2 2 2 2 2
left_child=1 4 -3 -4 -1 -6
right_child=-2 2 3 -5 5 -7
leaf_value=-2.7476249141870047e-05 0.00015059769287611757 -0.00016209028085852002 0.0010283725404391269 -0.00086462250429048904 0.00012250922669552572 -0.00014756988597604715
leaf_weight=8064 634 2621 158 55 6929 1813
leaf_count=8064 634 2621 158 55 6929 1813
internal_value=-0.000102323 -9.54441e-05 -0.00485206 0.0147936 0.000706383 0.00261518
internal_weight=20274 19640 2834 213 16806 8742
internal_count=20274 19640 2834 213 16806 8742
is_linear=0
shrinkage=0.05


Tree=88
num_leaves=7
num_cat=0
split_feature=53 55 55 15 35 38
split_gain=32.2177 61.1369 56.8035 49.2669 48.8256 44.2556
threshold=0.16913278400897983 43362.828125000007 50497.951171875007 0.37500000000000006 -0.74672770500183094 -0.012689163908362387
decision_type=10 10 8 2 2 2
left_child=1 -1 4 -3 -2 -5
right_child=2 3 -4 5 -6 -7
leaf_value=-2.2233643490202453e-06 0.00070152692259344875 0.00054336431005713097 -0.00050802939089480644 0.00040992152140099556 -8.299057065555733e-05 -1.9353895315062999e-05
leaf_weight=16163 179 465 604 303 1760 896
leaf_count=16163 179 465 604 303 1760 896
internal_value=-6.25767e-05 0.000820155 -0.00519035 0.0099311 -0.000990226 0.00450581
internal_weight=20370 17827 2543 1664 1939 1199
internal_count=20370 17827 2543 1664 1939 1199
is_linear=0
shrinkage=0.05


Tree=89
num_leaves=7
num_cat=0
split_feature=25 46 47 42 52 10
split_gain=25.9406 46.7453 41.1141 32.2377 64.465 29.8975
threshold=0.0099825966171920317 0.76722911000251781 0.60709333419799816 0.14547119289636615 -0.00086533575085923065 -0.066634535789489732
decision_type=2 2 2 2 10 2
left_child=3 -2 -3 5 -5 -1
right_child=1 2 -4 4 -6 -7
leaf_value=-0.00013264805902175325 -0.00042830451960691707 -0.00074443846733445547 -1.4656463434175614e-05 0.00040393269532637381 -0.00044244621329005298 3.3711225012320906e-05
leaf_weight=1836 442 88 6511 998 240 10210
leaf_count=1836 442 88 6511 998 240 10210
internal_value=-2.33645e-05 -0.00218919 -0.00112432 0.00156332 0.0092317 0.000769646
internal_weight=20325 7041 6599 13284 1238 12046
internal_count=20325 7041 6599 13284 1238 12046
is_linear=0
shrinkage=0.05


Tree=90
num_leaves=7
num_cat=0
split_feature=29 48 35 35 41 35
split_gain=28.4353 43.8608 64.2195 50.3953 49.6865 47.5808
threshold=0.016965704038739208 0.07561796531081201 -0.80303663015365589 -0.2556560337543487 0.063037130981683745 0.084168080240488066
decision_type=2 2 2 2 2 2
left_child=1 3 -3 4 -1 -4
right_child=-2 2 5 -5 -6 -7
leaf_value=-0.00055530971007926235 -5.2489050291819298e-05 -0.00080393119078312467 0.00030655340952085233 3.4584399657317148e-05 -0.00013036314640954322 2.4275499073186671e-05
leaf_weight=249 7347 183 2202 6417 2241 1616
leaf_count=249 7347 183 2202 6417 2241 1616
internal_value=-9.25469e-05 0.00170177 0.00604718 -0.000249663 -0.00628257 0.00744834
internal_weight=20255 12908 4001 8907 2490 3818
internal_count=20255 12908 4001 8907 2490 3818
is_linear=0
shrinkage=0.05


Tree=91
num_leaves=7
num_cat=0
split_feature=33 46 32 39 39 1
split_gain=25.5087 42.8421 48.9013 38.8466 36.6817 52.1693
threshold=-0.023324418812990185 0.88399770855903637 0.72366014122962963 0.067430671304464354 0.014370847493410112 0.088893268257379546
decision_type=2 2 2 2 2 2
left_child=1 2 -1 -3 5 -2
right_child=4 3 -4 -5 -6 -7
leaf_value=0.00017876029200838202 4.360332475370858e-05 -1.4953493525492386e-05 -0.00032319144696080513 0.00037220069685571944 -0.00012810421197531545 -0.00045098112563479509
leaf_weight=2129 6329 6673 221 287 4343 301
leaf_count=2129 6329 6673 221 287 4343 301
internal_value=-7.76321e-05 0.00201557 0.00784501 3.94831e-05 -0.00154172 0.000795026
internal_weight=20283 9310 2350 6960 10973 6630
internal_count=20283 9310 2350 6960 10973 6630
is_linear=0
shrinkage=0.05


Tree=92
num_leaves=7
num_cat=0
split_feature=25 46 12 42 45 35
split_gain=25.6277 48.7334 37.7698 29.4631 41.5659 43.1722
threshold=0.0047592087648808965 0.90350919961929332 0.12466512992978097 0.10101001337170602 0.094842385500669493 0.2177776321768761
decision_type=2 2 2 2 2 2
left_child=-1 2 -2 -3 -5 -6
right_child=1 3 -4 4 5 -7
leaf_value=3.4862977005305738e-05 -0.00012723392221746047 -5.6494088960684859e-05 -0.00098985649863554031 0.00077549858472602271 0.00016636918262458397 -0.00037344769469135935
leaf_weight=11722 2498 3750 67 287 1717 321
leaf_count=11722 2498 3750 67 287 1717 321
internal_value=-7.24211e-05 -0.00182475 -0.00759728 0.000612664 0.00503219 0.00248409
internal_weight=20362 8640 2565 6075 2325 2038
internal_count=20362 8640 2565 6075 2325 2038
is_linear=0
shrinkage=0.05


Tree=93
num_leaves=7
num_cat=0
split_feature=0 23 53 45 24 55
split_gain=23.9407 32.1272 22.4316 32.6868 54.5663 49.0878
threshold=0.088774334639310851 -0.016594802960753437 0.22433025389909747 0.1133524850010872 0.018648978322744373 27250.007812500004
decision_type=2 2 10 2 2 8
left_child=2 -2 -1 4 5 -4
right_child=1 -3 3 -5 -6 -7
leaf_value=2.3874917185084489e-05 0.0005550205025274407 -0.00064755073601279801 0.00028381398437630671 8.1348534918974154e-05 -0.00041212940543226075 -0.00044512619518900418
leaf_weight=17701 84 252 495 825 687 264
leaf_count=17701 84 252 495 825 687 264
internal_value=-0.000102151 -0.0128299 0.000529359 -0.00414104 -0.00866644 0.000556283
internal_weight=20308 336 19972 2271 1446 759
internal_count=20308 336 19972 2271 1446 759
is_linear=0
shrinkage=0.05


Tree=94
num_leaves=7
num_cat=0
split_feature=53 51 3 24 39 36
split_gain=21.7101 41.4918 66.0199 56.8737 34.771 33.0954
threshold=0.28295168280601507 0.016079411841928962 0.012194187846034767 0.076203934848308577 -0.043750651180744164 -0.055148471146821969
decision_type=10 10 2 2 2 2
left_child=1 -1 3 -3 -2 -6
right_child=4 2 -4 -5 5 -7
leaf_value=8.2577314966859261e-06 -0.00069957883896554348 0.00066539486432482897 -0.00057907060728923615 -0.00019035504883780095 0.00011478366319009964 -0.00017185248085565164
leaf_weight=17369 146 628 107 131 914 952
leaf_count=17369 146 628 107 131 914 952
internal_value=-6.78945e-05 0.000916941 0.0115672 0.0167866 -0.00454883 -0.00265901
internal_weight=20247 18235 866 759 2012 1866
internal_count=20247 18235 866 759 2012 1866
is_linear=0
shrinkage=0.05


Tree=95
num_leaves=7
num_cat=0
split_feature=35 51 36 35 3 36
split_gain=25.3379 62.2412 60.7652 60.2686 53.7645 50.9438
threshold=0.42734219133853918 -0.032059196382760995 0.60031685233116161 0.25494788587093359 0.0089423251338303106 0.56091174483299266
decision_type=2 10 2 2 2 2
left_child=3 -2 -3 -1 5 -5
right_child=1 2 -4 4 -6 -7
leaf_value=1.5550454390659012e-05 0.00017383445457038661 -0.0012204903325496786 -1.9022870386676326e-05 4.8426233840516896e-05 -0.00045708444697438309 -0.00033927139462413495
leaf_weight=15139 2315 130 786 790 941 215
leaf_count=15139 2315 130 786 790 941 215
internal_value=-7.7506e-05 0.00439586 -0.00659609 -0.000428613 -0.00870067 -0.000618812
internal_weight=20316 3231 916 17085 1946 1005
internal_count=20316 3231 916 17085 1946 1005
is_linear=0
shrinkage=0.05


Tree=96
num_leaves=7
num_cat=0
split_feature=56 0 11 9 46 48
split_gain=25.5718 25.1917 26.6381 22.819 40.5097 30.4762
threshold=0.0024827130837365989 0.088774334639310851 -0.0044065820984542361 -0.053748011589050286 0.89705806970596325 -1.9397374391555784
decision_type=10 2 2 2 2 2
left_child=1 3 -3 4 -1 -5
right_child=-2 2 -4 5 -6 -7
leaf_value=0.00035617811695694583 -0.0002258415297516648 0.00010159737711802416 -0.0006267158943815621 -0.00022568981698953177 4.7421835158603026e-05 5.5706542622111757e-06
leaf_weight=715 529 131 175 566 2491 15543
leaf_count=715 529 131 175 566 2491 15543
internal_value=-3.34904e-05 0.000368134 -0.013746 0.000596532 0.00444566 -0.000169108
internal_weight=20150 19621 306 19315 3206 16109
internal_count=20150 19621 306 19315 3206 16109
is_linear=0
shrinkage=0.05


Tree=97
num_leaves=7
num_cat=0
split_feature=35 55 10 47 3 12
split_gain=21.8965 55.4796 48.6002 46.632 57.2798 52.4025
threshold=-0.21418353915214536 96.903537750244155 -0.007209137547761201 1.2984719872474673 0.012194187846034767 0.0040092070121318111
decision_type=2 10 2 2 2 2
left_child=1 3 -3 5 -5 -1
right_child=-2 2 -4 4 -6 -7
leaf_value=-0.00039354083980028379 2.2850145538028352e-05 0.00040949643259805696 -5.7412452603952586e-05 -0.00034711399285206057 0.00041170460890980408 -1.8501826104098822e-05
leaf_weight=2224 14043 863 1021 194 401 1628
leaf_count=2224 14043 863 1021 194 401 1628
internal_value=-7.23784e-05 -0.00237137 0.00480413 -0.00541891 0.00754167 -0.00743453
internal_weight=20374 6331 1884 4447 595 3852
internal_count=20374 6331 1884 4447 595 3852
is_linear=0
shrinkage=0.05


Tree=98
num_leaves=7
num_cat=0
split_feature=33 3 2 55 35 36
split_gain=24.146 39.0532 65.5762 38.7561 40.9919 31.7462
threshold=0.068549875169992461 0.012194187846034767 0.010766705032438042 9631.8266601562518 0.27705241739749914 -0.15122427791357038
decision_type=2 2 2 10 2 2
left_child=-1 2 -2 4 5 -4
right_child=1 -3 3 -5 -6 -7
leaf_value=3.5696529752171422e-05 -4.8284981697925764e-05 -0.0003168584935666983 0.00015881191597634249 -0.00040869249046975617 -0.00052821614136942254 0.00081483899880300647
leaf_weight=12017 6158 1210 281 106 135 440
leaf_count=12017 6158 1210 281 106 135 440
internal_value=-8.59866e-06 -0.00165267 -0.000235088 0.0118666 0.0154181 0.0201446
internal_weight=20347 8330 7120 962 856 721
internal_count=20347 8330 7120 962 856 721
is_linear=0
shrinkage=0.05


Tree=99
num_leaves=7
num_cat=0
split_feature=53 55 15 55 55 54
split_gain=21.0651 69.8688 63.5737 50.0006 39.0207 51.6403
threshold=0.10963888466358186 43362.828125000007 0.37500000000000006 120421.96484375001 56745.121093750007 -0.027865014038980004
decision_type=10 10 2 8 8 8
left_child=1 -1 -3 -4 -2 -6
right_child=4 2 3 -5 5 -7
leaf_value=-5.6262371175251523e-06 -5.9595924750208552e-06 0.00062276885213300337 0.00018196554270285485 -0.00024717971284280311 9.8939568321398035e-05 -0.00057359524654146854
leaf_weight=16025 2081 384 801 259 241 553
leaf_count=16025 2081 384 801 259 241 553
internal_value=-0.000106885 0.000648106 0.0111629 0.00476526 -0.00396701 -0.0133605
internal_weight=20344 17469 1444 1060 2875 794
internal_count=20344 17469 1444 1060 2875 794
is_linear=0
shrinkage=0.05


Tree=100
num_leaves=7
num_cat=0
split_feature=53 55 35 35 21 35
split_gain=27.2796 39.1497 43.8674 49.4047 58.2981 66.9617
threshold=0.22433025389909747 43362.828125000007 0.46422728896141058 0.2002980634570122 0.47499999403953558 -0.80303663015365589
decision_type=10 10 2 2 2 2
left_child=1 2 3 4 -1 -6
right_child=-2 -3 -4 -5 5 -7
leaf_value=-8.9356787521668066e-05 -8.8261540040052161e-05 0.00013871139738032983 0.00015338477660863017 -0.00011561683885204281 -0.00049801411015769261 0.00012431231510909237
leaf_weight=4455 2252 1825 2193 2685 336 6582
leaf_count=4455 2252 1825 2193 2685 336 6582
internal_value=-5.77878e-05 0.0012762 0.000493664 -0.000531537 0.000907453 0.00378088
internal_weight=20328 18076 16251 14058 11373 6918
internal_count=20328 18076 16251 14058 11373 6918
is_linear=0
shrinkage=0.05


Tree=101
num_leaves=7
num_cat=0
split_feature=53 51 41 1 35 35
split_gain=24.8651 39.2009 50.1783 50.8686 34.521 42.2368
threshold=0.22433025389909747 0.017955981194972995 0.11963396146893503 -0.020092867314815518 -0.71163797378540028 -0.81933212280273426
decision_type=10 10 2 2 2 2
left_child=1 -1 3 -3 5 -2
right_child=4 2 -4 -5 -6 -7
leaf_value=7.1131927479793217e-06 -0.0004103813944115134 -0.00012613571755295036 -0.0004788484238772614 0.00069422899968924921 -0.0001668565195445212 0.00039441975993891417
leaf_weight=17253 124 148 103 506 1811 334
leaf_count=17253 124 148 103 506 1811 334
internal_value=-0.000122017 0.000875659 0.0119751 0.0171093 -0.00467238 0.0075054
internal_weight=20279 18010 757 654 2269 458
internal_count=20279 18010 757 654 2269 458
is_linear=0
shrinkage=0.05


Tree=102
num_leaves=7
num_cat=0
split_feature=0 39 23 36 36 51
split_gain=21.6993 24.3321 41.1879 20.4514 50.1654 57.2997
threshold=0.088774334639310851 0.0044379422906786212 1.0000000180025095e-35 0.20557278394699099 0.41924083232879644 -0.032059196382760995
decision_type=2 2 2 2 2 10
left_child=3 2 -2 -1 -5 -6
right_child=1 -3 -4 4 5 -7
leaf_value=4.3129092131240875e-05 0.00082590042321587474 -0.00065194671641032433 -0.00067338734833778506 -0.00016056479896776784 8.9540616401299726e-05 -0.00014351744693291406
leaf_weight=12821 64 195 57 2249 3373 1504
leaf_count=12821 64 195 57 2249 3373 1504
internal_value=0 -0.0123832 0.00496032 0.000717973 -0.00142687 0.00141848
internal_weight=20263 316 121 19947 7126 4877
internal_count=20263 316 121 19947 7126 4877
is_linear=0
shrinkage=0.05


Tree=103
num_leaves=7
num_cat=0
split_feature=25 45 48 12 27 10
split_gain=16.6202 36.3973 38.0692 59.0804 39.2102 36.7102
threshold=0.0099825966171920317 0.18304008245468142 1.0902723073959353 0.023231620900332931 0.063588406890630736 0.19595207273960116
decision_type=2 2 2 2 2 2
left_child=-1 2 4 -4 -2 -5
right_child=1 -3 3 5 -6 -7
leaf_value=3.2978912088752922e-05 -4.3776151973806365e-05 -0.00059116583806516582 0.00047808033808373134 1.5198351100853255e-05 -0.000477147955484497 -0.00090049214456057946
leaf_weight=13285 3906 240 693 1831 354 97
leaf_count=13285 3906 240 693 1831 354 97
internal_value=-4.2869e-05 -0.00136472 -0.000686175 0.00404608 -0.00360492 -0.000452664
internal_weight=20406 7121 6881 2621 4260 1928
internal_count=20406 7121 6881 2621 4260 1928
is_linear=0
shrinkage=0.05


Tree=104
num_leaves=7
num_cat=0
split_feature=30 51 0 44 39 10
split_gain=20.3853 44.8701 29.9803 71.1836 47.8739 30.2069
threshold=52.860425949096687 -1.0169290900230405 0.039052011445164687 0.089014694094657912 0.059389751404523856 -0.02101128455251455
decision_type=2 8 2 2 2 2
left_child=2 -2 4 -4 -1 -6
right_child=1 -3 3 -5 5 -7
leaf_value=-8.7970840724871897e-07 -0.00064772879942550906 -1.5497813485495421e-05 -0.00032184617736262376 0.00035597759425574731 -9.0256394878521874e-05 0.00064462719951206566
leaf_weight=9101 132 9081 302 1096 166 396
leaf_count=9101 132 9081 302 1096 166 396
internal_value=-8.25978e-05 -0.00133706 0.00184574 0.00867783 0.000850745 0.0149471
internal_weight=20274 9213 11061 1398 9663 562
internal_count=20274 9213 11061 1398 9663 562
is_linear=0
shrinkage=0.05


Tree=105
num_leaves=7
num_cat=0
split_feature=26 39 47 38 33 26
split_gain=23.4028 64.1329 62.345 62.1897 54.3555 50.9771
threshold=0.14525019377470019 0.010789982043206693 0.85693174600601207 -0.002435785834677517 -0.012011867947876452 0.23376455157995227
decision_type=2 2 2 2 2 2
left_child=-1 3 -3 4 -2 -4
right_child=1 2 5 -5 -6 -7
leaf_value=-3.6894055224298566e-06 0.00033475264021097105 -0.00080851826342609185 0.00022203337372012278 0.00086147928422201198 -0.00012276342500125277 -0.00030515910614145776
leaf_weight=18066 255 165 622 563 361 312
leaf_count=18066 255 165 622 563 361 312
internal_value=-9.21421e-05 0.00520149 -0.00346467 0.0132813 0.00221417 0.00157082
internal_weight=20344 2278 1099 1179 616 934
internal_count=20344 2278 1099 1179 616 934
is_linear=0
shrinkage=0.05


Tree=106
num_leaves=7
num_cat=0
split_feature=53 6 22 43 36 35
split_gain=21.0661 46.3104 36.0655 45.3764 47.9165 32.4893
threshold=-0.85807815194129933 0.18658252060413363 0.67499998211860668 0.082476329058408751 0.56091174483299266 -0.51912778615951527
decision_type=8 2 2 2 2 2
left_child=1 2 3 -1 -5 -2
right_child=5 -3 -4 4 -6 -7
leaf_value=0.0004267656909921659 -8.4872455910384528e-05 -0.00031363092203405703 0.00052644793013548836 -0.00049400670992550625 0.00036465156614181682 4.1745651850430147e-05
leaf_weight=81 3523 739 290 340 163 15156
leaf_count=81 3523 739 290 340 163 15156
internal_value=2.83293e-05 -0.00483622 0.00292947 -0.00420204 -0.00989173 0.00110924
internal_weight=20292 1613 874 584 503 18679
internal_count=20292 1613 874 584 503 18679
is_linear=0
shrinkage=0.05


Tree=107
num_leaves=7
num_cat=0
split_feature=49 40 25 36 3 3
split_gain=24.6204 26.571 32.5745 32.7139 30.9669 33.8486
threshold=0.1178204007446766 0.048516687005758292 0.030963582918047908 0.28200531005859381 0.012194187846034767 0.0078584766015410441
decision_type=2 2 2 2 2 2
left_child=-1 -2 -3 4 5 -4
right_child=1 2 3 -5 -6 -7
leaf_value=4.1829271352245478e-05 8.8188258505761722e-05 -9.8524688569916153e-05 -0.00013986160109305944 -0.00015673605546325108 -8.1010329269581678e-05 0.00032779201846669099
leaf_weight=11439 587 5717 274 726 524 1037
leaf_count=11439 587 5717 274 726 524 1037
internal_value=-2.33886e-05 -0.00140079 -0.00213389 0.00254287 0.00610054 0.0102014
internal_weight=20304 8865 8278 2561 1835 1311
internal_count=20304 8865 8278 2561 1835 1311
is_linear=0
shrinkage=0.05


Tree=108
num_leaves=7
num_cat=0
split_feature=35 35 2 44 48 42
split_gain=19.909 54.4359 51.0734 45.6827 64.8738 54.654
threshold=-0.21418353915214536 -0.047894688323140137 0.0040621324442327031 0.080247949808835997 -0.54472401738166798 0.078930299729108824
decision_type=2 2 2 2 2 2
left_child=2 -2 -1 4 -4 -5
right_child=1 -3 3 5 -6 -7
leaf_value=-0.00055887007996695737 0.00019176947396881 -8.7339416075887796e-06 -0.00017537157832921997 -0.00052492013530252679 0.00034949027262150094 -4.4854649514510956e-05
leaf_weight=83 2994 10998 372 492 564 4862
leaf_count=83 2994 10998 372 492 564 4862
internal_value=-7.73196e-05 0.0011556 -0.00221464 -0.0016799 0.00847503 -0.00346613
internal_weight=20365 13992 6373 6290 936 5354
internal_count=20365 13992 6373 6290 936 5354
is_linear=0
shrinkage=0.05


Tree=109
num_leaves=7
num_cat=0
split_feature=25 45 45 43 21 53
split_gain=20.2505 36.5465 33.3322 54.8928 58.9238 48.7358
threshold=0.0099825966171920317 0.18304008245468142 0.12760443240404132 0.10977933555841447 0.67499998211860668 -1.009284973144531
decision_type=2 2 2 2 2 10
left_child=2 -2 3 -1 -5 -4
right_child=1 -3 5 4 -6 -7
leaf_value=2.6943540463071289e-05 -2.2399702588231829e-05 -0.00057801692831265905 0.00032261555233627134 -0.00046447310596035418 1.9498286463837103e-05 -9.950331963796288e-05
leaf_weight=9484 6829 220 1635 714 807 681
leaf_count=9484 6829 220 1635 714 807 681
internal_value=-5.27607e-05 -0.00183229 0.00148019 0.000329246 -0.00846986 0.00692589
internal_weight=20370 7049 13321 11005 1521 2316
internal_count=20370 7049 13321 11005 1521 2316
is_linear=0
shrinkage=0.05


Tree=110
num_leaves=7
num_cat=0
split_feature=0 44 46 39 44 55
split_gain=22.1194 54.3788 57.8107 48.3793 47.7563 36.3977
threshold=-0.0078716985881328565 0.094087935984134688 1.2057897448539736 0.044023074209690101 0.10097973048686983 120421.96484375001
decision_type=2 2 2 2 2 10
left_child=1 2 5 -2 -3 -1
right_child=3 4 -4 -5 -6 -7
leaf_value=6.1482286467341878e-05 6.3812551521236549e-05 -0.00048873650472901437 0.00054818559954163462 -9.841125877577692e-05 -5.8720739334263387e-05 -0.00028869299133685658
leaf_weight=3047 9794 785 387 1955 4144 192
leaf_count=3047 9794 785 387 1955 4144 192
internal_value=-5.29322e-05 -0.00128797 0.00335307 0.00205249 -0.00470713 0.00114827
internal_weight=20304 8555 3626 11749 4929 3239
internal_count=20304 8555 3626 11749 4929 3239
is_linear=0
shrinkage=0.05


Tree=111
num_leaves=7
num_cat=0
split_feature=42 0 39 10 10 35
split_gain=16.4671 44.4717 58.606 67.0948 51.8474 42.1994
threshold=0.11186691001057626 -0.0064060518052428952 0.014370847493410112 0.14288267493247989 0.22515592724084857 0.15099647641181949
decision_type=2 2 2 2 2 2
left_child=-1 2 3 -2 -4 -3
right_child=1 5 4 -5 -6 -7
leaf_value=-1.0171456599951165e-05 -0.0004097851486573421 0.00025077086480104776 0.00032673172424994916 0.00030491795296214001 -0.00048079642989672664 -9.7755662222268383e-05
leaf_weight=14095 1189 2705 982 291 207 873
leaf_count=14095 1189 2705 982 291 207 873
internal_value=-7.7407e-05 0.00243522 -0.00244016 -0.00907407 0.00579983 0.00607731
internal_weight=20342 6247 2669 1480 1189 3578
internal_count=20342 6247 2669 1480 1189 3578
is_linear=0
shrinkage=0.05


Tree=112
num_leaves=7
num_cat=0
split_feature=35 42 35 38 41 29
split_gain=20.3804 61.6663 47.6595 53.7216 44.241 39.1832
threshold=0.46422728896141058 0.063182428479194655 0.2177776321768761 0.0017479527741670611 0.10950215533375741 0.021127403713762764
decision_type=2 2 2 2 2 2
left_child=2 -2 -1 -4 -5 -3
right_child=1 5 3 4 -6 -7
leaf_value=1.1236339137390094e-05 0.00044347678483402713 9.0600738188623814e-05 4.9071013653138441e-06 -0.00013425790825549161 -0.00080257145765734352 -0.00024541775668622019
leaf_weight=14535 450 1692 1460 1177 275 777
leaf_count=14535 450 1692 1460 1177 275 777
internal_value=-8.22247e-05 0.00390732 -0.000603083 -0.00643641 -0.0132292 0.000778092
internal_weight=20366 2919 17447 2912 1452 2469
internal_count=20366 2919 17447 2912 1452 2469
is_linear=0
shrinkage=0.05


Tree=113
num_leaves=7
num_cat=0
split_feature=0 39 11 25 46 45
split_gain=22.861 23.8818 25.6698 18.1549 40.9844 42.1553
threshold=0.088774334639310851 0.0044379422906786212 -0.0037811526563018556 0.0099825966171920317 0.8906935751438142 0.081827774643898024
decision_type=2 2 2 2 2 2
left_child=3 2 -2 -1 -5 -6
right_child=1 -3 -4 4 5 -7
leaf_value=2.4907361033523617e-05 0.00081243479208067612 -0.00060486235770115565 -0.00035762662861267493 -0.00015867656267105052 -0.00011173871080387131 0.00011200953067498395
leaf_weight=13077 52 201 60 1690 1765 3495
leaf_count=13077 52 201 60 1690 1765 3495
internal_value=-0.000126567 -0.0132862 0.00491453 0.000225889 -0.00183681 0.000337132
internal_weight=20340 313 112 20027 6950 5260
internal_count=20340 313 112 20027 6950 5260
is_linear=0
shrinkage=0.05


Tree=114
num_leaves=7
num_cat=0
split_feature=58 32 47 22 3 8
split_gain=18.8426 39.1461 55.7175 61.8813 47.0402 43.6668
threshold=-5.8186808018945151e-05 0.29535536468029028 1.0429040789604189 0.57500001788139354 0.0093090743757784384 0.10724129900336267
decision_type=8 2 2 2 2 2
left_child=1 2 3 -1 -4 -6
right_child=-2 -3 4 -5 5 -7
leaf_value=-5.9249273580981804e-05 1.3549071031367403e-05 -0.00023384930588914925 0.00047790715473353449 0.00063334715219190766 0.00014572938543095103 -0.0005564693263595071
leaf_weight=984 16944 967 96 690 221 521
leaf_count=984 16944 967 96 690 221 521
internal_value=-0.000130948 -0.00333668 -2.97974e-05 0.00522633 -0.0105279 -0.014826
internal_weight=20423 3479 2512 1674 838 742
internal_count=20423 3479 2512 1674 838 742
is_linear=0
shrinkage=0.05


Tree=115
num_leaves=7
num_cat=0
split_feature=55 40 43 35 12 21
split_gain=24.4429 52.4536 53.159 42.4652 56.9798 43.7811
threshold=21404.260742187504 0.12223341315984727 0.13738768547773364 -0.51912778615951527 -0.094586420804262147 0.87500000000000011
decision_type=8 2 2 2 2 2
left_child=1 2 -1 -3 -5 -6
right_child=-2 3 -4 4 5 -7
leaf_value=-2.3893218422665161e-05 2.7110955995557053e-05 0.0006968461015931332 0.00095179116203238936 0.00010024950305674006 -0.0009456705911893939 -0.00025016040644605046
leaf_weight=3107 15905 95 145 315 372 374
leaf_count=3107 15905 95 145 315 372 374
internal_value=-8.7361e-05 -0.00282688 0.000422168 -0.0119509 -0.0148452 -0.0223369
internal_weight=20313 4408 3252 1156 1061 746
internal_count=20313 4408 3252 1156 1061 746
is_linear=0
shrinkage=0.05


Tree=116
num_leaves=7
num_cat=0
split_feature=25 46 38 42 51 3
split_gain=24.3538 39.0294 35.6824 41.2841 30.6306 29.6347
threshold=0.0058075797278434047 0.8906935751438142 0.013432315550744535 0.087094336748123183 1.119499206542969 0.0079711414873600023
decision_type=2 2 2 2 10 2
left_child=-1 2 -2 -4 -5 -3
right_child=1 5 3 4 -6 -7
leaf_value=2.623615620619788e-05 -7.1485878762776235e-05 -8.4233599362526913e-05 2.3004912288004558e-05 -0.00059506362981197802 0.0002177287192838906 8.6827002281714708e-05
leaf_weight=11981 1555 2254 177 410 60 3913
leaf_count=11981 1555 2254 177 410 60 3913
internal_value=-0.000175633 -0.00198531 -0.00769144 -0.017523 -0.0252105 5.26572e-05
internal_weight=20350 8369 2202 647 470 6167
internal_count=20350 8369 2202 647 470 6167
is_linear=0
shrinkage=0.05


Tree=117
num_leaves=7
num_cat=0
split_feature=27 48 41 35 55 42
split_gain=20.0675 42.3872 53.3076 35.5169 34.9514 26.6835
threshold=0.063588406890630736 1.1723064184188845 0.12976291775703433 0.2002980634570122 8360.0629882812518 0.11186691001057626
decision_type=2 2 2 2 10 2
left_child=5 -2 3 4 -3 -1
right_child=1 2 -4 -5 -6 -7
leaf_value=-1.1687144048401315e-05 -0.00044846848243372019 0.00061304158217787008 -0.00052179528010800225 -0.00023202487309302735 -0.00033022424678677835 8.66747671423833e-05
leaf_weight=13208 446 390 208 176 67 5689
leaf_count=13208 446 390 208 176 67 5689
internal_value=-0.000157264 -0.0059791 0.000620567 0.00787618 0.0152056 0.000461591
internal_weight=20184 1287 841 633 457 18897
internal_count=20184 1287 841 633 457 18897
is_linear=0
shrinkage=0.05


Tree=118
num_leaves=7
num_cat=0
split_feature=26 26 48 38 2 36
split_gain=19.8137 35.0169 59.0178 32.0252 31.8118 45.7197
threshold=0.14525019377470019 0.23376455157995227 -0.42946894466876978 -0.0015208824770525096 0.010950866620987655 0.78262251615524303
decision_type=2 2 2 2 2 2
left_child=-1 4 3 -3 5 -2
right_child=1 2 -4 -5 -6 -7
leaf_value=-1.288283271400806e-05 -3.7118647459109377e-05 -3.362844202491212e-05 -0.00038043225049402975 0.0010364507814895536 0.00044337821322439053 0.0007378866960900569
leaf_weight=18047 827 132 398 119 606 153
leaf_count=18047 827 132 398 119 606 153
internal_value=-0.000112141 0.00434152 -0.00538991 0.0133789 0.00834381 0.00271574
internal_weight=20282 2235 649 251 1586 980
internal_count=20282 2235 649 251 1586 980
is_linear=0
shrinkage=0.05


Tree=119
num_leaves=7
num_cat=0
split_feature=25 45 43 55 47 40
split_gain=26.3732 33.8891 75.4352 50.8636 55.6424 46.8953
threshold=0.0099825966171920317 0.11955802887678148 0.10977933555841447 15530.144531250002 1.0046118497848513 0.10164643824100496
decision_type=2 2 2 8 2 2
left_child=1 2 -1 5 -5 -3
right_child=-2 3 -4 4 -6 -7
leaf_value=2.6390219206604396e-05 -5.1441231536288708e-05 0.00043419433188844088 -0.00027632826794796357 0.00081395017411158672 0.00021682816351470239 -0.00018310490981131725
leaf_weight=9214 7068 200 1145 234 1624 846
leaf_count=9214 7068 200 1145 234 1624 846
internal_value=-6.26967e-05 0.00147912 0.000137495 0.00624785 0.011205 -0.0025452
internal_weight=20331 13263 10359 2904 1858 1046
internal_count=20331 13263 10359 2904 1858 1046
is_linear=0
shrinkage=0.05


Tree=120
num_leaves=7
num_cat=0
split_feature=41 36 36 35 41 42
split_gain=20.882 42.4646 41.9917 73.3319 71.9958 47.403
threshold=0.068311776965856566 0.680507391691208 0.1150278113782406 -0.51912778615951527 0.057550741359591491 0.068225175142288222
decision_type=2 2 2 2 2 2
left_child=1 2 3 -1 5 -4
right_child=-2 -3 4 -5 -6 -7
leaf_value=-0.00031240846525798678 2.4069291988369314e-05 0.0002601264429454066 1.7395061217774938e-05 7.2185336339826176e-05 -0.00046240057989774995 -0.00028782785096243148
leaf_weight=640 16033 419 775 1626 539 213
leaf_count=640 16033 419 775 1626 539 213
internal_value=-0.000141975 -0.00291084 -0.00458794 -0.000253192 -0.0109824 -0.00289527
internal_weight=20245 4212 3793 2266 1527 988
internal_count=20245 4212 3793 2266 1527 988
is_linear=0
shrinkage=0.05


Tree=121
num_leaves=7
num_cat=0
split_feature=11 39 46 24 51 47
split_gain=19.7617 34.4196 44.5399 42.76 32.5071 67.0439
threshold=-0.0074945662636309853 0.059389751404523856 0.8906935751438142 0.071448881179094328 -1.0169290900230405 0.89722949266433727
decision_type=2 2 2 2 8 2
left_child=1 2 3 -1 5 -2
right_child=4 -3 -4 -5 -6 -7
leaf_value=0.00029858563096739717 0.00039067775584898261 0.00043630295604271799 -2.8228010655366077e-05 -0.0002995352977712544 -6.8371426896975845e-06 -0.00071054322260214614
leaf_weight=1168 112 418 3901 141 14272 209
leaf_count=1168 112 418 3901 141 14272 209
internal_value=-9.27025e-05 0.00276496 0.0016443 0.00960807 -0.000720989 -0.0163344
internal_weight=20221 5628 5210 1309 14593 321
internal_count=20221 5628 5210 1309 14593 321
is_linear=0
shrinkage=0.05


Tree=122
num_leaves=7
num_cat=0
split_feature=53 55 42 21 42 2
split_gain=18.7149 39.8737 39.7713 33.2471 50.8022 51.4609
threshold=0.22433025389909747 43362.828125000007 0.09660902246832849 0.47499999403953558 0.068225175142288222 0.0064055095426738271
decision_type=10 10 2 2 2 2
left_child=1 3 -3 -1 -5 -6
right_child=-2 2 -4 4 5 -7
leaf_value=-4.858140084088841e-05 -7.4179786768144133e-05 0.00010170544131669632 0.00098089317466139585 0.00048832022249019585 -0.0002638965638537191 4.2168360624020819e-05
leaf_weight=6941 2264 1650 123 490 482 8280
leaf_count=6941 2264 1650 123 490 482 8280
internal_value=-9.76032e-05 0.000555061 0.0076631 -0.000223793 0.00173652 0.000852629
internal_weight=20230 17966 1773 16193 9252 8762
internal_count=20230 17966 1773 16193 9252 8762
is_linear=0
shrinkage=0.05


Tree=123
num_leaves=7
num_cat=0
split_feature=26 39 47 38 48 21
split_gain=17.9229 59.8476 54.21 50.4062 54.6822 46.7845
threshold=0.14525019377470019 0.010789982043206693 1.2723106741905215 -0.002435785834677517 0.54075568914413463 0.42499999701976782
decision_type=2 2 2 2 2 2
left_child=-1 3 -3 5 -5 -2
right_child=1 2 -4 4 -6 -7
leaf_value=-3.1514702194254091e-06 0.00068039286981084882 -0.00021085116748412308 0.00038357420829157244 0.00090840198603009772 0.00020315902167396621 -6.6452445472121885e-05
leaf_weight=17971 93 806 262 317 241 503
leaf_count=17971 93 806 262 317 241 503
internal_value=-0.000167096 0.00461383 -0.00389096 0.0124892 0.0232238 0.00228785
internal_weight=20193 2222 1068 1154 558 596
internal_count=20193 2222 1068 1154 558 596
is_linear=0
shrinkage=0.05


Tree=124
num_leaves=7
num_cat=0
split_feature=7 29 46 27 27 21
split_gain=16.6576 40.0174 31.8188 56.9513 43.8959 39.7249
threshold=0.66223576664924633 -0.056641748175024979 0.96942460536956798 0.063588406890630736 0.0051143295131623754 0.17500000447034839
decision_type=2 2 2 2 2 2
left_child=-1 -2 3 -3 5 -4
right_child=1 2 4 -5 -6 -7
leaf_value=3.1997958878550046e-05 -0.00050993697959683226 -3.4590480998018033e-05 -0.00040898660571480906 -0.00049762641032100833 0.00015282723758396226 -6.7498807402758512e-05
leaf_weight=12267 237 3379 133 254 3077 921
leaf_count=12267 237 3379 133 254 3077 921
internal_value=-8.26222e-05 -0.00115226 -0.000524521 -0.0039376 0.0024722 -0.00630312
internal_weight=20268 8001 7764 3633 4131 1054
internal_count=20268 8001 7764 3633 4131 1054
is_linear=0
shrinkage=0.05


Tree=125
num_leaves=7
num_cat=0
split_feature=0 43 58 24 45 22
split_gain=22.3485 31.8439 17.446 31.5371 29.3052 54.2275
threshold=0.088774334639310851 0.13738768547773364 -5.8186808018945151e-05 0.042295023798942573 0.10348500311374666 0.52500000596046459
decision_type=2 2 8 2 2 2
left_child=2 -2 3 4 5 -1
right_child=1 -3 -4 -5 -6 -7
leaf_value=-3.9378024234285973e-05 -0.00058704857281700613 0.00029525470445619244 1.4207168367827385e-05 -0.00023412897397286504 -0.00019333098039522203 0.00050203722520075192
leaf_weight=1049 182 140 16572 693 1085 521
leaf_count=1049 182 140 16572 693 1085 521
internal_value=-6.29723e-05 -0.0130734 0.000104141 -0.00318372 -0.00068609 0.00366667
internal_weight=20242 322 19920 3348 2655 1570
internal_count=20242 322 19920 3348 2655 1570
is_linear=0
shrinkage=0.05


Tree=126
num_leaves=7
num_cat=0
split_feature=47 29 24 47 26 26
split_gain=18.087 38.4708 20.8821 20.1745 90.7067 58.1136
threshold=0.60709333419799816 -0.0048968913033604613 0.045527944341301925 0.81033349037170421 -0.011632435489445923 0.20917861163616183
decision_type=2 2 2 2 2 2
left_child=1 -1 -3 4 -2 -6
right_child=3 2 -4 -5 5 -7
leaf_value=0.00016396244843672398 0.00023595677939165652 -2.9389157483590729e-05 -0.00091302004580489965 -1.3577234421663202e-05 -6.7007996165342087e-05 0.00058936821401392241
leaf_weight=114 1587 126 89 15378 2739 212
leaf_count=114 1587 126 89 15378 2739 212
internal_value=-7.28395e-05 -0.0114521 -0.02375 0.000279855 0.00320823 -0.00197057
internal_weight=20245 329 215 19916 4538 2951
internal_count=20245 329 215 19916 4538 2951
is_linear=0
shrinkage=0.05


Tree=127
num_leaves=7
num_cat=0
split_feature=25 45 44 55 39 39
split_gain=19.1307 31.7382 31.2239 85.1519 34.5265 33.7289
threshold=0.0099825966171920317 0.18304008245468142 0.14538802951574328 7079.3205566406259 -0.012108057271689175 -0.030362677760422226
decision_type=2 2 2 8 2 2
left_child=2 -2 5 4 -4 -1
right_child=1 -3 3 -5 -6 -7
leaf_value=0.00013525692971078497 -2.4664611889112363e-05 -0.00049960510592745482 -0.00040642441100525702 0.0010986511501340412 0.00021133557513754362 1.9536692590370916e-07
leaf_weight=1159 6828 222 210 186 397 11312
leaf_count=1159 6828 222 210 186 397 11312
internal_value=-9.22782e-05 -0.00175408 0.00146771 0.0110589 0.00183824 0.000851635
internal_weight=20314 7050 13264 793 607 12471
internal_count=20314 7050 13264 793 607 12471
is_linear=0
shrinkage=0.05


Tree=128
num_leaves=7
num_cat=0
split_feature=53 39 36 44 41 43
split_gain=19.7811 27.1707 27.1898 18.4603 41.578 57.1504
threshold=2.0658068656921391 -0.030362677760422226 -0.3538526445627212 0.14538802951574328 0.14512018114328387 0.092266600579023375
decision_type=10 2 2 2 2 2
left_child=3 -2 -3 -1 5 -5
right_child=1 2 -4 4 -6 -7
leaf_value=-6.7941875144863497e-06 -0.0011696056027875291 0.00069196369232075896 -0.00040832994446796019 -0.00089234744668913667 -0.00018061863749695831 0.00041029463073113427
leaf_weight=18684 62 70 118 94 411 787
leaf_count=18684 62 70 118 94 411 787
internal_value=-0.000102565 -0.0140196 -0.00401554 -3.75357e-06 0.0057633 0.0118792
internal_weight=20226 250 188 19976 1292 881
internal_count=20226 250 188 19976 1292 881
is_linear=0
shrinkage=0.05


Tree=129
num_leaves=7
num_cat=0
split_feature=32 35 44 48 35 45
split_gain=20.6308 50.1966 62.1245 39.4557 60.0567 45.5429
threshold=0.41482180356979376 -0.21418353915214536 0.062538623809814467 0.14182643592357638 -0.078089702874422059 0.056630991399288184
decision_type=2 2 2 2 2 2
left_child=1 2 -1 -3 -5 -6
right_child=-2 3 -4 4 5 -7
leaf_value=-0.00045248126387032101 -3.976563933094506e-05 3.0020984440654954e-05 -3.9517905959642939e-05 0.0007268473372121475 0.00051280397118454244 6.6754577748656782e-05
leaf_weight=255 6486 7165 4220 336 176 1724
leaf_count=255 6486 7165 4220 336 176 1724
internal_value=-3.31418e-05 0.00144622 -0.00290737 0.00352169 0.00931504 0.00581365
internal_weight=20362 13876 4475 9401 2236 1900
internal_count=20362 13876 4475 9401 2236 1900
is_linear=0
shrinkage=0.05


Tree=130
num_leaves=7
num_cat=0
split_feature=35 35 32 42 41 50
split_gain=18.0117 50.0049 54.3243 65.1463 41.9209 43.4354
threshold=0.42734219133853918 0.23481157422065738 0.47569148242473608 0.10101001337170602 0.069758985191583647 -0.46888765692710871
decision_type=2 2 2 2 2 2
left_child=1 -1 3 4 5 -3
right_child=-2 2 -4 -5 -6 -7
leaf_value=6.9241873980199679e-06 6.1701450501449782e-05 4.8071477670109136e-05 -0.0004029759019446872 -0.00040656466762299014 0.00040108276247254244 -0.00013578567375453808
leaf_weight=14752 3233 368 636 550 530 199
leaf_count=14752 3233 368 636 550 530 199
internal_value=-0.000127016 -0.000693955 -0.00757212 -0.0027391 0.00428766 -0.00511364
internal_weight=20268 17035 2283 1647 1097 567
internal_count=20268 17035 2283 1647 1097 567
is_linear=0
shrinkage=0.05


Tree=131
num_leaves=7
num_cat=0
split_feature=4 53 0 55 44 39
split_gain=16.1074 33.3213 32.6154 53.5121 41.7885 40.1333
threshold=-0.22276220470666883 -0.95138642191886891 0.016455072909593586 2026.8720703125002 0.13443547487258914 0.067430671304464354
decision_type=2 8 2 10 2 2
left_child=2 -2 5 4 -4 -1
right_child=1 -3 3 -5 -6 -7
leaf_value=-2.1621167824648189e-05 -0.00031354101061321194 -8.8533330104799734e-06 -7.2582503161453333e-06 0.00053563840332324867 0.00052212475158992615 0.00058156644176832271
leaf_weight=5471 507 11760 1544 475 297 160
leaf_count=5471 507 11760 1544 475 297 160
internal_value=-5.31678e-05 -0.00103691 0.00185174 0.00683972 0.00293879 -0.00019961
internal_weight=20214 12267 7947 2316 1841 5631
internal_count=20214 12267 7947 2316 1841 5631
is_linear=0
shrinkage=0.05


Tree=132
num_leaves=7
num_cat=0
split_feature=26 39 44 21 2 44
split_gain=17.7028 51.0676 57.3172 51.4862 45.5671 44.7038
threshold=0.14525019377470019 0.014370847493410112 0.095415633171796813 0.47499999403953558 0.0076847858726978311 0.11980484426021577
decision_type=2 2 2 2 2 2
left_child=-1 3 4 -2 -3 -5
right_child=1 2 -4 5 -6 -7
leaf_value=-1.0152767663232897e-05 0.00066530681086532048 -0.00036069585810013963 -0.00022299143342386203 -9.3692870814719687e-05 0.00066000962561396518 0.00038842689039946221
leaf_weight=18057 225 50 770 579 160 445
leaf_count=18057 225 50 770 579 160 445
internal_value=-0.000141688 0.00417413 -0.0043401 0.0108652 0.0184884 0.00600097
internal_weight=20286 2229 980 1249 210 1024
internal_count=20286 2229 980 1249 210 1024
is_linear=0
shrinkage=0.05


Tree=133
num_leaves=7
num_cat=0
split_feature=53 6 55 48 44 35
split_gain=17.7682 49.157 44.3552 40.687 34.7967 29.1859
threshold=-0.85807815194129933 0.18658252060413363 2026.8720703125002 -0.82842564582824696 0.10669307038187982 0.13489944487810138
decision_type=8 2 8 2 2 2
left_child=1 2 4 -4 -1 -5
right_child=-2 -3 3 5 -6 -7
leaf_value=-0.00058706324821702633 1.340737648365105e-05 -0.00030304381748892558 0.00052676525506695909 0.00050293431285723309 8.3892543587998482e-05 -0.0010978039081198075
leaf_weight=177 18730 739 286 50 316 63
leaf_count=177 18730 739 286 50 316 63
internal_value=-4.78739e-05 -0.00478301 0.00309365 0.0154084 -0.00687751 -0.0095339
internal_weight=20361 1631 892 399 493 113
internal_count=20361 1631 892 399 493 113
is_linear=0
shrinkage=0.05


Tree=134
num_leaves=7
num_cat=0
split_feature=48 21 24 21 45 60
split_gain=18.0211 44.8827 48.9375 49.3179 70.8664 45.0374
threshold=-0.063733182847499834 0.82500001788139354 0.018648978322744373 0.47499999403953558 0.1465302109718323 -1.0137695074081419
decision_type=2 2 2 2 2 10
left_child=-1 2 3 5 -5 -2
right_child=1 -3 -4 4 -6 -7
leaf_value=-2.794711735663344e-05 -0.00010573448385795244 -0.00011256020177130376 1.2444816505027444e-05 0.00055573516988749428 -0.00056264200932651116 0.00035092354467425454
leaf_weight=10228 715 1996 5790 923 52 533
leaf_count=10228 715 1996 5790 923 52 533
internal_value=-0.000186493 0.00151039 0.00318346 0.0094816 0.0178827 0.00285315
internal_weight=20237 10009 8013 2223 975 1248
internal_count=20237 10009 8013 2223 975 1248
is_linear=0
shrinkage=0.05


Tree=135
num_leaves=7
num_cat=0
split_feature=41 35 35 18 44 44
split_gain=20.2085 38.1194 61.2744 47.4026 37.0979 67.0526
threshold=0.068311776965856566 0.73876869678497326 0.84636071324348461 0.27500000596046453 0.081576347351074233 0.095415633171796813
decision_type=2 2 2 2 2 2
left_child=1 3 -3 -1 -5 -6
right_child=-2 2 -4 4 5 -7
leaf_value=-0.00019635771682122093 2.4279572909213538e-05 0.00045492750769355564 -0.00039696383286012111 2.6936822751108038e-05 -0.00044404998117265356 7.6863802026301857e-05
leaf_weight=981 16190 198 86 2303 343 344
leaf_count=981 16190 198 86 2303 343 344
internal_value=-9.6577e-05 -0.00272887 0.0147924 -0.00400528 -0.000859766 -0.0110188
internal_weight=20445 4255 284 3971 2990 687
internal_count=20445 4255 284 3971 2990 687
is_linear=0
shrinkage=0.05


Tree=136
num_leaves=7
num_cat=0
split_feature=35 35 41 36 42 9
split_gain=16.1153 39.6088 46.374 49.5034 42.7571 49.6241
threshold=0.42734219133853918 0.25494788587093359 0.10142985358834268 0.56091174483299266 0.10515353456139566 -0.022107339464128014
decision_type=2 2 2 2 2 2
left_child=1 -1 3 4 5 -3
right_child=-2 2 -4 -5 -6 -7
leaf_value=3.8695931991843997e-06 5.3240184511798545e-05 0.00034636145463859701 -0.00050408981008001857 -0.00034937152120442826 -0.00051240354225355069 -3.1502696544535054e-05
leaf_weight=15176 3216 418 522 344 114 571
leaf_count=15176 3216 418 522 344 114 571
internal_value=-4.78739e-05 -0.000695335 -0.00735816 -0.00270317 0.00245939 0.00586016
internal_weight=20361 17145 1969 1447 1103 989
internal_count=20361 17145 1969 1447 1103 989
is_linear=0
shrinkage=0.05


Tree=137
num_leaves=7
num_cat=0
split_feature=42 44 1 45 0 43
split_gain=19.2557 50.293 46.1447 40.7928 37.5952 42.9961
threshold=0.11186691001057626 0.097202308475971236 0.062835317105054869 0.11137598380446435 -0.0064060518052428952 0.082476329058408751
decision_type=2 2 2 2 2 2
left_child=2 -2 3 -1 5 -3
right_child=1 4 -4 -5 -6 -7
leaf_value=5.7199168774822754e-06 0.00060096484378125814 0.00091325701796145405 -0.00047648175099929265 -0.00023718845315975575 0.00013109008830576637 -0.00013018676940598022
leaf_weight=12765 269 108 356 959 3321 2513
leaf_count=12765 269 108 356 959 3321 2513
internal_value=-0.000107164 0.00249759 -0.000843095 -0.000376939 0.00152598 -0.00294174
internal_weight=20291 6211 14080 13724 5942 2621
internal_count=20291 6211 14080 13724 5942 2621
is_linear=0
shrinkage=0.05


Tree=138
num_leaves=7
num_cat=0
split_feature=0 55 36 44 26 12
split_gain=16.6266 56.0201 56.5768 55.8824 51.3671 48.6707
threshold=-0.012241470161825417 7.6748301982879648 -0.055148471146821969 0.15562175214290622 -0.058132091537117951 0.05220258608460427
decision_type=2 10 2 2 2 2
left_child=1 4 -3 5 -1 -4
right_child=-2 2 3 -5 -6 -7
leaf_value=-0.00038778761669869076 1.4622707801548695e-05 -1.1965523288158651e-05 -0.00026690856766225352 0.00033875198339132576 5.4164298406014693e-05 -0.00099990126955272246
leaf_weight=514 12690 1243 944 129 4558 213
leaf_count=514 12690 1243 944 129 4558 213
internal_value=-0.000171216 -0.00214633 -0.00821823 -0.01555 0.000881426 -0.0190404
internal_weight=20291 7601 2529 1286 5072 1157
internal_count=20291 7601 2529 1286 5072 1157
is_linear=0
shrinkage=0.05


Tree=139
num_leaves=7
num_cat=0
split_feature=44 41 45 4 25 39
split_gain=12.6352 50.665 63.5464 56.6914 34.182 32.964
threshold=0.14538802951574328 0.14512018114328387 0.096387512981891646 -0.18756110966205594 0.049642881378531463 -0.016996718011796471
decision_type=2 2 2 2 2 2
left_child=-1 2 -2 5 -4 -3
right_child=1 3 4 -5 -6 -7
leaf_value=-1.5626310068753581e-06 -0.00069468183764671582 -0.00035755878733058436 0.00051630261497916617 -0.00064909253949010394 -0.00018389775712094586 0.00060879632191857512
leaf_weight=18936 87 72 682 207 100 143
leaf_count=18936 87 72 682 207 100 143
internal_value=-0.000142102 0.00503472 0.0119279 -0.00907494 0.0164867 0.00875
internal_weight=20227 1291 869 422 782 215
internal_count=20227 1291 869 422 782 215
is_linear=0
shrinkage=0.05


Tree=140
num_leaves=7
num_cat=0
split_feature=6 32 26 2 42 46
split_gain=16.0825 23.4441 46.8795 37.8012 50.3147 27.1319
threshold=0.98390597105026256 1.3465086221694949 0.26798728108406072 0.010256743524223568 0.068225175142288222 1.1389787793159487
decision_type=2 2 2 2 2 2
left_child=1 -1 3 4 -3 -5
right_child=-2 2 -4 5 -6 -7
leaf_value=3.5889687403224507e-07 -0.00012475216721464979 0.00042125686503341529 -0.0014014338756625736 0.0010543161136526058 -0.00040497351814063921 0.00023786355013593013
leaf_weight=18272 1301 71 61 208 152 190
leaf_count=18272 1301 71 61 208 152 190
internal_value=-0.000127098 0.00035735 0.00942504 0.0136182 -0.00274123 0.0227667
internal_weight=20255 18954 682 621 223 398
internal_count=20255 18954 682 621 223 398
is_linear=0
shrinkage=0.05


Tree=141
num_leaves=7
num_cat=0
split_feature=53 39 11 36 53 44
split_gain=14.9585 31.1918 30.0668 18.7435 32.54 29.7639
threshold=-1.3678575754165647 -0.043750651180744164 -0.022124528884887692 -0.58758634328842152 -0.32697296142578119 0.097202308475971236
decision_type=8 2 2 2 8 2
left_child=1 -1 -3 4 -2 -6
right_child=3 2 -4 -5 5 -7
leaf_value=0.00055567422762748211 0.00046237733466113293 9.3900536337044877e-05 -0.00044417635341277741 2.6070031685494017e-05 -0.00018749491579360931 2.9127693647277448e-05
leaf_weight=107 192 193 370 16054 1900 1511
leaf_count=107 192 193 370 16054 1900 1511
internal_value=-8.73008e-05 -0.00692593 -0.0116637 0.000642102 -0.00261225 -0.00375439
internal_weight=20327 670 563 19657 3603 3411
internal_count=20327 670 563 19657 3603 3411
is_linear=0
shrinkage=0.05


Tree=142
num_leaves=7
num_cat=0
split_feature=25 46 3 39 32 3
split_gain=20.4458 37.2605 35.1623 56.1509 54.96 47.1182
threshold=0.011036791838705541 0.8906935751438142 0.0079711414873600023 -0.030362677760422226 -0.10010753944516181 0.012194187846034767
decision_type=2 2 2 2 2 2
left_child=-1 -2 4 -4 -3 -5
right_child=1 2 3 5 -6 -7
leaf_value=2.2453089788785277e-05 -0.00015591280422477496 -0.00047077646400514752 -0.00032726871384784756 0.00024575595103953191 -3.3322188775851109e-05 -0.00020822458750183317
leaf_weight=13676 1670 271 280 2396 1451 674
leaf_count=13676 1670 271 280 2396 1451 674
internal_value=-8.69118e-05 -0.00205647 7.38625e-05 0.00306259 -0.00571801 0.00503252
internal_weight=20418 6742 5072 3350 1722 3070
internal_count=20418 6742 5072 3350 1722 3070
is_linear=0
shrinkage=0.05


Tree=143
num_leaves=7
num_cat=0
split_feature=23 47 42 39 3 42
split_gain=20.0217 29.3746 47.2954 36.4947 29.1067 61.9322
threshold=-0.017899247817695137 1.2723106741905215 0.10236653313040735 0.054373517632484443 0.012864700984209778 0.12764507532119754
decision_type=2 2 2 2 2 2
left_child=1 3 -3 -1 -2 -6
right_child=4 2 -4 -5 5 -7
leaf_value=-1.4132043535906381e-05 7.9495402000109708e-06 -0.00026415077212435929 0.0006022445824677788 0.00060915417945666122 0.00091540592008161267 -0.00027494128516696893
leaf_weight=2173 15533 147 403 256 200 1529
leaf_count=2173 15533 147 403 256 200 1529
internal_value=-0.000117307 0.00416387 0.0145495 0.00177691 -0.000270748 -0.0064158
internal_weight=20241 2979 550 2429 17262 1729
internal_count=20241 2979 550 2429 17262 1729
is_linear=0
shrinkage=0.05


Tree=144
num_leaves=7
num_cat=0
split_feature=39 46 0 21 39 35
split_gain=20.1716 41.1428 47.1071 54.1685 44.6426 38.2388
threshold=0.035701496526598937 1.2057897448539736 0.0024540697922930126 0.72499999403953563 0.044023074209690101 0.76225727796554577
decision_type=2 2 2 2 2 2
left_child=-1 5 4 -4 -3 -2
right_child=1 2 3 -5 -6 -7
leaf_value=1.5553279185431682e-05 -9.0039574272068141e-05 -0.00022422636269956483 -0.00039408408134077754 0.00028590381089662568 0.001057646901503427 -0.00083828048290166934
leaf_weight=15814 3397 111 225 264 384 114
leaf_count=15814 3397 111 225 264 384 114
internal_value=-0.00018091 -0.00296111 0.00604146 -0.00490891 0.01685 -0.0054963
internal_weight=20309 4495 984 489 495 3511
internal_count=20309 4495 984 489 495 3511
is_linear=0
shrinkage=0.05


Tree=145
num_leaves=7
num_cat=0
split_feature=27 49 36 38 0 27
split_gain=17.8682 35.5785 30.2588 29.1722 24.9816 28.5396
threshold=0.063588406890630736 1.1911891698837282 -0.12343106791377066 -0.002435785834677517 -0.1005539298057556 0.09843845292925836
decision_type=2 2 2 2 2 2
left_child=-1 4 3 -3 5 -2
right_child=1 2 -4 -5 -6 -7
leaf_value=6.8904214550998336e-06 0.0008663008248093137 -0.00017723077119148774 -9.291476252105682e-05 0.00094299208954988587 -0.00043065062297205923 -0.00037754382721579818
leaf_weight=19042 78 61 354 187 567 64
leaf_count=19042 78 61 354 187 567 64
internal_value=-3.80686e-05 -0.0056421 0.00325371 0.016502 -0.0132003 0.00527211
internal_weight=20353 1311 602 248 709 142
internal_count=20353 1311 602 248 709 142
is_linear=0
shrinkage=0.05


Tree=146
num_leaves=7
num_cat=0
split_feature=39 22 46 47 11 10
split_gain=19.2701 43.1566 41.7647 34.8059 42.3982 38.8683
threshold=0.035701496526598937 0.27500000596046453 1.169075667858124 1.2984719872474673 0.010978204663842918 -0.15148562192916867
decision_type=2 2 2 2 2 2
left_child=2 -2 3 5 -5 -1
right_child=1 -3 -4 4 -6 -7
leaf_value=-0.0004245239847012795 -0.0001970029596572982 -4.3939642075184038e-07 -0.00019334266401430133 0.00035219506688824177 -0.00013104500668847168 2.6679069044484746e-05
leaf_weight=506 1108 3329 1376 585 247 13067
leaf_count=506 1108 3329 1376 585 247 13067
internal_value=-0.000142165 -0.0028647 0.000863107 0.00166031 0.0115591 0.00104765
internal_weight=20218 4437 15781 14405 832 13573
internal_count=20218 4437 15781 14405 832 13573
is_linear=0
shrinkage=0.05


Tree=147
num_leaves=7
num_cat=0
split_feature=22 38 1 54 46 12
split_gain=16.1632 54.6846 42.2368 29.3302 28.447 32.1569
threshold=0.22500000149011615 -0.014965396374464033 -0.024291090667247769 -0.006309960037469863 0.78446593880653392 -0.071141377091407762
decision_type=2 2 2 8 2 2
left_child=1 3 -3 -1 -4 -6
right_child=-2 2 4 -5 5 -7
leaf_value=-0.00012981504894458157 2.4254960863280206e-05 0.00010876158964121382 4.8680722300537647e-05 0.00023792002429755775 0.00049625863832254832 -0.00014664586961992782
leaf_weight=143 16250 695 188 473 98 2406
leaf_count=143 16250 695 188 473 98 2406
internal_value=-1.85112e-05 -0.00240145 -0.00490124 0.0112319 -0.00774008 -0.00915703
internal_weight=20253 4003 3387 616 2692 2504
internal_count=20253 4003 3387 616 2692 2504
is_linear=0
shrinkage=0.05


Tree=148
num_leaves=7
num_cat=0
split_feature=35 44 44 42 9 22
split_gain=19.041 67.2271 73.3539 60.9813 50.284 42.4226
threshold=-0.51912778615951527 0.062538623809814467 0.080247949808835997 0.077900953590869917 -0.055985575541853898 0.17500000447034839
decision_type=2 2 2 2 2 2
left_child=1 4 -3 -4 -1 -5
right_child=-2 2 3 5 -6 -7
leaf_value=0.00015703947547259826 1.4418133125420599e-05 0.00028776508941673725 -0.00063592485239277654 -0.00057321141986159429 -0.00060297208548113445 -2.0409214435524664e-06
leaf_weight=73 16583 584 342 111 220 2357
leaf_count=73 16583 584 342 111 220 2357
internal_value=-0.000117139 -0.0031487 -0.00114004 -0.00450266 -0.0259228 -0.00172867
internal_weight=20270 3687 3394 2810 293 2468
internal_count=20270 3687 3394 2810 293 2468
is_linear=0
shrinkage=0.05


Tree=149
num_leaves=7
num_cat=0
split_feature=23 46 47 0 38 55
split_gain=15.4319 33.8379 33.1791 45.5204 50.8195 29.7751
threshold=-0.00063607454649172712 0.87005481123924266 1.1869570612907412 -0.1005539298057556 -1.0000000180025095e-35 15530.144531250002
decision_type=2 2 2 2 2 8
left_child=1 -1 -2 -4 -5 -6
right_child=2 -3 3 4 5 -7
leaf_value=9.8767101927071816e-05 3.6461990748680802e-07 -3.3009509390325136e-06 0.0010270222603581106 5.3278995395986611e-05 -0.00066193616553991079 -0.00030400755106980656
leaf_weight=2257 8675 7401 58 680 140 1028
leaf_count=2257 8675 7401 58 680 140 1028
internal_value=-7.78008e-05 0.00146694 -0.00129652 -0.0072606 -0.00867512 -0.0149829
internal_weight=20239 9658 10581 1906 1848 1168
internal_count=20239 9658 10581 1906 1848 1168
is_linear=0
shrinkage=0.05


Tree=150
num_leaves=7
num_cat=0
split_feature=0 39 29 7 46 43
split_gain=16.2792 30.0263 16.4295 36.5793 35.1239 31.6578
threshold=0.088774334639310851 0.0044379422906786212 -0.052237732335925095 0.69629201292991649 0.87005481123924266 0.09465904533863069
decision_type=2 2 2 2 2 2
left_child=2 -2 3 4 -1 -6
right_child=1 -3 -4 -5 5 -7
leaf_value=0.00049469319797030556 0.00020821938691351524 -0.0006086222636380572 -3.4842971678941943e-06 -0.00034253969370432531 0.00030195382995104386 -4.0847037050744527e-06
leaf_weight=304 122 207 17900 167 358 1246
leaf_count=304 122 207 17900 167 358 1246
internal_value=-0.000107095 -0.0108533 0.000276527 0.00448317 0.0064689 0.00346489
internal_weight=20304 329 19975 2075 1908 1604
internal_count=20304 329 19975 2075 1908 1604
is_linear=0
shrinkage=0.05


Tree=151
num_leaves=7
num_cat=0
split_feature=24 43 36 1 39 38
split_gain=14.31 27.851 21.162 20.3028 27.4579 20.0277
threshold=-0.14379888772964475 0.13738768547773364 0.18126974999904635 0.088893268257379546 0.0071498621255159387 -0.021444555371999737
decision_type=2 2 2 2 2 2
left_child=1 -1 -3 -2 5 -5
right_child=3 2 -4 4 -6 -7
leaf_value=-0.00029298377393877632 3.4342760937059599e-06 0.001432014505149358 -0.00018523990278081594 0.00014528078630226751 0.00011082002863482305 -0.00048984947355361407
leaf_weight=114 19314 153 56 60 178 279
leaf_count=114 19314 153 56 60 178 279
internal_value=-8.805e-05 0.0104421 0.0211449 -8.69631e-05 -0.00981801 -0.0180959
internal_weight=20154 323 209 19831 517 339
internal_count=20154 323 209 19831 517 339
is_linear=0
shrinkage=0.05


Tree=152
num_leaves=7
num_cat=0
split_feature=27 48 41 10 5 5
split_gain=17.8934 33.2645 52.5588 33.6529 45.2707 25.1072
threshold=0.063588406890630736 1.1723064184188845 0.12976291775703433 0.027355414815247062 0.87970301508903515 0.87970301508903515
decision_type=2 2 2 2 2 2
left_child=-1 5 3 4 -3 -2
right_child=1 2 -4 -5 -6 -7
leaf_value=6.983289353455378e-06 -0.00019013120930141578 0.00028958539813530904 -0.00055599524094628028 0.00052879820711563099 -0.00052877910415476202 -0.000764093366024091
leaf_weight=19018 338 183 205 368 102 123
leaf_count=19018 338 183 205 368 102 123
internal_value=-0.000111838 -0.00560801 0.000202781 0.00718085 -0.00560345 -0.0163627
internal_weight=20337 1319 858 653 285 461
internal_count=20337 1319 858 653 285 461
is_linear=0
shrinkage=0.05


Tree=153
num_leaves=7
num_cat=0
split_feature=39 46 23 22 0 22
split_gain=14.5697 41.075 27.4979 14.9138 14.5661 36.859
threshold=0.067430671304464354 0.97475373744964611 0.0027188997482880954 0.32500000298023229 -0.042682370170950883 0.47499999403953558
decision_type=2 2 2 2 2 2
left_child=4 2 -2 -3 5 -1
right_child=1 3 -4 -5 -6 -7
leaf_value=-0.00028053142454759737 3.8104690003021848e-05 2.4076622525377216e-06 -0.0007754205481712022 0.00044279565288204688 9.7034147930039928e-06 -4.3136498080249882e-06
leaf_weight=661 116 126 64 338 16780 2185
leaf_count=661 116 126 64 338 16780 2185
internal_value=-0.000156597 0.00766564 -0.0122973 0.0155117 4.96663e-05 -0.00325324
internal_weight=20270 644 180 464 19626 2846
internal_count=20270 644 180 464 19626 2846
is_linear=0
shrinkage=0.05


Tree=154
num_leaves=7
num_cat=0
split_feature=55 40 32 47 55 55
split_gain=18.5053 47.5969 44.3874 54.4792 79.6262 43.1339
threshold=29199.973632812504 0.12223341315984727 0.29535536468029028 0.84932816028594982 9631.8266601562518 7.6748301982879648
decision_type=8 2 2 2 8 8
left_child=1 2 3 4 -1 -4
right_child=-2 -3 5 -5 -6 -7
leaf_value=0.00076109474422956364 1.7415927735932488e-05 -0.000295652385354201 0.00017888724413434086 -2.855610640169727e-05 -0.00016435203049198037 -0.00028037637526646784
leaf_weight=620 15474 1198 264 1529 323 849
leaf_count=620 15474 1198 264 1529 323 849
internal_value=-7.27964e-05 -0.00251149 0.000369081 0.00410779 0.0135285 -0.00789356
internal_weight=20257 4783 3585 2472 943 1113
internal_count=20257 4783 3585 2472 943 1113
is_linear=0
shrinkage=0.05


Tree=155
num_leaves=7
num_cat=0
split_feature=23 47 42 46 42 51
split_gain=17.6747 27.5649 47.4374 20.578 28.3468 35.469
threshold=-0.0142726544290781 1.2723106741905215 0.10515353456139566 0.89705806970596325 0.11401728913187982 0.007633971283212305
decision_type=2 2 2 2 2 8
left_child=1 3 -3 -1 5 -5
right_child=-2 2 -4 4 -6 -7
leaf_value=0.00020019525019902533 -8.6908023729095537e-06 -0.00020875349534919211 0.00055200632705044235 -0.000158905910591752 -0.00023326096535464008 0.0001929097913096816
leaf_weight=800 16350 199 445 601 789 1155
leaf_count=800 16350 199 445 601 789 1155
internal_value=-0.000101996 0.00316099 0.0125963 0.0013209 -0.000872549 0.00265474
internal_weight=20339 3989 644 3345 2545 1756
internal_count=20339 3989 644 3345 2545 1756
is_linear=0
shrinkage=0.05


Tree=156
num_leaves=7
num_cat=0
split_feature=35 45 43 40 49 35
split_gain=14.7742 42.9245 62.7006 43.4679 47.0003 49.3799
threshold=0.42734219133853918 0.053773505613207824 0.07342590764164926 0.10322997346520425 -0.12648059427738187 0.76225727796554577
decision_type=2 2 2 2 2 2
left_child=-1 -2 -3 4 -4 -6
right_child=1 2 3 -5 5 -7
leaf_value=-1.4009042203204055e-05 0.00046655273824853518 -0.0001462778676422184 0.00044988143721525419 -0.0001879349172065841 0.00025387072463906854 -0.0003668938864376535
leaf_weight=17003 291 795 652 594 599 308
leaf_count=17003 291 795 652 594 599 308
internal_value=-0.000132118 0.00287454 0.00104131 0.00547961 0.00986253 0.00243969
internal_weight=20242 3239 2948 2153 1559 907
internal_count=20242 3239 2948 2153 1559 907
is_linear=0
shrinkage=0.05


Tree=157
num_leaves=7
num_cat=0
split_feature=11 39 46 47 3 44
split_gain=15.5661 28.9066 35.5891 41.2806 40.0488 34.91
threshold=-0.0068539986386895171 0.040385304018855102 1.2057897448539736 1.1271753907203677 0.0060770129784941682 0.10250987485051156
decision_type=2 2 2 2 2 2
left_child=-1 5 -3 4 -4 -2
right_child=1 2 3 -5 -6 -7
leaf_value=4.8698443502879319e-05 3.7387733890036625e-05 -0.00021360586882636273 -7.6944161586105662e-05 -0.00050282283006666123 0.00081133259465620492 -5.9793555490909173e-05
leaf_weight=5975 6375 2018 126 157 254 5380
leaf_count=5975 6375 2018 126 157 254 5380
internal_value=-0.000141695 -0.000976249 -0.00579102 0.00558118 0.0144805 7.01531e-05
internal_weight=20285 14310 2555 537 380 11755
internal_count=20285 14310 2555 537 380 11755
is_linear=0
shrinkage=0.05


Tree=158
num_leaves=7
num_cat=0
split_feature=42 3 45 55 22 38
split_gain=19.1452 62.2699 43.5387 36.0483 66.1626 33.5947
threshold=0.10236653313040735 0.0083806272596120852 0.10348500311374666 11.052515506744387 0.87500000000000011 0.016418711282312873
decision_type=2 2 2 8 2 2
left_child=2 -2 3 5 -5 -1
right_child=1 -3 -4 4 -6 -7
leaf_value=0.00056683373856477508 0.00075785635011350709 3.5755043283875906e-05 -0.0002958154930884345 3.0095188376110015e-06 -0.00041700898214022946 -0.00019458627585782422
leaf_weight=299 233 8028 891 10323 462 69
leaf_count=299 233 8028 891 10323 462 69
internal_value=-0.00010709 0.00220481 -0.000919163 -6.49758e-05 -0.000595459 0.0152145
internal_weight=20305 8261 12044 11153 10785 368
internal_count=20305 8261 12044 11153 10785 368
is_linear=0
shrinkage=0.05


Tree=159
num_leaves=7
num_cat=0
split_feature=26 36 32 46 44 46
split_gain=19.5555 35.1039 34.3253 43.5313 42.6455 31.9713
threshold=0.14525019377470019 0.78262251615524303 0.23813196271657947 0.95715859532356273 0.10097973048686983 0.73887035250663768
decision_type=2 2 2 2 2 2
left_child=-1 2 -2 5 -5 -4
right_child=1 -3 3 4 -6 -7
leaf_value=-9.2245177035201628e-06 0.00044634685225451444 0.00054394327105605712 0.0003543407952017884 0.00052502374477461286 3.6339769554998148e-05 -0.00023751984832083009
leaf_weight=18029 275 158 81 234 819 696
leaf_count=18029 275 158 81 234 819 696
internal_value=-0.000126866 0.00446429 0.00271327 0.00020436 0.00682892 -0.00872762
internal_weight=20292 2263 2105 1830 1053 777
internal_count=20292 2263 2105 1830 1053 777
is_linear=0
shrinkage=0.05


Tree=160
num_leaves=7
num_cat=0
split_feature=24 43 26 3 20 42
split_gain=13.1486 31.9524 18.4498 35.4596 55.0684 39.3308
threshold=-0.14379888772964475 0.13738768547773364 -0.088740434497594819 0.011250553652644159 0.72499999403953563 0.11186691001057626
decision_type=2 2 2 2 2 2
left_child=1 -1 -2 -4 5 -5
right_child=2 -3 3 4 -6 -7
leaf_value=-0.00037042884102424017 -9.8865997565335359e-05 0.00087322388638250115 -9.6207413926870287e-06 -0.00021724317449406169 -5.020730346033553e-05 0.00034409016266367877
leaf_weight=117 3037 218 14180 194 1222 1364
leaf_count=117 3037 218 14180 194 1222 1364
internal_value=-0.000126617 0.00977941 -0.000136236 0.000505452 0.00566427 0.0118842
internal_weight=20332 335 19997 16960 2780 1558
internal_count=20332 335 19997 16960 2780 1558
is_linear=0
shrinkage=0.05


Tree=161
num_leaves=7
num_cat=0
split_feature=45 47 55 17 36 22
split_gain=14.3039 58.0072 36.7538 57.6906 51.278 50.0438
threshold=0.11755584925413133 0.82736662030220043 31130.375000000004 0.77500000596046459 -0.32842807471752161 0.92499998211860668
decision_type=2 2 8 2 2 2
left_child=-1 -2 -3 4 5 -4
right_child=1 2 3 -5 -6 -7
leaf_value=-1.6341560453837604e-05 0.0005354923434879882 -0.0001268403312507764 0.00019502368695290993 -0.00013866286573513319 0.00036922841094967748 -0.00098705744367345166
leaf_weight=15320 234 1714 508 1032 1190 196
leaf_count=15320 234 1714 508 1032 1190 196
internal_value=-9.77771e-05 0.00222894 0.00098493 0.0043927 0.00957083 -0.00109309
internal_weight=20194 4874 4640 2926 1894 704
internal_count=20194 4874 4640 2926 1894 704
is_linear=0
shrinkage=0.05


Tree=162
num_leaves=7
num_cat=0
split_feature=39 46 11 48 10 39
split_gain=17.3753 33.9841 20.6718 18.1964 19.0623 16.2369
threshold=0.067430671304464354 0.97475373744964611 0.00098844588501378916 0.46946804225444799 -0.017468447797000405 0.035701496526598937
decision_type=2 2 2 2 2 2
left_child=5 2 -2 4 -3 -1
right_child=1 3 -4 -5 -6 -7
leaf_value=8.3229355355146397e-06 6.1463563712813019e-05 7.4606690694278149e-05 -0.00056763042750308313 -2.3972008515384723e-06 0.00074919325411703882 -8.1716556256909798e-05
leaf_weight=15859 119 113 72 124 216 3837
leaf_count=15859 119 113 72 124 216 3837
internal_value=-9.21602e-05 0.00812789 -0.00931122 0.0155568 0.0216317 -0.000186539
internal_weight=20340 644 191 453 329 19696
internal_count=20340 644 191 453 329 19696
is_linear=0
shrinkage=0.05


Tree=163
num_leaves=7
num_cat=0
split_feature=48 22 44 24 51 20
split_gain=18.9637 38.9419 74.1862 41.6147 70.5865 39.728
threshold=-0.12688010185956952 0.82500001788139354 0.10669307038187982 0.018648978322744373 0.036311311647295959 0.82500001788139354
decision_type=2 2 2 2 10 2
left_child=-1 3 -3 4 -2 -4
right_child=1 2 5 -5 -6 -7
leaf_value=-2.6276155779095898e-05 0.00015654822228716421 -0.0005502270716082878 9.226460108782659e-05 1.6948560636306945e-05 0.0014143644781946635 -0.00030975380065021091
leaf_weight=9831 2224 331 1270 5991 167 437
leaf_count=9831 2224 331 1270 5991 167 437
internal_value=-4.31971e-05 0.00169544 -0.00449094 0.00320436 0.00877504 -0.000248248
internal_weight=20251 10420 2038 8382 2391 1707
internal_count=20251 10420 2038 8382 2391 1707
is_linear=0
shrinkage=0.05


Tree=164
num_leaves=7
num_cat=0
split_feature=29 27 0 6 46 41
split_gain=15.5352 36.3813 60.029 26.6865 26.1157 24.9849
threshold=0.10298141837120058 0.063588406890630736 -0.018540859222412106 0.7180255949497224 0.99843451380729686 0.12603459507226947
decision_type=2 2 2 2 2 2
left_child=1 -1 -3 -4 -2 -6
right_child=4 2 3 -5 5 -7
leaf_value=6.80537721360915e-06 -0.00022636732873033876 -0.00044393768485765983 -0.00056650131472127439 0.00036382942998431549 0.00068444994905033382 -0.00016581652022976375
leaf_weight=18763 165 550 57 204 338 127
leaf_count=18763 165 550 57 204 338 127
internal_value=-4.82458e-05 -0.000111088 -0.0104473 0.00911654 0.00783465 0.013883
internal_weight=20204 19574 811 261 630 465
internal_count=20204 19574 811 261 630 465
is_linear=0
shrinkage=0.05


Tree=165
num_leaves=7
num_cat=0
split_feature=22 44 2 45 32 36
split_gain=14.8498 49.3291 34.3707 61.8079 56.9224 57.3432
threshold=0.47499999403953558 0.070322256535291686 0.0065561728551983842 0.091219026595354094 0.44551686942577368 -0.70153671503067005
decision_type=2 2 2 2 2 2
left_child=-1 -2 -3 4 5 -4
right_child=1 2 3 -5 -6 -7
leaf_value=-2.3960016594892365e-05 0.00048030038534397393 -0.00016802884786505572 -0.00011631038004675356 -1.0229136744827582e-05 -1.1668170841748786e-06 0.00056879261201037785
leaf_weight=9141 160 724 204 8209 938 985
leaf_count=9141 160 724 204 8209 938 985
internal_value=-0.000160807 0.00119154 0.000784004 0.00152548 0.00911116 0.0163526
internal_weight=20361 11220 11060 10336 2127 1189
internal_count=20361 11220 11060 10336 2127 1189
is_linear=0
shrinkage=0.05


Tree=166
num_leaves=7
num_cat=0
split_feature=26 39 47 26 55 2
split_gain=17.5706 37.4383 65.2007 38.6251 35.863 37.5703
threshold=0.10393329337239267 0.014370847493410112 0.85693174600601207 0.23376455157995227 7.6748301982879648 0.0065561728551983842
decision_type=2 2 2 2 10 2
left_child=-1 4 -3 -4 5 -2
right_child=1 2 3 -5 -6 -7
leaf_value=-1.1880217325500355e-05 -0.00014672971216929276 -0.00075638291674564294 0.00014490706301708696 -0.00025745892962014981 -0.00016115793893334914 0.00027272892348080644
leaf_weight=16804 209 215 978 286 335 1505
leaf_count=16804 209 215 978 286 335 1505
internal_value=-0.000121699 0.00333286 -0.00271226 0.00163515 0.00770448 0.0106312
internal_weight=20332 3528 1479 1264 2049 1714
internal_count=20332 3528 1479 1264 2049 1714
is_linear=0
shrinkage=0.05


Tree=167
num_leaves=7
num_cat=0
split_feature=11 27 52 46 42 43
split_gain=14.8739 25.8157 34.023 33.8379 60.2853 58.2328
threshold=0.0042968492489308127 0.0024600393371656541 -0.026490698568522927 0.95715859532356273 0.095419403165578856 0.09465904533863069
decision_type=2 2 8 2 2 2
left_child=-1 2 -2 -3 -5 -6
right_child=1 3 -4 4 5 -7
leaf_value=1.3514037833181354e-05 -0.00080711756852750577 -9.3997754025566271e-05 -0.00011183319590558644 -7.5722746561698913e-05 0.00096542637523587343 0.00018652015621958623
leaf_weight=12644 108 2290 2011 1846 184 1341
leaf_count=12644 108 2290 2011 1846 184 1341
internal_value=-0.000155416 -0.00194926 -0.00665019 -0.000180904 0.00299911 0.0103431
internal_weight=20424 7780 2119 5661 3371 1525
internal_count=20424 7780 2119 5661 3371 1525
is_linear=0
shrinkage=0.05


Tree=168
num_leaves=7
num_cat=0
split_feature=44 45 47 6 55 23
split_gain=15.3678 34.4948 43.3896 35.5211 33.0203 32.2467
threshold=0.14538802951574328 0.096387512981891646 0.8891514539718629 0.63330557942390453 11.052515506744387 0.0020092964405193929
decision_type=2 2 2 2 8 2
left_child=-1 -2 3 -3 -5 -4
right_child=1 2 5 4 -6 -7
leaf_value=-4.9863974390876941e-06 -0.00052656261653969783 0.00094933611636985175 0.00014683726409430573 -0.00021319507218348551 0.00030518948494814179 -0.00038717099238652804
leaf_weight=19001 94 225 339 103 270 270
leaf_count=19001 94 225 339 103 270 270
internal_value=-0.00011203 0.00537902 0.00769389 0.0172056 0.00747354 -0.00166938
internal_weight=20302 1301 1207 598 373 609
internal_count=20302 1301 1207 598 373 609
is_linear=0
shrinkage=0.05


Tree=169
num_leaves=7
num_cat=0
split_feature=10 35 47 12 47 24
split_gain=14.1108 45.0922 42.5999 49.4265 36.6423 40.9441
threshold=0.027355414815247062 -0.80303663015365589 0.81033349037170421 -0.033486794680356972 0.72264596819877636 0.071448881179094328
decision_type=2 2 2 2 2 2
left_child=2 -2 3 -1 5 -5
right_child=1 -3 -4 4 -6 -7
leaf_value=0.00047778045755686763 -0.00047217768048927756 4.9822610406169795e-05 -6.0030475934281798e-05 -1.4677072009364863e-05 0.00014262303632263122 -0.00087725580007897211
leaf_weight=415 268 8353 8888 1003 1244 129
leaf_count=415 268 8353 8888 1003 1244 129
internal_value=-4.80177e-05 0.00176501 -0.000900805 0.00447961 0.00166947 -0.0048153
internal_weight=20300 8621 11679 2791 2376 1132
internal_count=20300 8621 11679 2791 2376 1132
is_linear=0
shrinkage=0.05


Tree=170
num_leaves=7
num_cat=0
split_feature=42 41 1 32 36 11
split_gain=15.477 46.2392 44.196 35.7433 30.8154 40.607
threshold=0.15628572553396228 0.095118984580039992 0.088893268257379546 -0.83226525783538807 0.41924083232879644 -0.0025903810746967788
decision_type=2 2 2 2 2 2
left_child=2 -2 -1 -3 5 -5
right_child=1 3 -4 4 -6 -7
leaf_value=2.5916487944457317e-06 0.0016198162346803893 0.00083711200518191077 -0.00037290130594183938 0.00017057119015470657 0.00079166200167839164 -0.00022699166130567204
leaf_weight=18535 62 117 427 458 75 594
leaf_count=18535 62 117 427 458 75 594
internal_value=-4.80935e-05 0.00539664 -0.000220119 0.00318255 0.000375442 -0.0018685
internal_weight=20268 1306 18962 1244 1127 1052
internal_count=20268 1306 18962 1244 1127 1052
is_linear=0
shrinkage=0.05


Tree=171
num_leaves=7
num_cat=0
split_feature=35 45 43 22 17 43
split_gain=15.5918 41.4352 52.8957 46.367 37.9095 36.6717
threshold=0.42734219133853918 0.053773505613207824 0.07342590764164926 0.075000001117587103 0.32500000298023229 0.090940389782190337
decision_type=2 2 2 2 2 2
left_child=-1 3 -3 -2 -4 -6
right_child=1 2 4 -5 5 -7
leaf_value=-1.507828594388129e-05 -6.3857549886993099e-05 -0.0001268779385570904 0.00041753868656272449 0.00069548156532095202 0.00018555020903007278 -0.00017152471404379457
leaf_weight=17079 69 775 642 221 807 725
leaf_count=17079 69 775 642 221 807 725
internal_value=-9.71805e-05 0.00305949 0.001261 0.0209322 0.00526618 0.000959662
internal_weight=20318 3239 2949 290 2174 1532
internal_count=20318 3239 2949 290 2174 1532
is_linear=0
shrinkage=0.05


Tree=172
num_leaves=7
num_cat=0
split_feature=0 1 22 45 46 52
split_gain=16.8107 41.1121 33.7101 56.6504 36.9241 50.2144
threshold=-0.039683545008301728 0.052968041971325881 0.47499999403953558 0.071472220122814192 1.0371347069740298 0.00056516632321290683
decision_type=2 2 2 2 2 10
left_child=1 2 3 -1 5 -4
right_child=-2 -3 4 -5 -6 -7
leaf_value=0.00032790183666207346 1.0090068155761586e-05 -0.00043421456995615198 -0.00024422283141653072 -0.00030551862090648184 0.0002755443396243972 0.00033167928854379095
leaf_weight=122 16957 410 874 696 962 190
leaf_count=122 16957 410 874 696 962 190
internal_value=-0.000171894 -0.00330623 -0.00114953 -0.00969016 0.00230182 -0.00409261
internal_weight=20211 3254 2844 818 2026 1064
internal_count=20211 3254 2844 818 2026 1064
is_linear=0
shrinkage=0.05


Tree=173
num_leaves=7
num_cat=0
split_feature=44 45 41 16 4 33
split_gain=18.1952 35.5777 46.7493 33.174 33.068 31.3067
threshold=0.14538802951574328 0.093614090234041228 0.15450922399759295 0.77500000596046459 -0.075694341212511049 -0.16716378927230832
decision_type=2 2 2 2 2 2
left_child=-1 -2 3 -3 5 -4
right_child=1 2 4 -5 -6 -7
leaf_value=-1.0583794475538061e-05 -0.001037918590770313 0.00048794068144001772 -0.00043321631006843327 2.4399665702197612e-05 -0.00051863584821872316 0.00037770186241989177
leaf_weight=19081 68 565 98 333 153 119
leaf_count=19081 68 565 98 333 153 119
internal_value=-8.20194e-05 0.00549963 0.00744305 0.0135936 -0.0074 0.00506757
internal_weight=20417 1336 1268 898 370 217
internal_count=20417 1336 1268 898 370 217
is_linear=0
shrinkage=0.05


Tree=174
num_leaves=7
num_cat=0
split_feature=42 47 48 57 5 43
split_gain=14.914 45.8623 61.5007 25.3597 29.1268 20.6119
threshold=0.15628572553396228 0.82736662030220043 -1.2357231378555296 -0.0059204257559031239 0.4437758624553681 0.12615134567022326
decision_type=2 2 2 10 2 2
left_child=-1 -2 -3 4 5 -4
right_child=1 2 3 -5 -6 -7
leaf_value=-1.0063502303946267e-05 0.0010884782071819833 0.0005623998345623295 0.00060040306617139183 -0.00031020627511710232 -0.0013226152364110878 -2.0931239076225039e-06
leaf_weight=18974 140 259 143 474 63 195
leaf_count=18974 140 259 143 474 63 195
internal_value=-6.29536e-05 0.00506255 0.00164618 -0.0046875 0.00449507 0.0104227
internal_weight=20248 1274 1134 875 401 338
internal_count=20248 1274 1134 875 401 338
is_linear=0
shrinkage=0.05


Tree=175
num_leaves=7
num_cat=0
split_feature=56 6 47 44 51 22
split_gain=16.2539 32.2607 37.6585 24.8968 43.4013 38.7627
threshold=0.00011387602717150004 0.12437655031681062 0.84932816028594982 0.091462679207324996 1.0000000180025095e-35 0.27500000596046453
decision_type=10 2 2 2 8 2
left_child=-1 2 -2 4 -3 -6
right_child=1 3 -4 -5 5 -7
leaf_value=1.3673743381588085e-05 0.00040362168922778927 0.00019126674036270568 2.8563658636920073e-05 -0.00015851746468124788 -0.0003395720259531982 0.00020466632143745179
leaf_weight=16370 122 480 628 2534 112 105
leaf_count=16370 122 480 628 2534 112 105
internal_value=-9.7023e-05 -0.00284119 0.00645695 -0.00501391 0.00331197 -0.0149775
internal_weight=20351 3981 750 3231 697 217
internal_count=20351 3981 750 3231 697 217
is_linear=0
shrinkage=0.05


Tree=176
num_leaves=7
num_cat=0
split_feature=44 43 3 48 8 51
split_gain=16.4732 35.0974 29.9657 27.6606 26.3176 24.5102
threshold=0.14538802951574328 0.089774932712316527 0.016295588575303558 -0.4869235754013061 0.19797404855489734 -0.093061354011297212
decision_type=2 2 2 2 2 10
left_child=-1 -2 3 -3 -4 -5
right_child=1 2 4 5 -6 -7
leaf_value=-7.0887152315443977e-07 -0.00076583711913546376 0.00070469151002126645 0.00015525383461573858 -6.265131281951589e-05 -0.00076488931344297799 0.00028973310839426164
leaf_weight=18993 72 231 86 354 114 440
leaf_count=18993 72 231 86 354 114 440
internal_value=2.83321e-05 0.00577957 0.0078252 0.0112864 -0.00963415 0.00672716
internal_weight=20290 1297 1225 1025 200 794
internal_count=20290 1297 1225 1025 200 794
is_linear=0
shrinkage=0.05


Tree=177
num_leaves=7
num_cat=0
split_feature=35 44 44 44 52 13
split_gain=18.7746 64.3057 51.5781 52.7582 51.9721 50.7257
threshold=-0.51912778615951527 0.062538623809814467 0.080247949808835997 0.099493049085140242 -7.6155789429321872e-05 -0.025159133598208424
decision_type=2 2 2 2 8 2
left_child=1 5 -3 4 -4 -1
right_child=-2 2 3 -5 -6 -7
leaf_value=2.265409676841185e-05 1.565790066884094e-05 0.00020773086826592221 0.00038356070541123986 6.3688625497085107e-05 -0.0003997088433737372 -0.00058106018449609407
leaf_weight=104 16632 590 142 1552 1074 190
leaf_count=104 16632 590 142 1552 1074 190
internal_value=-5.79132e-05 -0.00311047 -0.00112251 -0.00399387 -0.0117731 -0.0253344
internal_weight=20284 3652 3358 2768 1216 294
internal_count=20284 3652 3358 2768 1216 294
is_linear=0
shrinkage=0.05


Tree=178
num_leaves=7
num_cat=0
split_feature=44 3 55 12 29 3
split_gain=14.9855 62.3785 61.1096 41.4534 40.3494 38.9496
threshold=0.06506954133510591 0.0046802100259810695 56745.121093750007 -0.0067161349579691878 -0.056641748175024979 0.0062341783195734033
decision_type=2 2 10 2 2 2
left_child=2 -2 3 4 -1 -6
right_child=1 -3 -4 -5 5 -7
leaf_value=0.00026448179549483125 0.00056939915379534132 1.4450753903637488e-06 0.00021949236278143814 7.1207515348595657e-07 -9.7630629891203689e-05 -0.0008644577601361642
leaf_weight=105 155 18198 175 963 507 202
leaf_count=105 155 18198 175 963 507 202
internal_value=-9.72427e-05 0.000322748 -0.00427951 -0.00708474 -0.0153541 -0.0196429
internal_weight=20305 18353 1952 1777 814 709
internal_count=20305 18353 1952 1777 814 709
is_linear=0
shrinkage=0.05


Tree=179
num_leaves=7
num_cat=0
split_feature=32 33 42 22 51 1
split_gain=13.4997 20.7627 21.0518 18.4929 57.1127 55.5377
threshold=-1.2020419836044309 -0.35186925530433649 0.10810480266809465 0.17500000447034839 1.0000000180025095e-35 0.0046456172131001958
decision_type=2 2 2 2 8 2
left_child=1 -1 -3 4 5 -2
right_child=3 2 -4 -5 -6 -7
leaf_value=0.00020284708827191653 0.00027430849479955958 -0.0005392949667475652 4.3098842325659926e-05 2.2554767806480922e-05 -8.9718589757739671e-05 -0.00010777246133420446
leaf_weight=138 472 117 70 17050 2146 319
leaf_count=138 472 117 70 17050 2146 319
internal_value=-4.30674e-05 -0.00977273 -0.0204427 0.000421419 -0.00323759 0.00819724
internal_weight=20312 325 187 19987 2937 791
internal_count=20312 325 187 19987 2937 791
is_linear=0
shrinkage=0.05


Tree=180
num_leaves=7
num_cat=0
split_feature=29 48 39 22 43 38
split_gain=18.4882 41.102 54.0723 49.3324 36.8493 35.0111
threshold=0.019027070142328743 0.07561796531081201 0.044023074209690101 0.82500001788139354 0.057212829589843757 -0.0067130117677152148
decision_type=2 2 2 2 2 2
left_child=1 -1 3 4 -3 -2
right_child=5 2 -4 -5 -6 -7
leaf_value=-1.4454326399105473e-05 -0.00014538775785097907 0.00037522636290591885 -0.00025886879367392448 -0.00010635520891836151 0.00019466019718389723 8.8078021822283978e-07
leaf_weight=9005 2051 372 428 709 2736 5019
leaf_count=9005 2051 372 428 709 2736 5019
internal_value=-0.000111931 0.000963787 0.00501765 0.00691392 0.00962898 -0.00220141
internal_weight=20320 13250 4245 3817 3108 7070
internal_count=20320 13250 4245 3817 3108 7070
is_linear=0
shrinkage=0.05


Tree=181
num_leaves=7
num_cat=0
split_feature=29 4 44 55 36 10
split_gain=18.2523 34.8514 37.23 45.9166 35.871 45.3802
threshold=-0.031787887215614312 0.47867590188980108 0.089014694094657912 19466.223632812504 0.56091174483299266 -0.007209137547761201
decision_type=2 2 2 8 2 2
left_child=1 2 -1 4 5 -4
right_child=-2 -3 3 -5 -6 -7
leaf_value=-6.7936670176160763e-05 -1.2644375583963042e-05 -0.00023904914973580743 4.7715125065010693e-06 0.0003042978801877471 0.00048253325580944198 -0.00075738809588821719
leaf_weight=1089 15920 447 892 1510 284 138
leaf_count=1089 15920 447 892 1510 284 138
internal_value=-2.34163e-05 0.00290378 0.0044219 0.00744963 0.000587566 -0.00374396
internal_weight=20280 4360 3913 2824 1314 1030
internal_count=20280 4360 3913 2824 1314 1030
is_linear=0
shrinkage=0.05


Tree=182
num_leaves=7
num_cat=0
split_feature=42 41 39 1 30 35
split_gain=17.5816 51.9127 38.4667 28.7635 28.0478 29.1133
threshold=0.15628572553396228 0.096453960984945311 -0.030362677760422226 0.088893268257379546 46.716037750244148 -0.2556560337543487
decision_type=2 2 2 2 2 2
left_child=3 -2 -3 -1 -4 -6
right_child=1 2 4 -5 5 -7
leaf_value=-5.9216658733151375e-06 0.0013297844960969136 -0.00078425184176105086 0.00027923797148325045 -0.00033115349781860052 -0.00039470326248713862 0.00015910433034804208
leaf_weight=18547 87 79 482 426 229 449
leaf_count=18547 87 79 482 426 229 449
internal_value=-0.000136673 0.00531555 0.00259244 -0.000628359 0.00495708 -0.00157394
internal_weight=20299 1326 1239 18973 1160 678
internal_count=20299 1326 1239 18973 1160 678
is_linear=0
shrinkage=0.05


Tree=183
num_leaves=7
num_cat=0
split_feature=29 26 46 52 1 42
split_gain=14.7315 26.8234 36.2697 40.7551 35.6552 29.2416
threshold=0.021127403713762764 0.091203372925519957 0.8629102110862733 0.099723167717456832 0.0093955383636057394 0.12764507532119754
decision_type=2 2 2 8 2 2
left_child=-1 -2 4 -4 -3 -5
right_child=1 2 3 5 -6 -7
leaf_value=1.6388306854165876e-05 -8.7575404493739665e-05 -0.00035163945682144401 -0.00037181831471422229 0.00022500378882332652 0.0005033586692832191 -0.00011077294415217199
leaf_weight=13532 4142 262 315 1585 52 382
leaf_count=13532 4142 262 315 1585 52 382
internal_value=-7.27497e-05 -0.00190939 0.00206651 0.00427416 -0.0137147 0.00695994
internal_weight=20270 6738 2596 2282 314 1967
internal_count=20270 6738 2596 2282 314 1967
is_linear=0
shrinkage=0.05


Tree=184
num_leaves=7
num_cat=0
split_feature=42 41 51 41 43 2
split_gain=16.2029 55.4065 59.1249 42.2899 36.3182 42.5145
threshold=0.11186691001057626 0.10142985358834268 -1.6551710963249204 0.080602806061506285 0.080442119389772429 0.0091466787271201628
decision_type=2 2 8 2 2 2
left_child=1 2 -1 -2 -5 -6
right_child=3 -3 -4 4 5 -7
leaf_value=0.00068932038766046991 0.00054480347658794571 -0.00024984778832175302 -2.0666417155497884e-06 0.00058587773163194139 -0.00027690378679387891 5.1591227414890529e-05
leaf_weight=201 143 1793 12171 173 625 5264
leaf_count=201 143 1793 12171 173 625 5264
internal_value=-0.000116564 -0.00093331 0.000256524 0.00212963 0.00147931 0.000801663
internal_weight=20370 14165 12372 6205 6062 5889
internal_count=20370 14165 12372 6205 6062 5889
is_linear=0
shrinkage=0.05


Tree=185
num_leaves=7
num_cat=0
split_feature=41 36 36 3 55 52
split_gain=17.8936 44.3657 54.7239 60.4814 56.7025 49.3272
threshold=0.068311776965856566 0.680507391691208 0.1150278113782406 0.0058783930726349362 56745.121093750007 -1.997225172090111e-05
decision_type=2 2 2 2 8 8
left_child=1 2 4 5 -1 -4
right_child=-2 -3 3 -5 -6 -7
leaf_value=-0.00031385242693493531 2.0103126314602706e-05 0.00024288354960413339 0.00024832855045496392 -0.00037388054738075427 4.094257946673534e-05 -5.8999238505213269e-05
leaf_weight=168 15999 430 69 608 2088 876
leaf_count=168 15999 430 69 608 2088 876
internal_value=1.35849e-05 -0.00276272 -0.00449004 -0.0116977 0.000475453 -0.00371053
internal_weight=20238 4239 3809 1553 2256 945
internal_count=20238 4239 3809 1553 2256 945
is_linear=0
shrinkage=0.05


Tree=186
num_leaves=7
num_cat=0
split_feature=0 40 0 22 46 28
split_gain=14.6456 23.741 21.2386 30.0666 26.792 23.4259
threshold=0.088774334639310851 0.1433089226484299 0.039052011445164687 0.72499999403953563 1.169075667858124 -0.0090570920147001726
decision_type=2 2 2 2 2 2
left_child=2 -2 -1 4 -4 -6
right_child=1 -3 3 -5 5 -7
leaf_value=-7.3087524214159604e-06 -0.00053573861594407223 0.00051218993369205881 5.6530582916575634e-05 0.00024124702210958162 0.00012692714004464245 -0.00052170676177775474
leaf_weight=17721 215 88 1053 1031 70 158
leaf_count=17721 215 88 1053 1031 70 158
internal_value=-6.75975e-05 -0.0107955 0.000190887 0.00469357 -0.000408243 -0.0157725
internal_weight=20336 303 20033 2312 1281 228
internal_count=20336 303 20033 2312 1281 228
is_linear=0
shrinkage=0.05


Tree=187
num_leaves=7
num_cat=0
split_feature=12 1 51 47 56 47
split_gain=14.3876 38.8101 43.4008 48.7158 38.4855 36.4268
threshold=0.01778101455420256 -0.0016509144916199146 0.010454045608639719 0.78294408321380626 0.00010187933366978542 1.2505067586898806
decision_type=2 2 10 2 10 2
left_child=1 -1 -3 -4 -2 -6
right_child=4 2 3 -5 5 -7
leaf_value=9.3618926818057221e-05 8.2747344920823442e-07 -3.9438633641343684e-05 0.00091247418915656523 4.392433112521022e-05 -0.00018940058798966189 0.00060794545388717777
leaf_weight=4229 6871 6995 158 555 1452 51
leaf_count=4229 6871 6995 158 555 1452 51
internal_value=-7.75251e-05 0.00116605 -0.000943213 0.0107591 -0.00153658 -0.00876989
internal_weight=20311 11937 7708 713 8374 1503
internal_count=20311 11937 7708 713 8374 1503
is_linear=0
shrinkage=0.05


Tree=188
num_leaves=7
num_cat=0
split_feature=36 42 53 39 21 38
split_gain=12.7437 47.4387 33.1505 28.8549 49.16 27.4011
threshold=0.680507391691208 0.066701073199510588 0.189877524971962 0.023713369853794578 0.32500000298023229 -0.002435785834677517
decision_type=2 2 10 2 2 2
left_child=-1 3 5 -2 -5 -3
right_child=1 2 -4 4 -6 -7
leaf_value=-9.2271020474060223e-06 0.0005929849255864152 0.00023839232715166386 -0.0002837613707192211 -0.00037456391387639883 0.0011605200853840845 -3.1592179360379235e-05
leaf_weight=18403 146 534 296 78 63 824
leaf_count=18403 146 534 296 78 63 824
internal_value=-0.000141285 0.00376413 0.000467149 0.0223459 0.00565068 0.00379677
internal_weight=20344 1941 1654 287 141 1358
internal_count=20344 1941 1654 287 141 1358
is_linear=0
shrinkage=0.05


Tree=189
num_leaves=7
num_cat=0
split_feature=41 15 35 47 35 35
split_gain=14.6623 50.9236 53.8108 34.6228 31.1042 59.4665
threshold=0.068311776965856566 0.27500000596046453 0.73876869678497326 0.63610425591468822 -0.51912778615951527 -0.047894688323140137
decision_type=2 2 2 2 2 2
left_child=1 2 3 -1 -3 -6
right_child=-2 4 -4 -5 5 -7
leaf_value=0.00010304899821698797 1.3468644280916409e-05 -0.00022159306508125217 0.00040078815901055409 -0.00031800325700322819 0.0003012690647518804 -1.492720438197466e-05
leaf_weight=52 16101 542 98 778 612 2183
leaf_count=52 16101 542 98 778 612 2183
internal_value=-4.29532e-05 -0.00272248 -0.0130493 -0.0172156 0.000157092 0.00229464
internal_weight=20366 4265 928 830 3337 2795
internal_count=20366 4265 928 830 3337 2795
is_linear=0
shrinkage=0.05


Tree=190
num_leaves=7
num_cat=0
split_feature=32 21 40 35 47 39
split_gain=13.0976 40.7015 62.7803 43.1278 37.4974 56.9478
threshold=0.41482180356979376 0.52500000596046459 0.098190482705831542 -0.16507979482412335 0.82736662030220043 -0.043750651180744164
decision_type=2 2 2 2 2 2
left_child=1 2 3 -1 5 -3
right_child=-2 4 -4 -5 -6 -7
leaf_value=-0.00022545920539987748 -3.5659226847414759e-05 -0.00089437684157018301 -0.00036389773753476391 2.6892940077585674e-05 2.2810627629856981e-05 0.00028003678233478929
leaf_weight=1565 6529 51 925 4686 4986 1602
leaf_count=1565 6529 51 925 4686 4986 1602
internal_value=-4.79139e-05 0.000508321 -0.00209929 -0.00029172 0.00333007 0.0098462
internal_weight=20344 13815 7176 6251 6639 1653
internal_count=20344 13815 7176 6251 6639 1653
is_linear=0
shrinkage=0.05


Tree=191
num_leaves=7
num_cat=0
split_feature=53 12 52 14 55 47
split_gain=14.086 31.3741 34.0673 32.7217 36.529 48.2135
threshold=0.22433025389909747 0.029109763912856582 0.00033121055457741028 0.17500000447034839 36957.119140625007 1.066605865955353
decision_type=10 2 8 2 8 2
left_child=-1 3 -3 -2 5 -5
right_child=1 2 -4 4 -6 -7
leaf_value=7.3116301138709861e-06 -0.00039130911931433424 -0.00059829448510181611 -0.00010560076201393237 0.00038363719652056966 -0.00046431657266423113 -0.00032009075717671475
leaf_weight=18045 188 201 755 719 259 206
leaf_count=18045 188 201 755 719 259 206
internal_value=-3.3124e-05 -0.00376125 -0.010692 0.00107117 0.00418419 0.00884409
internal_weight=20373 2328 956 1372 1184 925
internal_count=20373 2328 956 1372 1184 925
is_linear=0
shrinkage=0.05


Tree=192
num_leaves=7
num_cat=0
split_feature=49 53 40 41 35 26
split_gain=16.9625 28.1059 23.6775 23.374 52.9776 47.2343
threshold=-0.042160781100392335 1.5450967550277712 0.048516687005758292 0.064792383462190642 0.68808686733245861 -0.097776792943477617
decision_type=2 10 2 2 2 2
left_child=1 -1 -2 4 5 -4
right_child=2 -3 3 -5 -6 -7
leaf_value=3.3250411323676801e-05 6.3526884467038984e-05 -0.00084255306159683463 0.00043388337329169327 -2.6627717728839859e-05 0.00037683515394220149 -0.00025137672676217744
leaf_weight=10030 715 86 67 8485 124 811
leaf_count=10030 715 86 67 8485 124 811
internal_value=-9.71805e-05 0.00154876 -0.00133977 -0.00200432 -0.00921053 -0.0135617
internal_weight=20318 10116 10202 9487 1002 878
internal_count=20318 10116 10202 9487 1002 878
is_linear=0
shrinkage=0.05


Tree=193
num_leaves=7
num_cat=0
split_feature=6 55 53 35 26 47
split_gain=14.2016 42.9902 42.7222 35.5536 36.1427 28.197
threshold=0.15471016615629199 76179.429687500015 -0.95138642191886891 -0.41978208720684046 -0.015407674945890902 0.82736662030220043
decision_type=2 10 8 2 2 2
left_child=1 3 -2 4 -1 -5
right_child=2 -3 -4 5 -6 -7
leaf_value=-6.7229698486099963e-05 -0.00029587916357631827 0.00061704320405191941 -7.2062216406078305e-08 0.00014316567035112344 -0.00067507379402938239 5.3967730942428105e-05
leaf_weight=956 640 149 15880 658 144 1982
leaf_count=956 640 149 15880 658 144 1982
internal_value=-9.67473e-05 0.00283128 -0.000524962 0.00175567 -0.00576923 0.00490548
internal_weight=20409 3889 16520 3740 1100 2640
internal_count=20409 3889 16520 3740 1100 2640
is_linear=0
shrinkage=0.05


Tree=194
num_leaves=7
num_cat=0
split_feature=44 11 43 41 12 51
split_gain=14.5038 31.3959 45.4269 37.5857 22.2269 25.6934
threshold=0.14538802951574328 0.0020246605854481463 0.090940389782190337 0.14512018114328387 0.067702561616897597 0.0031994509045034651
decision_type=2 2 2 2 2 10
left_child=-1 2 -2 4 5 -3
right_child=1 3 -4 -5 -6 -7
leaf_value=-7.9866190898503118e-06 -0.00085188530699569604 -0.0001070135473301208 0.00033088681132817529 -0.00046260182781450291 -0.00038958365348551547 0.0006138077369112014
leaf_weight=19047 63 150 644 166 102 195
leaf_count=19047 63 150 644 166 102 195
internal_value=-7.7312e-05 0.00496226 0.0121138 -0.0032767 0.00425885 0.0103571
internal_weight=20367 1320 707 613 447 345
internal_count=20367 1320 707 613 447 345
is_linear=0
shrinkage=0.05


Tree=195
num_leaves=7
num_cat=0
split_feature=26 39 38 43 47 12
split_gain=15.9455 49.1866 38.7198 44.803 38.1363 36.0965
threshold=0.15777757763862613 0.010789982043206693 -0.002435785834677517 0.13305686414241794 0.85693174600601207 0.1081296317279339
decision_type=2 2 2 2 2 2
left_child=5 2 -2 -4 -3 -1
right_child=1 4 3 -5 -6 -7
leaf_value=-1.0460536647558498e-05 2.8139762309748863e-05 -0.00073191242088208844 0.00069999281151459508 -0.00037436249771618125 1.3568789545756814e-05 0.00069442515144938182
leaf_weight=18051 484 134 423 64 800 267
leaf_count=18051 484 134 423 64 800 267
internal_value=-0.000171792 0.00446335 0.0123207 0.0222053 -0.00370075 -0.000337008
internal_weight=20223 1905 971 487 934 18318
internal_count=20223 1905 971 487 934 18318
is_linear=0
shrinkage=0.05


Tree=196
num_leaves=7
num_cat=0
split_feature=58 40 24 51 22 45
split_gain=17.3516 26.8342 36.8043 39.9875 28.8223 23.607
threshold=-5.8186808018945151e-05 0.11388269439339639 0.018648978322744373 0.029371165670454506 0.67499998211860668 0.071472220122814192
decision_type=8 2 2 8 2 2
left_child=1 2 3 5 -3 -1
right_child=-2 4 -4 -5 -6 -7
leaf_value=-0.00025162003429838963 1.3558294991439236e-05 -0.00063412443772190323 -0.0001976159888885921 0.00060916277073643139 -6.8163701377635256e-05 7.4257065357745926e-05
leaf_weight=195 16768 248 968 271 529 1234
leaf_count=195 16768 248 968 271 529 1234
internal_value=-3.83322e-05 -0.00313768 -0.00073887 0.00368035 -0.0112852 0.000296374
internal_weight=20213 3445 2668 1700 777 1429
internal_count=20213 3445 2668 1700 777 1429
is_linear=0
shrinkage=0.05


Tree=197
num_leaves=7
num_cat=0
split_feature=56 6 44 46 51 40
split_gain=15.0273 29.0092 27.6698 30.8509 42.8862 28.8167
threshold=0.00010187933366978542 0.12437655031681062 0.091462679207324996 0.92827472090721141 1.0000000180025095e-35 0.057292925193905837
decision_type=10 2 2 2 8 2
left_child=-1 -2 3 4 -3 -5
right_child=1 2 -4 5 -6 -7
leaf_value=2.0540050931521946e-05 0.00010804349394608737 0.00040818275331069371 -0.00012956464597246327 -0.00025180529396148197 -7.848919695849281e-05 6.6691667455446384e-05
leaf_weight=15458 903 198 2990 111 93 413
leaf_count=15458 903 198 2990 111 93 413
internal_value=-0.000112786 -0.00215892 -0.0040748 0.00405488 0.0169764 -0.00316635
internal_weight=20166 4708 3805 815 291 524
internal_count=20166 4708 3805 815 291 524
is_linear=0
shrinkage=0.05


Tree=198
num_leaves=7
num_cat=0
split_feature=53 6 52 21 53 45
split_gain=15.4475 52.0444 38.913 40.8015 24.0356 54.5311
threshold=-0.95138642191886891 0.18658252060413363 -0.0017674271948635576 0.67499998211860668 -0.45980261266231531 0.10348500311374666
decision_type=8 2 8 2 8 2
left_child=1 2 3 -1 5 -2
right_child=4 -3 -4 -5 -6 -7
leaf_value=-0.00032250623024572599 0.00021754829319050445 -0.00032734008088348483 0.00043568033092331005 0.00033745220801005668 1.5835796707007077e-06 -0.00021526057092340233
leaf_weight=326 922 566 226 232 17667 405
leaf_count=326 922 566 226 232 17667 405
internal_value=-6.26566e-05 -0.0049262 0.00339037 -0.00368561 0.000598716 0.00707583
internal_weight=20344 1350 784 558 18994 1327
internal_count=20344 1350 784 558 18994 1327
is_linear=0
shrinkage=0.05


Tree=199
num_leaves=7
num_cat=0
split_feature=0 38 47 55 26 44
split_gain=15.4071 36.696 52.4021 44.8181 35.1285 38.5521
threshold=-0.036687171086668961 -0.0067130117677152148 0.69240787625312816 96.920238494873061 0.1214331164956093 0.08794672787189485
decision_type=2 2 2 8 2 2
left_child=1 3 -3 -1 5 -5
right_child=-2 2 -4 4 -6 -7
leaf_value=0.00014523873982285725 1.4244648270254045e-05 -0.00072105038980746429 5.7644509385024591e-05 2.3627738977326453e-05 6.6860741647283361e-05 -0.00072343258102472918
leaf_weight=202 16637 88 2415 143 197 540
leaf_count=202 16637 88 2415 143 197 540
internal_value=-0.000102586 -0.00279248 0.000528309 -0.0104646 -0.015339 -0.0206759
internal_weight=20222 3585 2503 1082 880 683
internal_count=20222 3585 2503 1082 880 683
is_linear=0
shrinkage=0.05


Tree=200
num_leaves=7
num_cat=0
split_feature=49 53 38 50 36 55
split_gain=16.5018 25.594 23.0706 39.799 42.5529 48.9678
threshold=-0.042160781100392335 2.0658068656921391 -1.0000000180025095e-35 0.95406416058540355 0.38771727681159979 101778.49609375001
decision_type=2 10 2 2 2 10
left_child=1 -1 3 4 5 -2
right_child=2 -3 -4 -5 -6 -7
leaf_value=3.0433599189258433e-05 -1.2649660712222557e-06 -0.0008544282532654626 -6.302339165882005e-05 -0.00010379835809480108 0.00028621444593486376 0.00068759531992346049
leaf_weight=10092 2344 56 5814 1360 597 130
leaf_count=10092 2344 56 5814 1360 597 130
internal_value=-9.68232e-05 0.00153403 -0.00130976 0.00140329 0.00455949 0.00164381
internal_weight=20393 10148 10245 4431 3071 2474
internal_count=20393 10148 10245 4431 3071 2474
is_linear=0
shrinkage=0.05


Tree=201
num_leaves=7
num_cat=0
split_feature=25 39 46 32 46 1
split_gain=17.2635 21.2104 23.4354 46.1566 33.2857 33.2491
threshold=0.0099825966171920317 0.06388369202613832 0.87005481123924266 0.35519593954086309 0.70429649949073803 0.0061553276609629401
decision_type=2 2 2 2 2 2
left_child=1 2 3 -1 -5 -4
right_child=-2 -3 5 4 -6 -7
leaf_value=0.00011431856247748719 -3.3680033152815904e-05 0.00018771671556684638 4.1498983373655483e-05 0.00047769117038161705 -0.00012999235436787386 -6.7782850051110606e-05
leaf_weight=2229 7028 609 5489 58 766 4081
leaf_count=2229 7028 609 5489 58 766 4081
internal_value=-7.77202e-05 0.0015468 0.00110271 0.00491334 -0.00515682 -0.000112272
internal_weight=20260 13232 12623 3053 824 9570
internal_count=20260 13232 12623 3053 824 9570
is_linear=0
shrinkage=0.05


Tree=202
num_leaves=7
num_cat=0
split_feature=41 1 35 10 42 46
split_gain=14.1995 33.3219 45.6962 40.1375 56.466 51.9006
threshold=0.068311776965856566 0.0046456172131001958 0.63080519437789928 -0.11096640676259993 0.069732878357172026 0.90350919961929332
decision_type=2 2 2 2 2 2
left_child=1 -1 3 -3 -5 -6
right_child=-2 2 -4 4 5 -7
leaf_value=7.7745786815606326e-06 1.5468525620410747e-05 0.00043185751958367313 0.00030885043480667385 -5.6024017183085647e-05 -3.0258366468557605e-05 -0.00063829659511989
leaf_weight=2666 15980 50 197 883 163 294
leaf_count=2666 15980 50 197 883 163 294
internal_value=-0.00010253 -0.00251879 -0.00824435 -0.0114516 -0.0131413 -0.0273268
internal_weight=20233 4253 1587 1390 1340 457
internal_count=20233 4253 1587 1390 1340 457
is_linear=0
shrinkage=0.05


Tree=203
num_leaves=7
num_cat=0
split_feature=25 47 3 42 52 42
split_gain=17.136 31.0367 26.8721 55.9634 44.9434 46.1607
threshold=0.011036791838705541 0.60709333419799816 0.012194187846034767 0.11186691001057626 -0.021037886850535866 0.11871112138032915
decision_type=2 2 2 2 8 2
left_child=-1 -2 3 -3 -5 -6
right_child=1 2 -4 4 5 -7
leaf_value=1.9141273602333848e-05 -0.00060011362402569027 -4.5428534403770767e-05 -0.00017987101577012746 0.0013765166831655286 0.00062762888553833242 6.4390732846814592e-06
leaf_weight=13517 93 4342 1151 101 256 808
leaf_count=13517 93 4342 1151 101 256 808
internal_value=-1.35648e-05 -0.00189831 -0.00148207 -2.26778e-05 0.00967949 0.00652479
internal_weight=20268 6751 6658 5507 1165 1064
internal_count=20268 6751 6658 5507 1165 1064
is_linear=0
shrinkage=0.05


Tree=204
num_leaves=7
num_cat=0
split_feature=55 51 0 52 36 50
split_gain=14.2982 28.9079 46.4025 23.6635 21.6118 43.0591
threshold=120421.96484375001 0.014567975886166097 0.014923931565135719 -0.00014715028373757375 0.86527392268180858 0.74751797318458568
decision_type=10 8 2 8 2 2
left_child=4 2 3 -2 -1 -6
right_child=1 -3 -4 -5 5 -7
leaf_value=1.8662426675297328e-07 0.0001421801187408655 0.00024003346107513072 0.0003386809623937309 -0.00037766845326433904 0.00036310249878634661 -0.0004001475055099811
leaf_weight=19255 61 114 103 276 360 145
leaf_count=19255 61 114 103 276 360 145
internal_value=-6.27492e-05 -0.00782648 -0.0136517 -0.0225877 0.000282064 0.0104412
internal_weight=20314 554 440 337 19760 505
internal_count=20314 554 440 337 19760 505
is_linear=0
shrinkage=0.05


Tree=205
num_leaves=7
num_cat=0
split_feature=36 36 35 42 38 0
split_gain=12.9934 42.4109 40.2392 42.5682 53.3619 40.9668
threshold=0.20557278394699099 0.41924083232879644 0.10161371529102327 0.063182428479194655 -0.0015208824770525096 0.019693667069077495
decision_type=2 2 2 2 2 2
left_child=-1 -2 -3 -4 5 -5
right_child=1 2 3 4 -6 -7
leaf_value=2.743075229280198e-05 -0.0001452754797210009 0.00046163280730138212 0.0001296735580612863 1.0200996531242844e-05 -0.0001354432448508764 0.00033181869963584318
leaf_weight=13165 2303 117 650 1381 2282 512
leaf_count=13165 2303 117 650 1381 2282 512
internal_value=-1.83688e-05 -0.00125862 0.0013493 0.000626294 -0.00122608 0.00496575
internal_weight=20410 7245 4942 4825 4175 1893
internal_count=20410 7245 4942 4825 4175 1893
is_linear=0
shrinkage=0.05


Tree=206
num_leaves=7
num_cat=0
split_feature=48 22 44 21 44 35
split_gain=13.9519 47.4964 55.4783 42.2042 38.0695 45.9979
threshold=-0.12688010185956952 0.82500001788139354 0.10669307038187982 0.67499998211860668 0.13443547487258914 -0.33504405617713923
decision_type=2 2 2 2 2 2
left_child=4 -2 -3 -4 -1 -6
right_child=1 2 3 -5 5 -7
leaf_value=-4.1645366162713823e-05 6.4823453325107784e-05 -0.00051144217737268672 0.00069127662716724533 -9.0302217643315971e-05 -0.00034275629413935225 0.00024996835875666775
leaf_weight=8747 8363 337 182 1588 270 862
leaf_count=8747 8363 337 182 1588 270 862
internal_value=-6.26412e-05 0.00138186 -0.00531487 -0.00173239 -0.00123685 0.00736588
internal_weight=20349 10470 2107 1770 9879 1132
internal_count=20349 10470 2107 1770 9879 1132
is_linear=0
shrinkage=0.05


Tree=207
num_leaves=7
num_cat=0
split_feature=48 22 44 39 46 10
split_gain=13.5021 39.1895 51.3455 33.6864 31.7756 35.8838
threshold=-0.12688010185956952 0.82500001788139354 0.10250987485051156 -0.037809183821082108 1.1868072748184206 -0.13149723410606382
decision_type=2 2 2 2 2 2
left_child=-1 -2 -3 -4 5 -5
right_child=1 2 3 4 -6 -7
leaf_value=-2.245014223961413e-05 5.5741885829109325e-05 -0.00076708076109242016 -0.00076375591003674005 -0.00029528842575909952 -0.0003933948387568753 0.00011980229621056694
leaf_weight=9807 8358 217 98 311 219 1182
leaf_count=9807 8358 217 98 311 219 1182
internal_value=-7.30306e-05 0.00134023 -0.00488435 -0.00207989 -0.000393128 0.00221963
internal_weight=20192 10385 2027 1810 1712 1493
internal_count=20192 10385 2027 1810 1712 1493
is_linear=0
shrinkage=0.05


Tree=208
num_leaves=7
num_cat=0
split_feature=29 48 35 44 35 35
split_gain=13.6037 29.7479 47.2296 44.5586 39.1767 38.5321
threshold=0.016965704038739208 0.07561796531081201 -0.80303663015365589 0.13443547487258914 0.065862413495779051 0.084168080240488066
decision_type=2 2 2 2 2 2
left_child=1 3 -3 -1 -5 -4
right_child=-2 2 5 4 -6 -7
leaf_value=-3.262067602171955e-05 -3.0038122332683072e-05 -0.00056877730850077789 0.00022144225425654282 6.794296128402396e-05 0.00072564976061955896 -7.028294344939117e-07
leaf_weight=7982 7334 195 2204 717 265 1624
leaf_count=7982 7334 195 2204 717 265 1624
internal_value=-6.27275e-05 0.000979449 0.0045494 -0.000621585 0.00939716 0.00578529
internal_weight=20321 12987 4023 8964 982 3828
internal_count=20321 12987 4023 8964 982 3828
is_linear=0
shrinkage=0.05


Tree=209
num_leaves=7
num_cat=0
split_feature=58 24 3 22 50 47
split_gain=19.7308 25.509 32.9649 56.2718 32.2683 32.841
threshold=-2.1411982743302357e-05 0.018648978322744373 0.010145764797925951 0.62500000000000011 1.6995394825935366 1.0046118497848513
decision_type=8 2 2 2 2 2
left_child=1 2 3 4 5 -1
right_child=-2 -3 -4 -5 -6 -7
leaf_value=-0.00011600538221534512 1.6306583241553624e-05 -0.00016619829841461859 -0.00018014012961622348 0.00080493794191113593 0.00057844494277496368 0.00024451059103037327
leaf_weight=958 16402 1307 1111 302 81 208
leaf_count=958 16402 1307 1111 302 81 208
internal_value=-0.000131295 -0.00300227 -0.000178236 0.00452059 -0.000179712 -0.00236977
internal_weight=20369 3967 2660 1549 1247 1166
internal_count=20369 3967 2660 1549 1247 1166
is_linear=0
shrinkage=0.05


Tree=210
num_leaves=7
num_cat=0
split_feature=0 1 55 13 36 10
split_gain=15.7894 43.843 30.2688 32.026 38.1538 52.5007
threshold=-0.036687171086668961 0.044951887801289565 36.271132469177253 -0.027461868710815903 -0.12343106791377066 0.071247160434722914
decision_type=2 2 8 2 2 2
left_child=1 2 -1 -4 5 -5
right_child=-2 -3 3 4 -6 -7
leaf_value=0.00026209213199898153 1.2417400446546739e-05 -0.00031447894360426442 0.00056926950834921262 -0.00010499258773184033 -0.00017315989902686263 0.0006070765362410184
leaf_weight=215 16656 596 122 561 1609 489
leaf_count=215 16656 596 122 561 1609 489
internal_value=-6.29536e-05 -0.00293995 -0.000458181 -0.00187545 -0.00304992 0.00433649
internal_weight=20248 3592 2996 2781 2659 1050
internal_count=20248 3592 2996 2781 2659 1050
is_linear=0
shrinkage=0.05


Tree=211
num_leaves=7
num_cat=0
split_feature=11 32 50 0 36 43
split_gain=15.7034 25.1531 26.8613 20.5863 18.8814 23.6142
threshold=-0.024785628542304036 -0.2637761384248733 -2.4175022840499873 0.088774334639310851 0.28200531005859381 0.14279167354106906
decision_type=2 2 2 2 2 2
left_child=1 2 -1 -2 5 -5
right_child=3 -3 -4 4 -6 -7
leaf_value=0.00050688011748986021 -1.7735147528428336e-06 0.00039195198176906511 -0.00011154953529681286 -0.00069845008599653312 0.00016477949471468056 1.2633744113665653e-05
leaf_weight=120 18912 340 558 138 64 90
leaf_count=120 18912 340 558 138 64 90
internal_value=-3.33712e-05 0.00603617 0.000402635 -0.000321464 -0.0133838 -0.0200644
internal_weight=20222 1018 678 19204 292 228
internal_count=20222 1018 678 19204 292 228
is_linear=0
shrinkage=0.05


Tree=212
num_leaves=7
num_cat=0
split_feature=41 51 36 15 11 36
split_gain=12.239 40.5998 45.1666 49.1838 42.4408 40.9304
threshold=0.068311776965856566 1.0000000180025095e-35 0.680507391691208 0.27500000596046453 0.010978204663842918 0.15731059014797213
decision_type=2 10 2 2 2 2
left_child=1 2 3 -1 5 -5
right_child=-2 -3 -4 4 -6 -7
leaf_value=-0.0001993604370000827 1.4638882054897632e-05 -0.0002740213449413944 0.00024624658162279554 8.9339037582476132e-05 -0.00027880840072851652 -5.5698632615654971e-05
leaf_weight=794 16059 251 389 1655 335 828
leaf_count=794 16059 251 389 1655 335 828
internal_value=-9.22918e-05 -0.00227273 -0.00102971 -0.00278546 0.000309954 0.0025824
internal_weight=20311 4252 4001 3612 2818 2483
internal_count=20311 4252 4001 3612 2818 2483
is_linear=0
shrinkage=0.05


Tree=213
num_leaves=7
num_cat=0
split_feature=44 49 33 32 41 57
split_gain=15.3879 24.1696 23.5315 25.9351 29.6155 21.4207
threshold=0.14538802951574328 -1.3122663497924802 0.33696642518043524 0.8631073832511903 0.15450922399759295 -0.0059204257559031239
decision_type=2 2 2 2 2 10
left_child=-1 -2 3 4 -3 -6
right_child=1 2 -4 -5 5 -7
leaf_value=-3.0036467822924466e-06 -0.00072370756583052748 0.00037782072972956194 -0.00022024761536469076 -0.00036080412511273836 0.00058282500422952713 -0.00024022028300880018
leaf_weight=18977 72 720 147 75 50 249
leaf_count=18977 72 720 147 75 50 249
internal_value=-5.7896e-05 0.00540592 0.00708266 0.00962238 0.0117432 -0.00139803
internal_weight=20290 1313 1241 1094 1019 299
internal_count=20290 1313 1241 1094 1019 299
is_linear=0
shrinkage=0.05


Tree=214
num_leaves=7
num_cat=0
split_feature=38 29 10 39 55 5
split_gain=15.7176 30.7437 26.2535 73.8271 36.0606 25.7108
threshold=0.018824453465640548 0.10298141837120058 -0.10201161727309226 0.0071498621255159387 96.903537750244155 -0.2231912091374397
decision_type=2 2 2 2 8 2
left_child=-1 2 3 -2 -4 -5
right_child=1 -3 4 5 -6 -7
leaf_value=1.4838251798477213e-05 -0.0011698300079460624 0.00055139428018151045 -0.00047244324909844642 4.7223818850433089e-05 -7.309605441998865e-05 0.00065533184947922079
leaf_weight=15776 90 182 188 220 3557 252
leaf_count=15776 90 182 188 220 3557 252
internal_value=-3.82338e-05 -0.00231976 -0.00318298 0.00683422 -0.0047 0.0148323
internal_weight=20265 4489 4307 562 3745 472
internal_count=20265 4489 4307 562 3745 472
is_linear=0
shrinkage=0.05


Tree=215
num_leaves=7
num_cat=0
split_feature=27 46 45 41 36 0
split_gain=18.5346 29.6127 28.0008 33.1944 26.4462 25.5842
threshold=0.063588406890630736 1.0227463841438296 0.086418725550174727 0.12603459507226947 0.2600721567869187 -0.01688550133258104
decision_type=2 2 2 2 2 2
left_child=-1 5 -3 4 -4 -2
right_child=1 2 3 -5 -6 -7
leaf_value=1.2552516896647583e-05 -0.00038580500394371203 -0.00058917055445270898 0.00054476907857497309 -0.00043054400077699928 -0.00016409800210021074 7.8723034865331364e-05
leaf_weight=18937 417 123 341 160 154 126
leaf_count=18937 417 123 341 160 154 126
internal_value=-5.79875e-05 -0.0053733 0.000862069 0.00503788 0.01145 -0.0142792
internal_weight=20258 1321 778 655 495 543
internal_count=20258 1321 778 655 495 543
is_linear=0
shrinkage=0.05


Tree=216
num_leaves=7
num_cat=0
split_feature=56 42 55 32 35 55
split_gain=13.6509 14.5796 13.6525 13.537 42.4771 42.0187
threshold=0.001038842252455652 0.10101001337170602 23334.956054687504 0.41482180356979376 -0.21418353915214536 96.903537750244155
decision_type=10 2 8 2 2 10
left_child=3 2 -2 4 5 -1
right_child=1 -3 -4 -5 -6 -7
leaf_value=-0.00015717561675060137 -0.00081235195593404796 -5.3996371680691524e-05 -7.686200421547817e-05 -3.2868962874647349e-05 4.6244129345283243e-05 0.00011911721427430936
leaf_weight=3116 81 441 91 6382 9027 1134
leaf_count=3116 81 441 91 6382 9027 1134
internal_value=-6.78108e-05 -0.00748382 -0.0196328 6.22966e-05 0.000973122 -0.00314336
internal_weight=20272 613 172 19659 13277 4250
internal_count=20272 613 172 19659 13277 4250
is_linear=0
shrinkage=0.05


Tree=217
num_leaves=7
num_cat=0
split_feature=6 44 51 47 53 25
split_gain=16.9017 40.3035 35.7223 29.7865 25.715 28.4179
threshold=0.15471016615629199 0.13443547487258914 0.0094074099324643629 0.67911732196807872 -0.95138642191886891 -0.050318274646997445
decision_type=2 2 10 2 8 2
left_child=1 2 3 -1 -2 -6
right_child=4 -3 -4 -5 5 -7
leaf_value=0.00016407294763123457 -0.00020074561742814388 0.00031971048878929806 0.00062349065666638184 -1.8643487642609331e-05 0.00053450383581056429 -6.8768154590239789e-06
leaf_weight=105 652 469 124 3140 192 15590
leaf_count=105 652 469 124 3140 192 15590
internal_value=-6.28791e-05 0.00306401 0.00113367 0.0001 -0.000618955 -0.000213783
internal_weight=20272 3838 3369 3245 16434 15782
internal_count=20272 3838 3369 3245 16434 15782
is_linear=0
shrinkage=0.05


Tree=218
num_leaves=7
num_cat=0
split_feature=26 12 21 35 39 46
split_gain=14.4393 44.5533 42.3575 45.8713 29.0702 50.0181
threshold=0.10393329337239267 0.055833566933870322 0.52500000596046459 -0.2556560337543487 0.010789982043206693 0.92827472090721141
decision_type=2 2 2 2 2 2
left_child=1 -1 -3 -4 -2 -6
right_child=4 2 3 -5 5 -7
leaf_value=3.7936010182075695e-07 0.00015118301680221667 2.7541660097733401e-05 0.00067061232964871469 -0.00062485332029142433 -0.00026823853388287889 6.0123771920196376e-05
leaf_weight=15897 1878 370 85 446 478 1180
leaf_count=15897 1878 370 85 446 478 1180
internal_value=-7.25208e-05 -0.000611498 -0.0113962 -0.0203825 0.00290172 -0.0019092
internal_weight=20334 16798 901 531 3536 1658
internal_count=20334 16798 901 531 3536 1658
is_linear=0
shrinkage=0.05


Tree=219
num_leaves=7
num_cat=0
split_feature=27 48 3 0 29 42
split_gain=15.2556 29.9293 38.689 29.3449 21.8406 20.287
threshold=0.063588406890630736 0.8034154772758485 0.012194187846034767 -0.012241470161825417 0.072057347744703307 0.11592987924814226
decision_type=2 2 2 2 2 2
left_child=-1 4 -3 -4 5 -2
right_child=1 2 3 -5 -6 -7
leaf_value=6.311611719892044e-06 0.0001116371913032095 0.00016098483328503375 -0.00044234382402667176 0.00033964549525976589 -0.000626734928444025 -0.00050862362006903511
leaf_weight=19103 139 653 218 53 147 95
leaf_count=19103 139 653 218 53 147 95
internal_value=-9.18532e-05 -0.00520992 -0.000296017 -0.0160326 -0.0169041 -0.00700837
internal_weight=20408 1305 924 271 381 234
internal_count=20408 1305 924 271 381 234
is_linear=0
shrinkage=0.05


Tree=220
num_leaves=7
num_cat=0
split_feature=42 41 51 42 0 39
split_gain=13.6069 40.9535 40.3815 57.813 34.2091 46.9625
threshold=0.11186691001057626 0.10142985358834268 -1.3336927294731138 0.099904201924800887 -0.0050413655117154113 0.013153585605323316
decision_type=2 2 8 2 2 2
left_child=1 2 3 -1 5 -2
right_child=4 -3 -4 -5 -6 -7
leaf_value=0.00098993176034428178 -0.00019702900028078786 -0.00021125719643458045 1.9039952886334283e-06 -0.00026245960137040984 0.0001164165723162222 0.00012225986964624434
leaf_weight=189 1456 1803 11991 73 3423 1286
leaf_count=189 1456 1803 11991 73 3423 1286
internal_value=-4.82053e-05 -0.000510277 0.000524147 0.0197566 0.00230551 -0.00184747
internal_weight=20221 14056 12253 262 6165 2742
internal_count=20221 14056 12253 262 6165 2742
is_linear=0
shrinkage=0.05


Tree=221
num_leaves=7
num_cat=0
split_feature=26 35 3 14 36 45
split_gain=15.71 31.1244 30.5341 44.8494 38.9202 53.3156
threshold=-0.088740434497594819 -0.81933212280273426 0.011250553652644159 0.77500000596046459 -0.12343106791377066 0.12172644957900049
decision_type=2 2 2 2 2 2
left_child=1 -1 -2 -4 -5 -6
right_child=2 -3 3 4 5 -7
leaf_value=-0.00091316453867361586 1.1638145571556342e-06 -4.4610395706671906e-05 0.0002286754711133628 0.00031062469519960628 0.00076197084641675379 -0.0003894300610151225
leaf_weight=61 14145 3332 1782 385 92 567
leaf_count=61 14145 3332 1782 385 92 567
internal_value=-4.78669e-05 -0.00271483 0.00100878 0.00574885 -0.00245472 -0.00982681
internal_weight=20364 3393 16971 2826 1044 659
internal_count=20364 3393 16971 2826 1044 659
is_linear=0
shrinkage=0.05


Tree=222
num_leaves=7
num_cat=0
split_feature=26 27 51 21 21 12
split_gain=16.9801 26.6185 22.5088 24.8983 22.1944 57.5775
threshold=0.10393329337239267 0.057810697704553611 0.0094074099324643629 0.72499999403953563 0.52500000596046459 0.031458647921681411
decision_type=2 2 10 2 2 2
left_child=1 4 -3 -4 -1 -6
right_child=-2 2 3 -5 5 -7
leaf_value=-2.7572760715103089e-05 6.5265751495393278e-05 -0.00035560111014767086 0.00037227632353260121 -0.00010540368260703285 8.3348222658384218e-05 -0.00020701746541171973
leaf_weight=8953 3479 451 150 160 5992 1068
leaf_count=8953 3479 451 150 160 5992 1068
internal_value=-5.30655e-05 -0.000326301 -0.00943211 0.000873016 0.000107691 0.00220453
internal_weight=20253 16774 761 310 16013 7060
internal_count=20253 16774 761 310 16013 7060
is_linear=0
shrinkage=0.05


Tree=223
num_leaves=7
num_cat=0
split_feature=36 36 0 21 22 27
split_gain=12.2552 30.753 40.4301 49.7707 59.8863 41.4045
threshold=0.20557278394699099 0.41924083232879644 -0.023997480981051918 0.075000001117587103 0.27500000596046453 0.057810697704553611
decision_type=2 2 2 2 2 2
left_child=-1 2 5 -4 -5 -2
right_child=1 -3 3 4 -6 -7
leaf_value=1.7156436626112845e-05 0.00027997577473391826 1.0972946876301001e-05 0.00010710089966008985 -0.00059009556788562319 -0.00016811335255036771 -0.00053100396492434154
leaf_weight=13129 414 4944 115 209 1397 157
leaf_count=13129 414 4944 115 209 1397 157
internal_value=-7.73196e-05 -0.00143281 -0.00621463 -0.0100377 -0.0123371 0.00525174
internal_weight=20365 7236 2292 1721 1606 571
internal_count=20365 7236 2292 1721 1606 571
is_linear=0
shrinkage=0.05


Tree=224
num_leaves=7
num_cat=0
split_feature=0 13 39 39 12 43
split_gain=13.6552 40.019 14.5326 28.7453 29.2998 39.4363
threshold=-0.1005539298057556 0.067322131246328368 0.035701496526598937 0.06388369202613832 0.055833566933870322 0.16455256938934329
decision_type=2 2 2 2 2 2
left_child=1 -1 -2 4 5 -4
right_child=2 -3 3 -5 -6 -7
leaf_value=0.00043827288730043302 8.0161051608063774e-06 -0.00051580490122881491 -9.0181619996016992e-05 7.8628154446825724e-05 -0.00046750998181817164 0.00057239002798459119
leaf_weight=248 15518 82 2616 948 563 223
leaf_count=248 15518 82 2616 948 563 223
internal_value=-3.34109e-05 0.0100746 -0.000104413 -0.00265786 -0.00480628 -0.00271624
internal_weight=20198 330 19868 4350 3402 2839
internal_count=20198 330 19868 4350 3402 2839
is_linear=0
shrinkage=0.05


Tree=225
num_leaves=7
num_cat=0
split_feature=26 12 21 51 38 20
split_gain=13.5444 31.4288 35.0428 25.2885 24.4187 20.1143
threshold=0.097254481166601195 0.059527965262532241 0.52500000596046459 -1.0000000180025095e-35 0.023226199671626094 0.62500000000000011
decision_type=2 2 2 8 2 2
left_child=1 -1 -3 -2 -5 -4
right_child=3 2 5 4 -6 -7
leaf_value=-1.5779839483742503e-06 -0.00041095751147954035 7.7495653344559961e-05 0.00038489018114282642 9.2953865019875827e-05 -0.00017025569178305599 -0.00053826977166645249
leaf_weight=15838 77 265 51 3268 463 339
leaf_count=15838 77 265 51 3268 463 339
internal_value=-0.000107111 -0.000559159 -0.01125 0.00274718 0.00335252 -0.0206962
internal_weight=20301 16493 655 3808 3731 390
internal_count=20301 16493 655 3808 3731 390
is_linear=0
shrinkage=0.05


Tree=226
num_leaves=7
num_cat=0
split_feature=49 53 0 48 36 44
split_gain=18.0875 28.3782 22.7616 32.024 61.0645 34.4583
threshold=-0.083866231143474565 2.0658068656921391 -0.1005539298057556 1.0902723073959353 -0.29965242743492121 0.10493851453065874
decision_type=2 10 2 2 2 2
left_child=1 2 -1 -4 5 -5
right_child=-2 -3 3 4 -6 -7
leaf_value=0.00044295075764079093 -2.3446157378920235e-05 -0.00083421130836590926 4.1206653356189089e-05 -2.4129216940180672e-05 -0.00029376031234977691 0.0006396600346374122
leaf_weight=167 10508 53 8534 251 618 107
leaf_count=167 10508 53 8534 251 618 107
internal_value=-0.000122264 0.00166153 0.00187203 0.0015423 -0.00700815 0.00929752
internal_weight=20238 9730 9677 9510 976 358
internal_count=20238 9730 9677 9510 976 358
is_linear=0
shrinkage=0.05


Tree=227
num_leaves=7
num_cat=0
split_feature=42 35 44 3 23 47
split_gain=13.4537 63.3702 30.8731 42.0472 30.699 23.027
threshold=0.061196073889732368 0.55740272998809826 0.062538623809814467 0.0060770129784941682 0.012863017152994873 0.66072130203247081
decision_type=2 2 2 2 2 2
left_child=1 5 3 -2 -3 -1
right_child=2 4 -4 -5 -6 -7
leaf_value=6.8864661076611892e-05 0.00014894183762577493 0.000620146438415679 -1.0814708280124488e-06 -0.00059176162226406287 -5.0236836300303695e-06 -1.4315585033049119e-05
leaf_weight=188 69 213 18094 220 80 1473
leaf_count=188 69 213 18094 220 80 1473
internal_value=-8.2342e-05 0.00401991 -0.000338536 -0.0164116 0.0252517 0.000195078
internal_weight=20337 1954 18383 289 293 1661
internal_count=20337 1954 18383 289 293 1661
is_linear=0
shrinkage=0.05


Tree=228
num_leaves=7
num_cat=0
split_feature=36 36 0 27 21 21
split_gain=11.7992 33.6327 37.1398 37.6689 36.7393 62.7028
threshold=0.20557278394699099 0.41924083232879644 -0.023997480981051918 0.057810697704553611 0.075000001117587103 0.32500000298023229
decision_type=2 2 2 2 2 2
left_child=-1 2 3 -2 -4 -6
right_child=1 -3 4 -5 5 -7
leaf_value=1.5464183890000954e-05 0.0002320632073772804 1.1026334636796625e-05 8.1628592104682164e-05 -0.00054100685401579159 -0.00056167364604116073 -0.00013998293637047435
leaf_weight=13091 423 4868 116 146 300 1310
leaf_count=13091 423 4868 116 146 300 1310
internal_value=-0.000127104 -0.00163574 -0.00661957 0.00439895 -0.0102686 -0.0122446
internal_weight=20254 7163 2295 569 1726 1610
internal_count=20254 7163 2295 569 1726 1610
is_linear=0
shrinkage=0.05


Tree=229
num_leaves=7
num_cat=0
split_feature=26 0 39 47 21 11
split_gain=13.14 44.0733 46.3013 42.6672 44.798 41.9708
threshold=-0.088740434497594819 -0.013800516724586485 0.014370847493410112 0.96851187944412243 0.37500000000000006 0.001503380364738405
decision_type=2 2 2 2 2 2
left_child=1 2 -1 -3 -5 -6
right_child=-2 3 -4 4 5 -7
leaf_value=-0.00055463536841766372 1.4299125033265291e-05 0.00022076016430268633 0.00014104844539372259 -0.00058764200162052759 0.00011951644600025155 -0.00024071593663422985
leaf_weight=443 16946 814 185 270 1036 601
leaf_count=443 16946 814 185 270 1036 601
internal_value=-4.80296e-05 -0.0024523 -0.0143365 0.000302641 -0.00377877 -0.000624239
internal_weight=20295 3349 628 2721 1907 1637
internal_count=20295 3349 628 2721 1907 1637
is_linear=0
shrinkage=0.05


Tree=230
num_leaves=7
num_cat=0
split_feature=55 53 40 43 25 55
split_gain=18.2245 35.2959 33.1341 40.0284 40.1972 32.2882
threshold=29199.973632812504 0.92204135656356823 0.12223341315984727 0.14279167354106906 0.056901574134826667 53321.371093750007
decision_type=8 10 2 2 2 8
left_child=2 5 3 4 -1 -2
right_child=1 -3 -4 -5 -6 -7
leaf_value=-1.1536575942376615e-06 0.00017692061391332762 -0.00075522657589937139 -0.00025823637562716567 0.00071036104877012884 -0.00051986644451459312 1.0947070564773336e-05
leaf_weight=3400 1185 90 1207 131 92 14222
leaf_count=3400 1185 90 1207 131 92 14222
internal_value=-5.77907e-05 0.00116275 -0.00235264 3.44542e-05 -0.000993709 0.00135122
internal_weight=20327 15497 4830 3623 3492 15407
internal_count=20327 15497 4830 3623 3492 15407
is_linear=0
shrinkage=0.05


Tree=231
num_leaves=7
num_cat=0
split_feature=56 0 38 40 43 3
split_gain=17.9814 30.4223 30.6544 27.8169 39.5956 26.881
threshold=0.00010187933366978542 -0.0050413655117154113 -0.002435785834677517 0.16017320752143863 0.14279167354106906 0.012864700984209778
decision_type=10 2 2 2 2 2
left_child=-1 5 -3 4 -4 -2
right_child=1 2 3 -5 -6 -7
leaf_value=2.8428991590843137e-05 -6.2244645210416205e-05 0.00010919536946021554 -7.1263137196276853e-05 -0.0005132022500852891 0.00043924349483377164 -0.00075261706345921653
leaf_weight=15407 1717 1524 1047 138 106 192
leaf_count=15407 1717 1524 1047 138 106 192
internal_value=-0.000122914 -0.00183443 0.00146277 -0.00418596 -0.00157599 -0.00670063
internal_weight=20131 4724 2815 1291 1153 1909
internal_count=20131 4724 2815 1291 1153 1909
is_linear=0
shrinkage=0.05


Tree=232
num_leaves=7
num_cat=0
split_feature=58 23 39 32 38 35
split_gain=14.7576 25.837 21.7855 36.1712 26.2276 19.6478
threshold=-2.1411982743302357e-05 0.015991688705980781 0.037552829831838615 0.29535536468029028 0.015485997777432205 0.46422728896141058
decision_type=8 2 2 2 2 2
left_child=1 -1 4 -4 -3 -2
right_child=5 2 3 -5 -6 -7
leaf_value=-4.6138166127178675e-06 1.0084981659424928e-05 -0.00016092507442775849 0.00063154933867527957 -0.00036605783966472591 -0.00059927086820176054 9.2015404849052698e-05
leaf_weight=3152 14450 523 89 70 137 1897
leaf_count=3152 14450 523 89 70 137 1897
internal_value=-8.73395e-05 -0.00221957 -0.0101032 0.00625 -0.0140977 0.0011757
internal_weight=20318 3971 819 159 660 16347
internal_count=20318 3971 819 159 660 16347
is_linear=0
shrinkage=0.05


Tree=233
num_leaves=7
num_cat=0
split_feature=53 29 35 43 35 2
split_gain=12.9117 25.0567 23.3593 19.9794 14.3482 55.0664
threshold=-1.3678575754165647 -0.07638759538531302 -0.51912778615951527 0.092266600579023375 -0.21418353915214536 0.0040621324442327031
decision_type=8 2 2 2 2 2
left_child=1 -1 -3 -4 5 -2
right_child=4 2 3 -5 -6 -7
leaf_value=0.00023687859884718456 -0.00047769874575824686 0.00031400895027223244 0.00010139647052772352 -0.00044111511963666934 2.8022423344618008e-05 -1.2085820154733152e-05
leaf_weight=154 84 56 80 373 13431 5981
leaf_count=154 84 56 80 373 13431 5981
internal_value=-3.34755e-05 -0.00617515 -0.0115272 -0.0153384 0.00089098 -0.00112438
internal_weight=20159 663 509 453 19496 6065
internal_count=20159 663 509 453 19496 6065
is_linear=0
shrinkage=0.05


Tree=234
num_leaves=7
num_cat=0
split_feature=56 38 3 42 55 15
split_gain=15.7131 24.8516 21.1292 32.5163 24.5933 25.9265
threshold=0.00011387602717150004 0.012664647772908212 0.012864700984209778 0.13000994175672534 4548.5651855468759 0.27500000596046453
decision_type=10 2 2 2 8 2
left_child=-1 -2 3 4 -3 -6
right_child=1 2 -4 -5 5 -7
leaf_value=2.3093089804530986e-05 -1.2119831793153991e-06 -0.0007099535049363058 -0.00077044026142125081 0.000197561352666503 0.00030345183937136228 -0.00024430995740885403
leaf_weight=16332 3130 126 99 233 65 305
leaf_count=16332 3130 126 99 233 65 305
internal_value=-6.28234e-05 -0.00213853 -0.00981393 -0.00670981 -0.0139222 -0.00713333
internal_weight=20290 3958 828 729 496 370
internal_count=20290 3958 828 729 496 370
is_linear=0
shrinkage=0.05


Tree=235
num_leaves=7
num_cat=0
split_feature=41 40 2 29 45 53
split_gain=16.2797 40.6197 37.9838 36.0648 35.7911 33.929
threshold=0.068311776965856566 0.062158130109310157 0.0055127071682363757 0.049727061763405807 0.066636379808187499 0.16913278400897983
decision_type=2 2 2 2 2 10
left_child=2 3 -1 -2 -3 -4
right_child=1 4 5 -5 -6 -7
leaf_value=2.6537812171109524e-05 0.00025292318524053857 0.00042273281464343658 -7.2193183564931001e-05 -0.00033201859436510781 4.1575757446611371e-06 -0.00045799400293400014
leaf_weight=1963 910 210 2158 70 14891 121
leaf_count=1963 910 210 2158 70 14891 121
internal_value=-9.71566e-05 0.00120136 -0.00227808 0.0110406 0.000557725 -0.00666594
internal_weight=20323 16081 4242 980 15101 2279
internal_count=20323 16081 4242 980 15101 2279
is_linear=0
shrinkage=0.05


Tree=236
num_leaves=7
num_cat=0
split_feature=58 40 0 36 22 22
split_gain=14.1194 20.1031 28.366 27.099 26.9868 25.8415
threshold=-2.1411982743302357e-05 0.11388269439339639 0.051022686064243324 0.069769848138093962 0.92499998211860668 0.27500000596046453
decision_type=8 2 2 2 2 2
left_child=1 5 3 -3 -5 -1
right_child=-2 2 -4 4 -6 -7
leaf_value=-0.00010340393119668467 1.3708246272212513e-05 -6.6491270435925509e-05 0.0001094698562004338 -0.00082926116131190164 3.8445159542029126e-05 4.4078502676503497e-05
leaf_weight=892 16308 275 219 279 63 2177
leaf_count=892 16308 275 219 279 63 2177
internal_value=-6.30626e-05 -0.00251279 -0.00936385 -0.0148312 -0.0241354 -0.00062622
internal_weight=20213 3905 836 617 342 3069
internal_count=20213 3905 836 617 342 3069
is_linear=0
shrinkage=0.05


Tree=237
num_leaves=7
num_cat=0
split_feature=35 45 51 51 38 36
split_gain=14.2322 34.7584 40.8786 39.2265 38.5842 38.7947
threshold=0.13489944487810138 0.10216379165649415 -0.03582544066011905 -1.0000000180025095e-35 -0.002435785834677517 0.35418000817298895
decision_type=2 2 10 8 2 2
left_child=-1 -2 4 -4 5 -3
right_child=1 2 3 -5 -6 -7
leaf_value=2.4628316496080492e-05 6.2711129166228079e-06 -0.00033517490267887825 -0.00074822806505014613 -2.8454476498838815e-05 -0.00024645590619242202 0.00032280029733242923
leaf_weight=12984 5389 191 347 273 742 475
leaf_count=12984 5389 191 347 273 742 475
internal_value=-8.69842e-05 -0.00149892 -0.00707083 -0.01772 -0.00231776 0.00637109
internal_weight=20401 7417 2028 620 1408 666
internal_count=20401 7417 2028 620 1408 666
is_linear=0
shrinkage=0.05


Tree=238
num_leaves=7
num_cat=0
split_feature=55 10 41 0 0 52
split_gain=14.9689 39.7161 23.208 18.6617 17.735 18.754
threshold=120421.96484375001 -0.007209137547761201 0.076522447168827071 -0.0012122183106839655 -0.031190220266580578 -1.0000000180025095e-35
decision_type=10 2 2 2 2 8
left_child=-1 2 3 -2 -3 -6
right_child=1 4 -4 -5 5 -7
leaf_value=8.1990379265703373e-06 -0.00024590876246174731 1.7613144801255061e-06 0.00072330301410331195 0.00023119959438381733 -1.1013098646237225e-05 -0.00057045768396937399
leaf_weight=19630 62 94 80 87 78 165
leaf_count=19630 62 94 80 87 78 165
internal_value=-2.84639e-05 -0.007662 0.0082265 -0.00340909 -0.0184942 -0.025504
internal_weight=20196 566 229 149 337 243
internal_count=20196 566 229 149 337 243
is_linear=0
shrinkage=0.05


Tree=239
num_leaves=7
num_cat=0
split_feature=53 44 55 1 39 45
split_gain=15.169 43.1237 39.5784 38.5468 41.9003 37.3637
threshold=0.087553210556507124 0.080247949808835997 43362.828125000007 -0.053785892203450196 -0.037809183821082108 0.11755584925413133
decision_type=10 2 10 2 2 2
left_child=2 -2 -1 5 -5 -3
right_child=1 3 -4 4 -6 -7
leaf_value=8.4759074749942136e-06 -0.00025335206096823093 -0.00038561574054101757 0.0001597107586478683 -0.00029079436494769244 8.2735796789020139e-05 0.00042864155407863389
leaf_weight=15952 284 375 1300 284 2000 84
leaf_count=15952 284 375 1300 284 2000 84
internal_value=-7.27174e-05 -0.00264677 0.00118648 -0.000700509 0.001955 -0.013847
internal_weight=20279 3027 17252 2743 2284 459
internal_count=20279 3027 17252 2743 2284 459
is_linear=0
shrinkage=0.05


Tree=240
num_leaves=7
num_cat=0
split_feature=39 23 23 46 39 47
split_gain=19.5841 37.3914 28.3282 21.0596 31.0035 32.2298
threshold=0.06388369202613832 -0.01317806029692292 0.03820211440324784 1.1539548039436343 0.046616164967417724 1.066605865955353
decision_type=2 2 2 2 2 2
left_child=3 -2 -3 4 5 -1
right_child=1 2 -4 -5 -6 -7
leaf_value=-1.8608853502438683e-06 0.00047066873608682153 -5.8273996982435854e-05 0.0012355988871768715 -7.2235045447082325e-05 -0.00023263661618153284 0.00012370495340652827
leaf_weight=11432 299 568 68 2583 1331 4011
leaf_count=11432 299 568 68 2583 1331 4011
internal_value=-5.78903e-05 0.00736702 0.000429017 -2.19502e-05 0.000624292 0.00125744
internal_weight=20292 935 636 19357 16774 15443
internal_count=20292 935 636 19357 16774 15443
is_linear=0
shrinkage=0.05


Tree=241
num_leaves=7
num_cat=0
split_feature=27 48 12 35 44 50
split_gain=13.3919 28.1445 30.6579 27.4609 21.3788 21.902
threshold=0.063588406890630736 0.27336414158344274 0.15023291110992434 0.2002980634570122 0.11980484426021577 2.5899050235748295
decision_type=2 2 2 2 2 2
left_child=-1 -2 3 4 5 -3
right_child=1 2 -4 -5 -6 -7
leaf_value=8.0996582048000355e-06 -0.00027302087440193547 0.00052037157497556634 -0.00047608865952362099 -0.00027113216678471521 -3.4385997897457433e-05 -0.00014793834178367882
leaf_weight=19016 233 345 165 270 233 60
leaf_count=19016 233 345 165 270 233 60
internal_value=-9.22418e-05 -0.00471014 -0.00122913 0.00238226 0.00804821 0.014939
internal_weight=20322 1306 1073 908 638 405
internal_count=20322 1306 1073 908 638 405
is_linear=0
shrinkage=0.05


Tree=242
num_leaves=7
num_cat=0
split_feature=44 7 45 55 48 3
split_gain=15.0144 24.03 27.4369 25.3996 24.255 23.779
threshold=0.14538802951574328 0.36934973299503332 0.15671773999929431 7079.3205566406259 -0.54472401738166798 0.0094448183663189429
decision_type=2 2 2 8 2 2
left_child=-1 3 -3 5 -4 -2
right_child=1 2 4 -5 -6 -7
leaf_value=-3.7102007432483246e-06 -0.00085267549355627051 9.81622881560266e-05 0.00037817376142522461 0.00085953186065623017 -0.00047679509127908468 0.00021615615195739844
leaf_weight=19094 55 540 54 122 147 381
leaf_count=19094 55 540 54 122 147 381
internal_value=-4.28964e-05 0.00531058 -0.000569705 0.0130995 -0.0161408 0.00719955
internal_weight=20393 1299 741 558 201 436
internal_count=20393 1299 741 558 201 436
is_linear=0
shrinkage=0.05


Tree=243
num_leaves=7
num_cat=0
split_feature=51 38 12 36 3 51
split_gain=11.7504 51.6265 53.0011 38.5152 34.3457 38.0795
threshold=0.013024804648011925 0.017168599180877212 0.019627135246992115 -0.81429818272590626 0.0089423251338303106 1.0000000180025095e-35
decision_type=8 2 2 2 2 8
left_child=1 2 3 -1 5 -5
right_child=-2 -3 -4 4 -6 -7
leaf_value=0.00082058198234742511 1.7605397750334163e-05 -0.00022313973564688997 -0.00017393715603466017 0.00026152206429457025 -2.5980703932924834e-05 -7.8112053938891196e-05
leaf_weight=92 14559 1132 1076 1195 1901 363
leaf_count=92 14559 1132 1076 1195 1901 363
internal_value=1.8452e-05 -0.00160045 0.000739421 0.00369094 0.00280745 0.00830134
internal_weight=20318 5759 4627 3551 3459 1558
internal_count=20318 5759 4627 3551 3459 1558
is_linear=0
shrinkage=0.05


Tree=244
num_leaves=7
num_cat=0
split_feature=39 10 48 42 46 21
split_gain=18.9556 42.5697 33.7562 30.6434 28.3169 40.9287
threshold=0.059389751404523856 -0.02101128455251455 0.60287722945213329 0.072631757706403746 1.1539548039436343 0.67499998211860668
decision_type=2 2 2 2 2 2
left_child=4 -2 -3 -4 -1 -6
right_child=1 2 3 -5 5 -7
leaf_value=1.0078941779683597e-05 -9.6446031187561842e-05 0.0003656511345877558 0.00026483957422064895 -0.00052048908378295286 -0.00023072338152322304 4.4271949551830282e-05
leaf_weight=16512 422 572 156 134 1271 1215
leaf_count=16512 422 572 156 134 1271 1215
internal_value=-5.29896e-05 0.00618697 0.0125433 -0.00127119 -7.76193e-05 -0.00504817
internal_weight=20282 1284 862 290 18998 2486
internal_count=20282 1284 862 290 18998 2486
is_linear=0
shrinkage=0.05


Tree=245
num_leaves=7
num_cat=0
split_feature=0 39 17 24 45 41
split_gain=11.9839 23.1205 18.7586 18.0962 31.9448 21.177
threshold=0.088774334639310851 0.0044379422906786212 0.075000001117587103 -0.14379888772964475 0.13469113409519198 0.14512018114328387
decision_type=2 2 2 2 2 2
left_child=3 2 -2 4 -1 -6
right_child=1 -3 -4 -5 5 -7
leaf_value=-0.00025672036176367245 -0.00031505381477237601 -0.0005739452036484453 0.00054523203919938288 4.4787853334523506e-06 0.0013590991146816272 0.00037322635056052152
leaf_weight=76 55 203 73 19623 113 78
leaf_count=76 55 203 73 19623 113 78
internal_value=-5.80935e-05 -0.00900298 0.00733083 0.000516461 0.0133272 0.0241071
internal_weight=20221 331 128 19890 267 191
internal_count=20221 331 128 19890 267 191
is_linear=0
shrinkage=0.05


Tree=246
num_leaves=7
num_cat=0
split_feature=10 43 3 46 54 11
split_gain=13.5211 56.9602 25.871 23.3705 22.5033 27.9484
threshold=-0.16426658630371091 0.14858745038509372 0.013637238182127477 0.97475373744964611 -0.0079201953485608084 0.012598729692399504
decision_type=2 2 2 2 10 2
left_child=1 3 -3 4 5 -1
right_child=-2 2 -4 -5 -6 -7
leaf_value=0.00032438273353898315 7.5162498544542993e-06 0.00097512762792319847 -6.1806651953717206e-05 -0.0010551343886913162 -0.00051697298939157917 -0.00056909810186651629
leaf_weight=155 19643 111 83 132 153 50
leaf_count=155 19643 111 83 132 153 50
internal_value=-4.7954e-05 -0.00664006 0.0159548 -0.0157071 -0.00874656 0.00202381
internal_weight=20327 684 194 490 358 205
internal_count=20327 684 194 490 358 205
is_linear=0
shrinkage=0.05


Tree=247
num_leaves=7
num_cat=0
split_feature=33 46 24 51 25 13
split_gain=15.6712 28.9777 38.0594 34.2815 35.9331 37.5327
threshold=-0.11704342067241667 0.89705806970596325 0.093894675374031081 0.011526143178343775 -0.063612580299377428 -0.044773139059543603
decision_type=2 2 2 8 2 2
left_child=1 2 -1 -3 -5 -6
right_child=-2 3 -4 4 5 -7
leaf_value=0.00011301297018455206 -1.1000207613235011e-05 -0.00010982107074733799 -0.0004051293438505934 0.00072892993746194511 -0.00038867961673319323 9.9426882945228426e-05
leaf_weight=1720 13667 1689 88 175 310 2666
leaf_count=1720 13667 1689 88 175 310 2666
internal_value=2.3376e-05 0.00237111 0.00776338 0.000345717 0.00342997 0.002105
internal_weight=20315 6648 1808 4840 3151 2976
internal_count=20315 6648 1808 4840 3151 2976
is_linear=0
shrinkage=0.05


Tree=248
num_leaves=7
num_cat=0
split_feature=48 22 44 47 13 53
split_gain=11.0678 51.0214 46.1312 43.3587 35.1446 34.6955
threshold=-0.12688010185956952 0.82500001788139354 0.10669307038187982 0.60709333419799816 -0.027461868710815903 -0.45980261266231531
decision_type=2 2 2 2 2 8
left_child=-1 3 -3 -2 -5 -6
right_child=1 2 -4 4 5 -7
leaf_value=-1.7266172904315435e-05 -0.00024180500686381929 -0.00044155243232907294 -3.2100938302887937e-05 0.00072465694191013925 0.00026944064022544424 3.553603115737563e-05
leaf_weight=9869 185 324 1725 220 604 7324
leaf_count=9869 185 324 1725 220 604 7324
internal_value=-5.80075e-05 0.00120102 -0.00585443 0.00294135 0.00349258 0.00293395
internal_weight=20251 10382 2049 8333 8148 7928
internal_count=20251 10382 2049 8333 8148 7928
is_linear=0
shrinkage=0.05


Tree=249
num_leaves=7
num_cat=0
split_feature=44 42 41 22 40 51
split_gain=15.9228 41.5057 46.6949 36.7147 70.814 43.3455
threshold=0.10097973048686983 0.11186691001057626 0.10442777350544931 0.52500000596046459 0.059034783393144614 0.0052549096290022143
decision_type=2 2 2 2 2 10
left_child=1 -1 -3 4 -2 -6
right_child=3 2 -4 -5 5 -7
leaf_value=7.1442972813360376e-06 0.00034812500125703367 -0.00060329026583413414 0.00072306920293839733 2.3416590843226405e-06 -0.00029831607219877644 1.4203123020072647e-05
leaf_weight=10369 157 96 368 7140 1473 716
leaf_count=10369 157 96 368 7140 1473 716
internal_value=-0.000102096 0.00117411 0.0157249 -0.00163049 -0.00705019 -0.00940064
internal_weight=20319 10833 464 9486 2346 2189
internal_count=20319 10833 464 9486 2346 2189
is_linear=0
shrinkage=0.05


Tree=250
num_leaves=7
num_cat=0
split_feature=45 22 45 22 35 53
split_gain=12.0692 42.8522 40.9831 64.6382 39.219 36.6847
threshold=0.080515574663877501 0.87500000000000011 0.08999918028712274 0.67499998211860668 0.46422728896141058 -0.43535815179347986
decision_type=2 2 2 2 2 8
left_child=1 5 3 4 -2 -1
right_child=2 -3 -4 -5 -6 -7
leaf_value=0.00012427333319359632 -1.4979050885193018e-05 -0.00040371039014207213 -1.9220172286079742e-06 0.00052614707692808253 0.00038716385439794025 -2.0425265621485014e-05
leaf_weight=559 1667 203 10805 503 455 6017
leaf_count=559 1667 203 10805 503 455 6017
internal_value=-3.83398e-05 -0.00133034 0.00125605 0.00685361 0.00299718 -0.000619207
internal_weight=20209 6779 13430 2625 2122 6576
internal_count=20209 6779 13430 2625 2122 6576
is_linear=0
shrinkage=0.05


Tree=251
num_leaves=7
num_cat=0
split_feature=22 51 55 42 3 35
split_gain=16.3134 50.2161 43.965 44.2028 45.725 41.5479
threshold=0.17500000447034839 1.0000000180025095e-35 163001.15625000003 0.076750621199607863 0.0046802100259810695 0.55740272998809826
decision_type=2 10 8 2 2 2
left_child=1 2 3 4 -1 -4
right_child=-2 -3 5 -5 -6 -7
leaf_value=-1.380510985586357e-05 1.6205846309783712e-05 -0.00027770186977568294 -7.5701340288538842e-05 -4.6645196168560344e-05 0.00031197878384543905 0.00022746558737860779
leaf_weight=134 17349 377 1629 310 266 309
leaf_count=134 17349 377 1629 310 266 309
internal_value=-7.72854e-05 -0.00301155 -0.000555974 0.010035 0.0209259 -0.00446475
internal_weight=20374 3025 2648 710 400 1938
internal_count=20374 3025 2648 710 400 1938
is_linear=0
shrinkage=0.05


Tree=252
num_leaves=7
num_cat=0
split_feature=44 12 44 45 47 11
split_gain=11.639 44.2804 43.5678 43.1826 28.5013 28.8241
threshold=0.062538623809814467 -0.0044611836783587924 0.057903086766600616 0.050168504938483245 0.74809172749519359 0.011759611777961256
decision_type=2 2 2 2 2 2
left_child=1 2 -1 -2 -3 -6
right_child=3 4 -4 -5 5 -7
leaf_value=-1.3166231468223405e-05 0.00051235017232311093 -0.00014226861233520446 -0.00048948544061375035 5.7048622706059546e-06 0.00012388216510408252 -0.00023162848516016074
leaf_weight=597 219 142 254 18417 570 113
leaf_count=597 219 142 254 18417 570 113
internal_value=-9.72092e-05 -0.0037329 -0.0117114 0.000610214 0.00448795 0.00875727
internal_weight=20312 1676 851 18636 825 683
internal_count=20312 1676 851 18636 825 683
is_linear=0
shrinkage=0.05


Tree=253
num_leaves=7
num_cat=0
split_feature=36 36 35 21 22 36
split_gain=15.7994 43.5216 50.2237 28.8633 74.5872 42.9692
threshold=0.20557278394699099 0.41924083232879644 0.10161371529102327 0.075000001117587103 0.27500000596046453 0.28200531005859381
decision_type=2 2 2 2 2 2
left_child=-1 3 -3 -2 -5 -6
right_child=1 2 -4 4 5 -7
leaf_value=2.4030027862699817e-05 7.4482004601242614e-05 0.00059925680268226337 5.1692665891557275e-06 -0.00049567200935868446 3.4029053454473841e-05 -0.00026482118892876862
leaf_weight=13152 112 113 4777 220 824 1136
leaf_count=13152 112 113 4777 220 824 1136
internal_value=-9.71041e-05 -0.00162446 0.00103677 -0.007303 -0.00859268 -0.00543257
internal_weight=20334 7182 4890 2292 2180 1960
internal_count=20334 7182 4890 2292 2180 1960
is_linear=0
shrinkage=0.05


Tree=254
num_leaves=7
num_cat=0
split_feature=56 12 40 46 44 45
split_gain=14.1967 24.6216 31.0766 30.7581 22.6581 24.9683
threshold=0.00010187933366978542 0.016057798638939861 0.21289338916540149 0.73887035250663768 0.11874692514538766 0.11137598380446435
decision_type=10 2 2 2 2 2
left_child=-1 2 -2 -3 -5 -6
right_child=1 3 -4 4 5 -7
leaf_value=1.4078102685768652e-05 2.1383480187048092e-05 0.00023315973369619848 -0.00045301536718907919 -6.8553867399855155e-05 -0.00048192633923378297 -0.00012438444143026258
leaf_weight=15585 3011 100 149 897 248 329
leaf_count=15585 3011 100 149 897 248 329
internal_value=-0.000136538 -0.00223148 0.000308057 -0.00733059 -0.0091785 -0.0168814
internal_weight=20319 4734 3160 1574 1474 577
internal_count=20319 4734 3160 1574 1474 577
is_linear=0
shrinkage=0.05


Tree=255
num_leaves=7
num_cat=0
split_feature=39 46 48 47 0 46
split_gain=15.1858 29.3822 28.6805 24.3774 21.4616 17.0379
threshold=0.06388369202613832 0.97475373744964611 0.46946804225444799 0.8738808035850526 0.039052011445164687 1.1539548039436343
decision_type=2 2 2 2 2 2
left_child=5 3 4 -2 -3 -1
right_child=1 2 -4 -5 -6 -7
leaf_value=7.6924434067879646e-06 0.00012744551733171773 0.00056196816123777469 -4.9406269177781492e-05 -0.00023549383092674606 -3.8950494482498406e-06 -7.1731156775318403e-05
leaf_weight=16726 57 352 208 242 104 2557
leaf_count=16726 57 352 208 242 104 2557
internal_value=-8.765e-05 0.00622417 0.0120703 -0.00666118 0.0190347 -0.000193125
internal_weight=20246 963 664 299 456 19283
internal_count=20246 963 664 299 456 19283
is_linear=0
shrinkage=0.05


Tree=256
num_leaves=7
num_cat=0
split_feature=45 47 55 17 43 35
split_gain=13.7822 38.3742 32.0762 34.8321 38.0557 26.9276
threshold=0.11755584925413133 0.83416900038719188 3.9500838518142705 0.27500000596046453 0.090940389782190337 0.13489944487810138
decision_type=2 2 8 2 2 2
left_child=-1 -2 -3 4 -4 -5
right_child=1 2 3 5 -6 -7
leaf_value=-8.0365714835950951e-06 0.00039535572952394864 -0.00090758861568755842 -0.0006222151226430374 2.6501380948089215e-05 0.00022379248908073522 -0.00025303392566202197
leaf_weight=15391 262 142 57 2555 1293 620
leaf_count=15391 262 142 57 2555 1293 620
internal_value=-3.32103e-05 0.00243717 0.00137521 0.00212472 0.00883764 -0.000731132
internal_weight=20320 4929 4667 4525 1350 3175
internal_count=20320 4929 4667 4525 1350 3175
is_linear=0
shrinkage=0.05


Tree=257
num_leaves=7
num_cat=0
split_feature=29 28 24 55 36 2
split_gain=15.2703 21.3341 18.9433 33.9053 31.5943 47.1201
threshold=0.10298141837120058 0.014641034882515671 0.093894675374031081 56745.121093750007 -0.12343106791377066 0.011345924343913795
decision_type=2 2 2 10 2 2
left_child=2 -2 -1 4 5 -4
right_child=1 -3 3 -5 -6 -7
leaf_value=5.9637241282869989e-06 0.00030348001655201807 -5.4809977632198831e-05 -0.00013716466711954112 -0.0005757310348102029 -0.00015344219221330118 0.0012594453339282831
leaf_weight=18260 382 250 115 70 1142 125
leaf_count=18260 382 250 115 70 1142 125
internal_value=-9.70564e-05 0.00781005 -5.45215e-05 -0.00554221 -0.00373107 0.012551
internal_weight=20344 632 19712 1452 1382 240
internal_count=20344 632 19712 1452 1382 240
is_linear=0
shrinkage=0.05


Tree=258
num_leaves=7
num_cat=0
split_feature=48 22 44 13 51 55
split_gain=12.914 42.3192 48.3667 35.2962 35.2828 31.9833
threshold=-0.12688010185956952 0.82500001788139354 0.10669307038187982 -0.029876753687858578 -0.48187977075576777 56745.121093750007
decision_type=2 2 2 2 10 10
left_child=-1 3 -3 -2 -4 -5
right_child=1 2 4 5 -6 -7
leaf_value=-2.1044472907334756e-05 0.00070092071681573302 -0.00045056757711070278 8.3292591691113587e-05 6.3307188771040854e-05 -0.00021539985048123179 -0.00012752595963360679
leaf_weight=9903 202 331 1149 7166 587 929
leaf_count=9903 202 331 1149 7166 587 929
internal_value=-8.75592e-05 0.00106809 -0.00532095 0.00266502 -0.00193854 0.00213889
internal_weight=20267 10364 2067 8297 1736 8095
internal_count=20267 10364 2067 8297 1736 8095
is_linear=0
shrinkage=0.05


Tree=259
num_leaves=7
num_cat=0
split_feature=56 60 44 6 35 55
split_gain=14.4037 15.2757 16.9275 13.4696 35.5753 53.0821
threshold=0.001038842252455652 -0.86600771546363819 0.12933631241321566 0.12437655031681062 -0.41978208720684046 33081.835937500007
decision_type=10 8 2 2 2 10
left_child=3 -2 -3 4 5 -1
right_child=1 2 -4 -5 -6 -7
leaf_value=-0.00020684183790084699 9.0116645554703338e-05 -0.00032495402157532087 1.1599919603925632e-05 -3.9850852848673674e-06 0.00010106599927503751 0.0010199046196175221
leaf_weight=924 175 305 160 16557 2089 68
leaf_count=924 175 305 160 16557 2089 68
internal_value=-0.000126954 -0.00724806 -0.0119681 0.000344907 0.00337816 -0.00438816
internal_weight=20278 640 465 19638 3081 992
internal_count=20278 640 465 19638 3081 992
is_linear=0
shrinkage=0.05


Tree=260
num_leaves=7
num_cat=0
split_feature=23 27 55 21 10 38
split_gain=14.3412 21.8843 38.8991 23.5461 22.1023 21.0603
threshold=-0.00063607454649172712 -0.0090468125417828543 91.561473846435561 0.97499999403953563 -0.16426658630371091 0.0098518687300384062
decision_type=2 2 8 2 2 2
left_child=-1 2 5 -4 -3 -2
right_child=1 4 3 -5 -6 -7
leaf_value=2.3609715876112862e-05 -0.00024535127056776377 -0.00047224357620806673 -6.4369875018930678e-05 0.00038580542567260738 1.0870930144131963e-05 -0.0010711831874548852
leaf_weight=9740 228 198 1987 139 7988 112
leaf_count=9740 228 198 1987 139 7988 112
internal_value=-6.25092e-05 -0.00108614 -0.00521044 -0.00266307 0.000155659 -0.0207971
internal_weight=20392 10652 2466 2126 8186 340
internal_count=20392 10652 2466 2126 8186 340
is_linear=0
shrinkage=0.05


Tree=261
num_leaves=7
num_cat=0
split_feature=0 44 30 2 3 57
split_gain=14.7008 27.3217 46.6595 39.4003 41.4072 29.6878
threshold=0.039052011445164687 0.089014694094657912 53.576646804809577 0.0092745292931795138 0.0075627376791089782 -1.9554795471776739e-05
decision_type=2 2 2 2 2 8
left_child=-1 3 -3 4 -2 -4
right_child=1 2 5 -5 -6 -7
leaf_value=-3.0723184465282322e-06 -0.00020756204682887346 0.0002409789451771562 -0.00029531123828675061 -0.00065774789788422452 0.00078375715761425319 5.0538003846236328e-05
leaf_weight=17692 174 1112 247 179 118 777
leaf_count=17692 174 1112 247 179 118 777
internal_value=-6.27955e-05 0.00383806 0.00624708 -0.00698529 0.00429293 -0.00143343
internal_weight=20299 2607 2136 471 292 1024
internal_count=20299 2607 2136 471 292 1024
is_linear=0
shrinkage=0.05


Tree=262
num_leaves=7
num_cat=0
split_feature=41 15 36 42 51 25
split_gain=16.5549 38.5213 30.2635 28.9729 28.7311 28.6729
threshold=0.068311776965856566 0.27500000596046453 0.38771727681159979 0.074097428470850005 1.0000000180025095e-35 0.015912632457911972
decision_type=2 2 2 2 10 2
left_child=1 2 -1 -4 5 -3
right_child=-2 4 3 -5 -6 -7
leaf_value=-0.00026943281094594652 2.0075906784045289e-05 4.0105941626425883e-05 4.5483848210825401e-05 -0.00040578545610900856 -0.00020392116837157257 -0.00018402905870731998
leaf_weight=498 16004 2559 345 82 224 587
leaf_count=498 16004 2559 345 82 224 587
internal_value=2.83195e-05 -0.00230814 -0.0113172 -0.00144676 0.00017037 0.00142018
internal_weight=20299 4295 925 427 3370 3146
internal_count=20299 4295 925 427 3370 3146
is_linear=0
shrinkage=0.05


Tree=263
num_leaves=7
num_cat=0
split_feature=27 48 2 51 36 38
split_gain=12.1865 23.6725 22.8546 23.3642 29.5047 25.2183
threshold=0.063588406890630736 0.60287722945213329 0.014498613309115173 0.010454045608639719 0.28200531005859381 0.0031092156423255806
decision_type=2 2 2 8 2 2
left_child=-1 -2 3 -3 5 -5
right_child=1 2 -4 4 -6 -7
leaf_value=9.9756560674647933e-06 -0.00027105960136880657 -0.00033086370400872798 -0.0002550864737773017 -0.00011740736967778365 -0.00022436476423690188 0.00042894009400857073
leaf_weight=18976 312 50 163 142 273 356
leaf_count=18976 312 50 163 142 273 356
internal_value=-7.27425e-05 -0.00443889 -0.000581395 0.00281477 0.00505799 0.0122763
internal_weight=20272 1296 984 821 771 498
internal_count=20272 1296 984 821 771 498
is_linear=0
shrinkage=0.05


Tree=264
num_leaves=7
num_cat=0
split_feature=44 42 26 41 22 22
split_gain=10.6341 45.7542 43.1129 48.2758 46.1133 36.9321
threshold=0.10097973048686983 0.11186691001057626 0.14525019377470019 0.10780145600438119 0.87500000000000011 0.52500000596046459
decision_type=2 2 2 2 2 2
left_child=1 2 3 4 -1 -2
right_child=5 -3 -4 -5 -6 -7
leaf_value=2.0569354929951287e-05 -0.00012177574153618386 0.00047119029064866271 0.0002530315069294939 -0.00042422106287081816 -0.00040983219879178918 1.4769061603427072e-05
leaf_weight=8804 2317 450 541 590 329 7127
leaf_count=8804 2317 450 541 590 329 7127
internal_value=-0.000107871 0.00135041 0.000659753 -0.000105366 0.000790654 -0.000949836
internal_weight=20158 10714 10264 9723 9133 9444
internal_count=20158 10714 10264 9723 9133 9444
is_linear=0
shrinkage=0.05


Tree=265
num_leaves=7
num_cat=0
split_feature=37 28 51 29 21 35
split_gain=12.2825 20.7712 19.2544 16.7758 23.8589 37.9178
threshold=0.0026680652517825369 0.011726078111678364 -0.48187977075576777 0.088643349707126631 0.77500000596046459 -0.29654940962791437
decision_type=2 2 8 2 2 2
left_child=1 3 -3 -1 -5 -6
right_child=-2 2 -4 4 5 -7
leaf_value=1.513822569011226e-06 3.9594015932825155e-05 -0.00038080642701718401 -6.4659932670480756e-05 0.00038823310423285784 0.0010176607255164172 -0.00028472435953617544
leaf_weight=12158 5063 83 2501 198 88 115
leaf_count=12158 5063 83 2501 198 88 115
internal_value=-5.81367e-05 -0.00043075 -0.00450946 0.000407911 0.0104064 -0.0015625
internal_weight=20206 15143 2584 12559 401 203
internal_count=20206 15143 2584 12559 401 203
is_linear=0
shrinkage=0.05


Tree=266
num_leaves=7
num_cat=0
split_feature=27 41 39 47 35 46
split_gain=12.1656 20.1768 36.7252 28.7869 29.9293 31.7197
threshold=0.063588406890630736 0.12976291775703433 -0.012108057271689175 0.74809172749519359 0.2002980634570122 1.1868072748184206
decision_type=2 2 2 2 2 2
left_child=-1 2 -2 -4 -5 -6
right_child=1 -3 3 4 5 -7
leaf_value=7.571548398674892e-06 -0.00041203030688738971 -0.00025336363700926884 -0.0004442990474170095 0.00028821490555467586 -0.00038240553897335612 0.0007030846168560958
leaf_weight=19042 137 289 84 561 199 50
leaf_count=19042 137 289 84 561 199 50
internal_value=-7.24211e-05 -0.00450943 -0.00118243 0.00253059 0.0054908 -0.00875984
internal_weight=20362 1320 1031 894 810 249
internal_count=20362 1320 1031 894 810 249
is_linear=0
shrinkage=0.05


Tree=267
num_leaves=7
num_cat=0
split_feature=48 39 45 10 47 35
split_gain=11.648 33.8143 67.3056 29.1166 33.4496 41.5743
threshold=-0.12688010185956952 -0.037809183821082108 0.071472220122814192 0.22515592724084857 1.0166550874710085 -0.14161939173936841
decision_type=2 2 2 2 2 2
left_child=3 2 -2 4 5 -1
right_child=1 -3 -4 -5 -6 -7
leaf_value=-0.00026875634901863494 0.00022152187239240118 3.092336271704357e-05 -0.00034481308591552103 0.00016978556428416008 3.3386376183835305e-05 -2.1994288846769318e-05
leaf_weight=1369 106 9931 442 359 3933 4255
leaf_count=1369 106 9931 442 359 3933 4255
internal_value=-6.7402e-05 0.00122329 -0.0108047 -0.00116672 -0.00169682 -0.00417037
internal_weight=20395 10479 548 9916 9557 5624
internal_count=20395 10479 548 9916 9557 5624
is_linear=0
shrinkage=0.05


Tree=268
num_leaves=7
num_cat=0
split_feature=50 2 46 38 47 59
split_gain=14.7394 29.5729 27.6965 25.4544 27.8724 42.5821
threshold=-0.41954444348812098 0.016367637552320961 1.1034659743309023 -0.010783429723232983 0.8738808035850526 0.0063788131810724744
decision_type=2 2 2 2 2 8
left_child=3 -2 -3 4 -1 -6
right_child=1 2 -4 -5 5 -7
leaf_value=-4.4631942407015706e-05 -7.1244306426706645e-06 0.00021159506026713514 -0.00059314331444760161 5.1317888400756772e-06 2.3919332109787851e-05 0.00035314255655153124
leaf_weight=451 12493 75 188 5722 679 677
leaf_count=451 12493 75 188 5722 679 677
internal_value=-0.000112124 -0.00082086 -0.0172575 0.00196775 0.007133 0.010709
internal_weight=20285 12756 263 7529 1807 1356
internal_count=20285 12756 263 7529 1807 1356
is_linear=0
shrinkage=0.05


Tree=269
num_leaves=7
num_cat=0
split_feature=49 29 43 55 3 35
split_gain=12.4703 25.421 16.1541 25.0128 26.8442 25.2505
threshold=-0.083866231143474565 0.088643349707126631 0.1116812974214554 7.6748301982879648 0.011672072112560274 -0.095181073993444429
decision_type=2 2 2 8 2 2
left_child=1 2 3 5 -5 -1
right_child=-2 -3 -4 4 -6 -7
leaf_value=-0.0001608733057647958 -1.7321309032971741e-05 0.00038421708322157033 -5.9053214762215056e-05 1.4849419105602116e-05 0.00024774812764858344 0.00060705618995322776
leaf_weight=57 10479 185 2461 6668 283 154
leaf_count=57 10479 185 2461 6668 283 154
internal_value=-8.25448e-05 0.00148527 0.00112432 0.00232664 0.0018006 0.0190972
internal_weight=20287 9808 9623 7162 6951 211
internal_count=20287 9808 9623 7162 6951 211
is_linear=0
shrinkage=0.05


Tree=270
num_leaves=7
num_cat=0
split_feature=39 46 4 44 30 0
split_gain=12.4636 30.917 19.3101 25.9916 18.5624 22.378
threshold=0.06388369202613832 0.98589828610420238 0.072547085583210005 0.10359489172697069 26.280940055847172 0.0075348322279751309
decision_type=2 2 2 2 2 2
left_child=-1 2 3 -2 -3 -6
right_child=1 4 -4 -5 5 -7
leaf_value=-3.5253383665449086e-06 -0.00021835567984755268 0.00069881433084271994 -0.0003916413623091893 0.00047472962561992095 0.00033178664895283378 -5.418488508309571e-05
leaf_weight=19325 131 73 111 64 341 223
leaf_count=19325 131 73 111 64 341 223
internal_value=-7.76895e-05 0.00561709 -0.00731511 0.002125 0.0118769 0.00856766
internal_weight=20268 943 306 195 637 564
internal_count=20268 943 306 195 637 564
is_linear=0
shrinkage=0.05


Tree=271
num_leaves=7
num_cat=0
split_feature=58 32 40 36 45 47
split_gain=10.7005 22.2875 21.4013 25.6867 25.5674 21.3402
threshold=-5.8186808018945151e-05 0.38563932478427893 0.12223341315984727 0.2600721567869187 0.066636379808187499 0.98035624623298656
decision_type=8 2 2 2 2 2
left_child=1 2 4 5 -1 -4
right_child=-2 -3 3 -5 -6 -7
leaf_value=-0.00033821378215356438 1.4283215068649266e-05 -0.00018610334195505625 0.00056178246887605477 -0.00060070741674564181 6.1366765163080081e-05 -0.0001649020678615042
leaf_weight=145 16940 759 71 181 1979 305
leaf_count=145 16940 759 71 181 1979 305
internal_value=-5.27349e-05 -0.0020537 8.37677e-05 -0.00858541 0.00238375 -0.000984252
internal_weight=20380 3440 2681 557 2124 376
internal_count=20380 3440 2681 557 2124 376
is_linear=0
shrinkage=0.05


Tree=272
num_leaves=7
num_cat=0
split_feature=0 44 22 4 15 35
split_gain=12.1108 39.4028 44.8724 33.7344 32.5464 32.1066
threshold=0.018010207451879982 0.12933631241321566 0.87500000000000011 0.10553883388638498 0.87500000000000011 -0.84229862689971913
decision_type=2 2 2 2 2 2
left_child=-1 2 4 -3 -2 -4
right_child=1 3 5 -5 -6 -7
leaf_value=-3.6296086465035553e-06 1.1145320094229066e-05 0.00035142397764545072 0.00037098212800726815 3.405918865367079e-05 0.00056794426885848899 -0.00039404715653249141
leaf_weight=14794 3607 624 51 586 201 434
leaf_count=14794 3607 624 51 586 201 434
internal_value=-4.30992e-05 0.00256445 0.000308283 0.0105144 0.00214398 -0.0139286
internal_weight=20297 5503 4293 1210 3808 485
internal_count=20297 5503 4293 1210 3808 485
is_linear=0
shrinkage=0.05


Tree=273
num_leaves=7
num_cat=0
split_feature=37 23 48 35 36 35
split_gain=11.3327 11.991 22.5787 28.0504 24.4466 26.3161
threshold=0.0022844474297016863 -0.01317806029692292 -0.3714329302310943 -0.12921393662691114 0.13481842726469043 0.25494788587093359
decision_type=2 2 2 2 2 2
left_child=1 -1 3 -3 5 -5
right_child=-2 2 -4 4 -6 -7
leaf_value=4.3072091236714422e-05 3.0753419950726397e-05 -0.00024504384784258115 4.5606243608691823e-06 0.00013923256669413591 -6.4189368023673404e-05 -0.00023994250018512828
leaf_weight=3003 5710 1315 7112 911 2129 60
leaf_count=3003 5710 1315 7112 911 2129 60
internal_value=-0.000137071 -0.000672515 -0.00140695 -0.0042138 -0.00160225 0.00494365
internal_weight=20240 14530 11527 4415 3100 971
internal_count=20240 14530 11527 4415 3100 971
is_linear=0
shrinkage=0.05


Tree=274
num_leaves=7
num_cat=0
split_feature=27 49 0 26 12 42
split_gain=14.7358 23.477 25.2448 18.6281 28.4525 26.506
threshold=0.063588406890630736 0.8972938358783723 -0.1005539298057556 0.15777757763862613 0.12466512992978097 0.09660902246832849
decision_type=2 2 2 2 2 2
left_child=3 2 -2 4 -1 -5
right_child=1 -3 -4 5 -6 -7
leaf_value=-2.5029255232406587e-06 0.00018103799577312292 9.0724359838739783e-06 -0.00036771761346067157 -8.841255426401017e-05 0.001523860735991393 0.00014766056456863021
leaf_weight=17437 122 755 429 314 68 1132
leaf_count=17437 122 755 429 314 68 1132
internal_value=-5.79903e-05 -0.00501526 -0.0128147 0.000465552 1.28498e-05 0.00590972
internal_weight=20257 1306 551 18951 17505 1446
internal_count=20257 1306 551 18951 17505 1446
is_linear=0
shrinkage=0.05


Tree=275
num_leaves=7
num_cat=0
split_feature=24 43 36 53 6 52
split_gain=12.5472 22.0391 21.8566 15.2494 31.0718 31.8764
threshold=-0.14379888772964475 0.13738768547773364 0.18126974999904635 -1.009284973144531 0.18658252060413363 -0.0017674271948635576
decision_type=2 2 2 8 2 8
left_child=1 -1 -3 4 5 -2
right_child=3 2 -4 -5 -6 -7
leaf_value=-0.00030442596487615802 -0.0001175449905950489 0.0011404095869864759 -0.00020345093532310178 4.4577394189877532e-06 -0.00027879404244969921 0.00047457741053614035
leaf_weight=103 458 151 60 18854 471 160
leaf_count=103 458 151 60 18854 471 160
internal_value=-0.000117214 0.00995298 0.0190972 -4.13575e-05 -0.00578154 0.00156501
internal_weight=20257 314 211 19943 1089 618
internal_count=20257 314 211 19943 1089 618
is_linear=0
shrinkage=0.05


Tree=276
num_leaves=7
num_cat=0
split_feature=26 39 10 47 47 47
split_gain=13.7959 26.4557 36.2434 40.3487 43.5508 27.7351
threshold=0.10393329337239267 0.031507467851042754 0.17488978058099749 0.92139577865600597 1.4184523820877077 1.3201437592506411
decision_type=2 2 2 2 2 2
left_child=-1 5 3 -3 -5 -2
right_child=1 2 -4 4 -6 -7
leaf_value=-7.2573597428635467e-06 6.7857756917739882e-05 -0.00075364908648411057 -0.00036894939170697012 0.00031245903347094234 -0.0014584642565589241 0.00070632178965868782
leaf_weight=16833 2634 87 269 380 53 122
leaf_count=16833 2634 87 269 380 53 122
internal_value=-7.72703e-05 0.00296479 -0.00506927 0.00261905 0.00896119 0.00527888
internal_weight=20378 3545 789 520 433 2756
internal_count=20378 3545 789 520 433 2756
is_linear=0
shrinkage=0.05


Tree=277
num_leaves=7
num_cat=0
split_feature=22 38 24 3 44 54
split_gain=10.1021 38.1448 31.5521 53.2218 31.8474 30.6367
threshold=0.17500000447034839 -0.014965396374464033 -0.075916912406682954 0.0065375734120607385 0.10359489172697069 0.037019308656454093
decision_type=2 2 2 2 2 8
left_child=1 -1 -3 -4 5 -5
right_child=-2 2 3 4 -6 -7
leaf_value=0.00010900779745810513 7.1555735861462972e-06 0.00058524441131857735 -6.5288938367111447e-06 -0.00011458348189921878 0.00014774831335324606 -0.00046458083346895675
leaf_weight=465 17342 126 1552 301 98 504
leaf_count=465 17342 126 1552 301 98 504
internal_value=-9.6847e-05 -0.0026139 -0.00499807 -0.00627033 -0.0158866 -0.0191667
internal_weight=20388 3046 2581 2455 903 805
internal_count=20388 3046 2581 2455 903 805
is_linear=0
shrinkage=0.05


Tree=278
num_leaves=7
num_cat=0
split_feature=36 53 31 25 15 35
split_gain=12.9802 45.0989 43.4579 35.5494 32.4873 27.8704
threshold=0.81829798221588146 0.14887569844722751 53.412153244018562 -0.0076767499558627597 0.62500000000000011 0.80127906799316417
decision_type=2 10 2 2 2 2
left_child=5 2 -2 -3 -4 -1
right_child=1 3 4 -5 -6 -7
leaf_value=1.0374486741085432e-06 0.00036131563481348549 0.00013265480830095458 -0.00032418100366673227 -0.00047063408668405007 0.00023538065209270645 -0.00048054185427818922
leaf_weight=19130 427 76 127 147 199 163
leaf_count=19130 427 76 127 147 199 163
internal_value=-5.7956e-05 0.00578491 0.0116425 -0.0137061 -0.00203927 -0.000110115
internal_weight=20269 976 753 223 326 19293
internal_count=20269 976 753 223 326 19293
is_linear=0
shrinkage=0.05


Tree=279
num_leaves=7
num_cat=0
split_feature=50 2 56 39 35 41
split_gain=11.6759 29.415 23.8105 24.8962 29.2294 51.1079
threshold=-0.41954444348812098 0.01846355572342873 7.8633518569404273e-05 -0.037809183821082108 0.2177776321768761 0.10950215533375741
decision_type=2 2 8 2 2 2
left_child=-1 2 -2 -4 -5 -6
right_child=1 -3 3 4 5 -7
leaf_value=2.0417461675361011e-05 0.00039612394970209091 -0.00079099854540431351 -0.00018288220944775131 1.4767021110047124e-05 -3.5231357208515461e-05 -0.00044556574300371517
leaf_weight=7490 196 80 592 8612 2783 424
leaf_count=7490 196 80 592 8612 2783 424
internal_value=-0.000162273 -0.000971084 -0.000771091 -0.00104905 -0.000543386 -0.0046155
internal_weight=20177 12687 12607 12411 11819 3207
internal_count=20177 12687 12607 12411 11819 3207
is_linear=0
shrinkage=0.05


Tree=280
num_leaves=7
num_cat=0
split_feature=21 1 47 46 13 53
split_gain=11.9207 48.3357 64.345 63.5234 78.8463 45.5373
threshold=0.52500000596046459 -0.02646986115723848 0.82736662030220043 0.96291610598564159 -0.0053511599544435731 -0.1890839487314224
decision_type=2 2 2 2 2 10
left_child=-1 3 5 4 -2 -3
right_child=1 2 -4 -5 -6 -7
leaf_value=-1.8413543557382005e-05 5.7812979248831188e-06 0.00014126667408422442 1.384652613913304e-05 4.4587160600779805e-05 -0.00035992700499933635 0.00085315182886127
leaf_weight=10147 762 1257 4953 1973 805 400
leaf_count=10147 762 1257 4953 1973 805 400
internal_value=-4.30992e-05 0.00118907 0.00371504 -0.00351904 -0.011021 0.0122292
internal_weight=20297 10150 6610 3540 1567 1657
internal_count=20297 10150 6610 3540 1567 1657
is_linear=0
shrinkage=0.05


Tree=281
num_leaves=7
num_cat=0
split_feature=22 38 1 42 26 36
split_gain=12.7735 39.2094 33.4929 39.1001 36.0229 25.0555
threshold=0.17500000447034839 -0.014965396374464033 -0.024291090667247769 0.069732878357172026 -0.097776792943477617 -0.70153671503067005
decision_type=2 2 2 2 2 2
left_child=1 -1 -3 5 -5 -4
right_child=-2 2 3 4 -6 -7
leaf_value=0.00012461262787806212 1.1597016212856704e-05 0.00011227597375988182 0.00039863711038976154 0.0002608369410340536 -0.00036034231597093972 -3.9861119186825472e-05
leaf_weight=455 17350 404 145 118 684 1246
leaf_count=455 17350 404 145 118 684 1246
internal_value=-8.20797e-05 -0.00273961 -0.00512106 -0.00756369 -0.0163259 -0.00245344
internal_weight=20402 3052 2597 2193 802 1391
internal_count=20402 3052 2597 2193 802 1391
is_linear=0
shrinkage=0.05


Tree=282
num_leaves=7
num_cat=0
split_feature=37 7 4 41 53 35
split_gain=11.4572 25.0264 13.3025 11.8737 15.0008 18.3425
threshold=0.0026680652517825369 0.014832737855613233 -1.0087160468101499 0.071199085563421263 0.24890383332967761 0.1835960000753403
decision_type=2 2 2 2 8 2
left_child=1 3 -2 4 -1 -6
right_child=2 -3 -4 -5 5 -7
leaf_value=-0.00018228716115737959 -0.0002220001262680696 -2.7912951267511322e-05 4.7291792274977312e-05 0.00012148070218683093 -0.00014412774550701658 8.2567396676011995e-05
leaf_weight=78 329 13331 4804 1348 273 191
leaf_count=78 329 13331 4804 1348 273 191
internal_value=-0.000101921 -0.00095396 0.00177598 0.00441953 -0.00178245 0.00165245
internal_weight=20354 15221 5133 1890 542 464
internal_count=20354 15221 5133 1890 542 464
is_linear=0
shrinkage=0.05


Tree=283
num_leaves=7
num_cat=0
split_feature=38 51 10 47 47 12
split_gain=14.4939 32.8428 40.2529 32.9648 45.6084 34.1716
threshold=0.023226199671626094 -0.093061354011297212 -0.10201161727309226 1.1869570612907412 0.8891514539718629 -0.010705418884754179
decision_type=2 8 2 2 2 2
left_child=-1 -2 -3 4 5 -4
right_child=1 2 3 -5 -6 -7
leaf_value=1.163435567177962e-05 -0.00080696896708647549 0.00029816957967762582 6.8510340401198243e-05 -0.00032845691372859461 0.00010751723197820747 -0.00031228985883018394
leaf_weight=17565 104 323 225 715 1017 485
leaf_count=17565 104 323 225 715 1017 485
internal_value=-1.34547e-05 -0.00310543 -0.00203069 -0.00423989 -0.000476328 -0.0101748
internal_weight=20434 2869 2765 2442 1727 710
internal_count=20434 2869 2765 2442 1727 710
is_linear=0
shrinkage=0.05


Tree=284
num_leaves=7
num_cat=0
split_feature=6 55 36 29 40 12
split_gain=13.971 31.1997 32.2503 35.356 24.3682 22.356
threshold=0.12437655031681062 81594.937500000015 -0.54210665822029103 -0.047821750864386552 0.10322997346520425 -0.0067161349579691878
decision_type=2 10 2 2 2 2
left_child=1 2 3 -1 -5 -4
right_child=-2 -3 5 4 -6 -7
leaf_value=1.4740309552000309e-05 -8.0622063541697001e-06 0.00051522016536261915 6.0623105170795919e-05 -0.00078489613980743916 0.00018610655049351266 0.00028234160267839127
leaf_weight=539 17009 119 2213 193 73 132
leaf_count=539 17009 119 2213 193 73 132
internal_value=-0.000126954 0.00300092 0.0020206 -0.00657407 -0.02131 0.00498936
internal_weight=20278 3269 3150 805 266 2345
internal_count=20278 3269 3150 805 266 2345
is_linear=0
shrinkage=0.05


Tree=285
num_leaves=7
num_cat=0
split_feature=45 13 47 45 44 53
split_gain=13.2833 36.9199 45.3565 33.3132 40.2631 35.2945
threshold=0.11755584925413133 0.055227257311344154 0.83416900038719188 0.099485665559768691 0.15040998160839084 -0.43535815179347986
decision_type=2 2 2 2 2 8
left_child=3 2 -2 5 -5 -1
right_child=1 -3 -4 4 -6 -7
leaf_value=0.00011130883913147299 0.00046658689013012798 -0.00027433396616930746 4.0362939682633657e-05 -0.00013281398329605395 0.0012723137776743294 -6.976764880535719e-06
leaf_weight=1201 233 266 4426 3514 77 10593
leaf_count=1201 233 266 4426 3514 77 10593
internal_value=-6.7684e-05 0.00215517 0.00320004 -0.000826836 -0.00504032 0.000455547
internal_weight=20310 4925 4659 15385 3591 11794
internal_count=20310 4925 4659 15385 3591 11794
is_linear=0
shrinkage=0.05


Tree=286
num_leaves=7
num_cat=0
split_feature=35 36 39 44 10 22
split_gain=15.2384 39.4532 26.8118 55.2686 44.6197 39.9416
threshold=0.10161371529102327 0.48108702898025518 0.0095420596189796942 0.11184959486126901 0.03463741950690747 0.62500000000000011
decision_type=2 2 2 2 2 2
left_child=1 -1 -2 4 5 -4
right_child=2 -3 3 -5 -6 -7
leaf_value=1.0934743946598583e-05 8.5564792457804885e-06 0.0008336897556583886 -0.00014965905937840043 -0.000305368767328871 0.00012995001725707504 0.00033899413016819373
leaf_weight=12238 4554 67 1185 982 1170 196
leaf_count=12238 4554 67 1185 982 1170 196
internal_value=-0.000116439 0.000936231 -0.00185677 -0.00512295 -0.00122261 -0.00730519
internal_weight=20392 12305 8087 3533 2551 1381
internal_count=20392 12305 8087 3533 2551 1381
is_linear=0
shrinkage=0.05


Tree=287
num_leaves=7
num_cat=0
split_feature=0 7 44 41 36 48
split_gain=10.9364 26.2941 30.7846 31.288 27.3898 24.5458
threshold=0.03297890909016133 0.74714827537536632 0.089014694094657912 0.083629380911588683 -0.098836898803710924 1.3474853038787844
decision_type=2 2 2 2 2 2
left_child=-1 2 3 -2 5 -3
right_child=1 4 -4 -5 -6 -7
leaf_value=-1.0701789506627266e-05 7.5419885317724761e-05 -0.00034407319871696386 0.00015100942075063877 -0.00047461570384515209 6.8550080832701466e-05 0.00032998240298636708
leaf_weight=17116 285 406 1691 202 607 67
leaf_count=17116 285 406 1691 202 607 67
internal_value=-0.000150891 0.00250536 0.0056688 -0.00533537 -0.00384793 -0.0128138
internal_weight=20374 3258 2178 487 1080 473
internal_count=20374 3258 2178 487 1080 473
is_linear=0
shrinkage=0.05


Tree=288
num_leaves=7
num_cat=0
split_feature=26 39 55 36 31 12
split_gain=11.9744 31.6602 37.2246 36.756 30.2441 29.8958
threshold=0.097254481166601195 0.033688165247440345 11.052515506744387 0.78262251615524303 60.943235397338874 0.05220258608460427
decision_type=2 2 10 2 2 2
left_child=5 2 3 -2 -3 -1
right_child=1 4 -4 -5 -6 -7
leaf_value=-1.0576871229235879e-06 9.4883446403157867e-05 -0.00039607806018390041 -0.00015571891653067796 0.0010566459444527943 9.8533033052861107e-05 -0.00017526889161093855
leaf_weight=15428 2555 432 413 100 322 1004
leaf_count=15428 2555 432 413 100 322 1004
internal_value=-0.00010736 0.0024497 0.00471038 0.0068891 -0.00668643 -0.000655533
internal_weight=20254 3822 3068 2655 754 16432
internal_count=20254 3822 3068 2655 754 16432
is_linear=0
shrinkage=0.05


Tree=289
num_leaves=7
num_cat=0
split_feature=41 15 35 40 40 31
split_gain=12.0688 41.7545 45.93 30.0338 29.4879 35.718
threshold=0.068311776965856566 0.27500000596046453 0.73876869678497326 0.083823211491107955 0.062158130109310157 60.274131774902351
decision_type=2 2 2 2 2 2
left_child=1 2 -1 -3 5 -2
right_child=4 3 -4 -5 -6 -7
leaf_value=-0.00019191161579811485 0.00022260501855402492 -3.6277028807735201e-06 0.00035911745621839092 0.00082712904788379113 2.3981653828236631e-06 -0.00027297680152465342
leaf_weight=825 909 3266 91 64 14983 73
leaf_count=825 909 3266 91 64 14983 73
internal_value=-5.31757e-05 -0.00227594 -0.0116992 0.000322339 0.000721666 0.00909321
internal_weight=20211 4246 916 3330 15965 982
internal_count=20211 4246 916 3330 15965 982
is_linear=0
shrinkage=0.05


Tree=290
num_leaves=7
num_cat=0
split_feature=22 36 22 35 3 3
split_gain=12.002 74.2038 33.7488 59.2455 64.1557 34.3579
threshold=0.82500001788139354 -0.78647270798683155 0.67499998211860668 0.25494788587093359 0.0090549495071172732 0.0062341783195734033
decision_type=2 2 2 2 2 2
left_child=2 -2 -1 5 -5 -4
right_child=1 -3 3 4 -6 -7
leaf_value=-5.0798637229545949e-06 -0.00075506997107173228 -1.7239233755099101e-06 -0.00035967087619808184 0.00031138069937229531 -0.00044270588747699489 0.00021716215613803397
leaf_weight=13137 350 3680 131 202 370 2347
leaf_count=13137 350 3680 131 202 370 2347
internal_value=-0.000112501 -0.00232342 0.000724123 0.00545827 -0.0089688 0.00880991
internal_weight=20217 4030 16187 3050 572 2478
internal_count=20217 4030 16187 3050 572 2478
is_linear=0
shrinkage=0.05


Tree=291
num_leaves=7
num_cat=0
split_feature=55 26 44 35 1 22
split_gain=11.0496 33.6584 35.4721 34.5674 46.3736 25.1081
threshold=120421.96484375001 0.047539707273244865 0.070322256535291686 0.01701969746500254 -0.02646986115723848 0.27500000596046453
decision_type=10 2 2 2 2 2
left_child=-1 2 -2 4 -4 -5
right_child=1 -3 3 5 -6 -7
leaf_value=2.5782480014481551e-06 0.00050617705684056027 -0.00043340482372859041 -0.00034170229789944132 -0.00054442102035344312 0.00041315473012114062 0.00013032349383564998
leaf_weight=19619 69 76 82 164 128 50
leaf_count=19619 69 76 82 164 128 50
internal_value=-0.000112663 -0.00683798 -0.00185743 -0.00740093 0.00686047 -0.021347
internal_weight=20188 569 493 424 210 214
internal_count=20188 569 493 424 210 214
is_linear=0
shrinkage=0.05


Tree=292
num_leaves=7
num_cat=0
split_feature=0 40 35 26 0 3
split_gain=12.482 22.1727 19.1353 12.4211 25.4087 32.2301
threshold=0.088774334639310851 0.16017320752143863 -0.020020110532641407 0.10393329337239267 -0.039683545008301728 0.0067186015658080587
decision_type=2 2 2 2 2 2
left_child=3 2 -2 4 5 -1
right_child=1 -3 -4 -5 -6 -7
leaf_value=0.000257101079758351 -0.00061313333557977759 0.0004870755473638095 -5.682212943325079e-06 5.4340616796034269e-05 7.354256036960677e-06 -0.00016170518216057379
leaf_weight=104 128 56 127 3536 14573 1824
leaf_count=104 128 56 127 3536 14573 1824
internal_value=-7.73842e-05 -0.00957278 -0.0158654 0.000440325 -0.000134799 -0.0055225
internal_weight=20348 311 255 20037 16501 1928
internal_count=20348 311 255 20037 16501 1928
is_linear=0
shrinkage=0.05


Tree=293
num_leaves=7
num_cat=0
split_feature=23 47 39 11 39 46
split_gain=16.156 19.7892 49.5457 39.346 31.1399 20.5883
threshold=0.0020092964405193929 1.2505067586898806 0.044023074209690101 -0.03593912906944751 0.059389751404523856 1.1539548039436343
decision_type=2 2 2 2 2 2
left_child=1 4 -3 -4 5 -1
right_child=-2 2 3 -5 -6 -7
leaf_value=7.8802342360002275e-06 -2.6583755940484061e-05 0.00025940066833724543 0.00099127642660988362 -0.00026132196884939054 0.00015787129737387744 -0.0001462895113366195
leaf_weight=7981 9390 926 56 477 512 1049
leaf_count=7981 9390 926 56 477 512 1049
internal_value=-8.70269e-05 0.00122888 0.00664276 -0.0054368 0.000395412 -0.000285003
internal_weight=20391 11001 1459 533 9542 9030
internal_count=20391 11001 1459 533 9542 9030
is_linear=0
shrinkage=0.05


Tree=294
num_leaves=7
num_cat=0
split_feature=51 6 47 36 58 24
split_gain=12.7157 31.3834 50.0994 22.9479 19.1532 19.5699
threshold=1.119499206542969 0.83742374181747448 0.9920715093612672 0.23119988292455676 -2.1411982743302357e-05 0.042295023798942573
decision_type=10 2 2 2 8 2
left_child=4 2 -2 -3 5 -1
right_child=1 3 -4 -5 -6 -7
leaf_value=-2.8676305749311185e-05 0.00063012263711784676 0.00035891397633030885 -0.00029552863784157918 -6.833754687658447e-05 5.6157662263140923e-06 -0.00024264200492116439
leaf_weight=2831 303 101 96 401 15977 528
leaf_count=2831 303 101 96 401 15977 528
internal_value=-4.3227e-05 0.00576711 0.016151 -0.00251479 -0.000293418 -0.00372325
internal_weight=20237 901 399 502 19336 3359
internal_count=20237 901 399 502 19336 3359
is_linear=0
shrinkage=0.05


Tree=295
num_leaves=7
num_cat=0
split_feature=7 5 46 22 27 36
split_gain=13.2153 26.0382 20.2417 34.1631 31.2136 25.5135
threshold=0.66223576664924633 -0.2231912091374397 0.96291610598564159 0.075000001117587103 0.057810697704553611 0.31840901076793676
decision_type=2 2 2 2 2 2
left_child=-1 -2 4 -4 -3 -5
right_child=1 2 3 5 -6 -7
leaf_value=1.4809034397875665e-05 -0.00016804274240203441 -2.7578845909185214e-05 -0.00024340077568660718 0.0001511376570926627 -0.00029974362728566015 -5.490253617399863e-05
leaf_weight=12299 952 2857 135 2663 323 1119
leaf_count=12299 952 2857 135 2663 323 1119
internal_value=-3.31646e-05 -0.0015303 -0.000482259 0.00191866 -0.00344584 0.00281885
internal_weight=20348 8049 7097 3917 3180 3782
internal_count=20348 8049 7097 3917 3180 3782
is_linear=0
shrinkage=0.05


Tree=296
num_leaves=7
num_cat=0
split_feature=23 50 39 1 45 17
split_gain=10.6127 21.1438 38.2533 25.2793 19.2021 16.7943
threshold=-0.017899247817695137 -0.36973051726818079 0.013153585605323316 0.011174025014042856 0.13758722692728045 0.22500000149011615
decision_type=2 2 2 2 2 2
left_child=1 4 -3 -4 5 -1
right_child=-2 2 3 -5 -6 -7
leaf_value=-3.5091996241573015e-05 -9.2765625609544011e-06 -0.00024187073454073183 -2.7461705579401048e-05 0.00039001624226272385 0.00030065683968580971 0.00012796473353509936
leaf_weight=739 17223 632 353 193 467 654
leaf_count=739 17223 632 353 193 467 654
internal_value=-8.75851e-05 0.00262077 -0.00259932 0.00703267 0.00593834 0.00295064
internal_weight=20261 3038 1178 546 1860 1393
internal_count=20261 3038 1178 546 1860 1393
is_linear=0
shrinkage=0.05


Tree=297
num_leaves=7
num_cat=0
split_feature=56 51 55 3 1 53
split_gain=12.1919 26.23 33.4787 29.2225 24.842 26.0567
threshold=0.00011144080781377853 0.014567975886166097 101778.49609375001 0.013197589665651323 -0.045868443325161927 0.24890383332967761
decision_type=10 10 10 2 2 10
left_child=1 2 -1 4 -3 -6
right_child=-2 3 -4 -5 5 -7
leaf_value=1.1637270331829793e-05 -2.9276597759473138e-05 -0.00012194478998891533 -0.00025224706628973161 -0.00039992372072381662 0.00040977996190602617 9.2440245781562247e-05
leaf_weight=14833 4116 147 333 75 402 385
leaf_count=14833 4116 147 333 75 402 385
internal_value=-9.73098e-05 0.000916255 0.000393844 0.00870316 0.0111555 0.014678
internal_weight=20291 16175 15166 1009 934 787
internal_count=20291 16175 15166 1009 934 787
is_linear=0
shrinkage=0.05


Tree=298
num_leaves=7
num_cat=0
split_feature=44 22 42 5 42 45
split_gain=9.9786 35.2345 42.1235 56.5517 33.8657 39.5807
threshold=0.10097973048686983 0.52500000596046459 0.12242184206843378 -0.38217204809188837 0.11186691001057626 0.11137598380446435
decision_type=2 2 2 2 2 2
left_child=4 2 3 -2 5 -1
right_child=1 -3 -4 -5 -6 -7
leaf_value=1.5040377230123459e-05 0.00014201659641396603 5.1165753128979478e-06 8.701825087337081e-05 -0.00027271117680791946 0.00039159140722253314 -0.00036978686784087223
leaf_weight=9726 291 7163 463 1522 453 643
leaf_count=9726 291 7163 463 1522 453 643
internal_value=-0.000156666 -0.00128388 -0.00669662 -0.0101348 0.00093978 0.000349431
internal_weight=20261 9439 2276 1813 10822 10369
internal_count=20261 9439 2276 1813 10822 10369
is_linear=0
shrinkage=0.05


Tree=299
num_leaves=7
num_cat=0
split_feature=48 26 31 39 45 54
split_gain=13.8288 29.2052 23.9297 23.7363 53.8116 28.5791
threshold=-0.12688010185956952 0.20917861163616183 62.396625518798835 -0.037809183821082108 0.085119765251874938 0.028827377595007423
decision_type=2 2 2 2 2 8
left_child=2 3 -1 4 5 -2
right_child=1 -3 -4 -5 -6 -7
leaf_value=-1.6295092176354334e-05 0.00026674004207985328 -0.00024304821046143549 -0.00050790648092313901 4.6615859497825763e-05 -0.00047648780804015182 -2.1338559271210419e-05
leaf_weight=9620 91 423 136 9372 270 178
leaf_count=9620 91 423 136 9372 270 178
internal_value=-0.000128141 0.0012743 -0.00134976 0.00182785 -0.00831801 0.00739051
internal_weight=20090 10334 9756 9911 539 269
internal_count=20090 10334 9756 9911 539 269
is_linear=0
shrinkage=0.05


Tree=300
num_leaves=7
num_cat=0
split_feature=7 47 39 45 10 21
split_gain=14.4783 23.7174 43.1851 36.5743 35.3018 31.1939
threshold=0.77815458178520214 1.2505067586898806 0.044023074209690101 0.12760443240404132 0.023713982664048675 0.57500001788139354
decision_type=2 2 2 2 2 2
left_child=1 -1 -3 4 -4 -6
right_child=-2 2 3 -5 5 -7
leaf_value=3.1193207307588466e-06 -3.1904241752587118e-05 0.0002273775515085278 -0.0005579386021877103 0.00021778564274337281 0.00059458528839920449 -0.0003190288826083118
leaf_weight=12067 6287 1244 323 237 89 82
leaf_count=12067 6287 1244 323 237 89 82
internal_value=-0.000106964 0.00110166 0.00617424 -0.00343071 -0.0111723 0.00696023
internal_weight=20329 14042 1975 731 494 171
internal_count=20329 14042 1975 731 494 171
is_linear=0
shrinkage=0.05


Tree=301
num_leaves=7
num_cat=0
split_feature=47 55 49 47 22 42
split_gain=11.1029 35.3638 28.8233 18.9065 16.9622 25.1029
threshold=0.60709333419799816 3.9500838518142705 0.15839610248804095 0.63610425591468822 0.47499999403953558 0.069732878357172026
decision_type=2 10 2 2 2 2
left_child=1 2 -1 4 5 -2
right_child=3 -3 -4 -5 -6 -7
leaf_value=0.0001713512491246915 7.40172624789418e-05 -0.00057846016057822274 -0.00010522975229999084 -3.1755072728498202e-06 0.00054982211773680516 -0.00038203151373468334
leaf_weight=118 58 123 87 19510 199 54
leaf_count=118 58 123 87 19510 199 54
internal_value=-0.000132728 -0.00923423 0.00345238 -2.64804e-05 0.0121044 -0.00320513
internal_weight=20149 328 205 19821 311 112
internal_count=20149 328 205 19821 311 112
is_linear=0
shrinkage=0.05


Tree=302
num_leaves=7
num_cat=0
split_feature=26 39 35 5 40 52
split_gain=20.2295 37.4113 43.5375 36.0299 37.3699 44.2753
threshold=-0.088740434497594819 0.017378658987581733 -0.80303663015365589 -0.46776960790157313 0.08622933924198152 -0.0022226258879527445
decision_type=2 2 2 2 2 8
left_child=1 3 -3 -1 5 -5
right_child=-2 2 -4 4 -6 -7
leaf_value=0.00011203942697535427 8.0837312222588924e-06 -0.00055754739926388956 0.00014302647271520892 0.00063137393710966294 -0.00032393144823417955 -9.9968264684991294e-05
leaf_weight=436 16961 119 1057 96 1244 425
leaf_count=436 16961 119 1057 96 1244 425
internal_value=-9.7085e-05 -0.00355559 0.00361981 -0.00740027 -0.0105791 0.000617871
internal_weight=20338 3377 1176 2201 1765 521
internal_count=20338 3377 1176 2201 1765 521
is_linear=0
shrinkage=0.05


Tree=303
num_leaves=7
num_cat=0
split_feature=26 36 39 38 47 2
split_gain=12.5197 43.574 30.1259 50.5903 45.0105 39.4594
threshold=0.14525019377470019 0.78262251615524303 0.010789982043206693 -0.002435785834677517 0.74809172749519359 0.011568159330636265
decision_type=2 2 2 2 2 2
left_child=-1 2 3 -2 -5 -4
right_child=1 -3 5 4 -6 -7
leaf_value=-9.6483797651629945e-06 -3.7256886594039772e-05 0.00054906002991315093 -0.00029594036701720256 0.00084432477400113708 0.00024444824285251319 0.00011422825264461217
leaf_weight=17991 570 167 463 154 395 474
leaf_count=17991 570 167 463 154 395 474
internal_value=-0.000117464 0.0032877 0.00124939 0.00678381 0.0175542 -0.00533439
internal_weight=20214 2223 2056 1119 549 937
internal_count=20214 2223 2056 1119 549 937
is_linear=0
shrinkage=0.05


Tree=304
num_leaves=7
num_cat=0
split_feature=56 40 12 51 52 0
split_gain=9.60854 23.8391 22.0879 31.2218 28.1795 33.4356
threshold=0.00010187933366978542 0.14938690513372424 0.05220258608460427 0.014567975886166097 -1.997225172090111e-05 0.018010207451879982
decision_type=8 2 2 8 8 2
left_child=1 2 3 4 -1 -6
right_child=-2 -3 -4 -5 5 -7
leaf_value=0.00010396978478027076 -4.3308622002799516e-06 -0.0003911731564702051 -0.00010251911302448388 0.00030620557301161774 -0.00032176115149844009 0.0003085747842171509
leaf_weight=1617 17079 83 348 613 445 144
leaf_count=1617 17079 83 348 613 445 144
internal_value=-7.74565e-05 0.00263441 0.00334962 0.00482472 0.00202397 -0.00728114
internal_weight=20329 3250 3167 2819 2206 589
internal_count=20329 3250 3167 2819 2206 589
is_linear=0
shrinkage=0.05


Tree=305
num_leaves=7
num_cat=0
split_feature=39 10 22 21 42 26
split_gain=10.8364 31.7046 25.6238 23.1626 23.0965 17.8623
threshold=0.059389751404523856 0.0066025536507368096 0.27500000596046453 0.97499999403953563 0.056832039728760726 0.031807370483875282
decision_type=2 2 2 2 2 2
left_child=-1 3 -3 4 -2 -4
right_child=1 2 5 -5 -6 -7
leaf_value=-6.1010101012921677e-06 6.7910498709077729e-05 -0.00021365868285969769 0.0015979478282180045 0.00031863735144155688 -0.00020440033505676029 0.00022838780973736601
leaf_weight=18971 102 112 138 51 495 396
leaf_count=18971 102 112 138 51 495 396
internal_value=-6.29008e-05 0.00429176 0.0120968 -0.00348392 -0.00635382 0.0166512
internal_weight=20265 1294 646 648 597 534
internal_count=20265 1294 646 648 597 534
is_linear=0
shrinkage=0.05


Tree=306
num_leaves=7
num_cat=0
split_feature=19 33 43 36 47 22
split_gain=11.3589 19.4489 19.3207 18.7869 19.389 17.0271
threshold=0.075000001117587103 -0.35186925530433649 0.21806193888187411 0.41924083232879644 0.78294408321380626 0.92499998211860668
decision_type=2 2 2 2 2 2
left_child=5 2 3 -2 -5 -1
right_child=1 -3 -4 4 -6 -7
leaf_value=-5.0591980077662525e-05 3.0499808786033545e-05 -2.3817918952420216e-06 0.00071056580375829627 0.00088714382340411969 9.4789906291861643e-05 -0.00056581155428901513
leaf_weight=936 713 18289 50 78 153 77
leaf_count=936 713 18289 50 78 153 77
internal_value=-8.74341e-05 0.000187941 0.00698198 0.00524236 0.0174788 -0.00523084
internal_weight=20296 19283 994 944 231 1013
internal_count=20296 19283 994 944 231 1013
is_linear=0
shrinkage=0.05


Tree=307
num_leaves=7
num_cat=0
split_feature=1 39 42 0 38 36
split_gain=13.7441 65.197 32.0378 28.8764 38.5337 27.1114
threshold=0.057540819048881538 0.0071498621255159387 0.11186691001057626 -0.028658256866037842 0.018824453465640548 0.23119988292455676
decision_type=2 2 2 2 2 2
left_child=-1 3 -3 -2 -5 -4
right_child=1 2 5 4 -6 -7
leaf_value=8.3536311584366511e-06 -0.00063828272706013638 -0.00024252000091019014 0.00047219413448319281 -2.5507267265667197e-05 -0.0010231872818334379 -0.00018785030602525653
leaf_weight=18379 341 184 494 672 85 112
leaf_count=18379 341 184 494 672 85 112
internal_value=-1.35655e-05 -0.00389593 0.00701258 -0.0117634 -0.00620079 0.0125614
internal_weight=20267 1888 790 1098 757 606
internal_count=20267 1888 790 1098 757 606
is_linear=0
shrinkage=0.05


Tree=308
num_leaves=7
num_cat=0
split_feature=32 46 22 18 46 25
split_gain=12.0465 35.5313 58.1552 39.1149 37.0397 33.9836
threshold=0.44551686942577368 0.96942460536956798 0.32500000298023229 0.67499998211860668 0.73887035250663768 0.0099825966171920317
decision_type=2 2 2 2 2 2
left_child=-1 2 -2 -3 -4 -5
right_child=1 3 4 5 -6 -7
leaf_value=1.0978451345350948e-05 7.7940873689842698e-05 -0.00017778297468211101 0.00021187705477783842 0.00027700231257778613 -0.00022892092678614552 3.7969571178006398e-07
leaf_weight=14157 775 670 150 1008 1795 1795
leaf_count=14157 775 670 150 1008 1795 1795
internal_value=-8.72022e-05 -0.00184334 -0.00611927 0.0015023 -0.0107308 0.00410434
internal_weight=20350 6193 2720 3473 1945 2803
internal_count=20350 6193 2720 3473 1945 2803
is_linear=0
shrinkage=0.05


Tree=309
num_leaves=7
num_cat=0
split_feature=25 36 21 0 24 13
split_gain=10.6256 33.601 30.6629 25.3865 29.6879 26.9827
threshold=0.036418449133634574 0.28200531005859381 0.82500001788139354 -0.1005539298057556 0.093894675374031081 0.0034879633458331232
decision_type=2 2 2 2 2 2
left_child=3 -2 -3 -1 -5 -6
right_child=1 2 -4 4 5 -7
leaf_value=0.00025237599751607565 0.00014045750795085599 -8.7611724336271977e-06 -0.00042201154761559292 -4.1518128845900037e-06 0.00010263844910014091 -0.00026067580438647787
leaf_weight=247 1384 428 121 16956 321 794
leaf_count=247 1384 428 121 16956 321 794
internal_value=-0.000117249 0.00331527 -0.00708484 -0.000577143 -0.000798019 -0.00868304
internal_weight=20251 1933 549 18318 18071 1115
internal_count=20251 1933 549 18318 18071 1115
is_linear=0
shrinkage=0.05


Tree=310
num_leaves=7
num_cat=0
split_feature=26 39 47 47 55 0
split_gain=12.6775 25.8271 42.661 45.1411 32.0955 26.6345
threshold=0.10393329337239267 0.033688165247440345 0.92139577865600597 1.1271753907203677 60233.957031250007 -0.1005539298057556
decision_type=2 2 2 2 10 2
left_child=-1 4 -3 -4 -2 -5
right_child=1 2 3 5 -6 -7
leaf_value=-7.9129669069933413e-06 8.8883516324769353e-05 -0.00078057615311570192 0.00027332198675647198 0.00062724396714284767 -0.00046150812374186464 -0.0003943668176968344
leaf_weight=16817 2733 122 191 66 87 322
leaf_count=16817 2733 122 191 66 87 322
internal_value=-3.80966e-05 0.00270136 -0.00584278 -4.28082e-05 0.00484071 -0.00986005
internal_weight=20338 3521 701 579 2820 388
internal_count=20338 3521 701 579 2820 388
is_linear=0
shrinkage=0.05


Tree=311
num_leaves=7
num_cat=0
split_feature=1 35 42 36 35 3
split_gain=11.7543 48.1515 28.8656 38.1072 37.7609 30.5775
threshold=0.048752680420875556 -0.33504405617713923 0.11186691001057626 -0.1785488426685333 0.2002980634570122 0.010584333445876839
decision_type=2 2 2 2 2 2
left_child=-1 -2 3 -3 -4 -6
right_child=1 2 4 -5 5 -7
leaf_value=4.5298498978502223e-06 -0.0002992251121673496 0.00063621179851415272 0.00022779370813634636 -0.00024612739844856538 0.00047435422768117558 -0.00045451625763865794
leaf_weight=17756 1015 97 764 468 51 206
leaf_count=17756 1015 97 764 468 51 206
internal_value=-0.000170661 -0.00330967 0.00212131 -0.00688596 0.00713938 -0.00925573
internal_weight=20357 2601 1586 565 1021 257
internal_count=20357 2601 1586 565 1021 257
is_linear=0
shrinkage=0.05


Tree=312
num_leaves=7
num_cat=0
split_feature=44 44 42 35 17 36
split_gain=10.8963 38.1352 34.0556 27.9956 31.2356 36.4849
threshold=0.066893316805362715 0.070322256535291686 0.069732878357172026 -0.38792496919631952 0.52500000596046459 -0.055148471146821969
decision_type=2 2 2 2 2 2
left_child=-1 2 -2 -4 5 -5
right_child=1 -3 3 4 -6 -7
leaf_value=-3.3967326150528245e-05 0.00040016927042244856 -2.1625849458061236e-06 0.0006649060276854267 -0.00034647945006348882 -0.00059432973725010341 0.00034573165277702921
leaf_weight=2266 354 17421 60 61 96 83
leaf_count=2266 354 17421 60 61 96 83
internal_value=-0.00013639 0.000294524 0.0121017 -0.000245902 -0.00806122 0.00654362
internal_weight=20341 18075 654 300 240 144
internal_count=20341 18075 654 300 240 144
is_linear=0
shrinkage=0.05


Tree=313
num_leaves=7
num_cat=0
split_feature=35 36 38 53 41 57
split_gain=10.9595 36.4976 44.5789 31.405 30.5892 29.019
threshold=0.42734219133853918 0.56091174483299266 -0.00060740616754628707 0.16913278400897983 0.066728468984365477 -0.00013639489043271166
decision_type=2 2 2 10 2 10
left_child=1 -1 5 -2 -5 -3
right_child=3 2 -4 4 -6 -7
leaf_value=-2.274493180823398e-06 8.2107430079093695e-05 -0.0001139573032077798 -0.00042785903416232227 -0.00088152960178879798 -6.2345537413603839e-05 0.00031808610728927163
leaf_weight=16505 2737 118 352 67 414 150
leaf_count=16505 2737 118 352 67 414 150
internal_value=-0.000131463 -0.000579393 -0.01244 0.00259851 -0.00910494 0.00283883
internal_weight=20343 17125 620 3218 481 268
internal_count=20343 17125 620 3218 481 268
is_linear=0
shrinkage=0.05


Tree=314
num_leaves=7
num_cat=0
split_feature=35 55 46 40 41 35
split_gain=15.1224 34.8162 50.1214 45.4232 50.732 27.1192
threshold=0.46422728896141058 2026.8720703125002 0.8389883041381837 0.11388269439339639 0.077717591077089324 0.80127906799316417
decision_type=2 10 2 2 2 2
left_child=-1 2 -2 4 -3 -4
right_child=1 3 5 -5 -6 -7
leaf_value=-5.4745750580145927e-06 -0.00017623914607660027 -0.00021831604288710942 0.00026558984026437278 -0.0015046479998095748 0.00019897288621462721 -0.00011602199944347504
leaf_weight=17290 296 414 1534 90 338 231
leaf_count=17290 296 414 1534 90 338 231
internal_value=-0.000127488 0.00348177 0.00698209 -0.00504723 -0.000891678 0.0101836
internal_weight=20193 2903 2061 842 752 1765
internal_count=20193 2903 2061 842 752 1765
is_linear=0
shrinkage=0.05


Tree=315
num_leaves=7
num_cat=0
split_feature=10 47 0 24 48 11
split_gain=14.5369 49.3805 53.8302 45.0733 39.0439 32.5614
threshold=-0.02101128455251455 0.81033349037170421 0.0047967662103474149 0.045527944341301925 1.255652964115143 1.0000000180025095e-35
decision_type=2 2 2 2 2 2
left_child=1 3 -3 -1 5 -4
right_child=-2 2 4 -5 -6 -7
leaf_value=0.00021876841191639644 1.5387535589256136e-05 -0.00021058127170461862 3.7159226685660465e-05 -0.00016333226878011885 0.00041390013068117739 -0.00013821031948157359
leaf_weight=1166 13217 1907 1895 288 236 1646
leaf_count=1166 13217 1907 1895 288 236 1646
internal_value=-0.00014612 -0.00184446 -0.00395061 0.00635709 -0.000482549 -0.0018119
internal_weight=20355 7138 5684 1454 3777 3541
internal_count=20355 7138 5684 1454 3777 3541
is_linear=0
shrinkage=0.05


Tree=316
num_leaves=7
num_cat=0
split_feature=6 38 48 48 22 47
split_gain=10.1292 16.319 21.9996 14.5748 28.4408 32.2136
threshold=0.99996218085289013 0.0061106607317924508 0.86827585101127636 -0.12688010185956952 0.82500001788139354 0.60709333419799816
decision_type=2 2 2 2 2 2
left_child=3 -2 -3 -1 5 -5
right_child=1 2 -4 4 -6 -7
leaf_value=-2.1223855533844198e-05 -0.00021667045064049925 0.00023240541099892121 -0.0001341479002431512 -0.00018884277235325778 -5.2970270339713522e-05 6.3300139108130865e-05
leaf_weight=9831 469 184 384 178 1922 7431
leaf_count=9831 469 184 384 178 1922 7431
internal_value=-0.000175211 -0.0050144 0.00065445 4.51799e-05 0.00143928 0.0028139
internal_weight=20399 1037 568 19362 9531 7609
internal_count=20399 1037 568 19362 9531 7609
is_linear=0
shrinkage=0.05


Tree=317
num_leaves=7
num_cat=0
split_feature=26 39 5 42 3 55
split_gain=10.5024 40.0545 43.9879 39.9414 54.355 31.1973
threshold=-0.088740434497594819 0.017378658987581733 -0.46776960790157313 0.074097428470850005 0.010729600675404074 7.6748301982879648
decision_type=2 2 2 2 2 10
left_child=1 2 5 -3 -5 -1
right_child=-2 3 -4 4 -6 -7
leaf_value=-7.9755649967473856e-05 8.8595550951232358e-06 -0.0008578782079849568 -0.00021608458115530711 0.00051813404195345922 -7.6254289001264325e-06 0.00034315143618722174
leaf_weight=222 16921 57 1713 405 747 205
leaf_count=222 16921 57 1713 405 747 205
internal_value=-0.000166461 -0.0024523 -0.00656177 0.00479819 0.00689283 0.00769676
internal_weight=20270 3349 2140 1209 1152 427
internal_count=20270 3349 2140 1209 1152 427
is_linear=0
shrinkage=0.05


Tree=318
num_leaves=7
num_cat=0
split_feature=51 41 6 27 4 36
split_gain=12.0291 24.1266 49.7546 20.5885 18.2168 15.6074
threshold=1.119499206542969 0.12603459507226947 0.83742374181747448 0.010886179283261301 0.6360079050064088 0.23119988292455676
decision_type=10 2 2 2 2 2
left_child=-1 2 3 -2 -3 -4
right_child=1 4 5 -5 -6 -7
leaf_value=-4.7361682516228324e-06 -4.7190886404315108e-05 0.00011466412850938018 0.00035064445399440977 0.00063013445741797955 -0.00063745720924729833 -5.6530079539235444e-05
leaf_weight=19443 59 59 97 252 54 379
leaf_count=19443 59 59 97 252 54 379
internal_value=-0.000136377 0.00560773 0.00874369 0.0241297 -0.0154661 -0.00140333
internal_weight=20343 900 787 311 113 476
internal_count=20343 900 787 311 113 476
is_linear=0
shrinkage=0.05


Tree=319
num_leaves=7
num_cat=0
split_feature=32 35 26 42 3 51
split_gain=11.2322 33.2328 41.8648 41.9284 35.5066 33.26
threshold=0.64843493700027477 -0.33504405617713923 0.074114821851253523 0.075525648891925826 0.0067186015658080587 1.9969300627708437
decision_type=2 2 2 2 2 10
left_child=-1 -2 4 -4 -3 -6
right_child=1 2 3 -5 5 -7
leaf_value=8.1256236297289928e-06 0.00015010692869522186 6.2312342564210812e-05 0.00031000617907219413 -4.9797026896069029e-05 -0.00041851313494823756 9.1319869163318531e-05
leaf_weight=15936 877 275 317 1808 818 123
leaf_count=15936 877 275 317 1808 818 123
internal_value=-9.79711e-05 -0.00236206 -0.00463987 -0.000387324 -0.0120188 -0.0166226
internal_weight=20154 4218 3341 2125 1216 941
internal_count=20154 4218 3341 2125 1216 941
is_linear=0
shrinkage=0.05


Tree=320
num_leaves=7
num_cat=0
split_feature=36 31 52 15 28 41
split_gain=13.7248 30.6435 39.5973 18.8949 17.9396 16.373
threshold=0.86527392268180858 55.746482849121101 -0.00038462629891000683 0.72499999403953563 0.0088050547055900114 0.077717591077089324
decision_type=2 2 10 2 2 2
left_child=-1 2 4 -3 -2 -4
right_child=1 3 5 -5 -6 -7
leaf_value=-8.2945077243346776e-06 0.00061097498835895124 -0.0004185895630811296 -5.270368444230787e-05 6.3717700118443539e-05 0.00010619105071902415 0.00031636864699849355
leaf_weight=19638 173 87 177 106 56 62
leaf_count=19638 173 87 177 106 56 62
internal_value=-0.000112047 0.00679429 0.0136892 -0.00972222 0.028312 -0.000512295
internal_weight=20299 661 468 193 229 239
internal_count=20299 661 468 193 229 239
is_linear=0
shrinkage=0.05


Tree=321
num_leaves=7
num_cat=0
split_feature=38 51 10 21 51 10
split_gain=11.1456 23.7034 30.8677 20.4434 21.1106 26.8859
threshold=0.023226199671626094 -0.093061354011297212 -0.10201161727309226 0.87500000000000011 -0.012312690727412699 -0.003204913111403584
decision_type=2 8 2 2 10 2
left_child=-1 -2 -3 4 -4 -6
right_child=1 2 3 -5 5 -7
leaf_value=1.1260854759541844e-05 -0.00062739308657552568 0.00026636363537359704 5.9718694042195297e-06 -0.0003248779273415022 6.2071206507248485e-05 -0.00041184120593776047
leaf_weight=17430 107 339 1828 294 112 210
leaf_count=17430 107 339 1828 294 112 210
internal_value=-6.76507e-05 -0.00265112 -0.00173063 -0.00370559 -0.00198376 -0.013685
internal_weight=20320 2890 2783 2444 2150 322
internal_count=20320 2890 2783 2444 2150 322
is_linear=0
shrinkage=0.05


Tree=322
num_leaves=7
num_cat=0
split_feature=8 35 38 51 26 24
split_gain=13.0592 19.1765 22.0338 21.9932 18.4794 25.6014
threshold=0.078650183975696578 -0.38792496919631952 0.032006988301873214 0.007633971283212305 -0.019163335673511025 -0.075916912406682954
decision_type=2 2 2 10 2 2
left_child=1 2 3 4 5 -1
right_child=-2 -3 -4 -5 -6 -7
leaf_value=-0.00025496912822239865 -4.3811841912762103e-06 8.6697575067718786e-05 0.00030515168978128979 0.00075880856060323194 -0.00046552347154812875 0.00022825994342235974
leaf_weight=302 17557 1845 76 57 178 206
leaf_count=302 17557 1845 76 57 178 206
internal_value=-0.000127311 0.00351255 -0.0028216 -0.00551471 -0.00806802 -0.00307018
internal_weight=20221 2664 819 743 686 508
internal_count=20221 2664 819 743 686 508
is_linear=0
shrinkage=0.05


Tree=323
num_leaves=7
num_cat=0
split_feature=35 36 55 24 55 45
split_gain=10.0123 40.6956 36.3763 40.5197 36.3548 39.9102
threshold=0.42734219133853918 0.56091174483299266 31130.375000000004 0.011188908480107786 65.056304931640639 0.053773505613207824
decision_type=2 2 8 2 8 2
left_child=1 -1 3 -3 -2 -6
right_child=4 2 -4 -5 5 -7
leaf_value=-6.0739728406127491e-06 0.00045473443202840636 0.00046553195235488109 -0.00052937340690370157 -0.00015442239724165562 0.00028200090068448687 -1.3429118134038015e-05
leaf_weight=16400 183 115 310 227 298 2704
leaf_count=16400 183 115 310 227 298 2704
internal_value=-0.000191434 -0.000848625 -0.0130518 -0.00165706 0.00220219 0.000856335
internal_weight=20237 17052 652 342 3185 3002
internal_count=20237 17052 652 342 3185 3002
is_linear=0
shrinkage=0.05


Tree=324
num_leaves=7
num_cat=0
split_feature=41 40 22 43 22 42
split_gain=10.6762 29.6056 34.0118 55.8422 33.045 35.4551
threshold=0.068311776965856566 0.062158130109310157 0.37500000000000006 0.07041508331894876 0.12500000372529033 0.069732878357172026
decision_type=2 2 2 2 2 2
left_child=-1 2 -2 -4 5 -3
right_child=1 4 3 -5 -6 -7
leaf_value=-2.9821090436337992e-05 0.00031557870225724157 0.00070642951450205257 -0.00051166207362689144 0.00021672316391537053 9.5042017687275302e-06 -0.00029157424331672442
leaf_weight=4205 464 51 162 364 14572 375
leaf_count=4205 464 51 162 364 14572 375
internal_value=-0.000102733 0.000567436 0.0089196 0.000141243 1.16643e-05 -0.0136311
internal_weight=20193 15988 990 526 14998 426
internal_count=20193 15988 990 526 14998 426
is_linear=0
shrinkage=0.05


Tree=325
num_leaves=7
num_cat=0
split_feature=6 12 51 36 10 38
split_gain=11.6846 35.4086 28.7936 24.0805 35.5577 30.6758
threshold=0.12437655031681062 -0.0067161349579691878 0.0094074099324643629 -0.54210665822029103 0.010092061478644611 0.032006988301873214
decision_type=2 2 10 2 2 2
left_child=1 2 3 4 5 -1
right_child=-2 -3 -4 -5 -6 -7
leaf_value=-0.00012124030372930153 -6.9893835107258649e-06 0.00030463182376379766 0.00050565692077106849 4.4045741467334602e-05 -0.00078613590403023639 0.00038787523834632139
leaf_weight=597 17015 138 100 2264 109 65
leaf_count=597 17015 138 100 2264 109 65
internal_value=-0.000117035 0.0027532 0.00163217 0.000731908 -0.00686211 -0.00236132
internal_weight=20288 3273 3135 3035 771 662
internal_count=20288 3273 3135 3035 771 662
is_linear=0
shrinkage=0.05


Tree=326
num_leaves=7
num_cat=0
split_feature=44 55 13 47 1 30
split_gain=11.3184 20.9855 67.2146 21.7519 38.1857 27.9913
threshold=0.14538802951574328 3284.7709960937505 0.019488460384309295 0.92139577865600597 -0.03689176402986049 49.739904403686531
decision_type=2 8 2 2 2 2
left_child=-1 3 -3 4 -2 -5
right_child=1 2 -4 5 -6 -7
leaf_value=-7.4969675734280307e-06 -0.00024971445415105352 0.00074779625225444585 -0.00014071704031741323 3.7372803563250981e-05 0.00026677228306938952 -0.00048975070713463931
leaf_weight=18961 172 229 180 197 364 150
leaf_count=18961 172 229 180 197 364 150
internal_value=-8.76197e-05 0.00429838 0.013587 -2.81532e-05 0.00623845 -0.00973011
internal_weight=20253 1292 409 883 536 347
internal_count=20253 1292 409 883 536 347
is_linear=0
shrinkage=0.05


Tree=327
num_leaves=7
num_cat=0
split_feature=25 39 50 20 44 43
split_gain=12.3115 33.5688 12.6184 13.4998 11.2979 28.6005
threshold=-0.063612580299377428 0.054373517632484443 -0.72845593094825734 0.17500000447034839 0.14538802951574328 0.089774932712316527
decision_type=2 2 2 2 2 2
left_child=1 2 3 -1 -2 -6
right_child=4 -3 -4 -5 5 -7
leaf_value=-0.0002365850667700049 -8.0564333418155057e-06 0.0011600456205690666 -0.00057585924878461071 0.00031928176096863954 -0.00071058667587489276 0.00011395411805098884
leaf_weight=97 18636 78 54 112 66 1187
leaf_count=97 18636 78 54 112 66 1187
internal_value=-9.76032e-05 0.00932081 0.000466418 0.00619159 -0.000192269 0.00439189
internal_weight=20230 341 263 209 19889 1253
internal_count=20230 341 263 209 19889 1253
is_linear=0
shrinkage=0.05


Tree=328
num_leaves=7
num_cat=0
split_feature=35 0 22 3 22 32
split_gain=10.9211 31.7092 31.0725 38.7093 33.9164 32.2076
threshold=0.42734219133853918 -0.064837191253900514 0.52500000596046459 0.0050564510747790345 0.075000001117587103 0.20883104205131534
decision_type=2 2 2 2 2 2
left_child=-1 -2 3 4 -3 -4
right_child=1 2 5 -5 -6 -7
leaf_value=-8.760124102331077e-06 -0.00035054166838029442 -6.8958350396813411e-05 0.00057932010727016641 -1.9515150976274436e-05 0.00045214494016232898 7.0782670648308728e-06
leaf_weight=16938 151 63 451 2033 226 310
leaf_count=16938 151 63 451 2033 226 310
internal_value=-4.33662e-05 0.00258567 0.00369981 0.000805758 0.0177721 0.0124347
internal_weight=20172 3234 3083 2322 289 761
internal_count=20172 3234 3083 2322 289 761
is_linear=0
shrinkage=0.05


Tree=329
num_leaves=7
num_cat=0
split_feature=50 22 44 41 48 48
split_gain=12.7045 28.9316 35.6036 28.5418 24.9697 23.6345
threshold=-0.41954444348812098 0.075000001117587103 0.06506954133510591 0.040169348940253265 -2.290071845054626 1.3474853038787844
decision_type=2 2 2 2 2 2
left_child=1 3 4 -1 -3 -4
right_child=-2 2 5 -5 -6 -7
leaf_value=3.0134625753957392e-06 -1.615519287995524e-05 0.00014368851735966053 3.9128660228007264e-05 0.00021608401637973032 -0.0002801991519602318 -0.00054767315530310917
leaf_weight=187 12728 156 6540 194 483 72
leaf_count=187 12728 156 6540 194 483 72
internal_value=-5.27866e-05 0.00148946 0.000775221 0.0148316 -0.0104425 0.00187018
internal_weight=20360 7632 7251 381 639 6612
internal_count=20360 7632 7251 381 639 6612
is_linear=0
shrinkage=0.05


Tree=330
num_leaves=7
num_cat=0
split_feature=37 56 10 23 29 48
split_gain=13.0958 13.646 21.2895 17.157 17.959 20.6737
threshold=0.0021214054431766276 8.43912312120665e-05 0.0066025536507368096 -0.0086265769787132723 -0.047821750864386552 -1.9397374391555784
decision_type=2 8 2 2 2 2
left_child=1 2 -1 4 -3 -6
right_child=-2 3 -4 -5 5 -7
leaf_value=0.00023418719143596478 3.3538342064133545e-05 0.00014115374333255348 -2.3215568614921292e-05 -3.5604703047250123e-05 -0.00025099119063634471 8.6517510930872624e-06
leaf_weight=615 6091 894 720 9112 158 2680
leaf_count=615 6091 894 720 9112 158 2680
internal_value=-9.74106e-05 -0.000749083 0.00404851 -0.00125107 0.00159888 -0.000342948
internal_weight=20270 14179 1335 12844 3732 2838
internal_count=20270 14179 1335 12844 3732 2838
is_linear=0
shrinkage=0.05


Tree=331
num_leaves=7
num_cat=0
split_feature=53 31 36 28 53 2
split_gain=15.9043 20.8677 26.4059 28.4084 19.2611 56.376
threshold=-1.3678575754165647 40.247177124023445 0.56091174483299266 -0.010590919759124516 -0.45980261266231531 0.0083810095675289648
decision_type=8 2 2 2 8 2
left_child=1 2 3 -1 5 -2
right_child=4 -3 -4 -5 -6 -7
leaf_value=0.0002159684658312971 0.00019669692924234491 -0.00020346412195602925 0.00082256605193535602 -0.00065770346217121248 -6.340279427023612e-06 -4.611632995789902e-05
leaf_weight=96 851 443 65 55 17484 1156
leaf_count=96 851 443 65 55 17484 1156
internal_value=-0.000147606 -0.00771837 0.00486425 -0.00657051 0.000150031 0.0047838
internal_weight=20150 659 216 151 19491 2007
internal_count=20150 659 216 151 19491 2007
is_linear=0
shrinkage=0.05


Tree=332
num_leaves=7
num_cat=0
split_feature=32 18 35 21 40 26
split_gain=11.6925 36.157 27.8985 24.2832 46.1176 41.8731
threshold=0.41482180356979376 0.62500000000000011 -0.33504405617713923 0.52500000596046459 0.096693500876426711 0.010591733735054733
decision_type=2 2 2 2 2 2
left_child=3 -2 -3 4 5 -1
right_child=1 2 -4 -5 -6 -7
leaf_value=-4.093675572403629e-05 -0.00021825604869555161 0.0001345777431546285 -2.9912918663661517e-05 5.4648506135340456e-05 -0.00024969914309845917 7.8804898124932524e-05
leaf_weight=3902 772 1233 4525 6656 1018 2300
leaf_count=3902 772 1233 4525 6656 1018 2300
internal_value=-8.69629e-05 -0.00193956 -0.00056828 0.000624955 -0.00138062 0.000237635
internal_weight=20406 6530 5758 13876 7220 6202
internal_count=20406 6530 5758 13876 7220 6202
is_linear=0
shrinkage=0.05


Tree=333
num_leaves=7
num_cat=0
split_feature=55 26 44 44 10 44
split_gain=8.86685 27.9741 35.1885 20.5383 28.3831 27.7992
threshold=120421.96484375001 0.047539707273244865 0.070322256535291686 0.076558869332075133 -0.007209137547761201 0.081576347351074233
decision_type=10 2 2 2 2 2
left_child=-1 2 -2 -4 5 -5
right_child=1 -3 3 4 -6 -7
leaf_value=1.2555200018169594e-06 0.00064668317766208058 -0.00039905816791284475 -0.0002912227725042446 0.00062170849625673168 -0.00019092411741699527 -9.423394112701312e-06
leaf_weight=19699 69 74 111 52 175 78
leaf_count=19699 69 74 111 52 175 78
internal_value=-7.77279e-05 -0.00625 -0.00168367 -0.00730404 -0.000403226 0.0168519
internal_weight=20258 559 485 416 305 130
internal_count=20258 559 485 416 305 130
is_linear=0
shrinkage=0.05


Tree=334
num_leaves=7
num_cat=0
split_feature=37 7 53 57 44 44
split_gain=10.7507 13.7357 14.5124 16.3191 15.6339 11.8526
threshold=0.0024399806279689078 0.031145762652158741 -1.3678575754165647 6.3294282881543054e-05 0.12075476348400117 0.066893316805362715
decision_type=2 2 8 8 2 2
left_child=1 5 3 4 -3 -1
right_child=-2 2 -4 -5 -6 -7
leaf_value=-5.0641216371699825e-05 2.8752216063811765e-05 -0.00054594683538068125 -1.4967690425337645e-05 1.4981284682178721e-05 7.0250864995830524e-05 7.5565321067783809e-05
leaf_weight=301 5387 139 12513 122 51 1727
leaf_count=301 5387 139 12513 122 51 1727
internal_value=-0.000117313 -0.000728564 -0.00133476 -0.0119085 -0.0208974 0.00308657
internal_weight=20240 14853 12825 312 190 2028
internal_count=20240 14853 12825 312 190 2028
is_linear=0
shrinkage=0.05


Tree=335
num_leaves=7
num_cat=0
split_feature=48 35 47 1 36 47
split_gain=11.1682 25.3057 50.5534 46.2651 34.7155 33.2764
threshold=-0.12688010185956952 -0.16507979482412335 1.1271753907203677 0.016881615854799751 -0.81429818272590626 0.77199891209602367
decision_type=2 2 2 2 2 2
left_child=1 2 3 5 -4 -1
right_child=-2 -3 4 -5 -6 -7
leaf_value=-0.00054749885101720017 1.9294210112670754e-05 5.7755040401603987e-06 -0.00019383206551222383 -0.00041244181493674844 0.00022582220508518349 5.8486017778254301e-05
leaf_weight=250 10459 6920 457 816 737 703
leaf_count=250 10459 6920 457 816 737 703
internal_value=-0.000101981 -0.00116555 -0.00502864 -0.0103861 0.00289825 -0.00284447
internal_weight=20342 9883 2963 1769 1194 953
internal_count=20342 9883 2963 1769 1194 953
is_linear=0
shrinkage=0.05


Tree=336
num_leaves=7
num_cat=0
split_feature=35 36 51 51 3 0
split_gain=10.367 35.4642 24.6929 35.8039 47.5125 43.1742
threshold=0.10161371529102327 0.48108702898025518 -0.032059196382760995 0.022044607438147071 0.0099973673932254332 -0.0064060518052428952
decision_type=2 2 10 8 2 2
left_child=1 -1 -2 4 5 -4
right_child=2 -3 3 -5 -6 -7
leaf_value=1.6384037448514187e-05 6.8056393606070255e-06 0.00075697343270714115 -0.00031233204273406668 3.020977667696611e-05 -0.00085243963098255199 4.1033604342686355e-06
leaf_weight=12106 5527 66 519 922 212 878
leaf_count=12106 5527 66 519 922 212 878
internal_value=-0.000107487 0.00102447 -0.00128674 -0.00537263 -0.00986679 -0.00643723
internal_weight=20230 12172 8058 2531 1609 1397
internal_count=20230 12172 8058 2531 1609 1397
is_linear=0
shrinkage=0.05


Tree=337
num_leaves=7
num_cat=0
split_feature=53 6 55 21 53 3
split_gain=14.7811 37.8457 38.2246 28.2236 22.2781 42.5581
threshold=-0.95138642191886891 0.26764094829559332 21404.260742187504 0.67499998211860668 -0.45980261266231531 0.0097076836973428744
decision_type=8 2 8 2 8 2
left_child=1 2 3 -1 5 -2
right_child=4 -3 -4 -5 -6 -7
leaf_value=-0.0001934837558710354 0.00016138134538286905 -0.00030284194285046858 0.00056456793445681518 0.00011982989176880545 -2.2439388590553797e-06 -0.00013610212072051367
leaf_weight=531 936 375 114 335 17653 427
leaf_count=531 936 375 114 335 17653 427
internal_value=-0.000116559 -0.00509191 7.61421e-05 -0.00353042 0.000303612 0.00645102
internal_weight=20371 1355 980 866 19016 1363
internal_count=20371 1355 980 866 19016 1363
is_linear=0
shrinkage=0.05


Tree=338
num_leaves=7
num_cat=0
split_feature=48 39 26 42 55 55
split_gain=10.319 27.9758 24.031 33.6991 24.899 27.3012
threshold=-0.12688010185956952 -0.054704375565052026 0.23376455157995227 0.14547119289636615 101778.49609375001 76179.429687500015
decision_type=2 2 2 2 10 10
left_child=-1 -2 4 -4 5 -3
right_child=1 2 3 -5 -6 -7
leaf_value=-1.9151968527562384e-05 -0.00039015143347714414 2.8612434769221577e-05 -0.00063992245016122006 0.00027515054629498992 -0.00015456313539689045 0.00027248378226931894
leaf_weight=9863 159 9240 239 72 504 176
leaf_count=9863 159 9240 239 72 504 176
internal_value=-0.000122174 0.000815296 0.00114547 -0.0124209 0.00157935 0.00216272
internal_weight=20253 10390 10231 311 9920 9416
internal_count=20253 10390 10231 311 9920 9416
is_linear=0
shrinkage=0.05


Tree=339
num_leaves=7
num_cat=0
split_feature=35 22 42 18 10 10
split_gain=11.6356 68.9922 48.0155 42.0499 31.7632 19.1023
threshold=-0.80303663015365589 0.37500000000000006 0.077900953590869917 0.12500000372529033 -0.042990190908312791 0.017232396639883522
decision_type=2 2 2 2 2 2
left_child=1 2 5 4 -3 -1
right_child=-2 3 -4 -5 -6 -7
leaf_value=0.0002452823084882717 2.0226926557728903e-06 -0.0002952321507373623 0.00083309157982936009 -0.00041385441021084962 0.00060541116873601565 -0.0003813180866605719
leaf_weight=150 19378 54 87 585 66 58
leaf_count=150 19378 54 87 585 66 58
internal_value=-0.000131237 -0.00534826 0.01475 -0.013838 0.0126 0.00129108
internal_weight=20378 1000 295 705 120 208
internal_count=20378 1000 295 705 120 208
is_linear=0
shrinkage=0.05


Tree=340
num_leaves=7
num_cat=0
split_feature=48 39 44 36 22 13
split_gain=14.3077 28.3307 35.0358 37.8332 40.9612 39.7337
threshold=-0.12688010185956952 0.059389751404523856 0.13443547487258914 -0.32842807471752161 0.42499999701976782 0.028635823167860511
decision_type=2 2 2 2 2 2
left_child=1 2 -1 -4 -5 -6
right_child=-2 -3 3 4 5 -7
leaf_value=-4.960233719451812e-05 2.2037014302004645e-05 0.00012493548624075028 -0.00028237438518352982 -0.00049686178100520433 0.00034656547028118082 -0.00035814269364238706
leaf_weight=8072 10384 702 201 115 745 67
leaf_count=8072 10384 702 201 115 745 67
internal_value=-0.000102262 -0.00132987 -0.00207224 0.00615622 0.0104345 0.0144125
internal_weight=20286 9902 9200 1128 927 812
internal_count=20286 9902 9200 1128 927 812
is_linear=0
shrinkage=0.05


Tree=341
num_leaves=7
num_cat=0
split_feature=36 53 33 5 45 45
split_gain=14.4236 29.7722 32.214 23.2152 25.1752 24.1711
threshold=0.81829798221588146 0.16913278400897983 -0.10436780750751494 0.19903396070003512 0.075668007135391249 0.08999918028712274
decision_type=2 10 2 2 2 2
left_child=-1 3 -3 -2 -5 -6
right_child=1 2 -4 4 5 -7
leaf_value=-4.9998136609280194e-06 0.0002951194593049626 0.00011049576356767571 -0.00037534761261227606 -0.00031375836950245243 0.00038498158396934229 -0.00014699917502566012
leaf_weight=19324 457 80 132 85 145 86
leaf_count=19324 457 80 132 85 145 86
internal_value=-4.79965e-05 0.00588384 -0.0104839 0.0104434 0 0.00858051
internal_weight=20309 985 212 773 316 231
internal_count=20309 985 212 773 316 231
is_linear=0
shrinkage=0.05


Tree=342
num_leaves=7
num_cat=0
split_feature=44 44 22 3 36 44
split_gain=16.9307 47.9241 31.5079 43.3504 29.4556 36.9104
threshold=0.066893316805362715 0.070322256535291686 0.17500000447034839 0.0084950411692261713 0.38771727681159979 0.054716439917683608
decision_type=2 2 2 2 2 2
left_child=4 2 -2 -4 5 -1
right_child=1 -3 3 -5 -6 -7
leaf_value=1.5572471095895088e-05 2.0058260366190383e-05 2.9971719219962289e-06 0.00056151919477852644 -0.00034477144606376623 2.5357510876699934e-05 -0.00020083082311812291
leaf_weight=513 270 17411 321 65 774 971
leaf_count=513 270 17411 321 65 774 971
internal_value=-0.000156173 0.000665394 0.0138805 0.022954 -0.00392179 -0.00804231
internal_weight=20325 18067 656 386 2258 1484
internal_count=20325 18067 656 386 2258 1484
is_linear=0
shrinkage=0.05


Tree=343
num_leaves=7
num_cat=0
split_feature=51 22 3 24 3 0
split_gain=15.2529 39.7152 30.4605 33.6341 30.1682 38.4806
threshold=0.016079411841928962 0.27500000596046453 0.012864700984209778 0.011188908480107786 0.00746293948031962 -0.042682370170950883
decision_type=10 2 2 2 2 2
left_child=-1 -2 3 -3 -5 -6
right_child=1 2 -4 4 5 -7
leaf_value=-1.3845998212797103e-06 -0.00024581531269311216 0.00044941957689885134 -0.00018566987416887364 0.00036763278846129073 0.00017697646364153998 -9.6102710468854249e-05
leaf_weight=18326 156 577 245 75 314 519
leaf_count=18326 156 577 245 75 314 519
internal_value=3.70975e-06 0.0046404 0.00684438 0.00954698 0.00347755 0.000626492
internal_weight=20212 1886 1730 1485 908 833
internal_count=20212 1886 1730 1485 908 833
is_linear=0
shrinkage=0.05


Tree=344
num_leaves=7
num_cat=0
split_feature=23 47 45 45 48 45
split_gain=15.5536 20.2877 40.4876 39.7079 21.2269 19.8687
threshold=0.0020092964405193929 1.2723106741905215 0.13100348412990573 0.20069739967584613 -1.5337630510330198 0.086418725550174727
decision_type=2 2 2 2 2 2
left_child=1 -1 4 -4 5 -3
right_child=-2 2 3 -5 -6 -7
leaf_value=1.1543064184378798e-05 -1.8434517514984025e-05 -0.00080405344447579026 0.00054282245593323527 -0.0001020527356357737 9.9652063200601491e-05 -8.1390118437402184e-05
leaf_weight=9715 9303 61 517 112 426 166
leaf_count=9715 9303 61 517 112 426 166
internal_value=-0.000126816 0.00153836 0.00743978 0.0164432 -0.0012538 -0.0134698
internal_weight=20300 10997 1282 629 653 227
internal_count=20300 10997 1282 629 653 227
is_linear=0
shrinkage=0.05


Tree=345
num_leaves=7
num_cat=0
split_feature=41 36 18 2 6 52
split_gain=12.8623 32.673 28.4236 30.9896 34.146 29.8426
threshold=0.068311776965856566 0.680507391691208 0.37500000000000006 0.0079891728237271326 0.10864435508847238 -9.6748251962708296e-05
decision_type=2 2 2 2 2 8
left_child=1 2 3 4 -1 -6
right_child=-2 -3 -4 -5 5 -7
leaf_value=1.2094703406584118e-05 9.4621824820546527e-06 0.00018848481845336494 -7.1970494105178897e-06 -0.0005153070029987768 0.00017703931716650881 -0.00015892522595250315
leaf_weight=511 15980 410 2456 82 64 693
leaf_count=511 15980 410 2456 82 64 693
internal_value=-9.28172e-05 -0.00252902 -0.00398189 -0.00979705 -0.00775727 -0.0144685
internal_weight=20196 4216 3806 1350 1268 757
internal_count=20196 4216 3806 1350 1268 757
is_linear=0
shrinkage=0.05


Tree=346
num_leaves=7
num_cat=0
split_feature=6 12 40 41 16 50
split_gain=13.3148 20.9241 26.952 21.3103 26.7687 25.2293
threshold=0.94384443759918224 0.027180829085409645 0.051148260012269027 0.071199085563421263 0.82500001788139354 0.040837939828634269
decision_type=2 2 2 2 2 2
left_child=-1 2 -2 4 -3 -5
right_child=1 3 -4 5 -6 -7
leaf_value=2.5513649783779678e-06 0.0010006192374428183 -3.8248261542523265e-05 8.0818284536024819e-06 0.00025996178755975749 -0.00032220078392534925 -9.7465089748493416e-05
leaf_weight=18101 57 220 258 179 201 1313
leaf_count=18101 57 220 258 179 201 1313
internal_value=-0.000126635 -0.00392969 0.00789063 -0.00590459 -0.0157864 -0.00305611
internal_weight=20329 2228 315 1913 421 1492
internal_count=20329 2228 315 1913 421 1492
is_linear=0
shrinkage=0.05


Tree=347
num_leaves=7
num_cat=0
split_feature=45 22 45 36 22 47
split_gain=11.8423 42.7641 38.9095 83.2954 37.2013 33.4842
threshold=0.080515574663877501 0.87500000000000011 0.08999918028712274 -0.78647270798683155 0.67499998211860668 0.91279733180999767
decision_type=2 2 2 2 2 2
left_child=1 -1 3 -2 5 -5
right_child=2 -3 -4 4 -6 -7
leaf_value=-1.1685304972394295e-05 -0.00042218350433652699 -0.00037453232534123248 -1.1026703409297459e-05 -3.1105965624118928e-05 0.00044393735065196486 0.00023910793171924699
leaf_weight=6672 139 219 10778 941 486 1021
leaf_count=6672 139 219 10778 941 486 1021
internal_value=-0.000132027 -0.00183077 0.000719895 0.00622106 0.00838769 0.00527453
internal_weight=20256 6891 13365 2587 2448 1962
internal_count=20256 6891 13365 2587 2448 1962
is_linear=0
shrinkage=0.05


Tree=348
num_leaves=7
num_cat=0
split_feature=35 22 51 29 32 41
split_gain=14.5434 41.558 34.2763 37.2989 35.8072 31.6562
threshold=-0.80303663015365589 0.37500000000000006 -0.0037114123115316029 -0.037572553381323807 -0.63356974720954884 0.10142985358834268
decision_type=2 2 10 2 2 2
left_child=1 -1 4 -4 5 -3
right_child=-2 2 3 -5 -6 -7
leaf_value=0.00026577049856752345 4.8614765995408376e-06 -0.00069726631603070517 0.00043725101533071136 -0.0001252216552326047 -0.0007068671946335787 0.0003247334072897506
leaf_weight=273 19360 75 68 268 202 99
leaf_count=273 19360 75 68 268 202 99
internal_value=-0.000111794 -0.00588384 -0.0122385 -0.000513196 -0.0225066 -0.00544693
internal_weight=20345 985 712 336 376 174
internal_count=20345 985 712 336 376 174
is_linear=0
shrinkage=0.05


Tree=349
num_leaves=7
num_cat=0
split_feature=51 8 50 39 35 36
split_gain=9.82851 38.2751 27.1121 22.7457 23.519 24.3591
threshold=0.014567975886166097 0.13777662813663485 -1.1020959019660947 -0.037809183821082108 0.68808686733245861 0.5291392207145692
decision_type=10 2 2 2 2 2
left_child=-1 -2 -3 -4 5 -5
right_child=1 2 3 4 -6 -7
leaf_value=-4.1647313200032927e-06 0.00063880133348801014 -0.00036791117774330928 -0.00024327665512439295 7.0357323910923844e-05 -0.00017201113100898159 0.00037397348333404937
leaf_weight=18145 80 88 272 1098 123 362
leaf_count=18145 80 88 272 1098 123 362
internal_value=-0.000147474 0.00331607 0.00186088 0.00318548 0.00549433 0.00728669
internal_weight=20168 2023 1943 1855 1583 1460
internal_count=20168 2023 1943 1855 1583 1460
is_linear=0
shrinkage=0.05


Tree=350
num_leaves=7
num_cat=0
split_feature=0 39 30 37 35 46
split_gain=12.2929 23.8071 15.6798 12.6705 13.1991 28.9368
threshold=0.088774334639310851 0.0044379422906786212 49.739904403686531 0.0037249020533636217 0.11830662935972215 1.169075667858124
decision_type=2 2 2 2 2 2
left_child=3 2 -2 4 5 -1
right_child=1 -3 -4 -5 -6 -7
leaf_value=2.5293072717798729e-05 0.00046224158091854537 -0.00048285044587044294 -0.00030226781226455461 3.6511449298403681e-05 -3.0342215106156e-05 -0.00012324391507356408
leaf_weight=8780 71 186 58 3449 6391 1307
leaf_count=8780 71 186 58 3449 6391 1307
internal_value=-0.000137057 -0.0100781 0.00615672 -0.00019692 -0.000775041 0.000349287
internal_weight=20242 315 129 19927 16478 10087
internal_count=20242 315 129 19927 16478 10087
is_linear=0
shrinkage=0.05


Tree=351
num_leaves=7
num_cat=0
split_feature=36 5 18 28 41 54
split_gain=9.5511 35.7001 26.801 23.021 18.6347 20.5258
threshold=0.86527392268180858 0.53447893261909496 0.92499998211860668 0.011726078111678364 0.078778341412544264 -0.027865014038980004
decision_type=2 2 2 2 2 10
left_child=-1 2 3 4 5 -2
right_child=1 -3 -4 -5 -6 -7
leaf_value=-5.4381284376808173e-06 0.00032201439155894848 -0.00040967931192300954 0.00060837877921997665 -0.00022292930316077298 0.00042877786423291524 -6.4691739528619733e-05
leaf_weight=19621 121 105 64 73 110 177
leaf_count=19621 121 105 64 73 110 177
internal_value=-0.000102338 0.00576336 0.0109545 0.0066358 0.0113196 0.00453795
internal_weight=20271 650 545 481 408 298
internal_count=20271 650 545 481 408 298
is_linear=0
shrinkage=0.05


Tree=352
num_leaves=7
num_cat=0
split_feature=53 53 41 3 6 36
split_gain=10.2719 30.6985 33.1933 28.5909 25.9766 25.3192
threshold=-0.85807815194129933 -0.45980261266231531 0.087915971875190749 0.0046802100259810695 0.18658252060413363 0.56091174483299266
decision_type=8 8 2 2 2 2
left_child=4 2 3 -2 5 -1
right_child=1 -3 -4 -5 -6 -7
leaf_value=-6.1585668525234629e-05 -4.2820126633998508e-05 -2.6290499250849586e-06 -3.0551675248191989e-05 0.00025813383896299084 -0.00017804036583982607 0.00038185065585030482
leaf_weight=682 115 17669 465 501 693 185
leaf_count=682 115 17669 465 501 693 185
internal_value=-0.000107064 0.000334577 0.00849448 0.0160628 -0.00388179 0.00186353
internal_weight=20310 18750 1081 616 1560 867
internal_count=20310 18750 1081 616 1560 867
is_linear=0
shrinkage=0.05


Tree=353
num_leaves=7
num_cat=0
split_feature=35 36 22 44 35 5
split_gain=13.7502 26.2401 24.072 28.0453 36.3522 40.3653
threshold=0.11830662935972215 0.48108702898025518 0.97499999403953563 0.10097973048686983 0.42734219133853918 -0.3117352426052093
decision_type=2 2 2 2 2 2
left_child=1 -1 3 -2 -5 -6
right_child=2 -3 -4 4 5 -7
leaf_value=1.813764394743749e-05 1.7577392125255944e-06 0.00067619523169202341 0.00016448604898411701 -0.00019462057869285013 0.00036998817781007864 -8.4341551147889762e-05
leaf_weight=12509 4581 82 256 1968 250 694
leaf_count=12509 4581 82 256 1968 250 694
internal_value=-7.24994e-05 0.00107375 -0.0016024 -0.0021239 -0.00595646 0.00208114
internal_weight=20340 12591 7749 7493 2912 944
internal_count=20340 12591 7749 7493 2912 944
is_linear=0
shrinkage=0.05


Tree=354
num_leaves=7
num_cat=0
split_feature=41 15 35 12 51 11
split_gain=13.7445 29.4903 35.6543 34.4711 30.1103 29.6715
threshold=0.068311776965856566 0.27500000596046453 0.73876869678497326 -0.036909000948071473 0.0031994509045034651 0.010978204663842918
decision_type=2 2 2 2 10 2
left_child=1 2 3 -1 5 -3
right_child=-2 4 -4 -5 -6 -7
leaf_value=4.3883955426437964e-05 1.570477249826503e-05 2.187063784875865e-05 0.00030678253855715017 -0.00020361833649341495 -0.000291940331323004 -0.00018822772972019254
leaf_weight=203 15996 2846 97 654 124 394
leaf_count=203 15996 2846 97 654 124 394
internal_value=-8.24352e-05 -0.00235369 -0.0100886 -0.0133701 -0.000140991 0.000793529
internal_weight=20314 4318 954 857 3364 3240
internal_count=20314 4318 954 857 3364 3240
is_linear=0
shrinkage=0.05


Tree=355
num_leaves=7
num_cat=0
split_feature=24 3 41 10 24 35
split_gain=11.5135 20.4549 21.0667 15.0887 29.3519 14.1754
threshold=-0.14379888772964475 0.01522863330319524 0.10950215533375741 -0.18695843964815137 -0.096183616667985902 -0.034720662981271737
decision_type=2 2 2 2 2 2
left_child=1 2 -1 4 -2 -5
right_child=3 -3 -4 5 -6 -7
leaf_value=-6.3945059882333221e-05 6.9941383807897031e-05 -0.00073515940651533744 0.00076490228578365176 2.7527187963897294e-05 -0.00069369446960037781 -1.3042323560154974e-05
leaf_weight=83 123 59 175 9377 89 10506
leaf_count=83 123 59 175 9377 89 10506
internal_value=-4.28564e-05 0.00939441 0.0154943 -0.000135572 -0.0132488 6.2852e-06
internal_weight=20412 317 258 20095 212 19883
internal_count=20412 317 258 20095 212 19883
is_linear=0
shrinkage=0.05


Tree=356
num_leaves=7
num_cat=0
split_feature=53 35 29 39 53 2
split_gain=10.8257 20.379 25.8858 15.2274 12.221 45.0852
threshold=-1.3678575754165647 -0.51912778615951527 -0.087443254888057695 -0.054704375565052026 -0.45980261266231531 0.0083810095675289648
decision_type=8 2 2 2 8 2
left_child=1 -1 -3 -4 5 -2
right_child=4 2 3 -5 -6 -7
leaf_value=0.0002972129877377638 0.00015051066214157721 0.00030369244630266371 0.00017405019701597724 -0.00031723757370244124 -4.5340634689657874e-06 -4.0040919022394708e-05
leaf_weight=61 841 101 51 466 17552 1163
leaf_count=61 841 101 51 466 17552 1163
internal_value=-8.27569e-05 -0.0063231 -0.00910915 -0.0136494 7.54051e-05 0.00377053
internal_weight=20235 679 618 517 19556 2004
internal_count=20235 679 618 517 19556 2004
is_linear=0
shrinkage=0.05


Tree=357
num_leaves=7
num_cat=0
split_feature=55 0 40 24 45 51
split_gain=12.3201 28.1778 15.1597 14.9996 23.3542 15.5748
threshold=3.9500838518142705 -0.031190220266580578 0.080263156443834319 -0.14379888772964475 0.13469113409519198 0.014567975886166097
decision_type=8 2 2 2 2 10
left_child=1 -1 -3 4 -2 -5
right_child=3 2 -4 5 -6 -7
leaf_value=0.00023420549074241095 -0.00015452114065539498 0.00070566858316039021 -0.00049321996824198868 -1.0197149750875096e-05 0.00085431752516441971 6.5926683141237798e-05
leaf_weight=87 72 55 259 17952 127 1871
leaf_count=87 72 55 259 17952 127 1871
internal_value=-0.000101576 -0.00892857 -0.0159091 -0.000128576 0.0133578 -0.00026856
internal_weight=20423 401 314 20022 199 19823
internal_count=20423 401 314 20022 199 19823
is_linear=0
shrinkage=0.05


Tree=358
num_leaves=7
num_cat=0
split_feature=58 15 3 46 35 36
split_gain=13.1488 26.6103 23.6007 16.7737 17.4731 17.0136
threshold=5.1795661420328549e-05 0.22500000149011615 0.0097076836973428744 1.2328700423240664 -0.84229862689971913 -0.055148471146821969
decision_type=10 2 2 2 2 2
left_child=-1 2 -2 4 -3 -6
right_child=1 3 -4 -5 5 -7
leaf_value=-1.4021755583632803e-05 0.00048253044460470093 -0.00058858414401570698 3.3843769876787912e-05 -0.00021851714578637822 9.3700572817055738e-05 -3.7331593678167213e-05
leaf_weight=17195 271 57 288 176 1493 790
leaf_count=17195 271 57 288 176 1493 790
internal_value=-6.28853e-05 0.00263799 0.0124557 0.000426418 0.00156716 0.00228365
internal_weight=20270 3075 559 2516 2340 2283
internal_count=20270 3075 559 2516 2340 2283
is_linear=0
shrinkage=0.05


Tree=359
num_leaves=7
num_cat=0
split_feature=48 31 26 47 39 42
split_gain=11.7286 28.8293 25.2613 29.2051 26.4116 35.3857
threshold=-0.12688010185956952 63.226520538330085 0.26798728108406072 1.2032244801521303 -0.037809183821082108 0.078930299729108824
decision_type=2 2 2 2 2 2
left_child=1 -1 4 -4 5 -2
right_child=2 -3 3 -5 -6 -7
leaf_value=-1.5282304800581435e-05 0.00010000927684491552 -0.000535066638176141 0.00013435419387969241 -0.0013963964532665897 3.4354109838990141e-05 -0.00035444089510598405
leaf_weight=9758 164 111 63 98 9700 382
leaf_count=9758 164 111 63 98 9700 382
internal_value=-0.000107243 -0.00128874 0.0011165 -0.0182229 0.00143157 -0.00921053
internal_weight=20276 9869 10407 161 10246 546
internal_count=20276 9869 10407 161 10246 546
is_linear=0
shrinkage=0.05


Tree=360
num_leaves=7
num_cat=0
split_feature=42 45 51 3 39 22
split_gain=9.2844 44.8789 46.146 41.2419 35.21 43.5847
threshold=0.10236653313040735 0.10991896316409112 -1.6551710963249204 0.0088290590792894381 -0.024279737845063206 0.22500000149011615
decision_type=2 2 8 2 2 2
left_child=1 2 -1 4 -2 -6
right_child=3 -3 -4 -5 5 -7
leaf_value=0.00079034441196017583 -0.00028979999546874518 -0.00043522990749887344 -1.137751821787725e-05 3.4325920364896256e-06 -0.00010648572751246854 0.00062880954465030991
leaf_weight=146 83 453 11504 7660 95 319
leaf_count=146 83 453 11504 7660 95 319
internal_value=-0.000122132 -0.00107574 -0.000469755 0.00110573 0.01499 0.0209427
internal_weight=20260 12103 11650 8157 497 414
internal_count=20260 12103 11650 8157 497 414
is_linear=0
shrinkage=0.05


Tree=361
num_leaves=7
num_cat=0
split_feature=45 45 36 35 18 36
split_gain=9.64724 28.4615 67.7555 32.5276 52.4516 45.3825
threshold=0.080515574663877501 0.08999918028712274 -0.78647270798683155 -0.18641185015439984 0.17500000447034839 1.0000000180025095e-35
decision_type=2 2 2 2 2 2
left_child=-1 2 -2 -4 -5 -6
right_child=1 -3 3 4 5 -7
leaf_value=-1.9032876023925092e-05 -0.00039856134796608831 -8.3937188459451247e-06 0.00045039341162022081 0.00047759597781455766 -0.0002105075515070492 0.00014239893229999286
leaf_weight=6942 134 10814 414 286 534 1227
leaf_count=6942 134 10814 414 286 534 1227
internal_value=-5.281e-05 0.000657895 0.00535577 0.00726886 0.00464181 0.00137316
internal_weight=20351 13409 2595 2461 2047 1761
internal_count=20351 13409 2595 2461 2047 1761
is_linear=0
shrinkage=0.05


Tree=362
num_leaves=7
num_cat=0
split_feature=35 10 26 18 17 1
split_gain=9.64562 40.9536 47.6838 23.9823 34.0562 39.544
threshold=-0.80303663015365589 0.045488996431231506 -0.08036241307854651 0.17500000447034839 0.52500000596046459 0.027743572369217876
decision_type=2 2 2 2 2 2
left_child=1 2 -1 -4 -5 -6
right_child=-2 -3 3 4 5 -7
leaf_value=-0.00055043124822141997 3.1210415062564446e-06 -0.00049097858955444941 0.00036296630909665262 -0.00029255819653897411 0.00039420059096991313 -0.00043855384498405901
leaf_weight=172 19150 205 198 182 177 60
leaf_count=172 19150 205 198 182 177 60
internal_value=-9.30567e-05 -0.00477978 0.00040932 0.00695338 5.89623e-05 0.0125
internal_weight=20144 994 789 617 419 237
internal_count=20144 994 789 617 419 237
is_linear=0
shrinkage=0.05


Tree=363
num_leaves=7
num_cat=0
split_feature=9 0 47 33 29 13
split_gain=8.14501 35.8546 27.5286 25.2229 24.0707 29.1902
threshold=-0.013386815786361693 -0.039683545008301728 1.2505067586898806 0.63867327570915233 0.078937981277704253 0.0018145358772017064
decision_type=2 2 2 2 2 2
left_child=4 3 -3 -2 5 -1
right_child=1 2 -4 -5 -6 -7
leaf_value=2.2467769820338741e-06 -0.00013795059849213928 4.7356258492125781e-05 -0.00023082089739449803 0.00084528171529211376 0.00015553121920855689 -0.00010798338139736847
leaf_weight=10159 1195 5112 219 74 444 3149
leaf_count=10159 1195 5112 219 74 444 3149
internal_value=-0.000126492 0.0013891 0.00319059 -0.00614207 -0.000746892 -0.00113235
internal_weight=20352 6600 5331 1269 13752 13308
internal_count=20352 6600 5331 1269 13752 13308
is_linear=0
shrinkage=0.05


Tree=364
num_leaves=7
num_cat=0
split_feature=22 15 41 38 36 39
split_gain=8.5386 30.0778 29.8895 38.4661 35.5994 31.2598
threshold=0.17500000447034839 0.97499999403953563 0.059381479397416122 -0.017687866464257237 0.60031685233116161 0.021782842464745048
decision_type=2 2 2 2 2 2
left_child=1 2 4 -4 -1 -6
right_child=-2 -3 3 -5 5 -7
leaf_value=-3.4222018166374751e-06 7.4837796575550654e-06 0.00062281582541660408 0.00023567620009779392 -0.00016958527672799223 0.00058278732578091719 -0.00011401279366842257
leaf_weight=1229 17168 83 202 1317 129 53
leaf_count=1229 17168 83 202 1317 129 53
internal_value=-0.000167195 -0.00236083 -0.00322828 -0.00808727 0.00199506 0.0223262
internal_weight=20181 3013 2930 1519 1411 182
internal_count=20181 3013 2930 1519 1411 182
is_linear=0
shrinkage=0.05


Tree=365
num_leaves=7
num_cat=0
split_feature=19 46 31 12 49 46
split_gain=8.28184 23.5652 15.7081 16.3761 13.9095 22.2087
threshold=0.075000001117587103 0.90350919961929332 36.292932510375984 -0.060163242742419236 -1.7329905629158018 0.97475373744964611
decision_type=2 2 2 2 2 2
left_child=1 -1 -3 -4 5 -2
right_child=4 2 3 -5 -6 -7
leaf_value=9.7194421503535178e-05 -0.00033586505427786559 0.00011786325514509207 -0.00078241036851788449 -0.0001331152933800775 2.6817863019764753e-07 0.00025043315971725764
leaf_weight=281 101 99 147 480 18735 538
leaf_count=281 101 99 147 480 18735 538
internal_value=-2.82056e-05 -0.00437253 -0.00913133 -0.0120649 0.000267042 0.00749224
internal_weight=20381 1007 726 627 19374 639
internal_count=20381 1007 726 627 19374 639
is_linear=0
shrinkage=0.05


Tree=366
num_leaves=7
num_cat=0
split_feature=36 10 12 28 35 13
split_gain=11.1484 31.7016 31.5017 23.1553 17.5413 39.1018
threshold=0.81829798221588146 0.14288267493247989 0.025165407918393615 0.009452481288462879 0.80127906799316417 -0.012732324190437792
decision_type=2 2 2 2 2 2
left_child=4 2 3 -2 -1 -6
right_child=1 -3 -4 -5 5 -7
leaf_value=-4.5836865081724792e-06 0.00012623302109921191 0.00065659360059338538 -0.00023122285540948291 -0.00015044900396796149 0.00014376842501819627 -0.00060632245167555857
leaf_weight=19081 511 81 268 110 61 101
leaf_count=19081 511 81 268 110 61 101
internal_value=-7.79009e-05 0.005 0.00215324 0.00834665 -0.000479271 -0.0166168
internal_weight=20213 970 889 621 19243 162
internal_count=20213 970 889 621 19243 162
is_linear=0
shrinkage=0.05


Tree=367
num_leaves=7
num_cat=0
split_feature=26 55 46 39 21 42
split_gain=11.1881 25.0444 34.9864 37.7275 41.0252 29.7782
threshold=0.097254481166601195 11.052515506744387 0.92827472090721141 0.028104778379201893 0.52500000596046459 0.084193177521228804
decision_type=2 10 2 2 2 2
left_child=-1 2 3 4 -2 -6
right_child=1 -3 -4 -5 5 -7
leaf_value=-7.0089844054433296e-06 0.00028480032182688972 -0.000141817530572567 0.00016495193063204678 -0.0004916279225111995 -0.00062651984355329956 -9.2439680755500253e-06
leaf_weight=16405 303 496 2070 239 58 654
leaf_count=16405 303 496 2070 239 58 654
internal_value=-0.000112457 0.00247712 0.00404776 -0.00252184 0.00169118 -0.00484658
internal_weight=20225 3820 3324 1254 1015 712
internal_count=20225 3820 3324 1254 1015 712
is_linear=0
shrinkage=0.05


Tree=368
num_leaves=7
num_cat=0
split_feature=36 36 42 38 42 1
split_gain=9.89061 38.2659 39.5044 44.2407 37.6626 36.3121
threshold=0.20557278394699099 0.41924083232879644 0.063182428479194655 -0.0015208824770525096 0.071121424436569228 0.044951887801289565
decision_type=2 2 2 2 2 2
left_child=-1 -2 -3 4 -4 -6
right_child=1 2 3 -5 5 -7
leaf_value=1.5063631746664158e-05 -9.0197140848353926e-05 0.0001395197292234613 -0.00021449156686896106 -8.164510421625319e-05 0.00018704170490460424 -0.00026995547544129452
leaf_weight=13120 2274 674 190 2320 1489 201
leaf_count=13120 2274 674 190 2320 1489 201
internal_value=-9.24875e-05 -0.00135258 0.00114265 -0.000659929 0.00502653 0.00741888
internal_weight=20268 7148 4874 4200 1880 1690
internal_count=20268 7148 4874 4200 1880 1690
is_linear=0
shrinkage=0.05


Tree=369
num_leaves=7
num_cat=0
split_feature=30 39 46 46 48 10
split_gain=8.80501 25.4119 30.1696 28.707 16.5542 16.0272
threshold=32.873746871948249 0.054373517632484443 0.90350919961929332 0.92211636900901806 -0.54472401738166798 0.01350908260792494
decision_type=2 2 2 2 2 2
left_child=1 2 -1 -3 -5 -4
right_child=-2 3 5 4 -6 -7
leaf_value=0.00012958768042194827 -6.5152090928179444e-06 -0.00013165091587060131 2.3883548100622809e-05 0.0005855019937038784 0.00014553822818138881 -0.00014407390546081195
leaf_weight=836 17001 81 1041 237 90 961
leaf_count=836 17001 81 1041 237 90 961
internal_value=-7.28323e-05 0.00239157 0.000694689 0.0139831 0.0205572 -0.0026283
internal_weight=20247 3246 2838 408 327 2002
internal_count=20247 3246 2838 408 327 2002
is_linear=0
shrinkage=0.05


Tree=370
num_leaves=7
num_cat=0
split_feature=35 26 26 22 26 51
split_gain=11.7959 41.0995 39.7626 29.6662 20.0463 18.9191
threshold=-0.80303663015365589 0.051245640963315971 -0.071988739073276506 0.52500000596046459 -0.011632435489445923 0.016079411841928962
decision_type=2 2 2 2 2 10
left_child=1 2 -1 4 -4 -5
right_child=-2 -3 3 5 -6 -7
leaf_value=-0.0004991865263531801 2.9574690224122528e-06 -0.00048887633189185109 0.00061659778788341224 -0.00017286417438239061 5.6397327481245296e-05 0.00025727274544444208
leaf_weight=196 19231 178 147 274 109 93
leaf_count=196 19231 178 147 274 109 93
internal_value=-0.00011244 -0.00521457 -0.000394417 0.00577229 0.0186782 -0.00329301
internal_weight=20228 997 819 623 256 367
internal_count=20228 997 819 623 256 367
is_linear=0
shrinkage=0.05


Tree=371
num_leaves=7
num_cat=0
split_feature=36 36 1 22 42 3
split_gain=11.7458 54.2097 51.5562 38.1635 36.7589 37.3796
threshold=0.28200531005859381 0.41924083232879644 -0.039841627702116959 0.72499999403953563 0.063182428479194655 0.0077591554727405318
decision_type=2 2 2 2 2 2
left_child=-1 2 -2 -4 -3 -6
right_child=1 4 3 -5 5 -7
leaf_value=1.2788640798902176e-05 -0.00070174475739304338 0.00011550336431814428 -0.00021278552291236695 8.3880753325160705e-05 -9.792184136935903e-05 2.9717703458424924e-05
leaf_weight=14099 276 667 608 438 1386 2879
leaf_count=14099 276 667 608 438 1386 2879
internal_value=-6.26289e-05 -0.00178543 -0.0107573 -0.00558991 0.000622848 -0.00108314
internal_weight=20353 6254 1322 1046 4932 4265
internal_count=20353 6254 1322 1046 4932 4265
is_linear=0
shrinkage=0.05


Tree=372
num_leaves=7
num_cat=0
split_feature=42 47 48 15 24 21
split_gain=11.3861 44.1688 32.661 33.3763 34.0197 14.9105
threshold=0.16720484942197802 0.81914484500885021 -0.59676024317741383 0.12500000372529033 -0.036515872925519936 0.92499998211860668
decision_type=2 2 2 2 2 2
left_child=-1 -2 3 -3 5 -5
right_child=1 2 -4 4 -6 -7
leaf_value=4.7279312276663633e-06 0.00082236996555346432 -0.0006012178349442906 -0.00035990660226052542 0.00085142870593417981 -0.00022138442388652658 0.00017107583992481118
leaf_weight=19670 109 93 291 69 50 54
leaf_count=19670 109 93 291 69 50 54
internal_value=-7.25136e-05 -0.00622206 -0.0119662 0.000645756 0.0136236 0.0275391
internal_weight=20336 666 557 266 173 123
internal_count=20336 666 557 266 173 123
is_linear=0
shrinkage=0.05


Tree=373
num_leaves=7
num_cat=0
split_feature=6 38 39 52 46 18
split_gain=12.3375 23.4212 27.5733 20.1253 23.5294 23.7188
threshold=0.94384443759918224 0.0098518687300384062 -0.009508249815553425 -0.00014715028373757375 1.169075667858124 0.62500000000000011
decision_type=2 2 2 8 2 2
left_child=-1 3 -3 -2 5 -5
right_child=1 2 -4 4 -6 -7
leaf_value=8.4749260038951812e-06 -0.00053262201710066752 0.00076032388308786784 -8.4978737475011336e-07 -0.00029606514847719075 -0.00032685556196921154 7.4266341526206977e-06
leaf_weight=18078 123 84 918 187 117 805
leaf_count=18078 123 84 918 187 117 805
internal_value=-0.000126741 -0.00329388 0.00235849 -0.00790218 -0.00567774 -0.00308425
internal_weight=20312 2234 1002 1232 1109 992
internal_count=20312 2234 1002 1232 1109 992
is_linear=0
shrinkage=0.05


Tree=374
num_leaves=7
num_cat=0
split_feature=36 34 1 10 3 16
split_gain=14.2931 24.6324 22.5871 23.9314 20.4322 16.8227
threshold=0.86527392268180858 0.53447893261909496 -0.03689176402986049 -0.007209137547761201 0.0078584766015410441 0.47499999403953558
decision_type=2 2 2 2 2 2
left_child=-1 2 -2 -4 5 -5
right_child=1 -3 3 4 -6 -7
leaf_value=-5.8180990078473113e-06 0.00049518723904941667 -0.00032566765828455097 0.00026409435481097697 2.7959704344809271e-05 0.00027727663628958495 -0.00039945199834791963
leaf_weight=19676 97 109 177 105 83 92
leaf_count=19676 97 109 177 105 83 92
internal_value=-0.000121657 0.00692365 0.0112254 0.00633117 -0.0027193 -0.0115099
internal_weight=20339 663 554 457 280 197
internal_count=20339 663 554 457 280 197
is_linear=0
shrinkage=0.05


Tree=375
num_leaves=7
num_cat=0
split_feature=48 22 21 31 55 21
split_gain=10.7684 34.2616 37.8782 29.5199 26.5071 42.6325
threshold=-0.063733182847499834 0.82500001788139354 0.67499998211860668 63.226520538330085 56745.121093750007 0.47499999403953558
decision_type=2 2 2 2 10 2
left_child=3 4 -3 -1 -2 -6
right_child=1 2 -4 -5 5 -7
leaf_value=-1.1389723513074817e-05 6.0972769029320285e-05 0.00046724185092517924 -0.00012727202900629896 -0.00050969304305120136 1.895499855388231e-05 -0.00035671855632334742
leaf_weight=10140 7193 185 1779 106 660 266
leaf_count=10140 7193 185 1779 106 660 266
internal_value=-0.000106964 0.00115236 -0.0047613 -0.00114867 0.00258801 -0.00534372
internal_weight=20329 10083 1964 10246 8119 926
internal_count=20329 10083 1964 10246 8119 926
is_linear=0
shrinkage=0.05


Tree=376
num_leaves=7
num_cat=0
split_feature=51 6 47 44 55 0
split_gain=12.4759 23.3498 36.3755 16.8145 26.7176 16.6341
threshold=0.71512889862060558 0.83742374181747448 0.9920715093612672 0.10831353813409807 3.9500838518142705 -0.042682370170950883
decision_type=10 2 2 2 8 2
left_child=5 2 3 -2 -5 -1
right_child=1 -3 -4 4 -6 -7
leaf_value=-8.9927761907483483e-05 -0.00010218385127779909 -1.4435860514854134e-05 -0.00025184538281846248 -2.2430167678241558e-06 0.00073010465240648493 1.2479118308474779e-06
leaf_weight=2646 66 514 112 79 243 16631
leaf_count=2646 66 514 112 79 243 16631
internal_value=-8.25286e-05 0.00517664 0.0128218 0.0200382 0.0246942 -0.00049917
internal_weight=20291 1014 500 388 322 19277
internal_count=20291 1014 500 388 322 19277
is_linear=0
shrinkage=0.05


Tree=377
num_leaves=7
num_cat=0
split_feature=51 6 47 27 19 47
split_gain=13.8949 28.1537 41.6615 18.1873 13.6525 13.3496
threshold=1.119499206542969 0.86656591296195995 0.96851187944412243 0.010886179283261301 0.52500000596046459 1.066605865955353
decision_type=10 2 2 2 2 2
left_child=5 2 3 -2 -5 -1
right_child=1 -3 -4 4 -6 -7
leaf_value=-2.0934710483789785e-05 -9.7074658713909156e-05 -3.3065840636763504e-05 -0.00020596004469113189 8.1056610771730004e-05 0.00062934036835805298 2.317269119245677e-05
leaf_weight=12898 66 422 99 79 213 6443
leaf_count=12898 66 422 99 79 213 6443
internal_value=-6.30408e-05 0.00579751 0.0143398 0.0222452 0.0275253 -0.000611237
internal_weight=20220 879 457 358 292 19341
internal_count=20220 879 457 358 292 19341
is_linear=0
shrinkage=0.05


Tree=378
num_leaves=7
num_cat=0
split_feature=36 4 42 42 36 28
split_gain=12.8425 29.3482 12.22 21.9499 11.5397 23.4105
threshold=-0.92299509048461903 0.51126495003700267 0.10673654451966287 0.084193177521228804 0.81829798221588146 0.0075273774564266214
decision_type=2 2 2 2 2 2
left_child=1 2 3 -1 -2 -6
right_child=4 -3 -4 -5 5 -7
leaf_value=5.937834941074647e-05 -4.6129300324074754e-06 -0.00038333081625141496 2.7819135971275366e-06 0.00068756072359669183 0.0001175903246786925 -0.00011084948188956933
leaf_weight=85 18859 65 72 99 702 274
leaf_count=85 18859 65 72 99 702 274
internal_value=-4.83607e-05 0.00989264 0.0175287 0.0242063 -0.000112147 0.00517329
internal_weight=20156 321 256 184 19835 976
internal_count=20156 321 256 184 19835 976
is_linear=0
shrinkage=0.05


Tree=379
num_leaves=7
num_cat=0
split_feature=50 55 3 12 36 44
split_gain=13.1589 17.2873 21.6065 21.8734 37.7488 22.0042
threshold=-0.41954444348812098 3.9500838518142705 0.014050622936338188 -0.02673002332448959 0.35418000817298895 0.13443547487258914
decision_type=2 8 2 2 2 2
left_child=1 -1 -3 -4 5 -5
right_child=-2 2 3 4 -6 -7
leaf_value=-0.00064513935696340185 -1.3027531639668762e-05 1.6315063584902333e-05 0.00044909656473536737 -0.00081355777346453018 0.0011977717140304908 0.00026239582434228932
leaf_weight=139 12732 6953 307 95 56 81
leaf_count=139 12732 6953 307 95 56 81
internal_value=-8.22368e-05 0.00169264 0.00202414 0.0116268 0 -0.0114641
internal_weight=20363 7631 7492 539 232 176
internal_count=20363 7631 7492 539 232 176
is_linear=0
shrinkage=0.05


Tree=380
num_leaves=7
num_cat=0
split_feature=38 51 0 4 41 42
split_gain=12.3261 35.9798 21.5972 21.2741 22.3447 21.8971
threshold=0.020533696748316291 -0.48187977075576777 -0.1005539298057556 1.0000000180025095e-35 0.12976291775703433 0.061196073889732368
decision_type=2 8 2 2 2 2
left_child=-1 -2 -3 5 -5 -4
right_child=1 2 3 4 -6 -7
leaf_value=1.0572066841975912e-05 -0.0005709484570563041 0.0010369671610233945 0.00012164716324300249 -6.8133127547412647e-05 -0.0003797242499694308 -6.6063895784747917e-06
leaf_weight=16449 132 98 232 1636 190 1564
leaf_count=16449 132 98 232 1636 190 1564
internal_value=-3.32414e-05 -0.00237879 -0.00144295 -0.0020885 -0.00588476 0.00176291
internal_weight=20301 3852 3720 3622 1826 1796
internal_count=20301 3852 3720 3622 1826 1796
is_linear=0
shrinkage=0.05


Tree=381
num_leaves=7
num_cat=0
split_feature=29 52 55 26 35 9
split_gain=10.3849 25.4363 32.0498 25.2103 29.2287 42.3628
threshold=0.021127403713762764 -0.021037886850535866 36.271132469177253 -0.058132091537117951 -0.29654940962791437 -0.0071958149783313266
decision_type=2 8 8 2 2 2
left_child=-1 2 -2 -3 5 -5
right_child=1 3 -4 4 -6 -7
leaf_value=7.3304746513403124e-06 4.0186461576517674e-05 -0.00025772856618193866 0.00087898497638854789 0.00026009386440159287 -6.1820490582717951e-05 -6.0292251542422123e-05
leaf_weight=13640 204 625 80 697 4453 672
leaf_count=13640 204 625 80 697 4453 672
internal_value=-0.000160728 -0.00178518 0.0127163 -0.00243723 -0.00140295 0.00496725
internal_weight=20371 6731 284 6447 5822 1369
internal_count=20371 6731 284 6447 5822 1369
is_linear=0
shrinkage=0.05


Tree=382
num_leaves=7
num_cat=0
split_feature=24 10 24 18 55 35
split_gain=9.52755 18.857 15.7453 15.3416 14.6744 28.2761
threshold=-0.14379888772964475 -0.18695843964815137 -0.088174227625131593 0.12500000372529033 7.6748301982879648 -0.41978208720684046
decision_type=2 2 2 2 8 2
left_child=4 2 3 -2 -1 -6
right_child=1 -3 -4 -5 5 -7
leaf_value=-0.00015511834887611963 -0.00049095855117275923 2.7533373157171556e-06 -0.00063601538409821046 0.00029462807285821763 -1.3382938567097111e-05 0.00083725546795171803
leaf_weight=125 70 19769 92 50 106 103
leaf_count=125 70 19769 92 50 106 103
internal_value=0 2.62684e-05 -0.0146313 -0.0022 0.00848083 0.016472
internal_weight=20315 19981 212 120 334 209
internal_count=20315 19981 212 120 334 209
is_linear=0
shrinkage=0.05


Tree=383
num_leaves=7
num_cat=0
split_feature=48 47 47 12 36 40
split_gain=11.0437 23.0845 32.3 41.7947 41.5848 33.4144
threshold=-0.12688010185956952 0.98035624623298656 0.86552509665489208 -0.036909000948071473 -0.88549137115478505 0.11388269439339639
decision_type=2 2 2 2 2 2
left_child=-1 2 3 5 -5 -2
right_child=1 -3 -4 4 -6 -7
leaf_value=-1.6233165758167915e-05 0.00071219063338841379 -2.7258886146074653e-05 0.00012082408256943062 0.000616861719219596 -2.6396848986491239e-05 -0.00029833250074623723
leaf_weight=9916 205 4291 2395 70 3394 57
leaf_count=9916 205 4291 2395 70 3394 57
internal_value=-4.30335e-05 0.00126476 0.00323621 0.000314929 -0.00114586 0.019382
internal_weight=20328 10412 6121 3726 3464 262
internal_count=20328 10412 6121 3726 3464 262
is_linear=0
shrinkage=0.05


Tree=384
num_leaves=7
num_cat=0
split_feature=37 49 13 35 35 0
split_gain=11.6815 13.4671 23.7831 13.6821 18.1133 21.5233
threshold=0.0021214054431766276 -1.9716858863830564 -0.051332864910364144 0.11830662935972215 -0.18641185015439984 -0.042682370170950883
decision_type=2 2 2 2 2 2
left_child=-1 -2 -3 4 -4 -6
right_child=1 2 3 -5 5 -7
leaf_value=-9.4428672817784564e-06 0.00024372136177647837 -0.00038022674458585521 1.0141824779282906e-05 -1.6404035399015656e-05 -0.00010998015366764502 0.00021296128882367432
leaf_weight=14194 280 126 1866 2137 283 1413
leaf_count=14194 280 126 1866 2137 283 1413
internal_value=-3.32447e-05 0.00191899 0.00139365 0.00188026 0.00377768 0.00751029
internal_weight=20299 6105 5825 5699 3562 1696
internal_count=20299 6105 5825 5699 3562 1696
is_linear=0
shrinkage=0.05


Tree=385
num_leaves=7
num_cat=0
split_feature=10 53 1 51 39 9
split_gain=11.5109 28.8242 28.1408 48.851 48.542 39.2008
threshold=0.0066025536507368096 -1.3678575754165647 -0.024291090667247769 -0.058824574574828141 0.054373517632484443 -0.065330725163221345
decision_type=2 8 2 8 2 2
left_child=-1 -2 5 -4 -5 -3
right_child=1 2 3 4 -6 -7
leaf_value=-2.154379805221539e-05 -0.00029701410293834119 0.000243197935110264 0.00040583657847156614 1.0916513537604853e-05 0.00059779332499814678 -3.8572549225569195e-05
leaf_weight=9812 248 349 273 4726 646 4304
leaf_count=9812 248 349 273 4726 646 4304
internal_value=-0.000106811 0.000954886 0.00136611 0.00373894 0.00267342 -0.00150816
internal_weight=20358 10546 10298 5645 5372 4653
internal_count=20358 10546 10298 5645 5372 4653
is_linear=0
shrinkage=0.05


Tree=386
num_leaves=7
num_cat=0
split_feature=48 27 39 26 20 29
split_gain=14.4477 24.1606 22.1194 41.357 43.7073 23.1908
threshold=-0.12688010185956952 0.063588406890630736 0.040385304018855102 -0.071988739073276506 0.52500000596046459 0.021127403713762764
decision_type=2 2 2 2 2 2
left_child=1 -1 5 -4 -5 -2
right_child=2 -3 3 4 -6 -7
leaf_value=-1.5189752937024904e-05 7.9641824935363148e-05 -0.00032653990253740623 0.00032059452518323046 -0.00036865351417382069 -4.2548479755563923e-05 -5.3280794028003245e-06
leaf_weight=9713 4404 147 236 306 1330 4095
leaf_count=9713 4404 147 236 306 1330 4095
internal_value=-2.84147e-05 -0.00142676 0.00124566 -0.00366276 -0.00650518 0.00233126
internal_weight=20231 9860 10371 1872 1636 8499
internal_count=20231 9860 10371 1872 1636 8499
is_linear=0
shrinkage=0.05


Tree=387
num_leaves=7
num_cat=0
split_feature=41 51 36 40 13 22
split_gain=12.1542 27.7266 27.3416 24.8786 30.7578 29.1042
threshold=0.068311776965856566 1.0000000180025095e-35 0.680507391691208 0.059034783393144614 0.00088867632439360033 0.12500000372529033
decision_type=2 10 2 2 2 2
left_child=1 2 -1 4 -2 -5
right_child=3 -3 -4 5 -6 -7
leaf_value=-3.1306534816800006e-05 0.00038004720152308094 -0.00016451407919604807 0.00022269514895483772 -0.00017886541090123475 2.0243712374965686e-06 9.1293616000555355e-06
leaf_weight=3627 304 238 379 448 363 14822
leaf_count=3627 304 238 379 448 363 14822
internal_value=-6.31626e-05 -0.00241822 -0.00141486 0.000591206 0.0100074 0.000175123
internal_weight=20181 4244 4006 15937 667 15270
internal_count=20181 4244 4006 15937 667 15270
is_linear=0
shrinkage=0.05


Tree=388
num_leaves=7
num_cat=0
split_feature=48 22 36 13 51 50
split_gain=9.41549 27.5754 35.9371 31.0044 27.4629 39.9603
threshold=-0.12688010185956952 0.82500001788139354 -0.78647270798683155 -0.029876753687858578 -0.48187977075576777 1.6995394825935366
decision_type=2 2 2 2 10 2
left_child=-1 3 -3 -2 5 -4
right_child=1 2 4 -5 -6 -7
leaf_value=-1.2761823812842381e-05 0.00068786549027301735 -0.00097361084237960235 9.4929763540726114e-05 3.1284456685647673e-05 -0.00017047062537662601 -0.00050970835417573723
leaf_weight=9884 197 110 1097 8198 674 183
leaf_count=9884 197 110 1097 8198 674 183
internal_value=-0.000175693 0.00126386 -0.00390285 0.00253869 -0.00228433 0.00200389
internal_weight=20343 10459 2064 8395 1954 1280
internal_count=20343 10459 2064 8395 1954 1280
is_linear=0
shrinkage=0.05


Tree=389
num_leaves=7
num_cat=0
split_feature=53 39 35 12 40 38
split_gain=13.1886 18.9209 23.0954 12.5067 15.7537 19.4688
threshold=-1.2399246096611021 -0.054704375565052026 -0.46087181568145746 -0.10594020038843154 0.099708527326583876 -0.0060735587030649177
decision_type=8 2 2 2 2 2
left_child=1 -1 -3 -4 5 -5
right_child=-2 2 3 4 -6 -7
leaf_value=0.00073224887670417086 7.0308913764476789e-06 0.0002112570152885782 6.4538818816541491e-05 0.00012358211888521448 -0.00041342611479337071 -0.00023541347394093019
leaf_weight=89 19485 96 104 91 334 109
leaf_count=89 19485 96 104 91 334 109
internal_value=-8.24595e-05 -0.00594807 -0.00862652 -0.0120918 -0.015167 -0.00378049
internal_weight=20308 823 734 638 534 200
internal_count=20308 823 734 638 534 200
is_linear=0
shrinkage=0.05


Tree=390
num_leaves=7
num_cat=0
split_feature=28 16 45 22 36 20
split_gain=11.4754 13.8763 10.6658 36.1465 37.0194 25.3928
threshold=-0.031185047701001164 0.27500000596046453 0.053773505613207824 0.37500000000000006 0.5291392207145692 0.32500000298023229
decision_type=2 2 2 2 2 2
left_child=1 -1 3 4 -2 -5
right_child=2 -3 -4 5 -6 -7
leaf_value=4.7051471809706363e-05 -3.0051043747494682e-05 0.00032234456397323526 -1.072731078397178e-06 -8.7774638186878157e-05 0.00025134792574914121 0.00058181201612755493
leaf_weight=207 865 135 18536 51 243 176
leaf_count=207 865 135 18536 51 243 176
internal_value=-0.000112523 0.00943804 0.00026288 0.0045709 0.000786164 0.0225216
internal_weight=20213 342 19871 1335 1108 227
internal_count=20213 342 19871 1335 1108 227
is_linear=0
shrinkage=0.05


Tree=391
num_leaves=7
num_cat=0
split_feature=44 42 52 53 18 46
split_gain=12.699 33.0243 40.2993 38.3738 34.8725 46.6582
threshold=0.10097973048686983 0.11186691001057626 -1.997225172090111e-05 -1.3678575754165647 0.42499999701976782 0.93985605239868175
decision_type=2 2 8 10 2 2
left_child=1 2 3 -1 -5 -6
right_child=-2 -3 -4 4 5 -7
leaf_value=-0.00032080105789319545 -1.9497415478893125e-05 0.00037547116541065739 -1.2873658594268843e-05 0.00027656582354662542 0.00018888763064776025 -7.7508089835470325e-05
leaf_weight=186 9447 463 8369 765 356 630
leaf_count=186 9447 463 8369 765 356 630
internal_value=-0.000117452 0.001376 0.000783144 0.00727343 0.00958144 0.00330474
internal_weight=20216 10769 10306 1937 1751 986
internal_count=20216 10769 10306 1937 1751 986
is_linear=0
shrinkage=0.05


Tree=392
num_leaves=7
num_cat=0
split_feature=39 10 38 1 7 1
split_gain=10.516 20.9926 17.5602 16.7351 17.6912 15.7232
threshold=0.06388369202613832 0.0066025536507368096 0.0378980040550232 -0.017840673215687271 0.53354042768478405 0.001656110805924982
decision_type=2 2 2 2 2 2
left_child=-1 5 3 4 -3 -2
right_child=1 2 -4 -5 -6 -7
leaf_value=-3.2468043138657484e-06 -0.00034563985587606833 0.00039057364276783263 -0.00015470821185941026 0.00078128555311690075 -0.00019446862751209041 3.5016062337415481e-05
leaf_weight=19350 148 68 86 253 70 332
leaf_count=19350 148 68 86 253 70 332
internal_value=-9.72332e-05 0.00511954 0.0125 0.0169823 0.00262238 -0.00221649
internal_weight=20307 957 477 391 138 480
internal_count=20307 957 477 391 138 480
is_linear=0
shrinkage=0.05


Tree=393
num_leaves=7
num_cat=0
split_feature=36 46 45 43 36 38
split_gain=9.80533 31.6781 32.4135 43.3396 44.6875 37.6825
threshold=0.20557278394699099 0.73887035250663768 0.050168504938483245 0.074626624584198012 0.680507391691208 0.00088026540470309566
decision_type=2 2 2 2 2 2
left_child=-1 -2 -3 4 -4 -5
right_child=1 2 3 5 -6 -7
leaf_value=1.2874076371092006e-05 0.00012196887398256539 7.8682850527543363e-05 -0.00021163818933140214 4.8016570055518146e-05 -6.8099293722467645e-06 -8.5253095941974233e-05
leaf_weight=13090 358 423 948 2240 666 2548
leaf_count=13090 358 423 948 2240 666 2548
internal_value=-0.000102328 -0.00150598 -0.00227306 -0.00316451 -0.0102378 -0.000766743
internal_weight=20273 7183 6825 6402 1614 4788
internal_count=20273 7183 6825 6402 1614 4788
is_linear=0
shrinkage=0.05


Tree=394
num_leaves=7
num_cat=0
split_feature=56 55 2 3 30 40
split_gain=13.4951 16.8981 16.9312 14.5201 19.5535 10.872
threshold=0.001038842252455652 13621.119628906252 0.0086823510937392729 0.0094448183663189429 61.641748428344734 0.17753892391920092
decision_type=10 8 2 2 2 2
left_child=-1 3 -3 -2 5 -5
right_child=1 2 -4 4 -6 -7
leaf_value=2.3842156111219054e-06 -0.00069062696595922034 -0.00016871973342563585 0.0001612980357546128 -0.00060001710074934073 0.00029435769454925082 5.2765272266982743e-05
leaf_weight=19702 72 120 144 173 55 81
leaf_count=19702 72 120 144 173 55 81
internal_value=-0.000165831 -0.00711538 0.00250929 -0.0137953 -0.00867834 -0.0145753
internal_weight=20347 645 264 381 309 254
internal_count=20347 645 264 381 309 254
is_linear=0
shrinkage=0.05


Tree=395
num_leaves=7
num_cat=0
split_feature=38 0 26 47 41 46
split_gain=10.5651 24.4049 28.9562 21.4448 29.5928 22.0751
threshold=0.023226199671626094 -0.1005539298057556 -0.015407674945890902 1.2356956005096438 0.13863478600978854 1.0659404993057253
decision_type=2 2 2 2 2 2
left_child=-1 -2 3 4 5 -3
right_child=1 2 -4 -5 -6 -7
leaf_value=8.3808473519386351e-06 0.0010065459507118874 0.00021760567794400906 -0.00015005123095668019 -0.00013928805017086274 -0.0009758604642438589 -9.4797343309244525e-06
leaf_weight=17426 76 496 1603 255 56 355
leaf_count=17426 76 496 1603 255 56 355
internal_value=-8.26263e-05 -0.00264406 -0.00343863 0.00254927 0.00616776 0.00855724
internal_weight=20267 2841 2765 1162 907 851
internal_count=20267 2841 2765 1162 907 851
is_linear=0
shrinkage=0.05


Tree=396
num_leaves=7
num_cat=0
split_feature=50 47 6 38 28 47
split_gain=9.52406 18.5606 25.0138 19.9467 21.4704 18.9294
threshold=-0.41954444348812098 0.67911732196807872 0.21879178285598758 -0.010783429723232983 0.013558246660977604 0.83416900038719188
decision_type=2 2 2 2 2 2
left_child=1 2 -1 5 -5 -3
right_child=-2 3 -4 4 -6 -7
leaf_value=0.00032049336255348949 -1.1895231811289006e-05 -7.3010978972302225e-05 3.8710212418747834e-05 3.2245701389267602e-06 -0.00022139833614503209 0.00014044708095087687
leaf_weight=136 12698 303 314 4857 448 1413
leaf_count=136 12698 303 314 4857 448 1413
internal_value=-7.80708e-05 0.00158173 0.0113736 0.000942926 -0.00056968 0.00562173
internal_weight=20169 7471 450 7021 5305 1716
internal_count=20169 7471 450 7021 5305 1716
is_linear=0
shrinkage=0.05


Tree=397
num_leaves=7
num_cat=0
split_feature=0 36 55 40 35 54
split_gain=11.494 23.72 34.0643 31.8664 26.8568 34.0479
threshold=0.039052011445164687 -0.27027745544910425 91.561473846435561 0.16017320752143863 -0.46087181568145746 -0.014609085395932196
decision_type=2 2 8 2 2 8
left_child=-1 3 -3 4 5 -2
right_child=1 2 -4 -5 -6 -7
leaf_value=-1.3032737250429563e-05 0.00056976665809296639 -0.00011292589708216647 0.00021818319383068693 0.00045010378677794605 -0.00034130732846046136 -9.375909273495968e-05
leaf_weight=17753 56 327 1242 183 248 556
leaf_count=17753 56 327 1242 183 248 556
internal_value=-6.75012e-05 0.00274169 0.00662325 -0.00307729 -0.00713873 -0.00141815
internal_weight=20365 2612 1569 1043 860 612
internal_count=20365 2612 1569 1043 860 612
is_linear=0
shrinkage=0.05


Tree=398
num_leaves=7
num_cat=0
split_feature=37 38 4 10 36 31
split_gain=12.2732 14.3546 16.6299 17.0027 13.3806 12.0807
threshold=0.0021214054431766276 0.023226199671626094 1.0270303487777712 0.22515592724084857 -0.66746315360069264 60.943235397338874
decision_type=2 2 2 2 2 2
left_child=-1 2 3 5 -3 -2
right_child=1 4 -4 -5 -6 -7
leaf_value=-1.1915455660037063e-05 3.7067690187007463e-05 0.00017461827032929733 0.00034753426359151405 0.0003063385113853127 -9.3980776676831727e-05 -9.6058881344369048e-05
leaf_weight=14238 3979 200 257 148 1015 477
leaf_count=14238 3979 200 257 148 1015 477
internal_value=-0.000116886 0.00187058 0.00308775 0.00238121 -0.00297131 0.00181013
internal_weight=20314 6076 4861 4604 1215 4456
internal_count=20314 6076 4861 4604 1215 4456
is_linear=0
shrinkage=0.05


Tree=399
num_leaves=7
num_cat=0
split_feature=48 15 21 26 46 38
split_gain=11.8586 23.2536 28.7351 45.6121 29.9423 29.6188
threshold=-0.12688010185956952 0.42499999701976782 0.67499998211860668 -0.088740434497594819 1.1270411610603335 0.018824453465640548
decision_type=2 2 2 2 2 2
left_child=1 2 3 -1 -5 -4
right_child=-2 -3 5 4 -6 -7
leaf_value=-0.00020766890623149091 1.4631408676245435e-05 -6.096746485477412e-05 0.00018026600266449132 3.5608295624730291e-05 -0.00012337780685055125 -8.3982119491637962e-05
leaf_weight=838 10410 3589 1684 2653 560 551
leaf_count=838 10410 3589 1684 2653 560 551
internal_value=-0.000112124 -0.00127783 0.000552376 -0.0019539 0.000753574 0.00510045
internal_weight=20285 9875 6286 4051 3213 2235
internal_count=20285 9875 6286 4051 3213 2235
is_linear=0
shrinkage=0.05


Tree=400
num_leaves=7
num_cat=0
split_feature=45 22 45 22 40 49
split_gain=11.0711 37.4655 28.521 42.2002 35.3179 27.2488
threshold=0.080515574663877501 0.87500000000000011 0.08999918028712274 0.62500000000000011 0.062158130109310157 0.7687901258468629
decision_type=2 2 2 2 2 2
left_child=1 5 3 4 -2 -1
right_child=2 -3 -4 -5 -6 -7
leaf_value=7.9478521897252862e-06 0.00036356749108293058 -0.00036280398678317332 -4.7532952384071761e-06 0.00032471610678915669 -2.1498702415244885e-05 -0.00011123255897625657
leaf_weight=5282 209 215 10803 736 1694 1412
leaf_count=5282 209 215 10803 736 1694 1412
internal_value=-0.000116673 -0.00162352 0.000838477 0.00549357 0.00153302 -0.000951635
internal_weight=20351 6909 13442 2639 1903 6694
internal_count=20351 6909 13442 2639 1903 6694
is_linear=0
shrinkage=0.05


Tree=401
num_leaves=7
num_cat=0
split_feature=53 10 36 35 39 35
split_gain=12.4301 18.5322 15.9543 17.3123 17.0152 12.2841
threshold=-1.3678575754165647 0.053112758323550231 0.56091174483299266 0.30088730156421667 -0.024279737845063206 -0.80303663015365589
decision_type=8 2 2 2 2 2
left_child=1 2 3 -1 -4 -2
right_child=5 -3 4 -5 -6 -7
leaf_value=-1.3035001672228914e-05 -9.9751941872279728e-05 -0.00044139255141273511 0.00040728521875028678 -0.00062585350412515059 -9.3012165981536807e-05 8.2249644925448933e-06
leaf_weight=275 1004 145 94 99 66 18545
leaf_count=275 1004 145 94 99 66 18545
internal_value=-7.29007e-05 -0.0066155 -0.00217996 -0.0078496 0.0107576 0.000241639
internal_weight=20228 679 534 374 160 19549
internal_count=20228 679 534 374 160 19549
is_linear=0
shrinkage=0.05


Tree=402
num_leaves=7
num_cat=0
split_feature=44 42 3 45 0 53
split_gain=9.05799 31.0194 34.6852 55.8604 42.6182 40.5536
threshold=0.10097973048686983 0.11186691001057626 0.0093090743757784384 0.081827774643898024 -0.039683545008301728 -0.23113726824522016
decision_type=2 2 2 2 2 8
left_child=1 2 3 5 -5 -1
right_child=-2 -3 -4 4 -6 -7
leaf_value=9.7963962666856044e-05 -1.5674192866136672e-05 0.00042722231298605276 -0.00014679134597556174 -0.0001493159926485903 0.00024812348642759319 -3.1799146975811165e-05
leaf_weight=812 9539 447 1582 410 1887 5619
leaf_count=812 9539 447 1582 410 1887 5619
internal_value=-0.000146545 0.000950102 0.000385361 0.00162315 0.00830799 -0.000765227
internal_weight=20296 10757 10310 8728 2297 6431
internal_count=20296 10757 10310 8728 2297 6431
is_linear=0
shrinkage=0.05


Tree=403
num_leaves=7
num_cat=0
split_feature=46 15 51 35 46 26
split_gain=9.35192 32.586 40.8747 33.607 77.1408 33.1699
threshold=0.99176102876663219 0.67499998211860668 0.014567975886166097 -0.047894688323140137 1.1868072748184206 0.043670881539583213
decision_type=2 2 8 2 2 2
left_child=-1 -2 5 4 -4 -3
right_child=1 2 3 -5 -6 -7
leaf_value=-1.5010882289452198e-05 -1.7508958757991055e-05 2.6475630581523934e-05 0.00055710269125316166 4.5074422276332373e-05 -0.00018257900867740275 -0.00044336351821309971
leaf_weight=11158 5983 503 789 1386 267 213
leaf_count=11158 5983 503 789 1386 267 213
internal_value=-0.000166223 0.000975836 0.0050822 0.00816306 0.014868 -0.00537448
internal_weight=20299 9141 3158 2442 1056 716
internal_count=20299 9141 3158 2442 1056 716
is_linear=0
shrinkage=0.05


Tree=404
num_leaves=7
num_cat=0
split_feature=51 35 6 45 45 33
split_gain=12.842 19.3129 46.9318 22.2172 21.7422 20.7489
threshold=0.71512889862060558 -0.2556560337543487 0.79412004351615917 0.10663999244570734 0.087501786649227156 0.17026013880968097
decision_type=10 2 2 2 2 2
left_child=-1 -2 -3 4 5 -4
right_child=1 2 3 -5 -6 -7
leaf_value=-4.5020213902905587e-06 -0.00030903881859831503 0.00052222903529620512 0.00059962144506380856 0.00020722507663347028 -0.00024336395168456971 -7.1382115680447211e-05
leaf_weight=19322 117 321 75 193 240 90
leaf_count=19322 117 321 75 193 240 90
internal_value=-0.000136277 0.00535543 0.00781926 -0.000456053 -0.00713415 0.00661765
internal_weight=20358 1036 919 598 405 165
internal_count=20358 1036 919 598 405 165
is_linear=0
shrinkage=0.05


Tree=405
num_leaves=7
num_cat=0
split_feature=51 5 41 42 26 12
split_gain=11.514 22.5725 22.2399 30.7469 14.8042 20.7943
threshold=1.119499206542969 0.87970301508903515 0.12603459507226947 0.11871112138032915 -0.019163335673511025 0.05220258608460427
decision_type=10 2 2 2 2 2
left_child=-1 2 3 4 -2 -6
right_child=1 -3 -4 -5 5 -7
leaf_value=-6.5562251927400297e-06 -0.00042620098688860822 -0.00024855489825578595 -0.00022871694819381379 0.00038094882048276136 0.00039613742801238808 -7.9930846909947366e-05
leaf_weight=19363 62 88 105 281 194 166
leaf_count=19363 62 88 105 281 194 166
internal_value=-7.27892e-05 0.00529967 0.00796433 0.0111935 0.00251756 0.00650685
internal_weight=20259 896 808 703 422 360
internal_count=20259 896 808 703 422 360
is_linear=0
shrinkage=0.05


Tree=406
num_leaves=7
num_cat=0
split_feature=48 47 35 50 44 0
split_gain=11.0693 26.3832 35.4894 40.0937 39.6306 38.838
threshold=-0.12688010185956952 1.0046118497848513 -0.16507979482412335 -0.46888765692710871 0.13160723447799685 0.0047967662103474149
decision_type=2 2 2 2 2 2
left_child=1 2 3 -1 5 -4
right_child=-2 -3 4 -5 -6 -7
leaf_value=-5.860710555693509e-05 1.7190502600612086e-05 2.0974252272228253e-05 1.7055616997829684e-05 -0.00053976991371954355 0.00024412672369434151 -0.0001057628345479796
leaf_weight=740 10384 4249 2105 516 470 1813
leaf_count=740 10384 4249 2105 516 470 1813
internal_value=-0.000151612 -0.00136644 -0.00360683 -0.0110032 -0.00147394 -0.00312898
internal_weight=20277 9893 5644 1256 4388 3918
internal_count=20277 9893 5644 1256 4388 3918
is_linear=0
shrinkage=0.05


Tree=407
num_leaves=7
num_cat=0
split_feature=41 51 55 45 48 15
split_gain=10.0491 33.2353 35.3349 23.9754 30.7864 23.8261
threshold=0.066728468984365477 1.0000000180025095e-35 33081.835937500007 0.068343594670295729 0.54075568914413463 0.27500000596046453
decision_type=2 10 8 2 2 2
left_child=1 2 -1 4 -2 -4
right_child=3 -3 5 -5 -6 -7
leaf_value=0.00017131404402451287 1.7564054130845456e-05 -0.00016687536480215461 -0.00012526598631157807 2.3077458837630908e-06 0.00037925172755853137 1.468650856198948e-06
leaf_weight=89 287 206 795 15894 183 2758
leaf_count=89 287 206 795 15894 183 2758
internal_value=-0.000132314 -0.00238126 -0.00125446 0.000456656 0.0115263 -0.00205874
internal_weight=20212 3848 3642 16364 470 3553
internal_count=20212 3848 3642 16364 470 3553
is_linear=0
shrinkage=0.05


Tree=408
num_leaves=7
num_cat=0
split_feature=1 36 36 38 39 2
split_gain=15.2793 29.2607 45.8271 28.824 33.6916 28.7592
threshold=-0.024291090667247769 0.2600721567869187 0.41924083232879644 -0.0094005209393799288 -0.021249838173389431 0.0078826881945133227
decision_type=2 2 2 2 2 2
left_child=1 -1 5 4 -4 -3
right_child=-2 2 3 -5 -6 -7
leaf_value=2.2525576746435568e-06 8.4891368400595756e-06 -0.00065419509427945717 -0.00011646441932454247 -9.5841836150808849e-05 0.00032977436112884554 -0.00024561722250564911
leaf_weight=4216 13951 140 141 1169 298 369
leaf_count=4216 13951 140 141 1169 298 369
internal_value=-0.000126916 -0.00229173 -0.00708058 -0.00289833 0.00793919 -0.0200875
internal_weight=20284 6333 2117 1608 439 509
internal_count=20284 6333 2117 1608 439 509
is_linear=0
shrinkage=0.05


Tree=409
num_leaves=7
num_cat=0
split_feature=29 23 16 44 40 55
split_gain=14.374 30.6643 24.9754 34.8757 47.2032 21.0806
threshold=-0.034574301913380616 0.0069073687773197898 0.12500000372529033 0.089014694094657912 0.074511326849460616 96.903537750244155
decision_type=2 2 2 2 2 8
left_child=1 2 -1 4 -4 -5
right_child=-2 -3 3 5 -6 -7
leaf_value=-3.3493010113944532e-05 -1.1668774103358761e-05 -8.7932847305093395e-05 0.00025181093917977702 3.6324945929235196e-05 -0.00022618093642587064 0.00027751135859368359
leaf_weight=927 16210 792 241 523 368 1135
leaf_count=927 16210 792 241 523 368 1135
internal_value=-0.000127469 0.00252443 0.00471241 0.00753741 -0.00264658 0.0112898
internal_weight=20196 3986 3194 2267 609 1658
internal_count=20196 3986 3194 2267 609 1658
is_linear=0
shrinkage=0.05


Tree=410
num_leaves=7
num_cat=0
split_feature=55 10 39 19 18 35
split_gain=9.58498 24.6812 19.0342 15.0026 13.7271 13.0705
threshold=120421.96484375001 -0.010696524288505314 -0.0077023573685437432 0.37500000000000006 0.52500000596046459 1.0000000180025095e-35
decision_type=10 2 2 2 2 2
left_child=-1 5 3 -3 -5 -2
right_child=1 2 -4 4 -6 -7
leaf_value=-6.2392818422754358e-07 0.00033271055793248814 7.6622167802429571e-05 -0.00045940739610900286 -0.0004773015533576567 4.0983769365407185e-06 -1.8122530331288386e-05
leaf_weight=19803 78 112 136 50 57 118
leaf_count=19803 78 112 136 50 57 118
internal_value=-9.20969e-05 -0.00669964 -0.0145139 -0.00502232 -0.0180804 0.00733831
internal_weight=20354 551 355 219 107 196
internal_count=20354 551 355 219 107 196
is_linear=0
shrinkage=0.05


Tree=411
num_leaves=7
num_cat=0
split_feature=36 4 35 24 55 35
split_gain=11.0834 26.9695 14.1547 10.5855 17.3189 16.5311
threshold=-0.92299509048461903 0.51126495003700267 -0.80303663015365589 -0.14379888772964475 3.9500838518142705 -0.41978208720684046
decision_type=2 2 2 2 8 2
left_child=1 2 -1 4 -2 -6
right_child=3 -3 -4 -5 5 -7
leaf_value=0.00010873997543844466 -0.00015510852292748879 -0.00031320363348872401 0.00080272173275241208 -6.6112169544308838e-07 1.4643484743708662e-05 0.00085180594487827162
leaf_weight=153 132 60 111 19591 68 106
leaf_count=153 132 60 111 19591 68 106
internal_value=-0.000112479 0.0093465 0.0162639 9.16993e-05 0.00924437 0.0194134
internal_weight=20221 324 264 19897 306 174
internal_count=20221 324 264 19897 306 174
is_linear=0
shrinkage=0.05


Tree=412
num_leaves=7
num_cat=0
split_feature=44 21 40 12 34 44
split_gain=10.9402 33.4908 35.7144 41.8688 37.2815 47.1009
threshold=0.10097973048686983 0.57500001788139354 0.059034783393144614 0.048741785809397704 -0.35868515074253077 0.11184959486126901
decision_type=2 2 2 2 2 2
left_child=-1 2 -2 4 -4 -6
right_child=1 -3 3 -5 5 -7
leaf_value=1.1134960920044981e-05 0.00017622949898386171 1.26939305050832e-05 7.5307487098944153e-06 8.0733845296234336e-05 -0.00051408637295049218 -0.00016094383936499928
leaf_weight=10706 249 6328 543 532 610 1193
leaf_count=10706 249 6328 543 532 610 1193
internal_value=-0.00012769 -0.0014297 -0.00565932 -0.00724072 -0.0101127 -0.0135647
internal_weight=20161 9455 3127 2878 2346 1803
internal_count=20161 9455 3127 2878 2346 1803
is_linear=0
shrinkage=0.05


Tree=413
num_leaves=7
num_cat=0
split_feature=36 36 42 38 21 16
split_gain=12.8842 29.8562 32.5307 38.4112 29.4055 26.1195
threshold=0.20557278394699099 0.41924083232879644 0.063182428479194655 -0.010783429723232983 0.12500000372529033 0.37500000000000006
decision_type=2 2 2 2 2 2
left_child=-1 -2 4 -4 -3 -6
right_child=1 2 3 -5 5 -7
leaf_value=1.5119467417192241e-05 -9.6938316025179495e-05 -7.5802241938429611e-06 8.9254051533284187e-05 -5.527043797448573e-05 -3.8921162270839204e-05 0.00040207520520121637
leaf_weight=13113 2292 294 1080 3188 82 287
leaf_count=13113 2292 294 1080 3188 82 287
internal_value=-8.2346e-05 -0.001636 0.000552066 -0.00104727 0.0108159 0.0201203
internal_weight=20336 7223 4931 4268 663 369
internal_count=20336 7223 4931 4268 663 369
is_linear=0
shrinkage=0.05


Tree=414
num_leaves=7
num_cat=0
split_feature=48 22 20 42 52 10
split_gain=12.3849 24.6043 34.8857 35.4252 59.1823 43.7029
threshold=-0.12688010185956952 0.82500001788139354 0.37500000000000006 0.068225175142288222 -0.0090075191110372526 0.020409459248185161
decision_type=2 2 2 2 10 2
left_child=-1 2 3 5 -5 -2
right_child=1 -3 -4 4 -6 -7
leaf_value=-1.7506271577922597e-05 0.00015765841929213538 -6.513948855473508e-05 1.1796705875535352e-05 0.00047956829422167311 -2.7266809397417958e-05 -0.00047373129581128494
leaf_weight=9922 139 2011 6976 706 443 90
leaf_count=9922 139 2011 6976 706 443 90
internal_value=-0.000112113 0.00107281 0.00227001 0.00952639 0.0131066 -0.0082265
internal_weight=20287 10365 8354 1378 1149 229
internal_count=20287 10365 8354 1378 1149 229
is_linear=0
shrinkage=0.05


Tree=415
num_leaves=7
num_cat=0
split_feature=6 51 35 48 17 46
split_gain=11.0339 24.815 30.8371 26.4567 34.1659 27.2503
threshold=0.13998738676309588 0.0094074099324643629 -0.41978208720684046 -0.65340459346771229 0.17500000447034839 0.89705806970596325
decision_type=2 10 2 2 2 2
left_child=1 2 -1 5 -5 -4
right_child=-2 -3 3 4 -6 -7
leaf_value=-0.00012633851894196591 -8.9541452845107616e-06 0.00042342297067768142 0.00021408368449431599 0.00028015434670313507 -0.00017577852304045648 4.7276513879017558e-05
leaf_weight=995 16728 111 603 133 320 1416
leaf_count=995 16728 111 603 133 320 1416
internal_value=-0.000141549 0.00244907 0.00167771 0.00467299 -0.00616812 0.00712698
internal_weight=20306 3578 3467 2472 453 2019
internal_count=20306 3578 3467 2472 453 2019
is_linear=0
shrinkage=0.05


Tree=416
num_leaves=7
num_cat=0
split_feature=39 1 1 47 35 46
split_gain=8.17332 34.2755 35.9716 31.3453 29.6877 32.2412
threshold=-0.021249838173389431 -0.034199396148324006 0.048752680420875556 1.1557325124740603 0.15099647641181949 1.0169512033462527
decision_type=2 2 2 2 2 2
left_child=1 -1 4 -4 5 -3
right_child=-2 2 3 -5 -6 -7
leaf_value=-0.00014244735404182187 2.3948485658788558e-06 -0.00013603237159022174 -0.00034618481156345585 0.00018168520627125491 0.0001200377924936586 0.00013306839059036631
leaf_weight=714 16911 864 415 125 952 276
leaf_count=714 16911 864 415 125 952 276
internal_value=-0.000186309 -0.0025291 0.000104285 -0.0113303 0.00308774 -0.00233624
internal_weight=20257 3346 2632 540 2092 1140
internal_count=20257 3346 2632 540 2092 1140
is_linear=0
shrinkage=0.05


Tree=417
num_leaves=7
num_cat=0
split_feature=55 26 19 39 32 47
split_gain=10.25 21.4374 22.3889 20.2586 16.1343 19.9636
threshold=120421.96484375001 0.055200194939970977 0.52500000596046459 -0.021249838173389431 0.18015939742326739 0.8891514539718629
decision_type=10 2 2 2 2 2
left_child=-1 2 3 -2 5 -5
right_child=1 -3 -4 4 -6 -7
leaf_value=3.8803649516346104e-06 2.3360618194614216e-05 -0.00049449999903414179 0.00017493642144200753 -0.000369503464440716 -0.00065870780022641857 0.00028473567495032696
leaf_weight=19686 127 54 182 59 78 50
leaf_count=19686 127 54 182 59 78 50
internal_value=-8.76933e-05 -0.00662162 -0.00314371 -0.0112069 -0.0214844 -0.00811404
internal_weight=20236 550 496 314 187 109
internal_count=20236 550 496 314 187 109
is_linear=0
shrinkage=0.05


Tree=418
num_leaves=7
num_cat=0
split_feature=38 11 9 45 17 57
split_gain=12.0982 26.4351 30.0398 27.0371 19.5331 17.5656
threshold=0.023226199671626094 0.0025753661757335071 -0.021210647188127037 0.061456020921468742 0.72499999403953563 4.8369456635555261e-06
decision_type=2 2 2 2 2 10
left_child=-1 5 -3 4 -4 -2
right_child=1 2 3 -5 -6 -7
leaf_value=7.0400862536276757e-06 3.9745795558126598e-05 -0.00041209647282307733 -0.00044870346531010919 -1.3403032542021226e-05 -2.9794612279854597e-05 -0.00029229321382136952
leaf_weight=17467 1468 294 72 829 79 139
leaf_count=17467 1468 294 72 829 79 139
internal_value=-5.7731e-05 -0.00305787 -0.00842455 -0.00413706 -0.0232372 0.00119417
internal_weight=20348 2881 1274 980 151 1607
internal_count=20348 2881 1274 980 151 1607
is_linear=0
shrinkage=0.05


Tree=419
num_leaves=7
num_cat=0
split_feature=24 1 6 33 38 36
split_gain=11.3225 16.2228 18.578 21.5011 21.3677 17.5572
threshold=-0.14379888772964475 0.077267326414585127 0.31711500883102423 -0.26910603046417231 0.015485997777432205 -0.92299509048461903
decision_type=2 2 2 2 2 2
left_child=-1 5 3 -3 -5 -2
right_child=1 2 -4 4 -6 -7
leaf_value=0.00020651461813481531 0.00024826577411850623 -0.00068659371026718284 -0.00023336345794945404 0.00033712575596208083 -0.00038935726800615064 8.7737207501073623e-07
leaf_weight=328 264 53 465 210 95 18834
leaf_count=328 264 53 465 210 95 18834
internal_value=-7.28251e-05 -6.14775e-05 -0.00691425 0.00158402 0.00685484 0.000234256
internal_weight=20249 19921 823 358 305 19098
internal_count=20249 19921 823 358 305 19098
is_linear=0
shrinkage=0.05


Tree=420
num_leaves=7
num_cat=0
split_feature=35 35 26 50 20 22
split_gain=11.6179 27.4278 36.7708 70.3535 42.6525 37.1976
threshold=-0.047894688323140137 -0.14161939173936841 0.014069739729166033 0.50351747870445263 0.92499998211860668 0.57500001788139354
decision_type=2 2 2 2 2 2
left_child=1 -1 -3 -4 -5 -6
right_child=-2 2 3 4 5 -7
leaf_value=1.2289409582375359e-06 -1.0061627494157557e-05 0.0003905774001056104 0.00017774186323699917 -0.00057885609905784178 0.00039282346850263544 -0.00078970730947939313
leaf_weight=7340 11026 790 800 202 117 73
leaf_count=7340 11026 790 800 202 117 73
internal_value=-0.000106864 0.00151978 0.00673125 0.00114871 -0.0160579 0.000897436
internal_weight=20348 9322 1982 1192 392 190
internal_count=20348 9322 1982 1192 392 190
is_linear=0
shrinkage=0.05


Tree=421
num_leaves=7
num_cat=0
split_feature=37 13 11 46 46 40
split_gain=11.2846 13.7267 17.8528 12.8079 10.6966 11.7325
threshold=0.0026680652517825369 0.055227257311344154 0.021384965628385547 1.0371347069740298 1.4257762432098391 0.067632690072059645
decision_type=2 2 2 2 2 2
left_child=-1 2 4 -3 5 -2
right_child=1 3 -4 -5 -6 -7
leaf_value=-8.5406686448651243e-06 6.6651007128830765e-05 -0.00051349422451265768 0.00026077516598873451 -1.3753392022521555e-05 0.0002733537032994831 2.9398596846517883e-07
leaf_weight=15057 1060 66 281 125 102 3435
leaf_count=15057 1060 66 281 125 102 3435
internal_value=-0.000103075 0.00211372 0.0026367 -0.0108418 0.00187419 0.00149444
internal_weight=20126 5069 4878 191 4597 4495
internal_count=20126 5069 4878 191 4597 4495
is_linear=0
shrinkage=0.05


Tree=422
num_leaves=7
num_cat=0
split_feature=39 53 55 2 55 1
split_gain=9.68427 30.9497 42.5145 27.0582 31.2532 34.3595
threshold=-0.019010836258530613 0.087553210556507124 19466.223632812504 0.0086823510937392729 96.920238494873061 -0.03689176402986049
decision_type=2 8 8 2 10 2
left_child=1 2 -1 4 5 -3
right_child=-2 3 -4 -5 -6 -7
leaf_value=-7.158502125247626e-05 5.5867357292397956e-06 -0.00028538644059708502 0.00015811497629662714 1.4623693160868636e-05 -0.00045979372445331543 -9.4701760954388467e-06
leaf_weight=799 16639 241 722 784 333 795
leaf_count=799 16639 241 722 784 333 795
internal_value=-7.75175e-05 -0.00241234 0.0030308 -0.00626738 -0.0104985 -0.00612392
internal_weight=20313 3674 1521 2153 1369 1036
internal_count=20313 3674 1521 2153 1369 1036
is_linear=0
shrinkage=0.05


Tree=423
num_leaves=7
num_cat=0
split_feature=36 10 42 35 22 42
split_gain=8.50136 18.2496 25.9288 17.7873 36.9672 24.5287
threshold=0.86527392268180858 0.0034014146076515321 0.085556719452142729 0.76225727796554577 0.32500000298023229 0.074097428470850005
decision_type=2 2 2 2 2 2
left_child=3 -2 -3 -1 -5 -6
right_child=1 2 -4 4 5 -7
leaf_value=4.6732558852954433e-07 0.00016880782355956515 -0.0001532501826436961 0.00030471527328599133 0.00010545231512964634 0.00058322606545029335 -0.00061038540379105752
leaf_weight=19243 290 225 139 202 51 236
leaf_count=19243 290 225 139 202 51 236
internal_value=-6.74317e-05 0.00557663 -0.00182927 -0.000196332 -0.00956478 -0.020976
internal_weight=20386 654 364 19732 489 287
internal_count=20386 654 364 19732 489 287
is_linear=0
shrinkage=0.05


Tree=424
num_leaves=7
num_cat=0
split_feature=37 48 38 29 47 53
split_gain=9.96353 17.2123 10.9927 8.66523 24.2222 31.8649
threshold=-0.009773726109415291 0.27336414158344274 -0.0099695879034697992 -0.034574301913380616 0.88167482614517223 0.12653455883264544
decision_type=2 2 2 2 2 10
left_child=1 2 -1 4 -2 -6
right_child=3 -3 -4 -5 5 -7
leaf_value=-5.1994691489637872e-05 0.00017491064531010257 0.00017361840158913725 -0.00044154995737909035 -5.9811485707497555e-06 2.8738373762146912e-05 -0.00025620813403208714
leaf_weight=86 740 115 138 16028 2936 240
leaf_count=86 740 115 138 16028 2936 240
internal_value=-0.000102277 -0.00850291 -0.0164847 7.89513e-05 0.00218694 0.000275071
internal_weight=20283 339 224 19944 3916 3176
internal_count=20283 339 224 19944 3916 3176
is_linear=0
shrinkage=0.05


Tree=425
num_leaves=7
num_cat=0
split_feature=26 39 44 3 21 49
split_gain=9.23142 42.6024 38.8686 38.7774 35.6167 29.0571
threshold=-0.088740434497594819 0.017378658987581733 0.06506954133510591 0.010729600675404074 0.67499998211860668 0.080433532595634474
decision_type=2 2 2 2 2 2
left_child=1 -1 -3 -4 5 -5
right_child=-2 2 3 4 -6 -7
leaf_value=-0.00011618357315468292 3.658340899065078e-06 -0.00073521330534825088 0.00040313168625547295 6.5450936978703608e-06 0.00013028754760407432 -0.00050126622769370286
leaf_weight=2172 17065 74 371 105 538 95
leaf_count=2172 17065 74 371 105 538 95
internal_value=-0.000106487 -0.0025372 0.00507155 0.00747307 0.00077389 -0.0169512
internal_weight=20420 3355 1183 1109 738 200
internal_count=20420 3355 1183 1109 738 200
is_linear=0
shrinkage=0.05


Tree=426
num_leaves=7
num_cat=0
split_feature=25 36 46 44 0 2
split_gain=9.56582 24.2946 23.2231 21.5428 20.5227 18.7009
threshold=0.036418449133634574 0.28200531005859381 0.82186999917030346 0.14207471907138827 -0.1005539298057556 0.0079891728237271326
decision_type=2 2 2 2 2 2
left_child=-1 2 -2 -3 -4 -6
right_child=1 3 4 -5 5 -7
leaf_value=-2.5649843100782426e-06 -0.00028157683166854183 -2.944811933762396e-05 -0.00038893975753394794 -0.00042704916387900621 -0.00011902063420361152 0.00022165581847830081
leaf_weight=18435 95 478 63 52 119 1116
leaf_count=18435 95 478 63 52 119 1116
internal_value=-0.000136277 0.00348807 0.00695637 -0.00556075 0.00872985 0.0101815
internal_weight=20358 1923 1393 530 1298 1235
internal_count=20358 1923 1393 530 1298 1235
is_linear=0
shrinkage=0.05


Tree=427
num_leaves=7
num_cat=0
split_feature=39 53 43 36 40 1
split_gain=10.2415 28.2921 46.5032 25.09 26.1135 23.722
threshold=-0.019010836258530613 -0.23113726824522016 0.084381371736526503 0.41924083232879644 0.11918362975120546 -0.034199396148324006
decision_type=2 8 2 2 2 2
left_child=1 2 -1 -4 -5 -3
right_child=-2 5 3 4 -6 -7
leaf_value=0.00025629076012377165 1.1166883436096888e-05 -0.00019559258370861667 -0.00021011126252939842 0.0002358335532463422 -0.00037640806626233726 -2.9772160000876157e-05
leaf_weight=444 16556 575 383 205 65 2035
leaf_count=444 16556 575 383 205 65 2035
internal_value=-4.81054e-05 -0.00224273 0.00446915 -0.00398936 0.00754545 -0.00507648
internal_weight=20263 3707 1097 653 270 2610
internal_count=20263 3707 1097 653 270 2610
is_linear=0
shrinkage=0.05


Tree=428
num_leaves=7
num_cat=0
split_feature=51 1 55 3 10 13
split_gain=10.583 40.0965 29.8709 19.9923 27.6038 30.0433
threshold=0.017955981194972995 -0.045868443325161927 101778.49609375001 0.012864700984209778 -0.11096640676259993 0.055227257311344154
decision_type=10 2 8 2 2 2
left_child=-1 -2 3 4 -3 -6
right_child=1 2 -4 -5 5 -7
leaf_value=-2.943993999595003e-06 -0.00024189695499756173 0.00055017591819662981 0.00043236534658048831 -0.00021103120899496368 9.3824745017893774e-05 -0.00034996915616248127
leaf_weight=18546 220 194 141 216 925 81
leaf_count=18546 220 194 141 216 925 81
internal_value=-7.74793e-05 0.00382997 0.00667414 0.0044159 0.00695021 0.0035361
internal_weight=20323 1777 1557 1416 1200 1006
internal_count=20323 1777 1557 1416 1200 1006
is_linear=0
shrinkage=0.05


Tree=429
num_leaves=7
num_cat=0
split_feature=9 20 5 53 45 47
split_gain=10.4201 611.215 4346.89 4525.83 23.4553 41.7427
threshold=-0.013386815786361693 0.57500001788139354 0.47465930879116064 -1.1713404059410093 0.11755584925413133 1.0046118497848513
decision_type=2 2 2 8 2 2
left_child=4 2 3 -2 -1 -6
right_child=1 -3 -4 -5 5 -7
leaf_value=-2.9603123704872071e-05 -0.00038729777313388264 -2.8229727148223528e-06 -0.00043131668581513813 7.6489565719955912e-05 0.00022923993931172519 1.1554067107171375e-06
leaf_weight=11147 5 5095 60 0.99999999999999989 762 3273
leaf_count=10057 1242 6560 1409 248 762 3273
internal_value=-0.000111805 0.00184379 0.147535 1.06136 -0.00075558 0.00250619
internal_weight=20343 5161 66 6 15182 4035
internal_count=20343 6645 1550 1490 13698 4035
is_linear=0
shrinkage=0.05


Tree=430
num_leaves=7
num_cat=0
split_feature=41 1 52 43 41 40
split_gain=9.56218 25.3027 28.886 30.0833 25.9167 34.8755
threshold=0.068311776965856566 0.0046456172131001958 -4.6660128646180958e-05 0.086392208933830275 0.057550741359591491 0.082673199474811568
decision_type=2 2 10 2 2 2
left_child=1 4 3 -3 -1 -6
right_child=-2 2 -4 -5 5 -7
leaf_value=4.8964108737171218e-05 7.4710051722354233e-06 -3.7232436811090274e-05 -0.00047482082963397934 -0.00046644755472854439 -8.5177795945217641e-05 0.00046397574030836652
leaf_weight=1445 16088 1398 92 88 1151 79
leaf_count=1445 16088 1398 92 88 1151 79
internal_value=-0.00015605 -0.00223697 -0.00724889 -0.0054829 0.000718284 -0.00459514
internal_weight=20341 4253 1578 1486 2675 1230
internal_count=20341 4253 1578 1486 2675 1230
is_linear=0
shrinkage=0.05


Tree=431
num_leaves=7
num_cat=0
split_feature=29 14 7 49 51 17
split_gain=10.579 20.5463 18.5124 23.0396 22.1578 23.5578
threshold=-0.029167387634515759 0.17500000447034839 0.74714827537536632 -0.98312169313430775 -2.9830240011215206 0.12500000372529033
decision_type=2 2 2 2 10 2
left_child=2 -2 3 4 5 -1
right_child=1 -3 -4 -5 -6 -7
leaf_value=-0.00010182838191728191 -0.00011281476060765366 -9.4718117303714634e-06 -0.00012954331800695798 9.4036481544985628e-05 -0.00017607047338189823 0.00015459771042743649
leaf_weight=532 536 15012 604 2481 459 650
leaf_count=532 536 15012 604 2481 459 650
internal_value=-0.000102323 -0.00109786 0.00160114 0.0028047 -0.00177704 0.00183235
internal_weight=20274 15548 4726 4122 1641 1182
internal_count=20274 15548 4726 4122 1641 1182
is_linear=0
shrinkage=0.05


Tree=432
num_leaves=7
num_cat=0
split_feature=23 13 42 24 17 47
split_gain=12.2792 19.7875 21.7119 18.2199 14.9642 15.1993
threshold=-0.0047322560567408791 -0.035796755924820893 0.13546312600374225 -0.14379888772964475 0.075000001117587103 1.066605865955353
decision_type=2 2 2 2 2 2
left_child=-1 2 -2 -3 5 -5
right_child=1 3 -4 4 -6 -7
leaf_value=2.4723382424301953e-05 -0.00066266073404505198 0.00092114684964497663 -7.992747458756069e-06 9.0357857440399392e-06 -1.3675055156463302e-05 0.00053533333875467972
leaf_weight=7588 141 78 154 152 12063 119
leaf_count=7588 141 78 154 155 12068 121
internal_value=-0.00016133 -0.00105609 -0.01375 -0.00074696 -0.000905665 0.0105978
internal_weight=20295 12707 295 12412 12334 271
internal_count=20295 12712 295 12417 12339 276
is_linear=0
shrinkage=0.05


Tree=433
num_leaves=7
num_cat=0
split_feature=36 29 39 21 22 36
split_gain=10.6831 25.3563 12.4471 14.1981 11.0726 24.8252
threshold=-0.92299509048461903 0.0098802451975643652 0.04203187674283982 0.97499999403953563 0.67499998211860668 -0.76060298085212696
decision_type=2 2 2 2 2 2
left_child=1 2 -1 -4 -2 -6
right_child=4 -3 3 -5 5 -7
leaf_value=0.00069532998341364962 -1.4058439258651566e-05 -0.00030979113591533331 -0.00014963806613813217 0.00039358671223791792 -0.00017532244289504537 4.0839167065990016e-05
leaf_weight=105 13041 80 96 50 625 6336
leaf_count=105 13041 80 96 50 625 6336
internal_value=-5.77736e-05 0.00870536 0.0165039 0.00645695 -0.000283651 0.00132429
internal_weight=20333 331 251 146 20002 6961
internal_count=20333 331 251 146 20002 6961
is_linear=0
shrinkage=0.05


Tree=434
num_leaves=7
num_cat=0
split_feature=36 36 2 1 47 22
split_gain=11.1515 25.7255 43.8716 34.226 36.0016 31.283
threshold=0.20557278394699099 0.41924083232879644 0.0075709912925958642 -0.017840673215687271 0.67911732196807872 0.075000001117587103
decision_type=2 2 2 2 2 2
left_child=-1 2 3 -2 -5 -6
right_child=1 -3 -4 4 5 -7
leaf_value=1.0203471718620364e-05 -0.00049080957511882673 4.1607783718410847e-06 -3.3276653632957646e-05 0.00037108455144539297 8.3811890798169387e-05 -0.00026558447648419696
leaf_weight=13114 218 4925 1687 71 80 268
leaf_count=13114 218 4925 1687 71 80 268
internal_value=-0.000146062 -0.00171285 -0.00604337 -0.0171729 -0.00854953 -0.0152266
internal_weight=20363 7249 2324 637 419 348
internal_count=20363 7249 2324 637 419 348
is_linear=0
shrinkage=0.05


Tree=435
num_leaves=7
num_cat=0
split_feature=58 45 35 45 32 55
split_gain=10.8931 30.3346 36.4337 30.8295 30.2607 28.8033
threshold=-2.1411982743302357e-05 0.076705809682607665 0.01701969746500254 0.063232131302356734 0.92017808556556713 38904.296875000007
decision_type=10 2 2 2 2 8
left_child=-1 2 5 -4 -3 -2
right_child=1 4 3 -5 -6 -7
leaf_value=-8.6696395218375992e-06 -0.00041335889857938241 1.5363987750911803e-05 -0.00013235993415141551 0.00016803731510861366 -0.00033107651340606161 0.00050497599176416597
leaf_weight=16319 52 3014 195 228 156 295
leaf_count=16319 52 3014 195 228 156 295
internal_value=-0.000107333 0.00232573 0.0111935 0.00122664 0.000149606 0.0230824
internal_weight=20259 3940 770 423 3170 347
internal_count=20259 3940 770 423 3170 347
is_linear=0
shrinkage=0.05


Tree=436
num_leaves=7
num_cat=0
split_feature=46 15 51 35 8 36
split_gain=8.88935 41.0744 34.8616 33.8984 37.0857 35.3946
threshold=0.97475373744964611 0.67499998211860668 0.016079411841928962 -0.33504405617713923 0.24630708247423175 0.64667057991027843
decision_type=2 2 8 2 2 2
left_child=-1 -2 3 -3 -5 -6
right_child=1 2 -4 4 5 -7
leaf_value=-1.4488263963788548e-05 -2.0142605114717012e-05 0.00011873951332231177 0.00018089843188579067 0.00018248328436174313 -0.00043405464461269695 0.00012491870324865439
leaf_weight=10151 6600 276 2647 85 341 95
leaf_count=10151 6600 277 2647 86 341 95
internal_value=-9.77723e-05 0.000932929 0.00535663 -0.00377182 -0.0112643 -0.0171769
internal_weight=20195 10044 3444 797 521 436
internal_count=20195 10044 3444 801 525 436
is_linear=0
shrinkage=0.05


Tree=437
num_leaves=7
num_cat=0
split_feature=32 46 22 41 48 17
split_gain=11.676 41.4704 51.427 28.9728 29.6587 24.9804
threshold=0.68389588594436657 0.93985605239868175 0.32500000298023229 0.076522447168827071 1.0151884555816653 0.32500000298023229
decision_type=2 2 2 2 2 2
left_child=-1 2 -2 -4 5 -5
right_child=1 -3 3 4 -6 -7
leaf_value=8.2757067562680755e-06 7.3941090256969029e-05 1.7571212487123984e-05 -0.00055727226348979296 0.00049528806297300754 -0.00035039450166562448 -0.00010763504173423753
leaf_weight=16368 340 2545 142 50 462 270
leaf_count=16368 340 2545 142 50 462 270
internal_value=-0.000157318 -0.0025236 -0.00990938 -0.0160118 -0.0120394 -0.000230769
internal_weight=20177 3809 1264 924 782 320
internal_count=20177 3809 1264 924 782 320
is_linear=0
shrinkage=0.05


Tree=438
num_leaves=7
num_cat=0
split_feature=52 45 39 38 49 47
split_gain=7.59423 26.4363 24.1703 22.1097 29.3071 47.0652
threshold=-0.0090075191110372526 0.076705809682607665 -0.037809183821082108 -0.0015208824770525096 0.60849058628082286 1.0046118497848513
decision_type=8 2 2 2 2 2
left_child=1 -1 -3 -4 -5 -6
right_child=-2 2 3 4 5 -7
leaf_value=0.00042682611697454046 -5.3338862020661452e-06 -0.00023477674447249346 0.00016790160804353331 -0.00014313959258579977 0.0005441305965058897 -0.00033678238733698696
leaf_weight=83 18544 186 712 497 181 84
leaf_count=83 18544 186 712 497 181 84
internal_value=-7.26887e-05 0.00310355 0.00166667 0.00383705 -0.00205346 0.0112037
internal_weight=20287 1743 1660 1474 762 265
internal_count=20287 1743 1660 1474 762 265
is_linear=0
shrinkage=0.05


Tree=439
num_leaves=7
num_cat=0
split_feature=23 36 55 0 36 50
split_gain=9.66227 28.2846 18.6908 27.6694 31.4739 20.3514
threshold=-0.012154070194810627 0.90859863162040722 96.920238494873061 0.035942960530519492 -0.055148471146821969 -0.23481394350528714
decision_type=2 2 10 2 2 2
left_child=1 2 -1 4 -4 -6
right_child=-2 -3 3 -5 5 -7
leaf_value=5.3280527662133732e-05 -7.0831834823746793e-06 0.00023147595652266498 3.685536575982187e-05 0.00030086643612939454 -0.00015561868220078406 -0.00061857202905899768
leaf_weight=3472 15622 69 454 173 285 235
leaf_count=3468 15622 69 454 173 285 235
internal_value=-0.000161211 0.00208289 0.00158413 -0.00392795 -0.00722676 -0.0155714
internal_weight=20310 4688 4619 1147 974 520
internal_count=20310 4683 4614 1147 974 520
is_linear=0
shrinkage=0.05


Tree=440
num_leaves=7
num_cat=0
split_feature=9 49 1 0 2 53
split_gain=10.6759 740.406 5173.37 1054.05 23.3966 20.2081
threshold=-0.013386815786361693 0.1178204007446766 0.062835317105054869 0.030396468937397007 0.014498613309115173 -0.95138642191886891
decision_type=2 2 2 2 2 8
left_child=-1 2 3 -2 5 -3
right_child=1 4 -4 -5 -6 -7
leaf_value=-8.6301373742087191e-06 4.8984796893301608e-05 -0.00035784711409662809 -0.000384881979633331 -3.3016916993019099e-05 -0.00038341472891851485 1.3711895685906582e-05
leaf_weight=15102 0.99999999999999989 54 40 1 142 4878
leaf_count=15102 720 54 1410 720 142 4878
internal_value=-0.00012733 0.00192833 0.199468 1.45357 9.35223e-05 0.000683614
internal_weight=20218 5116 42 2 5074 4932
internal_count=20218 6554 1480 1440 5074 4932
is_linear=0
shrinkage=0.05


Tree=441
num_leaves=7
num_cat=0
split_feature=4 8 24 0 12 39
split_gain=11.3509 18.5849 21.5107 18.4508 27.4599 34.0393
threshold=0.037768835201859481 0.49988602101802831 0.086804334074258818 0.016455072909593586 -0.015308186877518891 0.013153585605323316
decision_type=2 2 2 2 2 2
left_child=3 2 -2 4 5 -1
right_child=1 -3 -4 -5 -6 -7
leaf_value=-0.00019999301570350304 -8.8474726057457165e-05 -3.1711802023718511e-06 0.0010935188076616018 6.5763827310087381e-05 2.0970361156394651e-05 2.8936525634149967e-05
leaf_weight=1182 2269 7644 63 3006 5098 1040
leaf_count=1182 2269 7644 63 3006 5098 1040
internal_value=-0.000131728 -0.00135007 -0.00525246 0.00101394 -0.000337884 -0.00497306
internal_weight=20302 9976 2332 10326 7320 2222
internal_count=20302 9976 2332 10326 7320 2222
is_linear=0
shrinkage=0.05


Tree=442
num_leaves=7
num_cat=0
split_feature=23 2 36 6 48 43
split_gain=7.91016 32.4047 15.1561 15.0313 13.3842 21.1707
threshold=0.03820211440324784 0.013508159201592209 -0.3860813826322555 0.99996218085289013 -0.063733182847499834 0.054740766063332565
decision_type=2 2 2 2 2 2
left_child=3 -2 -3 4 -1 -6
right_child=1 2 -4 -5 5 -7
leaf_value=-2.3030453784455177e-05 0.00034100767923435132 -0.00068301407928054395 -2.4472272857653131e-05 -0.00014416723582740343 0.00012798770387361719 8.3601985322367959e-06
leaf_weight=9933 419 60 173 830 482 8474
leaf_count=9933 419 60 173 830 482 8474
internal_value=-0.000170544 0.00498478 -0.00976891 -0.000589383 -0.000297714 0.001102
internal_weight=20371 652 233 19719 18889 8956
internal_count=20371 652 233 19719 18889 8956
is_linear=0
shrinkage=0.05


Tree=443
num_leaves=7
num_cat=0
split_feature=36 36 0 30 40 12
split_gain=9.12805 35.1304 31.0672 33.3039 30.4614 37.2074
threshold=0.20557278394699099 0.41924083232879644 -0.023997480981051918 37.753768920898445 0.12568532675504687 -0.040817979723215096
decision_type=2 2 2 2 2 2
left_child=-1 2 3 -2 5 -3
right_child=1 4 -4 -5 -6 -7
leaf_value=9.8026953508804878e-06 0.00054708618418070423 0.00043983224908626108 -0.0001407547308725868 -3.4805111434463792e-05 -0.00021126885412914607 8.4390530862536818e-06
leaf_weight=13110 120 270 1713 465 431 4191
leaf_count=13110 120 270 1713 465 431 4191
internal_value=-0.000146516 -0.00153926 -0.00663265 0.00326271 0.000852563 0.002088
internal_weight=20300 7190 2298 585 4892 4461
internal_count=20300 7190 2298 585 4892 4461
is_linear=0
shrinkage=0.05


Tree=444
num_leaves=7
num_cat=0
split_feature=7 29 24 31 55 47
split_gain=10.6915 16.8359 16.1757 17.7899 16.0361 44.0498
threshold=0.88291138410568248 0.088643349707126631 -0.12524614483118054 46.797323226928718 29199.973632812504 1.1125500202178957
decision_type=2 2 2 2 10 2
left_child=1 4 -2 -4 -1 -6
right_child=2 -3 3 -5 5 -7
leaf_value=-8.9741780887635482e-06 0.0005488846596278296 0.00014651067754812384 -0.00019763755443299362 -2.3754470497092746e-05 2.5616709194496599e-05 0.00028171871588460109
leaf_weight=12795 52 535 450 4022 2227 139
leaf_count=12795 52 535 450 4022 2227 139
internal_value=-0.000117429 0.000444239 -0.00231287 -0.00265245 0.000133522 0.00391185
internal_weight=20220 15696 4524 4472 15161 2366
internal_count=20220 15696 4524 4472 15161 2366
is_linear=0
shrinkage=0.05


Tree=445
num_leaves=7
num_cat=0
split_feature=31 18 10 10 45 16
split_gain=10.1124 30.989 34.5723 32.4805 29.868 19.6645
threshold=61.62096023559571 0.67499998211860668 0.010092061478644611 -0.007209137547761201 0.066636379808187499 0.97499999403953563
decision_type=2 2 2 2 2 2
left_child=-1 3 4 -2 -3 -4
right_child=1 2 5 -5 -6 -7
leaf_value=6.6334616260091061e-06 9.36842988823965e-05 0.00024346915796705695 0.00012186690984500302 -0.00045336903173949717 -0.00018269224964032727 -0.00016866079314955455
leaf_weight=18181 117 70 1019 248 282 222
leaf_count=18181 117 70 1019 248 282 222
internal_value=-0.000103008 -0.00324758 -0.000203379 -0.0162838 -0.0139356 0.00371188
internal_weight=20139 1958 1593 365 352 1241
internal_count=20139 1958 1593 365 352 1241
is_linear=0
shrinkage=0.05


Tree=446
num_leaves=7
num_cat=0
split_feature=38 10 20 29 43 23
split_gain=8.96361 21.2117 21.7258 17.4728 21.3415 23.6935
threshold=0.023976949974894527 -0.13149723410606382 0.32500000298023229 0.10298141837120058 0.10200589522719385 -0.0047322560567408791
decision_type=2 2 2 2 2 2
left_child=-1 2 -2 4 5 -3
right_child=1 3 -4 -5 -6 -7
leaf_value=4.8683056976267327e-06 -9.8223384288058038e-05 0.00013243453269786123 0.0003749258541197978 0.00052496309050880177 -0.00021846344462170188 -9.1031524787803114e-05
leaf_weight=17829 114 527 168 90 821 854
leaf_count=17829 114 527 168 90 821 854
internal_value=-0.000121276 -0.00278209 0.0100174 -0.00438616 -0.00528999 -0.00146104
internal_weight=20403 2574 282 2292 2202 1381
internal_count=20403 2574 282 2292 2202 1381
is_linear=0
shrinkage=0.05


Tree=447
num_leaves=7
num_cat=0
split_feature=24 18 46 35 46 13
split_gain=11.646 36.7506 32.5364 34.8391 66.268 36.5977
threshold=0.033958801999688155 0.62500000000000011 0.97475373744964611 -0.047894688323140137 1.2057897448539736 0.0034879633458331232
decision_type=2 2 2 2 2 2
left_child=-1 -2 -3 4 -4 -5
right_child=1 2 3 5 -6 -7
leaf_value=1.049052236878859e-05 -0.00021579304264555851 -5.96028648793332e-05 0.0002907904983744742 0.00029553395755247151 -0.00021660260993986975 -6.2635518513131993e-05
leaf_weight=13388 857 2965 1159 241 283 1365
leaf_count=13388 857 2965 1159 241 283 1365
internal_value=-0.00017643 -0.00174182 -0.000353107 0.00326728 0.00889772 -0.00178461
internal_weight=20258 6870 6013 3048 1442 1606
internal_count=20258 6870 6013 3048 1442 1606
is_linear=0
shrinkage=0.05


Tree=448
num_leaves=7
num_cat=0
split_feature=31 18 9 7 35 12
split_gain=12.3063 23.7873 19.4769 91.7279 146.099 185.113
threshold=60.943235397338874 0.67499998211860668 -0.0093851340934634191 0.94184547662734996 0.63080519437789928 -0.0087953945621848089
decision_type=2 2 2 2 2 2
left_child=-1 2 -2 4 5 -4
right_child=1 -3 3 -5 -6 -7
leaf_value=4.0479372569331697e-06 -5.9364910390521009e-05 -1.3267748588898996e-05 -0.00071268959618309277 -0.0002617319037299056 -0.00022034535792837389 -0.00054414035150178995
leaf_weight=18004 270 1836 7 176 23 4.9999999999999991
leaf_count=18004 270 1836 78 277 103 55
internal_value=-8.24068e-05 -0.00358527 -0.0134259 -0.0246528 -0.093125 -0.204412
internal_weight=20321 2317 481 211 35 12
internal_count=20321 2317 481 332 156 133
is_linear=0
shrinkage=0.05


Tree=449
num_leaves=7
num_cat=0
split_feature=46 55 31 8 9 3
split_gain=8.55354 16.301 24.9515 16.2536 14.5076 21.5901
threshold=1.4257762432098391 17505.730468750004 56.621078491210945 0.10724129900336267 -0.085435509681701646 0.013637238182127477
decision_type=2 8 2 2 2 2
left_child=4 3 -3 -2 5 -1
right_child=1 2 -4 -5 -6 -7
leaf_value=-0.00028684799936683642 0.00014742471992471268 0.00050112732205130617 -8.9644682927055331e-05 -0.00040014790270142387 4.8085488769136509e-06 5.0210414044811778e-05
leaf_weight=648 59 140 55 68 18919 396
leaf_count=648 59 140 55 68 18919 396
internal_value=-1.8482e-05 0.00818043 0.017125 -0.00549242 2.62921e-05 -0.0056959
internal_weight=20285 322 195 127 19963 1044
internal_count=20285 322 195 127 19963 1044
is_linear=0
shrinkage=0.05


Tree=450
num_leaves=7
num_cat=0
split_feature=38 51 47 1 43 41
split_gain=8.55225 25.7255 25.4159 24.8404 26.0877 24.3475
threshold=0.018824453465640548 -0.48187977075576777 1.2032244801521303 -0.07949087023735045 0.12926061451435092 0.11499832570552827
decision_type=2 8 2 2 2 2
left_child=-1 -2 5 -4 -5 -3
right_child=1 2 3 4 -6 -7
leaf_value=4.1251329122408975e-06 -0.00058678967702144888 -1.1213705020411669e-05 -0.00068308905689598055 -0.00025737475836064776 0.00022248120955395249 0.00022636568765560755
leaf_weight=15794 149 2956 141 606 237 392
leaf_count=15794 149 2956 141 606 237 392
internal_value=-0.000122041 -0.00214556 -0.0014238 -0.00846815 -0.00510024 0.000648673
internal_weight=20275 4481 4332 984 843 3348
internal_count=20275 4481 4332 984 843 3348
is_linear=0
shrinkage=0.05


Tree=451
num_leaves=7
num_cat=0
split_feature=29 21 26 40 47 40
split_gain=12.6644 17.9754 32.2973 40.3465 38.1937 30.8983
threshold=0.013435915578156711 0.57500001788139354 0.010591733735054733 0.10322997346520425 0.8738808035850526 0.073494371026754393
decision_type=2 2 2 2 2 2
left_child=1 2 5 4 -4 -1
right_child=-2 -3 3 -5 -6 -7
leaf_value=1.59401614715561e-05 -2.3172000796191276e-05 4.8627228045027266e-05 -3.4714950379534438e-06 -0.00030070112000477896 0.00014644179124374403 -0.00013884143817810809
leaf_weight=2002 7944 5196 1278 237 1210 2407
leaf_count=2002 7944 5196 1278 237 1210 2407
internal_value=-0.000200947 0.00102756 -0.000598823 0.00367216 0.00556558 -0.00324536
internal_weight=20274 12330 7134 2725 2488 4409
internal_count=20274 12330 7134 2725 2488 4409
is_linear=0
shrinkage=0.05


Tree=452
num_leaves=7
num_cat=0
split_feature=50 23 9 45 38 38
split_gain=10.5225 18.3053 27.6879 23.6101 18.4374 16.5191
threshold=-0.41954444348812098 -0.017899247817695137 -0.085435509681701646 0.12172644957900049 -0.016228883527219292 -0.0094005209393799288
decision_type=2 2 2 2 2 2
left_child=1 4 3 -3 -1 -2
right_child=5 2 -4 -5 -6 -7
leaf_value=0.0002792145938050325 -5.9666031688711613e-05 -0.00092385778974156743 1.6323159692713469e-05 -7.4431286800877473e-05 6.3336760396524329e-05 5.9846244930760687e-06
leaf_weight=315 3086 111 5156 456 1470 9603
leaf_count=315 3086 111 5156 456 1470 9603
internal_value=-0.000107663 0.00163383 0.000248778 -0.0101836 0.00604749 -0.000726721
internal_weight=20197 7508 5723 567 1785 12689
internal_count=20197 7508 5723 567 1785 12689
is_linear=0
shrinkage=0.05


Tree=453
num_leaves=7
num_cat=0
split_feature=53 39 47 32 35 53
split_gain=10.0131 21.5768 23.7206 29.519 32.7672 24.6576
threshold=-0.85807815194129933 -0.043750651180744164 0.82736662030220043 -0.63356974720954884 0.065862413495779051 -1.009284973144531
decision_type=8 2 2 2 2 10
left_child=1 -1 5 -4 -5 -3
right_child=-2 2 3 4 -6 -7
leaf_value=0.00031070713010059861 5.2919572324293485e-06 -0.00011781752501825722 4.1513567557271495e-06 5.7593665196954696e-06 -0.00035799096865170857 0.00034730755620098467
leaf_weight=154 18623 107 558 232 451 109
leaf_count=154 18623 107 558 232 451 109
internal_value=-0.000156875 -0.00379022 -0.00569425 -0.00836677 -0.015298 0.00938914
internal_weight=20234 1611 1457 1241 683 216
internal_count=20234 1611 1457 1241 683 216
is_linear=0
shrinkage=0.05


Tree=454
num_leaves=7
num_cat=0
split_feature=44 51 46 44 30 45
split_gain=7.948 26.8024 43.5059 37.8549 35.3507 33.8004
threshold=0.10097973048686983 1.0000000180025095e-35 0.92827472090721141 0.092815972864627852 40.401853561401374 0.079624708741903319
decision_type=2 8 2 2 2 2
left_child=1 2 3 -1 -4 -3
right_child=-2 5 4 -5 -6 -7
leaf_value=0.00025333800803345566 -1.3483289054669226e-05 -2.8436776045969457e-05 -0.00016216455384184572 -2.4580151426524967e-05 7.5255621891966428e-05 7.341221213281184e-05
leaf_weight=477 9467 4794 412 180 896 4066
leaf_count=477 9467 4794 412 180 896 4066
internal_value=-9.7305e-05 0.00108264 0.00635787 0.0168051 0.00104722 -8.74224e-05
internal_weight=20292 10825 1965 657 1308 8860
internal_count=20292 10825 1965 657 1308 8860
is_linear=0
shrinkage=0.05


Tree=455
num_leaves=7
num_cat=0
split_feature=12 48 44 43 46 22
split_gain=9.213 27.0541 39.0586 46.2175 26.7993 70.291
threshold=0.012292652390897276 -0.65340459346771229 0.11980484426021577 0.078243870288133635 1.1270411610603335 0.67499998211860668
decision_type=2 2 2 2 2 2
left_child=4 2 -2 -4 -1 -6
right_child=1 -3 3 -5 5 -7
leaf_value=2.6875953604139524e-05 -0.00024328777225800965 -2.2456039630058693e-06 0.0012030099158343772 -5.2419789214211074e-05 -0.00016775990581963346 0.00018105622859116311
leaf_weight=9020 775 8045 78 400 1305 700
leaf_count=9020 775 8045 78 400 1305 700
internal_value=-0.000106995 -0.00130872 -0.00812798 0.00305383 0.000827289 -0.00439055
internal_weight=20323 9298 1253 478 11025 2005
internal_count=20323 9298 1253 478 11025 2005
is_linear=0
shrinkage=0.05


Tree=456
num_leaves=7
num_cat=0
split_feature=38 52 47 55 10 43
split_gain=9.57178 19.6503 18.6178 19.58 18.2791 19.2918
threshold=0.018824453465640548 -0.085068643093109117 1.2032244801521303 111102.94531250001 0.17488978058099749 0.12926061451435092
decision_type=2 8 2 10 2 2
left_child=-1 -2 3 -3 5 -4
right_child=1 2 4 -5 -6 -7
leaf_value=7.7023117498333611e-06 -0.00043286517258388045 1.8549857578346489e-05 -0.00019131186216916833 -0.00026282839573790783 -0.00057684551567685851 0.00015837187205213683
leaf_weight=15880 144 3225 629 93 120 251
leaf_count=15880 144 3225 629 93 120 251
internal_value=-0.000146213 -0.00209872 -0.00147467 0.000323503 -0.00743781 -0.00483051
internal_weight=20342 4462 4318 3318 1000 880
internal_count=20342 4462 4318 3318 1000 880
is_linear=0
shrinkage=0.05


Tree=457
num_leaves=7
num_cat=0
split_feature=42 35 23 23 38 44
split_gain=7.82497 48.557 28.737 25.8429 35.1634 23.4913
threshold=0.061196073889732368 0.63080519437789928 0.013776330277323725 -0.015387425199151037 0.01443172572180629 0.066893316805362715
decision_type=2 2 2 2 2 2
left_child=1 3 -3 4 -1 -2
right_child=5 2 -4 -5 -6 -7
leaf_value=-0.00023031726833524564 -0.00017741746086074412 0.00049497676664541029 -3.9937019258559422e-05 -1.2922799843598037e-05 0.00045596303235212617 -1.4144525700312499e-06
leaf_weight=50 648 187 72 1552 88 17645
leaf_count=50 648 187 72 1552 88 17645
internal_value=-0.000235837 0.00287871 0.022822 -0.000221239 0.0201049 -0.000449503
internal_weight=20242 1949 259 1690 138 18293
internal_count=20242 1949 259 1690 138 18293
is_linear=0
shrinkage=0.05


Tree=458
num_leaves=7
num_cat=0
split_feature=0 9 55 2 55 3
split_gain=9.25333 17.8499 31.8273 50.8378 20.9822 21.2854
threshold=0.039052011445164687 -0.085435509681701646 3.9500838518142705 0.0099413855932652968 96.920238494873061 0.0075627376791089782
decision_type=2 2 10 2 8 2
left_child=-1 2 -2 -4 -3 -6
right_child=1 4 3 -5 5 -7
leaf_value=-8.5342869622464287e-06 -0.0003696900195216176 -5.854042894759817e-05 -0.00051398134941152277 0.00046138529199099315 -0.00017268788986191404 0.00018206093327315348
leaf_weight=17775 480 350 56 211 183 1334
leaf_count=17775 480 350 56 211 183 1334
internal_value=-0.000190007 0.00247232 -0.00402261 0.00965074 0.00508814 0.00763798
internal_weight=20389 2614 747 267 1867 1517
internal_count=20389 2614 747 267 1867 1517
is_linear=0
shrinkage=0.05


Tree=459
num_leaves=7
num_cat=0
split_feature=51 22 1 2 2 33
split_gain=9.96974 42.1285 34.1671 31.4373 25.4397 22.5643
threshold=0.013024804648011925 0.27500000596046453 -0.045868443325161927 0.014498613309115173 0.011137487366795542 0.25985783338546758
decision_type=10 2 2 2 2 2
left_child=-1 -2 4 5 -3 -4
right_child=1 2 3 -5 -6 -7
leaf_value=-6.6215355445674742e-06 -0.00018321955575813838 -0.00035850190595620372 0.00023430074664740108 -0.00039711013113987088 0.00019901702031974657 1.9720600421938711e-05
leaf_weight=18110 207 216 997 137 77 510
leaf_count=18110 207 216 997 137 77 510
internal_value=-0.000127104 0.0031061 0.00541967 0.00823226 -0.010151 0.010334
internal_weight=20254 2144 1937 1644 293 1507
internal_count=20254 2144 1937 1644 293 1507
is_linear=0
shrinkage=0.05


Tree=460
num_leaves=7
num_cat=0
split_feature=51 35 55 46 28 2
split_gain=9.60576 27.635 45.1921 16.9121 20.915 20.2707
threshold=0.017955981194972995 0.73876869678497326 101778.49609375001 0.8629102110862733 0.017134990543127063 0.0078826881945133227
decision_type=10 2 8 2 2 2
left_child=-1 2 3 4 5 -2
right_child=1 -3 -4 -5 -6 -7
leaf_value=-4.7105483843021293e-06 -0.00022181930667660344 -0.00021473411355548355 0.00049177447191904437 7.1008739973686474e-05 -0.00042414078534947137 7.8455916210056506e-05
leaf_weight=18531 98 62 118 1211 55 235
leaf_count=18531 98 62 118 1211 55 235
internal_value=-0.000141521 0.00348935 0.00471835 0.00244701 -0.00655216 -0.00155325
internal_weight=20310 1779 1717 1599 388 333
internal_count=20310 1779 1717 1599 388 333
is_linear=0
shrinkage=0.05


Tree=461
num_leaves=7
num_cat=0
split_feature=43 52 36 14 47 22
split_gain=9.50322 24.2862 23.4555 20.3611 19.0917 18.5562
threshold=0.16455256938934329 -0.0010380498133599756 -0.026054697111248967 0.87500000000000011 1.3441232442855837 0.82500001788139354
decision_type=2 10 2 2 2 2
left_child=-1 3 -3 4 5 -2
right_child=1 2 -4 -5 -6 -7
leaf_value=-7.183192533093044e-06 -8.5092447440006952e-05 0.00011147220755826202 -0.00049335543073908612 -0.00041733730860262836 0.00094576508151335249 0.00022604830527015254
leaf_weight=19308 144 135 114 78 168 332
leaf_count=19308 144 135 114 78 168 332
internal_value=-0.000136807 0.00453381 -0.00875984 0.00918157 0.0121341 0.00680873
internal_weight=20279 971 249 722 644 476
internal_count=20279 971 249 722 644 476
is_linear=0
shrinkage=0.05


Tree=462
num_leaves=7
num_cat=0
split_feature=41 35 35 44 41 44
split_gain=10.174 31.2327 38.6311 46.5295 36.9412 34.4007
threshold=0.066728468984365477 -0.51912778615951527 -0.047894688323140137 0.091462679207324996 0.061206474900245673 0.092815972864627852
decision_type=2 2 2 2 2 2
left_child=1 -1 3 -3 5 -4
right_child=-2 2 4 -5 -6 -7
leaf_value=-0.00018997288881625356 6.4404578393931601e-06 0.0002722542825867597 -1.3292324158145863e-05 -0.00027152589381300251 -0.00017352830416964964 0.00025432808125396401
leaf_weight=570 16417 484 2025 140 584 104
leaf_count=570 16417 484 2025 140 584 104
internal_value=-0.000185695 -0.00240925 -0.00054608 0.0106121 -0.0031365 -5.85754e-05
internal_weight=20324 3907 3337 624 2713 2129
internal_count=20324 3907 3337 624 2713 2129
is_linear=0
shrinkage=0.05


Tree=463
num_leaves=7
num_cat=0
split_feature=58 18 38 2 51 24
split_gain=11.1644 31.8293 28.4251 23.906 26.1273 20.6809
threshold=-5.3085650506545783e-05 0.27500000596046453 -0.025192524306476113 0.0080885449424386042 0.0031994509045034651 -0.047981770709156983
decision_type=10 2 2 2 8 2
left_child=-1 2 -2 4 -4 -5
right_child=1 -3 3 5 -6 -7
leaf_value=-8.9453033042577469e-06 -0.00027955852553979463 -3.815320279553858e-06 0.0004567760786346906 1.3587522474861809e-05 2.5253395076572775e-05 0.00043286135003333889
leaf_weight=15932 85 3364 205 449 105 163
leaf_count=15932 85 3364 205 449 105 163
internal_value=-0.000116949 0.00213094 0.00990613 0.0124865 0.0237302 0.00660454
internal_weight=20303 4371 1007 922 310 612
internal_count=20303 4371 1007 922 310 612
is_linear=0
shrinkage=0.05


Tree=464
num_leaves=7
num_cat=0
split_feature=26 12 21 39 47 38
split_gain=8.93049 38.7143 26.4717 25.7924 47.7873 47.628
threshold=0.10393329337239267 0.05220258608460427 0.52500000596046459 0.010789982043206693 0.85693174600601207 -0.002435785834677517
decision_type=2 2 2 2 2 2
left_child=1 -1 -3 5 -5 -2
right_child=3 2 -4 4 -6 -7
leaf_value=-4.024951882425137e-06 -2.4852087739986665e-05 -1.529060465179623e-05 -0.00030335387180515099 -0.00037596914154243151 1.8730823889708591e-05 0.00035407114246348547
leaf_weight=15685 1034 476 630 275 1415 817
leaf_count=15685 1034 476 630 275 1415 817
internal_value=-0.000215125 -0.000948142 -0.0099685 0.0018119 -0.00264012 0.00588631
internal_weight=20332 16791 1106 3541 1690 1851
internal_count=20332 16791 1106 3541 1690 1851
is_linear=0
shrinkage=0.05


Tree=465
num_leaves=7
num_cat=0
split_feature=44 45 12 29 3 39
split_gain=9.53957 38.3885 31.3184 30.373 33.7086 25.1361
threshold=0.06506954133510591 0.050168504938483245 -0.0067161349579691878 -0.056641748175024979 0.0062341783195734033 0.017378658987581733
decision_type=2 2 2 2 2 2
left_child=2 5 3 -1 -5 -2
right_child=1 -3 -4 4 -6 -7
leaf_value=0.00027171118078383381 0.0006434840283581207 -3.4576384936819974e-06 1.7996261412398549e-05 -4.0748932206160989e-05 -0.00056824076424490002 -8.9578552504717069e-05
leaf_weight=97 106 18056 1099 555 216 51
leaf_count=97 106 18056 1099 555 216 51
internal_value=-0.000147387 -1.37227e-06 -0.00366379 -0.0107388 -0.0140786 0.0242284
internal_weight=20180 18213 1967 868 771 157
internal_count=20180 18213 1967 868 771 157
is_linear=0
shrinkage=0.05


Tree=466
num_leaves=7
num_cat=0
split_feature=12 55 55 3 48 46
split_gain=9.30377 28.6177 42.7715 29.3496 34.0487 24.5657
threshold=0.010314645711332561 56745.121093750007 48076.888671875007 0.0077591554727405318 -0.19011606276035306 0.97475373744964611
decision_type=2 10 10 2 2 2
left_child=-1 2 5 4 -3 -2
right_child=1 3 -4 -5 -6 -7
leaf_value=1.0753414566693149e-05 -5.9863069586366508e-05 0.00050233907149791379 0.00041608698871083697 -0.00039021512377752411 -7.1392455877455384e-05 2.4075645417746157e-05
leaf_weight=10700 4244 58 231 425 430 4316
leaf_count=10700 4244 58 231 425 430 4316
internal_value=-0.000175168 -0.00142909 -0.000548545 -0.00983115 -0.00136917 -0.0011296
internal_weight=20404 9704 8791 913 488 8560
internal_count=20404 9704 8791 913 488 8560
is_linear=0
shrinkage=0.05


Tree=467
num_leaves=7
num_cat=0
split_feature=53 24 55 27 12 2
split_gain=10.1054 23.5052 25.4041 29.0646 12.6054 12.2342
threshold=-1.3678575754165647 -0.022622411139309403 2026.8720703125002 -0.046331033110618584 -0.084272798150777803 0.010421988554298879
decision_type=8 2 8 2 2 2
left_child=1 2 3 4 -1 -3
right_child=-2 5 -4 -5 -6 -7
leaf_value=0.00022053683650127105 9.5341186632956147e-07 -5.7255015609361527e-05 0.00034601347551022565 -0.00040951584469981953 -0.0004329496107842801 -0.00054703418237875441
leaf_weight=140 19551 70 113 152 89 99
leaf_count=140 19551 70 113 152 89 99
internal_value=-0.000157031 -0.00617515 -0.000551102 -0.00680052 0.00438034 -0.0219828
internal_weight=20214 663 494 381 229 169
internal_count=20214 663 494 381 229 169
is_linear=0
shrinkage=0.05


Tree=468
num_leaves=7
num_cat=0
split_feature=49 53 39 23 44 3
split_gain=9.38122 21.4467 16.067 31.6656 24.2494 44.8789
threshold=-0.083866231143474565 1.5450967550277712 0.04203187674283982 0.03820211440324784 0.10250987485051156 0.010584333445876839
decision_type=2 10 2 2 2 2
left_child=1 -1 4 -4 5 -2
right_child=2 -3 3 -5 -6 -7
leaf_value=1.6077439314420842e-05 1.2401193271870671e-05 -0.00051571942498948088 -0.00013706865082046266 0.00034600414169700712 -3.9566724776107376e-05 0.00049097083958229678
leaf_weight=9692 4081 79 1638 166 4329 368
leaf_count=9692 4081 79 1638 166 4329 368
internal_value=-0.000146134 0.0010357 -0.00111221 -0.00540354 -0.000224866 0.00236304
internal_weight=20353 9771 10582 1804 8778 4449
internal_count=20353 9771 10582 1804 8778 4449
is_linear=0
shrinkage=0.05


Tree=469
num_leaves=7
num_cat=0
split_feature=7 5 12 55 53 3
split_gain=12.7899 18.3614 21.5881 30.5911 30.0886 26.6541
threshold=0.79279610514640819 -0.2231912091374397 0.029109763912856582 9631.8266601562518 0.63846310973167431 0.0072877716738730678
decision_type=2 2 2 8 8 2
left_child=-1 -2 3 -3 -4 -6
right_child=1 2 4 -5 5 -7
leaf_value=1.0535108377838361e-05 -0.00019773381801004949 0.00025610948687146634 -0.00019557805830736717 -5.2179149484494298e-07 -0.00019273422348362762 3.0339970663373611e-05
leaf_weight=14224 600 437 584 2093 528 1803
leaf_count=14224 600 437 584 2093 528 1803
internal_value=-0.000141807 -0.00193802 -0.00101376 0.002357 -0.00394692 -0.00138057
internal_weight=20269 6045 5445 2530 2915 2331
internal_count=20269 6045 5445 2530 2915 2331
is_linear=0
shrinkage=0.05


Tree=470
num_leaves=7
num_cat=0
split_feature=56 55 2 13 45 51
split_gain=8.60032 16.9778 20.4515 15.886 15.0052 18.1761
threshold=0.001038842252455652 12151.609863281252 0.0086823510937392729 -0.0072147042956203214 0.12485783919692041 0.016079411841928962
decision_type=10 8 2 2 2 8
left_child=-1 4 3 -3 -2 -6
right_child=1 2 -4 -5 5 -7
leaf_value=1.5590318401439985e-06 -0.00060356805482081007 9.1151918229939141e-05 0.0001817230840127043 -0.00033398446917028862 -0.00030579384840991156 0.00034537389902222478
leaf_weight=19690 162 51 152 72 164 50
leaf_count=19690 162 51 152 72 164 50
internal_value=-0.00021503 -0.00567835 0.00366071 -0.0111328 -0.0125328 -0.00353881
internal_weight=20341 651 275 123 376 214
internal_count=20341 651 275 123 376 214
is_linear=0
shrinkage=0.05


Tree=471
num_leaves=7
num_cat=0
split_feature=7 25 47 0 23 10
split_gain=8.09153 36.8688 19.4551 16.0015 18.3054 21.9106
threshold=0.88291138410568248 0.036418449133634574 1.2356956005096438 -0.082303315401077257 0.027051187120378021 0.023713982664048675
decision_type=2 2 2 2 2 2
left_child=1 -1 3 -2 -5 -6
right_child=2 -3 -4 4 5 -7
leaf_value=-4.2633286344151554e-07 -0.00037915974565412477 0.00021772289727148416 -0.00019775448470015484 -3.5149285729863935e-05 -2.3656302545336381e-06 0.00033313347294187013
leaf_weight=15229 123 515 534 2884 602 387
leaf_count=15229 123 515 534 2884 602 387
internal_value=-0.000146703 0.000417487 -0.00197905 -0.000768558 -0.000186952 0.00565895
internal_weight=20274 15744 4530 3996 3873 989
internal_count=20274 15744 4530 3996 3873 989
is_linear=0
shrinkage=0.05


Tree=472
num_leaves=7
num_cat=0
split_feature=32 38 26 45 3 12
split_gain=10.3058 22.695 24.9728 43.6348 37.3125 35.5375
threshold=0.41482180356979376 -0.019276542589068409 0.079609140753746047 0.068343594670295729 0.0060770129784941682 0.036859812214970596
decision_type=2 2 2 2 2 2
left_child=-1 -2 3 4 -3 -5
right_child=1 2 -4 5 -6 -7
leaf_value=9.9994209157072269e-06 0.00010406215343285452 -3.9162827614896539e-05 1.0223031813325371e-05 -4.9417163172855874e-05 0.00026304710809341955 -0.00028335892790866852
leaf_weight=13888 481 535 3103 1119 248 1025
leaf_count=13888 481 535 3103 1119 248 1025
internal_value=-0.000160508 -0.00169199 -0.00253107 -0.00584072 0.00421954 -0.00952769
internal_weight=20399 6511 6030 2927 783 2144
internal_count=20399 6511 6030 2927 783 2144
is_linear=0
shrinkage=0.05


Tree=473
num_leaves=7
num_cat=0
split_feature=46 10 42 21 15 47
split_gain=9.34352 28.9625 33.4406 32.8539 44.651 31.2731
threshold=1.1539548039436343 -0.15148562192916867 0.069732878357172026 0.87500000000000011 0.62500000000000011 1.1271753907203677
decision_type=2 2 2 2 2 2
left_child=-1 5 -3 4 -4 -2
right_child=1 2 3 -5 -6 -7
leaf_value=6.8799751815534342e-06 0.0012212109219175598 5.8641512099676368e-05 -0.00036172548452529366 4.888059543351584e-05 -1.5778510824391267e-05 -6.0107997301041404e-05
leaf_weight=17313 62 829 802 593 592 69
leaf_count=17313 62 829 802 593 592 69
internal_value=-9.25241e-05 -0.00248137 -0.00357143 -0.00709086 -0.0112759 0.0200368
internal_weight=20260 2947 2816 1987 1394 131
internal_count=20260 2947 2816 1987 1394 131
is_linear=0
shrinkage=0.05


Tree=474
num_leaves=7
num_cat=0
split_feature=0 55 55 27 10 43
split_gain=9.98498 46.7915 34.0302 35.3565 27.2616 23.6481
threshold=-0.042682370170950883 96.920238494873061 13621.119628906252 -0.0012342193513177333 -0.010696524288505314 0.14279167354106906
decision_type=2 8 8 2 2 2
left_child=1 4 -3 5 -1 -4
right_child=-2 2 3 -5 -6 -7
leaf_value=-1.052218578635202e-06 5.1978605474885347e-06 -0.00053328099597458776 5.6323564652859364e-05 -0.0001035011631654527 0.00034544586036535741 0.00086522419443486182
leaf_weight=167 17256 227 376 1894 194 87
leaf_count=167 17256 227 376 1894 194 87
internal_value=-0.000102692 -0.00272034 -0.00508884 -0.00327053 0.0140027 0.00902778
internal_weight=20201 2945 2584 2357 361 463
internal_count=20201 2945 2584 2357 361 463
is_linear=0
shrinkage=0.05


Tree=475
num_leaves=7
num_cat=0
split_feature=39 7 29 12 46 44
split_gain=12.9378 25.1269 19.8363 24.5789 18.2926 15.2291
threshold=0.059389751404523856 0.49760715663433081 0.034705763682723052 0.059527965262532241 0.93432623147964489 0.10250987485051156
decision_type=2 2 2 2 2 2
left_child=-1 4 -3 -4 5 -2
right_child=1 2 3 -5 -6 -7
leaf_value=-5.8464575906104968e-06 -0.00027866421750330879 -0.00018982930533140274 0.00040106396041697284 -7.0847254590372013e-05 0.00028658575771709161 0.00022499313222638746
leaf_weight=19018 84 246 150 187 541 52
leaf_count=19018 84 246 150 187 541 52
internal_value=-0.000141744 0.00480237 -0.00276361 0.00504386 0.011327 -0.00478723
internal_weight=20278 1260 583 337 677 136
internal_count=20278 1260 583 337 677 136
is_linear=0
shrinkage=0.05


Tree=476
num_leaves=7
num_cat=0
split_feature=12 22 41 32 36 26
split_gain=9.94367 25.5866 28.6057 20.287 10.9159 10.208
threshold=-0.12485643476247786 0.97499999403953563 0.11118661612272264 -0.89544078707694996 0.13481842726469043 -0.088740434497594819
decision_type=2 2 2 2 2 2
left_child=1 2 -1 -3 -4 -2
right_child=5 3 4 -5 -6 -7
leaf_value=-0.00012131429123429208 -4.4620792565512145e-05 0.00047061083223123249 0.0015363897831747679 -0.00083442149914456228 0.00022572426131617441 3.206204095459271e-06
leaf_weight=58 3029 51 101 68 60 16999
leaf_count=58 3029 51 101 68 60 16999
internal_value=-0.000214766 0.00838192 0.0184152 -0.00987903 0.0290663 -0.000203414
internal_weight=20366 338 219 119 161 20028
internal_count=20366 338 219 119 161 20028
is_linear=0
shrinkage=0.05


Tree=477
num_leaves=7
num_cat=0
split_feature=50 22 47 41 22 3
split_gain=8.96072 21.4217 23.8144 20.1101 21.9289 20.2175
threshold=-0.41954444348812098 0.075000001117587103 0.91279733180999767 0.072254549711942687 0.12500000372529033 0.0077591554727405318
decision_type=2 2 2 2 2 2
left_child=1 2 -1 -3 -5 -6
right_child=-2 3 -4 4 5 -7
leaf_value=1.4382259429960765e-05 -8.9594151688048762e-06 -4.3557952817836671e-05 0.00022397039489615084 -0.00034041111981151703 0.00030804562623485413 2.5327494381837036e-05
leaf_weight=245 12735 1765 138 139 418 4861
leaf_count=245 12735 1765 138 139 418 4861
internal_value=-7.75633e-05 0.00150244 0.012951 0.000879939 0.00239259 0.00291919
internal_weight=20301 7566 383 7183 5418 5279
internal_count=20301 7566 383 7183 5418 5279
is_linear=0
shrinkage=0.05


Tree=478
num_leaves=7
num_cat=0
split_feature=31 9 44 3 5 1
split_gain=10.2091 24.3133 19.4511 22.9177 17.5192 15.6216
threshold=61.62096023559571 -0.010111473035067318 0.092815972864627852 0.0085982307791709917 0.70045489072799694 -0.028929660096764561
decision_type=2 2 2 2 2 2
left_child=-1 2 5 -4 -3 -2
right_child=1 4 3 -5 -6 -7
leaf_value=4.1565938485190955e-06 -3.9078041575731716e-05 -0.00031836094759811972 -0.00047891808893288319 3.3192536508308994e-05 -8.1469791980043262e-05 0.00046774913836111195
leaf_weight=18356 51 161 51 348 1226 125
leaf_count=18356 51 161 51 348 1226 125
internal_value=-8.73395e-05 -0.00354601 0.0050431 -0.00105198 -0.00713003 0.0186464
internal_weight=20318 1962 575 399 1387 176
internal_count=20318 1962 575 399 1387 176
is_linear=0
shrinkage=0.05


Tree=479
num_leaves=7
num_cat=0
split_feature=41 26 45 49 55 21
split_gain=10.3755 24.9782 21.0063 35.3947 26.1403 26.5696
threshold=0.096453960984945311 -0.14498984813690183 0.11755584925413133 0.55599379539489757 3.9500838518142705 0.72499999403953563
decision_type=2 2 2 2 8 2
left_child=1 -1 3 4 -2 -6
right_child=2 -3 -4 -5 5 -7
leaf_value=0.00039808535334147089 0.00071436606275885283 1.041932012595026e-05 1.3218381025391097e-05 7.9858980707818442e-05 -0.00010477260873896217 -0.00031478614360378458
leaf_weight=142 75 12303 4600 924 1380 790
leaf_count=142 75 12303 4600 924 1380 790
internal_value=-0.000166922 0.00110241 -0.00122524 -0.0043557 -0.00774444 -0.00877011
internal_weight=20214 12445 7769 3169 2245 2170
internal_count=20214 12445 7769 3169 2245 2170
is_linear=0
shrinkage=0.05


Tree=480
num_leaves=7
num_cat=0
split_feature=50 47 38 6 44 40
split_gain=10.7706 21.1217 23.6063 22.326 22.1577 21.0414
threshold=-0.41954444348812098 0.67911732196807872 -0.010783429723232983 0.3905277699232102 0.13443547487258914 0.037084706127643592
decision_type=2 2 2 2 2 2
left_child=1 3 -3 -1 -5 -4
right_child=-2 2 5 4 -6 -7
leaf_value=0.000216498666817086 -1.3766001497405603e-05 8.0960469638308519e-05 -0.00012275355137950634 0.00024756125529304889 -0.00056067183568598666 -5.245563497520596e-06
leaf_weight=274 12725 1738 189 165 52 5202
leaf_count=274 12725 1738 189 165 52 5202
internal_value=-8.72236e-05 0.00136066 0.000662321 0.0113407 -0.000563063 -0.00096831
internal_weight=20345 7620 7129 491 217 5391
internal_count=20345 7620 7129 491 217 5391
is_linear=0
shrinkage=0.05


Tree=481
num_leaves=7
num_cat=0
split_feature=36 1 1 4 48 36
split_gain=7.45019 28.5143 25.8991 12.6969 9.16925 26.8503
threshold=-0.92299509048461903 0.06978007405996324 -0.0016509144916199146 0.29138901829719549 -0.3714329302310943 -0.81429818272590626
decision_type=2 2 2 2 2 2
left_child=1 2 -1 -4 5 -2
right_child=4 -3 3 -5 -6 -7
leaf_value=-0.00010163262090107412 -0.00036185353973873513 -0.00042295597864761459 0.00064091715365060772 7.2508671118988281e-05 1.5391838086872812e-05 -6.5261655340698861e-06
leaf_weight=73 358 70 134 52 11607 8057
leaf_count=73 358 70 134 52 11607 8057
internal_value=-5.281e-05 0.00755988 0.0152462 0.025 2.87112e-05 -0.00122625
internal_weight=20351 329 259 186 20022 8415
internal_count=20351 329 259 186 20022 8415
is_linear=0
shrinkage=0.05


Tree=482
num_leaves=7
num_cat=0
split_feature=23 57 45 30 50 39
split_gain=9.3342 21.6014 20.213 13.0115 12.0644 10.3752
threshold=0.03820211440324784 -6.2392630297836141e-06 0.092419188469648375 85.650119781494155 0.56724190711975109 0.04203187674283982
decision_type=2 8 2 2 2 2
left_child=3 -2 -3 -1 -4 -6
right_child=1 2 4 -5 5 -7
leaf_value=-1.8229958529266193e-06 -0.00032080495059395116 0.00068132609914195268 0.00024035738066443245 -0.00021030175628089347 -0.0001311359255648749 0.00021395353542383975
leaf_weight=19359 123 123 142 208 180 91
leaf_count=19359 123 123 142 208 180 91
internal_value=-8.65009e-06 0.00576054 0.0101201 -0.000266963 0.00460526 -0.00153986
internal_weight=20226 659 536 19567 413 271
internal_count=20226 659 536 19567 413 271
is_linear=0
shrinkage=0.05


Tree=483
num_leaves=7
num_cat=0
split_feature=23 2 21 39 4 10
split_gain=9.50947 21.7806 18.7044 16.9118 13.231 11.8576
threshold=0.03820211440324784 0.013508159201592209 0.37500000000000006 0.023713369853794578 0.66413918137550365 0.12189637124538423
decision_type=2 2 2 2 2 2
left_child=-1 2 -2 -3 -5 -4
right_child=1 3 5 4 -6 -7
leaf_value=-3.5262139196546802e-06 -0.00021284624503778188 -0.00055425620285303031 0.00044390997815465009 0.00078965798040587652 -0.00011718800685365672 -0.00024626466454630546
leaf_weight=19671 53 90 323 53 74 54
leaf_count=19671 53 90 323 53 74 54
internal_value=-0.000111942 0.00586656 0.0123563 -0.00686937 0.00473485 0.0162958
internal_weight=20318 647 430 217 127 377
internal_count=20318 647 430 217 127 377
is_linear=0
shrinkage=0.05


Tree=484
num_leaves=7
num_cat=0
split_feature=3 51 27 3 22 47
split_gain=9.60382 29.1151 37.736 28.9827 32.01 30.5714
threshold=0.0090549495071172732 0.0052549096290022143 0.016876255162060264 0.0079711414873600023 0.87500000000000011 0.91279733180999767
decision_type=2 8 2 2 2 2
left_child=3 2 -2 4 -1 -5
right_child=1 -3 -4 5 -6 -7
leaf_value=-3.7827849799177253e-06 -5.4309356462147171e-05 3.9630728394392785e-06 -0.00062090194320820434 -2.1120586123540016e-06 -0.00029570230241776272 0.00018361982763178861
leaf_weight=7297 2172 6957 226 1627 233 1658
leaf_count=7297 2172 6957 226 1627 233 1658
internal_value=-0.00011772 -0.00144498 -0.00619018 0.000741682 -0.000965494 0.00465805
internal_weight=20170 9355 2398 10815 7530 3285
internal_count=20170 9355 2398 10815 7530 3285
is_linear=0
shrinkage=0.05


Tree=485
num_leaves=7
num_cat=0
split_feature=44 45 12 34 3 39
split_gain=8.38967 32.4536 30.9528 27.9956 45.0622 31.2616
threshold=0.06506954133510591 0.050168504938483245 -0.0067161349579691878 -0.67764541506767262 0.0062341783195734033 0.018977742642164234
decision_type=2 2 2 2 2 2
left_child=2 -2 3 -1 5 -5
right_child=1 -3 -4 4 -6 -7
leaf_value=8.3683437721286021e-05 0.00040818298946090144 2.0443825961268218e-06 2.3591248578289105e-05 -8.4485848971652922e-05 -0.00063396504098576188 6.234313138024846e-05
leaf_weight=227 158 18173 1103 287 178 182
leaf_count=227 158 18173 1103 287 178 182
internal_value=-0.000107074 0.000334042 -0.00309031 -0.0100967 -0.0153758 -0.00701477
internal_weight=20308 18331 1977 874 647 469
internal_count=20308 18331 1977 874 647 469
is_linear=0
shrinkage=0.05


Tree=486
num_leaves=7
num_cat=0
split_feature=44 3 51 39 36 7
split_gain=11.1723 33.0169 26.156 22.8277 20.0342 24.9271
threshold=0.06506954133510591 0.0046802100259810695 -0.0093701458536088449 0.016232072375714782 0.38771727681159979 0.88291138410568248
decision_type=2 2 8 2 2 2
left_child=2 3 -1 -2 -4 -6
right_child=1 -3 4 -5 5 -7
leaf_value=0.00019692730295359069 0.00058046818658342059 1.3369846826146588e-06 -7.0020868534839383e-05 -1.5578384226479286e-05 6.1855578461021904e-05 -0.00011196347667322038
leaf_weight=90 105 18136 1225 51 475 136
leaf_count=90 105 18136 1225 51 475 136
internal_value=-5.81022e-05 0.000282833 -0.00371569 0.0228261 -0.00503802 0.00231331
internal_weight=20218 18292 1926 156 1836 611
internal_count=20218 18292 1926 156 1836 611
is_linear=0
shrinkage=0.05


Tree=487
num_leaves=7
num_cat=0
split_feature=46 21 42 15 53 23
split_gain=11.4338 29.6792 38.5462 63.8994 35.7765 32.3865
threshold=1.1389787793159487 0.67499998211860668 0.063182428479194655 0.67499998211860668 0.31775620579719549 -0.01119741704314947
decision_type=2 2 2 2 10 2
left_child=-1 2 5 -4 -3 -2
right_child=1 4 3 -5 -6 -7
leaf_value=8.3673195563716252e-06 0.0003349278898215848 0.00010513933584351941 -0.00042934373148063453 6.5838295018293095e-05 -0.00034700391597466832 -1.4279343191040978e-05
leaf_weight=17106 132 1374 748 320 176 522
leaf_count=17106 132 1374 748 320 176 522
internal_value=-0.000141049 -0.0027693 -0.00728141 -0.0131174 0.00223473 0.00223824
internal_weight=20378 3272 1722 1068 1550 654
internal_count=20378 3272 1722 1068 1550 654
is_linear=0
shrinkage=0.05


Tree=488
num_leaves=7
num_cat=0
split_feature=56 51 53 1 6 56
split_gain=10.2794 21.1992 19.0247 10.516 9.87338 15.4767
threshold=0.001038842252455652 0.0052549096290022143 -0.1890839487314224 -0.0016509144916199146 0.98390597105026256 0.00029995200748089706
decision_type=10 8 10 2 2 10
left_child=4 2 -2 -3 -1 -6
right_child=1 3 -4 -5 5 -7
leaf_value=8.4217824947156529e-06 -9.210746923223204e-05 0.00021499119675406458 -0.00065620892154328149 -7.7321913311931875e-05 -3.312683578082076e-05 -0.00042911913904465897
leaf_weight=18181 337 114 100 109 1238 61
leaf_count=18181 337 114 100 109 1238 61
internal_value=-0.000127823 -0.00612782 -0.0125 0.00625 0.000193739 -0.0040069
internal_weight=20140 660 437 223 19480 1299
internal_count=20140 660 437 223 19480 1299
is_linear=0
shrinkage=0.05


Tree=489
num_leaves=7
num_cat=0
split_feature=9 8 44 43 40 35
split_gain=11.3896 269.037 3720.98 2186.8 15.9006 45.0329
threshold=-0.085435509681701646 0.050509480759501464 0.13893798738718036 0.17918710410594943 0.16017320752143863 -0.020020110532641407
decision_type=2 2 2 2 2 2
left_child=4 2 3 -2 5 -1
right_child=1 -3 -4 -5 -6 -7
leaf_value=-0.00041696864504360028 7.1756126392532584e-05 -1.2696922114279142e-06 -7.3080903442187907e-05 -0.00085206712416840795 0.00022300122371467289 2.4325016514857405e-05
leaf_weight=444 0.99999999999999989 17455 109 3 377 1883
leaf_count=160 374 18936 1547 1121 169 676
internal_value=-7.76742e-05 0.000391225 0.0756356 1.05278 -0.00309155 -0.00464194
internal_weight=20272 17568 113 4 2704 2327
internal_count=20272 19059 1604 1495 1213 836
is_linear=0
shrinkage=0.05


Tree=490
num_leaves=7
num_cat=0
split_feature=25 47 38 40 36 12
split_gain=8.31581 21.87 16.9331 14.9949 23.0721 18.6798
threshold=0.011036791838705541 0.60709333419799816 0.032006988301873214 0.08622933924198152 -0.84729376435279835 0.055833566933870322
decision_type=2 2 2 2 2 2
left_child=-1 -2 3 -3 -5 -6
right_child=1 2 -4 4 5 -7
leaf_value=1.0200127954446484e-05 -0.00044285189437243507 -3.9495358690369568e-05 -0.00025206673255989307 -0.00043260120608330495 9.8993618352347603e-05 -1.8508666861000885e-05
leaf_weight=13504 77 2959 218 124 1996 1375
leaf_count=13504 77 2959 218 124 1996 1375
internal_value=-9.74923e-05 -0.00145469 -0.00113449 -0.000661867 0.00155 0.00234745
internal_weight=20253 6749 6672 6454 3495 3371
internal_count=20253 6749 6672 6454 3495 3371
is_linear=0
shrinkage=0.05


Tree=491
num_leaves=7
num_cat=0
split_feature=26 35 39 47 47 55
split_gain=9.82755 33.41 21.4967 35.8949 31.7827 24.1774
threshold=0.097254481166601195 -0.78919404745101918 0.031507467851042754 0.92139577865600597 1.2032244801521303 11.052515506744387
decision_type=2 2 2 2 2 10
left_child=-1 -2 5 -4 -5 -3
right_child=1 2 3 4 -6 -7
leaf_value=-6.0421327160374166e-06 -0.00056758273399063462 9.796982159915443e-05 -0.0005613427562315142 0.00019692305880049624 -0.00019422232417451489 -0.00013088008584525128
leaf_weight=16437 68 2558 148 322 367 382
leaf_count=16437 68 2558 148 322 367 382
internal_value=-9.7353e-05 0.00231818 0.00296801 -0.0040677 0.000756484 0.00498302
internal_weight=20282 3845 3777 837 689 2940
internal_count=20282 3845 3777 837 689 2940
is_linear=0
shrinkage=0.05


Tree=492
num_leaves=7
num_cat=0
split_feature=11 55 36 0 35 18
split_gain=9.91123 15.0793 37.709 39.0266 37.7385 22.0651
threshold=-0.0068539986386895171 96.920238494873061 -0.055148471146821969 0.039052011445164687 0.80127906799316417 0.37500000000000006
decision_type=2 10 2 2 2 2
left_child=1 -1 -3 4 5 -4
right_child=-2 2 3 -5 -6 -7
leaf_value=5.3879459858970975e-05 -9.3035979369395013e-06 0.00010186024547432316 -0.00025369142038617477 0.00030757298443425773 0.00016076582585876917 -0.00054842076165835865
leaf_weight=4425 14303 663 327 147 106 323
leaf_count=4425 14303 663 327 147 106 323
internal_value=-0.000141633 0.00167195 -0.00253024 -0.0091685 -0.0137648 -0.0182824
internal_weight=20294 5991 1566 903 756 650
internal_count=20294 5991 1566 903 756 650
is_linear=0
shrinkage=0.05


Tree=493
num_leaves=7
num_cat=0
split_feature=48 55 40 34 20 27
split_gain=10.5001 27.5579 32.8364 26.3708 21.6928 14.6323
threshold=-1.9397374391555784 17505.730468750004 0.16017320752143863 -0.58022895455360401 0.12500000372529033 -0.0025263399584218855
decision_type=2 10 2 2 2 2
left_child=1 2 3 -1 -3 -5
right_child=-2 4 -4 5 -6 -7
leaf_value=-3.109306909681816e-05 2.289808982023538e-06 -1.7775599157065604e-05 0.0012066479357276427 -0.00043885929926875783 0.00037142035240934662 0.00012551210838120461
leaf_weight=585 18929 71 90 398 118 61
leaf_count=585 18929 71 90 398 118 61
internal_value=-0.000132053 -0.0043863 -0.00735294 -0.00989037 0.0130155 -0.0188039
internal_weight=20252 1323 1134 1044 189 459
internal_count=20252 1323 1134 1044 189 459
is_linear=0
shrinkage=0.05


Tree=494
num_leaves=7
num_cat=0
split_feature=7 5 4 17 13 21
split_gain=9.03953 24.9065 12.356 11.0613 14.7456 13.4845
threshold=0.046736447140574462 0.47465930879116064 -1.2148071527481077 0.075000001117587103 -0.0044105742126703254 0.47499999403953558
decision_type=2 2 2 2 2 2
left_child=1 2 -1 -4 5 -5
right_child=-2 -3 3 4 -6 -7
leaf_value=-0.00016203369695714571 -5.0264180499767429e-06 0.00022507281682805264 -9.5968032597435547e-05 1.9172600763244452e-05 -7.5871405148495894e-05 0.00019464383579350571
leaf_weight=320 17057 122 309 1036 400 999
leaf_count=320 17057 122 309 1036 400 999
internal_value=-0.000137051 0.00249922 0.00158847 0.00268279 0.00382172 0.00555147
internal_weight=20243 3186 3064 2744 2435 2035
internal_count=20243 3186 3064 2744 2435 2035
is_linear=0
shrinkage=0.05


Tree=495
num_leaves=7
num_cat=0
split_feature=1 39 39 26 35 26
split_gain=8.90413 41.5687 33.4292 17.1696 16.7909 23.3322
threshold=0.077267326414585127 0.0071498621255159387 -0.037809183821082108 -0.19512228667736051 0.2002980634570122 -0.15636167675256726
decision_type=2 2 2 2 2 2
left_child=3 2 -2 -1 5 -3
right_child=1 4 -4 -5 -6 -7
leaf_value=-0.00028985557937610866 0.00027771488688654709 0.00069312695337593946 -0.00043258490052340022 8.217415119955591e-06 -0.0001298281281520674 1.7526860250108475e-06
leaf_weight=227 58 149 532 18938 82 156
leaf_count=227 58 149 532 18938 82 156
internal_value=-1.36497e-05 -0.00440428 -0.0127311 0.000476004 0.00822704 0.013629
internal_weight=20142 977 590 19165 387 305
internal_count=20142 977 590 19165 387 305
is_linear=0
shrinkage=0.05


Tree=496
num_leaves=7
num_cat=0
split_feature=6 55 36 39 44 49
split_gain=9.05275 25.8631 19.4174 44.7442 25.6316 19.8024
threshold=0.12437655031681062 81594.937500000015 -0.3860813826322555 0.021782842464745048 0.097202308475971236 -0.79962247610092152
decision_type=2 10 2 2 2 2
left_child=1 2 3 5 -5 -1
right_child=-2 -3 -4 4 -6 -7
leaf_value=-0.00058337864132767365 -1.0604070807580455e-05 0.00034830988593805777 4.8973574994025124e-05 -3.1274542747699017e-05 0.00042919115816771026 -4.6868403991273248e-05
leaf_weight=190 17128 122 2165 468 176 158
leaf_count=190 17128 122 2165 468 176 158
internal_value=-0.000180041 0.00207826 0.00117805 -0.00458877 0.00319723 -0.0189093
internal_weight=20407 3279 3157 992 644 348
internal_count=20407 3279 3157 992 644 348
is_linear=0
shrinkage=0.05


Tree=497
num_leaves=7
num_cat=0
split_feature=19 35 21 21 53 20
split_gain=10.5037 21.1422 32.1601 21.5529 25.9808 23.9826
threshold=0.17500000447034839 0.76225727796554577 0.42499999701976782 0.27500000596046453 0.087553210556507124 0.37500000000000006
decision_type=2 2 2 2 8 2
left_child=-1 -2 3 5 -5 -3
right_child=1 2 -4 4 -6 -7
leaf_value=-3.7200975060396908e-05 1.0588844539675177e-05 0.0001919315164031544 -0.00038013388184386773 0.00043387356747171327 -0.00010641773771191072 -0.0002559758523193899
leaf_weight=3063 16484 98 183 85 122 312
leaf_count=3063 16484 98 183 85 122 312
internal_value=-0.000111783 0.000362948 -0.00754658 -0.00196945 0.010967 -0.00861446
internal_weight=20347 17284 800 617 207 410
internal_count=20347 17284 800 617 207 410
is_linear=0
shrinkage=0.05


Tree=498
num_leaves=7
num_cat=0
split_feature=36 5 35 22 41 56
split_gain=11.9415 30.2359 23.9796 28.0831 30.9608 22.2283
threshold=0.86527392268180858 0.53447893261909496 0.76225727796554577 0.32500000298023229 0.069758985191583647 0.00011912117042811589
decision_type=2 2 2 2 2 8
left_child=2 5 -1 -4 -5 -2
right_child=1 -3 3 4 -6 -7
leaf_value=2.0791692649433074e-06 -8.012021788201413e-06 -0.00027043031400264463 7.3125766818121711e-05 0.00040809951248556455 -0.00070732587361949692 0.00026697949116883697
leaf_weight=19042 207 117 207 51 233 336
leaf_count=19042 207 117 207 51 233 336
internal_value=-0.000172047 0.00672932 -8.31713e-05 -0.0109375 -0.0210208 0.0117245
internal_weight=20193 660 19533 491 284 543
internal_count=20193 660 19533 491 284 543
is_linear=0
shrinkage=0.05


Tree=499
num_leaves=7
num_cat=0
split_feature=0 39 39 44 44 0
split_gain=6.82429 25.1915 16.7122 27.546 19.1606 20.8582
threshold=0.03297890909016133 -0.054704375565052026 0.044023074209690101 0.090139493346214308 0.096220865845680251 0.063573054969310774
decision_type=2 2 2 2 2 2
left_child=-1 -2 -3 -4 -5 -6
right_child=1 2 3 4 5 -7
leaf_value=-3.875940737524744e-06 0.00074526105792093302 5.546997508947987e-05 -0.00024114174200073231 0.00028913744909816704 0.00014708038689647328 -0.00032573022365470374
leaf_weight=17000 94 2445 296 97 168 158
leaf_count=17000 94 2445 296 97 168 158
internal_value=-0.000112274 0.00216825 0.00138056 -0.00528315 0.00286215 -0.00294562
internal_weight=20258 3258 3164 719 423 326
internal_count=20258 3258 3164 719 423 326
is_linear=0
shrinkage=0.05


end of trees

feature_importances:
usd_beta_21d=184
usd_beta_63d=149
vol_gk_252d=141
usd_factor_63d=135
kalman_smoothness=131
vol_ratio_63_252=109
rank_vol_63d=103
vol_ratio_21_63=102
vol_gk_126d=101
kalman_trend=97
vol_gk_63d=93
accel_21_63=92
usd_factor_21d=85
kalman_slope_zscore=83
ret_252d=82
zscore_126d=78
avg_range_63d=77
vol_cc_63d=76
mom_skip_recent=67
rank_vol_21d=59
price_to_ma_252d=55
accel_63_126=52
vol_cc_21d=50
vol_gk_21d=46
ret_63d=44
ret_126d=43
sharpe_126d=43
avg_range_21d=39
ret_10d=35
ret_42d=34
channel_pos_126d=33
price_to_ma_63d=30
zscore_21d=29
kalman_slope=29
zscore_63d=28
price_to_ma_21d=26
channel_pos_21d=25
rank_ret_126d=25
ret_21d=25
rank_ret_63d=23
rsi_14d=21
rank_sharpe_126d=20
carry_proxy=19
bollinger_pctb_21d=18
max_dd_63d=18
hmm_regime_prob_risk_off=18
sharpe_21d=17
rank_sharpe_63d=15
rsi_63d=15
ret_5d=11
arima_forecast=11
usd_factor_1d=10
channel_pos_63d=8
kalman_innovation=8
hmm_regime_transition_5d=8
rank_ret_21d=7
rank_sharpe_21d=6
rank_carry_proxy=5
sharpe_63d=4
arima_residual_zscore=2
arima_residual=1

parameters:
[boosting: gbdt]
[objective: regression_l1]
[metric: custom]
[tree_learner: serial]
[device_type: cuda]
[data_sample_strategy: bagging]
[data: ]
[valid: ]
[num_iterations: 500]
[learning_rate: 0.05]
[num_leaves: 7]
[num_threads: 0]
[seed: 42]
[deterministic: 0]
[force_col_wise: 0]
[force_row_wise: 1]
[histogram_pool_size: -1]
[max_depth: -1]
[min_data_in_leaf: 50]
[min_sum_hessian_in_leaf: 0.001]
[bagging_fraction: 0.8]
[pos_bagging_fraction: 1]
[neg_bagging_fraction: 1]
[bagging_freq: 1]
[bagging_seed: 400]
[bagging_by_query: 0]
[feature_fraction: 0.7]
[feature_fraction_bynode: 1]
[feature_fraction_seed: 30056]
[extra_trees: 0]
[extra_seed: 12879]
[early_stopping_round: 0]
[early_stopping_min_delta: 0]
[first_metric_only: 0]
[max_delta_step: 0]
[lambda_l1: 0.5]
[lambda_l2: 5]
[linear_lambda: 0]
[min_gain_to_split: 0]
[drop_rate: 0.1]
[max_drop: 50]
[skip_drop: 0.5]
[xgboost_dart_mode: 0]
[uniform_drop: 0]
[drop_seed: 17869]
[top_rate: 0.2]
[other_rate: 0.1]
[min_data_per_group: 100]
[max_cat_threshold: 32]
[cat_l2: 10]
[cat_smooth: 10]
[max_cat_to_onehot: 4]
[top_k: 20]
[monotone_constraints: ]
[monotone_constraints_method: basic]
[monotone_penalty: 0]
[feature_contri: ]
[forcedsplits_filename: ]
[refit_decay_rate: 0.9]
[cegb_tradeoff: 1]
[cegb_penalty_split: 0]
[cegb_penalty_feature_lazy: ]
[cegb_penalty_feature_coupled: ]
[path_smooth: 0]
[interaction_constraints: ]
[verbosity: -1]
[saved_feature_importance_type: 0]
[use_quantized_grad: 0]
[num_grad_quant_bins: 4]
[quant_train_renew_leaf: 0]
[stochastic_rounding: 1]
[linear_tree: 0]
[max_bin: 63]
[max_bin_by_feature: ]
[min_data_in_bin: 3]
[bin_construct_sample_cnt: 200000]
[data_random_seed: 175]
[is_enable_sparse: 1]
[enable_bundle: 1]
[use_missing: 1]
[zero_as_missing: 0]
[feature_pre_filter: 1]
[pre_partition: 0]
[two_round: 0]
[header: 0]
[label_column: ]
[weight_column: ]
[group_column: ]
[ignore_column: ]
[categorical_feature: ]
[forcedbins_filename: ]
[precise_float_parser: 0]
[parser_config_file: ]
[objective_seed: 16083]
[num_class: 1]
[is_unbalance: 0]
[scale_pos_weight: 1]
[sigmoid: 1]
[boost_from_average: 1]
[reg_sqrt: 0]
[alpha: 0.9]
[fair_c: 1]
[poisson_max_delta_step: 0.7]
[tweedie_variance_power: 1.5]
[lambdarank_truncation_level: 30]
[lambdarank_norm: 1]
[label_gain: ]
[lambdarank_position_bias_regularization: 0]
[eval_at: ]
[multi_error_top_k: 1]
[auc_mu_weights: ]
[num_machines: 1]
[local_listen_port: 12400]
[time_out: 120]
[machine_list_filename: ]
[machines: ]
[gpu_platform_id: -1]
[gpu_device_id: -1]
[gpu_device_id_list: ]
[gpu_use_dp: 0]
[num_gpu: 1]

end of parameters

pandas_categorical:null
